case,split,digit,whole,zeros,layer,control,source_margin,target_margin,patched_margin,margin_effect,target_correct,patched_correct,model,revision
0,discovery,1,34,3,0,answer_position,1.5,-0.75,-0.75,0.0,False,False,meta-llama/Meta-Llama-3.1-8B-Instruct,0e9e39f249a16976918f6564b8830bc894c89659
0,discovery,1,34,3,0,number_tokens,1.5,-0.75,-0.875,-0.125,False,False,meta-llama/Meta-Llama-3.1-8B-Instruct,0e9e39f249a16976918f6564b8830bc894c89659
0,discovery,1,34,3,0,random_positions,1.5,-0.75,-0.75,0.0,False,False,meta-llama/Meta-Llama-3.1-8B-Instruct,0e9e39f249a16976918f6564b8830bc894c89659
0,discovery,1,34,3,1,answer_position,1.5,-0.75,-0.875,-0.125,False,False,meta-llama/Meta-Llama-3.1-8B-Instruct,0e9e39f249a16976918f6564b8830bc894c89659
0,discovery,1,34,3,1,number_tokens,1.5,-0.75,-1.25,-0.5,False,False,meta-llama/Meta-Llama-3.1-8B-Instruct,0e9e39f249a16976918f6564b8830bc894c89659
0,discovery,1,34,3,1,random_positions,1.5,-0.75,-0.625,0.125,False,False,meta-llama/Meta-Llama-3.1-8B-Instruct,0e9e39f249a16976918f6564b8830bc894c89659
0,discovery,1,34,3,2,answer_position,1.5,-0.75,-0.75,0.0,False,False,meta-llama/Meta-Llama-3.1-8B-Instruct,0e9e39f249a16976918f6564b8830bc894c89659
0,discovery,1,34,3,2,number_tokens,1.5,-0.75,-5.5,-4.75,False,False,meta-llama/Meta-Llama-3.1-8B-Instruct,0e9e39f249a16976918f6564b8830bc894c89659
0,discovery,1,34,3,2,random_positions,1.5,-0.75,-0.75,0.0,False,False,meta-llama/Meta-Llama-3.1-8B-Instruct,0e9e39f249a16976918f6564b8830bc894c89659
0,discovery,1,34,3,3,answer_position,1.5,-0.75,-0.875,-0.125,False,False,meta-llama/Meta-Llama-3.1-8B-Instruct,0e9e39f249a16976918f6564b8830bc894c89659
0,discovery,1,34,3,3,number_tokens,1.5,-0.75,-4.875,-4.125,False,False,meta-llama/Meta-Llama-3.1-8B-Instruct,0e9e39f249a16976918f6564b8830bc894c89659
0,discovery,1,34,3,3,random_positions,1.5,-0.75,-0.625,0.125,False,False,meta-llama/Meta-Llama-3.1-8B-Instruct,0e9e39f249a16976918f6564b8830bc894c89659
0,discovery,1,34,3,4,answer_position,1.5,-0.75,-0.75,0.0,False,False,meta-llama/Meta-Llama-3.1-8B-Instruct,0e9e39f249a16976918f6564b8830bc894c89659
0,discovery,1,34,3,4,number_tokens,1.5,-0.75,-4.25,-3.5,False,False,meta-llama/Meta-Llama-3.1-8B-Instruct,0e9e39f249a16976918f6564b8830bc894c89659
0,discovery,1,34,3,4,random_positions,1.5,-0.75,-0.625,0.125,False,False,meta-llama/Meta-Llama-3.1-8B-Instruct,0e9e39f249a16976918f6564b8830bc894c89659
0,discovery,1,34,3,5,answer_position,1.5,-0.75,-0.75,0.0,False,False,meta-llama/Meta-Llama-3.1-8B-Instruct,0e9e39f249a16976918f6564b8830bc894c89659
0,discovery,1,34,3,5,number_tokens,1.5,-0.75,-5.125,-4.375,False,False,meta-llama/Meta-Llama-3.1-8B-Instruct,0e9e39f249a16976918f6564b8830bc894c89659
0,discovery,1,34,3,5,random_positions,1.5,-0.75,-0.5,0.25,False,False,meta-llama/Meta-Llama-3.1-8B-Instruct,0e9e39f249a16976918f6564b8830bc894c89659
0,discovery,1,34,3,6,answer_position,1.5,-0.75,-0.875,-0.125,False,False,meta-llama/Meta-Llama-3.1-8B-Instruct,0e9e39f249a16976918f6564b8830bc894c89659
0,discovery,1,34,3,6,number_tokens,1.5,-0.75,-4.0,-3.25,False,False,meta-llama/Meta-Llama-3.1-8B-Instruct,0e9e39f249a16976918f6564b8830bc894c89659
0,discovery,1,34,3,6,random_positions,1.5,-0.75,-0.625,0.125,False,False,meta-llama/Meta-Llama-3.1-8B-Instruct,0e9e39f249a16976918f6564b8830bc894c89659
0,discovery,1,34,3,7,answer_position,1.5,-0.75,-0.75,0.0,False,False,meta-llama/Meta-Llama-3.1-8B-Instruct,0e9e39f249a16976918f6564b8830bc894c89659
0,discovery,1,34,3,7,number_tokens,1.5,-0.75,-2.25,-1.5,False,False,meta-llama/Meta-Llama-3.1-8B-Instruct,0e9e39f249a16976918f6564b8830bc894c89659
0,discovery,1,34,3,7,random_positions,1.5,-0.75,-0.625,0.125,False,False,meta-llama/Meta-Llama-3.1-8B-Instruct,0e9e39f249a16976918f6564b8830bc894c89659
0,discovery,1,34,3,8,answer_position,1.5,-0.75,-0.75,0.0,False,False,meta-llama/Meta-Llama-3.1-8B-Instruct,0e9e39f249a16976918f6564b8830bc894c89659
0,discovery,1,34,3,8,number_tokens,1.5,-0.75,-1.75,-1.0,False,False,meta-llama/Meta-Llama-3.1-8B-Instruct,0e9e39f249a16976918f6564b8830bc894c89659
0,discovery,1,34,3,8,random_positions,1.5,-0.75,-0.5,0.25,False,False,meta-llama/Meta-Llama-3.1-8B-Instruct,0e9e39f249a16976918f6564b8830bc894c89659
0,discovery,1,34,3,9,answer_position,1.5,-0.75,-0.75,0.0,False,False,meta-llama/Meta-Llama-3.1-8B-Instruct,0e9e39f249a16976918f6564b8830bc894c89659
0,discovery,1,34,3,9,number_tokens,1.5,-0.75,-1.625,-0.875,False,False,meta-llama/Meta-Llama-3.1-8B-Instruct,0e9e39f249a16976918f6564b8830bc894c89659
0,discovery,1,34,3,9,random_positions,1.5,-0.75,-0.5,0.25,False,False,meta-llama/Meta-Llama-3.1-8B-Instruct,0e9e39f249a16976918f6564b8830bc894c89659
0,discovery,1,34,3,10,answer_position,1.5,-0.75,-0.75,0.0,False,False,meta-llama/Meta-Llama-3.1-8B-Instruct,0e9e39f249a16976918f6564b8830bc894c89659
0,discovery,1,34,3,10,number_tokens,1.5,-0.75,-1.0,-0.25,False,False,meta-llama/Meta-Llama-3.1-8B-Instruct,0e9e39f249a16976918f6564b8830bc894c89659
0,discovery,1,34,3,10,random_positions,1.5,-0.75,-0.5,0.25,False,False,meta-llama/Meta-Llama-3.1-8B-Instruct,0e9e39f249a16976918f6564b8830bc894c89659
0,discovery,1,34,3,11,answer_position,1.5,-0.75,-0.875,-0.125,False,False,meta-llama/Meta-Llama-3.1-8B-Instruct,0e9e39f249a16976918f6564b8830bc894c89659
0,discovery,1,34,3,11,number_tokens,1.5,-0.75,-0.75,0.0,False,False,meta-llama/Meta-Llama-3.1-8B-Instruct,0e9e39f249a16976918f6564b8830bc894c89659
0,discovery,1,34,3,11,random_positions,1.5,-0.75,-0.625,0.125,False,False,meta-llama/Meta-Llama-3.1-8B-Instruct,0e9e39f249a16976918f6564b8830bc894c89659
0,discovery,1,34,3,12,answer_position,1.5,-0.75,-0.75,0.0,False,False,meta-llama/Meta-Llama-3.1-8B-Instruct,0e9e39f249a16976918f6564b8830bc894c89659
0,discovery,1,34,3,12,number_tokens,1.5,-0.75,-0.875,-0.125,False,False,meta-llama/Meta-Llama-3.1-8B-Instruct,0e9e39f249a16976918f6564b8830bc894c89659
0,discovery,1,34,3,12,random_positions,1.5,-0.75,-0.625,0.125,False,False,meta-llama/Meta-Llama-3.1-8B-Instruct,0e9e39f249a16976918f6564b8830bc894c89659
0,discovery,1,34,3,13,answer_position,1.5,-0.75,-0.625,0.125,False,False,meta-llama/Meta-Llama-3.1-8B-Instruct,0e9e39f249a16976918f6564b8830bc894c89659
0,discovery,1,34,3,13,number_tokens,1.5,-0.75,-0.625,0.125,False,False,meta-llama/Meta-Llama-3.1-8B-Instruct,0e9e39f249a16976918f6564b8830bc894c89659
0,discovery,1,34,3,13,random_positions,1.5,-0.75,-0.75,0.0,False,False,meta-llama/Meta-Llama-3.1-8B-Instruct,0e9e39f249a16976918f6564b8830bc894c89659
0,discovery,1,34,3,14,answer_position,1.5,-0.75,-0.5,0.25,False,False,meta-llama/Meta-Llama-3.1-8B-Instruct,0e9e39f249a16976918f6564b8830bc894c89659
0,discovery,1,34,3,14,number_tokens,1.5,-0.75,-0.625,0.125,False,False,meta-llama/Meta-Llama-3.1-8B-Instruct,0e9e39f249a16976918f6564b8830bc894c89659
0,discovery,1,34,3,14,random_positions,1.5,-0.75,-1.0,-0.25,False,False,meta-llama/Meta-Llama-3.1-8B-Instruct,0e9e39f249a16976918f6564b8830bc894c89659
0,discovery,1,34,3,15,answer_position,1.5,-0.75,-0.75,0.0,False,False,meta-llama/Meta-Llama-3.1-8B-Instruct,0e9e39f249a16976918f6564b8830bc894c89659
0,discovery,1,34,3,15,number_tokens,1.5,-0.75,-0.875,-0.125,False,False,meta-llama/Meta-Llama-3.1-8B-Instruct,0e9e39f249a16976918f6564b8830bc894c89659
0,discovery,1,34,3,15,random_positions,1.5,-0.75,-0.75,0.0,False,False,meta-llama/Meta-Llama-3.1-8B-Instruct,0e9e39f249a16976918f6564b8830bc894c89659
0,discovery,1,34,3,16,answer_position,1.5,-0.75,-1.25,-0.5,False,False,meta-llama/Meta-Llama-3.1-8B-Instruct,0e9e39f249a16976918f6564b8830bc894c89659
0,discovery,1,34,3,16,number_tokens,1.5,-0.75,-0.875,-0.125,False,False,meta-llama/Meta-Llama-3.1-8B-Instruct,0e9e39f249a16976918f6564b8830bc894c89659
0,discovery,1,34,3,16,random_positions,1.5,-0.75,-0.875,-0.125,False,False,meta-llama/Meta-Llama-3.1-8B-Instruct,0e9e39f249a16976918f6564b8830bc894c89659
0,discovery,1,34,3,17,answer_position,1.5,-0.75,1.25,2.0,False,True,meta-llama/Meta-Llama-3.1-8B-Instruct,0e9e39f249a16976918f6564b8830bc894c89659
0,discovery,1,34,3,17,number_tokens,1.5,-0.75,-0.75,0.0,False,False,meta-llama/Meta-Llama-3.1-8B-Instruct,0e9e39f249a16976918f6564b8830bc894c89659
0,discovery,1,34,3,17,random_positions,1.5,-0.75,-0.875,-0.125,False,False,meta-llama/Meta-Llama-3.1-8B-Instruct,0e9e39f249a16976918f6564b8830bc894c89659
0,discovery,1,34,3,18,answer_position,1.5,-0.75,1.375,2.125,False,True,meta-llama/Meta-Llama-3.1-8B-Instruct,0e9e39f249a16976918f6564b8830bc894c89659
0,discovery,1,34,3,18,number_tokens,1.5,-0.75,-0.875,-0.125,False,False,meta-llama/Meta-Llama-3.1-8B-Instruct,0e9e39f249a16976918f6564b8830bc894c89659
0,discovery,1,34,3,18,random_positions,1.5,-0.75,-0.875,-0.125,False,False,meta-llama/Meta-Llama-3.1-8B-Instruct,0e9e39f249a16976918f6564b8830bc894c89659
0,discovery,1,34,3,19,answer_position,1.5,-0.75,1.375,2.125,False,True,meta-llama/Meta-Llama-3.1-8B-Instruct,0e9e39f249a16976918f6564b8830bc894c89659
0,discovery,1,34,3,19,number_tokens,1.5,-0.75,-0.75,0.0,False,False,meta-llama/Meta-Llama-3.1-8B-Instruct,0e9e39f249a16976918f6564b8830bc894c89659
0,discovery,1,34,3,19,random_positions,1.5,-0.75,-0.875,-0.125,False,False,meta-llama/Meta-Llama-3.1-8B-Instruct,0e9e39f249a16976918f6564b8830bc894c89659
0,discovery,1,34,3,20,answer_position,1.5,-0.75,1.375,2.125,False,True,meta-llama/Meta-Llama-3.1-8B-Instruct,0e9e39f249a16976918f6564b8830bc894c89659
0,discovery,1,34,3,20,number_tokens,1.5,-0.75,-0.75,0.0,False,False,meta-llama/Meta-Llama-3.1-8B-Instruct,0e9e39f249a16976918f6564b8830bc894c89659
0,discovery,1,34,3,20,random_positions,1.5,-0.75,-0.75,0.0,False,False,meta-llama/Meta-Llama-3.1-8B-Instruct,0e9e39f249a16976918f6564b8830bc894c89659
0,discovery,1,34,3,21,answer_position,1.5,-0.75,1.375,2.125,False,True,meta-llama/Meta-Llama-3.1-8B-Instruct,0e9e39f249a16976918f6564b8830bc894c89659
0,discovery,1,34,3,21,number_tokens,1.5,-0.75,-0.75,0.0,False,False,meta-llama/Meta-Llama-3.1-8B-Instruct,0e9e39f249a16976918f6564b8830bc894c89659
0,discovery,1,34,3,21,random_positions,1.5,-0.75,-0.875,-0.125,False,False,meta-llama/Meta-Llama-3.1-8B-Instruct,0e9e39f249a16976918f6564b8830bc894c89659
0,discovery,1,34,3,22,answer_position,1.5,-0.75,1.375,2.125,False,True,meta-llama/Meta-Llama-3.1-8B-Instruct,0e9e39f249a16976918f6564b8830bc894c89659
0,discovery,1,34,3,22,number_tokens,1.5,-0.75,-0.875,-0.125,False,False,meta-llama/Meta-Llama-3.1-8B-Instruct,0e9e39f249a16976918f6564b8830bc894c89659
0,discovery,1,34,3,22,random_positions,1.5,-0.75,-0.75,0.0,False,False,meta-llama/Meta-Llama-3.1-8B-Instruct,0e9e39f249a16976918f6564b8830bc894c89659
0,discovery,1,34,3,23,answer_position,1.5,-0.75,1.375,2.125,False,True,meta-llama/Meta-Llama-3.1-8B-Instruct,0e9e39f249a16976918f6564b8830bc894c89659
0,discovery,1,34,3,23,number_tokens,1.5,-0.75,-0.875,-0.125,False,False,meta-llama/Meta-Llama-3.1-8B-Instruct,0e9e39f249a16976918f6564b8830bc894c89659
0,discovery,1,34,3,23,random_positions,1.5,-0.75,-0.75,0.0,False,False,meta-llama/Meta-Llama-3.1-8B-Instruct,0e9e39f249a16976918f6564b8830bc894c89659
0,discovery,1,34,3,24,answer_position,1.5,-0.75,1.375,2.125,False,True,meta-llama/Meta-Llama-3.1-8B-Instruct,0e9e39f249a16976918f6564b8830bc894c89659
0,discovery,1,34,3,24,number_tokens,1.5,-0.75,-0.875,-0.125,False,False,meta-llama/Meta-Llama-3.1-8B-Instruct,0e9e39f249a16976918f6564b8830bc894c89659
0,discovery,1,34,3,24,random_positions,1.5,-0.75,-0.75,0.0,False,False,meta-llama/Meta-Llama-3.1-8B-Instruct,0e9e39f249a16976918f6564b8830bc894c89659
0,discovery,1,34,3,25,answer_position,1.5,-0.75,1.375,2.125,False,True,meta-llama/Meta-Llama-3.1-8B-Instruct,0e9e39f249a16976918f6564b8830bc894c89659
0,discovery,1,34,3,25,number_tokens,1.5,-0.75,-0.875,-0.125,False,False,meta-llama/Meta-Llama-3.1-8B-Instruct,0e9e39f249a16976918f6564b8830bc894c89659
0,discovery,1,34,3,25,random_positions,1.5,-0.75,-0.75,0.0,False,False,meta-llama/Meta-Llama-3.1-8B-Instruct,0e9e39f249a16976918f6564b8830bc894c89659
0,discovery,1,34,3,26,answer_position,1.5,-0.75,1.375,2.125,False,True,meta-llama/Meta-Llama-3.1-8B-Instruct,0e9e39f249a16976918f6564b8830bc894c89659
0,discovery,1,34,3,26,number_tokens,1.5,-0.75,-0.75,0.0,False,False,meta-llama/Meta-Llama-3.1-8B-Instruct,0e9e39f249a16976918f6564b8830bc894c89659
0,discovery,1,34,3,26,random_positions,1.5,-0.75,-0.875,-0.125,False,False,meta-llama/Meta-Llama-3.1-8B-Instruct,0e9e39f249a16976918f6564b8830bc894c89659
0,discovery,1,34,3,27,answer_position,1.5,-0.75,1.375,2.125,False,True,meta-llama/Meta-Llama-3.1-8B-Instruct,0e9e39f249a16976918f6564b8830bc894c89659
0,discovery,1,34,3,27,number_tokens,1.5,-0.75,-0.75,0.0,False,False,meta-llama/Meta-Llama-3.1-8B-Instruct,0e9e39f249a16976918f6564b8830bc894c89659
0,discovery,1,34,3,27,random_positions,1.5,-0.75,-0.875,-0.125,False,False,meta-llama/Meta-Llama-3.1-8B-Instruct,0e9e39f249a16976918f6564b8830bc894c89659
0,discovery,1,34,3,28,answer_position,1.5,-0.75,1.5,2.25,False,True,meta-llama/Meta-Llama-3.1-8B-Instruct,0e9e39f249a16976918f6564b8830bc894c89659
0,discovery,1,34,3,28,number_tokens,1.5,-0.75,-0.75,0.0,False,False,meta-llama/Meta-Llama-3.1-8B-Instruct,0e9e39f249a16976918f6564b8830bc894c89659
0,discovery,1,34,3,28,random_positions,1.5,-0.75,-0.875,-0.125,False,False,meta-llama/Meta-Llama-3.1-8B-Instruct,0e9e39f249a16976918f6564b8830bc894c89659
0,discovery,1,34,3,29,answer_position,1.5,-0.75,1.5,2.25,False,True,meta-llama/Meta-Llama-3.1-8B-Instruct,0e9e39f249a16976918f6564b8830bc894c89659
0,discovery,1,34,3,29,number_tokens,1.5,-0.75,-0.875,-0.125,False,False,meta-llama/Meta-Llama-3.1-8B-Instruct,0e9e39f249a16976918f6564b8830bc894c89659
0,discovery,1,34,3,29,random_positions,1.5,-0.75,-0.875,-0.125,False,False,meta-llama/Meta-Llama-3.1-8B-Instruct,0e9e39f249a16976918f6564b8830bc894c89659
0,discovery,1,34,3,30,answer_position,1.5,-0.75,1.375,2.125,False,True,meta-llama/Meta-Llama-3.1-8B-Instruct,0e9e39f249a16976918f6564b8830bc894c89659
0,discovery,1,34,3,30,number_tokens,1.5,-0.75,-0.875,-0.125,False,False,meta-llama/Meta-Llama-3.1-8B-Instruct,0e9e39f249a16976918f6564b8830bc894c89659
0,discovery,1,34,3,30,random_positions,1.5,-0.75,-0.75,0.0,False,False,meta-llama/Meta-Llama-3.1-8B-Instruct,0e9e39f249a16976918f6564b8830bc894c89659
0,discovery,1,34,3,31,answer_position,1.5,-0.75,1.5,2.25,False,True,meta-llama/Meta-Llama-3.1-8B-Instruct,0e9e39f249a16976918f6564b8830bc894c89659
0,discovery,1,34,3,31,number_tokens,1.5,-0.75,-0.75,0.0,False,False,meta-llama/Meta-Llama-3.1-8B-Instruct,0e9e39f249a16976918f6564b8830bc894c89659
0,discovery,1,34,3,31,random_positions,1.5,-0.75,-0.75,0.0,False,False,meta-llama/Meta-Llama-3.1-8B-Instruct,0e9e39f249a16976918f6564b8830bc894c89659
1,discovery,1,35,4,0,answer_position,1.875,-1.0,-1.0,0.0,False,False,meta-llama/Meta-Llama-3.1-8B-Instruct,0e9e39f249a16976918f6564b8830bc894c89659
1,discovery,1,35,4,0,number_tokens,1.875,-1.0,-1.0,0.0,False,False,meta-llama/Meta-Llama-3.1-8B-Instruct,0e9e39f249a16976918f6564b8830bc894c89659
1,discovery,1,35,4,0,random_positions,1.875,-1.0,-0.875,0.125,False,False,meta-llama/Meta-Llama-3.1-8B-Instruct,0e9e39f249a16976918f6564b8830bc894c89659
1,discovery,1,35,4,1,answer_position,1.875,-1.0,-0.875,0.125,False,False,meta-llama/Meta-Llama-3.1-8B-Instruct,0e9e39f249a16976918f6564b8830bc894c89659
1,discovery,1,35,4,1,number_tokens,1.875,-1.0,-1.25,-0.25,False,False,meta-llama/Meta-Llama-3.1-8B-Instruct,0e9e39f249a16976918f6564b8830bc894c89659
1,discovery,1,35,4,1,random_positions,1.875,-1.0,-0.875,0.125,False,False,meta-llama/Meta-Llama-3.1-8B-Instruct,0e9e39f249a16976918f6564b8830bc894c89659
1,discovery,1,35,4,2,answer_position,1.875,-1.0,-1.0,0.0,False,False,meta-llama/Meta-Llama-3.1-8B-Instruct,0e9e39f249a16976918f6564b8830bc894c89659
1,discovery,1,35,4,2,number_tokens,1.875,-1.0,-3.875,-2.875,False,False,meta-llama/Meta-Llama-3.1-8B-Instruct,0e9e39f249a16976918f6564b8830bc894c89659
1,discovery,1,35,4,2,random_positions,1.875,-1.0,-1.0,0.0,False,False,meta-llama/Meta-Llama-3.1-8B-Instruct,0e9e39f249a16976918f6564b8830bc894c89659
1,discovery,1,35,4,3,answer_position,1.875,-1.0,-1.0,0.0,False,False,meta-llama/Meta-Llama-3.1-8B-Instruct,0e9e39f249a16976918f6564b8830bc894c89659
1,discovery,1,35,4,3,number_tokens,1.875,-1.0,-3.625,-2.625,False,False,meta-llama/Meta-Llama-3.1-8B-Instruct,0e9e39f249a16976918f6564b8830bc894c89659
1,discovery,1,35,4,3,random_positions,1.875,-1.0,-1.0,0.0,False,False,meta-llama/Meta-Llama-3.1-8B-Instruct,0e9e39f249a16976918f6564b8830bc894c89659
1,discovery,1,35,4,4,answer_position,1.875,-1.0,-0.875,0.125,False,False,meta-llama/Meta-Llama-3.1-8B-Instruct,0e9e39f249a16976918f6564b8830bc894c89659
1,discovery,1,35,4,4,number_tokens,1.875,-1.0,-3.0,-2.0,False,False,meta-llama/Meta-Llama-3.1-8B-Instruct,0e9e39f249a16976918f6564b8830bc894c89659
1,discovery,1,35,4,4,random_positions,1.875,-1.0,-1.0,0.0,False,False,meta-llama/Meta-Llama-3.1-8B-Instruct,0e9e39f249a16976918f6564b8830bc894c89659
1,discovery,1,35,4,5,answer_position,1.875,-1.0,-0.875,0.125,False,False,meta-llama/Meta-Llama-3.1-8B-Instruct,0e9e39f249a16976918f6564b8830bc894c89659
1,discovery,1,35,4,5,number_tokens,1.875,-1.0,-3.375,-2.375,False,False,meta-llama/Meta-Llama-3.1-8B-Instruct,0e9e39f249a16976918f6564b8830bc894c89659
1,discovery,1,35,4,5,random_positions,1.875,-1.0,-0.875,0.125,False,False,meta-llama/Meta-Llama-3.1-8B-Instruct,0e9e39f249a16976918f6564b8830bc894c89659
1,discovery,1,35,4,6,answer_position,1.875,-1.0,-1.0,0.0,False,False,meta-llama/Meta-Llama-3.1-8B-Instruct,0e9e39f249a16976918f6564b8830bc894c89659
1,discovery,1,35,4,6,number_tokens,1.875,-1.0,-2.625,-1.625,False,False,meta-llama/Meta-Llama-3.1-8B-Instruct,0e9e39f249a16976918f6564b8830bc894c89659
1,discovery,1,35,4,6,random_positions,1.875,-1.0,-1.0,0.0,False,False,meta-llama/Meta-Llama-3.1-8B-Instruct,0e9e39f249a16976918f6564b8830bc894c89659
1,discovery,1,35,4,7,answer_position,1.875,-1.0,-0.875,0.125,False,False,meta-llama/Meta-Llama-3.1-8B-Instruct,0e9e39f249a16976918f6564b8830bc894c89659
1,discovery,1,35,4,7,number_tokens,1.875,-1.0,-2.0,-1.0,False,False,meta-llama/Meta-Llama-3.1-8B-Instruct,0e9e39f249a16976918f6564b8830bc894c89659
1,discovery,1,35,4,7,random_positions,1.875,-1.0,-1.0,0.0,False,False,meta-llama/Meta-Llama-3.1-8B-Instruct,0e9e39f249a16976918f6564b8830bc894c89659
1,discovery,1,35,4,8,answer_position,1.875,-1.0,-0.875,0.125,False,False,meta-llama/Meta-Llama-3.1-8B-Instruct,0e9e39f249a16976918f6564b8830bc894c89659
1,discovery,1,35,4,8,number_tokens,1.875,-1.0,-1.75,-0.75,False,False,meta-llama/Meta-Llama-3.1-8B-Instruct,0e9e39f249a16976918f6564b8830bc894c89659
1,discovery,1,35,4,8,random_positions,1.875,-1.0,-1.0,0.0,False,False,meta-llama/Meta-Llama-3.1-8B-Instruct,0e9e39f249a16976918f6564b8830bc894c89659
1,discovery,1,35,4,9,answer_position,1.875,-1.0,-1.0,0.0,False,False,meta-llama/Meta-Llama-3.1-8B-Instruct,0e9e39f249a16976918f6564b8830bc894c89659
1,discovery,1,35,4,9,number_tokens,1.875,-1.0,-1.5,-0.5,False,False,meta-llama/Meta-Llama-3.1-8B-Instruct,0e9e39f249a16976918f6564b8830bc894c89659
1,discovery,1,35,4,9,random_positions,1.875,-1.0,-0.875,0.125,False,False,meta-llama/Meta-Llama-3.1-8B-Instruct,0e9e39f249a16976918f6564b8830bc894c89659
1,discovery,1,35,4,10,answer_position,1.875,-1.0,-1.0,0.0,False,False,meta-llama/Meta-Llama-3.1-8B-Instruct,0e9e39f249a16976918f6564b8830bc894c89659
1,discovery,1,35,4,10,number_tokens,1.875,-1.0,-1.125,-0.125,False,False,meta-llama/Meta-Llama-3.1-8B-Instruct,0e9e39f249a16976918f6564b8830bc894c89659
1,discovery,1,35,4,10,random_positions,1.875,-1.0,-1.0,0.0,False,False,meta-llama/Meta-Llama-3.1-8B-Instruct,0e9e39f249a16976918f6564b8830bc894c89659
1,discovery,1,35,4,11,answer_position,1.875,-1.0,-0.875,0.125,False,False,meta-llama/Meta-Llama-3.1-8B-Instruct,0e9e39f249a16976918f6564b8830bc894c89659
1,discovery,1,35,4,11,number_tokens,1.875,-1.0,-0.625,0.375,False,False,meta-llama/Meta-Llama-3.1-8B-Instruct,0e9e39f249a16976918f6564b8830bc894c89659
1,discovery,1,35,4,11,random_positions,1.875,-1.0,-1.0,0.0,False,False,meta-llama/Meta-Llama-3.1-8B-Instruct,0e9e39f249a16976918f6564b8830bc894c89659
1,discovery,1,35,4,12,answer_position,1.875,-1.0,-1.0,0.0,False,False,meta-llama/Meta-Llama-3.1-8B-Instruct,0e9e39f249a16976918f6564b8830bc894c89659
1,discovery,1,35,4,12,number_tokens,1.875,-1.0,-0.75,0.25,False,False,meta-llama/Meta-Llama-3.1-8B-Instruct,0e9e39f249a16976918f6564b8830bc894c89659
1,discovery,1,35,4,12,random_positions,1.875,-1.0,-0.875,0.125,False,False,meta-llama/Meta-Llama-3.1-8B-Instruct,0e9e39f249a16976918f6564b8830bc894c89659
1,discovery,1,35,4,13,answer_position,1.875,-1.0,-0.75,0.25,False,False,meta-llama/Meta-Llama-3.1-8B-Instruct,0e9e39f249a16976918f6564b8830bc894c89659
1,discovery,1,35,4,13,number_tokens,1.875,-1.0,-0.75,0.25,False,False,meta-llama/Meta-Llama-3.1-8B-Instruct,0e9e39f249a16976918f6564b8830bc894c89659
1,discovery,1,35,4,13,random_positions,1.875,-1.0,-1.0,0.0,False,False,meta-llama/Meta-Llama-3.1-8B-Instruct,0e9e39f249a16976918f6564b8830bc894c89659
1,discovery,1,35,4,14,answer_position,1.875,-1.0,-0.5,0.5,False,False,meta-llama/Meta-Llama-3.1-8B-Instruct,0e9e39f249a16976918f6564b8830bc894c89659
1,discovery,1,35,4,14,number_tokens,1.875,-1.0,-0.75,0.25,False,False,meta-llama/Meta-Llama-3.1-8B-Instruct,0e9e39f249a16976918f6564b8830bc894c89659
1,discovery,1,35,4,14,random_positions,1.875,-1.0,-0.875,0.125,False,False,meta-llama/Meta-Llama-3.1-8B-Instruct,0e9e39f249a16976918f6564b8830bc894c89659
1,discovery,1,35,4,15,answer_position,1.875,-1.0,-0.25,0.75,False,False,meta-llama/Meta-Llama-3.1-8B-Instruct,0e9e39f249a16976918f6564b8830bc894c89659
1,discovery,1,35,4,15,number_tokens,1.875,-1.0,-1.0,0.0,False,False,meta-llama/Meta-Llama-3.1-8B-Instruct,0e9e39f249a16976918f6564b8830bc894c89659
1,discovery,1,35,4,15,random_positions,1.875,-1.0,-1.0,0.0,False,False,meta-llama/Meta-Llama-3.1-8B-Instruct,0e9e39f249a16976918f6564b8830bc894c89659
1,discovery,1,35,4,16,answer_position,1.875,-1.0,-1.125,-0.125,False,False,meta-llama/Meta-Llama-3.1-8B-Instruct,0e9e39f249a16976918f6564b8830bc894c89659
1,discovery,1,35,4,16,number_tokens,1.875,-1.0,-1.0,0.0,False,False,meta-llama/Meta-Llama-3.1-8B-Instruct,0e9e39f249a16976918f6564b8830bc894c89659
1,discovery,1,35,4,16,random_positions,1.875,-1.0,-1.0,0.0,False,False,meta-llama/Meta-Llama-3.1-8B-Instruct,0e9e39f249a16976918f6564b8830bc894c89659
1,discovery,1,35,4,17,answer_position,1.875,-1.0,1.625,2.625,False,True,meta-llama/Meta-Llama-3.1-8B-Instruct,0e9e39f249a16976918f6564b8830bc894c89659
1,discovery,1,35,4,17,number_tokens,1.875,-1.0,-0.875,0.125,False,False,meta-llama/Meta-Llama-3.1-8B-Instruct,0e9e39f249a16976918f6564b8830bc894c89659
1,discovery,1,35,4,17,random_positions,1.875,-1.0,-0.875,0.125,False,False,meta-llama/Meta-Llama-3.1-8B-Instruct,0e9e39f249a16976918f6564b8830bc894c89659
1,discovery,1,35,4,18,answer_position,1.875,-1.0,1.75,2.75,False,True,meta-llama/Meta-Llama-3.1-8B-Instruct,0e9e39f249a16976918f6564b8830bc894c89659
1,discovery,1,35,4,18,number_tokens,1.875,-1.0,-1.0,0.0,False,False,meta-llama/Meta-Llama-3.1-8B-Instruct,0e9e39f249a16976918f6564b8830bc894c89659
1,discovery,1,35,4,18,random_positions,1.875,-1.0,-0.875,0.125,False,False,meta-llama/Meta-Llama-3.1-8B-Instruct,0e9e39f249a16976918f6564b8830bc894c89659
1,discovery,1,35,4,19,answer_position,1.875,-1.0,1.75,2.75,False,True,meta-llama/Meta-Llama-3.1-8B-Instruct,0e9e39f249a16976918f6564b8830bc894c89659
1,discovery,1,35,4,19,number_tokens,1.875,-1.0,-1.0,0.0,False,False,meta-llama/Meta-Llama-3.1-8B-Instruct,0e9e39f249a16976918f6564b8830bc894c89659
1,discovery,1,35,4,19,random_positions,1.875,-1.0,-0.875,0.125,False,False,meta-llama/Meta-Llama-3.1-8B-Instruct,0e9e39f249a16976918f6564b8830bc894c89659
1,discovery,1,35,4,20,answer_position,1.875,-1.0,1.75,2.75,False,True,meta-llama/Meta-Llama-3.1-8B-Instruct,0e9e39f249a16976918f6564b8830bc894c89659
1,discovery,1,35,4,20,number_tokens,1.875,-1.0,-1.0,0.0,False,False,meta-llama/Meta-Llama-3.1-8B-Instruct,0e9e39f249a16976918f6564b8830bc894c89659
1,discovery,1,35,4,20,random_positions,1.875,-1.0,-1.0,0.0,False,False,meta-llama/Meta-Llama-3.1-8B-Instruct,0e9e39f249a16976918f6564b8830bc894c89659
1,discovery,1,35,4,21,answer_position,1.875,-1.0,1.75,2.75,False,True,meta-llama/Meta-Llama-3.1-8B-Instruct,0e9e39f249a16976918f6564b8830bc894c89659
1,discovery,1,35,4,21,number_tokens,1.875,-1.0,-1.0,0.0,False,False,meta-llama/Meta-Llama-3.1-8B-Instruct,0e9e39f249a16976918f6564b8830bc894c89659
1,discovery,1,35,4,21,random_positions,1.875,-1.0,-0.875,0.125,False,False,meta-llama/Meta-Llama-3.1-8B-Instruct,0e9e39f249a16976918f6564b8830bc894c89659
1,discovery,1,35,4,22,answer_position,1.875,-1.0,1.875,2.875,False,True,meta-llama/Meta-Llama-3.1-8B-Instruct,0e9e39f249a16976918f6564b8830bc894c89659
1,discovery,1,35,4,22,number_tokens,1.875,-1.0,-1.0,0.0,False,False,meta-llama/Meta-Llama-3.1-8B-Instruct,0e9e39f249a16976918f6564b8830bc894c89659
1,discovery,1,35,4,22,random_positions,1.875,-1.0,-0.875,0.125,False,False,meta-llama/Meta-Llama-3.1-8B-Instruct,0e9e39f249a16976918f6564b8830bc894c89659
1,discovery,1,35,4,23,answer_position,1.875,-1.0,1.75,2.75,False,True,meta-llama/Meta-Llama-3.1-8B-Instruct,0e9e39f249a16976918f6564b8830bc894c89659
1,discovery,1,35,4,23,number_tokens,1.875,-1.0,-1.0,0.0,False,False,meta-llama/Meta-Llama-3.1-8B-Instruct,0e9e39f249a16976918f6564b8830bc894c89659
1,discovery,1,35,4,23,random_positions,1.875,-1.0,-0.875,0.125,False,False,meta-llama/Meta-Llama-3.1-8B-Instruct,0e9e39f249a16976918f6564b8830bc894c89659
1,discovery,1,35,4,24,answer_position,1.875,-1.0,1.875,2.875,False,True,meta-llama/Meta-Llama-3.1-8B-Instruct,0e9e39f249a16976918f6564b8830bc894c89659
1,discovery,1,35,4,24,number_tokens,1.875,-1.0,-1.0,0.0,False,False,meta-llama/Meta-Llama-3.1-8B-Instruct,0e9e39f249a16976918f6564b8830bc894c89659
1,discovery,1,35,4,24,random_positions,1.875,-1.0,-0.875,0.125,False,False,meta-llama/Meta-Llama-3.1-8B-Instruct,0e9e39f249a16976918f6564b8830bc894c89659
1,discovery,1,35,4,25,answer_position,1.875,-1.0,1.875,2.875,False,True,meta-llama/Meta-Llama-3.1-8B-Instruct,0e9e39f249a16976918f6564b8830bc894c89659
1,discovery,1,35,4,25,number_tokens,1.875,-1.0,-0.875,0.125,False,False,meta-llama/Meta-Llama-3.1-8B-Instruct,0e9e39f249a16976918f6564b8830bc894c89659
1,discovery,1,35,4,25,random_positions,1.875,-1.0,-1.0,0.0,False,False,meta-llama/Meta-Llama-3.1-8B-Instruct,0e9e39f249a16976918f6564b8830bc894c89659
1,discovery,1,35,4,26,answer_position,1.875,-1.0,1.75,2.75,False,True,meta-llama/Meta-Llama-3.1-8B-Instruct,0e9e39f249a16976918f6564b8830bc894c89659
1,discovery,1,35,4,26,number_tokens,1.875,-1.0,-1.0,0.0,False,False,meta-llama/Meta-Llama-3.1-8B-Instruct,0e9e39f249a16976918f6564b8830bc894c89659
1,discovery,1,35,4,26,random_positions,1.875,-1.0,-1.0,0.0,False,False,meta-llama/Meta-Llama-3.1-8B-Instruct,0e9e39f249a16976918f6564b8830bc894c89659
1,discovery,1,35,4,27,answer_position,1.875,-1.0,1.875,2.875,False,True,meta-llama/Meta-Llama-3.1-8B-Instruct,0e9e39f249a16976918f6564b8830bc894c89659
1,discovery,1,35,4,27,number_tokens,1.875,-1.0,-0.875,0.125,False,False,meta-llama/Meta-Llama-3.1-8B-Instruct,0e9e39f249a16976918f6564b8830bc894c89659
1,discovery,1,35,4,27,random_positions,1.875,-1.0,-0.875,0.125,False,False,meta-llama/Meta-Llama-3.1-8B-Instruct,0e9e39f249a16976918f6564b8830bc894c89659
1,discovery,1,35,4,28,answer_position,1.875,-1.0,1.875,2.875,False,True,meta-llama/Meta-Llama-3.1-8B-Instruct,0e9e39f249a16976918f6564b8830bc894c89659
1,discovery,1,35,4,28,number_tokens,1.875,-1.0,-0.875,0.125,False,False,meta-llama/Meta-Llama-3.1-8B-Instruct,0e9e39f249a16976918f6564b8830bc894c89659
1,discovery,1,35,4,28,random_positions,1.875,-1.0,-0.875,0.125,False,False,meta-llama/Meta-Llama-3.1-8B-Instruct,0e9e39f249a16976918f6564b8830bc894c89659
1,discovery,1,35,4,29,answer_position,1.875,-1.0,1.875,2.875,False,True,meta-llama/Meta-Llama-3.1-8B-Instruct,0e9e39f249a16976918f6564b8830bc894c89659
1,discovery,1,35,4,29,number_tokens,1.875,-1.0,-0.875,0.125,False,False,meta-llama/Meta-Llama-3.1-8B-Instruct,0e9e39f249a16976918f6564b8830bc894c89659
1,discovery,1,35,4,29,random_positions,1.875,-1.0,-1.0,0.0,False,False,meta-llama/Meta-Llama-3.1-8B-Instruct,0e9e39f249a16976918f6564b8830bc894c89659
1,discovery,1,35,4,30,answer_position,1.875,-1.0,1.875,2.875,False,True,meta-llama/Meta-Llama-3.1-8B-Instruct,0e9e39f249a16976918f6564b8830bc894c89659
1,discovery,1,35,4,30,number_tokens,1.875,-1.0,-1.0,0.0,False,False,meta-llama/Meta-Llama-3.1-8B-Instruct,0e9e39f249a16976918f6564b8830bc894c89659
1,discovery,1,35,4,30,random_positions,1.875,-1.0,-1.0,0.0,False,False,meta-llama/Meta-Llama-3.1-8B-Instruct,0e9e39f249a16976918f6564b8830bc894c89659
1,discovery,1,35,4,31,answer_position,1.875,-1.0,1.875,2.875,False,True,meta-llama/Meta-Llama-3.1-8B-Instruct,0e9e39f249a16976918f6564b8830bc894c89659
1,discovery,1,35,4,31,number_tokens,1.875,-1.0,-1.0,0.0,False,False,meta-llama/Meta-Llama-3.1-8B-Instruct,0e9e39f249a16976918f6564b8830bc894c89659
1,discovery,1,35,4,31,random_positions,1.875,-1.0,-1.0,0.0,False,False,meta-llama/Meta-Llama-3.1-8B-Instruct,0e9e39f249a16976918f6564b8830bc894c89659
2,discovery,1,36,2,0,answer_position,1.0,-3.625,-3.625,0.0,False,False,meta-llama/Meta-Llama-3.1-8B-Instruct,0e9e39f249a16976918f6564b8830bc894c89659
2,discovery,1,36,2,0,number_tokens,1.0,-3.625,-3.75,-0.125,False,False,meta-llama/Meta-Llama-3.1-8B-Instruct,0e9e39f249a16976918f6564b8830bc894c89659
2,discovery,1,36,2,0,random_positions,1.0,-3.625,-3.75,-0.125,False,False,meta-llama/Meta-Llama-3.1-8B-Instruct,0e9e39f249a16976918f6564b8830bc894c89659
2,discovery,1,36,2,1,answer_position,1.0,-3.625,-3.625,0.0,False,False,meta-llama/Meta-Llama-3.1-8B-Instruct,0e9e39f249a16976918f6564b8830bc894c89659
2,discovery,1,36,2,1,number_tokens,1.0,-3.625,-3.75,-0.125,False,False,meta-llama/Meta-Llama-3.1-8B-Instruct,0e9e39f249a16976918f6564b8830bc894c89659
2,discovery,1,36,2,1,random_positions,1.0,-3.625,-3.875,-0.25,False,False,meta-llama/Meta-Llama-3.1-8B-Instruct,0e9e39f249a16976918f6564b8830bc894c89659
2,discovery,1,36,2,2,answer_position,1.0,-3.625,-3.75,-0.125,False,False,meta-llama/Meta-Llama-3.1-8B-Instruct,0e9e39f249a16976918f6564b8830bc894c89659
2,discovery,1,36,2,2,number_tokens,1.0,-3.625,-9.5,-5.875,False,False,meta-llama/Meta-Llama-3.1-8B-Instruct,0e9e39f249a16976918f6564b8830bc894c89659
2,discovery,1,36,2,2,random_positions,1.0,-3.625,-3.625,0.0,False,False,meta-llama/Meta-Llama-3.1-8B-Instruct,0e9e39f249a16976918f6564b8830bc894c89659
2,discovery,1,36,2,3,answer_position,1.0,-3.625,-3.625,0.0,False,False,meta-llama/Meta-Llama-3.1-8B-Instruct,0e9e39f249a16976918f6564b8830bc894c89659
2,discovery,1,36,2,3,number_tokens,1.0,-3.625,-9.0,-5.375,False,False,meta-llama/Meta-Llama-3.1-8B-Instruct,0e9e39f249a16976918f6564b8830bc894c89659
2,discovery,1,36,2,3,random_positions,1.0,-3.625,-3.75,-0.125,False,False,meta-llama/Meta-Llama-3.1-8B-Instruct,0e9e39f249a16976918f6564b8830bc894c89659
2,discovery,1,36,2,4,answer_position,1.0,-3.625,-3.625,0.0,False,False,meta-llama/Meta-Llama-3.1-8B-Instruct,0e9e39f249a16976918f6564b8830bc894c89659
2,discovery,1,36,2,4,number_tokens,1.0,-3.625,-8.25,-4.625,False,False,meta-llama/Meta-Llama-3.1-8B-Instruct,0e9e39f249a16976918f6564b8830bc894c89659
2,discovery,1,36,2,4,random_positions,1.0,-3.625,-3.75,-0.125,False,False,meta-llama/Meta-Llama-3.1-8B-Instruct,0e9e39f249a16976918f6564b8830bc894c89659
2,discovery,1,36,2,5,answer_position,1.0,-3.625,-3.625,0.0,False,False,meta-llama/Meta-Llama-3.1-8B-Instruct,0e9e39f249a16976918f6564b8830bc894c89659
2,discovery,1,36,2,5,number_tokens,1.0,-3.625,-7.625,-4.0,False,False,meta-llama/Meta-Llama-3.1-8B-Instruct,0e9e39f249a16976918f6564b8830bc894c89659
2,discovery,1,36,2,5,random_positions,1.0,-3.625,-3.625,0.0,False,False,meta-llama/Meta-Llama-3.1-8B-Instruct,0e9e39f249a16976918f6564b8830bc894c89659
2,discovery,1,36,2,6,answer_position,1.0,-3.625,-3.625,0.0,False,False,meta-llama/Meta-Llama-3.1-8B-Instruct,0e9e39f249a16976918f6564b8830bc894c89659
2,discovery,1,36,2,6,number_tokens,1.0,-3.625,-6.5,-2.875,False,False,meta-llama/Meta-Llama-3.1-8B-Instruct,0e9e39f249a16976918f6564b8830bc894c89659
2,discovery,1,36,2,6,random_positions,1.0,-3.625,-3.875,-0.25,False,False,meta-llama/Meta-Llama-3.1-8B-Instruct,0e9e39f249a16976918f6564b8830bc894c89659
2,discovery,1,36,2,7,answer_position,1.0,-3.625,-3.625,0.0,False,False,meta-llama/Meta-Llama-3.1-8B-Instruct,0e9e39f249a16976918f6564b8830bc894c89659
2,discovery,1,36,2,7,number_tokens,1.0,-3.625,-4.5,-0.875,False,False,meta-llama/Meta-Llama-3.1-8B-Instruct,0e9e39f249a16976918f6564b8830bc894c89659
2,discovery,1,36,2,7,random_positions,1.0,-3.625,-3.625,0.0,False,False,meta-llama/Meta-Llama-3.1-8B-Instruct,0e9e39f249a16976918f6564b8830bc894c89659
2,discovery,1,36,2,8,answer_position,1.0,-3.625,-3.625,0.0,False,False,meta-llama/Meta-Llama-3.1-8B-Instruct,0e9e39f249a16976918f6564b8830bc894c89659
2,discovery,1,36,2,8,number_tokens,1.0,-3.625,-3.375,0.25,False,False,meta-llama/Meta-Llama-3.1-8B-Instruct,0e9e39f249a16976918f6564b8830bc894c89659
2,discovery,1,36,2,8,random_positions,1.0,-3.625,-3.5,0.125,False,False,meta-llama/Meta-Llama-3.1-8B-Instruct,0e9e39f249a16976918f6564b8830bc894c89659
2,discovery,1,36,2,9,answer_position,1.0,-3.625,-3.75,-0.125,False,False,meta-llama/Meta-Llama-3.1-8B-Instruct,0e9e39f249a16976918f6564b8830bc894c89659
2,discovery,1,36,2,9,number_tokens,1.0,-3.625,-4.125,-0.5,False,False,meta-llama/Meta-Llama-3.1-8B-Instruct,0e9e39f249a16976918f6564b8830bc894c89659
2,discovery,1,36,2,9,random_positions,1.0,-3.625,-3.625,0.0,False,False,meta-llama/Meta-Llama-3.1-8B-Instruct,0e9e39f249a16976918f6564b8830bc894c89659
2,discovery,1,36,2,10,answer_position,1.0,-3.625,-3.75,-0.125,False,False,meta-llama/Meta-Llama-3.1-8B-Instruct,0e9e39f249a16976918f6564b8830bc894c89659
2,discovery,1,36,2,10,number_tokens,1.0,-3.625,-4.0,-0.375,False,False,meta-llama/Meta-Llama-3.1-8B-Instruct,0e9e39f249a16976918f6564b8830bc894c89659
2,discovery,1,36,2,10,random_positions,1.0,-3.625,-3.625,0.0,False,False,meta-llama/Meta-Llama-3.1-8B-Instruct,0e9e39f249a16976918f6564b8830bc894c89659
2,discovery,1,36,2,11,answer_position,1.0,-3.625,-3.625,0.0,False,False,meta-llama/Meta-Llama-3.1-8B-Instruct,0e9e39f249a16976918f6564b8830bc894c89659
2,discovery,1,36,2,11,number_tokens,1.0,-3.625,-3.375,0.25,False,False,meta-llama/Meta-Llama-3.1-8B-Instruct,0e9e39f249a16976918f6564b8830bc894c89659
2,discovery,1,36,2,11,random_positions,1.0,-3.625,-3.75,-0.125,False,False,meta-llama/Meta-Llama-3.1-8B-Instruct,0e9e39f249a16976918f6564b8830bc894c89659
2,discovery,1,36,2,12,answer_position,1.0,-3.625,-3.5,0.125,False,False,meta-llama/Meta-Llama-3.1-8B-Instruct,0e9e39f249a16976918f6564b8830bc894c89659
2,discovery,1,36,2,12,number_tokens,1.0,-3.625,-3.0,0.625,False,False,meta-llama/Meta-Llama-3.1-8B-Instruct,0e9e39f249a16976918f6564b8830bc894c89659
2,discovery,1,36,2,12,random_positions,1.0,-3.625,-3.625,0.0,False,False,meta-llama/Meta-Llama-3.1-8B-Instruct,0e9e39f249a16976918f6564b8830bc894c89659
2,discovery,1,36,2,13,answer_position,1.0,-3.625,-3.0,0.625,False,False,meta-llama/Meta-Llama-3.1-8B-Instruct,0e9e39f249a16976918f6564b8830bc894c89659
2,discovery,1,36,2,13,number_tokens,1.0,-3.625,-3.25,0.375,False,False,meta-llama/Meta-Llama-3.1-8B-Instruct,0e9e39f249a16976918f6564b8830bc894c89659
2,discovery,1,36,2,13,random_positions,1.0,-3.625,-3.625,0.0,False,False,meta-llama/Meta-Llama-3.1-8B-Instruct,0e9e39f249a16976918f6564b8830bc894c89659
2,discovery,1,36,2,14,answer_position,1.0,-3.625,-1.5,2.125,False,False,meta-llama/Meta-Llama-3.1-8B-Instruct,0e9e39f249a16976918f6564b8830bc894c89659
2,discovery,1,36,2,14,number_tokens,1.0,-3.625,-3.5,0.125,False,False,meta-llama/Meta-Llama-3.1-8B-Instruct,0e9e39f249a16976918f6564b8830bc894c89659
2,discovery,1,36,2,14,random_positions,1.0,-3.625,-3.625,0.0,False,False,meta-llama/Meta-Llama-3.1-8B-Instruct,0e9e39f249a16976918f6564b8830bc894c89659
2,discovery,1,36,2,15,answer_position,1.0,-3.625,-1.125,2.5,False,False,meta-llama/Meta-Llama-3.1-8B-Instruct,0e9e39f249a16976918f6564b8830bc894c89659
2,discovery,1,36,2,15,number_tokens,1.0,-3.625,-3.75,-0.125,False,False,meta-llama/Meta-Llama-3.1-8B-Instruct,0e9e39f249a16976918f6564b8830bc894c89659
2,discovery,1,36,2,15,random_positions,1.0,-3.625,-3.625,0.0,False,False,meta-llama/Meta-Llama-3.1-8B-Instruct,0e9e39f249a16976918f6564b8830bc894c89659
2,discovery,1,36,2,16,answer_position,1.0,-3.625,-1.5,2.125,False,False,meta-llama/Meta-Llama-3.1-8B-Instruct,0e9e39f249a16976918f6564b8830bc894c89659
2,discovery,1,36,2,16,number_tokens,1.0,-3.625,-3.75,-0.125,False,False,meta-llama/Meta-Llama-3.1-8B-Instruct,0e9e39f249a16976918f6564b8830bc894c89659
2,discovery,1,36,2,16,random_positions,1.0,-3.625,-3.625,0.0,False,False,meta-llama/Meta-Llama-3.1-8B-Instruct,0e9e39f249a16976918f6564b8830bc894c89659
2,discovery,1,36,2,17,answer_position,1.0,-3.625,0.75,4.375,False,True,meta-llama/Meta-Llama-3.1-8B-Instruct,0e9e39f249a16976918f6564b8830bc894c89659
2,discovery,1,36,2,17,number_tokens,1.0,-3.625,-3.875,-0.25,False,False,meta-llama/Meta-Llama-3.1-8B-Instruct,0e9e39f249a16976918f6564b8830bc894c89659
2,discovery,1,36,2,17,random_positions,1.0,-3.625,-3.5,0.125,False,False,meta-llama/Meta-Llama-3.1-8B-Instruct,0e9e39f249a16976918f6564b8830bc894c89659
2,discovery,1,36,2,18,answer_position,1.0,-3.625,1.0,4.625,False,True,meta-llama/Meta-Llama-3.1-8B-Instruct,0e9e39f249a16976918f6564b8830bc894c89659
2,discovery,1,36,2,18,number_tokens,1.0,-3.625,-3.75,-0.125,False,False,meta-llama/Meta-Llama-3.1-8B-Instruct,0e9e39f249a16976918f6564b8830bc894c89659
2,discovery,1,36,2,18,random_positions,1.0,-3.625,-3.625,0.0,False,False,meta-llama/Meta-Llama-3.1-8B-Instruct,0e9e39f249a16976918f6564b8830bc894c89659
2,discovery,1,36,2,19,answer_position,1.0,-3.625,1.0,4.625,False,True,meta-llama/Meta-Llama-3.1-8B-Instruct,0e9e39f249a16976918f6564b8830bc894c89659
2,discovery,1,36,2,19,number_tokens,1.0,-3.625,-3.625,0.0,False,False,meta-llama/Meta-Llama-3.1-8B-Instruct,0e9e39f249a16976918f6564b8830bc894c89659
2,discovery,1,36,2,19,random_positions,1.0,-3.625,-3.625,0.0,False,False,meta-llama/Meta-Llama-3.1-8B-Instruct,0e9e39f249a16976918f6564b8830bc894c89659
2,discovery,1,36,2,20,answer_position,1.0,-3.625,1.0,4.625,False,True,meta-llama/Meta-Llama-3.1-8B-Instruct,0e9e39f249a16976918f6564b8830bc894c89659
2,discovery,1,36,2,20,number_tokens,1.0,-3.625,-3.75,-0.125,False,False,meta-llama/Meta-Llama-3.1-8B-Instruct,0e9e39f249a16976918f6564b8830bc894c89659
2,discovery,1,36,2,20,random_positions,1.0,-3.625,-3.625,0.0,False,False,meta-llama/Meta-Llama-3.1-8B-Instruct,0e9e39f249a16976918f6564b8830bc894c89659
2,discovery,1,36,2,21,answer_position,1.0,-3.625,1.125,4.75,False,True,meta-llama/Meta-Llama-3.1-8B-Instruct,0e9e39f249a16976918f6564b8830bc894c89659
2,discovery,1,36,2,21,number_tokens,1.0,-3.625,-3.75,-0.125,False,False,meta-llama/Meta-Llama-3.1-8B-Instruct,0e9e39f249a16976918f6564b8830bc894c89659
2,discovery,1,36,2,21,random_positions,1.0,-3.625,-3.75,-0.125,False,False,meta-llama/Meta-Llama-3.1-8B-Instruct,0e9e39f249a16976918f6564b8830bc894c89659
2,discovery,1,36,2,22,answer_position,1.0,-3.625,1.125,4.75,False,True,meta-llama/Meta-Llama-3.1-8B-Instruct,0e9e39f249a16976918f6564b8830bc894c89659
2,discovery,1,36,2,22,number_tokens,1.0,-3.625,-3.75,-0.125,False,False,meta-llama/Meta-Llama-3.1-8B-Instruct,0e9e39f249a16976918f6564b8830bc894c89659
2,discovery,1,36,2,22,random_positions,1.0,-3.625,-3.625,0.0,False,False,meta-llama/Meta-Llama-3.1-8B-Instruct,0e9e39f249a16976918f6564b8830bc894c89659
2,discovery,1,36,2,23,answer_position,1.0,-3.625,1.0,4.625,False,True,meta-llama/Meta-Llama-3.1-8B-Instruct,0e9e39f249a16976918f6564b8830bc894c89659
2,discovery,1,36,2,23,number_tokens,1.0,-3.625,-3.75,-0.125,False,False,meta-llama/Meta-Llama-3.1-8B-Instruct,0e9e39f249a16976918f6564b8830bc894c89659
2,discovery,1,36,2,23,random_positions,1.0,-3.625,-3.625,0.0,False,False,meta-llama/Meta-Llama-3.1-8B-Instruct,0e9e39f249a16976918f6564b8830bc894c89659
2,discovery,1,36,2,24,answer_position,1.0,-3.625,1.125,4.75,False,True,meta-llama/Meta-Llama-3.1-8B-Instruct,0e9e39f249a16976918f6564b8830bc894c89659
2,discovery,1,36,2,24,number_tokens,1.0,-3.625,-3.75,-0.125,False,False,meta-llama/Meta-Llama-3.1-8B-Instruct,0e9e39f249a16976918f6564b8830bc894c89659
2,discovery,1,36,2,24,random_positions,1.0,-3.625,-3.75,-0.125,False,False,meta-llama/Meta-Llama-3.1-8B-Instruct,0e9e39f249a16976918f6564b8830bc894c89659
2,discovery,1,36,2,25,answer_position,1.0,-3.625,1.0,4.625,False,True,meta-llama/Meta-Llama-3.1-8B-Instruct,0e9e39f249a16976918f6564b8830bc894c89659
2,discovery,1,36,2,25,number_tokens,1.0,-3.625,-3.625,0.0,False,False,meta-llama/Meta-Llama-3.1-8B-Instruct,0e9e39f249a16976918f6564b8830bc894c89659
2,discovery,1,36,2,25,random_positions,1.0,-3.625,-3.625,0.0,False,False,meta-llama/Meta-Llama-3.1-8B-Instruct,0e9e39f249a16976918f6564b8830bc894c89659
2,discovery,1,36,2,26,answer_position,1.0,-3.625,1.0,4.625,False,True,meta-llama/Meta-Llama-3.1-8B-Instruct,0e9e39f249a16976918f6564b8830bc894c89659
2,discovery,1,36,2,26,number_tokens,1.0,-3.625,-3.75,-0.125,False,False,meta-llama/Meta-Llama-3.1-8B-Instruct,0e9e39f249a16976918f6564b8830bc894c89659
2,discovery,1,36,2,26,random_positions,1.0,-3.625,-3.625,0.0,False,False,meta-llama/Meta-Llama-3.1-8B-Instruct,0e9e39f249a16976918f6564b8830bc894c89659
2,discovery,1,36,2,27,answer_position,1.0,-3.625,1.0,4.625,False,True,meta-llama/Meta-Llama-3.1-8B-Instruct,0e9e39f249a16976918f6564b8830bc894c89659
2,discovery,1,36,2,27,number_tokens,1.0,-3.625,-3.625,0.0,False,False,meta-llama/Meta-Llama-3.1-8B-Instruct,0e9e39f249a16976918f6564b8830bc894c89659
2,discovery,1,36,2,27,random_positions,1.0,-3.625,-3.625,0.0,False,False,meta-llama/Meta-Llama-3.1-8B-Instruct,0e9e39f249a16976918f6564b8830bc894c89659
2,discovery,1,36,2,28,answer_position,1.0,-3.625,1.0,4.625,False,True,meta-llama/Meta-Llama-3.1-8B-Instruct,0e9e39f249a16976918f6564b8830bc894c89659
2,discovery,1,36,2,28,number_tokens,1.0,-3.625,-3.625,0.0,False,False,meta-llama/Meta-Llama-3.1-8B-Instruct,0e9e39f249a16976918f6564b8830bc894c89659
2,discovery,1,36,2,28,random_positions,1.0,-3.625,-3.75,-0.125,False,False,meta-llama/Meta-Llama-3.1-8B-Instruct,0e9e39f249a16976918f6564b8830bc894c89659
2,discovery,1,36,2,29,answer_position,1.0,-3.625,1.0,4.625,False,True,meta-llama/Meta-Llama-3.1-8B-Instruct,0e9e39f249a16976918f6564b8830bc894c89659
2,discovery,1,36,2,29,number_tokens,1.0,-3.625,-3.75,-0.125,False,False,meta-llama/Meta-Llama-3.1-8B-Instruct,0e9e39f249a16976918f6564b8830bc894c89659
2,discovery,1,36,2,29,random_positions,1.0,-3.625,-3.75,-0.125,False,False,meta-llama/Meta-Llama-3.1-8B-Instruct,0e9e39f249a16976918f6564b8830bc894c89659
2,discovery,1,36,2,30,answer_position,1.0,-3.625,1.125,4.75,False,True,meta-llama/Meta-Llama-3.1-8B-Instruct,0e9e39f249a16976918f6564b8830bc894c89659
2,discovery,1,36,2,30,number_tokens,1.0,-3.625,-3.625,0.0,False,False,meta-llama/Meta-Llama-3.1-8B-Instruct,0e9e39f249a16976918f6564b8830bc894c89659
2,discovery,1,36,2,30,random_positions,1.0,-3.625,-3.625,0.0,False,False,meta-llama/Meta-Llama-3.1-8B-Instruct,0e9e39f249a16976918f6564b8830bc894c89659
2,discovery,1,36,2,31,answer_position,1.0,-3.625,1.0,4.625,False,True,meta-llama/Meta-Llama-3.1-8B-Instruct,0e9e39f249a16976918f6564b8830bc894c89659
2,discovery,1,36,2,31,number_tokens,1.0,-3.625,-3.625,0.0,False,False,meta-llama/Meta-Llama-3.1-8B-Instruct,0e9e39f249a16976918f6564b8830bc894c89659
2,discovery,1,36,2,31,random_positions,1.0,-3.625,-3.625,0.0,False,False,meta-llama/Meta-Llama-3.1-8B-Instruct,0e9e39f249a16976918f6564b8830bc894c89659
3,discovery,1,37,3,0,answer_position,1.25,-1.375,-1.5,-0.125,False,False,meta-llama/Meta-Llama-3.1-8B-Instruct,0e9e39f249a16976918f6564b8830bc894c89659
3,discovery,1,37,3,0,number_tokens,1.25,-1.375,-1.625,-0.25,False,False,meta-llama/Meta-Llama-3.1-8B-Instruct,0e9e39f249a16976918f6564b8830bc894c89659
3,discovery,1,37,3,0,random_positions,1.25,-1.375,-1.375,0.0,False,False,meta-llama/Meta-Llama-3.1-8B-Instruct,0e9e39f249a16976918f6564b8830bc894c89659
3,discovery,1,37,3,1,answer_position,1.25,-1.375,-1.375,0.0,False,False,meta-llama/Meta-Llama-3.1-8B-Instruct,0e9e39f249a16976918f6564b8830bc894c89659
3,discovery,1,37,3,1,number_tokens,1.25,-1.375,-1.75,-0.375,False,False,meta-llama/Meta-Llama-3.1-8B-Instruct,0e9e39f249a16976918f6564b8830bc894c89659
3,discovery,1,37,3,1,random_positions,1.25,-1.375,-1.375,0.0,False,False,meta-llama/Meta-Llama-3.1-8B-Instruct,0e9e39f249a16976918f6564b8830bc894c89659
3,discovery,1,37,3,2,answer_position,1.25,-1.375,-1.375,0.0,False,False,meta-llama/Meta-Llama-3.1-8B-Instruct,0e9e39f249a16976918f6564b8830bc894c89659
3,discovery,1,37,3,2,number_tokens,1.25,-1.375,-5.0,-3.625,False,False,meta-llama/Meta-Llama-3.1-8B-Instruct,0e9e39f249a16976918f6564b8830bc894c89659
3,discovery,1,37,3,2,random_positions,1.25,-1.375,-1.375,0.0,False,False,meta-llama/Meta-Llama-3.1-8B-Instruct,0e9e39f249a16976918f6564b8830bc894c89659
3,discovery,1,37,3,3,answer_position,1.25,-1.375,-1.5,-0.125,False,False,meta-llama/Meta-Llama-3.1-8B-Instruct,0e9e39f249a16976918f6564b8830bc894c89659
3,discovery,1,37,3,3,number_tokens,1.25,-1.375,-3.75,-2.375,False,False,meta-llama/Meta-Llama-3.1-8B-Instruct,0e9e39f249a16976918f6564b8830bc894c89659
3,discovery,1,37,3,3,random_positions,1.25,-1.375,-1.375,0.0,False,False,meta-llama/Meta-Llama-3.1-8B-Instruct,0e9e39f249a16976918f6564b8830bc894c89659
3,discovery,1,37,3,4,answer_position,1.25,-1.375,-1.375,0.0,False,False,meta-llama/Meta-Llama-3.1-8B-Instruct,0e9e39f249a16976918f6564b8830bc894c89659
3,discovery,1,37,3,4,number_tokens,1.25,-1.375,-3.5,-2.125,False,False,meta-llama/Meta-Llama-3.1-8B-Instruct,0e9e39f249a16976918f6564b8830bc894c89659
3,discovery,1,37,3,4,random_positions,1.25,-1.375,-1.375,0.0,False,False,meta-llama/Meta-Llama-3.1-8B-Instruct,0e9e39f249a16976918f6564b8830bc894c89659
3,discovery,1,37,3,5,answer_position,1.25,-1.375,-1.5,-0.125,False,False,meta-llama/Meta-Llama-3.1-8B-Instruct,0e9e39f249a16976918f6564b8830bc894c89659
3,discovery,1,37,3,5,number_tokens,1.25,-1.375,-5.25,-3.875,False,False,meta-llama/Meta-Llama-3.1-8B-Instruct,0e9e39f249a16976918f6564b8830bc894c89659
3,discovery,1,37,3,5,random_positions,1.25,-1.375,-1.5,-0.125,False,False,meta-llama/Meta-Llama-3.1-8B-Instruct,0e9e39f249a16976918f6564b8830bc894c89659
3,discovery,1,37,3,6,answer_position,1.25,-1.375,-1.375,0.0,False,False,meta-llama/Meta-Llama-3.1-8B-Instruct,0e9e39f249a16976918f6564b8830bc894c89659
3,discovery,1,37,3,6,number_tokens,1.25,-1.375,-4.125,-2.75,False,False,meta-llama/Meta-Llama-3.1-8B-Instruct,0e9e39f249a16976918f6564b8830bc894c89659
3,discovery,1,37,3,6,random_positions,1.25,-1.375,-1.5,-0.125,False,False,meta-llama/Meta-Llama-3.1-8B-Instruct,0e9e39f249a16976918f6564b8830bc894c89659
3,discovery,1,37,3,7,answer_position,1.25,-1.375,-1.375,0.0,False,False,meta-llama/Meta-Llama-3.1-8B-Instruct,0e9e39f249a16976918f6564b8830bc894c89659
3,discovery,1,37,3,7,number_tokens,1.25,-1.375,-2.625,-1.25,False,False,meta-llama/Meta-Llama-3.1-8B-Instruct,0e9e39f249a16976918f6564b8830bc894c89659
3,discovery,1,37,3,7,random_positions,1.25,-1.375,-1.375,0.0,False,False,meta-llama/Meta-Llama-3.1-8B-Instruct,0e9e39f249a16976918f6564b8830bc894c89659
3,discovery,1,37,3,8,answer_position,1.25,-1.375,-1.375,0.0,False,False,meta-llama/Meta-Llama-3.1-8B-Instruct,0e9e39f249a16976918f6564b8830bc894c89659
3,discovery,1,37,3,8,number_tokens,1.25,-1.375,-2.375,-1.0,False,False,meta-llama/Meta-Llama-3.1-8B-Instruct,0e9e39f249a16976918f6564b8830bc894c89659
3,discovery,1,37,3,8,random_positions,1.25,-1.375,-1.375,0.0,False,False,meta-llama/Meta-Llama-3.1-8B-Instruct,0e9e39f249a16976918f6564b8830bc894c89659
3,discovery,1,37,3,9,answer_position,1.25,-1.375,-1.375,0.0,False,False,meta-llama/Meta-Llama-3.1-8B-Instruct,0e9e39f249a16976918f6564b8830bc894c89659
3,discovery,1,37,3,9,number_tokens,1.25,-1.375,-2.0,-0.625,False,False,meta-llama/Meta-Llama-3.1-8B-Instruct,0e9e39f249a16976918f6564b8830bc894c89659
3,discovery,1,37,3,9,random_positions,1.25,-1.375,-1.5,-0.125,False,False,meta-llama/Meta-Llama-3.1-8B-Instruct,0e9e39f249a16976918f6564b8830bc894c89659
3,discovery,1,37,3,10,answer_position,1.25,-1.375,-1.375,0.0,False,False,meta-llama/Meta-Llama-3.1-8B-Instruct,0e9e39f249a16976918f6564b8830bc894c89659
3,discovery,1,37,3,10,number_tokens,1.25,-1.375,-1.625,-0.25,False,False,meta-llama/Meta-Llama-3.1-8B-Instruct,0e9e39f249a16976918f6564b8830bc894c89659
3,discovery,1,37,3,10,random_positions,1.25,-1.375,-1.5,-0.125,False,False,meta-llama/Meta-Llama-3.1-8B-Instruct,0e9e39f249a16976918f6564b8830bc894c89659
3,discovery,1,37,3,11,answer_position,1.25,-1.375,-1.5,-0.125,False,False,meta-llama/Meta-Llama-3.1-8B-Instruct,0e9e39f249a16976918f6564b8830bc894c89659
3,discovery,1,37,3,11,number_tokens,1.25,-1.375,-1.125,0.25,False,False,meta-llama/Meta-Llama-3.1-8B-Instruct,0e9e39f249a16976918f6564b8830bc894c89659
3,discovery,1,37,3,11,random_positions,1.25,-1.375,-1.5,-0.125,False,False,meta-llama/Meta-Llama-3.1-8B-Instruct,0e9e39f249a16976918f6564b8830bc894c89659
3,discovery,1,37,3,12,answer_position,1.25,-1.375,-1.375,0.0,False,False,meta-llama/Meta-Llama-3.1-8B-Instruct,0e9e39f249a16976918f6564b8830bc894c89659
3,discovery,1,37,3,12,number_tokens,1.25,-1.375,-1.125,0.25,False,False,meta-llama/Meta-Llama-3.1-8B-Instruct,0e9e39f249a16976918f6564b8830bc894c89659
3,discovery,1,37,3,12,random_positions,1.25,-1.375,-1.375,0.0,False,False,meta-llama/Meta-Llama-3.1-8B-Instruct,0e9e39f249a16976918f6564b8830bc894c89659
3,discovery,1,37,3,13,answer_position,1.25,-1.375,-1.125,0.25,False,False,meta-llama/Meta-Llama-3.1-8B-Instruct,0e9e39f249a16976918f6564b8830bc894c89659
3,discovery,1,37,3,13,number_tokens,1.25,-1.375,-1.0,0.375,False,False,meta-llama/Meta-Llama-3.1-8B-Instruct,0e9e39f249a16976918f6564b8830bc894c89659
3,discovery,1,37,3,13,random_positions,1.25,-1.375,-1.375,0.0,False,False,meta-llama/Meta-Llama-3.1-8B-Instruct,0e9e39f249a16976918f6564b8830bc894c89659
3,discovery,1,37,3,14,answer_position,1.25,-1.375,-0.875,0.5,False,False,meta-llama/Meta-Llama-3.1-8B-Instruct,0e9e39f249a16976918f6564b8830bc894c89659
3,discovery,1,37,3,14,number_tokens,1.25,-1.375,-1.25,0.125,False,False,meta-llama/Meta-Llama-3.1-8B-Instruct,0e9e39f249a16976918f6564b8830bc894c89659
3,discovery,1,37,3,14,random_positions,1.25,-1.375,-1.375,0.0,False,False,meta-llama/Meta-Llama-3.1-8B-Instruct,0e9e39f249a16976918f6564b8830bc894c89659
3,discovery,1,37,3,15,answer_position,1.25,-1.375,-0.875,0.5,False,False,meta-llama/Meta-Llama-3.1-8B-Instruct,0e9e39f249a16976918f6564b8830bc894c89659
3,discovery,1,37,3,15,number_tokens,1.25,-1.375,-1.375,0.0,False,False,meta-llama/Meta-Llama-3.1-8B-Instruct,0e9e39f249a16976918f6564b8830bc894c89659
3,discovery,1,37,3,15,random_positions,1.25,-1.375,-1.375,0.0,False,False,meta-llama/Meta-Llama-3.1-8B-Instruct,0e9e39f249a16976918f6564b8830bc894c89659
3,discovery,1,37,3,16,answer_position,1.25,-1.375,-1.375,0.0,False,False,meta-llama/Meta-Llama-3.1-8B-Instruct,0e9e39f249a16976918f6564b8830bc894c89659
3,discovery,1,37,3,16,number_tokens,1.25,-1.375,-1.5,-0.125,False,False,meta-llama/Meta-Llama-3.1-8B-Instruct,0e9e39f249a16976918f6564b8830bc894c89659
3,discovery,1,37,3,16,random_positions,1.25,-1.375,-1.375,0.0,False,False,meta-llama/Meta-Llama-3.1-8B-Instruct,0e9e39f249a16976918f6564b8830bc894c89659
3,discovery,1,37,3,17,answer_position,1.25,-1.375,0.875,2.25,False,True,meta-llama/Meta-Llama-3.1-8B-Instruct,0e9e39f249a16976918f6564b8830bc894c89659
3,discovery,1,37,3,17,number_tokens,1.25,-1.375,-1.375,0.0,False,False,meta-llama/Meta-Llama-3.1-8B-Instruct,0e9e39f249a16976918f6564b8830bc894c89659
3,discovery,1,37,3,17,random_positions,1.25,-1.375,-1.375,0.0,False,False,meta-llama/Meta-Llama-3.1-8B-Instruct,0e9e39f249a16976918f6564b8830bc894c89659
3,discovery,1,37,3,18,answer_position,1.25,-1.375,1.375,2.75,False,True,meta-llama/Meta-Llama-3.1-8B-Instruct,0e9e39f249a16976918f6564b8830bc894c89659
3,discovery,1,37,3,18,number_tokens,1.25,-1.375,-1.375,0.0,False,False,meta-llama/Meta-Llama-3.1-8B-Instruct,0e9e39f249a16976918f6564b8830bc894c89659
3,discovery,1,37,3,18,random_positions,1.25,-1.375,-1.375,0.0,False,False,meta-llama/Meta-Llama-3.1-8B-Instruct,0e9e39f249a16976918f6564b8830bc894c89659
3,discovery,1,37,3,19,answer_position,1.25,-1.375,1.5,2.875,False,True,meta-llama/Meta-Llama-3.1-8B-Instruct,0e9e39f249a16976918f6564b8830bc894c89659
3,discovery,1,37,3,19,number_tokens,1.25,-1.375,-1.375,0.0,False,False,meta-llama/Meta-Llama-3.1-8B-Instruct,0e9e39f249a16976918f6564b8830bc894c89659
3,discovery,1,37,3,19,random_positions,1.25,-1.375,-1.375,0.0,False,False,meta-llama/Meta-Llama-3.1-8B-Instruct,0e9e39f249a16976918f6564b8830bc894c89659
3,discovery,1,37,3,20,answer_position,1.25,-1.375,1.5,2.875,False,True,meta-llama/Meta-Llama-3.1-8B-Instruct,0e9e39f249a16976918f6564b8830bc894c89659
3,discovery,1,37,3,20,number_tokens,1.25,-1.375,-1.25,0.125,False,False,meta-llama/Meta-Llama-3.1-8B-Instruct,0e9e39f249a16976918f6564b8830bc894c89659
3,discovery,1,37,3,20,random_positions,1.25,-1.375,-1.375,0.0,False,False,meta-llama/Meta-Llama-3.1-8B-Instruct,0e9e39f249a16976918f6564b8830bc894c89659
3,discovery,1,37,3,21,answer_position,1.25,-1.375,1.375,2.75,False,True,meta-llama/Meta-Llama-3.1-8B-Instruct,0e9e39f249a16976918f6564b8830bc894c89659
3,discovery,1,37,3,21,number_tokens,1.25,-1.375,-1.375,0.0,False,False,meta-llama/Meta-Llama-3.1-8B-Instruct,0e9e39f249a16976918f6564b8830bc894c89659
3,discovery,1,37,3,21,random_positions,1.25,-1.375,-1.375,0.0,False,False,meta-llama/Meta-Llama-3.1-8B-Instruct,0e9e39f249a16976918f6564b8830bc894c89659
3,discovery,1,37,3,22,answer_position,1.25,-1.375,1.375,2.75,False,True,meta-llama/Meta-Llama-3.1-8B-Instruct,0e9e39f249a16976918f6564b8830bc894c89659
3,discovery,1,37,3,22,number_tokens,1.25,-1.375,-1.375,0.0,False,False,meta-llama/Meta-Llama-3.1-8B-Instruct,0e9e39f249a16976918f6564b8830bc894c89659
3,discovery,1,37,3,22,random_positions,1.25,-1.375,-1.375,0.0,False,False,meta-llama/Meta-Llama-3.1-8B-Instruct,0e9e39f249a16976918f6564b8830bc894c89659
3,discovery,1,37,3,23,answer_position,1.25,-1.375,1.375,2.75,False,True,meta-llama/Meta-Llama-3.1-8B-Instruct,0e9e39f249a16976918f6564b8830bc894c89659
3,discovery,1,37,3,23,number_tokens,1.25,-1.375,-1.375,0.0,False,False,meta-llama/Meta-Llama-3.1-8B-Instruct,0e9e39f249a16976918f6564b8830bc894c89659
3,discovery,1,37,3,23,random_positions,1.25,-1.375,-1.375,0.0,False,False,meta-llama/Meta-Llama-3.1-8B-Instruct,0e9e39f249a16976918f6564b8830bc894c89659
3,discovery,1,37,3,24,answer_position,1.25,-1.375,1.375,2.75,False,True,meta-llama/Meta-Llama-3.1-8B-Instruct,0e9e39f249a16976918f6564b8830bc894c89659
3,discovery,1,37,3,24,number_tokens,1.25,-1.375,-1.375,0.0,False,False,meta-llama/Meta-Llama-3.1-8B-Instruct,0e9e39f249a16976918f6564b8830bc894c89659
3,discovery,1,37,3,24,random_positions,1.25,-1.375,-1.375,0.0,False,False,meta-llama/Meta-Llama-3.1-8B-Instruct,0e9e39f249a16976918f6564b8830bc894c89659
3,discovery,1,37,3,25,answer_position,1.25,-1.375,1.375,2.75,False,True,meta-llama/Meta-Llama-3.1-8B-Instruct,0e9e39f249a16976918f6564b8830bc894c89659
3,discovery,1,37,3,25,number_tokens,1.25,-1.375,-1.375,0.0,False,False,meta-llama/Meta-Llama-3.1-8B-Instruct,0e9e39f249a16976918f6564b8830bc894c89659
3,discovery,1,37,3,25,random_positions,1.25,-1.375,-1.375,0.0,False,False,meta-llama/Meta-Llama-3.1-8B-Instruct,0e9e39f249a16976918f6564b8830bc894c89659
3,discovery,1,37,3,26,answer_position,1.25,-1.375,1.375,2.75,False,True,meta-llama/Meta-Llama-3.1-8B-Instruct,0e9e39f249a16976918f6564b8830bc894c89659
3,discovery,1,37,3,26,number_tokens,1.25,-1.375,-1.375,0.0,False,False,meta-llama/Meta-Llama-3.1-8B-Instruct,0e9e39f249a16976918f6564b8830bc894c89659
3,discovery,1,37,3,26,random_positions,1.25,-1.375,-1.375,0.0,False,False,meta-llama/Meta-Llama-3.1-8B-Instruct,0e9e39f249a16976918f6564b8830bc894c89659
3,discovery,1,37,3,27,answer_position,1.25,-1.375,1.375,2.75,False,True,meta-llama/Meta-Llama-3.1-8B-Instruct,0e9e39f249a16976918f6564b8830bc894c89659
3,discovery,1,37,3,27,number_tokens,1.25,-1.375,-1.375,0.0,False,False,meta-llama/Meta-Llama-3.1-8B-Instruct,0e9e39f249a16976918f6564b8830bc894c89659
3,discovery,1,37,3,27,random_positions,1.25,-1.375,-1.375,0.0,False,False,meta-llama/Meta-Llama-3.1-8B-Instruct,0e9e39f249a16976918f6564b8830bc894c89659
3,discovery,1,37,3,28,answer_position,1.25,-1.375,1.25,2.625,False,True,meta-llama/Meta-Llama-3.1-8B-Instruct,0e9e39f249a16976918f6564b8830bc894c89659
3,discovery,1,37,3,28,number_tokens,1.25,-1.375,-1.25,0.125,False,False,meta-llama/Meta-Llama-3.1-8B-Instruct,0e9e39f249a16976918f6564b8830bc894c89659
3,discovery,1,37,3,28,random_positions,1.25,-1.375,-1.375,0.0,False,False,meta-llama/Meta-Llama-3.1-8B-Instruct,0e9e39f249a16976918f6564b8830bc894c89659
3,discovery,1,37,3,29,answer_position,1.25,-1.375,1.375,2.75,False,True,meta-llama/Meta-Llama-3.1-8B-Instruct,0e9e39f249a16976918f6564b8830bc894c89659
3,discovery,1,37,3,29,number_tokens,1.25,-1.375,-1.375,0.0,False,False,meta-llama/Meta-Llama-3.1-8B-Instruct,0e9e39f249a16976918f6564b8830bc894c89659
3,discovery,1,37,3,29,random_positions,1.25,-1.375,-1.375,0.0,False,False,meta-llama/Meta-Llama-3.1-8B-Instruct,0e9e39f249a16976918f6564b8830bc894c89659
3,discovery,1,37,3,30,answer_position,1.25,-1.375,1.25,2.625,False,True,meta-llama/Meta-Llama-3.1-8B-Instruct,0e9e39f249a16976918f6564b8830bc894c89659
3,discovery,1,37,3,30,number_tokens,1.25,-1.375,-1.375,0.0,False,False,meta-llama/Meta-Llama-3.1-8B-Instruct,0e9e39f249a16976918f6564b8830bc894c89659
3,discovery,1,37,3,30,random_positions,1.25,-1.375,-1.375,0.0,False,False,meta-llama/Meta-Llama-3.1-8B-Instruct,0e9e39f249a16976918f6564b8830bc894c89659
3,discovery,1,37,3,31,answer_position,1.25,-1.375,1.25,2.625,False,True,meta-llama/Meta-Llama-3.1-8B-Instruct,0e9e39f249a16976918f6564b8830bc894c89659
3,discovery,1,37,3,31,number_tokens,1.25,-1.375,-1.375,0.0,False,False,meta-llama/Meta-Llama-3.1-8B-Instruct,0e9e39f249a16976918f6564b8830bc894c89659
3,discovery,1,37,3,31,random_positions,1.25,-1.375,-1.375,0.0,False,False,meta-llama/Meta-Llama-3.1-8B-Instruct,0e9e39f249a16976918f6564b8830bc894c89659
4,discovery,1,38,4,0,answer_position,2.125,-0.75,-0.625,0.125,False,False,meta-llama/Meta-Llama-3.1-8B-Instruct,0e9e39f249a16976918f6564b8830bc894c89659
4,discovery,1,38,4,0,number_tokens,2.125,-0.75,-0.625,0.125,False,False,meta-llama/Meta-Llama-3.1-8B-Instruct,0e9e39f249a16976918f6564b8830bc894c89659
4,discovery,1,38,4,0,random_positions,2.125,-0.75,-0.75,0.0,False,False,meta-llama/Meta-Llama-3.1-8B-Instruct,0e9e39f249a16976918f6564b8830bc894c89659
4,discovery,1,38,4,1,answer_position,2.125,-0.75,-0.75,0.0,False,False,meta-llama/Meta-Llama-3.1-8B-Instruct,0e9e39f249a16976918f6564b8830bc894c89659
4,discovery,1,38,4,1,number_tokens,2.125,-0.75,-0.75,0.0,False,False,meta-llama/Meta-Llama-3.1-8B-Instruct,0e9e39f249a16976918f6564b8830bc894c89659
4,discovery,1,38,4,1,random_positions,2.125,-0.75,-0.75,0.0,False,False,meta-llama/Meta-Llama-3.1-8B-Instruct,0e9e39f249a16976918f6564b8830bc894c89659
4,discovery,1,38,4,2,answer_position,2.125,-0.75,-0.75,0.0,False,False,meta-llama/Meta-Llama-3.1-8B-Instruct,0e9e39f249a16976918f6564b8830bc894c89659
4,discovery,1,38,4,2,number_tokens,2.125,-0.75,-3.125,-2.375,False,False,meta-llama/Meta-Llama-3.1-8B-Instruct,0e9e39f249a16976918f6564b8830bc894c89659
4,discovery,1,38,4,2,random_positions,2.125,-0.75,-0.75,0.0,False,False,meta-llama/Meta-Llama-3.1-8B-Instruct,0e9e39f249a16976918f6564b8830bc894c89659
4,discovery,1,38,4,3,answer_position,2.125,-0.75,-0.625,0.125,False,False,meta-llama/Meta-Llama-3.1-8B-Instruct,0e9e39f249a16976918f6564b8830bc894c89659
4,discovery,1,38,4,3,number_tokens,2.125,-0.75,-2.5,-1.75,False,False,meta-llama/Meta-Llama-3.1-8B-Instruct,0e9e39f249a16976918f6564b8830bc894c89659
4,discovery,1,38,4,3,random_positions,2.125,-0.75,-0.75,0.0,False,False,meta-llama/Meta-Llama-3.1-8B-Instruct,0e9e39f249a16976918f6564b8830bc894c89659
4,discovery,1,38,4,4,answer_position,2.125,-0.75,-0.75,0.0,False,False,meta-llama/Meta-Llama-3.1-8B-Instruct,0e9e39f249a16976918f6564b8830bc894c89659
4,discovery,1,38,4,4,number_tokens,2.125,-0.75,-2.125,-1.375,False,False,meta-llama/Meta-Llama-3.1-8B-Instruct,0e9e39f249a16976918f6564b8830bc894c89659
4,discovery,1,38,4,4,random_positions,2.125,-0.75,-0.625,0.125,False,False,meta-llama/Meta-Llama-3.1-8B-Instruct,0e9e39f249a16976918f6564b8830bc894c89659
4,discovery,1,38,4,5,answer_position,2.125,-0.75,-0.75,0.0,False,False,meta-llama/Meta-Llama-3.1-8B-Instruct,0e9e39f249a16976918f6564b8830bc894c89659
4,discovery,1,38,4,5,number_tokens,2.125,-0.75,-3.875,-3.125,False,False,meta-llama/Meta-Llama-3.1-8B-Instruct,0e9e39f249a16976918f6564b8830bc894c89659
4,discovery,1,38,4,5,random_positions,2.125,-0.75,-0.625,0.125,False,False,meta-llama/Meta-Llama-3.1-8B-Instruct,0e9e39f249a16976918f6564b8830bc894c89659
4,discovery,1,38,4,6,answer_position,2.125,-0.75,-0.75,0.0,False,False,meta-llama/Meta-Llama-3.1-8B-Instruct,0e9e39f249a16976918f6564b8830bc894c89659
4,discovery,1,38,4,6,number_tokens,2.125,-0.75,-2.0,-1.25,False,False,meta-llama/Meta-Llama-3.1-8B-Instruct,0e9e39f249a16976918f6564b8830bc894c89659
4,discovery,1,38,4,6,random_positions,2.125,-0.75,-0.75,0.0,False,False,meta-llama/Meta-Llama-3.1-8B-Instruct,0e9e39f249a16976918f6564b8830bc894c89659
4,discovery,1,38,4,7,answer_position,2.125,-0.75,-0.75,0.0,False,False,meta-llama/Meta-Llama-3.1-8B-Instruct,0e9e39f249a16976918f6564b8830bc894c89659
4,discovery,1,38,4,7,number_tokens,2.125,-0.75,-1.25,-0.5,False,False,meta-llama/Meta-Llama-3.1-8B-Instruct,0e9e39f249a16976918f6564b8830bc894c89659
4,discovery,1,38,4,7,random_positions,2.125,-0.75,-0.625,0.125,False,False,meta-llama/Meta-Llama-3.1-8B-Instruct,0e9e39f249a16976918f6564b8830bc894c89659
4,discovery,1,38,4,8,answer_position,2.125,-0.75,-0.625,0.125,False,False,meta-llama/Meta-Llama-3.1-8B-Instruct,0e9e39f249a16976918f6564b8830bc894c89659
4,discovery,1,38,4,8,number_tokens,2.125,-0.75,-1.125,-0.375,False,False,meta-llama/Meta-Llama-3.1-8B-Instruct,0e9e39f249a16976918f6564b8830bc894c89659
4,discovery,1,38,4,8,random_positions,2.125,-0.75,-0.75,0.0,False,False,meta-llama/Meta-Llama-3.1-8B-Instruct,0e9e39f249a16976918f6564b8830bc894c89659
4,discovery,1,38,4,9,answer_position,2.125,-0.75,-0.75,0.0,False,False,meta-llama/Meta-Llama-3.1-8B-Instruct,0e9e39f249a16976918f6564b8830bc894c89659
4,discovery,1,38,4,9,number_tokens,2.125,-0.75,-1.125,-0.375,False,False,meta-llama/Meta-Llama-3.1-8B-Instruct,0e9e39f249a16976918f6564b8830bc894c89659
4,discovery,1,38,4,9,random_positions,2.125,-0.75,-0.75,0.0,False,False,meta-llama/Meta-Llama-3.1-8B-Instruct,0e9e39f249a16976918f6564b8830bc894c89659
4,discovery,1,38,4,10,answer_position,2.125,-0.75,-0.75,0.0,False,False,meta-llama/Meta-Llama-3.1-8B-Instruct,0e9e39f249a16976918f6564b8830bc894c89659
4,discovery,1,38,4,10,number_tokens,2.125,-0.75,-0.875,-0.125,False,False,meta-llama/Meta-Llama-3.1-8B-Instruct,0e9e39f249a16976918f6564b8830bc894c89659
4,discovery,1,38,4,10,random_positions,2.125,-0.75,-0.75,0.0,False,False,meta-llama/Meta-Llama-3.1-8B-Instruct,0e9e39f249a16976918f6564b8830bc894c89659
4,discovery,1,38,4,11,answer_position,2.125,-0.75,-0.75,0.0,False,False,meta-llama/Meta-Llama-3.1-8B-Instruct,0e9e39f249a16976918f6564b8830bc894c89659
4,discovery,1,38,4,11,number_tokens,2.125,-0.75,-0.5,0.25,False,False,meta-llama/Meta-Llama-3.1-8B-Instruct,0e9e39f249a16976918f6564b8830bc894c89659
4,discovery,1,38,4,11,random_positions,2.125,-0.75,-0.75,0.0,False,False,meta-llama/Meta-Llama-3.1-8B-Instruct,0e9e39f249a16976918f6564b8830bc894c89659
4,discovery,1,38,4,12,answer_position,2.125,-0.75,-0.625,0.125,False,False,meta-llama/Meta-Llama-3.1-8B-Instruct,0e9e39f249a16976918f6564b8830bc894c89659
4,discovery,1,38,4,12,number_tokens,2.125,-0.75,-0.5,0.25,False,False,meta-llama/Meta-Llama-3.1-8B-Instruct,0e9e39f249a16976918f6564b8830bc894c89659
4,discovery,1,38,4,12,random_positions,2.125,-0.75,-0.75,0.0,False,False,meta-llama/Meta-Llama-3.1-8B-Instruct,0e9e39f249a16976918f6564b8830bc894c89659
4,discovery,1,38,4,13,answer_position,2.125,-0.75,-0.375,0.375,False,False,meta-llama/Meta-Llama-3.1-8B-Instruct,0e9e39f249a16976918f6564b8830bc894c89659
4,discovery,1,38,4,13,number_tokens,2.125,-0.75,-0.5,0.25,False,False,meta-llama/Meta-Llama-3.1-8B-Instruct,0e9e39f249a16976918f6564b8830bc894c89659
4,discovery,1,38,4,13,random_positions,2.125,-0.75,-0.75,0.0,False,False,meta-llama/Meta-Llama-3.1-8B-Instruct,0e9e39f249a16976918f6564b8830bc894c89659
4,discovery,1,38,4,14,answer_position,2.125,-0.75,-0.125,0.625,False,False,meta-llama/Meta-Llama-3.1-8B-Instruct,0e9e39f249a16976918f6564b8830bc894c89659
4,discovery,1,38,4,14,number_tokens,2.125,-0.75,-0.625,0.125,False,False,meta-llama/Meta-Llama-3.1-8B-Instruct,0e9e39f249a16976918f6564b8830bc894c89659
4,discovery,1,38,4,14,random_positions,2.125,-0.75,-0.75,0.0,False,False,meta-llama/Meta-Llama-3.1-8B-Instruct,0e9e39f249a16976918f6564b8830bc894c89659
4,discovery,1,38,4,15,answer_position,2.125,-0.75,0.25,1.0,False,True,meta-llama/Meta-Llama-3.1-8B-Instruct,0e9e39f249a16976918f6564b8830bc894c89659
4,discovery,1,38,4,15,number_tokens,2.125,-0.75,-0.75,0.0,False,False,meta-llama/Meta-Llama-3.1-8B-Instruct,0e9e39f249a16976918f6564b8830bc894c89659
4,discovery,1,38,4,15,random_positions,2.125,-0.75,-0.75,0.0,False,False,meta-llama/Meta-Llama-3.1-8B-Instruct,0e9e39f249a16976918f6564b8830bc894c89659
4,discovery,1,38,4,16,answer_position,2.125,-0.75,-0.625,0.125,False,False,meta-llama/Meta-Llama-3.1-8B-Instruct,0e9e39f249a16976918f6564b8830bc894c89659
4,discovery,1,38,4,16,number_tokens,2.125,-0.75,-0.75,0.0,False,False,meta-llama/Meta-Llama-3.1-8B-Instruct,0e9e39f249a16976918f6564b8830bc894c89659
4,discovery,1,38,4,16,random_positions,2.125,-0.75,-0.75,0.0,False,False,meta-llama/Meta-Llama-3.1-8B-Instruct,0e9e39f249a16976918f6564b8830bc894c89659
4,discovery,1,38,4,17,answer_position,2.125,-0.75,1.875,2.625,False,True,meta-llama/Meta-Llama-3.1-8B-Instruct,0e9e39f249a16976918f6564b8830bc894c89659
4,discovery,1,38,4,17,number_tokens,2.125,-0.75,-0.875,-0.125,False,False,meta-llama/Meta-Llama-3.1-8B-Instruct,0e9e39f249a16976918f6564b8830bc894c89659
4,discovery,1,38,4,17,random_positions,2.125,-0.75,-0.625,0.125,False,False,meta-llama/Meta-Llama-3.1-8B-Instruct,0e9e39f249a16976918f6564b8830bc894c89659
4,discovery,1,38,4,18,answer_position,2.125,-0.75,2.0,2.75,False,True,meta-llama/Meta-Llama-3.1-8B-Instruct,0e9e39f249a16976918f6564b8830bc894c89659
4,discovery,1,38,4,18,number_tokens,2.125,-0.75,-0.75,0.0,False,False,meta-llama/Meta-Llama-3.1-8B-Instruct,0e9e39f249a16976918f6564b8830bc894c89659
4,discovery,1,38,4,18,random_positions,2.125,-0.75,-0.75,0.0,False,False,meta-llama/Meta-Llama-3.1-8B-Instruct,0e9e39f249a16976918f6564b8830bc894c89659
4,discovery,1,38,4,19,answer_position,2.125,-0.75,1.875,2.625,False,True,meta-llama/Meta-Llama-3.1-8B-Instruct,0e9e39f249a16976918f6564b8830bc894c89659
4,discovery,1,38,4,19,number_tokens,2.125,-0.75,-0.75,0.0,False,False,meta-llama/Meta-Llama-3.1-8B-Instruct,0e9e39f249a16976918f6564b8830bc894c89659
4,discovery,1,38,4,19,random_positions,2.125,-0.75,-0.75,0.0,False,False,meta-llama/Meta-Llama-3.1-8B-Instruct,0e9e39f249a16976918f6564b8830bc894c89659
4,discovery,1,38,4,20,answer_position,2.125,-0.75,1.875,2.625,False,True,meta-llama/Meta-Llama-3.1-8B-Instruct,0e9e39f249a16976918f6564b8830bc894c89659
4,discovery,1,38,4,20,number_tokens,2.125,-0.75,-0.75,0.0,False,False,meta-llama/Meta-Llama-3.1-8B-Instruct,0e9e39f249a16976918f6564b8830bc894c89659
4,discovery,1,38,4,20,random_positions,2.125,-0.75,-0.75,0.0,False,False,meta-llama/Meta-Llama-3.1-8B-Instruct,0e9e39f249a16976918f6564b8830bc894c89659
4,discovery,1,38,4,21,answer_position,2.125,-0.75,2.0,2.75,False,True,meta-llama/Meta-Llama-3.1-8B-Instruct,0e9e39f249a16976918f6564b8830bc894c89659
4,discovery,1,38,4,21,number_tokens,2.125,-0.75,-0.75,0.0,False,False,meta-llama/Meta-Llama-3.1-8B-Instruct,0e9e39f249a16976918f6564b8830bc894c89659
4,discovery,1,38,4,21,random_positions,2.125,-0.75,-0.75,0.0,False,False,meta-llama/Meta-Llama-3.1-8B-Instruct,0e9e39f249a16976918f6564b8830bc894c89659
4,discovery,1,38,4,22,answer_position,2.125,-0.75,2.0,2.75,False,True,meta-llama/Meta-Llama-3.1-8B-Instruct,0e9e39f249a16976918f6564b8830bc894c89659
4,discovery,1,38,4,22,number_tokens,2.125,-0.75,-0.75,0.0,False,False,meta-llama/Meta-Llama-3.1-8B-Instruct,0e9e39f249a16976918f6564b8830bc894c89659
4,discovery,1,38,4,22,random_positions,2.125,-0.75,-0.75,0.0,False,False,meta-llama/Meta-Llama-3.1-8B-Instruct,0e9e39f249a16976918f6564b8830bc894c89659
4,discovery,1,38,4,23,answer_position,2.125,-0.75,2.0,2.75,False,True,meta-llama/Meta-Llama-3.1-8B-Instruct,0e9e39f249a16976918f6564b8830bc894c89659
4,discovery,1,38,4,23,number_tokens,2.125,-0.75,-0.75,0.0,False,False,meta-llama/Meta-Llama-3.1-8B-Instruct,0e9e39f249a16976918f6564b8830bc894c89659
4,discovery,1,38,4,23,random_positions,2.125,-0.75,-0.75,0.0,False,False,meta-llama/Meta-Llama-3.1-8B-Instruct,0e9e39f249a16976918f6564b8830bc894c89659
4,discovery,1,38,4,24,answer_position,2.125,-0.75,2.125,2.875,False,True,meta-llama/Meta-Llama-3.1-8B-Instruct,0e9e39f249a16976918f6564b8830bc894c89659
4,discovery,1,38,4,24,number_tokens,2.125,-0.75,-0.75,0.0,False,False,meta-llama/Meta-Llama-3.1-8B-Instruct,0e9e39f249a16976918f6564b8830bc894c89659
4,discovery,1,38,4,24,random_positions,2.125,-0.75,-0.75,0.0,False,False,meta-llama/Meta-Llama-3.1-8B-Instruct,0e9e39f249a16976918f6564b8830bc894c89659
4,discovery,1,38,4,25,answer_position,2.125,-0.75,2.0,2.75,False,True,meta-llama/Meta-Llama-3.1-8B-Instruct,0e9e39f249a16976918f6564b8830bc894c89659
4,discovery,1,38,4,25,number_tokens,2.125,-0.75,-0.75,0.0,False,False,meta-llama/Meta-Llama-3.1-8B-Instruct,0e9e39f249a16976918f6564b8830bc894c89659
4,discovery,1,38,4,25,random_positions,2.125,-0.75,-0.75,0.0,False,False,meta-llama/Meta-Llama-3.1-8B-Instruct,0e9e39f249a16976918f6564b8830bc894c89659
4,discovery,1,38,4,26,answer_position,2.125,-0.75,1.875,2.625,False,True,meta-llama/Meta-Llama-3.1-8B-Instruct,0e9e39f249a16976918f6564b8830bc894c89659
4,discovery,1,38,4,26,number_tokens,2.125,-0.75,-0.75,0.0,False,False,meta-llama/Meta-Llama-3.1-8B-Instruct,0e9e39f249a16976918f6564b8830bc894c89659
4,discovery,1,38,4,26,random_positions,2.125,-0.75,-0.625,0.125,False,False,meta-llama/Meta-Llama-3.1-8B-Instruct,0e9e39f249a16976918f6564b8830bc894c89659
4,discovery,1,38,4,27,answer_position,2.125,-0.75,2.0,2.75,False,True,meta-llama/Meta-Llama-3.1-8B-Instruct,0e9e39f249a16976918f6564b8830bc894c89659
4,discovery,1,38,4,27,number_tokens,2.125,-0.75,-0.75,0.0,False,False,meta-llama/Meta-Llama-3.1-8B-Instruct,0e9e39f249a16976918f6564b8830bc894c89659
4,discovery,1,38,4,27,random_positions,2.125,-0.75,-0.75,0.0,False,False,meta-llama/Meta-Llama-3.1-8B-Instruct,0e9e39f249a16976918f6564b8830bc894c89659
4,discovery,1,38,4,28,answer_position,2.125,-0.75,2.0,2.75,False,True,meta-llama/Meta-Llama-3.1-8B-Instruct,0e9e39f249a16976918f6564b8830bc894c89659
4,discovery,1,38,4,28,number_tokens,2.125,-0.75,-0.75,0.0,False,False,meta-llama/Meta-Llama-3.1-8B-Instruct,0e9e39f249a16976918f6564b8830bc894c89659
4,discovery,1,38,4,28,random_positions,2.125,-0.75,-0.75,0.0,False,False,meta-llama/Meta-Llama-3.1-8B-Instruct,0e9e39f249a16976918f6564b8830bc894c89659
4,discovery,1,38,4,29,answer_position,2.125,-0.75,2.125,2.875,False,True,meta-llama/Meta-Llama-3.1-8B-Instruct,0e9e39f249a16976918f6564b8830bc894c89659
4,discovery,1,38,4,29,number_tokens,2.125,-0.75,-0.75,0.0,False,False,meta-llama/Meta-Llama-3.1-8B-Instruct,0e9e39f249a16976918f6564b8830bc894c89659
4,discovery,1,38,4,29,random_positions,2.125,-0.75,-0.75,0.0,False,False,meta-llama/Meta-Llama-3.1-8B-Instruct,0e9e39f249a16976918f6564b8830bc894c89659
4,discovery,1,38,4,30,answer_position,2.125,-0.75,2.0,2.75,False,True,meta-llama/Meta-Llama-3.1-8B-Instruct,0e9e39f249a16976918f6564b8830bc894c89659
4,discovery,1,38,4,30,number_tokens,2.125,-0.75,-0.75,0.0,False,False,meta-llama/Meta-Llama-3.1-8B-Instruct,0e9e39f249a16976918f6564b8830bc894c89659
4,discovery,1,38,4,30,random_positions,2.125,-0.75,-0.75,0.0,False,False,meta-llama/Meta-Llama-3.1-8B-Instruct,0e9e39f249a16976918f6564b8830bc894c89659
4,discovery,1,38,4,31,answer_position,2.125,-0.75,2.125,2.875,False,True,meta-llama/Meta-Llama-3.1-8B-Instruct,0e9e39f249a16976918f6564b8830bc894c89659
4,discovery,1,38,4,31,number_tokens,2.125,-0.75,-0.75,0.0,False,False,meta-llama/Meta-Llama-3.1-8B-Instruct,0e9e39f249a16976918f6564b8830bc894c89659
4,discovery,1,38,4,31,random_positions,2.125,-0.75,-0.75,0.0,False,False,meta-llama/Meta-Llama-3.1-8B-Instruct,0e9e39f249a16976918f6564b8830bc894c89659
5,discovery,2,38,4,0,answer_position,2.375,-1.125,-1.125,0.0,False,False,meta-llama/Meta-Llama-3.1-8B-Instruct,0e9e39f249a16976918f6564b8830bc894c89659
5,discovery,2,38,4,0,number_tokens,2.375,-1.125,-1.125,0.0,False,False,meta-llama/Meta-Llama-3.1-8B-Instruct,0e9e39f249a16976918f6564b8830bc894c89659
5,discovery,2,38,4,0,random_positions,2.375,-1.125,-1.125,0.0,False,False,meta-llama/Meta-Llama-3.1-8B-Instruct,0e9e39f249a16976918f6564b8830bc894c89659
5,discovery,2,38,4,1,answer_position,2.375,-1.125,-1.125,0.0,False,False,meta-llama/Meta-Llama-3.1-8B-Instruct,0e9e39f249a16976918f6564b8830bc894c89659
5,discovery,2,38,4,1,number_tokens,2.375,-1.125,-1.125,0.0,False,False,meta-llama/Meta-Llama-3.1-8B-Instruct,0e9e39f249a16976918f6564b8830bc894c89659
5,discovery,2,38,4,1,random_positions,2.375,-1.125,-1.0,0.125,False,False,meta-llama/Meta-Llama-3.1-8B-Instruct,0e9e39f249a16976918f6564b8830bc894c89659
5,discovery,2,38,4,2,answer_position,2.375,-1.125,-1.125,0.0,False,False,meta-llama/Meta-Llama-3.1-8B-Instruct,0e9e39f249a16976918f6564b8830bc894c89659
5,discovery,2,38,4,2,number_tokens,2.375,-1.125,-2.75,-1.625,False,False,meta-llama/Meta-Llama-3.1-8B-Instruct,0e9e39f249a16976918f6564b8830bc894c89659
5,discovery,2,38,4,2,random_positions,2.375,-1.125,-1.125,0.0,False,False,meta-llama/Meta-Llama-3.1-8B-Instruct,0e9e39f249a16976918f6564b8830bc894c89659
5,discovery,2,38,4,3,answer_position,2.375,-1.125,-1.125,0.0,False,False,meta-llama/Meta-Llama-3.1-8B-Instruct,0e9e39f249a16976918f6564b8830bc894c89659
5,discovery,2,38,4,3,number_tokens,2.375,-1.125,-2.25,-1.125,False,False,meta-llama/Meta-Llama-3.1-8B-Instruct,0e9e39f249a16976918f6564b8830bc894c89659
5,discovery,2,38,4,3,random_positions,2.375,-1.125,-1.125,0.0,False,False,meta-llama/Meta-Llama-3.1-8B-Instruct,0e9e39f249a16976918f6564b8830bc894c89659
5,discovery,2,38,4,4,answer_position,2.375,-1.125,-1.25,-0.125,False,False,meta-llama/Meta-Llama-3.1-8B-Instruct,0e9e39f249a16976918f6564b8830bc894c89659
5,discovery,2,38,4,4,number_tokens,2.375,-1.125,-1.75,-0.625,False,False,meta-llama/Meta-Llama-3.1-8B-Instruct,0e9e39f249a16976918f6564b8830bc894c89659
5,discovery,2,38,4,4,random_positions,2.375,-1.125,-1.125,0.0,False,False,meta-llama/Meta-Llama-3.1-8B-Instruct,0e9e39f249a16976918f6564b8830bc894c89659
5,discovery,2,38,4,5,answer_position,2.375,-1.125,-1.125,0.0,False,False,meta-llama/Meta-Llama-3.1-8B-Instruct,0e9e39f249a16976918f6564b8830bc894c89659
5,discovery,2,38,4,5,number_tokens,2.375,-1.125,-1.875,-0.75,False,False,meta-llama/Meta-Llama-3.1-8B-Instruct,0e9e39f249a16976918f6564b8830bc894c89659
5,discovery,2,38,4,5,random_positions,2.375,-1.125,-1.125,0.0,False,False,meta-llama/Meta-Llama-3.1-8B-Instruct,0e9e39f249a16976918f6564b8830bc894c89659
5,discovery,2,38,4,6,answer_position,2.375,-1.125,-1.125,0.0,False,False,meta-llama/Meta-Llama-3.1-8B-Instruct,0e9e39f249a16976918f6564b8830bc894c89659
5,discovery,2,38,4,6,number_tokens,2.375,-1.125,-0.625,0.5,False,False,meta-llama/Meta-Llama-3.1-8B-Instruct,0e9e39f249a16976918f6564b8830bc894c89659
5,discovery,2,38,4,6,random_positions,2.375,-1.125,-1.125,0.0,False,False,meta-llama/Meta-Llama-3.1-8B-Instruct,0e9e39f249a16976918f6564b8830bc894c89659
5,discovery,2,38,4,7,answer_position,2.375,-1.125,-1.25,-0.125,False,False,meta-llama/Meta-Llama-3.1-8B-Instruct,0e9e39f249a16976918f6564b8830bc894c89659
5,discovery,2,38,4,7,number_tokens,2.375,-1.125,-0.5,0.625,False,False,meta-llama/Meta-Llama-3.1-8B-Instruct,0e9e39f249a16976918f6564b8830bc894c89659
5,discovery,2,38,4,7,random_positions,2.375,-1.125,-1.0,0.125,False,False,meta-llama/Meta-Llama-3.1-8B-Instruct,0e9e39f249a16976918f6564b8830bc894c89659
5,discovery,2,38,4,8,answer_position,2.375,-1.125,-1.25,-0.125,False,False,meta-llama/Meta-Llama-3.1-8B-Instruct,0e9e39f249a16976918f6564b8830bc894c89659
5,discovery,2,38,4,8,number_tokens,2.375,-1.125,0.0,1.125,False,False,meta-llama/Meta-Llama-3.1-8B-Instruct,0e9e39f249a16976918f6564b8830bc894c89659
5,discovery,2,38,4,8,random_positions,2.375,-1.125,-1.0,0.125,False,False,meta-llama/Meta-Llama-3.1-8B-Instruct,0e9e39f249a16976918f6564b8830bc894c89659
5,discovery,2,38,4,9,answer_position,2.375,-1.125,-1.125,0.0,False,False,meta-llama/Meta-Llama-3.1-8B-Instruct,0e9e39f249a16976918f6564b8830bc894c89659
5,discovery,2,38,4,9,number_tokens,2.375,-1.125,0.0,1.125,False,False,meta-llama/Meta-Llama-3.1-8B-Instruct,0e9e39f249a16976918f6564b8830bc894c89659
5,discovery,2,38,4,9,random_positions,2.375,-1.125,-1.125,0.0,False,False,meta-llama/Meta-Llama-3.1-8B-Instruct,0e9e39f249a16976918f6564b8830bc894c89659
5,discovery,2,38,4,10,answer_position,2.375,-1.125,-1.125,0.0,False,False,meta-llama/Meta-Llama-3.1-8B-Instruct,0e9e39f249a16976918f6564b8830bc894c89659
5,discovery,2,38,4,10,number_tokens,2.375,-1.125,-0.125,1.0,False,False,meta-llama/Meta-Llama-3.1-8B-Instruct,0e9e39f249a16976918f6564b8830bc894c89659
5,discovery,2,38,4,10,random_positions,2.375,-1.125,-1.125,0.0,False,False,meta-llama/Meta-Llama-3.1-8B-Instruct,0e9e39f249a16976918f6564b8830bc894c89659
5,discovery,2,38,4,11,answer_position,2.375,-1.125,-1.25,-0.125,False,False,meta-llama/Meta-Llama-3.1-8B-Instruct,0e9e39f249a16976918f6564b8830bc894c89659
5,discovery,2,38,4,11,number_tokens,2.375,-1.125,-0.625,0.5,False,False,meta-llama/Meta-Llama-3.1-8B-Instruct,0e9e39f249a16976918f6564b8830bc894c89659
5,discovery,2,38,4,11,random_positions,2.375,-1.125,-1.0,0.125,False,False,meta-llama/Meta-Llama-3.1-8B-Instruct,0e9e39f249a16976918f6564b8830bc894c89659
5,discovery,2,38,4,12,answer_position,2.375,-1.125,-1.125,0.0,False,False,meta-llama/Meta-Llama-3.1-8B-Instruct,0e9e39f249a16976918f6564b8830bc894c89659
5,discovery,2,38,4,12,number_tokens,2.375,-1.125,-0.5,0.625,False,False,meta-llama/Meta-Llama-3.1-8B-Instruct,0e9e39f249a16976918f6564b8830bc894c89659
5,discovery,2,38,4,12,random_positions,2.375,-1.125,-1.125,0.0,False,False,meta-llama/Meta-Llama-3.1-8B-Instruct,0e9e39f249a16976918f6564b8830bc894c89659
5,discovery,2,38,4,13,answer_position,2.375,-1.125,-0.75,0.375,False,False,meta-llama/Meta-Llama-3.1-8B-Instruct,0e9e39f249a16976918f6564b8830bc894c89659
5,discovery,2,38,4,13,number_tokens,2.375,-1.125,-0.875,0.25,False,False,meta-llama/Meta-Llama-3.1-8B-Instruct,0e9e39f249a16976918f6564b8830bc894c89659
5,discovery,2,38,4,13,random_positions,2.375,-1.125,-1.125,0.0,False,False,meta-llama/Meta-Llama-3.1-8B-Instruct,0e9e39f249a16976918f6564b8830bc894c89659
5,discovery,2,38,4,14,answer_position,2.375,-1.125,-0.25,0.875,False,False,meta-llama/Meta-Llama-3.1-8B-Instruct,0e9e39f249a16976918f6564b8830bc894c89659
5,discovery,2,38,4,14,number_tokens,2.375,-1.125,-1.0,0.125,False,False,meta-llama/Meta-Llama-3.1-8B-Instruct,0e9e39f249a16976918f6564b8830bc894c89659
5,discovery,2,38,4,14,random_positions,2.375,-1.125,-1.125,0.0,False,False,meta-llama/Meta-Llama-3.1-8B-Instruct,0e9e39f249a16976918f6564b8830bc894c89659
5,discovery,2,38,4,15,answer_position,2.375,-1.125,0.25,1.375,False,True,meta-llama/Meta-Llama-3.1-8B-Instruct,0e9e39f249a16976918f6564b8830bc894c89659
5,discovery,2,38,4,15,number_tokens,2.375,-1.125,-1.375,-0.25,False,False,meta-llama/Meta-Llama-3.1-8B-Instruct,0e9e39f249a16976918f6564b8830bc894c89659
5,discovery,2,38,4,15,random_positions,2.375,-1.125,-1.125,0.0,False,False,meta-llama/Meta-Llama-3.1-8B-Instruct,0e9e39f249a16976918f6564b8830bc894c89659
5,discovery,2,38,4,16,answer_position,2.375,-1.125,-0.625,0.5,False,False,meta-llama/Meta-Llama-3.1-8B-Instruct,0e9e39f249a16976918f6564b8830bc894c89659
5,discovery,2,38,4,16,number_tokens,2.375,-1.125,-1.375,-0.25,False,False,meta-llama/Meta-Llama-3.1-8B-Instruct,0e9e39f249a16976918f6564b8830bc894c89659
5,discovery,2,38,4,16,random_positions,2.375,-1.125,-1.125,0.0,False,False,meta-llama/Meta-Llama-3.1-8B-Instruct,0e9e39f249a16976918f6564b8830bc894c89659
5,discovery,2,38,4,17,answer_position,2.375,-1.125,2.125,3.25,False,True,meta-llama/Meta-Llama-3.1-8B-Instruct,0e9e39f249a16976918f6564b8830bc894c89659
5,discovery,2,38,4,17,number_tokens,2.375,-1.125,-1.25,-0.125,False,False,meta-llama/Meta-Llama-3.1-8B-Instruct,0e9e39f249a16976918f6564b8830bc894c89659
5,discovery,2,38,4,17,random_positions,2.375,-1.125,-1.25,-0.125,False,False,meta-llama/Meta-Llama-3.1-8B-Instruct,0e9e39f249a16976918f6564b8830bc894c89659
5,discovery,2,38,4,18,answer_position,2.375,-1.125,2.125,3.25,False,True,meta-llama/Meta-Llama-3.1-8B-Instruct,0e9e39f249a16976918f6564b8830bc894c89659
5,discovery,2,38,4,18,number_tokens,2.375,-1.125,-1.125,0.0,False,False,meta-llama/Meta-Llama-3.1-8B-Instruct,0e9e39f249a16976918f6564b8830bc894c89659
5,discovery,2,38,4,18,random_positions,2.375,-1.125,-1.25,-0.125,False,False,meta-llama/Meta-Llama-3.1-8B-Instruct,0e9e39f249a16976918f6564b8830bc894c89659
5,discovery,2,38,4,19,answer_position,2.375,-1.125,2.125,3.25,False,True,meta-llama/Meta-Llama-3.1-8B-Instruct,0e9e39f249a16976918f6564b8830bc894c89659
5,discovery,2,38,4,19,number_tokens,2.375,-1.125,-1.25,-0.125,False,False,meta-llama/Meta-Llama-3.1-8B-Instruct,0e9e39f249a16976918f6564b8830bc894c89659
5,discovery,2,38,4,19,random_positions,2.375,-1.125,-1.125,0.0,False,False,meta-llama/Meta-Llama-3.1-8B-Instruct,0e9e39f249a16976918f6564b8830bc894c89659
5,discovery,2,38,4,20,answer_position,2.375,-1.125,2.125,3.25,False,True,meta-llama/Meta-Llama-3.1-8B-Instruct,0e9e39f249a16976918f6564b8830bc894c89659
5,discovery,2,38,4,20,number_tokens,2.375,-1.125,-1.125,0.0,False,False,meta-llama/Meta-Llama-3.1-8B-Instruct,0e9e39f249a16976918f6564b8830bc894c89659
5,discovery,2,38,4,20,random_positions,2.375,-1.125,-1.125,0.0,False,False,meta-llama/Meta-Llama-3.1-8B-Instruct,0e9e39f249a16976918f6564b8830bc894c89659
5,discovery,2,38,4,21,answer_position,2.375,-1.125,2.25,3.375,False,True,meta-llama/Meta-Llama-3.1-8B-Instruct,0e9e39f249a16976918f6564b8830bc894c89659
5,discovery,2,38,4,21,number_tokens,2.375,-1.125,-1.125,0.0,False,False,meta-llama/Meta-Llama-3.1-8B-Instruct,0e9e39f249a16976918f6564b8830bc894c89659
5,discovery,2,38,4,21,random_positions,2.375,-1.125,-1.125,0.0,False,False,meta-llama/Meta-Llama-3.1-8B-Instruct,0e9e39f249a16976918f6564b8830bc894c89659
5,discovery,2,38,4,22,answer_position,2.375,-1.125,2.25,3.375,False,True,meta-llama/Meta-Llama-3.1-8B-Instruct,0e9e39f249a16976918f6564b8830bc894c89659
5,discovery,2,38,4,22,number_tokens,2.375,-1.125,-1.125,0.0,False,False,meta-llama/Meta-Llama-3.1-8B-Instruct,0e9e39f249a16976918f6564b8830bc894c89659
5,discovery,2,38,4,22,random_positions,2.375,-1.125,-1.125,0.0,False,False,meta-llama/Meta-Llama-3.1-8B-Instruct,0e9e39f249a16976918f6564b8830bc894c89659
5,discovery,2,38,4,23,answer_position,2.375,-1.125,2.25,3.375,False,True,meta-llama/Meta-Llama-3.1-8B-Instruct,0e9e39f249a16976918f6564b8830bc894c89659
5,discovery,2,38,4,23,number_tokens,2.375,-1.125,-1.125,0.0,False,False,meta-llama/Meta-Llama-3.1-8B-Instruct,0e9e39f249a16976918f6564b8830bc894c89659
5,discovery,2,38,4,23,random_positions,2.375,-1.125,-1.125,0.0,False,False,meta-llama/Meta-Llama-3.1-8B-Instruct,0e9e39f249a16976918f6564b8830bc894c89659
5,discovery,2,38,4,24,answer_position,2.375,-1.125,2.25,3.375,False,True,meta-llama/Meta-Llama-3.1-8B-Instruct,0e9e39f249a16976918f6564b8830bc894c89659
5,discovery,2,38,4,24,number_tokens,2.375,-1.125,-1.125,0.0,False,False,meta-llama/Meta-Llama-3.1-8B-Instruct,0e9e39f249a16976918f6564b8830bc894c89659
5,discovery,2,38,4,24,random_positions,2.375,-1.125,-1.125,0.0,False,False,meta-llama/Meta-Llama-3.1-8B-Instruct,0e9e39f249a16976918f6564b8830bc894c89659
5,discovery,2,38,4,25,answer_position,2.375,-1.125,2.25,3.375,False,True,meta-llama/Meta-Llama-3.1-8B-Instruct,0e9e39f249a16976918f6564b8830bc894c89659
5,discovery,2,38,4,25,number_tokens,2.375,-1.125,-1.25,-0.125,False,False,meta-llama/Meta-Llama-3.1-8B-Instruct,0e9e39f249a16976918f6564b8830bc894c89659
5,discovery,2,38,4,25,random_positions,2.375,-1.125,-1.125,0.0,False,False,meta-llama/Meta-Llama-3.1-8B-Instruct,0e9e39f249a16976918f6564b8830bc894c89659
5,discovery,2,38,4,26,answer_position,2.375,-1.125,2.125,3.25,False,True,meta-llama/Meta-Llama-3.1-8B-Instruct,0e9e39f249a16976918f6564b8830bc894c89659
5,discovery,2,38,4,26,number_tokens,2.375,-1.125,-1.25,-0.125,False,False,meta-llama/Meta-Llama-3.1-8B-Instruct,0e9e39f249a16976918f6564b8830bc894c89659
5,discovery,2,38,4,26,random_positions,2.375,-1.125,-1.125,0.0,False,False,meta-llama/Meta-Llama-3.1-8B-Instruct,0e9e39f249a16976918f6564b8830bc894c89659
5,discovery,2,38,4,27,answer_position,2.375,-1.125,2.25,3.375,False,True,meta-llama/Meta-Llama-3.1-8B-Instruct,0e9e39f249a16976918f6564b8830bc894c89659
5,discovery,2,38,4,27,number_tokens,2.375,-1.125,-1.25,-0.125,False,False,meta-llama/Meta-Llama-3.1-8B-Instruct,0e9e39f249a16976918f6564b8830bc894c89659
5,discovery,2,38,4,27,random_positions,2.375,-1.125,-1.25,-0.125,False,False,meta-llama/Meta-Llama-3.1-8B-Instruct,0e9e39f249a16976918f6564b8830bc894c89659
5,discovery,2,38,4,28,answer_position,2.375,-1.125,2.25,3.375,False,True,meta-llama/Meta-Llama-3.1-8B-Instruct,0e9e39f249a16976918f6564b8830bc894c89659
5,discovery,2,38,4,28,number_tokens,2.375,-1.125,-1.125,0.0,False,False,meta-llama/Meta-Llama-3.1-8B-Instruct,0e9e39f249a16976918f6564b8830bc894c89659
5,discovery,2,38,4,28,random_positions,2.375,-1.125,-1.25,-0.125,False,False,meta-llama/Meta-Llama-3.1-8B-Instruct,0e9e39f249a16976918f6564b8830bc894c89659
5,discovery,2,38,4,29,answer_position,2.375,-1.125,2.25,3.375,False,True,meta-llama/Meta-Llama-3.1-8B-Instruct,0e9e39f249a16976918f6564b8830bc894c89659
5,discovery,2,38,4,29,number_tokens,2.375,-1.125,-1.125,0.0,False,False,meta-llama/Meta-Llama-3.1-8B-Instruct,0e9e39f249a16976918f6564b8830bc894c89659
5,discovery,2,38,4,29,random_positions,2.375,-1.125,-1.125,0.0,False,False,meta-llama/Meta-Llama-3.1-8B-Instruct,0e9e39f249a16976918f6564b8830bc894c89659
5,discovery,2,38,4,30,answer_position,2.375,-1.125,2.25,3.375,False,True,meta-llama/Meta-Llama-3.1-8B-Instruct,0e9e39f249a16976918f6564b8830bc894c89659
5,discovery,2,38,4,30,number_tokens,2.375,-1.125,-1.125,0.0,False,False,meta-llama/Meta-Llama-3.1-8B-Instruct,0e9e39f249a16976918f6564b8830bc894c89659
5,discovery,2,38,4,30,random_positions,2.375,-1.125,-1.125,0.0,False,False,meta-llama/Meta-Llama-3.1-8B-Instruct,0e9e39f249a16976918f6564b8830bc894c89659
5,discovery,2,38,4,31,answer_position,2.375,-1.125,2.375,3.5,False,True,meta-llama/Meta-Llama-3.1-8B-Instruct,0e9e39f249a16976918f6564b8830bc894c89659
5,discovery,2,38,4,31,number_tokens,2.375,-1.125,-1.125,0.0,False,False,meta-llama/Meta-Llama-3.1-8B-Instruct,0e9e39f249a16976918f6564b8830bc894c89659
5,discovery,2,38,4,31,random_positions,2.375,-1.125,-1.125,0.0,False,False,meta-llama/Meta-Llama-3.1-8B-Instruct,0e9e39f249a16976918f6564b8830bc894c89659
6,discovery,2,39,2,0,answer_position,1.5,-1.125,-1.125,0.0,False,False,meta-llama/Meta-Llama-3.1-8B-Instruct,0e9e39f249a16976918f6564b8830bc894c89659
6,discovery,2,39,2,0,number_tokens,1.5,-1.125,-0.875,0.25,False,False,meta-llama/Meta-Llama-3.1-8B-Instruct,0e9e39f249a16976918f6564b8830bc894c89659
6,discovery,2,39,2,0,random_positions,1.5,-1.125,-1.25,-0.125,False,False,meta-llama/Meta-Llama-3.1-8B-Instruct,0e9e39f249a16976918f6564b8830bc894c89659
6,discovery,2,39,2,1,answer_position,1.5,-1.125,-1.125,0.0,False,False,meta-llama/Meta-Llama-3.1-8B-Instruct,0e9e39f249a16976918f6564b8830bc894c89659
6,discovery,2,39,2,1,number_tokens,1.5,-1.125,-1.125,0.0,False,False,meta-llama/Meta-Llama-3.1-8B-Instruct,0e9e39f249a16976918f6564b8830bc894c89659
6,discovery,2,39,2,1,random_positions,1.5,-1.125,-1.25,-0.125,False,False,meta-llama/Meta-Llama-3.1-8B-Instruct,0e9e39f249a16976918f6564b8830bc894c89659
6,discovery,2,39,2,2,answer_position,1.5,-1.125,-1.125,0.0,False,False,meta-llama/Meta-Llama-3.1-8B-Instruct,0e9e39f249a16976918f6564b8830bc894c89659
6,discovery,2,39,2,2,number_tokens,1.5,-1.125,-3.375,-2.25,False,False,meta-llama/Meta-Llama-3.1-8B-Instruct,0e9e39f249a16976918f6564b8830bc894c89659
6,discovery,2,39,2,2,random_positions,1.5,-1.125,-1.125,0.0,False,False,meta-llama/Meta-Llama-3.1-8B-Instruct,0e9e39f249a16976918f6564b8830bc894c89659
6,discovery,2,39,2,3,answer_position,1.5,-1.125,-1.125,0.0,False,False,meta-llama/Meta-Llama-3.1-8B-Instruct,0e9e39f249a16976918f6564b8830bc894c89659
6,discovery,2,39,2,3,number_tokens,1.5,-1.125,-3.0,-1.875,False,False,meta-llama/Meta-Llama-3.1-8B-Instruct,0e9e39f249a16976918f6564b8830bc894c89659
6,discovery,2,39,2,3,random_positions,1.5,-1.125,-1.125,0.0,False,False,meta-llama/Meta-Llama-3.1-8B-Instruct,0e9e39f249a16976918f6564b8830bc894c89659
6,discovery,2,39,2,4,answer_position,1.5,-1.125,-1.25,-0.125,False,False,meta-llama/Meta-Llama-3.1-8B-Instruct,0e9e39f249a16976918f6564b8830bc894c89659
6,discovery,2,39,2,4,number_tokens,1.5,-1.125,-2.625,-1.5,False,False,meta-llama/Meta-Llama-3.1-8B-Instruct,0e9e39f249a16976918f6564b8830bc894c89659
6,discovery,2,39,2,4,random_positions,1.5,-1.125,-1.125,0.0,False,False,meta-llama/Meta-Llama-3.1-8B-Instruct,0e9e39f249a16976918f6564b8830bc894c89659
6,discovery,2,39,2,5,answer_position,1.5,-1.125,-1.125,0.0,False,False,meta-llama/Meta-Llama-3.1-8B-Instruct,0e9e39f249a16976918f6564b8830bc894c89659
6,discovery,2,39,2,5,number_tokens,1.5,-1.125,-3.25,-2.125,False,False,meta-llama/Meta-Llama-3.1-8B-Instruct,0e9e39f249a16976918f6564b8830bc894c89659
6,discovery,2,39,2,5,random_positions,1.5,-1.125,-1.125,0.0,False,False,meta-llama/Meta-Llama-3.1-8B-Instruct,0e9e39f249a16976918f6564b8830bc894c89659
6,discovery,2,39,2,6,answer_position,1.5,-1.125,-1.25,-0.125,False,False,meta-llama/Meta-Llama-3.1-8B-Instruct,0e9e39f249a16976918f6564b8830bc894c89659
6,discovery,2,39,2,6,number_tokens,1.5,-1.125,-1.5,-0.375,False,False,meta-llama/Meta-Llama-3.1-8B-Instruct,0e9e39f249a16976918f6564b8830bc894c89659
6,discovery,2,39,2,6,random_positions,1.5,-1.125,-1.125,0.0,False,False,meta-llama/Meta-Llama-3.1-8B-Instruct,0e9e39f249a16976918f6564b8830bc894c89659
6,discovery,2,39,2,7,answer_position,1.5,-1.125,-1.125,0.0,False,False,meta-llama/Meta-Llama-3.1-8B-Instruct,0e9e39f249a16976918f6564b8830bc894c89659
6,discovery,2,39,2,7,number_tokens,1.5,-1.125,-0.5,0.625,False,False,meta-llama/Meta-Llama-3.1-8B-Instruct,0e9e39f249a16976918f6564b8830bc894c89659
6,discovery,2,39,2,7,random_positions,1.5,-1.125,-1.0,0.125,False,False,meta-llama/Meta-Llama-3.1-8B-Instruct,0e9e39f249a16976918f6564b8830bc894c89659
6,discovery,2,39,2,8,answer_position,1.5,-1.125,-1.125,0.0,False,False,meta-llama/Meta-Llama-3.1-8B-Instruct,0e9e39f249a16976918f6564b8830bc894c89659
6,discovery,2,39,2,8,number_tokens,1.5,-1.125,0.875,2.0,False,True,meta-llama/Meta-Llama-3.1-8B-Instruct,0e9e39f249a16976918f6564b8830bc894c89659
6,discovery,2,39,2,8,random_positions,1.5,-1.125,-1.0,0.125,False,False,meta-llama/Meta-Llama-3.1-8B-Instruct,0e9e39f249a16976918f6564b8830bc894c89659
6,discovery,2,39,2,9,answer_position,1.5,-1.125,-1.125,0.0,False,False,meta-llama/Meta-Llama-3.1-8B-Instruct,0e9e39f249a16976918f6564b8830bc894c89659
6,discovery,2,39,2,9,number_tokens,1.5,-1.125,0.5,1.625,False,True,meta-llama/Meta-Llama-3.1-8B-Instruct,0e9e39f249a16976918f6564b8830bc894c89659
6,discovery,2,39,2,9,random_positions,1.5,-1.125,-1.0,0.125,False,False,meta-llama/Meta-Llama-3.1-8B-Instruct,0e9e39f249a16976918f6564b8830bc894c89659
6,discovery,2,39,2,10,answer_position,1.5,-1.125,-1.125,0.0,False,False,meta-llama/Meta-Llama-3.1-8B-Instruct,0e9e39f249a16976918f6564b8830bc894c89659
6,discovery,2,39,2,10,number_tokens,1.5,-1.125,0.0,1.125,False,False,meta-llama/Meta-Llama-3.1-8B-Instruct,0e9e39f249a16976918f6564b8830bc894c89659
6,discovery,2,39,2,10,random_positions,1.5,-1.125,-1.0,0.125,False,False,meta-llama/Meta-Llama-3.1-8B-Instruct,0e9e39f249a16976918f6564b8830bc894c89659
6,discovery,2,39,2,11,answer_position,1.5,-1.125,-1.25,-0.125,False,False,meta-llama/Meta-Llama-3.1-8B-Instruct,0e9e39f249a16976918f6564b8830bc894c89659
6,discovery,2,39,2,11,number_tokens,1.5,-1.125,0.125,1.25,False,True,meta-llama/Meta-Llama-3.1-8B-Instruct,0e9e39f249a16976918f6564b8830bc894c89659
6,discovery,2,39,2,11,random_positions,1.5,-1.125,-1.0,0.125,False,False,meta-llama/Meta-Llama-3.1-8B-Instruct,0e9e39f249a16976918f6564b8830bc894c89659
6,discovery,2,39,2,12,answer_position,1.5,-1.125,-1.0,0.125,False,False,meta-llama/Meta-Llama-3.1-8B-Instruct,0e9e39f249a16976918f6564b8830bc894c89659
6,discovery,2,39,2,12,number_tokens,1.5,-1.125,-0.125,1.0,False,False,meta-llama/Meta-Llama-3.1-8B-Instruct,0e9e39f249a16976918f6564b8830bc894c89659
6,discovery,2,39,2,12,random_positions,1.5,-1.125,-0.5,0.625,False,False,meta-llama/Meta-Llama-3.1-8B-Instruct,0e9e39f249a16976918f6564b8830bc894c89659
6,discovery,2,39,2,13,answer_position,1.5,-1.125,-0.625,0.5,False,False,meta-llama/Meta-Llama-3.1-8B-Instruct,0e9e39f249a16976918f6564b8830bc894c89659
6,discovery,2,39,2,13,number_tokens,1.5,-1.125,-0.5,0.625,False,False,meta-llama/Meta-Llama-3.1-8B-Instruct,0e9e39f249a16976918f6564b8830bc894c89659
6,discovery,2,39,2,13,random_positions,1.5,-1.125,-0.625,0.5,False,False,meta-llama/Meta-Llama-3.1-8B-Instruct,0e9e39f249a16976918f6564b8830bc894c89659
6,discovery,2,39,2,14,answer_position,1.5,-1.125,-0.25,0.875,False,False,meta-llama/Meta-Llama-3.1-8B-Instruct,0e9e39f249a16976918f6564b8830bc894c89659
6,discovery,2,39,2,14,number_tokens,1.5,-1.125,-0.875,0.25,False,False,meta-llama/Meta-Llama-3.1-8B-Instruct,0e9e39f249a16976918f6564b8830bc894c89659
6,discovery,2,39,2,14,random_positions,1.5,-1.125,-0.75,0.375,False,False,meta-llama/Meta-Llama-3.1-8B-Instruct,0e9e39f249a16976918f6564b8830bc894c89659
6,discovery,2,39,2,15,answer_position,1.5,-1.125,-0.125,1.0,False,False,meta-llama/Meta-Llama-3.1-8B-Instruct,0e9e39f249a16976918f6564b8830bc894c89659
6,discovery,2,39,2,15,number_tokens,1.5,-1.125,-1.25,-0.125,False,False,meta-llama/Meta-Llama-3.1-8B-Instruct,0e9e39f249a16976918f6564b8830bc894c89659
6,discovery,2,39,2,15,random_positions,1.5,-1.125,-0.875,0.25,False,False,meta-llama/Meta-Llama-3.1-8B-Instruct,0e9e39f249a16976918f6564b8830bc894c89659
6,discovery,2,39,2,16,answer_position,1.5,-1.125,-0.875,0.25,False,False,meta-llama/Meta-Llama-3.1-8B-Instruct,0e9e39f249a16976918f6564b8830bc894c89659
6,discovery,2,39,2,16,number_tokens,1.5,-1.125,-1.25,-0.125,False,False,meta-llama/Meta-Llama-3.1-8B-Instruct,0e9e39f249a16976918f6564b8830bc894c89659
6,discovery,2,39,2,16,random_positions,1.5,-1.125,-0.625,0.5,False,False,meta-llama/Meta-Llama-3.1-8B-Instruct,0e9e39f249a16976918f6564b8830bc894c89659
6,discovery,2,39,2,17,answer_position,1.5,-1.125,1.625,2.75,False,True,meta-llama/Meta-Llama-3.1-8B-Instruct,0e9e39f249a16976918f6564b8830bc894c89659
6,discovery,2,39,2,17,number_tokens,1.5,-1.125,-1.125,0.0,False,False,meta-llama/Meta-Llama-3.1-8B-Instruct,0e9e39f249a16976918f6564b8830bc894c89659
6,discovery,2,39,2,17,random_positions,1.5,-1.125,-1.0,0.125,False,False,meta-llama/Meta-Llama-3.1-8B-Instruct,0e9e39f249a16976918f6564b8830bc894c89659
6,discovery,2,39,2,18,answer_position,1.5,-1.125,1.5,2.625,False,True,meta-llama/Meta-Llama-3.1-8B-Instruct,0e9e39f249a16976918f6564b8830bc894c89659
6,discovery,2,39,2,18,number_tokens,1.5,-1.125,-1.25,-0.125,False,False,meta-llama/Meta-Llama-3.1-8B-Instruct,0e9e39f249a16976918f6564b8830bc894c89659
6,discovery,2,39,2,18,random_positions,1.5,-1.125,-1.125,0.0,False,False,meta-llama/Meta-Llama-3.1-8B-Instruct,0e9e39f249a16976918f6564b8830bc894c89659
6,discovery,2,39,2,19,answer_position,1.5,-1.125,1.625,2.75,False,True,meta-llama/Meta-Llama-3.1-8B-Instruct,0e9e39f249a16976918f6564b8830bc894c89659
6,discovery,2,39,2,19,number_tokens,1.5,-1.125,-1.25,-0.125,False,False,meta-llama/Meta-Llama-3.1-8B-Instruct,0e9e39f249a16976918f6564b8830bc894c89659
6,discovery,2,39,2,19,random_positions,1.5,-1.125,-1.125,0.0,False,False,meta-llama/Meta-Llama-3.1-8B-Instruct,0e9e39f249a16976918f6564b8830bc894c89659
6,discovery,2,39,2,20,answer_position,1.5,-1.125,1.75,2.875,False,True,meta-llama/Meta-Llama-3.1-8B-Instruct,0e9e39f249a16976918f6564b8830bc894c89659
6,discovery,2,39,2,20,number_tokens,1.5,-1.125,-1.25,-0.125,False,False,meta-llama/Meta-Llama-3.1-8B-Instruct,0e9e39f249a16976918f6564b8830bc894c89659
6,discovery,2,39,2,20,random_positions,1.5,-1.125,-1.125,0.0,False,False,meta-llama/Meta-Llama-3.1-8B-Instruct,0e9e39f249a16976918f6564b8830bc894c89659
6,discovery,2,39,2,21,answer_position,1.5,-1.125,1.75,2.875,False,True,meta-llama/Meta-Llama-3.1-8B-Instruct,0e9e39f249a16976918f6564b8830bc894c89659
6,discovery,2,39,2,21,number_tokens,1.5,-1.125,-1.125,0.0,False,False,meta-llama/Meta-Llama-3.1-8B-Instruct,0e9e39f249a16976918f6564b8830bc894c89659
6,discovery,2,39,2,21,random_positions,1.5,-1.125,-1.125,0.0,False,False,meta-llama/Meta-Llama-3.1-8B-Instruct,0e9e39f249a16976918f6564b8830bc894c89659
6,discovery,2,39,2,22,answer_position,1.5,-1.125,1.625,2.75,False,True,meta-llama/Meta-Llama-3.1-8B-Instruct,0e9e39f249a16976918f6564b8830bc894c89659
6,discovery,2,39,2,22,number_tokens,1.5,-1.125,-1.125,0.0,False,False,meta-llama/Meta-Llama-3.1-8B-Instruct,0e9e39f249a16976918f6564b8830bc894c89659
6,discovery,2,39,2,22,random_positions,1.5,-1.125,-1.25,-0.125,False,False,meta-llama/Meta-Llama-3.1-8B-Instruct,0e9e39f249a16976918f6564b8830bc894c89659
6,discovery,2,39,2,23,answer_position,1.5,-1.125,1.625,2.75,False,True,meta-llama/Meta-Llama-3.1-8B-Instruct,0e9e39f249a16976918f6564b8830bc894c89659
6,discovery,2,39,2,23,number_tokens,1.5,-1.125,-1.25,-0.125,False,False,meta-llama/Meta-Llama-3.1-8B-Instruct,0e9e39f249a16976918f6564b8830bc894c89659
6,discovery,2,39,2,23,random_positions,1.5,-1.125,-1.25,-0.125,False,False,meta-llama/Meta-Llama-3.1-8B-Instruct,0e9e39f249a16976918f6564b8830bc894c89659
6,discovery,2,39,2,24,answer_position,1.5,-1.125,1.625,2.75,False,True,meta-llama/Meta-Llama-3.1-8B-Instruct,0e9e39f249a16976918f6564b8830bc894c89659
6,discovery,2,39,2,24,number_tokens,1.5,-1.125,-1.125,0.0,False,False,meta-llama/Meta-Llama-3.1-8B-Instruct,0e9e39f249a16976918f6564b8830bc894c89659
6,discovery,2,39,2,24,random_positions,1.5,-1.125,-1.125,0.0,False,False,meta-llama/Meta-Llama-3.1-8B-Instruct,0e9e39f249a16976918f6564b8830bc894c89659
6,discovery,2,39,2,25,answer_position,1.5,-1.125,1.625,2.75,False,True,meta-llama/Meta-Llama-3.1-8B-Instruct,0e9e39f249a16976918f6564b8830bc894c89659
6,discovery,2,39,2,25,number_tokens,1.5,-1.125,-1.125,0.0,False,False,meta-llama/Meta-Llama-3.1-8B-Instruct,0e9e39f249a16976918f6564b8830bc894c89659
6,discovery,2,39,2,25,random_positions,1.5,-1.125,-1.25,-0.125,False,False,meta-llama/Meta-Llama-3.1-8B-Instruct,0e9e39f249a16976918f6564b8830bc894c89659
6,discovery,2,39,2,26,answer_position,1.5,-1.125,1.5,2.625,False,True,meta-llama/Meta-Llama-3.1-8B-Instruct,0e9e39f249a16976918f6564b8830bc894c89659
6,discovery,2,39,2,26,number_tokens,1.5,-1.125,-1.125,0.0,False,False,meta-llama/Meta-Llama-3.1-8B-Instruct,0e9e39f249a16976918f6564b8830bc894c89659
6,discovery,2,39,2,26,random_positions,1.5,-1.125,-1.125,0.0,False,False,meta-llama/Meta-Llama-3.1-8B-Instruct,0e9e39f249a16976918f6564b8830bc894c89659
6,discovery,2,39,2,27,answer_position,1.5,-1.125,1.5,2.625,False,True,meta-llama/Meta-Llama-3.1-8B-Instruct,0e9e39f249a16976918f6564b8830bc894c89659
6,discovery,2,39,2,27,number_tokens,1.5,-1.125,-1.25,-0.125,False,False,meta-llama/Meta-Llama-3.1-8B-Instruct,0e9e39f249a16976918f6564b8830bc894c89659
6,discovery,2,39,2,27,random_positions,1.5,-1.125,-1.125,0.0,False,False,meta-llama/Meta-Llama-3.1-8B-Instruct,0e9e39f249a16976918f6564b8830bc894c89659
6,discovery,2,39,2,28,answer_position,1.5,-1.125,1.5,2.625,False,True,meta-llama/Meta-Llama-3.1-8B-Instruct,0e9e39f249a16976918f6564b8830bc894c89659
6,discovery,2,39,2,28,number_tokens,1.5,-1.125,-1.125,0.0,False,False,meta-llama/Meta-Llama-3.1-8B-Instruct,0e9e39f249a16976918f6564b8830bc894c89659
6,discovery,2,39,2,28,random_positions,1.5,-1.125,-1.125,0.0,False,False,meta-llama/Meta-Llama-3.1-8B-Instruct,0e9e39f249a16976918f6564b8830bc894c89659
6,discovery,2,39,2,29,answer_position,1.5,-1.125,1.5,2.625,False,True,meta-llama/Meta-Llama-3.1-8B-Instruct,0e9e39f249a16976918f6564b8830bc894c89659
6,discovery,2,39,2,29,number_tokens,1.5,-1.125,-1.125,0.0,False,False,meta-llama/Meta-Llama-3.1-8B-Instruct,0e9e39f249a16976918f6564b8830bc894c89659
6,discovery,2,39,2,29,random_positions,1.5,-1.125,-1.125,0.0,False,False,meta-llama/Meta-Llama-3.1-8B-Instruct,0e9e39f249a16976918f6564b8830bc894c89659
6,discovery,2,39,2,30,answer_position,1.5,-1.125,1.5,2.625,False,True,meta-llama/Meta-Llama-3.1-8B-Instruct,0e9e39f249a16976918f6564b8830bc894c89659
6,discovery,2,39,2,30,number_tokens,1.5,-1.125,-1.125,0.0,False,False,meta-llama/Meta-Llama-3.1-8B-Instruct,0e9e39f249a16976918f6564b8830bc894c89659
6,discovery,2,39,2,30,random_positions,1.5,-1.125,-1.125,0.0,False,False,meta-llama/Meta-Llama-3.1-8B-Instruct,0e9e39f249a16976918f6564b8830bc894c89659
6,discovery,2,39,2,31,answer_position,1.5,-1.125,1.5,2.625,False,True,meta-llama/Meta-Llama-3.1-8B-Instruct,0e9e39f249a16976918f6564b8830bc894c89659
6,discovery,2,39,2,31,number_tokens,1.5,-1.125,-1.125,0.0,False,False,meta-llama/Meta-Llama-3.1-8B-Instruct,0e9e39f249a16976918f6564b8830bc894c89659
6,discovery,2,39,2,31,random_positions,1.5,-1.125,-1.125,0.0,False,False,meta-llama/Meta-Llama-3.1-8B-Instruct,0e9e39f249a16976918f6564b8830bc894c89659
7,discovery,2,40,3,0,answer_position,2.125,-1.375,-1.25,0.125,False,False,meta-llama/Meta-Llama-3.1-8B-Instruct,0e9e39f249a16976918f6564b8830bc894c89659
7,discovery,2,40,3,0,number_tokens,2.125,-1.375,-1.25,0.125,False,False,meta-llama/Meta-Llama-3.1-8B-Instruct,0e9e39f249a16976918f6564b8830bc894c89659
7,discovery,2,40,3,0,random_positions,2.125,-1.375,-1.375,0.0,False,False,meta-llama/Meta-Llama-3.1-8B-Instruct,0e9e39f249a16976918f6564b8830bc894c89659
7,discovery,2,40,3,1,answer_position,2.125,-1.375,-1.375,0.0,False,False,meta-llama/Meta-Llama-3.1-8B-Instruct,0e9e39f249a16976918f6564b8830bc894c89659
7,discovery,2,40,3,1,number_tokens,2.125,-1.375,-1.625,-0.25,False,False,meta-llama/Meta-Llama-3.1-8B-Instruct,0e9e39f249a16976918f6564b8830bc894c89659
7,discovery,2,40,3,1,random_positions,2.125,-1.375,-1.25,0.125,False,False,meta-llama/Meta-Llama-3.1-8B-Instruct,0e9e39f249a16976918f6564b8830bc894c89659
7,discovery,2,40,3,2,answer_position,2.125,-1.375,-1.375,0.0,False,False,meta-llama/Meta-Llama-3.1-8B-Instruct,0e9e39f249a16976918f6564b8830bc894c89659
7,discovery,2,40,3,2,number_tokens,2.125,-1.375,-1.375,0.0,False,False,meta-llama/Meta-Llama-3.1-8B-Instruct,0e9e39f249a16976918f6564b8830bc894c89659
7,discovery,2,40,3,2,random_positions,2.125,-1.375,-1.375,0.0,False,False,meta-llama/Meta-Llama-3.1-8B-Instruct,0e9e39f249a16976918f6564b8830bc894c89659
7,discovery,2,40,3,3,answer_position,2.125,-1.375,-1.375,0.0,False,False,meta-llama/Meta-Llama-3.1-8B-Instruct,0e9e39f249a16976918f6564b8830bc894c89659
7,discovery,2,40,3,3,number_tokens,2.125,-1.375,-1.5,-0.125,False,False,meta-llama/Meta-Llama-3.1-8B-Instruct,0e9e39f249a16976918f6564b8830bc894c89659
7,discovery,2,40,3,3,random_positions,2.125,-1.375,-1.375,0.0,False,False,meta-llama/Meta-Llama-3.1-8B-Instruct,0e9e39f249a16976918f6564b8830bc894c89659
7,discovery,2,40,3,4,answer_position,2.125,-1.375,-1.25,0.125,False,False,meta-llama/Meta-Llama-3.1-8B-Instruct,0e9e39f249a16976918f6564b8830bc894c89659
7,discovery,2,40,3,4,number_tokens,2.125,-1.375,-1.125,0.25,False,False,meta-llama/Meta-Llama-3.1-8B-Instruct,0e9e39f249a16976918f6564b8830bc894c89659
7,discovery,2,40,3,4,random_positions,2.125,-1.375,-1.25,0.125,False,False,meta-llama/Meta-Llama-3.1-8B-Instruct,0e9e39f249a16976918f6564b8830bc894c89659
7,discovery,2,40,3,5,answer_position,2.125,-1.375,-1.375,0.0,False,False,meta-llama/Meta-Llama-3.1-8B-Instruct,0e9e39f249a16976918f6564b8830bc894c89659
7,discovery,2,40,3,5,number_tokens,2.125,-1.375,-1.25,0.125,False,False,meta-llama/Meta-Llama-3.1-8B-Instruct,0e9e39f249a16976918f6564b8830bc894c89659
7,discovery,2,40,3,5,random_positions,2.125,-1.375,-1.375,0.0,False,False,meta-llama/Meta-Llama-3.1-8B-Instruct,0e9e39f249a16976918f6564b8830bc894c89659
7,discovery,2,40,3,6,answer_position,2.125,-1.375,-1.375,0.0,False,False,meta-llama/Meta-Llama-3.1-8B-Instruct,0e9e39f249a16976918f6564b8830bc894c89659
7,discovery,2,40,3,6,number_tokens,2.125,-1.375,-0.75,0.625,False,False,meta-llama/Meta-Llama-3.1-8B-Instruct,0e9e39f249a16976918f6564b8830bc894c89659
7,discovery,2,40,3,6,random_positions,2.125,-1.375,-1.25,0.125,False,False,meta-llama/Meta-Llama-3.1-8B-Instruct,0e9e39f249a16976918f6564b8830bc894c89659
7,discovery,2,40,3,7,answer_position,2.125,-1.375,-1.375,0.0,False,False,meta-llama/Meta-Llama-3.1-8B-Instruct,0e9e39f249a16976918f6564b8830bc894c89659
7,discovery,2,40,3,7,number_tokens,2.125,-1.375,-0.25,1.125,False,False,meta-llama/Meta-Llama-3.1-8B-Instruct,0e9e39f249a16976918f6564b8830bc894c89659
7,discovery,2,40,3,7,random_positions,2.125,-1.375,-1.25,0.125,False,False,meta-llama/Meta-Llama-3.1-8B-Instruct,0e9e39f249a16976918f6564b8830bc894c89659
7,discovery,2,40,3,8,answer_position,2.125,-1.375,-1.375,0.0,False,False,meta-llama/Meta-Llama-3.1-8B-Instruct,0e9e39f249a16976918f6564b8830bc894c89659
7,discovery,2,40,3,8,number_tokens,2.125,-1.375,0.25,1.625,False,True,meta-llama/Meta-Llama-3.1-8B-Instruct,0e9e39f249a16976918f6564b8830bc894c89659
7,discovery,2,40,3,8,random_positions,2.125,-1.375,-1.375,0.0,False,False,meta-llama/Meta-Llama-3.1-8B-Instruct,0e9e39f249a16976918f6564b8830bc894c89659
7,discovery,2,40,3,9,answer_position,2.125,-1.375,-1.25,0.125,False,False,meta-llama/Meta-Llama-3.1-8B-Instruct,0e9e39f249a16976918f6564b8830bc894c89659
7,discovery,2,40,3,9,number_tokens,2.125,-1.375,-0.75,0.625,False,False,meta-llama/Meta-Llama-3.1-8B-Instruct,0e9e39f249a16976918f6564b8830bc894c89659
7,discovery,2,40,3,9,random_positions,2.125,-1.375,-1.25,0.125,False,False,meta-llama/Meta-Llama-3.1-8B-Instruct,0e9e39f249a16976918f6564b8830bc894c89659
7,discovery,2,40,3,10,answer_position,2.125,-1.375,-1.25,0.125,False,False,meta-llama/Meta-Llama-3.1-8B-Instruct,0e9e39f249a16976918f6564b8830bc894c89659
7,discovery,2,40,3,10,number_tokens,2.125,-1.375,-0.75,0.625,False,False,meta-llama/Meta-Llama-3.1-8B-Instruct,0e9e39f249a16976918f6564b8830bc894c89659
7,discovery,2,40,3,10,random_positions,2.125,-1.375,-1.25,0.125,False,False,meta-llama/Meta-Llama-3.1-8B-Instruct,0e9e39f249a16976918f6564b8830bc894c89659
7,discovery,2,40,3,11,answer_position,2.125,-1.375,-1.25,0.125,False,False,meta-llama/Meta-Llama-3.1-8B-Instruct,0e9e39f249a16976918f6564b8830bc894c89659
7,discovery,2,40,3,11,number_tokens,2.125,-1.375,-0.875,0.5,False,False,meta-llama/Meta-Llama-3.1-8B-Instruct,0e9e39f249a16976918f6564b8830bc894c89659
7,discovery,2,40,3,11,random_positions,2.125,-1.375,-1.25,0.125,False,False,meta-llama/Meta-Llama-3.1-8B-Instruct,0e9e39f249a16976918f6564b8830bc894c89659
7,discovery,2,40,3,12,answer_position,2.125,-1.375,-1.25,0.125,False,False,meta-llama/Meta-Llama-3.1-8B-Instruct,0e9e39f249a16976918f6564b8830bc894c89659
7,discovery,2,40,3,12,number_tokens,2.125,-1.375,-0.875,0.5,False,False,meta-llama/Meta-Llama-3.1-8B-Instruct,0e9e39f249a16976918f6564b8830bc894c89659
7,discovery,2,40,3,12,random_positions,2.125,-1.375,-1.375,0.0,False,False,meta-llama/Meta-Llama-3.1-8B-Instruct,0e9e39f249a16976918f6564b8830bc894c89659
7,discovery,2,40,3,13,answer_position,2.125,-1.375,-1.0,0.375,False,False,meta-llama/Meta-Llama-3.1-8B-Instruct,0e9e39f249a16976918f6564b8830bc894c89659
7,discovery,2,40,3,13,number_tokens,2.125,-1.375,-1.125,0.25,False,False,meta-llama/Meta-Llama-3.1-8B-Instruct,0e9e39f249a16976918f6564b8830bc894c89659
7,discovery,2,40,3,13,random_positions,2.125,-1.375,-1.375,0.0,False,False,meta-llama/Meta-Llama-3.1-8B-Instruct,0e9e39f249a16976918f6564b8830bc894c89659
7,discovery,2,40,3,14,answer_position,2.125,-1.375,-0.375,1.0,False,False,meta-llama/Meta-Llama-3.1-8B-Instruct,0e9e39f249a16976918f6564b8830bc894c89659
7,discovery,2,40,3,14,number_tokens,2.125,-1.375,-1.25,0.125,False,False,meta-llama/Meta-Llama-3.1-8B-Instruct,0e9e39f249a16976918f6564b8830bc894c89659
7,discovery,2,40,3,14,random_positions,2.125,-1.375,-1.375,0.0,False,False,meta-llama/Meta-Llama-3.1-8B-Instruct,0e9e39f249a16976918f6564b8830bc894c89659
7,discovery,2,40,3,15,answer_position,2.125,-1.375,0.125,1.5,False,True,meta-llama/Meta-Llama-3.1-8B-Instruct,0e9e39f249a16976918f6564b8830bc894c89659
7,discovery,2,40,3,15,number_tokens,2.125,-1.375,-1.375,0.0,False,False,meta-llama/Meta-Llama-3.1-8B-Instruct,0e9e39f249a16976918f6564b8830bc894c89659
7,discovery,2,40,3,15,random_positions,2.125,-1.375,-1.375,0.0,False,False,meta-llama/Meta-Llama-3.1-8B-Instruct,0e9e39f249a16976918f6564b8830bc894c89659
7,discovery,2,40,3,16,answer_position,2.125,-1.375,-0.75,0.625,False,False,meta-llama/Meta-Llama-3.1-8B-Instruct,0e9e39f249a16976918f6564b8830bc894c89659
7,discovery,2,40,3,16,number_tokens,2.125,-1.375,-1.5,-0.125,False,False,meta-llama/Meta-Llama-3.1-8B-Instruct,0e9e39f249a16976918f6564b8830bc894c89659
7,discovery,2,40,3,16,random_positions,2.125,-1.375,-1.375,0.0,False,False,meta-llama/Meta-Llama-3.1-8B-Instruct,0e9e39f249a16976918f6564b8830bc894c89659
7,discovery,2,40,3,17,answer_position,2.125,-1.375,2.0,3.375,False,True,meta-llama/Meta-Llama-3.1-8B-Instruct,0e9e39f249a16976918f6564b8830bc894c89659
7,discovery,2,40,3,17,number_tokens,2.125,-1.375,-1.375,0.0,False,False,meta-llama/Meta-Llama-3.1-8B-Instruct,0e9e39f249a16976918f6564b8830bc894c89659
7,discovery,2,40,3,17,random_positions,2.125,-1.375,-1.375,0.0,False,False,meta-llama/Meta-Llama-3.1-8B-Instruct,0e9e39f249a16976918f6564b8830bc894c89659
7,discovery,2,40,3,18,answer_position,2.125,-1.375,2.0,3.375,False,True,meta-llama/Meta-Llama-3.1-8B-Instruct,0e9e39f249a16976918f6564b8830bc894c89659
7,discovery,2,40,3,18,number_tokens,2.125,-1.375,-1.375,0.0,False,False,meta-llama/Meta-Llama-3.1-8B-Instruct,0e9e39f249a16976918f6564b8830bc894c89659
7,discovery,2,40,3,18,random_positions,2.125,-1.375,-1.25,0.125,False,False,meta-llama/Meta-Llama-3.1-8B-Instruct,0e9e39f249a16976918f6564b8830bc894c89659
7,discovery,2,40,3,19,answer_position,2.125,-1.375,2.125,3.5,False,True,meta-llama/Meta-Llama-3.1-8B-Instruct,0e9e39f249a16976918f6564b8830bc894c89659
7,discovery,2,40,3,19,number_tokens,2.125,-1.375,-1.375,0.0,False,False,meta-llama/Meta-Llama-3.1-8B-Instruct,0e9e39f249a16976918f6564b8830bc894c89659
7,discovery,2,40,3,19,random_positions,2.125,-1.375,-1.375,0.0,False,False,meta-llama/Meta-Llama-3.1-8B-Instruct,0e9e39f249a16976918f6564b8830bc894c89659
7,discovery,2,40,3,20,answer_position,2.125,-1.375,2.125,3.5,False,True,meta-llama/Meta-Llama-3.1-8B-Instruct,0e9e39f249a16976918f6564b8830bc894c89659
7,discovery,2,40,3,20,number_tokens,2.125,-1.375,-1.25,0.125,False,False,meta-llama/Meta-Llama-3.1-8B-Instruct,0e9e39f249a16976918f6564b8830bc894c89659
7,discovery,2,40,3,20,random_positions,2.125,-1.375,-1.25,0.125,False,False,meta-llama/Meta-Llama-3.1-8B-Instruct,0e9e39f249a16976918f6564b8830bc894c89659
7,discovery,2,40,3,21,answer_position,2.125,-1.375,2.125,3.5,False,True,meta-llama/Meta-Llama-3.1-8B-Instruct,0e9e39f249a16976918f6564b8830bc894c89659
7,discovery,2,40,3,21,number_tokens,2.125,-1.375,-1.375,0.0,False,False,meta-llama/Meta-Llama-3.1-8B-Instruct,0e9e39f249a16976918f6564b8830bc894c89659
7,discovery,2,40,3,21,random_positions,2.125,-1.375,-1.375,0.0,False,False,meta-llama/Meta-Llama-3.1-8B-Instruct,0e9e39f249a16976918f6564b8830bc894c89659
7,discovery,2,40,3,22,answer_position,2.125,-1.375,2.125,3.5,False,True,meta-llama/Meta-Llama-3.1-8B-Instruct,0e9e39f249a16976918f6564b8830bc894c89659
7,discovery,2,40,3,22,number_tokens,2.125,-1.375,-1.375,0.0,False,False,meta-llama/Meta-Llama-3.1-8B-Instruct,0e9e39f249a16976918f6564b8830bc894c89659
7,discovery,2,40,3,22,random_positions,2.125,-1.375,-1.375,0.0,False,False,meta-llama/Meta-Llama-3.1-8B-Instruct,0e9e39f249a16976918f6564b8830bc894c89659
7,discovery,2,40,3,23,answer_position,2.125,-1.375,2.125,3.5,False,True,meta-llama/Meta-Llama-3.1-8B-Instruct,0e9e39f249a16976918f6564b8830bc894c89659
7,discovery,2,40,3,23,number_tokens,2.125,-1.375,-1.375,0.0,False,False,meta-llama/Meta-Llama-3.1-8B-Instruct,0e9e39f249a16976918f6564b8830bc894c89659
7,discovery,2,40,3,23,random_positions,2.125,-1.375,-1.25,0.125,False,False,meta-llama/Meta-Llama-3.1-8B-Instruct,0e9e39f249a16976918f6564b8830bc894c89659
7,discovery,2,40,3,24,answer_position,2.125,-1.375,2.125,3.5,False,True,meta-llama/Meta-Llama-3.1-8B-Instruct,0e9e39f249a16976918f6564b8830bc894c89659
7,discovery,2,40,3,24,number_tokens,2.125,-1.375,-1.25,0.125,False,False,meta-llama/Meta-Llama-3.1-8B-Instruct,0e9e39f249a16976918f6564b8830bc894c89659
7,discovery,2,40,3,24,random_positions,2.125,-1.375,-1.25,0.125,False,False,meta-llama/Meta-Llama-3.1-8B-Instruct,0e9e39f249a16976918f6564b8830bc894c89659
7,discovery,2,40,3,25,answer_position,2.125,-1.375,2.125,3.5,False,True,meta-llama/Meta-Llama-3.1-8B-Instruct,0e9e39f249a16976918f6564b8830bc894c89659
7,discovery,2,40,3,25,number_tokens,2.125,-1.375,-1.375,0.0,False,False,meta-llama/Meta-Llama-3.1-8B-Instruct,0e9e39f249a16976918f6564b8830bc894c89659
7,discovery,2,40,3,25,random_positions,2.125,-1.375,-1.375,0.0,False,False,meta-llama/Meta-Llama-3.1-8B-Instruct,0e9e39f249a16976918f6564b8830bc894c89659
7,discovery,2,40,3,26,answer_position,2.125,-1.375,2.0,3.375,False,True,meta-llama/Meta-Llama-3.1-8B-Instruct,0e9e39f249a16976918f6564b8830bc894c89659
7,discovery,2,40,3,26,number_tokens,2.125,-1.375,-1.375,0.0,False,False,meta-llama/Meta-Llama-3.1-8B-Instruct,0e9e39f249a16976918f6564b8830bc894c89659
7,discovery,2,40,3,26,random_positions,2.125,-1.375,-1.375,0.0,False,False,meta-llama/Meta-Llama-3.1-8B-Instruct,0e9e39f249a16976918f6564b8830bc894c89659
7,discovery,2,40,3,27,answer_position,2.125,-1.375,2.125,3.5,False,True,meta-llama/Meta-Llama-3.1-8B-Instruct,0e9e39f249a16976918f6564b8830bc894c89659
7,discovery,2,40,3,27,number_tokens,2.125,-1.375,-1.375,0.0,False,False,meta-llama/Meta-Llama-3.1-8B-Instruct,0e9e39f249a16976918f6564b8830bc894c89659
7,discovery,2,40,3,27,random_positions,2.125,-1.375,-1.375,0.0,False,False,meta-llama/Meta-Llama-3.1-8B-Instruct,0e9e39f249a16976918f6564b8830bc894c89659
7,discovery,2,40,3,28,answer_position,2.125,-1.375,2.125,3.5,False,True,meta-llama/Meta-Llama-3.1-8B-Instruct,0e9e39f249a16976918f6564b8830bc894c89659
7,discovery,2,40,3,28,number_tokens,2.125,-1.375,-1.375,0.0,False,False,meta-llama/Meta-Llama-3.1-8B-Instruct,0e9e39f249a16976918f6564b8830bc894c89659
7,discovery,2,40,3,28,random_positions,2.125,-1.375,-1.25,0.125,False,False,meta-llama/Meta-Llama-3.1-8B-Instruct,0e9e39f249a16976918f6564b8830bc894c89659
7,discovery,2,40,3,29,answer_position,2.125,-1.375,2.125,3.5,False,True,meta-llama/Meta-Llama-3.1-8B-Instruct,0e9e39f249a16976918f6564b8830bc894c89659
7,discovery,2,40,3,29,number_tokens,2.125,-1.375,-1.375,0.0,False,False,meta-llama/Meta-Llama-3.1-8B-Instruct,0e9e39f249a16976918f6564b8830bc894c89659
7,discovery,2,40,3,29,random_positions,2.125,-1.375,-1.375,0.0,False,False,meta-llama/Meta-Llama-3.1-8B-Instruct,0e9e39f249a16976918f6564b8830bc894c89659
7,discovery,2,40,3,30,answer_position,2.125,-1.375,2.125,3.5,False,True,meta-llama/Meta-Llama-3.1-8B-Instruct,0e9e39f249a16976918f6564b8830bc894c89659
7,discovery,2,40,3,30,number_tokens,2.125,-1.375,-1.375,0.0,False,False,meta-llama/Meta-Llama-3.1-8B-Instruct,0e9e39f249a16976918f6564b8830bc894c89659
7,discovery,2,40,3,30,random_positions,2.125,-1.375,-1.25,0.125,False,False,meta-llama/Meta-Llama-3.1-8B-Instruct,0e9e39f249a16976918f6564b8830bc894c89659
7,discovery,2,40,3,31,answer_position,2.125,-1.375,2.125,3.5,False,True,meta-llama/Meta-Llama-3.1-8B-Instruct,0e9e39f249a16976918f6564b8830bc894c89659
7,discovery,2,40,3,31,number_tokens,2.125,-1.375,-1.375,0.0,False,False,meta-llama/Meta-Llama-3.1-8B-Instruct,0e9e39f249a16976918f6564b8830bc894c89659
7,discovery,2,40,3,31,random_positions,2.125,-1.375,-1.375,0.0,False,False,meta-llama/Meta-Llama-3.1-8B-Instruct,0e9e39f249a16976918f6564b8830bc894c89659
8,discovery,2,41,4,0,answer_position,2.75,-1.375,-1.5,-0.125,False,False,meta-llama/Meta-Llama-3.1-8B-Instruct,0e9e39f249a16976918f6564b8830bc894c89659
8,discovery,2,41,4,0,number_tokens,2.75,-1.375,-1.375,0.0,False,False,meta-llama/Meta-Llama-3.1-8B-Instruct,0e9e39f249a16976918f6564b8830bc894c89659
8,discovery,2,41,4,0,random_positions,2.75,-1.375,-1.375,0.0,False,False,meta-llama/Meta-Llama-3.1-8B-Instruct,0e9e39f249a16976918f6564b8830bc894c89659
8,discovery,2,41,4,1,answer_position,2.75,-1.375,-1.375,0.0,False,False,meta-llama/Meta-Llama-3.1-8B-Instruct,0e9e39f249a16976918f6564b8830bc894c89659
8,discovery,2,41,4,1,number_tokens,2.75,-1.375,-1.5,-0.125,False,False,meta-llama/Meta-Llama-3.1-8B-Instruct,0e9e39f249a16976918f6564b8830bc894c89659
8,discovery,2,41,4,1,random_positions,2.75,-1.375,-1.375,0.0,False,False,meta-llama/Meta-Llama-3.1-8B-Instruct,0e9e39f249a16976918f6564b8830bc894c89659
8,discovery,2,41,4,2,answer_position,2.75,-1.375,-1.5,-0.125,False,False,meta-llama/Meta-Llama-3.1-8B-Instruct,0e9e39f249a16976918f6564b8830bc894c89659
8,discovery,2,41,4,2,number_tokens,2.75,-1.375,-1.25,0.125,False,False,meta-llama/Meta-Llama-3.1-8B-Instruct,0e9e39f249a16976918f6564b8830bc894c89659
8,discovery,2,41,4,2,random_positions,2.75,-1.375,-1.375,0.0,False,False,meta-llama/Meta-Llama-3.1-8B-Instruct,0e9e39f249a16976918f6564b8830bc894c89659
8,discovery,2,41,4,3,answer_position,2.75,-1.375,-1.375,0.0,False,False,meta-llama/Meta-Llama-3.1-8B-Instruct,0e9e39f249a16976918f6564b8830bc894c89659
8,discovery,2,41,4,3,number_tokens,2.75,-1.375,-0.75,0.625,False,False,meta-llama/Meta-Llama-3.1-8B-Instruct,0e9e39f249a16976918f6564b8830bc894c89659
8,discovery,2,41,4,3,random_positions,2.75,-1.375,-1.25,0.125,False,False,meta-llama/Meta-Llama-3.1-8B-Instruct,0e9e39f249a16976918f6564b8830bc894c89659
8,discovery,2,41,4,4,answer_position,2.75,-1.375,-1.375,0.0,False,False,meta-llama/Meta-Llama-3.1-8B-Instruct,0e9e39f249a16976918f6564b8830bc894c89659
8,discovery,2,41,4,4,number_tokens,2.75,-1.375,-1.125,0.25,False,False,meta-llama/Meta-Llama-3.1-8B-Instruct,0e9e39f249a16976918f6564b8830bc894c89659
8,discovery,2,41,4,4,random_positions,2.75,-1.375,-1.25,0.125,False,False,meta-llama/Meta-Llama-3.1-8B-Instruct,0e9e39f249a16976918f6564b8830bc894c89659
8,discovery,2,41,4,5,answer_position,2.75,-1.375,-1.5,-0.125,False,False,meta-llama/Meta-Llama-3.1-8B-Instruct,0e9e39f249a16976918f6564b8830bc894c89659
8,discovery,2,41,4,5,number_tokens,2.75,-1.375,-1.25,0.125,False,False,meta-llama/Meta-Llama-3.1-8B-Instruct,0e9e39f249a16976918f6564b8830bc894c89659
8,discovery,2,41,4,5,random_positions,2.75,-1.375,-1.5,-0.125,False,False,meta-llama/Meta-Llama-3.1-8B-Instruct,0e9e39f249a16976918f6564b8830bc894c89659
8,discovery,2,41,4,6,answer_position,2.75,-1.375,-1.5,-0.125,False,False,meta-llama/Meta-Llama-3.1-8B-Instruct,0e9e39f249a16976918f6564b8830bc894c89659
8,discovery,2,41,4,6,number_tokens,2.75,-1.375,-0.25,1.125,False,False,meta-llama/Meta-Llama-3.1-8B-Instruct,0e9e39f249a16976918f6564b8830bc894c89659
8,discovery,2,41,4,6,random_positions,2.75,-1.375,-1.125,0.25,False,False,meta-llama/Meta-Llama-3.1-8B-Instruct,0e9e39f249a16976918f6564b8830bc894c89659
8,discovery,2,41,4,7,answer_position,2.75,-1.375,-1.5,-0.125,False,False,meta-llama/Meta-Llama-3.1-8B-Instruct,0e9e39f249a16976918f6564b8830bc894c89659
8,discovery,2,41,4,7,number_tokens,2.75,-1.375,0.25,1.625,False,True,meta-llama/Meta-Llama-3.1-8B-Instruct,0e9e39f249a16976918f6564b8830bc894c89659
8,discovery,2,41,4,7,random_positions,2.75,-1.375,-1.25,0.125,False,False,meta-llama/Meta-Llama-3.1-8B-Instruct,0e9e39f249a16976918f6564b8830bc894c89659
8,discovery,2,41,4,8,answer_position,2.75,-1.375,-1.5,-0.125,False,False,meta-llama/Meta-Llama-3.1-8B-Instruct,0e9e39f249a16976918f6564b8830bc894c89659
8,discovery,2,41,4,8,number_tokens,2.75,-1.375,0.75,2.125,False,True,meta-llama/Meta-Llama-3.1-8B-Instruct,0e9e39f249a16976918f6564b8830bc894c89659
8,discovery,2,41,4,8,random_positions,2.75,-1.375,-1.25,0.125,False,False,meta-llama/Meta-Llama-3.1-8B-Instruct,0e9e39f249a16976918f6564b8830bc894c89659
8,discovery,2,41,4,9,answer_position,2.75,-1.375,-1.5,-0.125,False,False,meta-llama/Meta-Llama-3.1-8B-Instruct,0e9e39f249a16976918f6564b8830bc894c89659
8,discovery,2,41,4,9,number_tokens,2.75,-1.375,-0.125,1.25,False,False,meta-llama/Meta-Llama-3.1-8B-Instruct,0e9e39f249a16976918f6564b8830bc894c89659
8,discovery,2,41,4,9,random_positions,2.75,-1.375,-1.375,0.0,False,False,meta-llama/Meta-Llama-3.1-8B-Instruct,0e9e39f249a16976918f6564b8830bc894c89659
8,discovery,2,41,4,10,answer_position,2.75,-1.375,-1.5,-0.125,False,False,meta-llama/Meta-Llama-3.1-8B-Instruct,0e9e39f249a16976918f6564b8830bc894c89659
8,discovery,2,41,4,10,number_tokens,2.75,-1.375,-0.5,0.875,False,False,meta-llama/Meta-Llama-3.1-8B-Instruct,0e9e39f249a16976918f6564b8830bc894c89659
8,discovery,2,41,4,10,random_positions,2.75,-1.375,-1.375,0.0,False,False,meta-llama/Meta-Llama-3.1-8B-Instruct,0e9e39f249a16976918f6564b8830bc894c89659
8,discovery,2,41,4,11,answer_position,2.75,-1.375,-1.5,-0.125,False,False,meta-llama/Meta-Llama-3.1-8B-Instruct,0e9e39f249a16976918f6564b8830bc894c89659
8,discovery,2,41,4,11,number_tokens,2.75,-1.375,-0.75,0.625,False,False,meta-llama/Meta-Llama-3.1-8B-Instruct,0e9e39f249a16976918f6564b8830bc894c89659
8,discovery,2,41,4,11,random_positions,2.75,-1.375,-1.25,0.125,False,False,meta-llama/Meta-Llama-3.1-8B-Instruct,0e9e39f249a16976918f6564b8830bc894c89659
8,discovery,2,41,4,12,answer_position,2.75,-1.375,-1.5,-0.125,False,False,meta-llama/Meta-Llama-3.1-8B-Instruct,0e9e39f249a16976918f6564b8830bc894c89659
8,discovery,2,41,4,12,number_tokens,2.75,-1.375,-0.625,0.75,False,False,meta-llama/Meta-Llama-3.1-8B-Instruct,0e9e39f249a16976918f6564b8830bc894c89659
8,discovery,2,41,4,12,random_positions,2.75,-1.375,-1.375,0.0,False,False,meta-llama/Meta-Llama-3.1-8B-Instruct,0e9e39f249a16976918f6564b8830bc894c89659
8,discovery,2,41,4,13,answer_position,2.75,-1.375,-1.125,0.25,False,False,meta-llama/Meta-Llama-3.1-8B-Instruct,0e9e39f249a16976918f6564b8830bc894c89659
8,discovery,2,41,4,13,number_tokens,2.75,-1.375,-1.0,0.375,False,False,meta-llama/Meta-Llama-3.1-8B-Instruct,0e9e39f249a16976918f6564b8830bc894c89659
8,discovery,2,41,4,13,random_positions,2.75,-1.375,-1.375,0.0,False,False,meta-llama/Meta-Llama-3.1-8B-Instruct,0e9e39f249a16976918f6564b8830bc894c89659
8,discovery,2,41,4,14,answer_position,2.75,-1.375,-0.25,1.125,False,False,meta-llama/Meta-Llama-3.1-8B-Instruct,0e9e39f249a16976918f6564b8830bc894c89659
8,discovery,2,41,4,14,number_tokens,2.75,-1.375,-1.125,0.25,False,False,meta-llama/Meta-Llama-3.1-8B-Instruct,0e9e39f249a16976918f6564b8830bc894c89659
8,discovery,2,41,4,14,random_positions,2.75,-1.375,-1.5,-0.125,False,False,meta-llama/Meta-Llama-3.1-8B-Instruct,0e9e39f249a16976918f6564b8830bc894c89659
8,discovery,2,41,4,15,answer_position,2.75,-1.375,0.5,1.875,False,True,meta-llama/Meta-Llama-3.1-8B-Instruct,0e9e39f249a16976918f6564b8830bc894c89659
8,discovery,2,41,4,15,number_tokens,2.75,-1.375,-1.75,-0.375,False,False,meta-llama/Meta-Llama-3.1-8B-Instruct,0e9e39f249a16976918f6564b8830bc894c89659
8,discovery,2,41,4,15,random_positions,2.75,-1.375,-1.375,0.0,False,False,meta-llama/Meta-Llama-3.1-8B-Instruct,0e9e39f249a16976918f6564b8830bc894c89659
8,discovery,2,41,4,16,answer_position,2.75,-1.375,-0.5,0.875,False,False,meta-llama/Meta-Llama-3.1-8B-Instruct,0e9e39f249a16976918f6564b8830bc894c89659
8,discovery,2,41,4,16,number_tokens,2.75,-1.375,-1.625,-0.25,False,False,meta-llama/Meta-Llama-3.1-8B-Instruct,0e9e39f249a16976918f6564b8830bc894c89659
8,discovery,2,41,4,16,random_positions,2.75,-1.375,-1.5,-0.125,False,False,meta-llama/Meta-Llama-3.1-8B-Instruct,0e9e39f249a16976918f6564b8830bc894c89659
8,discovery,2,41,4,17,answer_position,2.75,-1.375,2.625,4.0,False,True,meta-llama/Meta-Llama-3.1-8B-Instruct,0e9e39f249a16976918f6564b8830bc894c89659
8,discovery,2,41,4,17,number_tokens,2.75,-1.375,-1.625,-0.25,False,False,meta-llama/Meta-Llama-3.1-8B-Instruct,0e9e39f249a16976918f6564b8830bc894c89659
8,discovery,2,41,4,17,random_positions,2.75,-1.375,-1.375,0.0,False,False,meta-llama/Meta-Llama-3.1-8B-Instruct,0e9e39f249a16976918f6564b8830bc894c89659
8,discovery,2,41,4,18,answer_position,2.75,-1.375,2.625,4.0,False,True,meta-llama/Meta-Llama-3.1-8B-Instruct,0e9e39f249a16976918f6564b8830bc894c89659
8,discovery,2,41,4,18,number_tokens,2.75,-1.375,-1.5,-0.125,False,False,meta-llama/Meta-Llama-3.1-8B-Instruct,0e9e39f249a16976918f6564b8830bc894c89659
8,discovery,2,41,4,18,random_positions,2.75,-1.375,-1.375,0.0,False,False,meta-llama/Meta-Llama-3.1-8B-Instruct,0e9e39f249a16976918f6564b8830bc894c89659
8,discovery,2,41,4,19,answer_position,2.75,-1.375,2.625,4.0,False,True,meta-llama/Meta-Llama-3.1-8B-Instruct,0e9e39f249a16976918f6564b8830bc894c89659
8,discovery,2,41,4,19,number_tokens,2.75,-1.375,-1.5,-0.125,False,False,meta-llama/Meta-Llama-3.1-8B-Instruct,0e9e39f249a16976918f6564b8830bc894c89659
8,discovery,2,41,4,19,random_positions,2.75,-1.375,-1.375,0.0,False,False,meta-llama/Meta-Llama-3.1-8B-Instruct,0e9e39f249a16976918f6564b8830bc894c89659
8,discovery,2,41,4,20,answer_position,2.75,-1.375,2.625,4.0,False,True,meta-llama/Meta-Llama-3.1-8B-Instruct,0e9e39f249a16976918f6564b8830bc894c89659
8,discovery,2,41,4,20,number_tokens,2.75,-1.375,-1.5,-0.125,False,False,meta-llama/Meta-Llama-3.1-8B-Instruct,0e9e39f249a16976918f6564b8830bc894c89659
8,discovery,2,41,4,20,random_positions,2.75,-1.375,-1.375,0.0,False,False,meta-llama/Meta-Llama-3.1-8B-Instruct,0e9e39f249a16976918f6564b8830bc894c89659
8,discovery,2,41,4,21,answer_position,2.75,-1.375,2.625,4.0,False,True,meta-llama/Meta-Llama-3.1-8B-Instruct,0e9e39f249a16976918f6564b8830bc894c89659
8,discovery,2,41,4,21,number_tokens,2.75,-1.375,-1.5,-0.125,False,False,meta-llama/Meta-Llama-3.1-8B-Instruct,0e9e39f249a16976918f6564b8830bc894c89659
8,discovery,2,41,4,21,random_positions,2.75,-1.375,-1.375,0.0,False,False,meta-llama/Meta-Llama-3.1-8B-Instruct,0e9e39f249a16976918f6564b8830bc894c89659
8,discovery,2,41,4,22,answer_position,2.75,-1.375,2.75,4.125,False,True,meta-llama/Meta-Llama-3.1-8B-Instruct,0e9e39f249a16976918f6564b8830bc894c89659
8,discovery,2,41,4,22,number_tokens,2.75,-1.375,-1.5,-0.125,False,False,meta-llama/Meta-Llama-3.1-8B-Instruct,0e9e39f249a16976918f6564b8830bc894c89659
8,discovery,2,41,4,22,random_positions,2.75,-1.375,-1.375,0.0,False,False,meta-llama/Meta-Llama-3.1-8B-Instruct,0e9e39f249a16976918f6564b8830bc894c89659
8,discovery,2,41,4,23,answer_position,2.75,-1.375,2.625,4.0,False,True,meta-llama/Meta-Llama-3.1-8B-Instruct,0e9e39f249a16976918f6564b8830bc894c89659
8,discovery,2,41,4,23,number_tokens,2.75,-1.375,-1.5,-0.125,False,False,meta-llama/Meta-Llama-3.1-8B-Instruct,0e9e39f249a16976918f6564b8830bc894c89659
8,discovery,2,41,4,23,random_positions,2.75,-1.375,-1.5,-0.125,False,False,meta-llama/Meta-Llama-3.1-8B-Instruct,0e9e39f249a16976918f6564b8830bc894c89659
8,discovery,2,41,4,24,answer_position,2.75,-1.375,2.625,4.0,False,True,meta-llama/Meta-Llama-3.1-8B-Instruct,0e9e39f249a16976918f6564b8830bc894c89659
8,discovery,2,41,4,24,number_tokens,2.75,-1.375,-1.625,-0.25,False,False,meta-llama/Meta-Llama-3.1-8B-Instruct,0e9e39f249a16976918f6564b8830bc894c89659
8,discovery,2,41,4,24,random_positions,2.75,-1.375,-1.375,0.0,False,False,meta-llama/Meta-Llama-3.1-8B-Instruct,0e9e39f249a16976918f6564b8830bc894c89659
8,discovery,2,41,4,25,answer_position,2.75,-1.375,2.625,4.0,False,True,meta-llama/Meta-Llama-3.1-8B-Instruct,0e9e39f249a16976918f6564b8830bc894c89659
8,discovery,2,41,4,25,number_tokens,2.75,-1.375,-1.5,-0.125,False,False,meta-llama/Meta-Llama-3.1-8B-Instruct,0e9e39f249a16976918f6564b8830bc894c89659
8,discovery,2,41,4,25,random_positions,2.75,-1.375,-1.5,-0.125,False,False,meta-llama/Meta-Llama-3.1-8B-Instruct,0e9e39f249a16976918f6564b8830bc894c89659
8,discovery,2,41,4,26,answer_position,2.75,-1.375,2.625,4.0,False,True,meta-llama/Meta-Llama-3.1-8B-Instruct,0e9e39f249a16976918f6564b8830bc894c89659
8,discovery,2,41,4,26,number_tokens,2.75,-1.375,-1.5,-0.125,False,False,meta-llama/Meta-Llama-3.1-8B-Instruct,0e9e39f249a16976918f6564b8830bc894c89659
8,discovery,2,41,4,26,random_positions,2.75,-1.375,-1.5,-0.125,False,False,meta-llama/Meta-Llama-3.1-8B-Instruct,0e9e39f249a16976918f6564b8830bc894c89659
8,discovery,2,41,4,27,answer_position,2.75,-1.375,2.625,4.0,False,True,meta-llama/Meta-Llama-3.1-8B-Instruct,0e9e39f249a16976918f6564b8830bc894c89659
8,discovery,2,41,4,27,number_tokens,2.75,-1.375,-1.5,-0.125,False,False,meta-llama/Meta-Llama-3.1-8B-Instruct,0e9e39f249a16976918f6564b8830bc894c89659
8,discovery,2,41,4,27,random_positions,2.75,-1.375,-1.375,0.0,False,False,meta-llama/Meta-Llama-3.1-8B-Instruct,0e9e39f249a16976918f6564b8830bc894c89659
8,discovery,2,41,4,28,answer_position,2.75,-1.375,2.75,4.125,False,True,meta-llama/Meta-Llama-3.1-8B-Instruct,0e9e39f249a16976918f6564b8830bc894c89659
8,discovery,2,41,4,28,number_tokens,2.75,-1.375,-1.5,-0.125,False,False,meta-llama/Meta-Llama-3.1-8B-Instruct,0e9e39f249a16976918f6564b8830bc894c89659
8,discovery,2,41,4,28,random_positions,2.75,-1.375,-1.375,0.0,False,False,meta-llama/Meta-Llama-3.1-8B-Instruct,0e9e39f249a16976918f6564b8830bc894c89659
8,discovery,2,41,4,29,answer_position,2.75,-1.375,2.75,4.125,False,True,meta-llama/Meta-Llama-3.1-8B-Instruct,0e9e39f249a16976918f6564b8830bc894c89659
8,discovery,2,41,4,29,number_tokens,2.75,-1.375,-1.375,0.0,False,False,meta-llama/Meta-Llama-3.1-8B-Instruct,0e9e39f249a16976918f6564b8830bc894c89659
8,discovery,2,41,4,29,random_positions,2.75,-1.375,-1.5,-0.125,False,False,meta-llama/Meta-Llama-3.1-8B-Instruct,0e9e39f249a16976918f6564b8830bc894c89659
8,discovery,2,41,4,30,answer_position,2.75,-1.375,2.75,4.125,False,True,meta-llama/Meta-Llama-3.1-8B-Instruct,0e9e39f249a16976918f6564b8830bc894c89659
8,discovery,2,41,4,30,number_tokens,2.75,-1.375,-1.375,0.0,False,False,meta-llama/Meta-Llama-3.1-8B-Instruct,0e9e39f249a16976918f6564b8830bc894c89659
8,discovery,2,41,4,30,random_positions,2.75,-1.375,-1.375,0.0,False,False,meta-llama/Meta-Llama-3.1-8B-Instruct,0e9e39f249a16976918f6564b8830bc894c89659
8,discovery,2,41,4,31,answer_position,2.75,-1.375,2.75,4.125,False,True,meta-llama/Meta-Llama-3.1-8B-Instruct,0e9e39f249a16976918f6564b8830bc894c89659
8,discovery,2,41,4,31,number_tokens,2.75,-1.375,-1.375,0.0,False,False,meta-llama/Meta-Llama-3.1-8B-Instruct,0e9e39f249a16976918f6564b8830bc894c89659
8,discovery,2,41,4,31,random_positions,2.75,-1.375,-1.375,0.0,False,False,meta-llama/Meta-Llama-3.1-8B-Instruct,0e9e39f249a16976918f6564b8830bc894c89659
9,discovery,2,42,2,0,answer_position,1.375,-2.75,-2.75,0.0,False,False,meta-llama/Meta-Llama-3.1-8B-Instruct,0e9e39f249a16976918f6564b8830bc894c89659
9,discovery,2,42,2,0,number_tokens,1.375,-2.75,-2.5,0.25,False,False,meta-llama/Meta-Llama-3.1-8B-Instruct,0e9e39f249a16976918f6564b8830bc894c89659
9,discovery,2,42,2,0,random_positions,1.375,-2.75,-2.875,-0.125,False,False,meta-llama/Meta-Llama-3.1-8B-Instruct,0e9e39f249a16976918f6564b8830bc894c89659
9,discovery,2,42,2,1,answer_position,1.375,-2.75,-2.75,0.0,False,False,meta-llama/Meta-Llama-3.1-8B-Instruct,0e9e39f249a16976918f6564b8830bc894c89659
9,discovery,2,42,2,1,number_tokens,1.375,-2.75,-2.75,0.0,False,False,meta-llama/Meta-Llama-3.1-8B-Instruct,0e9e39f249a16976918f6564b8830bc894c89659
9,discovery,2,42,2,1,random_positions,1.375,-2.75,-3.0,-0.25,False,False,meta-llama/Meta-Llama-3.1-8B-Instruct,0e9e39f249a16976918f6564b8830bc894c89659
9,discovery,2,42,2,2,answer_position,1.375,-2.75,-2.75,0.0,False,False,meta-llama/Meta-Llama-3.1-8B-Instruct,0e9e39f249a16976918f6564b8830bc894c89659
9,discovery,2,42,2,2,number_tokens,1.375,-2.75,-4.875,-2.125,False,False,meta-llama/Meta-Llama-3.1-8B-Instruct,0e9e39f249a16976918f6564b8830bc894c89659
9,discovery,2,42,2,2,random_positions,1.375,-2.75,-2.875,-0.125,False,False,meta-llama/Meta-Llama-3.1-8B-Instruct,0e9e39f249a16976918f6564b8830bc894c89659
9,discovery,2,42,2,3,answer_position,1.375,-2.75,-2.625,0.125,False,False,meta-llama/Meta-Llama-3.1-8B-Instruct,0e9e39f249a16976918f6564b8830bc894c89659
9,discovery,2,42,2,3,number_tokens,1.375,-2.75,-4.5,-1.75,False,False,meta-llama/Meta-Llama-3.1-8B-Instruct,0e9e39f249a16976918f6564b8830bc894c89659
9,discovery,2,42,2,3,random_positions,1.375,-2.75,-2.875,-0.125,False,False,meta-llama/Meta-Llama-3.1-8B-Instruct,0e9e39f249a16976918f6564b8830bc894c89659
9,discovery,2,42,2,4,answer_position,1.375,-2.75,-2.75,0.0,False,False,meta-llama/Meta-Llama-3.1-8B-Instruct,0e9e39f249a16976918f6564b8830bc894c89659
9,discovery,2,42,2,4,number_tokens,1.375,-2.75,-3.875,-1.125,False,False,meta-llama/Meta-Llama-3.1-8B-Instruct,0e9e39f249a16976918f6564b8830bc894c89659
9,discovery,2,42,2,4,random_positions,1.375,-2.75,-2.875,-0.125,False,False,meta-llama/Meta-Llama-3.1-8B-Instruct,0e9e39f249a16976918f6564b8830bc894c89659
9,discovery,2,42,2,5,answer_position,1.375,-2.75,-2.75,0.0,False,False,meta-llama/Meta-Llama-3.1-8B-Instruct,0e9e39f249a16976918f6564b8830bc894c89659
9,discovery,2,42,2,5,number_tokens,1.375,-2.75,-5.5,-2.75,False,False,meta-llama/Meta-Llama-3.1-8B-Instruct,0e9e39f249a16976918f6564b8830bc894c89659
9,discovery,2,42,2,5,random_positions,1.375,-2.75,-2.75,0.0,False,False,meta-llama/Meta-Llama-3.1-8B-Instruct,0e9e39f249a16976918f6564b8830bc894c89659
9,discovery,2,42,2,6,answer_position,1.375,-2.75,-2.75,0.0,False,False,meta-llama/Meta-Llama-3.1-8B-Instruct,0e9e39f249a16976918f6564b8830bc894c89659
9,discovery,2,42,2,6,number_tokens,1.375,-2.75,-3.875,-1.125,False,False,meta-llama/Meta-Llama-3.1-8B-Instruct,0e9e39f249a16976918f6564b8830bc894c89659
9,discovery,2,42,2,6,random_positions,1.375,-2.75,-2.875,-0.125,False,False,meta-llama/Meta-Llama-3.1-8B-Instruct,0e9e39f249a16976918f6564b8830bc894c89659
9,discovery,2,42,2,7,answer_position,1.375,-2.75,-2.75,0.0,False,False,meta-llama/Meta-Llama-3.1-8B-Instruct,0e9e39f249a16976918f6564b8830bc894c89659
9,discovery,2,42,2,7,number_tokens,1.375,-2.75,-2.0,0.75,False,False,meta-llama/Meta-Llama-3.1-8B-Instruct,0e9e39f249a16976918f6564b8830bc894c89659
9,discovery,2,42,2,7,random_positions,1.375,-2.75,-2.625,0.125,False,False,meta-llama/Meta-Llama-3.1-8B-Instruct,0e9e39f249a16976918f6564b8830bc894c89659
9,discovery,2,42,2,8,answer_position,1.375,-2.75,-2.75,0.0,False,False,meta-llama/Meta-Llama-3.1-8B-Instruct,0e9e39f249a16976918f6564b8830bc894c89659
9,discovery,2,42,2,8,number_tokens,1.375,-2.75,-1.5,1.25,False,False,meta-llama/Meta-Llama-3.1-8B-Instruct,0e9e39f249a16976918f6564b8830bc894c89659
9,discovery,2,42,2,8,random_positions,1.375,-2.75,-2.75,0.0,False,False,meta-llama/Meta-Llama-3.1-8B-Instruct,0e9e39f249a16976918f6564b8830bc894c89659
9,discovery,2,42,2,9,answer_position,1.375,-2.75,-2.75,0.0,False,False,meta-llama/Meta-Llama-3.1-8B-Instruct,0e9e39f249a16976918f6564b8830bc894c89659
9,discovery,2,42,2,9,number_tokens,1.375,-2.75,-2.125,0.625,False,False,meta-llama/Meta-Llama-3.1-8B-Instruct,0e9e39f249a16976918f6564b8830bc894c89659
9,discovery,2,42,2,9,random_positions,1.375,-2.75,-2.375,0.375,False,False,meta-llama/Meta-Llama-3.1-8B-Instruct,0e9e39f249a16976918f6564b8830bc894c89659
9,discovery,2,42,2,10,answer_position,1.375,-2.75,-2.75,0.0,False,False,meta-llama/Meta-Llama-3.1-8B-Instruct,0e9e39f249a16976918f6564b8830bc894c89659
9,discovery,2,42,2,10,number_tokens,1.375,-2.75,-2.5,0.25,False,False,meta-llama/Meta-Llama-3.1-8B-Instruct,0e9e39f249a16976918f6564b8830bc894c89659
9,discovery,2,42,2,10,random_positions,1.375,-2.75,-1.75,1.0,False,False,meta-llama/Meta-Llama-3.1-8B-Instruct,0e9e39f249a16976918f6564b8830bc894c89659
9,discovery,2,42,2,11,answer_position,1.375,-2.75,-2.75,0.0,False,False,meta-llama/Meta-Llama-3.1-8B-Instruct,0e9e39f249a16976918f6564b8830bc894c89659
9,discovery,2,42,2,11,number_tokens,1.375,-2.75,-2.125,0.625,False,False,meta-llama/Meta-Llama-3.1-8B-Instruct,0e9e39f249a16976918f6564b8830bc894c89659
9,discovery,2,42,2,11,random_positions,1.375,-2.75,-1.625,1.125,False,False,meta-llama/Meta-Llama-3.1-8B-Instruct,0e9e39f249a16976918f6564b8830bc894c89659
9,discovery,2,42,2,12,answer_position,1.375,-2.75,-2.5,0.25,False,False,meta-llama/Meta-Llama-3.1-8B-Instruct,0e9e39f249a16976918f6564b8830bc894c89659
9,discovery,2,42,2,12,number_tokens,1.375,-2.75,-1.875,0.875,False,False,meta-llama/Meta-Llama-3.1-8B-Instruct,0e9e39f249a16976918f6564b8830bc894c89659
9,discovery,2,42,2,12,random_positions,1.375,-2.75,-1.625,1.125,False,False,meta-llama/Meta-Llama-3.1-8B-Instruct,0e9e39f249a16976918f6564b8830bc894c89659
9,discovery,2,42,2,13,answer_position,1.375,-2.75,-2.0,0.75,False,False,meta-llama/Meta-Llama-3.1-8B-Instruct,0e9e39f249a16976918f6564b8830bc894c89659
9,discovery,2,42,2,13,number_tokens,1.375,-2.75,-1.875,0.875,False,False,meta-llama/Meta-Llama-3.1-8B-Instruct,0e9e39f249a16976918f6564b8830bc894c89659
9,discovery,2,42,2,13,random_positions,1.375,-2.75,-1.75,1.0,False,False,meta-llama/Meta-Llama-3.1-8B-Instruct,0e9e39f249a16976918f6564b8830bc894c89659
9,discovery,2,42,2,14,answer_position,1.375,-2.75,-0.875,1.875,False,False,meta-llama/Meta-Llama-3.1-8B-Instruct,0e9e39f249a16976918f6564b8830bc894c89659
9,discovery,2,42,2,14,number_tokens,1.375,-2.75,-2.375,0.375,False,False,meta-llama/Meta-Llama-3.1-8B-Instruct,0e9e39f249a16976918f6564b8830bc894c89659
9,discovery,2,42,2,14,random_positions,1.375,-2.75,-2.0,0.75,False,False,meta-llama/Meta-Llama-3.1-8B-Instruct,0e9e39f249a16976918f6564b8830bc894c89659
9,discovery,2,42,2,15,answer_position,1.375,-2.75,-0.625,2.125,False,False,meta-llama/Meta-Llama-3.1-8B-Instruct,0e9e39f249a16976918f6564b8830bc894c89659
9,discovery,2,42,2,15,number_tokens,1.375,-2.75,-2.75,0.0,False,False,meta-llama/Meta-Llama-3.1-8B-Instruct,0e9e39f249a16976918f6564b8830bc894c89659
9,discovery,2,42,2,15,random_positions,1.375,-2.75,-2.375,0.375,False,False,meta-llama/Meta-Llama-3.1-8B-Instruct,0e9e39f249a16976918f6564b8830bc894c89659
9,discovery,2,42,2,16,answer_position,1.375,-2.75,-1.25,1.5,False,False,meta-llama/Meta-Llama-3.1-8B-Instruct,0e9e39f249a16976918f6564b8830bc894c89659
9,discovery,2,42,2,16,number_tokens,1.375,-2.75,-2.75,0.0,False,False,meta-llama/Meta-Llama-3.1-8B-Instruct,0e9e39f249a16976918f6564b8830bc894c89659
9,discovery,2,42,2,16,random_positions,1.375,-2.75,-2.375,0.375,False,False,meta-llama/Meta-Llama-3.1-8B-Instruct,0e9e39f249a16976918f6564b8830bc894c89659
9,discovery,2,42,2,17,answer_position,1.375,-2.75,1.25,4.0,False,True,meta-llama/Meta-Llama-3.1-8B-Instruct,0e9e39f249a16976918f6564b8830bc894c89659
9,discovery,2,42,2,17,number_tokens,1.375,-2.75,-2.75,0.0,False,False,meta-llama/Meta-Llama-3.1-8B-Instruct,0e9e39f249a16976918f6564b8830bc894c89659
9,discovery,2,42,2,17,random_positions,1.375,-2.75,-2.5,0.25,False,False,meta-llama/Meta-Llama-3.1-8B-Instruct,0e9e39f249a16976918f6564b8830bc894c89659
9,discovery,2,42,2,18,answer_position,1.375,-2.75,1.25,4.0,False,True,meta-llama/Meta-Llama-3.1-8B-Instruct,0e9e39f249a16976918f6564b8830bc894c89659
9,discovery,2,42,2,18,number_tokens,1.375,-2.75,-2.875,-0.125,False,False,meta-llama/Meta-Llama-3.1-8B-Instruct,0e9e39f249a16976918f6564b8830bc894c89659
9,discovery,2,42,2,18,random_positions,1.375,-2.75,-2.75,0.0,False,False,meta-llama/Meta-Llama-3.1-8B-Instruct,0e9e39f249a16976918f6564b8830bc894c89659
9,discovery,2,42,2,19,answer_position,1.375,-2.75,1.25,4.0,False,True,meta-llama/Meta-Llama-3.1-8B-Instruct,0e9e39f249a16976918f6564b8830bc894c89659
9,discovery,2,42,2,19,number_tokens,1.375,-2.75,-2.75,0.0,False,False,meta-llama/Meta-Llama-3.1-8B-Instruct,0e9e39f249a16976918f6564b8830bc894c89659
9,discovery,2,42,2,19,random_positions,1.375,-2.75,-2.75,0.0,False,False,meta-llama/Meta-Llama-3.1-8B-Instruct,0e9e39f249a16976918f6564b8830bc894c89659
9,discovery,2,42,2,20,answer_position,1.375,-2.75,1.25,4.0,False,True,meta-llama/Meta-Llama-3.1-8B-Instruct,0e9e39f249a16976918f6564b8830bc894c89659
9,discovery,2,42,2,20,number_tokens,1.375,-2.75,-2.625,0.125,False,False,meta-llama/Meta-Llama-3.1-8B-Instruct,0e9e39f249a16976918f6564b8830bc894c89659
9,discovery,2,42,2,20,random_positions,1.375,-2.75,-2.75,0.0,False,False,meta-llama/Meta-Llama-3.1-8B-Instruct,0e9e39f249a16976918f6564b8830bc894c89659
9,discovery,2,42,2,21,answer_position,1.375,-2.75,1.375,4.125,False,True,meta-llama/Meta-Llama-3.1-8B-Instruct,0e9e39f249a16976918f6564b8830bc894c89659
9,discovery,2,42,2,21,number_tokens,1.375,-2.75,-2.75,0.0,False,False,meta-llama/Meta-Llama-3.1-8B-Instruct,0e9e39f249a16976918f6564b8830bc894c89659
9,discovery,2,42,2,21,random_positions,1.375,-2.75,-2.625,0.125,False,False,meta-llama/Meta-Llama-3.1-8B-Instruct,0e9e39f249a16976918f6564b8830bc894c89659
9,discovery,2,42,2,22,answer_position,1.375,-2.75,1.375,4.125,False,True,meta-llama/Meta-Llama-3.1-8B-Instruct,0e9e39f249a16976918f6564b8830bc894c89659
9,discovery,2,42,2,22,number_tokens,1.375,-2.75,-2.75,0.0,False,False,meta-llama/Meta-Llama-3.1-8B-Instruct,0e9e39f249a16976918f6564b8830bc894c89659
9,discovery,2,42,2,22,random_positions,1.375,-2.75,-2.75,0.0,False,False,meta-llama/Meta-Llama-3.1-8B-Instruct,0e9e39f249a16976918f6564b8830bc894c89659
9,discovery,2,42,2,23,answer_position,1.375,-2.75,1.375,4.125,False,True,meta-llama/Meta-Llama-3.1-8B-Instruct,0e9e39f249a16976918f6564b8830bc894c89659
9,discovery,2,42,2,23,number_tokens,1.375,-2.75,-2.75,0.0,False,False,meta-llama/Meta-Llama-3.1-8B-Instruct,0e9e39f249a16976918f6564b8830bc894c89659
9,discovery,2,42,2,23,random_positions,1.375,-2.75,-2.625,0.125,False,False,meta-llama/Meta-Llama-3.1-8B-Instruct,0e9e39f249a16976918f6564b8830bc894c89659
9,discovery,2,42,2,24,answer_position,1.375,-2.75,1.375,4.125,False,True,meta-llama/Meta-Llama-3.1-8B-Instruct,0e9e39f249a16976918f6564b8830bc894c89659
9,discovery,2,42,2,24,number_tokens,1.375,-2.75,-2.75,0.0,False,False,meta-llama/Meta-Llama-3.1-8B-Instruct,0e9e39f249a16976918f6564b8830bc894c89659
9,discovery,2,42,2,24,random_positions,1.375,-2.75,-2.75,0.0,False,False,meta-llama/Meta-Llama-3.1-8B-Instruct,0e9e39f249a16976918f6564b8830bc894c89659
9,discovery,2,42,2,25,answer_position,1.375,-2.75,1.375,4.125,False,True,meta-llama/Meta-Llama-3.1-8B-Instruct,0e9e39f249a16976918f6564b8830bc894c89659
9,discovery,2,42,2,25,number_tokens,1.375,-2.75,-2.75,0.0,False,False,meta-llama/Meta-Llama-3.1-8B-Instruct,0e9e39f249a16976918f6564b8830bc894c89659
9,discovery,2,42,2,25,random_positions,1.375,-2.75,-2.75,0.0,False,False,meta-llama/Meta-Llama-3.1-8B-Instruct,0e9e39f249a16976918f6564b8830bc894c89659
9,discovery,2,42,2,26,answer_position,1.375,-2.75,1.375,4.125,False,True,meta-llama/Meta-Llama-3.1-8B-Instruct,0e9e39f249a16976918f6564b8830bc894c89659
9,discovery,2,42,2,26,number_tokens,1.375,-2.75,-2.75,0.0,False,False,meta-llama/Meta-Llama-3.1-8B-Instruct,0e9e39f249a16976918f6564b8830bc894c89659
9,discovery,2,42,2,26,random_positions,1.375,-2.75,-2.75,0.0,False,False,meta-llama/Meta-Llama-3.1-8B-Instruct,0e9e39f249a16976918f6564b8830bc894c89659
9,discovery,2,42,2,27,answer_position,1.375,-2.75,1.25,4.0,False,True,meta-llama/Meta-Llama-3.1-8B-Instruct,0e9e39f249a16976918f6564b8830bc894c89659
9,discovery,2,42,2,27,number_tokens,1.375,-2.75,-2.75,0.0,False,False,meta-llama/Meta-Llama-3.1-8B-Instruct,0e9e39f249a16976918f6564b8830bc894c89659
9,discovery,2,42,2,27,random_positions,1.375,-2.75,-2.75,0.0,False,False,meta-llama/Meta-Llama-3.1-8B-Instruct,0e9e39f249a16976918f6564b8830bc894c89659
9,discovery,2,42,2,28,answer_position,1.375,-2.75,1.375,4.125,False,True,meta-llama/Meta-Llama-3.1-8B-Instruct,0e9e39f249a16976918f6564b8830bc894c89659
9,discovery,2,42,2,28,number_tokens,1.375,-2.75,-2.75,0.0,False,False,meta-llama/Meta-Llama-3.1-8B-Instruct,0e9e39f249a16976918f6564b8830bc894c89659
9,discovery,2,42,2,28,random_positions,1.375,-2.75,-2.75,0.0,False,False,meta-llama/Meta-Llama-3.1-8B-Instruct,0e9e39f249a16976918f6564b8830bc894c89659
9,discovery,2,42,2,29,answer_position,1.375,-2.75,1.375,4.125,False,True,meta-llama/Meta-Llama-3.1-8B-Instruct,0e9e39f249a16976918f6564b8830bc894c89659
9,discovery,2,42,2,29,number_tokens,1.375,-2.75,-2.75,0.0,False,False,meta-llama/Meta-Llama-3.1-8B-Instruct,0e9e39f249a16976918f6564b8830bc894c89659
9,discovery,2,42,2,29,random_positions,1.375,-2.75,-2.75,0.0,False,False,meta-llama/Meta-Llama-3.1-8B-Instruct,0e9e39f249a16976918f6564b8830bc894c89659
9,discovery,2,42,2,30,answer_position,1.375,-2.75,1.375,4.125,False,True,meta-llama/Meta-Llama-3.1-8B-Instruct,0e9e39f249a16976918f6564b8830bc894c89659
9,discovery,2,42,2,30,number_tokens,1.375,-2.75,-2.75,0.0,False,False,meta-llama/Meta-Llama-3.1-8B-Instruct,0e9e39f249a16976918f6564b8830bc894c89659
9,discovery,2,42,2,30,random_positions,1.375,-2.75,-2.75,0.0,False,False,meta-llama/Meta-Llama-3.1-8B-Instruct,0e9e39f249a16976918f6564b8830bc894c89659
9,discovery,2,42,2,31,answer_position,1.375,-2.75,1.375,4.125,False,True,meta-llama/Meta-Llama-3.1-8B-Instruct,0e9e39f249a16976918f6564b8830bc894c89659
9,discovery,2,42,2,31,number_tokens,1.375,-2.75,-2.75,0.0,False,False,meta-llama/Meta-Llama-3.1-8B-Instruct,0e9e39f249a16976918f6564b8830bc894c89659
9,discovery,2,42,2,31,random_positions,1.375,-2.75,-2.75,0.0,False,False,meta-llama/Meta-Llama-3.1-8B-Instruct,0e9e39f249a16976918f6564b8830bc894c89659
10,discovery,3,42,2,0,answer_position,1.375,-4.25,-4.25,0.0,False,False,meta-llama/Meta-Llama-3.1-8B-Instruct,0e9e39f249a16976918f6564b8830bc894c89659
10,discovery,3,42,2,0,number_tokens,1.375,-4.25,-4.125,0.125,False,False,meta-llama/Meta-Llama-3.1-8B-Instruct,0e9e39f249a16976918f6564b8830bc894c89659
10,discovery,3,42,2,0,random_positions,1.375,-4.25,-4.125,0.125,False,False,meta-llama/Meta-Llama-3.1-8B-Instruct,0e9e39f249a16976918f6564b8830bc894c89659
10,discovery,3,42,2,1,answer_position,1.375,-4.25,-4.125,0.125,False,False,meta-llama/Meta-Llama-3.1-8B-Instruct,0e9e39f249a16976918f6564b8830bc894c89659
10,discovery,3,42,2,1,number_tokens,1.375,-4.25,-4.75,-0.5,False,False,meta-llama/Meta-Llama-3.1-8B-Instruct,0e9e39f249a16976918f6564b8830bc894c89659
10,discovery,3,42,2,1,random_positions,1.375,-4.25,-4.25,0.0,False,False,meta-llama/Meta-Llama-3.1-8B-Instruct,0e9e39f249a16976918f6564b8830bc894c89659
10,discovery,3,42,2,2,answer_position,1.375,-4.25,-4.125,0.125,False,False,meta-llama/Meta-Llama-3.1-8B-Instruct,0e9e39f249a16976918f6564b8830bc894c89659
10,discovery,3,42,2,2,number_tokens,1.375,-4.25,-6.5,-2.25,False,False,meta-llama/Meta-Llama-3.1-8B-Instruct,0e9e39f249a16976918f6564b8830bc894c89659
10,discovery,3,42,2,2,random_positions,1.375,-4.25,-4.25,0.0,False,False,meta-llama/Meta-Llama-3.1-8B-Instruct,0e9e39f249a16976918f6564b8830bc894c89659
10,discovery,3,42,2,3,answer_position,1.375,-4.25,-4.125,0.125,False,False,meta-llama/Meta-Llama-3.1-8B-Instruct,0e9e39f249a16976918f6564b8830bc894c89659
10,discovery,3,42,2,3,number_tokens,1.375,-4.25,-6.625,-2.375,False,False,meta-llama/Meta-Llama-3.1-8B-Instruct,0e9e39f249a16976918f6564b8830bc894c89659
10,discovery,3,42,2,3,random_positions,1.375,-4.25,-4.25,0.0,False,False,meta-llama/Meta-Llama-3.1-8B-Instruct,0e9e39f249a16976918f6564b8830bc894c89659
10,discovery,3,42,2,4,answer_position,1.375,-4.25,-4.125,0.125,False,False,meta-llama/Meta-Llama-3.1-8B-Instruct,0e9e39f249a16976918f6564b8830bc894c89659
10,discovery,3,42,2,4,number_tokens,1.375,-4.25,-6.5,-2.25,False,False,meta-llama/Meta-Llama-3.1-8B-Instruct,0e9e39f249a16976918f6564b8830bc894c89659
10,discovery,3,42,2,4,random_positions,1.375,-4.25,-4.25,0.0,False,False,meta-llama/Meta-Llama-3.1-8B-Instruct,0e9e39f249a16976918f6564b8830bc894c89659
10,discovery,3,42,2,5,answer_position,1.375,-4.25,-4.125,0.125,False,False,meta-llama/Meta-Llama-3.1-8B-Instruct,0e9e39f249a16976918f6564b8830bc894c89659
10,discovery,3,42,2,5,number_tokens,1.375,-4.25,-5.0,-0.75,False,False,meta-llama/Meta-Llama-3.1-8B-Instruct,0e9e39f249a16976918f6564b8830bc894c89659
10,discovery,3,42,2,5,random_positions,1.375,-4.25,-4.125,0.125,False,False,meta-llama/Meta-Llama-3.1-8B-Instruct,0e9e39f249a16976918f6564b8830bc894c89659
10,discovery,3,42,2,6,answer_position,1.375,-4.25,-4.125,0.125,False,False,meta-llama/Meta-Llama-3.1-8B-Instruct,0e9e39f249a16976918f6564b8830bc894c89659
10,discovery,3,42,2,6,number_tokens,1.375,-4.25,-3.0,1.25,False,False,meta-llama/Meta-Llama-3.1-8B-Instruct,0e9e39f249a16976918f6564b8830bc894c89659
10,discovery,3,42,2,6,random_positions,1.375,-4.25,-4.125,0.125,False,False,meta-llama/Meta-Llama-3.1-8B-Instruct,0e9e39f249a16976918f6564b8830bc894c89659
10,discovery,3,42,2,7,answer_position,1.375,-4.25,-4.125,0.125,False,False,meta-llama/Meta-Llama-3.1-8B-Instruct,0e9e39f249a16976918f6564b8830bc894c89659
10,discovery,3,42,2,7,number_tokens,1.375,-4.25,-1.75,2.5,False,False,meta-llama/Meta-Llama-3.1-8B-Instruct,0e9e39f249a16976918f6564b8830bc894c89659
10,discovery,3,42,2,7,random_positions,1.375,-4.25,-4.125,0.125,False,False,meta-llama/Meta-Llama-3.1-8B-Instruct,0e9e39f249a16976918f6564b8830bc894c89659
10,discovery,3,42,2,8,answer_position,1.375,-4.25,-4.125,0.125,False,False,meta-llama/Meta-Llama-3.1-8B-Instruct,0e9e39f249a16976918f6564b8830bc894c89659
10,discovery,3,42,2,8,number_tokens,1.375,-4.25,-1.375,2.875,False,False,meta-llama/Meta-Llama-3.1-8B-Instruct,0e9e39f249a16976918f6564b8830bc894c89659
10,discovery,3,42,2,8,random_positions,1.375,-4.25,-4.25,0.0,False,False,meta-llama/Meta-Llama-3.1-8B-Instruct,0e9e39f249a16976918f6564b8830bc894c89659
10,discovery,3,42,2,9,answer_position,1.375,-4.25,-4.125,0.125,False,False,meta-llama/Meta-Llama-3.1-8B-Instruct,0e9e39f249a16976918f6564b8830bc894c89659
10,discovery,3,42,2,9,number_tokens,1.375,-4.25,-2.25,2.0,False,False,meta-llama/Meta-Llama-3.1-8B-Instruct,0e9e39f249a16976918f6564b8830bc894c89659
10,discovery,3,42,2,9,random_positions,1.375,-4.25,-4.5,-0.25,False,False,meta-llama/Meta-Llama-3.1-8B-Instruct,0e9e39f249a16976918f6564b8830bc894c89659
10,discovery,3,42,2,10,answer_position,1.375,-4.25,-4.25,0.0,False,False,meta-llama/Meta-Llama-3.1-8B-Instruct,0e9e39f249a16976918f6564b8830bc894c89659
10,discovery,3,42,2,10,number_tokens,1.375,-4.25,-2.875,1.375,False,False,meta-llama/Meta-Llama-3.1-8B-Instruct,0e9e39f249a16976918f6564b8830bc894c89659
10,discovery,3,42,2,10,random_positions,1.375,-4.25,-4.0,0.25,False,False,meta-llama/Meta-Llama-3.1-8B-Instruct,0e9e39f249a16976918f6564b8830bc894c89659
10,discovery,3,42,2,11,answer_position,1.375,-4.25,-4.25,0.0,False,False,meta-llama/Meta-Llama-3.1-8B-Instruct,0e9e39f249a16976918f6564b8830bc894c89659
10,discovery,3,42,2,11,number_tokens,1.375,-4.25,-2.375,1.875,False,False,meta-llama/Meta-Llama-3.1-8B-Instruct,0e9e39f249a16976918f6564b8830bc894c89659
10,discovery,3,42,2,11,random_positions,1.375,-4.25,-3.75,0.5,False,False,meta-llama/Meta-Llama-3.1-8B-Instruct,0e9e39f249a16976918f6564b8830bc894c89659
10,discovery,3,42,2,12,answer_position,1.375,-4.25,-3.875,0.375,False,False,meta-llama/Meta-Llama-3.1-8B-Instruct,0e9e39f249a16976918f6564b8830bc894c89659
10,discovery,3,42,2,12,number_tokens,1.375,-4.25,-2.875,1.375,False,False,meta-llama/Meta-Llama-3.1-8B-Instruct,0e9e39f249a16976918f6564b8830bc894c89659
10,discovery,3,42,2,12,random_positions,1.375,-4.25,-3.875,0.375,False,False,meta-llama/Meta-Llama-3.1-8B-Instruct,0e9e39f249a16976918f6564b8830bc894c89659
10,discovery,3,42,2,13,answer_position,1.375,-4.25,-3.375,0.875,False,False,meta-llama/Meta-Llama-3.1-8B-Instruct,0e9e39f249a16976918f6564b8830bc894c89659
10,discovery,3,42,2,13,number_tokens,1.375,-4.25,-3.375,0.875,False,False,meta-llama/Meta-Llama-3.1-8B-Instruct,0e9e39f249a16976918f6564b8830bc894c89659
10,discovery,3,42,2,13,random_positions,1.375,-4.25,-3.75,0.5,False,False,meta-llama/Meta-Llama-3.1-8B-Instruct,0e9e39f249a16976918f6564b8830bc894c89659
10,discovery,3,42,2,14,answer_position,1.375,-4.25,-1.5,2.75,False,False,meta-llama/Meta-Llama-3.1-8B-Instruct,0e9e39f249a16976918f6564b8830bc894c89659
10,discovery,3,42,2,14,number_tokens,1.375,-4.25,-3.875,0.375,False,False,meta-llama/Meta-Llama-3.1-8B-Instruct,0e9e39f249a16976918f6564b8830bc894c89659
10,discovery,3,42,2,14,random_positions,1.375,-4.25,-4.0,0.25,False,False,meta-llama/Meta-Llama-3.1-8B-Instruct,0e9e39f249a16976918f6564b8830bc894c89659
10,discovery,3,42,2,15,answer_position,1.375,-4.25,-0.25,4.0,False,False,meta-llama/Meta-Llama-3.1-8B-Instruct,0e9e39f249a16976918f6564b8830bc894c89659
10,discovery,3,42,2,15,number_tokens,1.375,-4.25,-4.125,0.125,False,False,meta-llama/Meta-Llama-3.1-8B-Instruct,0e9e39f249a16976918f6564b8830bc894c89659
10,discovery,3,42,2,15,random_positions,1.375,-4.25,-3.875,0.375,False,False,meta-llama/Meta-Llama-3.1-8B-Instruct,0e9e39f249a16976918f6564b8830bc894c89659
10,discovery,3,42,2,16,answer_position,1.375,-4.25,-1.0,3.25,False,False,meta-llama/Meta-Llama-3.1-8B-Instruct,0e9e39f249a16976918f6564b8830bc894c89659
10,discovery,3,42,2,16,number_tokens,1.375,-4.25,-4.0,0.25,False,False,meta-llama/Meta-Llama-3.1-8B-Instruct,0e9e39f249a16976918f6564b8830bc894c89659
10,discovery,3,42,2,16,random_positions,1.375,-4.25,-3.875,0.375,False,False,meta-llama/Meta-Llama-3.1-8B-Instruct,0e9e39f249a16976918f6564b8830bc894c89659
10,discovery,3,42,2,17,answer_position,1.375,-4.25,1.125,5.375,False,True,meta-llama/Meta-Llama-3.1-8B-Instruct,0e9e39f249a16976918f6564b8830bc894c89659
10,discovery,3,42,2,17,number_tokens,1.375,-4.25,-4.125,0.125,False,False,meta-llama/Meta-Llama-3.1-8B-Instruct,0e9e39f249a16976918f6564b8830bc894c89659
10,discovery,3,42,2,17,random_positions,1.375,-4.25,-4.0,0.25,False,False,meta-llama/Meta-Llama-3.1-8B-Instruct,0e9e39f249a16976918f6564b8830bc894c89659
10,discovery,3,42,2,18,answer_position,1.375,-4.25,1.25,5.5,False,True,meta-llama/Meta-Llama-3.1-8B-Instruct,0e9e39f249a16976918f6564b8830bc894c89659
10,discovery,3,42,2,18,number_tokens,1.375,-4.25,-4.125,0.125,False,False,meta-llama/Meta-Llama-3.1-8B-Instruct,0e9e39f249a16976918f6564b8830bc894c89659
10,discovery,3,42,2,18,random_positions,1.375,-4.25,-4.25,0.0,False,False,meta-llama/Meta-Llama-3.1-8B-Instruct,0e9e39f249a16976918f6564b8830bc894c89659
10,discovery,3,42,2,19,answer_position,1.375,-4.25,1.25,5.5,False,True,meta-llama/Meta-Llama-3.1-8B-Instruct,0e9e39f249a16976918f6564b8830bc894c89659
10,discovery,3,42,2,19,number_tokens,1.375,-4.25,-4.25,0.0,False,False,meta-llama/Meta-Llama-3.1-8B-Instruct,0e9e39f249a16976918f6564b8830bc894c89659
10,discovery,3,42,2,19,random_positions,1.375,-4.25,-4.25,0.0,False,False,meta-llama/Meta-Llama-3.1-8B-Instruct,0e9e39f249a16976918f6564b8830bc894c89659
10,discovery,3,42,2,20,answer_position,1.375,-4.25,1.375,5.625,False,True,meta-llama/Meta-Llama-3.1-8B-Instruct,0e9e39f249a16976918f6564b8830bc894c89659
10,discovery,3,42,2,20,number_tokens,1.375,-4.25,-4.25,0.0,False,False,meta-llama/Meta-Llama-3.1-8B-Instruct,0e9e39f249a16976918f6564b8830bc894c89659
10,discovery,3,42,2,20,random_positions,1.375,-4.25,-4.25,0.0,False,False,meta-llama/Meta-Llama-3.1-8B-Instruct,0e9e39f249a16976918f6564b8830bc894c89659
10,discovery,3,42,2,21,answer_position,1.375,-4.25,1.25,5.5,False,True,meta-llama/Meta-Llama-3.1-8B-Instruct,0e9e39f249a16976918f6564b8830bc894c89659
10,discovery,3,42,2,21,number_tokens,1.375,-4.25,-4.25,0.0,False,False,meta-llama/Meta-Llama-3.1-8B-Instruct,0e9e39f249a16976918f6564b8830bc894c89659
10,discovery,3,42,2,21,random_positions,1.375,-4.25,-4.125,0.125,False,False,meta-llama/Meta-Llama-3.1-8B-Instruct,0e9e39f249a16976918f6564b8830bc894c89659
10,discovery,3,42,2,22,answer_position,1.375,-4.25,1.25,5.5,False,True,meta-llama/Meta-Llama-3.1-8B-Instruct,0e9e39f249a16976918f6564b8830bc894c89659
10,discovery,3,42,2,22,number_tokens,1.375,-4.25,-4.25,0.0,False,False,meta-llama/Meta-Llama-3.1-8B-Instruct,0e9e39f249a16976918f6564b8830bc894c89659
10,discovery,3,42,2,22,random_positions,1.375,-4.25,-4.125,0.125,False,False,meta-llama/Meta-Llama-3.1-8B-Instruct,0e9e39f249a16976918f6564b8830bc894c89659
10,discovery,3,42,2,23,answer_position,1.375,-4.25,1.25,5.5,False,True,meta-llama/Meta-Llama-3.1-8B-Instruct,0e9e39f249a16976918f6564b8830bc894c89659
10,discovery,3,42,2,23,number_tokens,1.375,-4.25,-4.125,0.125,False,False,meta-llama/Meta-Llama-3.1-8B-Instruct,0e9e39f249a16976918f6564b8830bc894c89659
10,discovery,3,42,2,23,random_positions,1.375,-4.25,-4.25,0.0,False,False,meta-llama/Meta-Llama-3.1-8B-Instruct,0e9e39f249a16976918f6564b8830bc894c89659
10,discovery,3,42,2,24,answer_position,1.375,-4.25,1.375,5.625,False,True,meta-llama/Meta-Llama-3.1-8B-Instruct,0e9e39f249a16976918f6564b8830bc894c89659
10,discovery,3,42,2,24,number_tokens,1.375,-4.25,-4.25,0.0,False,False,meta-llama/Meta-Llama-3.1-8B-Instruct,0e9e39f249a16976918f6564b8830bc894c89659
10,discovery,3,42,2,24,random_positions,1.375,-4.25,-4.25,0.0,False,False,meta-llama/Meta-Llama-3.1-8B-Instruct,0e9e39f249a16976918f6564b8830bc894c89659
10,discovery,3,42,2,25,answer_position,1.375,-4.25,1.25,5.5,False,True,meta-llama/Meta-Llama-3.1-8B-Instruct,0e9e39f249a16976918f6564b8830bc894c89659
10,discovery,3,42,2,25,number_tokens,1.375,-4.25,-4.25,0.0,False,False,meta-llama/Meta-Llama-3.1-8B-Instruct,0e9e39f249a16976918f6564b8830bc894c89659
10,discovery,3,42,2,25,random_positions,1.375,-4.25,-4.125,0.125,False,False,meta-llama/Meta-Llama-3.1-8B-Instruct,0e9e39f249a16976918f6564b8830bc894c89659
10,discovery,3,42,2,26,answer_position,1.375,-4.25,1.25,5.5,False,True,meta-llama/Meta-Llama-3.1-8B-Instruct,0e9e39f249a16976918f6564b8830bc894c89659
10,discovery,3,42,2,26,number_tokens,1.375,-4.25,-4.25,0.0,False,False,meta-llama/Meta-Llama-3.1-8B-Instruct,0e9e39f249a16976918f6564b8830bc894c89659
10,discovery,3,42,2,26,random_positions,1.375,-4.25,-4.125,0.125,False,False,meta-llama/Meta-Llama-3.1-8B-Instruct,0e9e39f249a16976918f6564b8830bc894c89659
10,discovery,3,42,2,27,answer_position,1.375,-4.25,1.25,5.5,False,True,meta-llama/Meta-Llama-3.1-8B-Instruct,0e9e39f249a16976918f6564b8830bc894c89659
10,discovery,3,42,2,27,number_tokens,1.375,-4.25,-4.125,0.125,False,False,meta-llama/Meta-Llama-3.1-8B-Instruct,0e9e39f249a16976918f6564b8830bc894c89659
10,discovery,3,42,2,27,random_positions,1.375,-4.25,-4.25,0.0,False,False,meta-llama/Meta-Llama-3.1-8B-Instruct,0e9e39f249a16976918f6564b8830bc894c89659
10,discovery,3,42,2,28,answer_position,1.375,-4.25,1.375,5.625,False,True,meta-llama/Meta-Llama-3.1-8B-Instruct,0e9e39f249a16976918f6564b8830bc894c89659
10,discovery,3,42,2,28,number_tokens,1.375,-4.25,-4.25,0.0,False,False,meta-llama/Meta-Llama-3.1-8B-Instruct,0e9e39f249a16976918f6564b8830bc894c89659
10,discovery,3,42,2,28,random_positions,1.375,-4.25,-4.25,0.0,False,False,meta-llama/Meta-Llama-3.1-8B-Instruct,0e9e39f249a16976918f6564b8830bc894c89659
10,discovery,3,42,2,29,answer_position,1.375,-4.25,1.375,5.625,False,True,meta-llama/Meta-Llama-3.1-8B-Instruct,0e9e39f249a16976918f6564b8830bc894c89659
10,discovery,3,42,2,29,number_tokens,1.375,-4.25,-4.125,0.125,False,False,meta-llama/Meta-Llama-3.1-8B-Instruct,0e9e39f249a16976918f6564b8830bc894c89659
10,discovery,3,42,2,29,random_positions,1.375,-4.25,-4.125,0.125,False,False,meta-llama/Meta-Llama-3.1-8B-Instruct,0e9e39f249a16976918f6564b8830bc894c89659
10,discovery,3,42,2,30,answer_position,1.375,-4.25,1.375,5.625,False,True,meta-llama/Meta-Llama-3.1-8B-Instruct,0e9e39f249a16976918f6564b8830bc894c89659
10,discovery,3,42,2,30,number_tokens,1.375,-4.25,-4.125,0.125,False,False,meta-llama/Meta-Llama-3.1-8B-Instruct,0e9e39f249a16976918f6564b8830bc894c89659
10,discovery,3,42,2,30,random_positions,1.375,-4.25,-4.125,0.125,False,False,meta-llama/Meta-Llama-3.1-8B-Instruct,0e9e39f249a16976918f6564b8830bc894c89659
10,discovery,3,42,2,31,answer_position,1.375,-4.25,1.375,5.625,False,True,meta-llama/Meta-Llama-3.1-8B-Instruct,0e9e39f249a16976918f6564b8830bc894c89659
10,discovery,3,42,2,31,number_tokens,1.375,-4.25,-4.25,0.0,False,False,meta-llama/Meta-Llama-3.1-8B-Instruct,0e9e39f249a16976918f6564b8830bc894c89659
10,discovery,3,42,2,31,random_positions,1.375,-4.25,-4.25,0.0,False,False,meta-llama/Meta-Llama-3.1-8B-Instruct,0e9e39f249a16976918f6564b8830bc894c89659
11,discovery,3,43,3,0,answer_position,2.125,-1.75,-1.875,-0.125,False,False,meta-llama/Meta-Llama-3.1-8B-Instruct,0e9e39f249a16976918f6564b8830bc894c89659
11,discovery,3,43,3,0,number_tokens,2.125,-1.75,-1.75,0.0,False,False,meta-llama/Meta-Llama-3.1-8B-Instruct,0e9e39f249a16976918f6564b8830bc894c89659
11,discovery,3,43,3,0,random_positions,2.125,-1.75,-1.75,0.0,False,False,meta-llama/Meta-Llama-3.1-8B-Instruct,0e9e39f249a16976918f6564b8830bc894c89659
11,discovery,3,43,3,1,answer_position,2.125,-1.75,-1.875,-0.125,False,False,meta-llama/Meta-Llama-3.1-8B-Instruct,0e9e39f249a16976918f6564b8830bc894c89659
11,discovery,3,43,3,1,number_tokens,2.125,-1.75,-1.875,-0.125,False,False,meta-llama/Meta-Llama-3.1-8B-Instruct,0e9e39f249a16976918f6564b8830bc894c89659
11,discovery,3,43,3,1,random_positions,2.125,-1.75,-1.75,0.0,False,False,meta-llama/Meta-Llama-3.1-8B-Instruct,0e9e39f249a16976918f6564b8830bc894c89659
11,discovery,3,43,3,2,answer_position,2.125,-1.75,-1.875,-0.125,False,False,meta-llama/Meta-Llama-3.1-8B-Instruct,0e9e39f249a16976918f6564b8830bc894c89659
11,discovery,3,43,3,2,number_tokens,2.125,-1.75,-3.5,-1.75,False,False,meta-llama/Meta-Llama-3.1-8B-Instruct,0e9e39f249a16976918f6564b8830bc894c89659
11,discovery,3,43,3,2,random_positions,2.125,-1.75,-1.625,0.125,False,False,meta-llama/Meta-Llama-3.1-8B-Instruct,0e9e39f249a16976918f6564b8830bc894c89659
11,discovery,3,43,3,3,answer_position,2.125,-1.75,-1.75,0.0,False,False,meta-llama/Meta-Llama-3.1-8B-Instruct,0e9e39f249a16976918f6564b8830bc894c89659
11,discovery,3,43,3,3,number_tokens,2.125,-1.75,-3.25,-1.5,False,False,meta-llama/Meta-Llama-3.1-8B-Instruct,0e9e39f249a16976918f6564b8830bc894c89659
11,discovery,3,43,3,3,random_positions,2.125,-1.75,-1.625,0.125,False,False,meta-llama/Meta-Llama-3.1-8B-Instruct,0e9e39f249a16976918f6564b8830bc894c89659
11,discovery,3,43,3,4,answer_position,2.125,-1.75,-1.875,-0.125,False,False,meta-llama/Meta-Llama-3.1-8B-Instruct,0e9e39f249a16976918f6564b8830bc894c89659
11,discovery,3,43,3,4,number_tokens,2.125,-1.75,-2.75,-1.0,False,False,meta-llama/Meta-Llama-3.1-8B-Instruct,0e9e39f249a16976918f6564b8830bc894c89659
11,discovery,3,43,3,4,random_positions,2.125,-1.75,-1.75,0.0,False,False,meta-llama/Meta-Llama-3.1-8B-Instruct,0e9e39f249a16976918f6564b8830bc894c89659
11,discovery,3,43,3,5,answer_position,2.125,-1.75,-1.875,-0.125,False,False,meta-llama/Meta-Llama-3.1-8B-Instruct,0e9e39f249a16976918f6564b8830bc894c89659
11,discovery,3,43,3,5,number_tokens,2.125,-1.75,-6.875,-5.125,False,False,meta-llama/Meta-Llama-3.1-8B-Instruct,0e9e39f249a16976918f6564b8830bc894c89659
11,discovery,3,43,3,5,random_positions,2.125,-1.75,-1.5,0.25,False,False,meta-llama/Meta-Llama-3.1-8B-Instruct,0e9e39f249a16976918f6564b8830bc894c89659
11,discovery,3,43,3,6,answer_position,2.125,-1.75,-1.875,-0.125,False,False,meta-llama/Meta-Llama-3.1-8B-Instruct,0e9e39f249a16976918f6564b8830bc894c89659
11,discovery,3,43,3,6,number_tokens,2.125,-1.75,-4.625,-2.875,False,False,meta-llama/Meta-Llama-3.1-8B-Instruct,0e9e39f249a16976918f6564b8830bc894c89659
11,discovery,3,43,3,6,random_positions,2.125,-1.75,-1.625,0.125,False,False,meta-llama/Meta-Llama-3.1-8B-Instruct,0e9e39f249a16976918f6564b8830bc894c89659
11,discovery,3,43,3,7,answer_position,2.125,-1.75,-1.875,-0.125,False,False,meta-llama/Meta-Llama-3.1-8B-Instruct,0e9e39f249a16976918f6564b8830bc894c89659
11,discovery,3,43,3,7,number_tokens,2.125,-1.75,-2.875,-1.125,False,False,meta-llama/Meta-Llama-3.1-8B-Instruct,0e9e39f249a16976918f6564b8830bc894c89659
11,discovery,3,43,3,7,random_positions,2.125,-1.75,-1.5,0.25,False,False,meta-llama/Meta-Llama-3.1-8B-Instruct,0e9e39f249a16976918f6564b8830bc894c89659
11,discovery,3,43,3,8,answer_position,2.125,-1.75,-1.75,0.0,False,False,meta-llama/Meta-Llama-3.1-8B-Instruct,0e9e39f249a16976918f6564b8830bc894c89659
11,discovery,3,43,3,8,number_tokens,2.125,-1.75,-1.375,0.375,False,False,meta-llama/Meta-Llama-3.1-8B-Instruct,0e9e39f249a16976918f6564b8830bc894c89659
11,discovery,3,43,3,8,random_positions,2.125,-1.75,-1.5,0.25,False,False,meta-llama/Meta-Llama-3.1-8B-Instruct,0e9e39f249a16976918f6564b8830bc894c89659
11,discovery,3,43,3,9,answer_position,2.125,-1.75,-1.875,-0.125,False,False,meta-llama/Meta-Llama-3.1-8B-Instruct,0e9e39f249a16976918f6564b8830bc894c89659
11,discovery,3,43,3,9,number_tokens,2.125,-1.75,-1.25,0.5,False,False,meta-llama/Meta-Llama-3.1-8B-Instruct,0e9e39f249a16976918f6564b8830bc894c89659
11,discovery,3,43,3,9,random_positions,2.125,-1.75,-1.625,0.125,False,False,meta-llama/Meta-Llama-3.1-8B-Instruct,0e9e39f249a16976918f6564b8830bc894c89659
11,discovery,3,43,3,10,answer_position,2.125,-1.75,-1.875,-0.125,False,False,meta-llama/Meta-Llama-3.1-8B-Instruct,0e9e39f249a16976918f6564b8830bc894c89659
11,discovery,3,43,3,10,number_tokens,2.125,-1.75,-1.25,0.5,False,False,meta-llama/Meta-Llama-3.1-8B-Instruct,0e9e39f249a16976918f6564b8830bc894c89659
11,discovery,3,43,3,10,random_positions,2.125,-1.75,-1.75,0.0,False,False,meta-llama/Meta-Llama-3.1-8B-Instruct,0e9e39f249a16976918f6564b8830bc894c89659
11,discovery,3,43,3,11,answer_position,2.125,-1.75,-1.875,-0.125,False,False,meta-llama/Meta-Llama-3.1-8B-Instruct,0e9e39f249a16976918f6564b8830bc894c89659
11,discovery,3,43,3,11,number_tokens,2.125,-1.75,-1.25,0.5,False,False,meta-llama/Meta-Llama-3.1-8B-Instruct,0e9e39f249a16976918f6564b8830bc894c89659
11,discovery,3,43,3,11,random_positions,2.125,-1.75,-1.75,0.0,False,False,meta-llama/Meta-Llama-3.1-8B-Instruct,0e9e39f249a16976918f6564b8830bc894c89659
11,discovery,3,43,3,12,answer_position,2.125,-1.75,-1.875,-0.125,False,False,meta-llama/Meta-Llama-3.1-8B-Instruct,0e9e39f249a16976918f6564b8830bc894c89659
11,discovery,3,43,3,12,number_tokens,2.125,-1.75,-1.375,0.375,False,False,meta-llama/Meta-Llama-3.1-8B-Instruct,0e9e39f249a16976918f6564b8830bc894c89659
11,discovery,3,43,3,12,random_positions,2.125,-1.75,-1.625,0.125,False,False,meta-llama/Meta-Llama-3.1-8B-Instruct,0e9e39f249a16976918f6564b8830bc894c89659
11,discovery,3,43,3,13,answer_position,2.125,-1.75,-1.375,0.375,False,False,meta-llama/Meta-Llama-3.1-8B-Instruct,0e9e39f249a16976918f6564b8830bc894c89659
11,discovery,3,43,3,13,number_tokens,2.125,-1.75,-1.5,0.25,False,False,meta-llama/Meta-Llama-3.1-8B-Instruct,0e9e39f249a16976918f6564b8830bc894c89659
11,discovery,3,43,3,13,random_positions,2.125,-1.75,-1.75,0.0,False,False,meta-llama/Meta-Llama-3.1-8B-Instruct,0e9e39f249a16976918f6564b8830bc894c89659
11,discovery,3,43,3,14,answer_position,2.125,-1.75,-1.125,0.625,False,False,meta-llama/Meta-Llama-3.1-8B-Instruct,0e9e39f249a16976918f6564b8830bc894c89659
11,discovery,3,43,3,14,number_tokens,2.125,-1.75,-1.875,-0.125,False,False,meta-llama/Meta-Llama-3.1-8B-Instruct,0e9e39f249a16976918f6564b8830bc894c89659
11,discovery,3,43,3,14,random_positions,2.125,-1.75,-1.75,0.0,False,False,meta-llama/Meta-Llama-3.1-8B-Instruct,0e9e39f249a16976918f6564b8830bc894c89659
11,discovery,3,43,3,15,answer_position,2.125,-1.75,-0.125,1.625,False,False,meta-llama/Meta-Llama-3.1-8B-Instruct,0e9e39f249a16976918f6564b8830bc894c89659
11,discovery,3,43,3,15,number_tokens,2.125,-1.75,-1.875,-0.125,False,False,meta-llama/Meta-Llama-3.1-8B-Instruct,0e9e39f249a16976918f6564b8830bc894c89659
11,discovery,3,43,3,15,random_positions,2.125,-1.75,-1.75,0.0,False,False,meta-llama/Meta-Llama-3.1-8B-Instruct,0e9e39f249a16976918f6564b8830bc894c89659
11,discovery,3,43,3,16,answer_position,2.125,-1.75,-0.875,0.875,False,False,meta-llama/Meta-Llama-3.1-8B-Instruct,0e9e39f249a16976918f6564b8830bc894c89659
11,discovery,3,43,3,16,number_tokens,2.125,-1.75,-1.875,-0.125,False,False,meta-llama/Meta-Llama-3.1-8B-Instruct,0e9e39f249a16976918f6564b8830bc894c89659
11,discovery,3,43,3,16,random_positions,2.125,-1.75,-1.875,-0.125,False,False,meta-llama/Meta-Llama-3.1-8B-Instruct,0e9e39f249a16976918f6564b8830bc894c89659
11,discovery,3,43,3,17,answer_position,2.125,-1.75,2.0,3.75,False,True,meta-llama/Meta-Llama-3.1-8B-Instruct,0e9e39f249a16976918f6564b8830bc894c89659
11,discovery,3,43,3,17,number_tokens,2.125,-1.75,-1.75,0.0,False,False,meta-llama/Meta-Llama-3.1-8B-Instruct,0e9e39f249a16976918f6564b8830bc894c89659
11,discovery,3,43,3,17,random_positions,2.125,-1.75,-1.875,-0.125,False,False,meta-llama/Meta-Llama-3.1-8B-Instruct,0e9e39f249a16976918f6564b8830bc894c89659
11,discovery,3,43,3,18,answer_position,2.125,-1.75,2.0,3.75,False,True,meta-llama/Meta-Llama-3.1-8B-Instruct,0e9e39f249a16976918f6564b8830bc894c89659
11,discovery,3,43,3,18,number_tokens,2.125,-1.75,-1.875,-0.125,False,False,meta-llama/Meta-Llama-3.1-8B-Instruct,0e9e39f249a16976918f6564b8830bc894c89659
11,discovery,3,43,3,18,random_positions,2.125,-1.75,-1.875,-0.125,False,False,meta-llama/Meta-Llama-3.1-8B-Instruct,0e9e39f249a16976918f6564b8830bc894c89659
11,discovery,3,43,3,19,answer_position,2.125,-1.75,2.0,3.75,False,True,meta-llama/Meta-Llama-3.1-8B-Instruct,0e9e39f249a16976918f6564b8830bc894c89659
11,discovery,3,43,3,19,number_tokens,2.125,-1.75,-1.875,-0.125,False,False,meta-llama/Meta-Llama-3.1-8B-Instruct,0e9e39f249a16976918f6564b8830bc894c89659
11,discovery,3,43,3,19,random_positions,2.125,-1.75,-1.875,-0.125,False,False,meta-llama/Meta-Llama-3.1-8B-Instruct,0e9e39f249a16976918f6564b8830bc894c89659
11,discovery,3,43,3,20,answer_position,2.125,-1.75,2.0,3.75,False,True,meta-llama/Meta-Llama-3.1-8B-Instruct,0e9e39f249a16976918f6564b8830bc894c89659
11,discovery,3,43,3,20,number_tokens,2.125,-1.75,-1.875,-0.125,False,False,meta-llama/Meta-Llama-3.1-8B-Instruct,0e9e39f249a16976918f6564b8830bc894c89659
11,discovery,3,43,3,20,random_positions,2.125,-1.75,-1.875,-0.125,False,False,meta-llama/Meta-Llama-3.1-8B-Instruct,0e9e39f249a16976918f6564b8830bc894c89659
11,discovery,3,43,3,21,answer_position,2.125,-1.75,2.125,3.875,False,True,meta-llama/Meta-Llama-3.1-8B-Instruct,0e9e39f249a16976918f6564b8830bc894c89659
11,discovery,3,43,3,21,number_tokens,2.125,-1.75,-1.875,-0.125,False,False,meta-llama/Meta-Llama-3.1-8B-Instruct,0e9e39f249a16976918f6564b8830bc894c89659
11,discovery,3,43,3,21,random_positions,2.125,-1.75,-1.75,0.0,False,False,meta-llama/Meta-Llama-3.1-8B-Instruct,0e9e39f249a16976918f6564b8830bc894c89659
11,discovery,3,43,3,22,answer_position,2.125,-1.75,2.0,3.75,False,True,meta-llama/Meta-Llama-3.1-8B-Instruct,0e9e39f249a16976918f6564b8830bc894c89659
11,discovery,3,43,3,22,number_tokens,2.125,-1.75,-1.875,-0.125,False,False,meta-llama/Meta-Llama-3.1-8B-Instruct,0e9e39f249a16976918f6564b8830bc894c89659
11,discovery,3,43,3,22,random_positions,2.125,-1.75,-1.875,-0.125,False,False,meta-llama/Meta-Llama-3.1-8B-Instruct,0e9e39f249a16976918f6564b8830bc894c89659
11,discovery,3,43,3,23,answer_position,2.125,-1.75,2.0,3.75,False,True,meta-llama/Meta-Llama-3.1-8B-Instruct,0e9e39f249a16976918f6564b8830bc894c89659
11,discovery,3,43,3,23,number_tokens,2.125,-1.75,-1.875,-0.125,False,False,meta-llama/Meta-Llama-3.1-8B-Instruct,0e9e39f249a16976918f6564b8830bc894c89659
11,discovery,3,43,3,23,random_positions,2.125,-1.75,-1.75,0.0,False,False,meta-llama/Meta-Llama-3.1-8B-Instruct,0e9e39f249a16976918f6564b8830bc894c89659
11,discovery,3,43,3,24,answer_position,2.125,-1.75,2.125,3.875,False,True,meta-llama/Meta-Llama-3.1-8B-Instruct,0e9e39f249a16976918f6564b8830bc894c89659
11,discovery,3,43,3,24,number_tokens,2.125,-1.75,-1.75,0.0,False,False,meta-llama/Meta-Llama-3.1-8B-Instruct,0e9e39f249a16976918f6564b8830bc894c89659
11,discovery,3,43,3,24,random_positions,2.125,-1.75,-1.75,0.0,False,False,meta-llama/Meta-Llama-3.1-8B-Instruct,0e9e39f249a16976918f6564b8830bc894c89659
11,discovery,3,43,3,25,answer_position,2.125,-1.75,2.0,3.75,False,True,meta-llama/Meta-Llama-3.1-8B-Instruct,0e9e39f249a16976918f6564b8830bc894c89659
11,discovery,3,43,3,25,number_tokens,2.125,-1.75,-1.75,0.0,False,False,meta-llama/Meta-Llama-3.1-8B-Instruct,0e9e39f249a16976918f6564b8830bc894c89659
11,discovery,3,43,3,25,random_positions,2.125,-1.75,-1.75,0.0,False,False,meta-llama/Meta-Llama-3.1-8B-Instruct,0e9e39f249a16976918f6564b8830bc894c89659
11,discovery,3,43,3,26,answer_position,2.125,-1.75,2.0,3.75,False,True,meta-llama/Meta-Llama-3.1-8B-Instruct,0e9e39f249a16976918f6564b8830bc894c89659
11,discovery,3,43,3,26,number_tokens,2.125,-1.75,-1.75,0.0,False,False,meta-llama/Meta-Llama-3.1-8B-Instruct,0e9e39f249a16976918f6564b8830bc894c89659
11,discovery,3,43,3,26,random_positions,2.125,-1.75,-1.75,0.0,False,False,meta-llama/Meta-Llama-3.1-8B-Instruct,0e9e39f249a16976918f6564b8830bc894c89659
11,discovery,3,43,3,27,answer_position,2.125,-1.75,2.125,3.875,False,True,meta-llama/Meta-Llama-3.1-8B-Instruct,0e9e39f249a16976918f6564b8830bc894c89659
11,discovery,3,43,3,27,number_tokens,2.125,-1.75,-1.75,0.0,False,False,meta-llama/Meta-Llama-3.1-8B-Instruct,0e9e39f249a16976918f6564b8830bc894c89659
11,discovery,3,43,3,27,random_positions,2.125,-1.75,-1.75,0.0,False,False,meta-llama/Meta-Llama-3.1-8B-Instruct,0e9e39f249a16976918f6564b8830bc894c89659
11,discovery,3,43,3,28,answer_position,2.125,-1.75,2.125,3.875,False,True,meta-llama/Meta-Llama-3.1-8B-Instruct,0e9e39f249a16976918f6564b8830bc894c89659
11,discovery,3,43,3,28,number_tokens,2.125,-1.75,-1.75,0.0,False,False,meta-llama/Meta-Llama-3.1-8B-Instruct,0e9e39f249a16976918f6564b8830bc894c89659
11,discovery,3,43,3,28,random_positions,2.125,-1.75,-1.875,-0.125,False,False,meta-llama/Meta-Llama-3.1-8B-Instruct,0e9e39f249a16976918f6564b8830bc894c89659
11,discovery,3,43,3,29,answer_position,2.125,-1.75,2.125,3.875,False,True,meta-llama/Meta-Llama-3.1-8B-Instruct,0e9e39f249a16976918f6564b8830bc894c89659
11,discovery,3,43,3,29,number_tokens,2.125,-1.75,-1.875,-0.125,False,False,meta-llama/Meta-Llama-3.1-8B-Instruct,0e9e39f249a16976918f6564b8830bc894c89659
11,discovery,3,43,3,29,random_positions,2.125,-1.75,-1.75,0.0,False,False,meta-llama/Meta-Llama-3.1-8B-Instruct,0e9e39f249a16976918f6564b8830bc894c89659
11,discovery,3,43,3,30,answer_position,2.125,-1.75,2.125,3.875,False,True,meta-llama/Meta-Llama-3.1-8B-Instruct,0e9e39f249a16976918f6564b8830bc894c89659
11,discovery,3,43,3,30,number_tokens,2.125,-1.75,-1.75,0.0,False,False,meta-llama/Meta-Llama-3.1-8B-Instruct,0e9e39f249a16976918f6564b8830bc894c89659
11,discovery,3,43,3,30,random_positions,2.125,-1.75,-1.75,0.0,False,False,meta-llama/Meta-Llama-3.1-8B-Instruct,0e9e39f249a16976918f6564b8830bc894c89659
11,discovery,3,43,3,31,answer_position,2.125,-1.75,2.125,3.875,False,True,meta-llama/Meta-Llama-3.1-8B-Instruct,0e9e39f249a16976918f6564b8830bc894c89659
11,discovery,3,43,3,31,number_tokens,2.125,-1.75,-1.75,0.0,False,False,meta-llama/Meta-Llama-3.1-8B-Instruct,0e9e39f249a16976918f6564b8830bc894c89659
11,discovery,3,43,3,31,random_positions,2.125,-1.75,-1.75,0.0,False,False,meta-llama/Meta-Llama-3.1-8B-Instruct,0e9e39f249a16976918f6564b8830bc894c89659
12,discovery,3,44,4,0,answer_position,2.5,-1.5,-1.5,0.0,False,False,meta-llama/Meta-Llama-3.1-8B-Instruct,0e9e39f249a16976918f6564b8830bc894c89659
12,discovery,3,44,4,0,number_tokens,2.5,-1.5,-1.5,0.0,False,False,meta-llama/Meta-Llama-3.1-8B-Instruct,0e9e39f249a16976918f6564b8830bc894c89659
12,discovery,3,44,4,0,random_positions,2.5,-1.5,-1.625,-0.125,False,False,meta-llama/Meta-Llama-3.1-8B-Instruct,0e9e39f249a16976918f6564b8830bc894c89659
12,discovery,3,44,4,1,answer_position,2.5,-1.5,-1.5,0.0,False,False,meta-llama/Meta-Llama-3.1-8B-Instruct,0e9e39f249a16976918f6564b8830bc894c89659
12,discovery,3,44,4,1,number_tokens,2.5,-1.5,-1.5,0.0,False,False,meta-llama/Meta-Llama-3.1-8B-Instruct,0e9e39f249a16976918f6564b8830bc894c89659
12,discovery,3,44,4,1,random_positions,2.5,-1.5,-1.5,0.0,False,False,meta-llama/Meta-Llama-3.1-8B-Instruct,0e9e39f249a16976918f6564b8830bc894c89659
12,discovery,3,44,4,2,answer_position,2.5,-1.5,-1.625,-0.125,False,False,meta-llama/Meta-Llama-3.1-8B-Instruct,0e9e39f249a16976918f6564b8830bc894c89659
12,discovery,3,44,4,2,number_tokens,2.5,-1.5,-3.625,-2.125,False,False,meta-llama/Meta-Llama-3.1-8B-Instruct,0e9e39f249a16976918f6564b8830bc894c89659
12,discovery,3,44,4,2,random_positions,2.5,-1.5,-1.625,-0.125,False,False,meta-llama/Meta-Llama-3.1-8B-Instruct,0e9e39f249a16976918f6564b8830bc894c89659
12,discovery,3,44,4,3,answer_position,2.5,-1.5,-1.625,-0.125,False,False,meta-llama/Meta-Llama-3.1-8B-Instruct,0e9e39f249a16976918f6564b8830bc894c89659
12,discovery,3,44,4,3,number_tokens,2.5,-1.5,-3.25,-1.75,False,False,meta-llama/Meta-Llama-3.1-8B-Instruct,0e9e39f249a16976918f6564b8830bc894c89659
12,discovery,3,44,4,3,random_positions,2.5,-1.5,-1.625,-0.125,False,False,meta-llama/Meta-Llama-3.1-8B-Instruct,0e9e39f249a16976918f6564b8830bc894c89659
12,discovery,3,44,4,4,answer_position,2.5,-1.5,-1.625,-0.125,False,False,meta-llama/Meta-Llama-3.1-8B-Instruct,0e9e39f249a16976918f6564b8830bc894c89659
12,discovery,3,44,4,4,number_tokens,2.5,-1.5,-2.625,-1.125,False,False,meta-llama/Meta-Llama-3.1-8B-Instruct,0e9e39f249a16976918f6564b8830bc894c89659
12,discovery,3,44,4,4,random_positions,2.5,-1.5,-1.5,0.0,False,False,meta-llama/Meta-Llama-3.1-8B-Instruct,0e9e39f249a16976918f6564b8830bc894c89659
12,discovery,3,44,4,5,answer_position,2.5,-1.5,-1.5,0.0,False,False,meta-llama/Meta-Llama-3.1-8B-Instruct,0e9e39f249a16976918f6564b8830bc894c89659
12,discovery,3,44,4,5,number_tokens,2.5,-1.5,-3.875,-2.375,False,False,meta-llama/Meta-Llama-3.1-8B-Instruct,0e9e39f249a16976918f6564b8830bc894c89659
12,discovery,3,44,4,5,random_positions,2.5,-1.5,-1.5,0.0,False,False,meta-llama/Meta-Llama-3.1-8B-Instruct,0e9e39f249a16976918f6564b8830bc894c89659
12,discovery,3,44,4,6,answer_position,2.5,-1.5,-1.5,0.0,False,False,meta-llama/Meta-Llama-3.1-8B-Instruct,0e9e39f249a16976918f6564b8830bc894c89659
12,discovery,3,44,4,6,number_tokens,2.5,-1.5,-2.5,-1.0,False,False,meta-llama/Meta-Llama-3.1-8B-Instruct,0e9e39f249a16976918f6564b8830bc894c89659
12,discovery,3,44,4,6,random_positions,2.5,-1.5,-1.625,-0.125,False,False,meta-llama/Meta-Llama-3.1-8B-Instruct,0e9e39f249a16976918f6564b8830bc894c89659
12,discovery,3,44,4,7,answer_position,2.5,-1.5,-1.5,0.0,False,False,meta-llama/Meta-Llama-3.1-8B-Instruct,0e9e39f249a16976918f6564b8830bc894c89659
12,discovery,3,44,4,7,number_tokens,2.5,-1.5,-1.5,0.0,False,False,meta-llama/Meta-Llama-3.1-8B-Instruct,0e9e39f249a16976918f6564b8830bc894c89659
12,discovery,3,44,4,7,random_positions,2.5,-1.5,-1.5,0.0,False,False,meta-llama/Meta-Llama-3.1-8B-Instruct,0e9e39f249a16976918f6564b8830bc894c89659
12,discovery,3,44,4,8,answer_position,2.5,-1.5,-1.5,0.0,False,False,meta-llama/Meta-Llama-3.1-8B-Instruct,0e9e39f249a16976918f6564b8830bc894c89659
12,discovery,3,44,4,8,number_tokens,2.5,-1.5,-0.375,1.125,False,False,meta-llama/Meta-Llama-3.1-8B-Instruct,0e9e39f249a16976918f6564b8830bc894c89659
12,discovery,3,44,4,8,random_positions,2.5,-1.5,-1.5,0.0,False,False,meta-llama/Meta-Llama-3.1-8B-Instruct,0e9e39f249a16976918f6564b8830bc894c89659
12,discovery,3,44,4,9,answer_position,2.5,-1.5,-1.5,0.0,False,False,meta-llama/Meta-Llama-3.1-8B-Instruct,0e9e39f249a16976918f6564b8830bc894c89659
12,discovery,3,44,4,9,number_tokens,2.5,-1.5,-0.375,1.125,False,False,meta-llama/Meta-Llama-3.1-8B-Instruct,0e9e39f249a16976918f6564b8830bc894c89659
12,discovery,3,44,4,9,random_positions,2.5,-1.5,-1.625,-0.125,False,False,meta-llama/Meta-Llama-3.1-8B-Instruct,0e9e39f249a16976918f6564b8830bc894c89659
12,discovery,3,44,4,10,answer_position,2.5,-1.5,-1.5,0.0,False,False,meta-llama/Meta-Llama-3.1-8B-Instruct,0e9e39f249a16976918f6564b8830bc894c89659
12,discovery,3,44,4,10,number_tokens,2.5,-1.5,-0.625,0.875,False,False,meta-llama/Meta-Llama-3.1-8B-Instruct,0e9e39f249a16976918f6564b8830bc894c89659
12,discovery,3,44,4,10,random_positions,2.5,-1.5,-1.375,0.125,False,False,meta-llama/Meta-Llama-3.1-8B-Instruct,0e9e39f249a16976918f6564b8830bc894c89659
12,discovery,3,44,4,11,answer_position,2.5,-1.5,-1.5,0.0,False,False,meta-llama/Meta-Llama-3.1-8B-Instruct,0e9e39f249a16976918f6564b8830bc894c89659
12,discovery,3,44,4,11,number_tokens,2.5,-1.5,-0.875,0.625,False,False,meta-llama/Meta-Llama-3.1-8B-Instruct,0e9e39f249a16976918f6564b8830bc894c89659
12,discovery,3,44,4,11,random_positions,2.5,-1.5,-1.0,0.5,False,False,meta-llama/Meta-Llama-3.1-8B-Instruct,0e9e39f249a16976918f6564b8830bc894c89659
12,discovery,3,44,4,12,answer_position,2.5,-1.5,-1.375,0.125,False,False,meta-llama/Meta-Llama-3.1-8B-Instruct,0e9e39f249a16976918f6564b8830bc894c89659
12,discovery,3,44,4,12,number_tokens,2.5,-1.5,-0.875,0.625,False,False,meta-llama/Meta-Llama-3.1-8B-Instruct,0e9e39f249a16976918f6564b8830bc894c89659
12,discovery,3,44,4,12,random_positions,2.5,-1.5,-1.125,0.375,False,False,meta-llama/Meta-Llama-3.1-8B-Instruct,0e9e39f249a16976918f6564b8830bc894c89659
12,discovery,3,44,4,13,answer_position,2.5,-1.5,-1.0,0.5,False,False,meta-llama/Meta-Llama-3.1-8B-Instruct,0e9e39f249a16976918f6564b8830bc894c89659
12,discovery,3,44,4,13,number_tokens,2.5,-1.5,-1.375,0.125,False,False,meta-llama/Meta-Llama-3.1-8B-Instruct,0e9e39f249a16976918f6564b8830bc894c89659
12,discovery,3,44,4,13,random_positions,2.5,-1.5,-1.0,0.5,False,False,meta-llama/Meta-Llama-3.1-8B-Instruct,0e9e39f249a16976918f6564b8830bc894c89659
12,discovery,3,44,4,14,answer_position,2.5,-1.5,-0.5,1.0,False,False,meta-llama/Meta-Llama-3.1-8B-Instruct,0e9e39f249a16976918f6564b8830bc894c89659
12,discovery,3,44,4,14,number_tokens,2.5,-1.5,-1.375,0.125,False,False,meta-llama/Meta-Llama-3.1-8B-Instruct,0e9e39f249a16976918f6564b8830bc894c89659
12,discovery,3,44,4,14,random_positions,2.5,-1.5,-1.0,0.5,False,False,meta-llama/Meta-Llama-3.1-8B-Instruct,0e9e39f249a16976918f6564b8830bc894c89659
12,discovery,3,44,4,15,answer_position,2.5,-1.5,0.25,1.75,False,True,meta-llama/Meta-Llama-3.1-8B-Instruct,0e9e39f249a16976918f6564b8830bc894c89659
12,discovery,3,44,4,15,number_tokens,2.5,-1.5,-1.625,-0.125,False,False,meta-llama/Meta-Llama-3.1-8B-Instruct,0e9e39f249a16976918f6564b8830bc894c89659
12,discovery,3,44,4,15,random_positions,2.5,-1.5,-0.75,0.75,False,False,meta-llama/Meta-Llama-3.1-8B-Instruct,0e9e39f249a16976918f6564b8830bc894c89659
12,discovery,3,44,4,16,answer_position,2.5,-1.5,-0.75,0.75,False,False,meta-llama/Meta-Llama-3.1-8B-Instruct,0e9e39f249a16976918f6564b8830bc894c89659
12,discovery,3,44,4,16,number_tokens,2.5,-1.5,-1.5,0.0,False,False,meta-llama/Meta-Llama-3.1-8B-Instruct,0e9e39f249a16976918f6564b8830bc894c89659
12,discovery,3,44,4,16,random_positions,2.5,-1.5,-0.75,0.75,False,False,meta-llama/Meta-Llama-3.1-8B-Instruct,0e9e39f249a16976918f6564b8830bc894c89659
12,discovery,3,44,4,17,answer_position,2.5,-1.5,2.25,3.75,False,True,meta-llama/Meta-Llama-3.1-8B-Instruct,0e9e39f249a16976918f6564b8830bc894c89659
12,discovery,3,44,4,17,number_tokens,2.5,-1.5,-1.5,0.0,False,False,meta-llama/Meta-Llama-3.1-8B-Instruct,0e9e39f249a16976918f6564b8830bc894c89659
12,discovery,3,44,4,17,random_positions,2.5,-1.5,-1.25,0.25,False,False,meta-llama/Meta-Llama-3.1-8B-Instruct,0e9e39f249a16976918f6564b8830bc894c89659
12,discovery,3,44,4,18,answer_position,2.5,-1.5,2.25,3.75,False,True,meta-llama/Meta-Llama-3.1-8B-Instruct,0e9e39f249a16976918f6564b8830bc894c89659
12,discovery,3,44,4,18,number_tokens,2.5,-1.5,-1.5,0.0,False,False,meta-llama/Meta-Llama-3.1-8B-Instruct,0e9e39f249a16976918f6564b8830bc894c89659
12,discovery,3,44,4,18,random_positions,2.5,-1.5,-1.625,-0.125,False,False,meta-llama/Meta-Llama-3.1-8B-Instruct,0e9e39f249a16976918f6564b8830bc894c89659
12,discovery,3,44,4,19,answer_position,2.5,-1.5,2.25,3.75,False,True,meta-llama/Meta-Llama-3.1-8B-Instruct,0e9e39f249a16976918f6564b8830bc894c89659
12,discovery,3,44,4,19,number_tokens,2.5,-1.5,-1.5,0.0,False,False,meta-llama/Meta-Llama-3.1-8B-Instruct,0e9e39f249a16976918f6564b8830bc894c89659
12,discovery,3,44,4,19,random_positions,2.5,-1.5,-1.5,0.0,False,False,meta-llama/Meta-Llama-3.1-8B-Instruct,0e9e39f249a16976918f6564b8830bc894c89659
12,discovery,3,44,4,20,answer_position,2.5,-1.5,2.375,3.875,False,True,meta-llama/Meta-Llama-3.1-8B-Instruct,0e9e39f249a16976918f6564b8830bc894c89659
12,discovery,3,44,4,20,number_tokens,2.5,-1.5,-1.5,0.0,False,False,meta-llama/Meta-Llama-3.1-8B-Instruct,0e9e39f249a16976918f6564b8830bc894c89659
12,discovery,3,44,4,20,random_positions,2.5,-1.5,-1.5,0.0,False,False,meta-llama/Meta-Llama-3.1-8B-Instruct,0e9e39f249a16976918f6564b8830bc894c89659
12,discovery,3,44,4,21,answer_position,2.5,-1.5,2.375,3.875,False,True,meta-llama/Meta-Llama-3.1-8B-Instruct,0e9e39f249a16976918f6564b8830bc894c89659
12,discovery,3,44,4,21,number_tokens,2.5,-1.5,-1.5,0.0,False,False,meta-llama/Meta-Llama-3.1-8B-Instruct,0e9e39f249a16976918f6564b8830bc894c89659
12,discovery,3,44,4,21,random_positions,2.5,-1.5,-1.5,0.0,False,False,meta-llama/Meta-Llama-3.1-8B-Instruct,0e9e39f249a16976918f6564b8830bc894c89659
12,discovery,3,44,4,22,answer_position,2.5,-1.5,2.375,3.875,False,True,meta-llama/Meta-Llama-3.1-8B-Instruct,0e9e39f249a16976918f6564b8830bc894c89659
12,discovery,3,44,4,22,number_tokens,2.5,-1.5,-1.5,0.0,False,False,meta-llama/Meta-Llama-3.1-8B-Instruct,0e9e39f249a16976918f6564b8830bc894c89659
12,discovery,3,44,4,22,random_positions,2.5,-1.5,-1.5,0.0,False,False,meta-llama/Meta-Llama-3.1-8B-Instruct,0e9e39f249a16976918f6564b8830bc894c89659
12,discovery,3,44,4,23,answer_position,2.5,-1.5,2.375,3.875,False,True,meta-llama/Meta-Llama-3.1-8B-Instruct,0e9e39f249a16976918f6564b8830bc894c89659
12,discovery,3,44,4,23,number_tokens,2.5,-1.5,-1.625,-0.125,False,False,meta-llama/Meta-Llama-3.1-8B-Instruct,0e9e39f249a16976918f6564b8830bc894c89659
12,discovery,3,44,4,23,random_positions,2.5,-1.5,-1.625,-0.125,False,False,meta-llama/Meta-Llama-3.1-8B-Instruct,0e9e39f249a16976918f6564b8830bc894c89659
12,discovery,3,44,4,24,answer_position,2.5,-1.5,2.375,3.875,False,True,meta-llama/Meta-Llama-3.1-8B-Instruct,0e9e39f249a16976918f6564b8830bc894c89659
12,discovery,3,44,4,24,number_tokens,2.5,-1.5,-1.5,0.0,False,False,meta-llama/Meta-Llama-3.1-8B-Instruct,0e9e39f249a16976918f6564b8830bc894c89659
12,discovery,3,44,4,24,random_positions,2.5,-1.5,-1.5,0.0,False,False,meta-llama/Meta-Llama-3.1-8B-Instruct,0e9e39f249a16976918f6564b8830bc894c89659
12,discovery,3,44,4,25,answer_position,2.5,-1.5,2.5,4.0,False,True,meta-llama/Meta-Llama-3.1-8B-Instruct,0e9e39f249a16976918f6564b8830bc894c89659
12,discovery,3,44,4,25,number_tokens,2.5,-1.5,-1.625,-0.125,False,False,meta-llama/Meta-Llama-3.1-8B-Instruct,0e9e39f249a16976918f6564b8830bc894c89659
12,discovery,3,44,4,25,random_positions,2.5,-1.5,-1.5,0.0,False,False,meta-llama/Meta-Llama-3.1-8B-Instruct,0e9e39f249a16976918f6564b8830bc894c89659
12,discovery,3,44,4,26,answer_position,2.5,-1.5,2.375,3.875,False,True,meta-llama/Meta-Llama-3.1-8B-Instruct,0e9e39f249a16976918f6564b8830bc894c89659
12,discovery,3,44,4,26,number_tokens,2.5,-1.5,-1.5,0.0,False,False,meta-llama/Meta-Llama-3.1-8B-Instruct,0e9e39f249a16976918f6564b8830bc894c89659
12,discovery,3,44,4,26,random_positions,2.5,-1.5,-1.5,0.0,False,False,meta-llama/Meta-Llama-3.1-8B-Instruct,0e9e39f249a16976918f6564b8830bc894c89659
12,discovery,3,44,4,27,answer_position,2.5,-1.5,2.25,3.75,False,True,meta-llama/Meta-Llama-3.1-8B-Instruct,0e9e39f249a16976918f6564b8830bc894c89659
12,discovery,3,44,4,27,number_tokens,2.5,-1.5,-1.5,0.0,False,False,meta-llama/Meta-Llama-3.1-8B-Instruct,0e9e39f249a16976918f6564b8830bc894c89659
12,discovery,3,44,4,27,random_positions,2.5,-1.5,-1.5,0.0,False,False,meta-llama/Meta-Llama-3.1-8B-Instruct,0e9e39f249a16976918f6564b8830bc894c89659
12,discovery,3,44,4,28,answer_position,2.5,-1.5,2.5,4.0,False,True,meta-llama/Meta-Llama-3.1-8B-Instruct,0e9e39f249a16976918f6564b8830bc894c89659
12,discovery,3,44,4,28,number_tokens,2.5,-1.5,-1.5,0.0,False,False,meta-llama/Meta-Llama-3.1-8B-Instruct,0e9e39f249a16976918f6564b8830bc894c89659
12,discovery,3,44,4,28,random_positions,2.5,-1.5,-1.5,0.0,False,False,meta-llama/Meta-Llama-3.1-8B-Instruct,0e9e39f249a16976918f6564b8830bc894c89659
12,discovery,3,44,4,29,answer_position,2.5,-1.5,2.5,4.0,False,True,meta-llama/Meta-Llama-3.1-8B-Instruct,0e9e39f249a16976918f6564b8830bc894c89659
12,discovery,3,44,4,29,number_tokens,2.5,-1.5,-1.5,0.0,False,False,meta-llama/Meta-Llama-3.1-8B-Instruct,0e9e39f249a16976918f6564b8830bc894c89659
12,discovery,3,44,4,29,random_positions,2.5,-1.5,-1.5,0.0,False,False,meta-llama/Meta-Llama-3.1-8B-Instruct,0e9e39f249a16976918f6564b8830bc894c89659
12,discovery,3,44,4,30,answer_position,2.5,-1.5,2.5,4.0,False,True,meta-llama/Meta-Llama-3.1-8B-Instruct,0e9e39f249a16976918f6564b8830bc894c89659
12,discovery,3,44,4,30,number_tokens,2.5,-1.5,-1.5,0.0,False,False,meta-llama/Meta-Llama-3.1-8B-Instruct,0e9e39f249a16976918f6564b8830bc894c89659
12,discovery,3,44,4,30,random_positions,2.5,-1.5,-1.5,0.0,False,False,meta-llama/Meta-Llama-3.1-8B-Instruct,0e9e39f249a16976918f6564b8830bc894c89659
12,discovery,3,44,4,31,answer_position,2.5,-1.5,2.5,4.0,False,True,meta-llama/Meta-Llama-3.1-8B-Instruct,0e9e39f249a16976918f6564b8830bc894c89659
12,discovery,3,44,4,31,number_tokens,2.5,-1.5,-1.5,0.0,False,False,meta-llama/Meta-Llama-3.1-8B-Instruct,0e9e39f249a16976918f6564b8830bc894c89659
12,discovery,3,44,4,31,random_positions,2.5,-1.5,-1.5,0.0,False,False,meta-llama/Meta-Llama-3.1-8B-Instruct,0e9e39f249a16976918f6564b8830bc894c89659
13,discovery,3,45,2,0,answer_position,1.625,-2.25,-2.125,0.125,False,False,meta-llama/Meta-Llama-3.1-8B-Instruct,0e9e39f249a16976918f6564b8830bc894c89659
13,discovery,3,45,2,0,number_tokens,1.625,-2.25,-2.125,0.125,False,False,meta-llama/Meta-Llama-3.1-8B-Instruct,0e9e39f249a16976918f6564b8830bc894c89659
13,discovery,3,45,2,0,random_positions,1.625,-2.25,-2.0,0.25,False,False,meta-llama/Meta-Llama-3.1-8B-Instruct,0e9e39f249a16976918f6564b8830bc894c89659
13,discovery,3,45,2,1,answer_position,1.625,-2.25,-2.125,0.125,False,False,meta-llama/Meta-Llama-3.1-8B-Instruct,0e9e39f249a16976918f6564b8830bc894c89659
13,discovery,3,45,2,1,number_tokens,1.625,-2.25,-2.625,-0.375,False,False,meta-llama/Meta-Llama-3.1-8B-Instruct,0e9e39f249a16976918f6564b8830bc894c89659
13,discovery,3,45,2,1,random_positions,1.625,-2.25,-2.0,0.25,False,False,meta-llama/Meta-Llama-3.1-8B-Instruct,0e9e39f249a16976918f6564b8830bc894c89659
13,discovery,3,45,2,2,answer_position,1.625,-2.25,-2.25,0.0,False,False,meta-llama/Meta-Llama-3.1-8B-Instruct,0e9e39f249a16976918f6564b8830bc894c89659
13,discovery,3,45,2,2,number_tokens,1.625,-2.25,-5.0,-2.75,False,False,meta-llama/Meta-Llama-3.1-8B-Instruct,0e9e39f249a16976918f6564b8830bc894c89659
13,discovery,3,45,2,2,random_positions,1.625,-2.25,-2.125,0.125,False,False,meta-llama/Meta-Llama-3.1-8B-Instruct,0e9e39f249a16976918f6564b8830bc894c89659
13,discovery,3,45,2,3,answer_position,1.625,-2.25,-2.25,0.0,False,False,meta-llama/Meta-Llama-3.1-8B-Instruct,0e9e39f249a16976918f6564b8830bc894c89659
13,discovery,3,45,2,3,number_tokens,1.625,-2.25,-5.5,-3.25,False,False,meta-llama/Meta-Llama-3.1-8B-Instruct,0e9e39f249a16976918f6564b8830bc894c89659
13,discovery,3,45,2,3,random_positions,1.625,-2.25,-1.875,0.375,False,False,meta-llama/Meta-Llama-3.1-8B-Instruct,0e9e39f249a16976918f6564b8830bc894c89659
13,discovery,3,45,2,4,answer_position,1.625,-2.25,-2.25,0.0,False,False,meta-llama/Meta-Llama-3.1-8B-Instruct,0e9e39f249a16976918f6564b8830bc894c89659
13,discovery,3,45,2,4,number_tokens,1.625,-2.25,-4.625,-2.375,False,False,meta-llama/Meta-Llama-3.1-8B-Instruct,0e9e39f249a16976918f6564b8830bc894c89659
13,discovery,3,45,2,4,random_positions,1.625,-2.25,-2.0,0.25,False,False,meta-llama/Meta-Llama-3.1-8B-Instruct,0e9e39f249a16976918f6564b8830bc894c89659
13,discovery,3,45,2,5,answer_position,1.625,-2.25,-2.25,0.0,False,False,meta-llama/Meta-Llama-3.1-8B-Instruct,0e9e39f249a16976918f6564b8830bc894c89659
13,discovery,3,45,2,5,number_tokens,1.625,-2.25,-5.25,-3.0,False,False,meta-llama/Meta-Llama-3.1-8B-Instruct,0e9e39f249a16976918f6564b8830bc894c89659
13,discovery,3,45,2,5,random_positions,1.625,-2.25,-1.875,0.375,False,False,meta-llama/Meta-Llama-3.1-8B-Instruct,0e9e39f249a16976918f6564b8830bc894c89659
13,discovery,3,45,2,6,answer_position,1.625,-2.25,-2.25,0.0,False,False,meta-llama/Meta-Llama-3.1-8B-Instruct,0e9e39f249a16976918f6564b8830bc894c89659
13,discovery,3,45,2,6,number_tokens,1.625,-2.25,-2.875,-0.625,False,False,meta-llama/Meta-Llama-3.1-8B-Instruct,0e9e39f249a16976918f6564b8830bc894c89659
13,discovery,3,45,2,6,random_positions,1.625,-2.25,-2.125,0.125,False,False,meta-llama/Meta-Llama-3.1-8B-Instruct,0e9e39f249a16976918f6564b8830bc894c89659
13,discovery,3,45,2,7,answer_position,1.625,-2.25,-2.125,0.125,False,False,meta-llama/Meta-Llama-3.1-8B-Instruct,0e9e39f249a16976918f6564b8830bc894c89659
13,discovery,3,45,2,7,number_tokens,1.625,-2.25,-1.875,0.375,False,False,meta-llama/Meta-Llama-3.1-8B-Instruct,0e9e39f249a16976918f6564b8830bc894c89659
13,discovery,3,45,2,7,random_positions,1.625,-2.25,-2.0,0.25,False,False,meta-llama/Meta-Llama-3.1-8B-Instruct,0e9e39f249a16976918f6564b8830bc894c89659
13,discovery,3,45,2,8,answer_position,1.625,-2.25,-2.125,0.125,False,False,meta-llama/Meta-Llama-3.1-8B-Instruct,0e9e39f249a16976918f6564b8830bc894c89659
13,discovery,3,45,2,8,number_tokens,1.625,-2.25,-0.75,1.5,False,False,meta-llama/Meta-Llama-3.1-8B-Instruct,0e9e39f249a16976918f6564b8830bc894c89659
13,discovery,3,45,2,8,random_positions,1.625,-2.25,-1.5,0.75,False,False,meta-llama/Meta-Llama-3.1-8B-Instruct,0e9e39f249a16976918f6564b8830bc894c89659
13,discovery,3,45,2,9,answer_position,1.625,-2.25,-2.25,0.0,False,False,meta-llama/Meta-Llama-3.1-8B-Instruct,0e9e39f249a16976918f6564b8830bc894c89659
13,discovery,3,45,2,9,number_tokens,1.625,-2.25,-1.0,1.25,False,False,meta-llama/Meta-Llama-3.1-8B-Instruct,0e9e39f249a16976918f6564b8830bc894c89659
13,discovery,3,45,2,9,random_positions,1.625,-2.25,-1.125,1.125,False,False,meta-llama/Meta-Llama-3.1-8B-Instruct,0e9e39f249a16976918f6564b8830bc894c89659
13,discovery,3,45,2,10,answer_position,1.625,-2.25,-2.125,0.125,False,False,meta-llama/Meta-Llama-3.1-8B-Instruct,0e9e39f249a16976918f6564b8830bc894c89659
13,discovery,3,45,2,10,number_tokens,1.625,-2.25,-1.0,1.25,False,False,meta-llama/Meta-Llama-3.1-8B-Instruct,0e9e39f249a16976918f6564b8830bc894c89659
13,discovery,3,45,2,10,random_positions,1.625,-2.25,-1.25,1.0,False,False,meta-llama/Meta-Llama-3.1-8B-Instruct,0e9e39f249a16976918f6564b8830bc894c89659
13,discovery,3,45,2,11,answer_position,1.625,-2.25,-2.125,0.125,False,False,meta-llama/Meta-Llama-3.1-8B-Instruct,0e9e39f249a16976918f6564b8830bc894c89659
13,discovery,3,45,2,11,number_tokens,1.625,-2.25,-0.625,1.625,False,False,meta-llama/Meta-Llama-3.1-8B-Instruct,0e9e39f249a16976918f6564b8830bc894c89659
13,discovery,3,45,2,11,random_positions,1.625,-2.25,-1.25,1.0,False,False,meta-llama/Meta-Llama-3.1-8B-Instruct,0e9e39f249a16976918f6564b8830bc894c89659
13,discovery,3,45,2,12,answer_position,1.625,-2.25,-2.125,0.125,False,False,meta-llama/Meta-Llama-3.1-8B-Instruct,0e9e39f249a16976918f6564b8830bc894c89659
13,discovery,3,45,2,12,number_tokens,1.625,-2.25,-0.625,1.625,False,False,meta-llama/Meta-Llama-3.1-8B-Instruct,0e9e39f249a16976918f6564b8830bc894c89659
13,discovery,3,45,2,12,random_positions,1.625,-2.25,-1.25,1.0,False,False,meta-llama/Meta-Llama-3.1-8B-Instruct,0e9e39f249a16976918f6564b8830bc894c89659
13,discovery,3,45,2,13,answer_position,1.625,-2.25,-1.375,0.875,False,False,meta-llama/Meta-Llama-3.1-8B-Instruct,0e9e39f249a16976918f6564b8830bc894c89659
13,discovery,3,45,2,13,number_tokens,1.625,-2.25,-1.5,0.75,False,False,meta-llama/Meta-Llama-3.1-8B-Instruct,0e9e39f249a16976918f6564b8830bc894c89659
13,discovery,3,45,2,13,random_positions,1.625,-2.25,-1.625,0.625,False,False,meta-llama/Meta-Llama-3.1-8B-Instruct,0e9e39f249a16976918f6564b8830bc894c89659
13,discovery,3,45,2,14,answer_position,1.625,-2.25,-0.5,1.75,False,False,meta-llama/Meta-Llama-3.1-8B-Instruct,0e9e39f249a16976918f6564b8830bc894c89659
13,discovery,3,45,2,14,number_tokens,1.625,-2.25,-1.875,0.375,False,False,meta-llama/Meta-Llama-3.1-8B-Instruct,0e9e39f249a16976918f6564b8830bc894c89659
13,discovery,3,45,2,14,random_positions,1.625,-2.25,-1.75,0.5,False,False,meta-llama/Meta-Llama-3.1-8B-Instruct,0e9e39f249a16976918f6564b8830bc894c89659
13,discovery,3,45,2,15,answer_position,1.625,-2.25,0.0,2.25,False,False,meta-llama/Meta-Llama-3.1-8B-Instruct,0e9e39f249a16976918f6564b8830bc894c89659
13,discovery,3,45,2,15,number_tokens,1.625,-2.25,-2.125,0.125,False,False,meta-llama/Meta-Llama-3.1-8B-Instruct,0e9e39f249a16976918f6564b8830bc894c89659
13,discovery,3,45,2,15,random_positions,1.625,-2.25,-2.25,0.0,False,False,meta-llama/Meta-Llama-3.1-8B-Instruct,0e9e39f249a16976918f6564b8830bc894c89659
13,discovery,3,45,2,16,answer_position,1.625,-2.25,-0.625,1.625,False,False,meta-llama/Meta-Llama-3.1-8B-Instruct,0e9e39f249a16976918f6564b8830bc894c89659
13,discovery,3,45,2,16,number_tokens,1.625,-2.25,-2.125,0.125,False,False,meta-llama/Meta-Llama-3.1-8B-Instruct,0e9e39f249a16976918f6564b8830bc894c89659
13,discovery,3,45,2,16,random_positions,1.625,-2.25,-2.25,0.0,False,False,meta-llama/Meta-Llama-3.1-8B-Instruct,0e9e39f249a16976918f6564b8830bc894c89659
13,discovery,3,45,2,17,answer_position,1.625,-2.25,1.5,3.75,False,True,meta-llama/Meta-Llama-3.1-8B-Instruct,0e9e39f249a16976918f6564b8830bc894c89659
13,discovery,3,45,2,17,number_tokens,1.625,-2.25,-2.125,0.125,False,False,meta-llama/Meta-Llama-3.1-8B-Instruct,0e9e39f249a16976918f6564b8830bc894c89659
13,discovery,3,45,2,17,random_positions,1.625,-2.25,-2.25,0.0,False,False,meta-llama/Meta-Llama-3.1-8B-Instruct,0e9e39f249a16976918f6564b8830bc894c89659
13,discovery,3,45,2,18,answer_position,1.625,-2.25,1.375,3.625,False,True,meta-llama/Meta-Llama-3.1-8B-Instruct,0e9e39f249a16976918f6564b8830bc894c89659
13,discovery,3,45,2,18,number_tokens,1.625,-2.25,-2.125,0.125,False,False,meta-llama/Meta-Llama-3.1-8B-Instruct,0e9e39f249a16976918f6564b8830bc894c89659
13,discovery,3,45,2,18,random_positions,1.625,-2.25,-2.25,0.0,False,False,meta-llama/Meta-Llama-3.1-8B-Instruct,0e9e39f249a16976918f6564b8830bc894c89659
13,discovery,3,45,2,19,answer_position,1.625,-2.25,1.5,3.75,False,True,meta-llama/Meta-Llama-3.1-8B-Instruct,0e9e39f249a16976918f6564b8830bc894c89659
13,discovery,3,45,2,19,number_tokens,1.625,-2.25,-2.25,0.0,False,False,meta-llama/Meta-Llama-3.1-8B-Instruct,0e9e39f249a16976918f6564b8830bc894c89659
13,discovery,3,45,2,19,random_positions,1.625,-2.25,-2.25,0.0,False,False,meta-llama/Meta-Llama-3.1-8B-Instruct,0e9e39f249a16976918f6564b8830bc894c89659
13,discovery,3,45,2,20,answer_position,1.625,-2.25,1.5,3.75,False,True,meta-llama/Meta-Llama-3.1-8B-Instruct,0e9e39f249a16976918f6564b8830bc894c89659
13,discovery,3,45,2,20,number_tokens,1.625,-2.25,-2.25,0.0,False,False,meta-llama/Meta-Llama-3.1-8B-Instruct,0e9e39f249a16976918f6564b8830bc894c89659
13,discovery,3,45,2,20,random_positions,1.625,-2.25,-2.125,0.125,False,False,meta-llama/Meta-Llama-3.1-8B-Instruct,0e9e39f249a16976918f6564b8830bc894c89659
13,discovery,3,45,2,21,answer_position,1.625,-2.25,1.5,3.75,False,True,meta-llama/Meta-Llama-3.1-8B-Instruct,0e9e39f249a16976918f6564b8830bc894c89659
13,discovery,3,45,2,21,number_tokens,1.625,-2.25,-2.25,0.0,False,False,meta-llama/Meta-Llama-3.1-8B-Instruct,0e9e39f249a16976918f6564b8830bc894c89659
13,discovery,3,45,2,21,random_positions,1.625,-2.25,-2.25,0.0,False,False,meta-llama/Meta-Llama-3.1-8B-Instruct,0e9e39f249a16976918f6564b8830bc894c89659
13,discovery,3,45,2,22,answer_position,1.625,-2.25,1.5,3.75,False,True,meta-llama/Meta-Llama-3.1-8B-Instruct,0e9e39f249a16976918f6564b8830bc894c89659
13,discovery,3,45,2,22,number_tokens,1.625,-2.25,-2.25,0.0,False,False,meta-llama/Meta-Llama-3.1-8B-Instruct,0e9e39f249a16976918f6564b8830bc894c89659
13,discovery,3,45,2,22,random_positions,1.625,-2.25,-2.25,0.0,False,False,meta-llama/Meta-Llama-3.1-8B-Instruct,0e9e39f249a16976918f6564b8830bc894c89659
13,discovery,3,45,2,23,answer_position,1.625,-2.25,1.5,3.75,False,True,meta-llama/Meta-Llama-3.1-8B-Instruct,0e9e39f249a16976918f6564b8830bc894c89659
13,discovery,3,45,2,23,number_tokens,1.625,-2.25,-2.25,0.0,False,False,meta-llama/Meta-Llama-3.1-8B-Instruct,0e9e39f249a16976918f6564b8830bc894c89659
13,discovery,3,45,2,23,random_positions,1.625,-2.25,-2.25,0.0,False,False,meta-llama/Meta-Llama-3.1-8B-Instruct,0e9e39f249a16976918f6564b8830bc894c89659
13,discovery,3,45,2,24,answer_position,1.625,-2.25,1.5,3.75,False,True,meta-llama/Meta-Llama-3.1-8B-Instruct,0e9e39f249a16976918f6564b8830bc894c89659
13,discovery,3,45,2,24,number_tokens,1.625,-2.25,-2.25,0.0,False,False,meta-llama/Meta-Llama-3.1-8B-Instruct,0e9e39f249a16976918f6564b8830bc894c89659
13,discovery,3,45,2,24,random_positions,1.625,-2.25,-2.25,0.0,False,False,meta-llama/Meta-Llama-3.1-8B-Instruct,0e9e39f249a16976918f6564b8830bc894c89659
13,discovery,3,45,2,25,answer_position,1.625,-2.25,1.5,3.75,False,True,meta-llama/Meta-Llama-3.1-8B-Instruct,0e9e39f249a16976918f6564b8830bc894c89659
13,discovery,3,45,2,25,number_tokens,1.625,-2.25,-2.125,0.125,False,False,meta-llama/Meta-Llama-3.1-8B-Instruct,0e9e39f249a16976918f6564b8830bc894c89659
13,discovery,3,45,2,25,random_positions,1.625,-2.25,-2.125,0.125,False,False,meta-llama/Meta-Llama-3.1-8B-Instruct,0e9e39f249a16976918f6564b8830bc894c89659
13,discovery,3,45,2,26,answer_position,1.625,-2.25,1.5,3.75,False,True,meta-llama/Meta-Llama-3.1-8B-Instruct,0e9e39f249a16976918f6564b8830bc894c89659
13,discovery,3,45,2,26,number_tokens,1.625,-2.25,-2.25,0.0,False,False,meta-llama/Meta-Llama-3.1-8B-Instruct,0e9e39f249a16976918f6564b8830bc894c89659
13,discovery,3,45,2,26,random_positions,1.625,-2.25,-2.25,0.0,False,False,meta-llama/Meta-Llama-3.1-8B-Instruct,0e9e39f249a16976918f6564b8830bc894c89659
13,discovery,3,45,2,27,answer_position,1.625,-2.25,1.5,3.75,False,True,meta-llama/Meta-Llama-3.1-8B-Instruct,0e9e39f249a16976918f6564b8830bc894c89659
13,discovery,3,45,2,27,number_tokens,1.625,-2.25,-2.25,0.0,False,False,meta-llama/Meta-Llama-3.1-8B-Instruct,0e9e39f249a16976918f6564b8830bc894c89659
13,discovery,3,45,2,27,random_positions,1.625,-2.25,-2.125,0.125,False,False,meta-llama/Meta-Llama-3.1-8B-Instruct,0e9e39f249a16976918f6564b8830bc894c89659
13,discovery,3,45,2,28,answer_position,1.625,-2.25,1.625,3.875,False,True,meta-llama/Meta-Llama-3.1-8B-Instruct,0e9e39f249a16976918f6564b8830bc894c89659
13,discovery,3,45,2,28,number_tokens,1.625,-2.25,-2.125,0.125,False,False,meta-llama/Meta-Llama-3.1-8B-Instruct,0e9e39f249a16976918f6564b8830bc894c89659
13,discovery,3,45,2,28,random_positions,1.625,-2.25,-2.125,0.125,False,False,meta-llama/Meta-Llama-3.1-8B-Instruct,0e9e39f249a16976918f6564b8830bc894c89659
13,discovery,3,45,2,29,answer_position,1.625,-2.25,1.625,3.875,False,True,meta-llama/Meta-Llama-3.1-8B-Instruct,0e9e39f249a16976918f6564b8830bc894c89659
13,discovery,3,45,2,29,number_tokens,1.625,-2.25,-2.25,0.0,False,False,meta-llama/Meta-Llama-3.1-8B-Instruct,0e9e39f249a16976918f6564b8830bc894c89659
13,discovery,3,45,2,29,random_positions,1.625,-2.25,-2.125,0.125,False,False,meta-llama/Meta-Llama-3.1-8B-Instruct,0e9e39f249a16976918f6564b8830bc894c89659
13,discovery,3,45,2,30,answer_position,1.625,-2.25,1.5,3.75,False,True,meta-llama/Meta-Llama-3.1-8B-Instruct,0e9e39f249a16976918f6564b8830bc894c89659
13,discovery,3,45,2,30,number_tokens,1.625,-2.25,-2.25,0.0,False,False,meta-llama/Meta-Llama-3.1-8B-Instruct,0e9e39f249a16976918f6564b8830bc894c89659
13,discovery,3,45,2,30,random_positions,1.625,-2.25,-2.125,0.125,False,False,meta-llama/Meta-Llama-3.1-8B-Instruct,0e9e39f249a16976918f6564b8830bc894c89659
13,discovery,3,45,2,31,answer_position,1.625,-2.25,1.625,3.875,False,True,meta-llama/Meta-Llama-3.1-8B-Instruct,0e9e39f249a16976918f6564b8830bc894c89659
13,discovery,3,45,2,31,number_tokens,1.625,-2.25,-2.25,0.0,False,False,meta-llama/Meta-Llama-3.1-8B-Instruct,0e9e39f249a16976918f6564b8830bc894c89659
13,discovery,3,45,2,31,random_positions,1.625,-2.25,-2.25,0.0,False,False,meta-llama/Meta-Llama-3.1-8B-Instruct,0e9e39f249a16976918f6564b8830bc894c89659
14,discovery,3,46,3,0,answer_position,2.375,-1.75,-1.75,0.0,False,False,meta-llama/Meta-Llama-3.1-8B-Instruct,0e9e39f249a16976918f6564b8830bc894c89659
14,discovery,3,46,3,0,number_tokens,2.375,-1.75,-1.625,0.125,False,False,meta-llama/Meta-Llama-3.1-8B-Instruct,0e9e39f249a16976918f6564b8830bc894c89659
14,discovery,3,46,3,0,random_positions,2.375,-1.75,-1.75,0.0,False,False,meta-llama/Meta-Llama-3.1-8B-Instruct,0e9e39f249a16976918f6564b8830bc894c89659
14,discovery,3,46,3,1,answer_position,2.375,-1.75,-1.75,0.0,False,False,meta-llama/Meta-Llama-3.1-8B-Instruct,0e9e39f249a16976918f6564b8830bc894c89659
14,discovery,3,46,3,1,number_tokens,2.375,-1.75,-1.875,-0.125,False,False,meta-llama/Meta-Llama-3.1-8B-Instruct,0e9e39f249a16976918f6564b8830bc894c89659
14,discovery,3,46,3,1,random_positions,2.375,-1.75,-1.625,0.125,False,False,meta-llama/Meta-Llama-3.1-8B-Instruct,0e9e39f249a16976918f6564b8830bc894c89659
14,discovery,3,46,3,2,answer_position,2.375,-1.75,-1.75,0.0,False,False,meta-llama/Meta-Llama-3.1-8B-Instruct,0e9e39f249a16976918f6564b8830bc894c89659
14,discovery,3,46,3,2,number_tokens,2.375,-1.75,-3.375,-1.625,False,False,meta-llama/Meta-Llama-3.1-8B-Instruct,0e9e39f249a16976918f6564b8830bc894c89659
14,discovery,3,46,3,2,random_positions,2.375,-1.75,-1.75,0.0,False,False,meta-llama/Meta-Llama-3.1-8B-Instruct,0e9e39f249a16976918f6564b8830bc894c89659
14,discovery,3,46,3,3,answer_position,2.375,-1.75,-1.75,0.0,False,False,meta-llama/Meta-Llama-3.1-8B-Instruct,0e9e39f249a16976918f6564b8830bc894c89659
14,discovery,3,46,3,3,number_tokens,2.375,-1.75,-3.375,-1.625,False,False,meta-llama/Meta-Llama-3.1-8B-Instruct,0e9e39f249a16976918f6564b8830bc894c89659
14,discovery,3,46,3,3,random_positions,2.375,-1.75,-1.625,0.125,False,False,meta-llama/Meta-Llama-3.1-8B-Instruct,0e9e39f249a16976918f6564b8830bc894c89659
14,discovery,3,46,3,4,answer_position,2.375,-1.75,-1.75,0.0,False,False,meta-llama/Meta-Llama-3.1-8B-Instruct,0e9e39f249a16976918f6564b8830bc894c89659
14,discovery,3,46,3,4,number_tokens,2.375,-1.75,-3.125,-1.375,False,False,meta-llama/Meta-Llama-3.1-8B-Instruct,0e9e39f249a16976918f6564b8830bc894c89659
14,discovery,3,46,3,4,random_positions,2.375,-1.75,-1.625,0.125,False,False,meta-llama/Meta-Llama-3.1-8B-Instruct,0e9e39f249a16976918f6564b8830bc894c89659
14,discovery,3,46,3,5,answer_position,2.375,-1.75,-1.75,0.0,False,False,meta-llama/Meta-Llama-3.1-8B-Instruct,0e9e39f249a16976918f6564b8830bc894c89659
14,discovery,3,46,3,5,number_tokens,2.375,-1.75,-5.5,-3.75,False,False,meta-llama/Meta-Llama-3.1-8B-Instruct,0e9e39f249a16976918f6564b8830bc894c89659
14,discovery,3,46,3,5,random_positions,2.375,-1.75,-1.875,-0.125,False,False,meta-llama/Meta-Llama-3.1-8B-Instruct,0e9e39f249a16976918f6564b8830bc894c89659
14,discovery,3,46,3,6,answer_position,2.375,-1.75,-1.75,0.0,False,False,meta-llama/Meta-Llama-3.1-8B-Instruct,0e9e39f249a16976918f6564b8830bc894c89659
14,discovery,3,46,3,6,number_tokens,2.375,-1.75,-3.125,-1.375,False,False,meta-llama/Meta-Llama-3.1-8B-Instruct,0e9e39f249a16976918f6564b8830bc894c89659
14,discovery,3,46,3,6,random_positions,2.375,-1.75,-1.875,-0.125,False,False,meta-llama/Meta-Llama-3.1-8B-Instruct,0e9e39f249a16976918f6564b8830bc894c89659
14,discovery,3,46,3,7,answer_position,2.375,-1.75,-1.75,0.0,False,False,meta-llama/Meta-Llama-3.1-8B-Instruct,0e9e39f249a16976918f6564b8830bc894c89659
14,discovery,3,46,3,7,number_tokens,2.375,-1.75,-2.625,-0.875,False,False,meta-llama/Meta-Llama-3.1-8B-Instruct,0e9e39f249a16976918f6564b8830bc894c89659
14,discovery,3,46,3,7,random_positions,2.375,-1.75,-1.625,0.125,False,False,meta-llama/Meta-Llama-3.1-8B-Instruct,0e9e39f249a16976918f6564b8830bc894c89659
14,discovery,3,46,3,8,answer_position,2.375,-1.75,-1.875,-0.125,False,False,meta-llama/Meta-Llama-3.1-8B-Instruct,0e9e39f249a16976918f6564b8830bc894c89659
14,discovery,3,46,3,8,number_tokens,2.375,-1.75,-1.625,0.125,False,False,meta-llama/Meta-Llama-3.1-8B-Instruct,0e9e39f249a16976918f6564b8830bc894c89659
14,discovery,3,46,3,8,random_positions,2.375,-1.75,-1.5,0.25,False,False,meta-llama/Meta-Llama-3.1-8B-Instruct,0e9e39f249a16976918f6564b8830bc894c89659
14,discovery,3,46,3,9,answer_position,2.375,-1.75,-1.75,0.0,False,False,meta-llama/Meta-Llama-3.1-8B-Instruct,0e9e39f249a16976918f6564b8830bc894c89659
14,discovery,3,46,3,9,number_tokens,2.375,-1.75,-1.25,0.5,False,False,meta-llama/Meta-Llama-3.1-8B-Instruct,0e9e39f249a16976918f6564b8830bc894c89659
14,discovery,3,46,3,9,random_positions,2.375,-1.75,-1.5,0.25,False,False,meta-llama/Meta-Llama-3.1-8B-Instruct,0e9e39f249a16976918f6564b8830bc894c89659
14,discovery,3,46,3,10,answer_position,2.375,-1.75,-1.75,0.0,False,False,meta-llama/Meta-Llama-3.1-8B-Instruct,0e9e39f249a16976918f6564b8830bc894c89659
14,discovery,3,46,3,10,number_tokens,2.375,-1.75,-0.875,0.875,False,False,meta-llama/Meta-Llama-3.1-8B-Instruct,0e9e39f249a16976918f6564b8830bc894c89659
14,discovery,3,46,3,10,random_positions,2.375,-1.75,-1.625,0.125,False,False,meta-llama/Meta-Llama-3.1-8B-Instruct,0e9e39f249a16976918f6564b8830bc894c89659
14,discovery,3,46,3,11,answer_position,2.375,-1.75,-1.75,0.0,False,False,meta-llama/Meta-Llama-3.1-8B-Instruct,0e9e39f249a16976918f6564b8830bc894c89659
14,discovery,3,46,3,11,number_tokens,2.375,-1.75,-1.125,0.625,False,False,meta-llama/Meta-Llama-3.1-8B-Instruct,0e9e39f249a16976918f6564b8830bc894c89659
14,discovery,3,46,3,11,random_positions,2.375,-1.75,-1.625,0.125,False,False,meta-llama/Meta-Llama-3.1-8B-Instruct,0e9e39f249a16976918f6564b8830bc894c89659
14,discovery,3,46,3,12,answer_position,2.375,-1.75,-1.625,0.125,False,False,meta-llama/Meta-Llama-3.1-8B-Instruct,0e9e39f249a16976918f6564b8830bc894c89659
14,discovery,3,46,3,12,number_tokens,2.375,-1.75,-1.375,0.375,False,False,meta-llama/Meta-Llama-3.1-8B-Instruct,0e9e39f249a16976918f6564b8830bc894c89659
14,discovery,3,46,3,12,random_positions,2.375,-1.75,-1.75,0.0,False,False,meta-llama/Meta-Llama-3.1-8B-Instruct,0e9e39f249a16976918f6564b8830bc894c89659
14,discovery,3,46,3,13,answer_position,2.375,-1.75,-1.375,0.375,False,False,meta-llama/Meta-Llama-3.1-8B-Instruct,0e9e39f249a16976918f6564b8830bc894c89659
14,discovery,3,46,3,13,number_tokens,2.375,-1.75,-1.625,0.125,False,False,meta-llama/Meta-Llama-3.1-8B-Instruct,0e9e39f249a16976918f6564b8830bc894c89659
14,discovery,3,46,3,13,random_positions,2.375,-1.75,-1.5,0.25,False,False,meta-llama/Meta-Llama-3.1-8B-Instruct,0e9e39f249a16976918f6564b8830bc894c89659
14,discovery,3,46,3,14,answer_position,2.375,-1.75,-0.875,0.875,False,False,meta-llama/Meta-Llama-3.1-8B-Instruct,0e9e39f249a16976918f6564b8830bc894c89659
14,discovery,3,46,3,14,number_tokens,2.375,-1.75,-1.625,0.125,False,False,meta-llama/Meta-Llama-3.1-8B-Instruct,0e9e39f249a16976918f6564b8830bc894c89659
14,discovery,3,46,3,14,random_positions,2.375,-1.75,-1.625,0.125,False,False,meta-llama/Meta-Llama-3.1-8B-Instruct,0e9e39f249a16976918f6564b8830bc894c89659
14,discovery,3,46,3,15,answer_position,2.375,-1.75,-0.125,1.625,False,False,meta-llama/Meta-Llama-3.1-8B-Instruct,0e9e39f249a16976918f6564b8830bc894c89659
14,discovery,3,46,3,15,number_tokens,2.375,-1.75,-1.875,-0.125,False,False,meta-llama/Meta-Llama-3.1-8B-Instruct,0e9e39f249a16976918f6564b8830bc894c89659
14,discovery,3,46,3,15,random_positions,2.375,-1.75,-1.75,0.0,False,False,meta-llama/Meta-Llama-3.1-8B-Instruct,0e9e39f249a16976918f6564b8830bc894c89659
14,discovery,3,46,3,16,answer_position,2.375,-1.75,-0.625,1.125,False,False,meta-llama/Meta-Llama-3.1-8B-Instruct,0e9e39f249a16976918f6564b8830bc894c89659
14,discovery,3,46,3,16,number_tokens,2.375,-1.75,-1.75,0.0,False,False,meta-llama/Meta-Llama-3.1-8B-Instruct,0e9e39f249a16976918f6564b8830bc894c89659
14,discovery,3,46,3,16,random_positions,2.375,-1.75,-1.75,0.0,False,False,meta-llama/Meta-Llama-3.1-8B-Instruct,0e9e39f249a16976918f6564b8830bc894c89659
14,discovery,3,46,3,17,answer_position,2.375,-1.75,2.125,3.875,False,True,meta-llama/Meta-Llama-3.1-8B-Instruct,0e9e39f249a16976918f6564b8830bc894c89659
14,discovery,3,46,3,17,number_tokens,2.375,-1.75,-1.625,0.125,False,False,meta-llama/Meta-Llama-3.1-8B-Instruct,0e9e39f249a16976918f6564b8830bc894c89659
14,discovery,3,46,3,17,random_positions,2.375,-1.75,-1.75,0.0,False,False,meta-llama/Meta-Llama-3.1-8B-Instruct,0e9e39f249a16976918f6564b8830bc894c89659
14,discovery,3,46,3,18,answer_position,2.375,-1.75,2.125,3.875,False,True,meta-llama/Meta-Llama-3.1-8B-Instruct,0e9e39f249a16976918f6564b8830bc894c89659
14,discovery,3,46,3,18,number_tokens,2.375,-1.75,-1.875,-0.125,False,False,meta-llama/Meta-Llama-3.1-8B-Instruct,0e9e39f249a16976918f6564b8830bc894c89659
14,discovery,3,46,3,18,random_positions,2.375,-1.75,-1.75,0.0,False,False,meta-llama/Meta-Llama-3.1-8B-Instruct,0e9e39f249a16976918f6564b8830bc894c89659
14,discovery,3,46,3,19,answer_position,2.375,-1.75,2.25,4.0,False,True,meta-llama/Meta-Llama-3.1-8B-Instruct,0e9e39f249a16976918f6564b8830bc894c89659
14,discovery,3,46,3,19,number_tokens,2.375,-1.75,-1.875,-0.125,False,False,meta-llama/Meta-Llama-3.1-8B-Instruct,0e9e39f249a16976918f6564b8830bc894c89659
14,discovery,3,46,3,19,random_positions,2.375,-1.75,-1.75,0.0,False,False,meta-llama/Meta-Llama-3.1-8B-Instruct,0e9e39f249a16976918f6564b8830bc894c89659
14,discovery,3,46,3,20,answer_position,2.375,-1.75,2.125,3.875,False,True,meta-llama/Meta-Llama-3.1-8B-Instruct,0e9e39f249a16976918f6564b8830bc894c89659
14,discovery,3,46,3,20,number_tokens,2.375,-1.75,-1.875,-0.125,False,False,meta-llama/Meta-Llama-3.1-8B-Instruct,0e9e39f249a16976918f6564b8830bc894c89659
14,discovery,3,46,3,20,random_positions,2.375,-1.75,-1.75,0.0,False,False,meta-llama/Meta-Llama-3.1-8B-Instruct,0e9e39f249a16976918f6564b8830bc894c89659
14,discovery,3,46,3,21,answer_position,2.375,-1.75,2.25,4.0,False,True,meta-llama/Meta-Llama-3.1-8B-Instruct,0e9e39f249a16976918f6564b8830bc894c89659
14,discovery,3,46,3,21,number_tokens,2.375,-1.75,-1.75,0.0,False,False,meta-llama/Meta-Llama-3.1-8B-Instruct,0e9e39f249a16976918f6564b8830bc894c89659
14,discovery,3,46,3,21,random_positions,2.375,-1.75,-1.75,0.0,False,False,meta-llama/Meta-Llama-3.1-8B-Instruct,0e9e39f249a16976918f6564b8830bc894c89659
14,discovery,3,46,3,22,answer_position,2.375,-1.75,2.25,4.0,False,True,meta-llama/Meta-Llama-3.1-8B-Instruct,0e9e39f249a16976918f6564b8830bc894c89659
14,discovery,3,46,3,22,number_tokens,2.375,-1.75,-1.875,-0.125,False,False,meta-llama/Meta-Llama-3.1-8B-Instruct,0e9e39f249a16976918f6564b8830bc894c89659
14,discovery,3,46,3,22,random_positions,2.375,-1.75,-1.75,0.0,False,False,meta-llama/Meta-Llama-3.1-8B-Instruct,0e9e39f249a16976918f6564b8830bc894c89659
14,discovery,3,46,3,23,answer_position,2.375,-1.75,2.25,4.0,False,True,meta-llama/Meta-Llama-3.1-8B-Instruct,0e9e39f249a16976918f6564b8830bc894c89659
14,discovery,3,46,3,23,number_tokens,2.375,-1.75,-1.75,0.0,False,False,meta-llama/Meta-Llama-3.1-8B-Instruct,0e9e39f249a16976918f6564b8830bc894c89659
14,discovery,3,46,3,23,random_positions,2.375,-1.75,-1.75,0.0,False,False,meta-llama/Meta-Llama-3.1-8B-Instruct,0e9e39f249a16976918f6564b8830bc894c89659
14,discovery,3,46,3,24,answer_position,2.375,-1.75,2.125,3.875,False,True,meta-llama/Meta-Llama-3.1-8B-Instruct,0e9e39f249a16976918f6564b8830bc894c89659
14,discovery,3,46,3,24,number_tokens,2.375,-1.75,-1.875,-0.125,False,False,meta-llama/Meta-Llama-3.1-8B-Instruct,0e9e39f249a16976918f6564b8830bc894c89659
14,discovery,3,46,3,24,random_positions,2.375,-1.75,-1.75,0.0,False,False,meta-llama/Meta-Llama-3.1-8B-Instruct,0e9e39f249a16976918f6564b8830bc894c89659
14,discovery,3,46,3,25,answer_position,2.375,-1.75,2.25,4.0,False,True,meta-llama/Meta-Llama-3.1-8B-Instruct,0e9e39f249a16976918f6564b8830bc894c89659
14,discovery,3,46,3,25,number_tokens,2.375,-1.75,-1.75,0.0,False,False,meta-llama/Meta-Llama-3.1-8B-Instruct,0e9e39f249a16976918f6564b8830bc894c89659
14,discovery,3,46,3,25,random_positions,2.375,-1.75,-1.75,0.0,False,False,meta-llama/Meta-Llama-3.1-8B-Instruct,0e9e39f249a16976918f6564b8830bc894c89659
14,discovery,3,46,3,26,answer_position,2.375,-1.75,2.25,4.0,False,True,meta-llama/Meta-Llama-3.1-8B-Instruct,0e9e39f249a16976918f6564b8830bc894c89659
14,discovery,3,46,3,26,number_tokens,2.375,-1.75,-1.75,0.0,False,False,meta-llama/Meta-Llama-3.1-8B-Instruct,0e9e39f249a16976918f6564b8830bc894c89659
14,discovery,3,46,3,26,random_positions,2.375,-1.75,-1.75,0.0,False,False,meta-llama/Meta-Llama-3.1-8B-Instruct,0e9e39f249a16976918f6564b8830bc894c89659
14,discovery,3,46,3,27,answer_position,2.375,-1.75,2.25,4.0,False,True,meta-llama/Meta-Llama-3.1-8B-Instruct,0e9e39f249a16976918f6564b8830bc894c89659
14,discovery,3,46,3,27,number_tokens,2.375,-1.75,-1.75,0.0,False,False,meta-llama/Meta-Llama-3.1-8B-Instruct,0e9e39f249a16976918f6564b8830bc894c89659
14,discovery,3,46,3,27,random_positions,2.375,-1.75,-1.875,-0.125,False,False,meta-llama/Meta-Llama-3.1-8B-Instruct,0e9e39f249a16976918f6564b8830bc894c89659
14,discovery,3,46,3,28,answer_position,2.375,-1.75,2.25,4.0,False,True,meta-llama/Meta-Llama-3.1-8B-Instruct,0e9e39f249a16976918f6564b8830bc894c89659
14,discovery,3,46,3,28,number_tokens,2.375,-1.75,-1.75,0.0,False,False,meta-llama/Meta-Llama-3.1-8B-Instruct,0e9e39f249a16976918f6564b8830bc894c89659
14,discovery,3,46,3,28,random_positions,2.375,-1.75,-1.75,0.0,False,False,meta-llama/Meta-Llama-3.1-8B-Instruct,0e9e39f249a16976918f6564b8830bc894c89659
14,discovery,3,46,3,29,answer_position,2.375,-1.75,2.375,4.125,False,True,meta-llama/Meta-Llama-3.1-8B-Instruct,0e9e39f249a16976918f6564b8830bc894c89659
14,discovery,3,46,3,29,number_tokens,2.375,-1.75,-1.75,0.0,False,False,meta-llama/Meta-Llama-3.1-8B-Instruct,0e9e39f249a16976918f6564b8830bc894c89659
14,discovery,3,46,3,29,random_positions,2.375,-1.75,-1.75,0.0,False,False,meta-llama/Meta-Llama-3.1-8B-Instruct,0e9e39f249a16976918f6564b8830bc894c89659
14,discovery,3,46,3,30,answer_position,2.375,-1.75,2.25,4.0,False,True,meta-llama/Meta-Llama-3.1-8B-Instruct,0e9e39f249a16976918f6564b8830bc894c89659
14,discovery,3,46,3,30,number_tokens,2.375,-1.75,-1.75,0.0,False,False,meta-llama/Meta-Llama-3.1-8B-Instruct,0e9e39f249a16976918f6564b8830bc894c89659
14,discovery,3,46,3,30,random_positions,2.375,-1.75,-1.75,0.0,False,False,meta-llama/Meta-Llama-3.1-8B-Instruct,0e9e39f249a16976918f6564b8830bc894c89659
14,discovery,3,46,3,31,answer_position,2.375,-1.75,2.375,4.125,False,True,meta-llama/Meta-Llama-3.1-8B-Instruct,0e9e39f249a16976918f6564b8830bc894c89659
14,discovery,3,46,3,31,number_tokens,2.375,-1.75,-1.75,0.0,False,False,meta-llama/Meta-Llama-3.1-8B-Instruct,0e9e39f249a16976918f6564b8830bc894c89659
14,discovery,3,46,3,31,random_positions,2.375,-1.75,-1.75,0.0,False,False,meta-llama/Meta-Llama-3.1-8B-Instruct,0e9e39f249a16976918f6564b8830bc894c89659
15,discovery,4,46,3,0,answer_position,2.25,-1.25,-1.125,0.125,False,False,meta-llama/Meta-Llama-3.1-8B-Instruct,0e9e39f249a16976918f6564b8830bc894c89659
15,discovery,4,46,3,0,number_tokens,2.25,-1.25,-1.0,0.25,False,False,meta-llama/Meta-Llama-3.1-8B-Instruct,0e9e39f249a16976918f6564b8830bc894c89659
15,discovery,4,46,3,0,random_positions,2.25,-1.25,-0.25,1.0,False,False,meta-llama/Meta-Llama-3.1-8B-Instruct,0e9e39f249a16976918f6564b8830bc894c89659
15,discovery,4,46,3,1,answer_position,2.25,-1.25,-1.0,0.25,False,False,meta-llama/Meta-Llama-3.1-8B-Instruct,0e9e39f249a16976918f6564b8830bc894c89659
15,discovery,4,46,3,1,number_tokens,2.25,-1.25,-1.0,0.25,False,False,meta-llama/Meta-Llama-3.1-8B-Instruct,0e9e39f249a16976918f6564b8830bc894c89659
15,discovery,4,46,3,1,random_positions,2.25,-1.25,-0.5,0.75,False,False,meta-llama/Meta-Llama-3.1-8B-Instruct,0e9e39f249a16976918f6564b8830bc894c89659
15,discovery,4,46,3,2,answer_position,2.25,-1.25,-1.125,0.125,False,False,meta-llama/Meta-Llama-3.1-8B-Instruct,0e9e39f249a16976918f6564b8830bc894c89659
15,discovery,4,46,3,2,number_tokens,2.25,-1.25,-2.5,-1.25,False,False,meta-llama/Meta-Llama-3.1-8B-Instruct,0e9e39f249a16976918f6564b8830bc894c89659
15,discovery,4,46,3,2,random_positions,2.25,-1.25,-0.75,0.5,False,False,meta-llama/Meta-Llama-3.1-8B-Instruct,0e9e39f249a16976918f6564b8830bc894c89659
15,discovery,4,46,3,3,answer_position,2.25,-1.25,-1.125,0.125,False,False,meta-llama/Meta-Llama-3.1-8B-Instruct,0e9e39f249a16976918f6564b8830bc894c89659
15,discovery,4,46,3,3,number_tokens,2.25,-1.25,-2.5,-1.25,False,False,meta-llama/Meta-Llama-3.1-8B-Instruct,0e9e39f249a16976918f6564b8830bc894c89659
15,discovery,4,46,3,3,random_positions,2.25,-1.25,-0.875,0.375,False,False,meta-llama/Meta-Llama-3.1-8B-Instruct,0e9e39f249a16976918f6564b8830bc894c89659
15,discovery,4,46,3,4,answer_position,2.25,-1.25,-1.125,0.125,False,False,meta-llama/Meta-Llama-3.1-8B-Instruct,0e9e39f249a16976918f6564b8830bc894c89659
15,discovery,4,46,3,4,number_tokens,2.25,-1.25,-2.125,-0.875,False,False,meta-llama/Meta-Llama-3.1-8B-Instruct,0e9e39f249a16976918f6564b8830bc894c89659
15,discovery,4,46,3,4,random_positions,2.25,-1.25,-1.125,0.125,False,False,meta-llama/Meta-Llama-3.1-8B-Instruct,0e9e39f249a16976918f6564b8830bc894c89659
15,discovery,4,46,3,5,answer_position,2.25,-1.25,-1.125,0.125,False,False,meta-llama/Meta-Llama-3.1-8B-Instruct,0e9e39f249a16976918f6564b8830bc894c89659
15,discovery,4,46,3,5,number_tokens,2.25,-1.25,-5.5,-4.25,False,False,meta-llama/Meta-Llama-3.1-8B-Instruct,0e9e39f249a16976918f6564b8830bc894c89659
15,discovery,4,46,3,5,random_positions,2.25,-1.25,-1.125,0.125,False,False,meta-llama/Meta-Llama-3.1-8B-Instruct,0e9e39f249a16976918f6564b8830bc894c89659
15,discovery,4,46,3,6,answer_position,2.25,-1.25,-1.125,0.125,False,False,meta-llama/Meta-Llama-3.1-8B-Instruct,0e9e39f249a16976918f6564b8830bc894c89659
15,discovery,4,46,3,6,number_tokens,2.25,-1.25,-4.125,-2.875,False,False,meta-llama/Meta-Llama-3.1-8B-Instruct,0e9e39f249a16976918f6564b8830bc894c89659
15,discovery,4,46,3,6,random_positions,2.25,-1.25,-1.125,0.125,False,False,meta-llama/Meta-Llama-3.1-8B-Instruct,0e9e39f249a16976918f6564b8830bc894c89659
15,discovery,4,46,3,7,answer_position,2.25,-1.25,-1.125,0.125,False,False,meta-llama/Meta-Llama-3.1-8B-Instruct,0e9e39f249a16976918f6564b8830bc894c89659
15,discovery,4,46,3,7,number_tokens,2.25,-1.25,-3.125,-1.875,False,False,meta-llama/Meta-Llama-3.1-8B-Instruct,0e9e39f249a16976918f6564b8830bc894c89659
15,discovery,4,46,3,7,random_positions,2.25,-1.25,-1.125,0.125,False,False,meta-llama/Meta-Llama-3.1-8B-Instruct,0e9e39f249a16976918f6564b8830bc894c89659
15,discovery,4,46,3,8,answer_position,2.25,-1.25,-1.125,0.125,False,False,meta-llama/Meta-Llama-3.1-8B-Instruct,0e9e39f249a16976918f6564b8830bc894c89659
15,discovery,4,46,3,8,number_tokens,2.25,-1.25,-1.75,-0.5,False,False,meta-llama/Meta-Llama-3.1-8B-Instruct,0e9e39f249a16976918f6564b8830bc894c89659
15,discovery,4,46,3,8,random_positions,2.25,-1.25,-1.125,0.125,False,False,meta-llama/Meta-Llama-3.1-8B-Instruct,0e9e39f249a16976918f6564b8830bc894c89659
15,discovery,4,46,3,9,answer_position,2.25,-1.25,-1.125,0.125,False,False,meta-llama/Meta-Llama-3.1-8B-Instruct,0e9e39f249a16976918f6564b8830bc894c89659
15,discovery,4,46,3,9,number_tokens,2.25,-1.25,-1.75,-0.5,False,False,meta-llama/Meta-Llama-3.1-8B-Instruct,0e9e39f249a16976918f6564b8830bc894c89659
15,discovery,4,46,3,9,random_positions,2.25,-1.25,-1.125,0.125,False,False,meta-llama/Meta-Llama-3.1-8B-Instruct,0e9e39f249a16976918f6564b8830bc894c89659
15,discovery,4,46,3,10,answer_position,2.25,-1.25,-1.125,0.125,False,False,meta-llama/Meta-Llama-3.1-8B-Instruct,0e9e39f249a16976918f6564b8830bc894c89659
15,discovery,4,46,3,10,number_tokens,2.25,-1.25,-1.0,0.25,False,False,meta-llama/Meta-Llama-3.1-8B-Instruct,0e9e39f249a16976918f6564b8830bc894c89659
15,discovery,4,46,3,10,random_positions,2.25,-1.25,-1.25,0.0,False,False,meta-llama/Meta-Llama-3.1-8B-Instruct,0e9e39f249a16976918f6564b8830bc894c89659
15,discovery,4,46,3,11,answer_position,2.25,-1.25,-1.125,0.125,False,False,meta-llama/Meta-Llama-3.1-8B-Instruct,0e9e39f249a16976918f6564b8830bc894c89659
15,discovery,4,46,3,11,number_tokens,2.25,-1.25,-0.875,0.375,False,False,meta-llama/Meta-Llama-3.1-8B-Instruct,0e9e39f249a16976918f6564b8830bc894c89659
15,discovery,4,46,3,11,random_positions,2.25,-1.25,-1.5,-0.25,False,False,meta-llama/Meta-Llama-3.1-8B-Instruct,0e9e39f249a16976918f6564b8830bc894c89659
15,discovery,4,46,3,12,answer_position,2.25,-1.25,-1.125,0.125,False,False,meta-llama/Meta-Llama-3.1-8B-Instruct,0e9e39f249a16976918f6564b8830bc894c89659
15,discovery,4,46,3,12,number_tokens,2.25,-1.25,-1.125,0.125,False,False,meta-llama/Meta-Llama-3.1-8B-Instruct,0e9e39f249a16976918f6564b8830bc894c89659
15,discovery,4,46,3,12,random_positions,2.25,-1.25,-1.25,0.0,False,False,meta-llama/Meta-Llama-3.1-8B-Instruct,0e9e39f249a16976918f6564b8830bc894c89659
15,discovery,4,46,3,13,answer_position,2.25,-1.25,-0.75,0.5,False,False,meta-llama/Meta-Llama-3.1-8B-Instruct,0e9e39f249a16976918f6564b8830bc894c89659
15,discovery,4,46,3,13,number_tokens,2.25,-1.25,-1.25,0.0,False,False,meta-llama/Meta-Llama-3.1-8B-Instruct,0e9e39f249a16976918f6564b8830bc894c89659
15,discovery,4,46,3,13,random_positions,2.25,-1.25,-1.125,0.125,False,False,meta-llama/Meta-Llama-3.1-8B-Instruct,0e9e39f249a16976918f6564b8830bc894c89659
15,discovery,4,46,3,14,answer_position,2.25,-1.25,-0.25,1.0,False,False,meta-llama/Meta-Llama-3.1-8B-Instruct,0e9e39f249a16976918f6564b8830bc894c89659
15,discovery,4,46,3,14,number_tokens,2.25,-1.25,-1.125,0.125,False,False,meta-llama/Meta-Llama-3.1-8B-Instruct,0e9e39f249a16976918f6564b8830bc894c89659
15,discovery,4,46,3,14,random_positions,2.25,-1.25,-1.125,0.125,False,False,meta-llama/Meta-Llama-3.1-8B-Instruct,0e9e39f249a16976918f6564b8830bc894c89659
15,discovery,4,46,3,15,answer_position,2.25,-1.25,0.125,1.375,False,True,meta-llama/Meta-Llama-3.1-8B-Instruct,0e9e39f249a16976918f6564b8830bc894c89659
15,discovery,4,46,3,15,number_tokens,2.25,-1.25,-1.25,0.0,False,False,meta-llama/Meta-Llama-3.1-8B-Instruct,0e9e39f249a16976918f6564b8830bc894c89659
15,discovery,4,46,3,15,random_positions,2.25,-1.25,-1.25,0.0,False,False,meta-llama/Meta-Llama-3.1-8B-Instruct,0e9e39f249a16976918f6564b8830bc894c89659
15,discovery,4,46,3,16,answer_position,2.25,-1.25,-0.5,0.75,False,False,meta-llama/Meta-Llama-3.1-8B-Instruct,0e9e39f249a16976918f6564b8830bc894c89659
15,discovery,4,46,3,16,number_tokens,2.25,-1.25,-1.25,0.0,False,False,meta-llama/Meta-Llama-3.1-8B-Instruct,0e9e39f249a16976918f6564b8830bc894c89659
15,discovery,4,46,3,16,random_positions,2.25,-1.25,-1.125,0.125,False,False,meta-llama/Meta-Llama-3.1-8B-Instruct,0e9e39f249a16976918f6564b8830bc894c89659
15,discovery,4,46,3,17,answer_position,2.25,-1.25,2.125,3.375,False,True,meta-llama/Meta-Llama-3.1-8B-Instruct,0e9e39f249a16976918f6564b8830bc894c89659
15,discovery,4,46,3,17,number_tokens,2.25,-1.25,-1.125,0.125,False,False,meta-llama/Meta-Llama-3.1-8B-Instruct,0e9e39f249a16976918f6564b8830bc894c89659
15,discovery,4,46,3,17,random_positions,2.25,-1.25,-1.125,0.125,False,False,meta-llama/Meta-Llama-3.1-8B-Instruct,0e9e39f249a16976918f6564b8830bc894c89659
15,discovery,4,46,3,18,answer_position,2.25,-1.25,2.0,3.25,False,True,meta-llama/Meta-Llama-3.1-8B-Instruct,0e9e39f249a16976918f6564b8830bc894c89659
15,discovery,4,46,3,18,number_tokens,2.25,-1.25,-1.25,0.0,False,False,meta-llama/Meta-Llama-3.1-8B-Instruct,0e9e39f249a16976918f6564b8830bc894c89659
15,discovery,4,46,3,18,random_positions,2.25,-1.25,-1.125,0.125,False,False,meta-llama/Meta-Llama-3.1-8B-Instruct,0e9e39f249a16976918f6564b8830bc894c89659
15,discovery,4,46,3,19,answer_position,2.25,-1.25,2.125,3.375,False,True,meta-llama/Meta-Llama-3.1-8B-Instruct,0e9e39f249a16976918f6564b8830bc894c89659
15,discovery,4,46,3,19,number_tokens,2.25,-1.25,-1.25,0.0,False,False,meta-llama/Meta-Llama-3.1-8B-Instruct,0e9e39f249a16976918f6564b8830bc894c89659
15,discovery,4,46,3,19,random_positions,2.25,-1.25,-1.125,0.125,False,False,meta-llama/Meta-Llama-3.1-8B-Instruct,0e9e39f249a16976918f6564b8830bc894c89659
15,discovery,4,46,3,20,answer_position,2.25,-1.25,2.125,3.375,False,True,meta-llama/Meta-Llama-3.1-8B-Instruct,0e9e39f249a16976918f6564b8830bc894c89659
15,discovery,4,46,3,20,number_tokens,2.25,-1.25,-1.125,0.125,False,False,meta-llama/Meta-Llama-3.1-8B-Instruct,0e9e39f249a16976918f6564b8830bc894c89659
15,discovery,4,46,3,20,random_positions,2.25,-1.25,-1.125,0.125,False,False,meta-llama/Meta-Llama-3.1-8B-Instruct,0e9e39f249a16976918f6564b8830bc894c89659
15,discovery,4,46,3,21,answer_position,2.25,-1.25,2.25,3.5,False,True,meta-llama/Meta-Llama-3.1-8B-Instruct,0e9e39f249a16976918f6564b8830bc894c89659
15,discovery,4,46,3,21,number_tokens,2.25,-1.25,-1.125,0.125,False,False,meta-llama/Meta-Llama-3.1-8B-Instruct,0e9e39f249a16976918f6564b8830bc894c89659
15,discovery,4,46,3,21,random_positions,2.25,-1.25,-1.125,0.125,False,False,meta-llama/Meta-Llama-3.1-8B-Instruct,0e9e39f249a16976918f6564b8830bc894c89659
15,discovery,4,46,3,22,answer_position,2.25,-1.25,2.125,3.375,False,True,meta-llama/Meta-Llama-3.1-8B-Instruct,0e9e39f249a16976918f6564b8830bc894c89659
15,discovery,4,46,3,22,number_tokens,2.25,-1.25,-1.125,0.125,False,False,meta-llama/Meta-Llama-3.1-8B-Instruct,0e9e39f249a16976918f6564b8830bc894c89659
15,discovery,4,46,3,22,random_positions,2.25,-1.25,-1.125,0.125,False,False,meta-llama/Meta-Llama-3.1-8B-Instruct,0e9e39f249a16976918f6564b8830bc894c89659
15,discovery,4,46,3,23,answer_position,2.25,-1.25,2.125,3.375,False,True,meta-llama/Meta-Llama-3.1-8B-Instruct,0e9e39f249a16976918f6564b8830bc894c89659
15,discovery,4,46,3,23,number_tokens,2.25,-1.25,-1.25,0.0,False,False,meta-llama/Meta-Llama-3.1-8B-Instruct,0e9e39f249a16976918f6564b8830bc894c89659
15,discovery,4,46,3,23,random_positions,2.25,-1.25,-1.125,0.125,False,False,meta-llama/Meta-Llama-3.1-8B-Instruct,0e9e39f249a16976918f6564b8830bc894c89659
15,discovery,4,46,3,24,answer_position,2.25,-1.25,2.125,3.375,False,True,meta-llama/Meta-Llama-3.1-8B-Instruct,0e9e39f249a16976918f6564b8830bc894c89659
15,discovery,4,46,3,24,number_tokens,2.25,-1.25,-1.25,0.0,False,False,meta-llama/Meta-Llama-3.1-8B-Instruct,0e9e39f249a16976918f6564b8830bc894c89659
15,discovery,4,46,3,24,random_positions,2.25,-1.25,-1.125,0.125,False,False,meta-llama/Meta-Llama-3.1-8B-Instruct,0e9e39f249a16976918f6564b8830bc894c89659
15,discovery,4,46,3,25,answer_position,2.25,-1.25,2.125,3.375,False,True,meta-llama/Meta-Llama-3.1-8B-Instruct,0e9e39f249a16976918f6564b8830bc894c89659
15,discovery,4,46,3,25,number_tokens,2.25,-1.25,-1.125,0.125,False,False,meta-llama/Meta-Llama-3.1-8B-Instruct,0e9e39f249a16976918f6564b8830bc894c89659
15,discovery,4,46,3,25,random_positions,2.25,-1.25,-1.125,0.125,False,False,meta-llama/Meta-Llama-3.1-8B-Instruct,0e9e39f249a16976918f6564b8830bc894c89659
15,discovery,4,46,3,26,answer_position,2.25,-1.25,2.125,3.375,False,True,meta-llama/Meta-Llama-3.1-8B-Instruct,0e9e39f249a16976918f6564b8830bc894c89659
15,discovery,4,46,3,26,number_tokens,2.25,-1.25,-1.125,0.125,False,False,meta-llama/Meta-Llama-3.1-8B-Instruct,0e9e39f249a16976918f6564b8830bc894c89659
15,discovery,4,46,3,26,random_positions,2.25,-1.25,-1.125,0.125,False,False,meta-llama/Meta-Llama-3.1-8B-Instruct,0e9e39f249a16976918f6564b8830bc894c89659
15,discovery,4,46,3,27,answer_position,2.25,-1.25,2.125,3.375,False,True,meta-llama/Meta-Llama-3.1-8B-Instruct,0e9e39f249a16976918f6564b8830bc894c89659
15,discovery,4,46,3,27,number_tokens,2.25,-1.25,-1.125,0.125,False,False,meta-llama/Meta-Llama-3.1-8B-Instruct,0e9e39f249a16976918f6564b8830bc894c89659
15,discovery,4,46,3,27,random_positions,2.25,-1.25,-1.125,0.125,False,False,meta-llama/Meta-Llama-3.1-8B-Instruct,0e9e39f249a16976918f6564b8830bc894c89659
15,discovery,4,46,3,28,answer_position,2.25,-1.25,2.25,3.5,False,True,meta-llama/Meta-Llama-3.1-8B-Instruct,0e9e39f249a16976918f6564b8830bc894c89659
15,discovery,4,46,3,28,number_tokens,2.25,-1.25,-1.125,0.125,False,False,meta-llama/Meta-Llama-3.1-8B-Instruct,0e9e39f249a16976918f6564b8830bc894c89659
15,discovery,4,46,3,28,random_positions,2.25,-1.25,-1.125,0.125,False,False,meta-llama/Meta-Llama-3.1-8B-Instruct,0e9e39f249a16976918f6564b8830bc894c89659
15,discovery,4,46,3,29,answer_position,2.25,-1.25,2.25,3.5,False,True,meta-llama/Meta-Llama-3.1-8B-Instruct,0e9e39f249a16976918f6564b8830bc894c89659
15,discovery,4,46,3,29,number_tokens,2.25,-1.25,-1.25,0.0,False,False,meta-llama/Meta-Llama-3.1-8B-Instruct,0e9e39f249a16976918f6564b8830bc894c89659
15,discovery,4,46,3,29,random_positions,2.25,-1.25,-1.125,0.125,False,False,meta-llama/Meta-Llama-3.1-8B-Instruct,0e9e39f249a16976918f6564b8830bc894c89659
15,discovery,4,46,3,30,answer_position,2.25,-1.25,2.25,3.5,False,True,meta-llama/Meta-Llama-3.1-8B-Instruct,0e9e39f249a16976918f6564b8830bc894c89659
15,discovery,4,46,3,30,number_tokens,2.25,-1.25,-1.25,0.0,False,False,meta-llama/Meta-Llama-3.1-8B-Instruct,0e9e39f249a16976918f6564b8830bc894c89659
15,discovery,4,46,3,30,random_positions,2.25,-1.25,-1.25,0.0,False,False,meta-llama/Meta-Llama-3.1-8B-Instruct,0e9e39f249a16976918f6564b8830bc894c89659
15,discovery,4,46,3,31,answer_position,2.25,-1.25,2.25,3.5,False,True,meta-llama/Meta-Llama-3.1-8B-Instruct,0e9e39f249a16976918f6564b8830bc894c89659
15,discovery,4,46,3,31,number_tokens,2.25,-1.25,-1.25,0.0,False,False,meta-llama/Meta-Llama-3.1-8B-Instruct,0e9e39f249a16976918f6564b8830bc894c89659
15,discovery,4,46,3,31,random_positions,2.25,-1.25,-1.25,0.0,False,False,meta-llama/Meta-Llama-3.1-8B-Instruct,0e9e39f249a16976918f6564b8830bc894c89659
16,discovery,4,47,4,0,answer_position,2.5,-1.0,-0.875,0.125,False,False,meta-llama/Meta-Llama-3.1-8B-Instruct,0e9e39f249a16976918f6564b8830bc894c89659
16,discovery,4,47,4,0,number_tokens,2.5,-1.0,-1.0,0.0,False,False,meta-llama/Meta-Llama-3.1-8B-Instruct,0e9e39f249a16976918f6564b8830bc894c89659
16,discovery,4,47,4,0,random_positions,2.5,-1.0,-0.875,0.125,False,False,meta-llama/Meta-Llama-3.1-8B-Instruct,0e9e39f249a16976918f6564b8830bc894c89659
16,discovery,4,47,4,1,answer_position,2.5,-1.0,-1.0,0.0,False,False,meta-llama/Meta-Llama-3.1-8B-Instruct,0e9e39f249a16976918f6564b8830bc894c89659
16,discovery,4,47,4,1,number_tokens,2.5,-1.0,-0.875,0.125,False,False,meta-llama/Meta-Llama-3.1-8B-Instruct,0e9e39f249a16976918f6564b8830bc894c89659
16,discovery,4,47,4,1,random_positions,2.5,-1.0,-0.875,0.125,False,False,meta-llama/Meta-Llama-3.1-8B-Instruct,0e9e39f249a16976918f6564b8830bc894c89659
16,discovery,4,47,4,2,answer_position,2.5,-1.0,-0.875,0.125,False,False,meta-llama/Meta-Llama-3.1-8B-Instruct,0e9e39f249a16976918f6564b8830bc894c89659
16,discovery,4,47,4,2,number_tokens,2.5,-1.0,-2.0,-1.0,False,False,meta-llama/Meta-Llama-3.1-8B-Instruct,0e9e39f249a16976918f6564b8830bc894c89659
16,discovery,4,47,4,2,random_positions,2.5,-1.0,-0.875,0.125,False,False,meta-llama/Meta-Llama-3.1-8B-Instruct,0e9e39f249a16976918f6564b8830bc894c89659
16,discovery,4,47,4,3,answer_position,2.5,-1.0,-0.875,0.125,False,False,meta-llama/Meta-Llama-3.1-8B-Instruct,0e9e39f249a16976918f6564b8830bc894c89659
16,discovery,4,47,4,3,number_tokens,2.5,-1.0,-1.625,-0.625,False,False,meta-llama/Meta-Llama-3.1-8B-Instruct,0e9e39f249a16976918f6564b8830bc894c89659
16,discovery,4,47,4,3,random_positions,2.5,-1.0,-0.875,0.125,False,False,meta-llama/Meta-Llama-3.1-8B-Instruct,0e9e39f249a16976918f6564b8830bc894c89659
16,discovery,4,47,4,4,answer_position,2.5,-1.0,-0.875,0.125,False,False,meta-llama/Meta-Llama-3.1-8B-Instruct,0e9e39f249a16976918f6564b8830bc894c89659
16,discovery,4,47,4,4,number_tokens,2.5,-1.0,-0.875,0.125,False,False,meta-llama/Meta-Llama-3.1-8B-Instruct,0e9e39f249a16976918f6564b8830bc894c89659
16,discovery,4,47,4,4,random_positions,2.5,-1.0,-0.875,0.125,False,False,meta-llama/Meta-Llama-3.1-8B-Instruct,0e9e39f249a16976918f6564b8830bc894c89659
16,discovery,4,47,4,5,answer_position,2.5,-1.0,-1.0,0.0,False,False,meta-llama/Meta-Llama-3.1-8B-Instruct,0e9e39f249a16976918f6564b8830bc894c89659
16,discovery,4,47,4,5,number_tokens,2.5,-1.0,-2.875,-1.875,False,False,meta-llama/Meta-Llama-3.1-8B-Instruct,0e9e39f249a16976918f6564b8830bc894c89659
16,discovery,4,47,4,5,random_positions,2.5,-1.0,-1.0,0.0,False,False,meta-llama/Meta-Llama-3.1-8B-Instruct,0e9e39f249a16976918f6564b8830bc894c89659
16,discovery,4,47,4,6,answer_position,2.5,-1.0,-0.875,0.125,False,False,meta-llama/Meta-Llama-3.1-8B-Instruct,0e9e39f249a16976918f6564b8830bc894c89659
16,discovery,4,47,4,6,number_tokens,2.5,-1.0,-2.375,-1.375,False,False,meta-llama/Meta-Llama-3.1-8B-Instruct,0e9e39f249a16976918f6564b8830bc894c89659
16,discovery,4,47,4,6,random_positions,2.5,-1.0,-1.0,0.0,False,False,meta-llama/Meta-Llama-3.1-8B-Instruct,0e9e39f249a16976918f6564b8830bc894c89659
16,discovery,4,47,4,7,answer_position,2.5,-1.0,-0.875,0.125,False,False,meta-llama/Meta-Llama-3.1-8B-Instruct,0e9e39f249a16976918f6564b8830bc894c89659
16,discovery,4,47,4,7,number_tokens,2.5,-1.0,-0.875,0.125,False,False,meta-llama/Meta-Llama-3.1-8B-Instruct,0e9e39f249a16976918f6564b8830bc894c89659
16,discovery,4,47,4,7,random_positions,2.5,-1.0,-1.0,0.0,False,False,meta-llama/Meta-Llama-3.1-8B-Instruct,0e9e39f249a16976918f6564b8830bc894c89659
16,discovery,4,47,4,8,answer_position,2.5,-1.0,-1.0,0.0,False,False,meta-llama/Meta-Llama-3.1-8B-Instruct,0e9e39f249a16976918f6564b8830bc894c89659
16,discovery,4,47,4,8,number_tokens,2.5,-1.0,0.25,1.25,False,True,meta-llama/Meta-Llama-3.1-8B-Instruct,0e9e39f249a16976918f6564b8830bc894c89659
16,discovery,4,47,4,8,random_positions,2.5,-1.0,-0.875,0.125,False,False,meta-llama/Meta-Llama-3.1-8B-Instruct,0e9e39f249a16976918f6564b8830bc894c89659
16,discovery,4,47,4,9,answer_position,2.5,-1.0,-1.0,0.0,False,False,meta-llama/Meta-Llama-3.1-8B-Instruct,0e9e39f249a16976918f6564b8830bc894c89659
16,discovery,4,47,4,9,number_tokens,2.5,-1.0,0.0,1.0,False,False,meta-llama/Meta-Llama-3.1-8B-Instruct,0e9e39f249a16976918f6564b8830bc894c89659
16,discovery,4,47,4,9,random_positions,2.5,-1.0,-0.875,0.125,False,False,meta-llama/Meta-Llama-3.1-8B-Instruct,0e9e39f249a16976918f6564b8830bc894c89659
16,discovery,4,47,4,10,answer_position,2.5,-1.0,-1.0,0.0,False,False,meta-llama/Meta-Llama-3.1-8B-Instruct,0e9e39f249a16976918f6564b8830bc894c89659
16,discovery,4,47,4,10,number_tokens,2.5,-1.0,-0.125,0.875,False,False,meta-llama/Meta-Llama-3.1-8B-Instruct,0e9e39f249a16976918f6564b8830bc894c89659
16,discovery,4,47,4,10,random_positions,2.5,-1.0,-0.875,0.125,False,False,meta-llama/Meta-Llama-3.1-8B-Instruct,0e9e39f249a16976918f6564b8830bc894c89659
16,discovery,4,47,4,11,answer_position,2.5,-1.0,-0.875,0.125,False,False,meta-llama/Meta-Llama-3.1-8B-Instruct,0e9e39f249a16976918f6564b8830bc894c89659
16,discovery,4,47,4,11,number_tokens,2.5,-1.0,-0.375,0.625,False,False,meta-llama/Meta-Llama-3.1-8B-Instruct,0e9e39f249a16976918f6564b8830bc894c89659
16,discovery,4,47,4,11,random_positions,2.5,-1.0,-1.0,0.0,False,False,meta-llama/Meta-Llama-3.1-8B-Instruct,0e9e39f249a16976918f6564b8830bc894c89659
16,discovery,4,47,4,12,answer_position,2.5,-1.0,-0.875,0.125,False,False,meta-llama/Meta-Llama-3.1-8B-Instruct,0e9e39f249a16976918f6564b8830bc894c89659
16,discovery,4,47,4,12,number_tokens,2.5,-1.0,-0.375,0.625,False,False,meta-llama/Meta-Llama-3.1-8B-Instruct,0e9e39f249a16976918f6564b8830bc894c89659
16,discovery,4,47,4,12,random_positions,2.5,-1.0,-0.25,0.75,False,False,meta-llama/Meta-Llama-3.1-8B-Instruct,0e9e39f249a16976918f6564b8830bc894c89659
16,discovery,4,47,4,13,answer_position,2.5,-1.0,-0.625,0.375,False,False,meta-llama/Meta-Llama-3.1-8B-Instruct,0e9e39f249a16976918f6564b8830bc894c89659
16,discovery,4,47,4,13,number_tokens,2.5,-1.0,-0.875,0.125,False,False,meta-llama/Meta-Llama-3.1-8B-Instruct,0e9e39f249a16976918f6564b8830bc894c89659
16,discovery,4,47,4,13,random_positions,2.5,-1.0,0.375,1.375,False,True,meta-llama/Meta-Llama-3.1-8B-Instruct,0e9e39f249a16976918f6564b8830bc894c89659
16,discovery,4,47,4,14,answer_position,2.5,-1.0,0.125,1.125,False,True,meta-llama/Meta-Llama-3.1-8B-Instruct,0e9e39f249a16976918f6564b8830bc894c89659
16,discovery,4,47,4,14,number_tokens,2.5,-1.0,-0.875,0.125,False,False,meta-llama/Meta-Llama-3.1-8B-Instruct,0e9e39f249a16976918f6564b8830bc894c89659
16,discovery,4,47,4,14,random_positions,2.5,-1.0,0.125,1.125,False,True,meta-llama/Meta-Llama-3.1-8B-Instruct,0e9e39f249a16976918f6564b8830bc894c89659
16,discovery,4,47,4,15,answer_position,2.5,-1.0,0.5,1.5,False,True,meta-llama/Meta-Llama-3.1-8B-Instruct,0e9e39f249a16976918f6564b8830bc894c89659
16,discovery,4,47,4,15,number_tokens,2.5,-1.0,-1.125,-0.125,False,False,meta-llama/Meta-Llama-3.1-8B-Instruct,0e9e39f249a16976918f6564b8830bc894c89659
16,discovery,4,47,4,15,random_positions,2.5,-1.0,-0.875,0.125,False,False,meta-llama/Meta-Llama-3.1-8B-Instruct,0e9e39f249a16976918f6564b8830bc894c89659
16,discovery,4,47,4,16,answer_position,2.5,-1.0,-0.375,0.625,False,False,meta-llama/Meta-Llama-3.1-8B-Instruct,0e9e39f249a16976918f6564b8830bc894c89659
16,discovery,4,47,4,16,number_tokens,2.5,-1.0,-1.0,0.0,False,False,meta-llama/Meta-Llama-3.1-8B-Instruct,0e9e39f249a16976918f6564b8830bc894c89659
16,discovery,4,47,4,16,random_positions,2.5,-1.0,-0.875,0.125,False,False,meta-llama/Meta-Llama-3.1-8B-Instruct,0e9e39f249a16976918f6564b8830bc894c89659
16,discovery,4,47,4,17,answer_position,2.5,-1.0,2.25,3.25,False,True,meta-llama/Meta-Llama-3.1-8B-Instruct,0e9e39f249a16976918f6564b8830bc894c89659
16,discovery,4,47,4,17,number_tokens,2.5,-1.0,-1.0,0.0,False,False,meta-llama/Meta-Llama-3.1-8B-Instruct,0e9e39f249a16976918f6564b8830bc894c89659
16,discovery,4,47,4,17,random_positions,2.5,-1.0,-0.875,0.125,False,False,meta-llama/Meta-Llama-3.1-8B-Instruct,0e9e39f249a16976918f6564b8830bc894c89659
16,discovery,4,47,4,18,answer_position,2.5,-1.0,2.25,3.25,False,True,meta-llama/Meta-Llama-3.1-8B-Instruct,0e9e39f249a16976918f6564b8830bc894c89659
16,discovery,4,47,4,18,number_tokens,2.5,-1.0,-1.0,0.0,False,False,meta-llama/Meta-Llama-3.1-8B-Instruct,0e9e39f249a16976918f6564b8830bc894c89659
16,discovery,4,47,4,18,random_positions,2.5,-1.0,-0.875,0.125,False,False,meta-llama/Meta-Llama-3.1-8B-Instruct,0e9e39f249a16976918f6564b8830bc894c89659
16,discovery,4,47,4,19,answer_position,2.5,-1.0,2.375,3.375,False,True,meta-llama/Meta-Llama-3.1-8B-Instruct,0e9e39f249a16976918f6564b8830bc894c89659
16,discovery,4,47,4,19,number_tokens,2.5,-1.0,-1.0,0.0,False,False,meta-llama/Meta-Llama-3.1-8B-Instruct,0e9e39f249a16976918f6564b8830bc894c89659
16,discovery,4,47,4,19,random_positions,2.5,-1.0,-0.875,0.125,False,False,meta-llama/Meta-Llama-3.1-8B-Instruct,0e9e39f249a16976918f6564b8830bc894c89659
16,discovery,4,47,4,20,answer_position,2.5,-1.0,2.375,3.375,False,True,meta-llama/Meta-Llama-3.1-8B-Instruct,0e9e39f249a16976918f6564b8830bc894c89659
16,discovery,4,47,4,20,number_tokens,2.5,-1.0,-1.0,0.0,False,False,meta-llama/Meta-Llama-3.1-8B-Instruct,0e9e39f249a16976918f6564b8830bc894c89659
16,discovery,4,47,4,20,random_positions,2.5,-1.0,-0.875,0.125,False,False,meta-llama/Meta-Llama-3.1-8B-Instruct,0e9e39f249a16976918f6564b8830bc894c89659
16,discovery,4,47,4,21,answer_position,2.5,-1.0,2.375,3.375,False,True,meta-llama/Meta-Llama-3.1-8B-Instruct,0e9e39f249a16976918f6564b8830bc894c89659
16,discovery,4,47,4,21,number_tokens,2.5,-1.0,-1.0,0.0,False,False,meta-llama/Meta-Llama-3.1-8B-Instruct,0e9e39f249a16976918f6564b8830bc894c89659
16,discovery,4,47,4,21,random_positions,2.5,-1.0,-0.875,0.125,False,False,meta-llama/Meta-Llama-3.1-8B-Instruct,0e9e39f249a16976918f6564b8830bc894c89659
16,discovery,4,47,4,22,answer_position,2.5,-1.0,2.375,3.375,False,True,meta-llama/Meta-Llama-3.1-8B-Instruct,0e9e39f249a16976918f6564b8830bc894c89659
16,discovery,4,47,4,22,number_tokens,2.5,-1.0,-1.0,0.0,False,False,meta-llama/Meta-Llama-3.1-8B-Instruct,0e9e39f249a16976918f6564b8830bc894c89659
16,discovery,4,47,4,22,random_positions,2.5,-1.0,-0.875,0.125,False,False,meta-llama/Meta-Llama-3.1-8B-Instruct,0e9e39f249a16976918f6564b8830bc894c89659
16,discovery,4,47,4,23,answer_position,2.5,-1.0,2.375,3.375,False,True,meta-llama/Meta-Llama-3.1-8B-Instruct,0e9e39f249a16976918f6564b8830bc894c89659
16,discovery,4,47,4,23,number_tokens,2.5,-1.0,-1.0,0.0,False,False,meta-llama/Meta-Llama-3.1-8B-Instruct,0e9e39f249a16976918f6564b8830bc894c89659
16,discovery,4,47,4,23,random_positions,2.5,-1.0,-0.875,0.125,False,False,meta-llama/Meta-Llama-3.1-8B-Instruct,0e9e39f249a16976918f6564b8830bc894c89659
16,discovery,4,47,4,24,answer_position,2.5,-1.0,2.375,3.375,False,True,meta-llama/Meta-Llama-3.1-8B-Instruct,0e9e39f249a16976918f6564b8830bc894c89659
16,discovery,4,47,4,24,number_tokens,2.5,-1.0,-1.0,0.0,False,False,meta-llama/Meta-Llama-3.1-8B-Instruct,0e9e39f249a16976918f6564b8830bc894c89659
16,discovery,4,47,4,24,random_positions,2.5,-1.0,-1.0,0.0,False,False,meta-llama/Meta-Llama-3.1-8B-Instruct,0e9e39f249a16976918f6564b8830bc894c89659
16,discovery,4,47,4,25,answer_position,2.5,-1.0,2.375,3.375,False,True,meta-llama/Meta-Llama-3.1-8B-Instruct,0e9e39f249a16976918f6564b8830bc894c89659
16,discovery,4,47,4,25,number_tokens,2.5,-1.0,-1.0,0.0,False,False,meta-llama/Meta-Llama-3.1-8B-Instruct,0e9e39f249a16976918f6564b8830bc894c89659
16,discovery,4,47,4,25,random_positions,2.5,-1.0,-1.0,0.0,False,False,meta-llama/Meta-Llama-3.1-8B-Instruct,0e9e39f249a16976918f6564b8830bc894c89659
16,discovery,4,47,4,26,answer_position,2.5,-1.0,2.375,3.375,False,True,meta-llama/Meta-Llama-3.1-8B-Instruct,0e9e39f249a16976918f6564b8830bc894c89659
16,discovery,4,47,4,26,number_tokens,2.5,-1.0,-1.0,0.0,False,False,meta-llama/Meta-Llama-3.1-8B-Instruct,0e9e39f249a16976918f6564b8830bc894c89659
16,discovery,4,47,4,26,random_positions,2.5,-1.0,-0.875,0.125,False,False,meta-llama/Meta-Llama-3.1-8B-Instruct,0e9e39f249a16976918f6564b8830bc894c89659
16,discovery,4,47,4,27,answer_position,2.5,-1.0,2.375,3.375,False,True,meta-llama/Meta-Llama-3.1-8B-Instruct,0e9e39f249a16976918f6564b8830bc894c89659
16,discovery,4,47,4,27,number_tokens,2.5,-1.0,-0.875,0.125,False,False,meta-llama/Meta-Llama-3.1-8B-Instruct,0e9e39f249a16976918f6564b8830bc894c89659
16,discovery,4,47,4,27,random_positions,2.5,-1.0,-0.875,0.125,False,False,meta-llama/Meta-Llama-3.1-8B-Instruct,0e9e39f249a16976918f6564b8830bc894c89659
16,discovery,4,47,4,28,answer_position,2.5,-1.0,2.5,3.5,False,True,meta-llama/Meta-Llama-3.1-8B-Instruct,0e9e39f249a16976918f6564b8830bc894c89659
16,discovery,4,47,4,28,number_tokens,2.5,-1.0,-0.875,0.125,False,False,meta-llama/Meta-Llama-3.1-8B-Instruct,0e9e39f249a16976918f6564b8830bc894c89659
16,discovery,4,47,4,28,random_positions,2.5,-1.0,-1.0,0.0,False,False,meta-llama/Meta-Llama-3.1-8B-Instruct,0e9e39f249a16976918f6564b8830bc894c89659
16,discovery,4,47,4,29,answer_position,2.5,-1.0,2.375,3.375,False,True,meta-llama/Meta-Llama-3.1-8B-Instruct,0e9e39f249a16976918f6564b8830bc894c89659
16,discovery,4,47,4,29,number_tokens,2.5,-1.0,-0.875,0.125,False,False,meta-llama/Meta-Llama-3.1-8B-Instruct,0e9e39f249a16976918f6564b8830bc894c89659
16,discovery,4,47,4,29,random_positions,2.5,-1.0,-1.0,0.0,False,False,meta-llama/Meta-Llama-3.1-8B-Instruct,0e9e39f249a16976918f6564b8830bc894c89659
16,discovery,4,47,4,30,answer_position,2.5,-1.0,2.375,3.375,False,True,meta-llama/Meta-Llama-3.1-8B-Instruct,0e9e39f249a16976918f6564b8830bc894c89659
16,discovery,4,47,4,30,number_tokens,2.5,-1.0,-1.0,0.0,False,False,meta-llama/Meta-Llama-3.1-8B-Instruct,0e9e39f249a16976918f6564b8830bc894c89659
16,discovery,4,47,4,30,random_positions,2.5,-1.0,-1.0,0.0,False,False,meta-llama/Meta-Llama-3.1-8B-Instruct,0e9e39f249a16976918f6564b8830bc894c89659
16,discovery,4,47,4,31,answer_position,2.5,-1.0,2.5,3.5,False,True,meta-llama/Meta-Llama-3.1-8B-Instruct,0e9e39f249a16976918f6564b8830bc894c89659
16,discovery,4,47,4,31,number_tokens,2.5,-1.0,-1.0,0.0,False,False,meta-llama/Meta-Llama-3.1-8B-Instruct,0e9e39f249a16976918f6564b8830bc894c89659
16,discovery,4,47,4,31,random_positions,2.5,-1.0,-1.0,0.0,False,False,meta-llama/Meta-Llama-3.1-8B-Instruct,0e9e39f249a16976918f6564b8830bc894c89659
17,discovery,4,48,2,0,answer_position,1.625,-1.25,-1.25,0.0,False,False,meta-llama/Meta-Llama-3.1-8B-Instruct,0e9e39f249a16976918f6564b8830bc894c89659
17,discovery,4,48,2,0,number_tokens,1.625,-1.25,-1.25,0.0,False,False,meta-llama/Meta-Llama-3.1-8B-Instruct,0e9e39f249a16976918f6564b8830bc894c89659
17,discovery,4,48,2,0,random_positions,1.625,-1.25,-1.25,0.0,False,False,meta-llama/Meta-Llama-3.1-8B-Instruct,0e9e39f249a16976918f6564b8830bc894c89659
17,discovery,4,48,2,1,answer_position,1.625,-1.25,-1.25,0.0,False,False,meta-llama/Meta-Llama-3.1-8B-Instruct,0e9e39f249a16976918f6564b8830bc894c89659
17,discovery,4,48,2,1,number_tokens,1.625,-1.25,-1.375,-0.125,False,False,meta-llama/Meta-Llama-3.1-8B-Instruct,0e9e39f249a16976918f6564b8830bc894c89659
17,discovery,4,48,2,1,random_positions,1.625,-1.25,-1.125,0.125,False,False,meta-llama/Meta-Llama-3.1-8B-Instruct,0e9e39f249a16976918f6564b8830bc894c89659
17,discovery,4,48,2,2,answer_position,1.625,-1.25,-1.25,0.0,False,False,meta-llama/Meta-Llama-3.1-8B-Instruct,0e9e39f249a16976918f6564b8830bc894c89659
17,discovery,4,48,2,2,number_tokens,1.625,-1.25,-3.625,-2.375,False,False,meta-llama/Meta-Llama-3.1-8B-Instruct,0e9e39f249a16976918f6564b8830bc894c89659
17,discovery,4,48,2,2,random_positions,1.625,-1.25,-1.25,0.0,False,False,meta-llama/Meta-Llama-3.1-8B-Instruct,0e9e39f249a16976918f6564b8830bc894c89659
17,discovery,4,48,2,3,answer_position,1.625,-1.25,-1.125,0.125,False,False,meta-llama/Meta-Llama-3.1-8B-Instruct,0e9e39f249a16976918f6564b8830bc894c89659
17,discovery,4,48,2,3,number_tokens,1.625,-1.25,-3.625,-2.375,False,False,meta-llama/Meta-Llama-3.1-8B-Instruct,0e9e39f249a16976918f6564b8830bc894c89659
17,discovery,4,48,2,3,random_positions,1.625,-1.25,-1.125,0.125,False,False,meta-llama/Meta-Llama-3.1-8B-Instruct,0e9e39f249a16976918f6564b8830bc894c89659
17,discovery,4,48,2,4,answer_position,1.625,-1.25,-1.25,0.0,False,False,meta-llama/Meta-Llama-3.1-8B-Instruct,0e9e39f249a16976918f6564b8830bc894c89659
17,discovery,4,48,2,4,number_tokens,1.625,-1.25,-3.25,-2.0,False,False,meta-llama/Meta-Llama-3.1-8B-Instruct,0e9e39f249a16976918f6564b8830bc894c89659
17,discovery,4,48,2,4,random_positions,1.625,-1.25,-1.25,0.0,False,False,meta-llama/Meta-Llama-3.1-8B-Instruct,0e9e39f249a16976918f6564b8830bc894c89659
17,discovery,4,48,2,5,answer_position,1.625,-1.25,-1.25,0.0,False,False,meta-llama/Meta-Llama-3.1-8B-Instruct,0e9e39f249a16976918f6564b8830bc894c89659
17,discovery,4,48,2,5,number_tokens,1.625,-1.25,-7.0,-5.75,False,False,meta-llama/Meta-Llama-3.1-8B-Instruct,0e9e39f249a16976918f6564b8830bc894c89659
17,discovery,4,48,2,5,random_positions,1.625,-1.25,-1.25,0.0,False,False,meta-llama/Meta-Llama-3.1-8B-Instruct,0e9e39f249a16976918f6564b8830bc894c89659
17,discovery,4,48,2,6,answer_position,1.625,-1.25,-1.25,0.0,False,False,meta-llama/Meta-Llama-3.1-8B-Instruct,0e9e39f249a16976918f6564b8830bc894c89659
17,discovery,4,48,2,6,number_tokens,1.625,-1.25,-5.0,-3.75,False,False,meta-llama/Meta-Llama-3.1-8B-Instruct,0e9e39f249a16976918f6564b8830bc894c89659
17,discovery,4,48,2,6,random_positions,1.625,-1.25,-1.25,0.0,False,False,meta-llama/Meta-Llama-3.1-8B-Instruct,0e9e39f249a16976918f6564b8830bc894c89659
17,discovery,4,48,2,7,answer_position,1.625,-1.25,-1.25,0.0,False,False,meta-llama/Meta-Llama-3.1-8B-Instruct,0e9e39f249a16976918f6564b8830bc894c89659
17,discovery,4,48,2,7,number_tokens,1.625,-1.25,-2.75,-1.5,False,False,meta-llama/Meta-Llama-3.1-8B-Instruct,0e9e39f249a16976918f6564b8830bc894c89659
17,discovery,4,48,2,7,random_positions,1.625,-1.25,-1.25,0.0,False,False,meta-llama/Meta-Llama-3.1-8B-Instruct,0e9e39f249a16976918f6564b8830bc894c89659
17,discovery,4,48,2,8,answer_position,1.625,-1.25,-1.25,0.0,False,False,meta-llama/Meta-Llama-3.1-8B-Instruct,0e9e39f249a16976918f6564b8830bc894c89659
17,discovery,4,48,2,8,number_tokens,1.625,-1.25,-0.625,0.625,False,False,meta-llama/Meta-Llama-3.1-8B-Instruct,0e9e39f249a16976918f6564b8830bc894c89659
17,discovery,4,48,2,8,random_positions,1.625,-1.25,-1.25,0.0,False,False,meta-llama/Meta-Llama-3.1-8B-Instruct,0e9e39f249a16976918f6564b8830bc894c89659
17,discovery,4,48,2,9,answer_position,1.625,-1.25,-1.25,0.0,False,False,meta-llama/Meta-Llama-3.1-8B-Instruct,0e9e39f249a16976918f6564b8830bc894c89659
17,discovery,4,48,2,9,number_tokens,1.625,-1.25,-1.25,0.0,False,False,meta-llama/Meta-Llama-3.1-8B-Instruct,0e9e39f249a16976918f6564b8830bc894c89659
17,discovery,4,48,2,9,random_positions,1.625,-1.25,-1.25,0.0,False,False,meta-llama/Meta-Llama-3.1-8B-Instruct,0e9e39f249a16976918f6564b8830bc894c89659
17,discovery,4,48,2,10,answer_position,1.625,-1.25,-1.25,0.0,False,False,meta-llama/Meta-Llama-3.1-8B-Instruct,0e9e39f249a16976918f6564b8830bc894c89659
17,discovery,4,48,2,10,number_tokens,1.625,-1.25,-1.25,0.0,False,False,meta-llama/Meta-Llama-3.1-8B-Instruct,0e9e39f249a16976918f6564b8830bc894c89659
17,discovery,4,48,2,10,random_positions,1.625,-1.25,-1.125,0.125,False,False,meta-llama/Meta-Llama-3.1-8B-Instruct,0e9e39f249a16976918f6564b8830bc894c89659
17,discovery,4,48,2,11,answer_position,1.625,-1.25,-1.25,0.0,False,False,meta-llama/Meta-Llama-3.1-8B-Instruct,0e9e39f249a16976918f6564b8830bc894c89659
17,discovery,4,48,2,11,number_tokens,1.625,-1.25,-0.5,0.75,False,False,meta-llama/Meta-Llama-3.1-8B-Instruct,0e9e39f249a16976918f6564b8830bc894c89659
17,discovery,4,48,2,11,random_positions,1.625,-1.25,-1.0,0.25,False,False,meta-llama/Meta-Llama-3.1-8B-Instruct,0e9e39f249a16976918f6564b8830bc894c89659
17,discovery,4,48,2,12,answer_position,1.625,-1.25,-1.125,0.125,False,False,meta-llama/Meta-Llama-3.1-8B-Instruct,0e9e39f249a16976918f6564b8830bc894c89659
17,discovery,4,48,2,12,number_tokens,1.625,-1.25,-0.5,0.75,False,False,meta-llama/Meta-Llama-3.1-8B-Instruct,0e9e39f249a16976918f6564b8830bc894c89659
17,discovery,4,48,2,12,random_positions,1.625,-1.25,-1.125,0.125,False,False,meta-llama/Meta-Llama-3.1-8B-Instruct,0e9e39f249a16976918f6564b8830bc894c89659
17,discovery,4,48,2,13,answer_position,1.625,-1.25,-0.625,0.625,False,False,meta-llama/Meta-Llama-3.1-8B-Instruct,0e9e39f249a16976918f6564b8830bc894c89659
17,discovery,4,48,2,13,number_tokens,1.625,-1.25,-0.875,0.375,False,False,meta-llama/Meta-Llama-3.1-8B-Instruct,0e9e39f249a16976918f6564b8830bc894c89659
17,discovery,4,48,2,13,random_positions,1.625,-1.25,-1.25,0.0,False,False,meta-llama/Meta-Llama-3.1-8B-Instruct,0e9e39f249a16976918f6564b8830bc894c89659
17,discovery,4,48,2,14,answer_position,1.625,-1.25,0.125,1.375,False,True,meta-llama/Meta-Llama-3.1-8B-Instruct,0e9e39f249a16976918f6564b8830bc894c89659
17,discovery,4,48,2,14,number_tokens,1.625,-1.25,-1.125,0.125,False,False,meta-llama/Meta-Llama-3.1-8B-Instruct,0e9e39f249a16976918f6564b8830bc894c89659
17,discovery,4,48,2,14,random_positions,1.625,-1.25,-1.25,0.0,False,False,meta-llama/Meta-Llama-3.1-8B-Instruct,0e9e39f249a16976918f6564b8830bc894c89659
17,discovery,4,48,2,15,answer_position,1.625,-1.25,0.25,1.5,False,True,meta-llama/Meta-Llama-3.1-8B-Instruct,0e9e39f249a16976918f6564b8830bc894c89659
17,discovery,4,48,2,15,number_tokens,1.625,-1.25,-1.25,0.0,False,False,meta-llama/Meta-Llama-3.1-8B-Instruct,0e9e39f249a16976918f6564b8830bc894c89659
17,discovery,4,48,2,15,random_positions,1.625,-1.25,-1.5,-0.25,False,False,meta-llama/Meta-Llama-3.1-8B-Instruct,0e9e39f249a16976918f6564b8830bc894c89659
17,discovery,4,48,2,16,answer_position,1.625,-1.25,-0.375,0.875,False,False,meta-llama/Meta-Llama-3.1-8B-Instruct,0e9e39f249a16976918f6564b8830bc894c89659
17,discovery,4,48,2,16,number_tokens,1.625,-1.25,-1.25,0.0,False,False,meta-llama/Meta-Llama-3.1-8B-Instruct,0e9e39f249a16976918f6564b8830bc894c89659
17,discovery,4,48,2,16,random_positions,1.625,-1.25,-1.25,0.0,False,False,meta-llama/Meta-Llama-3.1-8B-Instruct,0e9e39f249a16976918f6564b8830bc894c89659
17,discovery,4,48,2,17,answer_position,1.625,-1.25,1.375,2.625,False,True,meta-llama/Meta-Llama-3.1-8B-Instruct,0e9e39f249a16976918f6564b8830bc894c89659
17,discovery,4,48,2,17,number_tokens,1.625,-1.25,-1.25,0.0,False,False,meta-llama/Meta-Llama-3.1-8B-Instruct,0e9e39f249a16976918f6564b8830bc894c89659
17,discovery,4,48,2,17,random_positions,1.625,-1.25,-1.25,0.0,False,False,meta-llama/Meta-Llama-3.1-8B-Instruct,0e9e39f249a16976918f6564b8830bc894c89659
17,discovery,4,48,2,18,answer_position,1.625,-1.25,1.5,2.75,False,True,meta-llama/Meta-Llama-3.1-8B-Instruct,0e9e39f249a16976918f6564b8830bc894c89659
17,discovery,4,48,2,18,number_tokens,1.625,-1.25,-1.25,0.0,False,False,meta-llama/Meta-Llama-3.1-8B-Instruct,0e9e39f249a16976918f6564b8830bc894c89659
17,discovery,4,48,2,18,random_positions,1.625,-1.25,-1.25,0.0,False,False,meta-llama/Meta-Llama-3.1-8B-Instruct,0e9e39f249a16976918f6564b8830bc894c89659
17,discovery,4,48,2,19,answer_position,1.625,-1.25,1.5,2.75,False,True,meta-llama/Meta-Llama-3.1-8B-Instruct,0e9e39f249a16976918f6564b8830bc894c89659
17,discovery,4,48,2,19,number_tokens,1.625,-1.25,-1.25,0.0,False,False,meta-llama/Meta-Llama-3.1-8B-Instruct,0e9e39f249a16976918f6564b8830bc894c89659
17,discovery,4,48,2,19,random_positions,1.625,-1.25,-1.25,0.0,False,False,meta-llama/Meta-Llama-3.1-8B-Instruct,0e9e39f249a16976918f6564b8830bc894c89659
17,discovery,4,48,2,20,answer_position,1.625,-1.25,1.625,2.875,False,True,meta-llama/Meta-Llama-3.1-8B-Instruct,0e9e39f249a16976918f6564b8830bc894c89659
17,discovery,4,48,2,20,number_tokens,1.625,-1.25,-1.25,0.0,False,False,meta-llama/Meta-Llama-3.1-8B-Instruct,0e9e39f249a16976918f6564b8830bc894c89659
17,discovery,4,48,2,20,random_positions,1.625,-1.25,-1.25,0.0,False,False,meta-llama/Meta-Llama-3.1-8B-Instruct,0e9e39f249a16976918f6564b8830bc894c89659
17,discovery,4,48,2,21,answer_position,1.625,-1.25,1.625,2.875,False,True,meta-llama/Meta-Llama-3.1-8B-Instruct,0e9e39f249a16976918f6564b8830bc894c89659
17,discovery,4,48,2,21,number_tokens,1.625,-1.25,-1.25,0.0,False,False,meta-llama/Meta-Llama-3.1-8B-Instruct,0e9e39f249a16976918f6564b8830bc894c89659
17,discovery,4,48,2,21,random_positions,1.625,-1.25,-1.25,0.0,False,False,meta-llama/Meta-Llama-3.1-8B-Instruct,0e9e39f249a16976918f6564b8830bc894c89659
17,discovery,4,48,2,22,answer_position,1.625,-1.25,1.625,2.875,False,True,meta-llama/Meta-Llama-3.1-8B-Instruct,0e9e39f249a16976918f6564b8830bc894c89659
17,discovery,4,48,2,22,number_tokens,1.625,-1.25,-1.25,0.0,False,False,meta-llama/Meta-Llama-3.1-8B-Instruct,0e9e39f249a16976918f6564b8830bc894c89659
17,discovery,4,48,2,22,random_positions,1.625,-1.25,-1.25,0.0,False,False,meta-llama/Meta-Llama-3.1-8B-Instruct,0e9e39f249a16976918f6564b8830bc894c89659
17,discovery,4,48,2,23,answer_position,1.625,-1.25,1.5,2.75,False,True,meta-llama/Meta-Llama-3.1-8B-Instruct,0e9e39f249a16976918f6564b8830bc894c89659
17,discovery,4,48,2,23,number_tokens,1.625,-1.25,-1.25,0.0,False,False,meta-llama/Meta-Llama-3.1-8B-Instruct,0e9e39f249a16976918f6564b8830bc894c89659
17,discovery,4,48,2,23,random_positions,1.625,-1.25,-1.25,0.0,False,False,meta-llama/Meta-Llama-3.1-8B-Instruct,0e9e39f249a16976918f6564b8830bc894c89659
17,discovery,4,48,2,24,answer_position,1.625,-1.25,1.5,2.75,False,True,meta-llama/Meta-Llama-3.1-8B-Instruct,0e9e39f249a16976918f6564b8830bc894c89659
17,discovery,4,48,2,24,number_tokens,1.625,-1.25,-1.25,0.0,False,False,meta-llama/Meta-Llama-3.1-8B-Instruct,0e9e39f249a16976918f6564b8830bc894c89659
17,discovery,4,48,2,24,random_positions,1.625,-1.25,-1.25,0.0,False,False,meta-llama/Meta-Llama-3.1-8B-Instruct,0e9e39f249a16976918f6564b8830bc894c89659
17,discovery,4,48,2,25,answer_position,1.625,-1.25,1.625,2.875,False,True,meta-llama/Meta-Llama-3.1-8B-Instruct,0e9e39f249a16976918f6564b8830bc894c89659
17,discovery,4,48,2,25,number_tokens,1.625,-1.25,-1.25,0.0,False,False,meta-llama/Meta-Llama-3.1-8B-Instruct,0e9e39f249a16976918f6564b8830bc894c89659
17,discovery,4,48,2,25,random_positions,1.625,-1.25,-1.25,0.0,False,False,meta-llama/Meta-Llama-3.1-8B-Instruct,0e9e39f249a16976918f6564b8830bc894c89659
17,discovery,4,48,2,26,answer_position,1.625,-1.25,1.5,2.75,False,True,meta-llama/Meta-Llama-3.1-8B-Instruct,0e9e39f249a16976918f6564b8830bc894c89659
17,discovery,4,48,2,26,number_tokens,1.625,-1.25,-1.25,0.0,False,False,meta-llama/Meta-Llama-3.1-8B-Instruct,0e9e39f249a16976918f6564b8830bc894c89659
17,discovery,4,48,2,26,random_positions,1.625,-1.25,-1.25,0.0,False,False,meta-llama/Meta-Llama-3.1-8B-Instruct,0e9e39f249a16976918f6564b8830bc894c89659
17,discovery,4,48,2,27,answer_position,1.625,-1.25,1.5,2.75,False,True,meta-llama/Meta-Llama-3.1-8B-Instruct,0e9e39f249a16976918f6564b8830bc894c89659
17,discovery,4,48,2,27,number_tokens,1.625,-1.25,-1.25,0.0,False,False,meta-llama/Meta-Llama-3.1-8B-Instruct,0e9e39f249a16976918f6564b8830bc894c89659
17,discovery,4,48,2,27,random_positions,1.625,-1.25,-1.125,0.125,False,False,meta-llama/Meta-Llama-3.1-8B-Instruct,0e9e39f249a16976918f6564b8830bc894c89659
17,discovery,4,48,2,28,answer_position,1.625,-1.25,1.5,2.75,False,True,meta-llama/Meta-Llama-3.1-8B-Instruct,0e9e39f249a16976918f6564b8830bc894c89659
17,discovery,4,48,2,28,number_tokens,1.625,-1.25,-1.25,0.0,False,False,meta-llama/Meta-Llama-3.1-8B-Instruct,0e9e39f249a16976918f6564b8830bc894c89659
17,discovery,4,48,2,28,random_positions,1.625,-1.25,-1.125,0.125,False,False,meta-llama/Meta-Llama-3.1-8B-Instruct,0e9e39f249a16976918f6564b8830bc894c89659
17,discovery,4,48,2,29,answer_position,1.625,-1.25,1.5,2.75,False,True,meta-llama/Meta-Llama-3.1-8B-Instruct,0e9e39f249a16976918f6564b8830bc894c89659
17,discovery,4,48,2,29,number_tokens,1.625,-1.25,-1.25,0.0,False,False,meta-llama/Meta-Llama-3.1-8B-Instruct,0e9e39f249a16976918f6564b8830bc894c89659
17,discovery,4,48,2,29,random_positions,1.625,-1.25,-1.25,0.0,False,False,meta-llama/Meta-Llama-3.1-8B-Instruct,0e9e39f249a16976918f6564b8830bc894c89659
17,discovery,4,48,2,30,answer_position,1.625,-1.25,1.625,2.875,False,True,meta-llama/Meta-Llama-3.1-8B-Instruct,0e9e39f249a16976918f6564b8830bc894c89659
17,discovery,4,48,2,30,number_tokens,1.625,-1.25,-1.25,0.0,False,False,meta-llama/Meta-Llama-3.1-8B-Instruct,0e9e39f249a16976918f6564b8830bc894c89659
17,discovery,4,48,2,30,random_positions,1.625,-1.25,-1.25,0.0,False,False,meta-llama/Meta-Llama-3.1-8B-Instruct,0e9e39f249a16976918f6564b8830bc894c89659
17,discovery,4,48,2,31,answer_position,1.625,-1.25,1.625,2.875,False,True,meta-llama/Meta-Llama-3.1-8B-Instruct,0e9e39f249a16976918f6564b8830bc894c89659
17,discovery,4,48,2,31,number_tokens,1.625,-1.25,-1.25,0.0,False,False,meta-llama/Meta-Llama-3.1-8B-Instruct,0e9e39f249a16976918f6564b8830bc894c89659
17,discovery,4,48,2,31,random_positions,1.625,-1.25,-1.25,0.0,False,False,meta-llama/Meta-Llama-3.1-8B-Instruct,0e9e39f249a16976918f6564b8830bc894c89659
18,discovery,4,49,3,0,answer_position,2.25,-1.75,-1.75,0.0,False,False,meta-llama/Meta-Llama-3.1-8B-Instruct,0e9e39f249a16976918f6564b8830bc894c89659
18,discovery,4,49,3,0,number_tokens,2.25,-1.75,-1.75,0.0,False,False,meta-llama/Meta-Llama-3.1-8B-Instruct,0e9e39f249a16976918f6564b8830bc894c89659
18,discovery,4,49,3,0,random_positions,2.25,-1.75,-1.75,0.0,False,False,meta-llama/Meta-Llama-3.1-8B-Instruct,0e9e39f249a16976918f6564b8830bc894c89659
18,discovery,4,49,3,1,answer_position,2.25,-1.75,-1.75,0.0,False,False,meta-llama/Meta-Llama-3.1-8B-Instruct,0e9e39f249a16976918f6564b8830bc894c89659
18,discovery,4,49,3,1,number_tokens,2.25,-1.75,-1.625,0.125,False,False,meta-llama/Meta-Llama-3.1-8B-Instruct,0e9e39f249a16976918f6564b8830bc894c89659
18,discovery,4,49,3,1,random_positions,2.25,-1.75,-1.75,0.0,False,False,meta-llama/Meta-Llama-3.1-8B-Instruct,0e9e39f249a16976918f6564b8830bc894c89659
18,discovery,4,49,3,2,answer_position,2.25,-1.75,-1.75,0.0,False,False,meta-llama/Meta-Llama-3.1-8B-Instruct,0e9e39f249a16976918f6564b8830bc894c89659
18,discovery,4,49,3,2,number_tokens,2.25,-1.75,-1.75,0.0,False,False,meta-llama/Meta-Llama-3.1-8B-Instruct,0e9e39f249a16976918f6564b8830bc894c89659
18,discovery,4,49,3,2,random_positions,2.25,-1.75,-1.875,-0.125,False,False,meta-llama/Meta-Llama-3.1-8B-Instruct,0e9e39f249a16976918f6564b8830bc894c89659
18,discovery,4,49,3,3,answer_position,2.25,-1.75,-1.75,0.0,False,False,meta-llama/Meta-Llama-3.1-8B-Instruct,0e9e39f249a16976918f6564b8830bc894c89659
18,discovery,4,49,3,3,number_tokens,2.25,-1.75,-1.75,0.0,False,False,meta-llama/Meta-Llama-3.1-8B-Instruct,0e9e39f249a16976918f6564b8830bc894c89659
18,discovery,4,49,3,3,random_positions,2.25,-1.75,-1.875,-0.125,False,False,meta-llama/Meta-Llama-3.1-8B-Instruct,0e9e39f249a16976918f6564b8830bc894c89659
18,discovery,4,49,3,4,answer_position,2.25,-1.75,-1.75,0.0,False,False,meta-llama/Meta-Llama-3.1-8B-Instruct,0e9e39f249a16976918f6564b8830bc894c89659
18,discovery,4,49,3,4,number_tokens,2.25,-1.75,-1.75,0.0,False,False,meta-llama/Meta-Llama-3.1-8B-Instruct,0e9e39f249a16976918f6564b8830bc894c89659
18,discovery,4,49,3,4,random_positions,2.25,-1.75,-1.875,-0.125,False,False,meta-llama/Meta-Llama-3.1-8B-Instruct,0e9e39f249a16976918f6564b8830bc894c89659
18,discovery,4,49,3,5,answer_position,2.25,-1.75,-1.75,0.0,False,False,meta-llama/Meta-Llama-3.1-8B-Instruct,0e9e39f249a16976918f6564b8830bc894c89659
18,discovery,4,49,3,5,number_tokens,2.25,-1.75,-7.0,-5.25,False,False,meta-llama/Meta-Llama-3.1-8B-Instruct,0e9e39f249a16976918f6564b8830bc894c89659
18,discovery,4,49,3,5,random_positions,2.25,-1.75,-1.75,0.0,False,False,meta-llama/Meta-Llama-3.1-8B-Instruct,0e9e39f249a16976918f6564b8830bc894c89659
18,discovery,4,49,3,6,answer_position,2.25,-1.75,-1.75,0.0,False,False,meta-llama/Meta-Llama-3.1-8B-Instruct,0e9e39f249a16976918f6564b8830bc894c89659
18,discovery,4,49,3,6,number_tokens,2.25,-1.75,-4.875,-3.125,False,False,meta-llama/Meta-Llama-3.1-8B-Instruct,0e9e39f249a16976918f6564b8830bc894c89659
18,discovery,4,49,3,6,random_positions,2.25,-1.75,-1.75,0.0,False,False,meta-llama/Meta-Llama-3.1-8B-Instruct,0e9e39f249a16976918f6564b8830bc894c89659
18,discovery,4,49,3,7,answer_position,2.25,-1.75,-1.75,0.0,False,False,meta-llama/Meta-Llama-3.1-8B-Instruct,0e9e39f249a16976918f6564b8830bc894c89659
18,discovery,4,49,3,7,number_tokens,2.25,-1.75,-3.25,-1.5,False,False,meta-llama/Meta-Llama-3.1-8B-Instruct,0e9e39f249a16976918f6564b8830bc894c89659
18,discovery,4,49,3,7,random_positions,2.25,-1.75,-1.875,-0.125,False,False,meta-llama/Meta-Llama-3.1-8B-Instruct,0e9e39f249a16976918f6564b8830bc894c89659
18,discovery,4,49,3,8,answer_position,2.25,-1.75,-1.75,0.0,False,False,meta-llama/Meta-Llama-3.1-8B-Instruct,0e9e39f249a16976918f6564b8830bc894c89659
18,discovery,4,49,3,8,number_tokens,2.25,-1.75,-1.625,0.125,False,False,meta-llama/Meta-Llama-3.1-8B-Instruct,0e9e39f249a16976918f6564b8830bc894c89659
18,discovery,4,49,3,8,random_positions,2.25,-1.75,-1.75,0.0,False,False,meta-llama/Meta-Llama-3.1-8B-Instruct,0e9e39f249a16976918f6564b8830bc894c89659
18,discovery,4,49,3,9,answer_position,2.25,-1.75,-1.75,0.0,False,False,meta-llama/Meta-Llama-3.1-8B-Instruct,0e9e39f249a16976918f6564b8830bc894c89659
18,discovery,4,49,3,9,number_tokens,2.25,-1.75,-1.5,0.25,False,False,meta-llama/Meta-Llama-3.1-8B-Instruct,0e9e39f249a16976918f6564b8830bc894c89659
18,discovery,4,49,3,9,random_positions,2.25,-1.75,-1.875,-0.125,False,False,meta-llama/Meta-Llama-3.1-8B-Instruct,0e9e39f249a16976918f6564b8830bc894c89659
18,discovery,4,49,3,10,answer_position,2.25,-1.75,-1.625,0.125,False,False,meta-llama/Meta-Llama-3.1-8B-Instruct,0e9e39f249a16976918f6564b8830bc894c89659
18,discovery,4,49,3,10,number_tokens,2.25,-1.75,-1.0,0.75,False,False,meta-llama/Meta-Llama-3.1-8B-Instruct,0e9e39f249a16976918f6564b8830bc894c89659
18,discovery,4,49,3,10,random_positions,2.25,-1.75,-1.75,0.0,False,False,meta-llama/Meta-Llama-3.1-8B-Instruct,0e9e39f249a16976918f6564b8830bc894c89659
18,discovery,4,49,3,11,answer_position,2.25,-1.75,-1.75,0.0,False,False,meta-llama/Meta-Llama-3.1-8B-Instruct,0e9e39f249a16976918f6564b8830bc894c89659
18,discovery,4,49,3,11,number_tokens,2.25,-1.75,-1.125,0.625,False,False,meta-llama/Meta-Llama-3.1-8B-Instruct,0e9e39f249a16976918f6564b8830bc894c89659
18,discovery,4,49,3,11,random_positions,2.25,-1.75,-1.875,-0.125,False,False,meta-llama/Meta-Llama-3.1-8B-Instruct,0e9e39f249a16976918f6564b8830bc894c89659
18,discovery,4,49,3,12,answer_position,2.25,-1.75,-1.625,0.125,False,False,meta-llama/Meta-Llama-3.1-8B-Instruct,0e9e39f249a16976918f6564b8830bc894c89659
18,discovery,4,49,3,12,number_tokens,2.25,-1.75,-1.375,0.375,False,False,meta-llama/Meta-Llama-3.1-8B-Instruct,0e9e39f249a16976918f6564b8830bc894c89659
18,discovery,4,49,3,12,random_positions,2.25,-1.75,-1.75,0.0,False,False,meta-llama/Meta-Llama-3.1-8B-Instruct,0e9e39f249a16976918f6564b8830bc894c89659
18,discovery,4,49,3,13,answer_position,2.25,-1.75,-1.375,0.375,False,False,meta-llama/Meta-Llama-3.1-8B-Instruct,0e9e39f249a16976918f6564b8830bc894c89659
18,discovery,4,49,3,13,number_tokens,2.25,-1.75,-1.5,0.25,False,False,meta-llama/Meta-Llama-3.1-8B-Instruct,0e9e39f249a16976918f6564b8830bc894c89659
18,discovery,4,49,3,13,random_positions,2.25,-1.75,-1.75,0.0,False,False,meta-llama/Meta-Llama-3.1-8B-Instruct,0e9e39f249a16976918f6564b8830bc894c89659
18,discovery,4,49,3,14,answer_position,2.25,-1.75,-1.0,0.75,False,False,meta-llama/Meta-Llama-3.1-8B-Instruct,0e9e39f249a16976918f6564b8830bc894c89659
18,discovery,4,49,3,14,number_tokens,2.25,-1.75,-1.75,0.0,False,False,meta-llama/Meta-Llama-3.1-8B-Instruct,0e9e39f249a16976918f6564b8830bc894c89659
18,discovery,4,49,3,14,random_positions,2.25,-1.75,-1.75,0.0,False,False,meta-llama/Meta-Llama-3.1-8B-Instruct,0e9e39f249a16976918f6564b8830bc894c89659
18,discovery,4,49,3,15,answer_position,2.25,-1.75,-0.5,1.25,False,False,meta-llama/Meta-Llama-3.1-8B-Instruct,0e9e39f249a16976918f6564b8830bc894c89659
18,discovery,4,49,3,15,number_tokens,2.25,-1.75,-2.0,-0.25,False,False,meta-llama/Meta-Llama-3.1-8B-Instruct,0e9e39f249a16976918f6564b8830bc894c89659
18,discovery,4,49,3,15,random_positions,2.25,-1.75,-1.75,0.0,False,False,meta-llama/Meta-Llama-3.1-8B-Instruct,0e9e39f249a16976918f6564b8830bc894c89659
18,discovery,4,49,3,16,answer_position,2.25,-1.75,-1.25,0.5,False,False,meta-llama/Meta-Llama-3.1-8B-Instruct,0e9e39f249a16976918f6564b8830bc894c89659
18,discovery,4,49,3,16,number_tokens,2.25,-1.75,-1.75,0.0,False,False,meta-llama/Meta-Llama-3.1-8B-Instruct,0e9e39f249a16976918f6564b8830bc894c89659
18,discovery,4,49,3,16,random_positions,2.25,-1.75,-1.75,0.0,False,False,meta-llama/Meta-Llama-3.1-8B-Instruct,0e9e39f249a16976918f6564b8830bc894c89659
18,discovery,4,49,3,17,answer_position,2.25,-1.75,2.125,3.875,False,True,meta-llama/Meta-Llama-3.1-8B-Instruct,0e9e39f249a16976918f6564b8830bc894c89659
18,discovery,4,49,3,17,number_tokens,2.25,-1.75,-1.75,0.0,False,False,meta-llama/Meta-Llama-3.1-8B-Instruct,0e9e39f249a16976918f6564b8830bc894c89659
18,discovery,4,49,3,17,random_positions,2.25,-1.75,-1.75,0.0,False,False,meta-llama/Meta-Llama-3.1-8B-Instruct,0e9e39f249a16976918f6564b8830bc894c89659
18,discovery,4,49,3,18,answer_position,2.25,-1.75,2.25,4.0,False,True,meta-llama/Meta-Llama-3.1-8B-Instruct,0e9e39f249a16976918f6564b8830bc894c89659
18,discovery,4,49,3,18,number_tokens,2.25,-1.75,-1.75,0.0,False,False,meta-llama/Meta-Llama-3.1-8B-Instruct,0e9e39f249a16976918f6564b8830bc894c89659
18,discovery,4,49,3,18,random_positions,2.25,-1.75,-1.625,0.125,False,False,meta-llama/Meta-Llama-3.1-8B-Instruct,0e9e39f249a16976918f6564b8830bc894c89659
18,discovery,4,49,3,19,answer_position,2.25,-1.75,2.25,4.0,False,True,meta-llama/Meta-Llama-3.1-8B-Instruct,0e9e39f249a16976918f6564b8830bc894c89659
18,discovery,4,49,3,19,number_tokens,2.25,-1.75,-1.75,0.0,False,False,meta-llama/Meta-Llama-3.1-8B-Instruct,0e9e39f249a16976918f6564b8830bc894c89659
18,discovery,4,49,3,19,random_positions,2.25,-1.75,-1.75,0.0,False,False,meta-llama/Meta-Llama-3.1-8B-Instruct,0e9e39f249a16976918f6564b8830bc894c89659
18,discovery,4,49,3,20,answer_position,2.25,-1.75,2.25,4.0,False,True,meta-llama/Meta-Llama-3.1-8B-Instruct,0e9e39f249a16976918f6564b8830bc894c89659
18,discovery,4,49,3,20,number_tokens,2.25,-1.75,-1.75,0.0,False,False,meta-llama/Meta-Llama-3.1-8B-Instruct,0e9e39f249a16976918f6564b8830bc894c89659
18,discovery,4,49,3,20,random_positions,2.25,-1.75,-1.625,0.125,False,False,meta-llama/Meta-Llama-3.1-8B-Instruct,0e9e39f249a16976918f6564b8830bc894c89659
18,discovery,4,49,3,21,answer_position,2.25,-1.75,2.375,4.125,False,True,meta-llama/Meta-Llama-3.1-8B-Instruct,0e9e39f249a16976918f6564b8830bc894c89659
18,discovery,4,49,3,21,number_tokens,2.25,-1.75,-1.75,0.0,False,False,meta-llama/Meta-Llama-3.1-8B-Instruct,0e9e39f249a16976918f6564b8830bc894c89659
18,discovery,4,49,3,21,random_positions,2.25,-1.75,-1.75,0.0,False,False,meta-llama/Meta-Llama-3.1-8B-Instruct,0e9e39f249a16976918f6564b8830bc894c89659
18,discovery,4,49,3,22,answer_position,2.25,-1.75,2.375,4.125,False,True,meta-llama/Meta-Llama-3.1-8B-Instruct,0e9e39f249a16976918f6564b8830bc894c89659
18,discovery,4,49,3,22,number_tokens,2.25,-1.75,-1.75,0.0,False,False,meta-llama/Meta-Llama-3.1-8B-Instruct,0e9e39f249a16976918f6564b8830bc894c89659
18,discovery,4,49,3,22,random_positions,2.25,-1.75,-1.75,0.0,False,False,meta-llama/Meta-Llama-3.1-8B-Instruct,0e9e39f249a16976918f6564b8830bc894c89659
18,discovery,4,49,3,23,answer_position,2.25,-1.75,2.25,4.0,False,True,meta-llama/Meta-Llama-3.1-8B-Instruct,0e9e39f249a16976918f6564b8830bc894c89659
18,discovery,4,49,3,23,number_tokens,2.25,-1.75,-1.75,0.0,False,False,meta-llama/Meta-Llama-3.1-8B-Instruct,0e9e39f249a16976918f6564b8830bc894c89659
18,discovery,4,49,3,23,random_positions,2.25,-1.75,-1.75,0.0,False,False,meta-llama/Meta-Llama-3.1-8B-Instruct,0e9e39f249a16976918f6564b8830bc894c89659
18,discovery,4,49,3,24,answer_position,2.25,-1.75,2.25,4.0,False,True,meta-llama/Meta-Llama-3.1-8B-Instruct,0e9e39f249a16976918f6564b8830bc894c89659
18,discovery,4,49,3,24,number_tokens,2.25,-1.75,-1.75,0.0,False,False,meta-llama/Meta-Llama-3.1-8B-Instruct,0e9e39f249a16976918f6564b8830bc894c89659
18,discovery,4,49,3,24,random_positions,2.25,-1.75,-1.625,0.125,False,False,meta-llama/Meta-Llama-3.1-8B-Instruct,0e9e39f249a16976918f6564b8830bc894c89659
18,discovery,4,49,3,25,answer_position,2.25,-1.75,2.25,4.0,False,True,meta-llama/Meta-Llama-3.1-8B-Instruct,0e9e39f249a16976918f6564b8830bc894c89659
18,discovery,4,49,3,25,number_tokens,2.25,-1.75,-1.75,0.0,False,False,meta-llama/Meta-Llama-3.1-8B-Instruct,0e9e39f249a16976918f6564b8830bc894c89659
18,discovery,4,49,3,25,random_positions,2.25,-1.75,-1.75,0.0,False,False,meta-llama/Meta-Llama-3.1-8B-Instruct,0e9e39f249a16976918f6564b8830bc894c89659
18,discovery,4,49,3,26,answer_position,2.25,-1.75,2.25,4.0,False,True,meta-llama/Meta-Llama-3.1-8B-Instruct,0e9e39f249a16976918f6564b8830bc894c89659
18,discovery,4,49,3,26,number_tokens,2.25,-1.75,-1.75,0.0,False,False,meta-llama/Meta-Llama-3.1-8B-Instruct,0e9e39f249a16976918f6564b8830bc894c89659
18,discovery,4,49,3,26,random_positions,2.25,-1.75,-1.75,0.0,False,False,meta-llama/Meta-Llama-3.1-8B-Instruct,0e9e39f249a16976918f6564b8830bc894c89659
18,discovery,4,49,3,27,answer_position,2.25,-1.75,2.25,4.0,False,True,meta-llama/Meta-Llama-3.1-8B-Instruct,0e9e39f249a16976918f6564b8830bc894c89659
18,discovery,4,49,3,27,number_tokens,2.25,-1.75,-1.75,0.0,False,False,meta-llama/Meta-Llama-3.1-8B-Instruct,0e9e39f249a16976918f6564b8830bc894c89659
18,discovery,4,49,3,27,random_positions,2.25,-1.75,-1.625,0.125,False,False,meta-llama/Meta-Llama-3.1-8B-Instruct,0e9e39f249a16976918f6564b8830bc894c89659
18,discovery,4,49,3,28,answer_position,2.25,-1.75,2.25,4.0,False,True,meta-llama/Meta-Llama-3.1-8B-Instruct,0e9e39f249a16976918f6564b8830bc894c89659
18,discovery,4,49,3,28,number_tokens,2.25,-1.75,-1.75,0.0,False,False,meta-llama/Meta-Llama-3.1-8B-Instruct,0e9e39f249a16976918f6564b8830bc894c89659
18,discovery,4,49,3,28,random_positions,2.25,-1.75,-1.75,0.0,False,False,meta-llama/Meta-Llama-3.1-8B-Instruct,0e9e39f249a16976918f6564b8830bc894c89659
18,discovery,4,49,3,29,answer_position,2.25,-1.75,2.25,4.0,False,True,meta-llama/Meta-Llama-3.1-8B-Instruct,0e9e39f249a16976918f6564b8830bc894c89659
18,discovery,4,49,3,29,number_tokens,2.25,-1.75,-1.75,0.0,False,False,meta-llama/Meta-Llama-3.1-8B-Instruct,0e9e39f249a16976918f6564b8830bc894c89659
18,discovery,4,49,3,29,random_positions,2.25,-1.75,-1.75,0.0,False,False,meta-llama/Meta-Llama-3.1-8B-Instruct,0e9e39f249a16976918f6564b8830bc894c89659
18,discovery,4,49,3,30,answer_position,2.25,-1.75,2.375,4.125,False,True,meta-llama/Meta-Llama-3.1-8B-Instruct,0e9e39f249a16976918f6564b8830bc894c89659
18,discovery,4,49,3,30,number_tokens,2.25,-1.75,-1.75,0.0,False,False,meta-llama/Meta-Llama-3.1-8B-Instruct,0e9e39f249a16976918f6564b8830bc894c89659
18,discovery,4,49,3,30,random_positions,2.25,-1.75,-1.75,0.0,False,False,meta-llama/Meta-Llama-3.1-8B-Instruct,0e9e39f249a16976918f6564b8830bc894c89659
18,discovery,4,49,3,31,answer_position,2.25,-1.75,2.25,4.0,False,True,meta-llama/Meta-Llama-3.1-8B-Instruct,0e9e39f249a16976918f6564b8830bc894c89659
18,discovery,4,49,3,31,number_tokens,2.25,-1.75,-1.75,0.0,False,False,meta-llama/Meta-Llama-3.1-8B-Instruct,0e9e39f249a16976918f6564b8830bc894c89659
18,discovery,4,49,3,31,random_positions,2.25,-1.75,-1.75,0.0,False,False,meta-llama/Meta-Llama-3.1-8B-Instruct,0e9e39f249a16976918f6564b8830bc894c89659
19,discovery,4,50,4,0,answer_position,2.0,-0.75,-0.625,0.125,False,False,meta-llama/Meta-Llama-3.1-8B-Instruct,0e9e39f249a16976918f6564b8830bc894c89659
19,discovery,4,50,4,0,number_tokens,2.0,-0.75,-0.625,0.125,False,False,meta-llama/Meta-Llama-3.1-8B-Instruct,0e9e39f249a16976918f6564b8830bc894c89659
19,discovery,4,50,4,0,random_positions,2.0,-0.75,-0.75,0.0,False,False,meta-llama/Meta-Llama-3.1-8B-Instruct,0e9e39f249a16976918f6564b8830bc894c89659
19,discovery,4,50,4,1,answer_position,2.0,-0.75,-0.625,0.125,False,False,meta-llama/Meta-Llama-3.1-8B-Instruct,0e9e39f249a16976918f6564b8830bc894c89659
19,discovery,4,50,4,1,number_tokens,2.0,-0.75,-0.875,-0.125,False,False,meta-llama/Meta-Llama-3.1-8B-Instruct,0e9e39f249a16976918f6564b8830bc894c89659
19,discovery,4,50,4,1,random_positions,2.0,-0.75,-0.625,0.125,False,False,meta-llama/Meta-Llama-3.1-8B-Instruct,0e9e39f249a16976918f6564b8830bc894c89659
19,discovery,4,50,4,2,answer_position,2.0,-0.75,-0.625,0.125,False,False,meta-llama/Meta-Llama-3.1-8B-Instruct,0e9e39f249a16976918f6564b8830bc894c89659
19,discovery,4,50,4,2,number_tokens,2.0,-0.75,-2.25,-1.5,False,False,meta-llama/Meta-Llama-3.1-8B-Instruct,0e9e39f249a16976918f6564b8830bc894c89659
19,discovery,4,50,4,2,random_positions,2.0,-0.75,-0.625,0.125,False,False,meta-llama/Meta-Llama-3.1-8B-Instruct,0e9e39f249a16976918f6564b8830bc894c89659
19,discovery,4,50,4,3,answer_position,2.0,-0.75,-0.625,0.125,False,False,meta-llama/Meta-Llama-3.1-8B-Instruct,0e9e39f249a16976918f6564b8830bc894c89659
19,discovery,4,50,4,3,number_tokens,2.0,-0.75,-2.25,-1.5,False,False,meta-llama/Meta-Llama-3.1-8B-Instruct,0e9e39f249a16976918f6564b8830bc894c89659
19,discovery,4,50,4,3,random_positions,2.0,-0.75,-0.625,0.125,False,False,meta-llama/Meta-Llama-3.1-8B-Instruct,0e9e39f249a16976918f6564b8830bc894c89659
19,discovery,4,50,4,4,answer_position,2.0,-0.75,-0.75,0.0,False,False,meta-llama/Meta-Llama-3.1-8B-Instruct,0e9e39f249a16976918f6564b8830bc894c89659
19,discovery,4,50,4,4,number_tokens,2.0,-0.75,-1.625,-0.875,False,False,meta-llama/Meta-Llama-3.1-8B-Instruct,0e9e39f249a16976918f6564b8830bc894c89659
19,discovery,4,50,4,4,random_positions,2.0,-0.75,-0.625,0.125,False,False,meta-llama/Meta-Llama-3.1-8B-Instruct,0e9e39f249a16976918f6564b8830bc894c89659
19,discovery,4,50,4,5,answer_position,2.0,-0.75,-0.625,0.125,False,False,meta-llama/Meta-Llama-3.1-8B-Instruct,0e9e39f249a16976918f6564b8830bc894c89659
19,discovery,4,50,4,5,number_tokens,2.0,-0.75,-3.125,-2.375,False,False,meta-llama/Meta-Llama-3.1-8B-Instruct,0e9e39f249a16976918f6564b8830bc894c89659
19,discovery,4,50,4,5,random_positions,2.0,-0.75,-0.625,0.125,False,False,meta-llama/Meta-Llama-3.1-8B-Instruct,0e9e39f249a16976918f6564b8830bc894c89659
19,discovery,4,50,4,6,answer_position,2.0,-0.75,-0.75,0.0,False,False,meta-llama/Meta-Llama-3.1-8B-Instruct,0e9e39f249a16976918f6564b8830bc894c89659
19,discovery,4,50,4,6,number_tokens,2.0,-0.75,-2.625,-1.875,False,False,meta-llama/Meta-Llama-3.1-8B-Instruct,0e9e39f249a16976918f6564b8830bc894c89659
19,discovery,4,50,4,6,random_positions,2.0,-0.75,-0.75,0.0,False,False,meta-llama/Meta-Llama-3.1-8B-Instruct,0e9e39f249a16976918f6564b8830bc894c89659
19,discovery,4,50,4,7,answer_position,2.0,-0.75,-0.75,0.0,False,False,meta-llama/Meta-Llama-3.1-8B-Instruct,0e9e39f249a16976918f6564b8830bc894c89659
19,discovery,4,50,4,7,number_tokens,2.0,-0.75,-1.625,-0.875,False,False,meta-llama/Meta-Llama-3.1-8B-Instruct,0e9e39f249a16976918f6564b8830bc894c89659
19,discovery,4,50,4,7,random_positions,2.0,-0.75,-0.625,0.125,False,False,meta-llama/Meta-Llama-3.1-8B-Instruct,0e9e39f249a16976918f6564b8830bc894c89659
19,discovery,4,50,4,8,answer_position,2.0,-0.75,-0.75,0.0,False,False,meta-llama/Meta-Llama-3.1-8B-Instruct,0e9e39f249a16976918f6564b8830bc894c89659
19,discovery,4,50,4,8,number_tokens,2.0,-0.75,-0.625,0.125,False,False,meta-llama/Meta-Llama-3.1-8B-Instruct,0e9e39f249a16976918f6564b8830bc894c89659
19,discovery,4,50,4,8,random_positions,2.0,-0.75,-0.75,0.0,False,False,meta-llama/Meta-Llama-3.1-8B-Instruct,0e9e39f249a16976918f6564b8830bc894c89659
19,discovery,4,50,4,9,answer_position,2.0,-0.75,-0.625,0.125,False,False,meta-llama/Meta-Llama-3.1-8B-Instruct,0e9e39f249a16976918f6564b8830bc894c89659
19,discovery,4,50,4,9,number_tokens,2.0,-0.75,-0.625,0.125,False,False,meta-llama/Meta-Llama-3.1-8B-Instruct,0e9e39f249a16976918f6564b8830bc894c89659
19,discovery,4,50,4,9,random_positions,2.0,-0.75,-0.625,0.125,False,False,meta-llama/Meta-Llama-3.1-8B-Instruct,0e9e39f249a16976918f6564b8830bc894c89659
19,discovery,4,50,4,10,answer_position,2.0,-0.75,-0.625,0.125,False,False,meta-llama/Meta-Llama-3.1-8B-Instruct,0e9e39f249a16976918f6564b8830bc894c89659
19,discovery,4,50,4,10,number_tokens,2.0,-0.75,-0.5,0.25,False,False,meta-llama/Meta-Llama-3.1-8B-Instruct,0e9e39f249a16976918f6564b8830bc894c89659
19,discovery,4,50,4,10,random_positions,2.0,-0.75,-0.625,0.125,False,False,meta-llama/Meta-Llama-3.1-8B-Instruct,0e9e39f249a16976918f6564b8830bc894c89659
19,discovery,4,50,4,11,answer_position,2.0,-0.75,-0.75,0.0,False,False,meta-llama/Meta-Llama-3.1-8B-Instruct,0e9e39f249a16976918f6564b8830bc894c89659
19,discovery,4,50,4,11,number_tokens,2.0,-0.75,-0.875,-0.125,False,False,meta-llama/Meta-Llama-3.1-8B-Instruct,0e9e39f249a16976918f6564b8830bc894c89659
19,discovery,4,50,4,11,random_positions,2.0,-0.75,-0.625,0.125,False,False,meta-llama/Meta-Llama-3.1-8B-Instruct,0e9e39f249a16976918f6564b8830bc894c89659
19,discovery,4,50,4,12,answer_position,2.0,-0.75,-0.625,0.125,False,False,meta-llama/Meta-Llama-3.1-8B-Instruct,0e9e39f249a16976918f6564b8830bc894c89659
19,discovery,4,50,4,12,number_tokens,2.0,-0.75,-0.875,-0.125,False,False,meta-llama/Meta-Llama-3.1-8B-Instruct,0e9e39f249a16976918f6564b8830bc894c89659
19,discovery,4,50,4,12,random_positions,2.0,-0.75,-0.75,0.0,False,False,meta-llama/Meta-Llama-3.1-8B-Instruct,0e9e39f249a16976918f6564b8830bc894c89659
19,discovery,4,50,4,13,answer_position,2.0,-0.75,-0.375,0.375,False,False,meta-llama/Meta-Llama-3.1-8B-Instruct,0e9e39f249a16976918f6564b8830bc894c89659
19,discovery,4,50,4,13,number_tokens,2.0,-0.75,-0.75,0.0,False,False,meta-llama/Meta-Llama-3.1-8B-Instruct,0e9e39f249a16976918f6564b8830bc894c89659
19,discovery,4,50,4,13,random_positions,2.0,-0.75,-0.375,0.375,False,False,meta-llama/Meta-Llama-3.1-8B-Instruct,0e9e39f249a16976918f6564b8830bc894c89659
19,discovery,4,50,4,14,answer_position,2.0,-0.75,0.0,0.75,False,False,meta-llama/Meta-Llama-3.1-8B-Instruct,0e9e39f249a16976918f6564b8830bc894c89659
19,discovery,4,50,4,14,number_tokens,2.0,-0.75,-0.75,0.0,False,False,meta-llama/Meta-Llama-3.1-8B-Instruct,0e9e39f249a16976918f6564b8830bc894c89659
19,discovery,4,50,4,14,random_positions,2.0,-0.75,-0.5,0.25,False,False,meta-llama/Meta-Llama-3.1-8B-Instruct,0e9e39f249a16976918f6564b8830bc894c89659
19,discovery,4,50,4,15,answer_position,2.0,-0.75,0.5,1.25,False,True,meta-llama/Meta-Llama-3.1-8B-Instruct,0e9e39f249a16976918f6564b8830bc894c89659
19,discovery,4,50,4,15,number_tokens,2.0,-0.75,-0.875,-0.125,False,False,meta-llama/Meta-Llama-3.1-8B-Instruct,0e9e39f249a16976918f6564b8830bc894c89659
19,discovery,4,50,4,15,random_positions,2.0,-0.75,-0.375,0.375,False,False,meta-llama/Meta-Llama-3.1-8B-Instruct,0e9e39f249a16976918f6564b8830bc894c89659
19,discovery,4,50,4,16,answer_position,2.0,-0.75,-0.625,0.125,False,False,meta-llama/Meta-Llama-3.1-8B-Instruct,0e9e39f249a16976918f6564b8830bc894c89659
19,discovery,4,50,4,16,number_tokens,2.0,-0.75,-0.75,0.0,False,False,meta-llama/Meta-Llama-3.1-8B-Instruct,0e9e39f249a16976918f6564b8830bc894c89659
19,discovery,4,50,4,16,random_positions,2.0,-0.75,-0.375,0.375,False,False,meta-llama/Meta-Llama-3.1-8B-Instruct,0e9e39f249a16976918f6564b8830bc894c89659
19,discovery,4,50,4,17,answer_position,2.0,-0.75,1.875,2.625,False,True,meta-llama/Meta-Llama-3.1-8B-Instruct,0e9e39f249a16976918f6564b8830bc894c89659
19,discovery,4,50,4,17,number_tokens,2.0,-0.75,-0.75,0.0,False,False,meta-llama/Meta-Llama-3.1-8B-Instruct,0e9e39f249a16976918f6564b8830bc894c89659
19,discovery,4,50,4,17,random_positions,2.0,-0.75,-0.625,0.125,False,False,meta-llama/Meta-Llama-3.1-8B-Instruct,0e9e39f249a16976918f6564b8830bc894c89659
19,discovery,4,50,4,18,answer_position,2.0,-0.75,1.75,2.5,False,True,meta-llama/Meta-Llama-3.1-8B-Instruct,0e9e39f249a16976918f6564b8830bc894c89659
19,discovery,4,50,4,18,number_tokens,2.0,-0.75,-0.75,0.0,False,False,meta-llama/Meta-Llama-3.1-8B-Instruct,0e9e39f249a16976918f6564b8830bc894c89659
19,discovery,4,50,4,18,random_positions,2.0,-0.75,-0.625,0.125,False,False,meta-llama/Meta-Llama-3.1-8B-Instruct,0e9e39f249a16976918f6564b8830bc894c89659
19,discovery,4,50,4,19,answer_position,2.0,-0.75,1.75,2.5,False,True,meta-llama/Meta-Llama-3.1-8B-Instruct,0e9e39f249a16976918f6564b8830bc894c89659
19,discovery,4,50,4,19,number_tokens,2.0,-0.75,-0.75,0.0,False,False,meta-llama/Meta-Llama-3.1-8B-Instruct,0e9e39f249a16976918f6564b8830bc894c89659
19,discovery,4,50,4,19,random_positions,2.0,-0.75,-0.625,0.125,False,False,meta-llama/Meta-Llama-3.1-8B-Instruct,0e9e39f249a16976918f6564b8830bc894c89659
19,discovery,4,50,4,20,answer_position,2.0,-0.75,1.75,2.5,False,True,meta-llama/Meta-Llama-3.1-8B-Instruct,0e9e39f249a16976918f6564b8830bc894c89659
19,discovery,4,50,4,20,number_tokens,2.0,-0.75,-0.625,0.125,False,False,meta-llama/Meta-Llama-3.1-8B-Instruct,0e9e39f249a16976918f6564b8830bc894c89659
19,discovery,4,50,4,20,random_positions,2.0,-0.75,-0.625,0.125,False,False,meta-llama/Meta-Llama-3.1-8B-Instruct,0e9e39f249a16976918f6564b8830bc894c89659
19,discovery,4,50,4,21,answer_position,2.0,-0.75,1.875,2.625,False,True,meta-llama/Meta-Llama-3.1-8B-Instruct,0e9e39f249a16976918f6564b8830bc894c89659
19,discovery,4,50,4,21,number_tokens,2.0,-0.75,-0.75,0.0,False,False,meta-llama/Meta-Llama-3.1-8B-Instruct,0e9e39f249a16976918f6564b8830bc894c89659
19,discovery,4,50,4,21,random_positions,2.0,-0.75,-0.625,0.125,False,False,meta-llama/Meta-Llama-3.1-8B-Instruct,0e9e39f249a16976918f6564b8830bc894c89659
19,discovery,4,50,4,22,answer_position,2.0,-0.75,1.75,2.5,False,True,meta-llama/Meta-Llama-3.1-8B-Instruct,0e9e39f249a16976918f6564b8830bc894c89659
19,discovery,4,50,4,22,number_tokens,2.0,-0.75,-0.75,0.0,False,False,meta-llama/Meta-Llama-3.1-8B-Instruct,0e9e39f249a16976918f6564b8830bc894c89659
19,discovery,4,50,4,22,random_positions,2.0,-0.75,-0.75,0.0,False,False,meta-llama/Meta-Llama-3.1-8B-Instruct,0e9e39f249a16976918f6564b8830bc894c89659
19,discovery,4,50,4,23,answer_position,2.0,-0.75,1.875,2.625,False,True,meta-llama/Meta-Llama-3.1-8B-Instruct,0e9e39f249a16976918f6564b8830bc894c89659
19,discovery,4,50,4,23,number_tokens,2.0,-0.75,-0.75,0.0,False,False,meta-llama/Meta-Llama-3.1-8B-Instruct,0e9e39f249a16976918f6564b8830bc894c89659
19,discovery,4,50,4,23,random_positions,2.0,-0.75,-0.75,0.0,False,False,meta-llama/Meta-Llama-3.1-8B-Instruct,0e9e39f249a16976918f6564b8830bc894c89659
19,discovery,4,50,4,24,answer_position,2.0,-0.75,1.875,2.625,False,True,meta-llama/Meta-Llama-3.1-8B-Instruct,0e9e39f249a16976918f6564b8830bc894c89659
19,discovery,4,50,4,24,number_tokens,2.0,-0.75,-0.875,-0.125,False,False,meta-llama/Meta-Llama-3.1-8B-Instruct,0e9e39f249a16976918f6564b8830bc894c89659
19,discovery,4,50,4,24,random_positions,2.0,-0.75,-0.75,0.0,False,False,meta-llama/Meta-Llama-3.1-8B-Instruct,0e9e39f249a16976918f6564b8830bc894c89659
19,discovery,4,50,4,25,answer_position,2.0,-0.75,1.875,2.625,False,True,meta-llama/Meta-Llama-3.1-8B-Instruct,0e9e39f249a16976918f6564b8830bc894c89659
19,discovery,4,50,4,25,number_tokens,2.0,-0.75,-0.75,0.0,False,False,meta-llama/Meta-Llama-3.1-8B-Instruct,0e9e39f249a16976918f6564b8830bc894c89659
19,discovery,4,50,4,25,random_positions,2.0,-0.75,-0.75,0.0,False,False,meta-llama/Meta-Llama-3.1-8B-Instruct,0e9e39f249a16976918f6564b8830bc894c89659
19,discovery,4,50,4,26,answer_position,2.0,-0.75,1.875,2.625,False,True,meta-llama/Meta-Llama-3.1-8B-Instruct,0e9e39f249a16976918f6564b8830bc894c89659
19,discovery,4,50,4,26,number_tokens,2.0,-0.75,-0.75,0.0,False,False,meta-llama/Meta-Llama-3.1-8B-Instruct,0e9e39f249a16976918f6564b8830bc894c89659
19,discovery,4,50,4,26,random_positions,2.0,-0.75,-0.625,0.125,False,False,meta-llama/Meta-Llama-3.1-8B-Instruct,0e9e39f249a16976918f6564b8830bc894c89659
19,discovery,4,50,4,27,answer_position,2.0,-0.75,1.875,2.625,False,True,meta-llama/Meta-Llama-3.1-8B-Instruct,0e9e39f249a16976918f6564b8830bc894c89659
19,discovery,4,50,4,27,number_tokens,2.0,-0.75,-0.75,0.0,False,False,meta-llama/Meta-Llama-3.1-8B-Instruct,0e9e39f249a16976918f6564b8830bc894c89659
19,discovery,4,50,4,27,random_positions,2.0,-0.75,-0.75,0.0,False,False,meta-llama/Meta-Llama-3.1-8B-Instruct,0e9e39f249a16976918f6564b8830bc894c89659
19,discovery,4,50,4,28,answer_position,2.0,-0.75,1.875,2.625,False,True,meta-llama/Meta-Llama-3.1-8B-Instruct,0e9e39f249a16976918f6564b8830bc894c89659
19,discovery,4,50,4,28,number_tokens,2.0,-0.75,-0.75,0.0,False,False,meta-llama/Meta-Llama-3.1-8B-Instruct,0e9e39f249a16976918f6564b8830bc894c89659
19,discovery,4,50,4,28,random_positions,2.0,-0.75,-0.75,0.0,False,False,meta-llama/Meta-Llama-3.1-8B-Instruct,0e9e39f249a16976918f6564b8830bc894c89659
19,discovery,4,50,4,29,answer_position,2.0,-0.75,1.875,2.625,False,True,meta-llama/Meta-Llama-3.1-8B-Instruct,0e9e39f249a16976918f6564b8830bc894c89659
19,discovery,4,50,4,29,number_tokens,2.0,-0.75,-0.75,0.0,False,False,meta-llama/Meta-Llama-3.1-8B-Instruct,0e9e39f249a16976918f6564b8830bc894c89659
19,discovery,4,50,4,29,random_positions,2.0,-0.75,-0.625,0.125,False,False,meta-llama/Meta-Llama-3.1-8B-Instruct,0e9e39f249a16976918f6564b8830bc894c89659
19,discovery,4,50,4,30,answer_position,2.0,-0.75,2.0,2.75,False,True,meta-llama/Meta-Llama-3.1-8B-Instruct,0e9e39f249a16976918f6564b8830bc894c89659
19,discovery,4,50,4,30,number_tokens,2.0,-0.75,-0.75,0.0,False,False,meta-llama/Meta-Llama-3.1-8B-Instruct,0e9e39f249a16976918f6564b8830bc894c89659
19,discovery,4,50,4,30,random_positions,2.0,-0.75,-0.75,0.0,False,False,meta-llama/Meta-Llama-3.1-8B-Instruct,0e9e39f249a16976918f6564b8830bc894c89659
19,discovery,4,50,4,31,answer_position,2.0,-0.75,2.0,2.75,False,True,meta-llama/Meta-Llama-3.1-8B-Instruct,0e9e39f249a16976918f6564b8830bc894c89659
19,discovery,4,50,4,31,number_tokens,2.0,-0.75,-0.75,0.0,False,False,meta-llama/Meta-Llama-3.1-8B-Instruct,0e9e39f249a16976918f6564b8830bc894c89659
19,discovery,4,50,4,31,random_positions,2.0,-0.75,-0.75,0.0,False,False,meta-llama/Meta-Llama-3.1-8B-Instruct,0e9e39f249a16976918f6564b8830bc894c89659
20,heldout,5,50,4,0,answer_position,2.5,-0.75,-0.75,0.0,False,False,meta-llama/Meta-Llama-3.1-8B-Instruct,0e9e39f249a16976918f6564b8830bc894c89659
20,heldout,5,50,4,0,number_tokens,2.5,-0.75,-0.625,0.125,False,False,meta-llama/Meta-Llama-3.1-8B-Instruct,0e9e39f249a16976918f6564b8830bc894c89659
20,heldout,5,50,4,0,random_positions,2.5,-0.75,-0.75,0.0,False,False,meta-llama/Meta-Llama-3.1-8B-Instruct,0e9e39f249a16976918f6564b8830bc894c89659
20,heldout,5,50,4,1,answer_position,2.5,-0.75,-0.75,0.0,False,False,meta-llama/Meta-Llama-3.1-8B-Instruct,0e9e39f249a16976918f6564b8830bc894c89659
20,heldout,5,50,4,1,number_tokens,2.5,-0.75,-1.0,-0.25,False,False,meta-llama/Meta-Llama-3.1-8B-Instruct,0e9e39f249a16976918f6564b8830bc894c89659
20,heldout,5,50,4,1,random_positions,2.5,-0.75,-0.75,0.0,False,False,meta-llama/Meta-Llama-3.1-8B-Instruct,0e9e39f249a16976918f6564b8830bc894c89659
20,heldout,5,50,4,2,answer_position,2.5,-0.75,-0.75,0.0,False,False,meta-llama/Meta-Llama-3.1-8B-Instruct,0e9e39f249a16976918f6564b8830bc894c89659
20,heldout,5,50,4,2,number_tokens,2.5,-0.75,-2.625,-1.875,False,False,meta-llama/Meta-Llama-3.1-8B-Instruct,0e9e39f249a16976918f6564b8830bc894c89659
20,heldout,5,50,4,2,random_positions,2.5,-0.75,-0.625,0.125,False,False,meta-llama/Meta-Llama-3.1-8B-Instruct,0e9e39f249a16976918f6564b8830bc894c89659
20,heldout,5,50,4,3,answer_position,2.5,-0.75,-0.75,0.0,False,False,meta-llama/Meta-Llama-3.1-8B-Instruct,0e9e39f249a16976918f6564b8830bc894c89659
20,heldout,5,50,4,3,number_tokens,2.5,-0.75,-3.5,-2.75,False,False,meta-llama/Meta-Llama-3.1-8B-Instruct,0e9e39f249a16976918f6564b8830bc894c89659
20,heldout,5,50,4,3,random_positions,2.5,-0.75,-0.75,0.0,False,False,meta-llama/Meta-Llama-3.1-8B-Instruct,0e9e39f249a16976918f6564b8830bc894c89659
20,heldout,5,50,4,4,answer_position,2.5,-0.75,-0.75,0.0,False,False,meta-llama/Meta-Llama-3.1-8B-Instruct,0e9e39f249a16976918f6564b8830bc894c89659
20,heldout,5,50,4,4,number_tokens,2.5,-0.75,-3.0,-2.25,False,False,meta-llama/Meta-Llama-3.1-8B-Instruct,0e9e39f249a16976918f6564b8830bc894c89659
20,heldout,5,50,4,4,random_positions,2.5,-0.75,-0.75,0.0,False,False,meta-llama/Meta-Llama-3.1-8B-Instruct,0e9e39f249a16976918f6564b8830bc894c89659
20,heldout,5,50,4,5,answer_position,2.5,-0.75,-0.75,0.0,False,False,meta-llama/Meta-Llama-3.1-8B-Instruct,0e9e39f249a16976918f6564b8830bc894c89659
20,heldout,5,50,4,5,number_tokens,2.5,-0.75,-3.125,-2.375,False,False,meta-llama/Meta-Llama-3.1-8B-Instruct,0e9e39f249a16976918f6564b8830bc894c89659
20,heldout,5,50,4,5,random_positions,2.5,-0.75,-0.75,0.0,False,False,meta-llama/Meta-Llama-3.1-8B-Instruct,0e9e39f249a16976918f6564b8830bc894c89659
20,heldout,5,50,4,6,answer_position,2.5,-0.75,-0.75,0.0,False,False,meta-llama/Meta-Llama-3.1-8B-Instruct,0e9e39f249a16976918f6564b8830bc894c89659
20,heldout,5,50,4,6,number_tokens,2.5,-0.75,-2.25,-1.5,False,False,meta-llama/Meta-Llama-3.1-8B-Instruct,0e9e39f249a16976918f6564b8830bc894c89659
20,heldout,5,50,4,6,random_positions,2.5,-0.75,-0.75,0.0,False,False,meta-llama/Meta-Llama-3.1-8B-Instruct,0e9e39f249a16976918f6564b8830bc894c89659
20,heldout,5,50,4,7,answer_position,2.5,-0.75,-0.75,0.0,False,False,meta-llama/Meta-Llama-3.1-8B-Instruct,0e9e39f249a16976918f6564b8830bc894c89659
20,heldout,5,50,4,7,number_tokens,2.5,-0.75,-1.125,-0.375,False,False,meta-llama/Meta-Llama-3.1-8B-Instruct,0e9e39f249a16976918f6564b8830bc894c89659
20,heldout,5,50,4,7,random_positions,2.5,-0.75,-0.75,0.0,False,False,meta-llama/Meta-Llama-3.1-8B-Instruct,0e9e39f249a16976918f6564b8830bc894c89659
20,heldout,5,50,4,8,answer_position,2.5,-0.75,-0.75,0.0,False,False,meta-llama/Meta-Llama-3.1-8B-Instruct,0e9e39f249a16976918f6564b8830bc894c89659
20,heldout,5,50,4,8,number_tokens,2.5,-0.75,0.25,1.0,False,True,meta-llama/Meta-Llama-3.1-8B-Instruct,0e9e39f249a16976918f6564b8830bc894c89659
20,heldout,5,50,4,8,random_positions,2.5,-0.75,-0.75,0.0,False,False,meta-llama/Meta-Llama-3.1-8B-Instruct,0e9e39f249a16976918f6564b8830bc894c89659
20,heldout,5,50,4,9,answer_position,2.5,-0.75,-0.75,0.0,False,False,meta-llama/Meta-Llama-3.1-8B-Instruct,0e9e39f249a16976918f6564b8830bc894c89659
20,heldout,5,50,4,9,number_tokens,2.5,-0.75,0.0,0.75,False,False,meta-llama/Meta-Llama-3.1-8B-Instruct,0e9e39f249a16976918f6564b8830bc894c89659
20,heldout,5,50,4,9,random_positions,2.5,-0.75,-0.75,0.0,False,False,meta-llama/Meta-Llama-3.1-8B-Instruct,0e9e39f249a16976918f6564b8830bc894c89659
20,heldout,5,50,4,10,answer_position,2.5,-0.75,-0.75,0.0,False,False,meta-llama/Meta-Llama-3.1-8B-Instruct,0e9e39f249a16976918f6564b8830bc894c89659
20,heldout,5,50,4,10,number_tokens,2.5,-0.75,-0.125,0.625,False,False,meta-llama/Meta-Llama-3.1-8B-Instruct,0e9e39f249a16976918f6564b8830bc894c89659
20,heldout,5,50,4,10,random_positions,2.5,-0.75,-0.625,0.125,False,False,meta-llama/Meta-Llama-3.1-8B-Instruct,0e9e39f249a16976918f6564b8830bc894c89659
20,heldout,5,50,4,11,answer_position,2.5,-0.75,-0.75,0.0,False,False,meta-llama/Meta-Llama-3.1-8B-Instruct,0e9e39f249a16976918f6564b8830bc894c89659
20,heldout,5,50,4,11,number_tokens,2.5,-0.75,-0.375,0.375,False,False,meta-llama/Meta-Llama-3.1-8B-Instruct,0e9e39f249a16976918f6564b8830bc894c89659
20,heldout,5,50,4,11,random_positions,2.5,-0.75,-0.75,0.0,False,False,meta-llama/Meta-Llama-3.1-8B-Instruct,0e9e39f249a16976918f6564b8830bc894c89659
20,heldout,5,50,4,12,answer_position,2.5,-0.75,-0.625,0.125,False,False,meta-llama/Meta-Llama-3.1-8B-Instruct,0e9e39f249a16976918f6564b8830bc894c89659
20,heldout,5,50,4,12,number_tokens,2.5,-0.75,-0.375,0.375,False,False,meta-llama/Meta-Llama-3.1-8B-Instruct,0e9e39f249a16976918f6564b8830bc894c89659
20,heldout,5,50,4,12,random_positions,2.5,-0.75,-0.625,0.125,False,False,meta-llama/Meta-Llama-3.1-8B-Instruct,0e9e39f249a16976918f6564b8830bc894c89659
20,heldout,5,50,4,13,answer_position,2.5,-0.75,-0.375,0.375,False,False,meta-llama/Meta-Llama-3.1-8B-Instruct,0e9e39f249a16976918f6564b8830bc894c89659
20,heldout,5,50,4,13,number_tokens,2.5,-0.75,-0.625,0.125,False,False,meta-llama/Meta-Llama-3.1-8B-Instruct,0e9e39f249a16976918f6564b8830bc894c89659
20,heldout,5,50,4,13,random_positions,2.5,-0.75,-0.75,0.0,False,False,meta-llama/Meta-Llama-3.1-8B-Instruct,0e9e39f249a16976918f6564b8830bc894c89659
20,heldout,5,50,4,14,answer_position,2.5,-0.75,-0.125,0.625,False,False,meta-llama/Meta-Llama-3.1-8B-Instruct,0e9e39f249a16976918f6564b8830bc894c89659
20,heldout,5,50,4,14,number_tokens,2.5,-0.75,-0.625,0.125,False,False,meta-llama/Meta-Llama-3.1-8B-Instruct,0e9e39f249a16976918f6564b8830bc894c89659
20,heldout,5,50,4,14,random_positions,2.5,-0.75,-0.75,0.0,False,False,meta-llama/Meta-Llama-3.1-8B-Instruct,0e9e39f249a16976918f6564b8830bc894c89659
20,heldout,5,50,4,15,answer_position,2.5,-0.75,0.75,1.5,False,True,meta-llama/Meta-Llama-3.1-8B-Instruct,0e9e39f249a16976918f6564b8830bc894c89659
20,heldout,5,50,4,15,number_tokens,2.5,-0.75,-0.875,-0.125,False,False,meta-llama/Meta-Llama-3.1-8B-Instruct,0e9e39f249a16976918f6564b8830bc894c89659
20,heldout,5,50,4,15,random_positions,2.5,-0.75,-0.75,0.0,False,False,meta-llama/Meta-Llama-3.1-8B-Instruct,0e9e39f249a16976918f6564b8830bc894c89659
20,heldout,5,50,4,16,answer_position,2.5,-0.75,-0.375,0.375,False,False,meta-llama/Meta-Llama-3.1-8B-Instruct,0e9e39f249a16976918f6564b8830bc894c89659
20,heldout,5,50,4,16,number_tokens,2.5,-0.75,-0.75,0.0,False,False,meta-llama/Meta-Llama-3.1-8B-Instruct,0e9e39f249a16976918f6564b8830bc894c89659
20,heldout,5,50,4,16,random_positions,2.5,-0.75,-0.75,0.0,False,False,meta-llama/Meta-Llama-3.1-8B-Instruct,0e9e39f249a16976918f6564b8830bc894c89659
20,heldout,5,50,4,17,answer_position,2.5,-0.75,2.125,2.875,False,True,meta-llama/Meta-Llama-3.1-8B-Instruct,0e9e39f249a16976918f6564b8830bc894c89659
20,heldout,5,50,4,17,number_tokens,2.5,-0.75,-0.75,0.0,False,False,meta-llama/Meta-Llama-3.1-8B-Instruct,0e9e39f249a16976918f6564b8830bc894c89659
20,heldout,5,50,4,17,random_positions,2.5,-0.75,-0.75,0.0,False,False,meta-llama/Meta-Llama-3.1-8B-Instruct,0e9e39f249a16976918f6564b8830bc894c89659
20,heldout,5,50,4,18,answer_position,2.5,-0.75,2.375,3.125,False,True,meta-llama/Meta-Llama-3.1-8B-Instruct,0e9e39f249a16976918f6564b8830bc894c89659
20,heldout,5,50,4,18,number_tokens,2.5,-0.75,-0.625,0.125,False,False,meta-llama/Meta-Llama-3.1-8B-Instruct,0e9e39f249a16976918f6564b8830bc894c89659
20,heldout,5,50,4,18,random_positions,2.5,-0.75,-0.75,0.0,False,False,meta-llama/Meta-Llama-3.1-8B-Instruct,0e9e39f249a16976918f6564b8830bc894c89659
20,heldout,5,50,4,19,answer_position,2.5,-0.75,2.375,3.125,False,True,meta-llama/Meta-Llama-3.1-8B-Instruct,0e9e39f249a16976918f6564b8830bc894c89659
20,heldout,5,50,4,19,number_tokens,2.5,-0.75,-0.625,0.125,False,False,meta-llama/Meta-Llama-3.1-8B-Instruct,0e9e39f249a16976918f6564b8830bc894c89659
20,heldout,5,50,4,19,random_positions,2.5,-0.75,-0.75,0.0,False,False,meta-llama/Meta-Llama-3.1-8B-Instruct,0e9e39f249a16976918f6564b8830bc894c89659
20,heldout,5,50,4,20,answer_position,2.5,-0.75,2.375,3.125,False,True,meta-llama/Meta-Llama-3.1-8B-Instruct,0e9e39f249a16976918f6564b8830bc894c89659
20,heldout,5,50,4,20,number_tokens,2.5,-0.75,-0.75,0.0,False,False,meta-llama/Meta-Llama-3.1-8B-Instruct,0e9e39f249a16976918f6564b8830bc894c89659
20,heldout,5,50,4,20,random_positions,2.5,-0.75,-0.75,0.0,False,False,meta-llama/Meta-Llama-3.1-8B-Instruct,0e9e39f249a16976918f6564b8830bc894c89659
20,heldout,5,50,4,21,answer_position,2.5,-0.75,2.375,3.125,False,True,meta-llama/Meta-Llama-3.1-8B-Instruct,0e9e39f249a16976918f6564b8830bc894c89659
20,heldout,5,50,4,21,number_tokens,2.5,-0.75,-0.625,0.125,False,False,meta-llama/Meta-Llama-3.1-8B-Instruct,0e9e39f249a16976918f6564b8830bc894c89659
20,heldout,5,50,4,21,random_positions,2.5,-0.75,-0.75,0.0,False,False,meta-llama/Meta-Llama-3.1-8B-Instruct,0e9e39f249a16976918f6564b8830bc894c89659
20,heldout,5,50,4,22,answer_position,2.5,-0.75,2.375,3.125,False,True,meta-llama/Meta-Llama-3.1-8B-Instruct,0e9e39f249a16976918f6564b8830bc894c89659
20,heldout,5,50,4,22,number_tokens,2.5,-0.75,-0.625,0.125,False,False,meta-llama/Meta-Llama-3.1-8B-Instruct,0e9e39f249a16976918f6564b8830bc894c89659
20,heldout,5,50,4,22,random_positions,2.5,-0.75,-0.625,0.125,False,False,meta-llama/Meta-Llama-3.1-8B-Instruct,0e9e39f249a16976918f6564b8830bc894c89659
20,heldout,5,50,4,23,answer_position,2.5,-0.75,2.375,3.125,False,True,meta-llama/Meta-Llama-3.1-8B-Instruct,0e9e39f249a16976918f6564b8830bc894c89659
20,heldout,5,50,4,23,number_tokens,2.5,-0.75,-0.625,0.125,False,False,meta-llama/Meta-Llama-3.1-8B-Instruct,0e9e39f249a16976918f6564b8830bc894c89659
20,heldout,5,50,4,23,random_positions,2.5,-0.75,-0.625,0.125,False,False,meta-llama/Meta-Llama-3.1-8B-Instruct,0e9e39f249a16976918f6564b8830bc894c89659
20,heldout,5,50,4,24,answer_position,2.5,-0.75,2.375,3.125,False,True,meta-llama/Meta-Llama-3.1-8B-Instruct,0e9e39f249a16976918f6564b8830bc894c89659
20,heldout,5,50,4,24,number_tokens,2.5,-0.75,-0.75,0.0,False,False,meta-llama/Meta-Llama-3.1-8B-Instruct,0e9e39f249a16976918f6564b8830bc894c89659
20,heldout,5,50,4,24,random_positions,2.5,-0.75,-0.625,0.125,False,False,meta-llama/Meta-Llama-3.1-8B-Instruct,0e9e39f249a16976918f6564b8830bc894c89659
20,heldout,5,50,4,25,answer_position,2.5,-0.75,2.375,3.125,False,True,meta-llama/Meta-Llama-3.1-8B-Instruct,0e9e39f249a16976918f6564b8830bc894c89659
20,heldout,5,50,4,25,number_tokens,2.5,-0.75,-0.75,0.0,False,False,meta-llama/Meta-Llama-3.1-8B-Instruct,0e9e39f249a16976918f6564b8830bc894c89659
20,heldout,5,50,4,25,random_positions,2.5,-0.75,-0.75,0.0,False,False,meta-llama/Meta-Llama-3.1-8B-Instruct,0e9e39f249a16976918f6564b8830bc894c89659
20,heldout,5,50,4,26,answer_position,2.5,-0.75,2.375,3.125,False,True,meta-llama/Meta-Llama-3.1-8B-Instruct,0e9e39f249a16976918f6564b8830bc894c89659
20,heldout,5,50,4,26,number_tokens,2.5,-0.75,-0.75,0.0,False,False,meta-llama/Meta-Llama-3.1-8B-Instruct,0e9e39f249a16976918f6564b8830bc894c89659
20,heldout,5,50,4,26,random_positions,2.5,-0.75,-0.625,0.125,False,False,meta-llama/Meta-Llama-3.1-8B-Instruct,0e9e39f249a16976918f6564b8830bc894c89659
20,heldout,5,50,4,27,answer_position,2.5,-0.75,2.375,3.125,False,True,meta-llama/Meta-Llama-3.1-8B-Instruct,0e9e39f249a16976918f6564b8830bc894c89659
20,heldout,5,50,4,27,number_tokens,2.5,-0.75,-0.625,0.125,False,False,meta-llama/Meta-Llama-3.1-8B-Instruct,0e9e39f249a16976918f6564b8830bc894c89659
20,heldout,5,50,4,27,random_positions,2.5,-0.75,-0.625,0.125,False,False,meta-llama/Meta-Llama-3.1-8B-Instruct,0e9e39f249a16976918f6564b8830bc894c89659
20,heldout,5,50,4,28,answer_position,2.5,-0.75,2.5,3.25,False,True,meta-llama/Meta-Llama-3.1-8B-Instruct,0e9e39f249a16976918f6564b8830bc894c89659
20,heldout,5,50,4,28,number_tokens,2.5,-0.75,-0.75,0.0,False,False,meta-llama/Meta-Llama-3.1-8B-Instruct,0e9e39f249a16976918f6564b8830bc894c89659
20,heldout,5,50,4,28,random_positions,2.5,-0.75,-0.75,0.0,False,False,meta-llama/Meta-Llama-3.1-8B-Instruct,0e9e39f249a16976918f6564b8830bc894c89659
20,heldout,5,50,4,29,answer_position,2.5,-0.75,2.5,3.25,False,True,meta-llama/Meta-Llama-3.1-8B-Instruct,0e9e39f249a16976918f6564b8830bc894c89659
20,heldout,5,50,4,29,number_tokens,2.5,-0.75,-0.75,0.0,False,False,meta-llama/Meta-Llama-3.1-8B-Instruct,0e9e39f249a16976918f6564b8830bc894c89659
20,heldout,5,50,4,29,random_positions,2.5,-0.75,-0.75,0.0,False,False,meta-llama/Meta-Llama-3.1-8B-Instruct,0e9e39f249a16976918f6564b8830bc894c89659
20,heldout,5,50,4,30,answer_position,2.5,-0.75,2.5,3.25,False,True,meta-llama/Meta-Llama-3.1-8B-Instruct,0e9e39f249a16976918f6564b8830bc894c89659
20,heldout,5,50,4,30,number_tokens,2.5,-0.75,-0.75,0.0,False,False,meta-llama/Meta-Llama-3.1-8B-Instruct,0e9e39f249a16976918f6564b8830bc894c89659
20,heldout,5,50,4,30,random_positions,2.5,-0.75,-0.75,0.0,False,False,meta-llama/Meta-Llama-3.1-8B-Instruct,0e9e39f249a16976918f6564b8830bc894c89659
20,heldout,5,50,4,31,answer_position,2.5,-0.75,2.5,3.25,False,True,meta-llama/Meta-Llama-3.1-8B-Instruct,0e9e39f249a16976918f6564b8830bc894c89659
20,heldout,5,50,4,31,number_tokens,2.5,-0.75,-0.75,0.0,False,False,meta-llama/Meta-Llama-3.1-8B-Instruct,0e9e39f249a16976918f6564b8830bc894c89659
20,heldout,5,50,4,31,random_positions,2.5,-0.75,-0.75,0.0,False,False,meta-llama/Meta-Llama-3.1-8B-Instruct,0e9e39f249a16976918f6564b8830bc894c89659
21,heldout,5,51,2,0,answer_position,1.75,0.0,-0.125,-0.125,False,False,meta-llama/Meta-Llama-3.1-8B-Instruct,0e9e39f249a16976918f6564b8830bc894c89659
21,heldout,5,51,2,0,number_tokens,1.75,0.0,-0.125,-0.125,False,False,meta-llama/Meta-Llama-3.1-8B-Instruct,0e9e39f249a16976918f6564b8830bc894c89659
21,heldout,5,51,2,0,random_positions,1.75,0.0,0.0,0.0,False,False,meta-llama/Meta-Llama-3.1-8B-Instruct,0e9e39f249a16976918f6564b8830bc894c89659
21,heldout,5,51,2,1,answer_position,1.75,0.0,-0.125,-0.125,False,False,meta-llama/Meta-Llama-3.1-8B-Instruct,0e9e39f249a16976918f6564b8830bc894c89659
21,heldout,5,51,2,1,number_tokens,1.75,0.0,-0.25,-0.25,False,False,meta-llama/Meta-Llama-3.1-8B-Instruct,0e9e39f249a16976918f6564b8830bc894c89659
21,heldout,5,51,2,1,random_positions,1.75,0.0,0.125,0.125,False,True,meta-llama/Meta-Llama-3.1-8B-Instruct,0e9e39f249a16976918f6564b8830bc894c89659
21,heldout,5,51,2,2,answer_position,1.75,0.0,-0.125,-0.125,False,False,meta-llama/Meta-Llama-3.1-8B-Instruct,0e9e39f249a16976918f6564b8830bc894c89659
21,heldout,5,51,2,2,number_tokens,1.75,0.0,-2.5,-2.5,False,False,meta-llama/Meta-Llama-3.1-8B-Instruct,0e9e39f249a16976918f6564b8830bc894c89659
21,heldout,5,51,2,2,random_positions,1.75,0.0,0.25,0.25,False,True,meta-llama/Meta-Llama-3.1-8B-Instruct,0e9e39f249a16976918f6564b8830bc894c89659
21,heldout,5,51,2,3,answer_position,1.75,0.0,0.0,0.0,False,False,meta-llama/Meta-Llama-3.1-8B-Instruct,0e9e39f249a16976918f6564b8830bc894c89659
21,heldout,5,51,2,3,number_tokens,1.75,0.0,-2.25,-2.25,False,False,meta-llama/Meta-Llama-3.1-8B-Instruct,0e9e39f249a16976918f6564b8830bc894c89659
21,heldout,5,51,2,3,random_positions,1.75,0.0,0.5,0.5,False,True,meta-llama/Meta-Llama-3.1-8B-Instruct,0e9e39f249a16976918f6564b8830bc894c89659
21,heldout,5,51,2,4,answer_position,1.75,0.0,0.0,0.0,False,False,meta-llama/Meta-Llama-3.1-8B-Instruct,0e9e39f249a16976918f6564b8830bc894c89659
21,heldout,5,51,2,4,number_tokens,1.75,0.0,-2.125,-2.125,False,False,meta-llama/Meta-Llama-3.1-8B-Instruct,0e9e39f249a16976918f6564b8830bc894c89659
21,heldout,5,51,2,4,random_positions,1.75,0.0,0.5,0.5,False,True,meta-llama/Meta-Llama-3.1-8B-Instruct,0e9e39f249a16976918f6564b8830bc894c89659
21,heldout,5,51,2,5,answer_position,1.75,0.0,0.0,0.0,False,False,meta-llama/Meta-Llama-3.1-8B-Instruct,0e9e39f249a16976918f6564b8830bc894c89659
21,heldout,5,51,2,5,number_tokens,1.75,0.0,-2.0,-2.0,False,False,meta-llama/Meta-Llama-3.1-8B-Instruct,0e9e39f249a16976918f6564b8830bc894c89659
21,heldout,5,51,2,5,random_positions,1.75,0.0,0.625,0.625,False,True,meta-llama/Meta-Llama-3.1-8B-Instruct,0e9e39f249a16976918f6564b8830bc894c89659
21,heldout,5,51,2,6,answer_position,1.75,0.0,0.0,0.0,False,False,meta-llama/Meta-Llama-3.1-8B-Instruct,0e9e39f249a16976918f6564b8830bc894c89659
21,heldout,5,51,2,6,number_tokens,1.75,0.0,-1.25,-1.25,False,False,meta-llama/Meta-Llama-3.1-8B-Instruct,0e9e39f249a16976918f6564b8830bc894c89659
21,heldout,5,51,2,6,random_positions,1.75,0.0,0.875,0.875,False,True,meta-llama/Meta-Llama-3.1-8B-Instruct,0e9e39f249a16976918f6564b8830bc894c89659
21,heldout,5,51,2,7,answer_position,1.75,0.0,0.0,0.0,False,False,meta-llama/Meta-Llama-3.1-8B-Instruct,0e9e39f249a16976918f6564b8830bc894c89659
21,heldout,5,51,2,7,number_tokens,1.75,0.0,-1.0,-1.0,False,False,meta-llama/Meta-Llama-3.1-8B-Instruct,0e9e39f249a16976918f6564b8830bc894c89659
21,heldout,5,51,2,7,random_positions,1.75,0.0,0.75,0.75,False,True,meta-llama/Meta-Llama-3.1-8B-Instruct,0e9e39f249a16976918f6564b8830bc894c89659
21,heldout,5,51,2,8,answer_position,1.75,0.0,0.0,0.0,False,False,meta-llama/Meta-Llama-3.1-8B-Instruct,0e9e39f249a16976918f6564b8830bc894c89659
21,heldout,5,51,2,8,number_tokens,1.75,0.0,0.875,0.875,False,True,meta-llama/Meta-Llama-3.1-8B-Instruct,0e9e39f249a16976918f6564b8830bc894c89659
21,heldout,5,51,2,8,random_positions,1.75,0.0,1.75,1.75,False,True,meta-llama/Meta-Llama-3.1-8B-Instruct,0e9e39f249a16976918f6564b8830bc894c89659
21,heldout,5,51,2,9,answer_position,1.75,0.0,0.0,0.0,False,False,meta-llama/Meta-Llama-3.1-8B-Instruct,0e9e39f249a16976918f6564b8830bc894c89659
21,heldout,5,51,2,9,number_tokens,1.75,0.0,0.5,0.5,False,True,meta-llama/Meta-Llama-3.1-8B-Instruct,0e9e39f249a16976918f6564b8830bc894c89659
21,heldout,5,51,2,9,random_positions,1.75,0.0,1.125,1.125,False,True,meta-llama/Meta-Llama-3.1-8B-Instruct,0e9e39f249a16976918f6564b8830bc894c89659
21,heldout,5,51,2,10,answer_position,1.75,0.0,0.0,0.0,False,False,meta-llama/Meta-Llama-3.1-8B-Instruct,0e9e39f249a16976918f6564b8830bc894c89659
21,heldout,5,51,2,10,number_tokens,1.75,0.0,0.75,0.75,False,True,meta-llama/Meta-Llama-3.1-8B-Instruct,0e9e39f249a16976918f6564b8830bc894c89659
21,heldout,5,51,2,10,random_positions,1.75,0.0,1.125,1.125,False,True,meta-llama/Meta-Llama-3.1-8B-Instruct,0e9e39f249a16976918f6564b8830bc894c89659
21,heldout,5,51,2,11,answer_position,1.75,0.0,0.0,0.0,False,False,meta-llama/Meta-Llama-3.1-8B-Instruct,0e9e39f249a16976918f6564b8830bc894c89659
21,heldout,5,51,2,11,number_tokens,1.75,0.0,0.75,0.75,False,True,meta-llama/Meta-Llama-3.1-8B-Instruct,0e9e39f249a16976918f6564b8830bc894c89659
21,heldout,5,51,2,11,random_positions,1.75,0.0,1.5,1.5,False,True,meta-llama/Meta-Llama-3.1-8B-Instruct,0e9e39f249a16976918f6564b8830bc894c89659
21,heldout,5,51,2,12,answer_position,1.75,0.0,0.125,0.125,False,True,meta-llama/Meta-Llama-3.1-8B-Instruct,0e9e39f249a16976918f6564b8830bc894c89659
21,heldout,5,51,2,12,number_tokens,1.75,0.0,0.625,0.625,False,True,meta-llama/Meta-Llama-3.1-8B-Instruct,0e9e39f249a16976918f6564b8830bc894c89659
21,heldout,5,51,2,12,random_positions,1.75,0.0,1.25,1.25,False,True,meta-llama/Meta-Llama-3.1-8B-Instruct,0e9e39f249a16976918f6564b8830bc894c89659
21,heldout,5,51,2,13,answer_position,1.75,0.0,0.0,0.0,False,False,meta-llama/Meta-Llama-3.1-8B-Instruct,0e9e39f249a16976918f6564b8830bc894c89659
21,heldout,5,51,2,13,number_tokens,1.75,0.0,0.125,0.125,False,True,meta-llama/Meta-Llama-3.1-8B-Instruct,0e9e39f249a16976918f6564b8830bc894c89659
21,heldout,5,51,2,13,random_positions,1.75,0.0,1.0,1.0,False,True,meta-llama/Meta-Llama-3.1-8B-Instruct,0e9e39f249a16976918f6564b8830bc894c89659
21,heldout,5,51,2,14,answer_position,1.75,0.0,0.375,0.375,False,True,meta-llama/Meta-Llama-3.1-8B-Instruct,0e9e39f249a16976918f6564b8830bc894c89659
21,heldout,5,51,2,14,number_tokens,1.75,0.0,0.125,0.125,False,True,meta-llama/Meta-Llama-3.1-8B-Instruct,0e9e39f249a16976918f6564b8830bc894c89659
21,heldout,5,51,2,14,random_positions,1.75,0.0,0.75,0.75,False,True,meta-llama/Meta-Llama-3.1-8B-Instruct,0e9e39f249a16976918f6564b8830bc894c89659
21,heldout,5,51,2,15,answer_position,1.75,0.0,0.75,0.75,False,True,meta-llama/Meta-Llama-3.1-8B-Instruct,0e9e39f249a16976918f6564b8830bc894c89659
21,heldout,5,51,2,15,number_tokens,1.75,0.0,-0.125,-0.125,False,False,meta-llama/Meta-Llama-3.1-8B-Instruct,0e9e39f249a16976918f6564b8830bc894c89659
21,heldout,5,51,2,15,random_positions,1.75,0.0,0.375,0.375,False,True,meta-llama/Meta-Llama-3.1-8B-Instruct,0e9e39f249a16976918f6564b8830bc894c89659
21,heldout,5,51,2,16,answer_position,1.75,0.0,0.125,0.125,False,True,meta-llama/Meta-Llama-3.1-8B-Instruct,0e9e39f249a16976918f6564b8830bc894c89659
21,heldout,5,51,2,16,number_tokens,1.75,0.0,0.0,0.0,False,False,meta-llama/Meta-Llama-3.1-8B-Instruct,0e9e39f249a16976918f6564b8830bc894c89659
21,heldout,5,51,2,16,random_positions,1.75,0.0,0.375,0.375,False,True,meta-llama/Meta-Llama-3.1-8B-Instruct,0e9e39f249a16976918f6564b8830bc894c89659
21,heldout,5,51,2,17,answer_position,1.75,0.0,1.75,1.75,False,True,meta-llama/Meta-Llama-3.1-8B-Instruct,0e9e39f249a16976918f6564b8830bc894c89659
21,heldout,5,51,2,17,number_tokens,1.75,0.0,0.0,0.0,False,False,meta-llama/Meta-Llama-3.1-8B-Instruct,0e9e39f249a16976918f6564b8830bc894c89659
21,heldout,5,51,2,17,random_positions,1.75,0.0,0.0,0.0,False,False,meta-llama/Meta-Llama-3.1-8B-Instruct,0e9e39f249a16976918f6564b8830bc894c89659
21,heldout,5,51,2,18,answer_position,1.75,0.0,1.75,1.75,False,True,meta-llama/Meta-Llama-3.1-8B-Instruct,0e9e39f249a16976918f6564b8830bc894c89659
21,heldout,5,51,2,18,number_tokens,1.75,0.0,0.0,0.0,False,False,meta-llama/Meta-Llama-3.1-8B-Instruct,0e9e39f249a16976918f6564b8830bc894c89659
21,heldout,5,51,2,18,random_positions,1.75,0.0,0.0,0.0,False,False,meta-llama/Meta-Llama-3.1-8B-Instruct,0e9e39f249a16976918f6564b8830bc894c89659
21,heldout,5,51,2,19,answer_position,1.75,0.0,1.75,1.75,False,True,meta-llama/Meta-Llama-3.1-8B-Instruct,0e9e39f249a16976918f6564b8830bc894c89659
21,heldout,5,51,2,19,number_tokens,1.75,0.0,0.0,0.0,False,False,meta-llama/Meta-Llama-3.1-8B-Instruct,0e9e39f249a16976918f6564b8830bc894c89659
21,heldout,5,51,2,19,random_positions,1.75,0.0,0.0,0.0,False,False,meta-llama/Meta-Llama-3.1-8B-Instruct,0e9e39f249a16976918f6564b8830bc894c89659
21,heldout,5,51,2,20,answer_position,1.75,0.0,1.75,1.75,False,True,meta-llama/Meta-Llama-3.1-8B-Instruct,0e9e39f249a16976918f6564b8830bc894c89659
21,heldout,5,51,2,20,number_tokens,1.75,0.0,0.0,0.0,False,False,meta-llama/Meta-Llama-3.1-8B-Instruct,0e9e39f249a16976918f6564b8830bc894c89659
21,heldout,5,51,2,20,random_positions,1.75,0.0,-0.125,-0.125,False,False,meta-llama/Meta-Llama-3.1-8B-Instruct,0e9e39f249a16976918f6564b8830bc894c89659
21,heldout,5,51,2,21,answer_position,1.75,0.0,1.75,1.75,False,True,meta-llama/Meta-Llama-3.1-8B-Instruct,0e9e39f249a16976918f6564b8830bc894c89659
21,heldout,5,51,2,21,number_tokens,1.75,0.0,0.0,0.0,False,False,meta-llama/Meta-Llama-3.1-8B-Instruct,0e9e39f249a16976918f6564b8830bc894c89659
21,heldout,5,51,2,21,random_positions,1.75,0.0,0.0,0.0,False,False,meta-llama/Meta-Llama-3.1-8B-Instruct,0e9e39f249a16976918f6564b8830bc894c89659
21,heldout,5,51,2,22,answer_position,1.75,0.0,1.75,1.75,False,True,meta-llama/Meta-Llama-3.1-8B-Instruct,0e9e39f249a16976918f6564b8830bc894c89659
21,heldout,5,51,2,22,number_tokens,1.75,0.0,-0.125,-0.125,False,False,meta-llama/Meta-Llama-3.1-8B-Instruct,0e9e39f249a16976918f6564b8830bc894c89659
21,heldout,5,51,2,22,random_positions,1.75,0.0,0.0,0.0,False,False,meta-llama/Meta-Llama-3.1-8B-Instruct,0e9e39f249a16976918f6564b8830bc894c89659
21,heldout,5,51,2,23,answer_position,1.75,0.0,1.75,1.75,False,True,meta-llama/Meta-Llama-3.1-8B-Instruct,0e9e39f249a16976918f6564b8830bc894c89659
21,heldout,5,51,2,23,number_tokens,1.75,0.0,0.0,0.0,False,False,meta-llama/Meta-Llama-3.1-8B-Instruct,0e9e39f249a16976918f6564b8830bc894c89659
21,heldout,5,51,2,23,random_positions,1.75,0.0,0.0,0.0,False,False,meta-llama/Meta-Llama-3.1-8B-Instruct,0e9e39f249a16976918f6564b8830bc894c89659
21,heldout,5,51,2,24,answer_position,1.75,0.0,1.625,1.625,False,True,meta-llama/Meta-Llama-3.1-8B-Instruct,0e9e39f249a16976918f6564b8830bc894c89659
21,heldout,5,51,2,24,number_tokens,1.75,0.0,0.0,0.0,False,False,meta-llama/Meta-Llama-3.1-8B-Instruct,0e9e39f249a16976918f6564b8830bc894c89659
21,heldout,5,51,2,24,random_positions,1.75,0.0,0.0,0.0,False,False,meta-llama/Meta-Llama-3.1-8B-Instruct,0e9e39f249a16976918f6564b8830bc894c89659
21,heldout,5,51,2,25,answer_position,1.75,0.0,1.75,1.75,False,True,meta-llama/Meta-Llama-3.1-8B-Instruct,0e9e39f249a16976918f6564b8830bc894c89659
21,heldout,5,51,2,25,number_tokens,1.75,0.0,0.0,0.0,False,False,meta-llama/Meta-Llama-3.1-8B-Instruct,0e9e39f249a16976918f6564b8830bc894c89659
21,heldout,5,51,2,25,random_positions,1.75,0.0,0.0,0.0,False,False,meta-llama/Meta-Llama-3.1-8B-Instruct,0e9e39f249a16976918f6564b8830bc894c89659
21,heldout,5,51,2,26,answer_position,1.75,0.0,1.625,1.625,False,True,meta-llama/Meta-Llama-3.1-8B-Instruct,0e9e39f249a16976918f6564b8830bc894c89659
21,heldout,5,51,2,26,number_tokens,1.75,0.0,-0.125,-0.125,False,False,meta-llama/Meta-Llama-3.1-8B-Instruct,0e9e39f249a16976918f6564b8830bc894c89659
21,heldout,5,51,2,26,random_positions,1.75,0.0,0.0,0.0,False,False,meta-llama/Meta-Llama-3.1-8B-Instruct,0e9e39f249a16976918f6564b8830bc894c89659
21,heldout,5,51,2,27,answer_position,1.75,0.0,1.75,1.75,False,True,meta-llama/Meta-Llama-3.1-8B-Instruct,0e9e39f249a16976918f6564b8830bc894c89659
21,heldout,5,51,2,27,number_tokens,1.75,0.0,0.0,0.0,False,False,meta-llama/Meta-Llama-3.1-8B-Instruct,0e9e39f249a16976918f6564b8830bc894c89659
21,heldout,5,51,2,27,random_positions,1.75,0.0,0.0,0.0,False,False,meta-llama/Meta-Llama-3.1-8B-Instruct,0e9e39f249a16976918f6564b8830bc894c89659
21,heldout,5,51,2,28,answer_position,1.75,0.0,1.75,1.75,False,True,meta-llama/Meta-Llama-3.1-8B-Instruct,0e9e39f249a16976918f6564b8830bc894c89659
21,heldout,5,51,2,28,number_tokens,1.75,0.0,-0.125,-0.125,False,False,meta-llama/Meta-Llama-3.1-8B-Instruct,0e9e39f249a16976918f6564b8830bc894c89659
21,heldout,5,51,2,28,random_positions,1.75,0.0,0.0,0.0,False,False,meta-llama/Meta-Llama-3.1-8B-Instruct,0e9e39f249a16976918f6564b8830bc894c89659
21,heldout,5,51,2,29,answer_position,1.75,0.0,1.75,1.75,False,True,meta-llama/Meta-Llama-3.1-8B-Instruct,0e9e39f249a16976918f6564b8830bc894c89659
21,heldout,5,51,2,29,number_tokens,1.75,0.0,0.0,0.0,False,False,meta-llama/Meta-Llama-3.1-8B-Instruct,0e9e39f249a16976918f6564b8830bc894c89659
21,heldout,5,51,2,29,random_positions,1.75,0.0,0.0,0.0,False,False,meta-llama/Meta-Llama-3.1-8B-Instruct,0e9e39f249a16976918f6564b8830bc894c89659
21,heldout,5,51,2,30,answer_position,1.75,0.0,1.75,1.75,False,True,meta-llama/Meta-Llama-3.1-8B-Instruct,0e9e39f249a16976918f6564b8830bc894c89659
21,heldout,5,51,2,30,number_tokens,1.75,0.0,0.0,0.0,False,False,meta-llama/Meta-Llama-3.1-8B-Instruct,0e9e39f249a16976918f6564b8830bc894c89659
21,heldout,5,51,2,30,random_positions,1.75,0.0,0.0,0.0,False,False,meta-llama/Meta-Llama-3.1-8B-Instruct,0e9e39f249a16976918f6564b8830bc894c89659
21,heldout,5,51,2,31,answer_position,1.75,0.0,1.75,1.75,False,True,meta-llama/Meta-Llama-3.1-8B-Instruct,0e9e39f249a16976918f6564b8830bc894c89659
21,heldout,5,51,2,31,number_tokens,1.75,0.0,0.0,0.0,False,False,meta-llama/Meta-Llama-3.1-8B-Instruct,0e9e39f249a16976918f6564b8830bc894c89659
21,heldout,5,51,2,31,random_positions,1.75,0.0,0.0,0.0,False,False,meta-llama/Meta-Llama-3.1-8B-Instruct,0e9e39f249a16976918f6564b8830bc894c89659
22,heldout,5,52,3,0,answer_position,2.875,-0.625,-0.75,-0.125,False,False,meta-llama/Meta-Llama-3.1-8B-Instruct,0e9e39f249a16976918f6564b8830bc894c89659
22,heldout,5,52,3,0,number_tokens,2.875,-0.625,-0.625,0.0,False,False,meta-llama/Meta-Llama-3.1-8B-Instruct,0e9e39f249a16976918f6564b8830bc894c89659
22,heldout,5,52,3,0,random_positions,2.875,-0.625,-0.25,0.375,False,False,meta-llama/Meta-Llama-3.1-8B-Instruct,0e9e39f249a16976918f6564b8830bc894c89659
22,heldout,5,52,3,1,answer_position,2.875,-0.625,-0.625,0.0,False,False,meta-llama/Meta-Llama-3.1-8B-Instruct,0e9e39f249a16976918f6564b8830bc894c89659
22,heldout,5,52,3,1,number_tokens,2.875,-0.625,-0.75,-0.125,False,False,meta-llama/Meta-Llama-3.1-8B-Instruct,0e9e39f249a16976918f6564b8830bc894c89659
22,heldout,5,52,3,1,random_positions,2.875,-0.625,-0.5,0.125,False,False,meta-llama/Meta-Llama-3.1-8B-Instruct,0e9e39f249a16976918f6564b8830bc894c89659
22,heldout,5,52,3,2,answer_position,2.875,-0.625,-0.625,0.0,False,False,meta-llama/Meta-Llama-3.1-8B-Instruct,0e9e39f249a16976918f6564b8830bc894c89659
22,heldout,5,52,3,2,number_tokens,2.875,-0.625,-2.625,-2.0,False,False,meta-llama/Meta-Llama-3.1-8B-Instruct,0e9e39f249a16976918f6564b8830bc894c89659
22,heldout,5,52,3,2,random_positions,2.875,-0.625,-0.5,0.125,False,False,meta-llama/Meta-Llama-3.1-8B-Instruct,0e9e39f249a16976918f6564b8830bc894c89659
22,heldout,5,52,3,3,answer_position,2.875,-0.625,-0.625,0.0,False,False,meta-llama/Meta-Llama-3.1-8B-Instruct,0e9e39f249a16976918f6564b8830bc894c89659
22,heldout,5,52,3,3,number_tokens,2.875,-0.625,-2.5,-1.875,False,False,meta-llama/Meta-Llama-3.1-8B-Instruct,0e9e39f249a16976918f6564b8830bc894c89659
22,heldout,5,52,3,3,random_positions,2.875,-0.625,-0.5,0.125,False,False,meta-llama/Meta-Llama-3.1-8B-Instruct,0e9e39f249a16976918f6564b8830bc894c89659
22,heldout,5,52,3,4,answer_position,2.875,-0.625,-0.625,0.0,False,False,meta-llama/Meta-Llama-3.1-8B-Instruct,0e9e39f249a16976918f6564b8830bc894c89659
22,heldout,5,52,3,4,number_tokens,2.875,-0.625,-2.5,-1.875,False,False,meta-llama/Meta-Llama-3.1-8B-Instruct,0e9e39f249a16976918f6564b8830bc894c89659
22,heldout,5,52,3,4,random_positions,2.875,-0.625,-0.375,0.25,False,False,meta-llama/Meta-Llama-3.1-8B-Instruct,0e9e39f249a16976918f6564b8830bc894c89659
22,heldout,5,52,3,5,answer_position,2.875,-0.625,-0.625,0.0,False,False,meta-llama/Meta-Llama-3.1-8B-Instruct,0e9e39f249a16976918f6564b8830bc894c89659
22,heldout,5,52,3,5,number_tokens,2.875,-0.625,-3.25,-2.625,False,False,meta-llama/Meta-Llama-3.1-8B-Instruct,0e9e39f249a16976918f6564b8830bc894c89659
22,heldout,5,52,3,5,random_positions,2.875,-0.625,-0.5,0.125,False,False,meta-llama/Meta-Llama-3.1-8B-Instruct,0e9e39f249a16976918f6564b8830bc894c89659
22,heldout,5,52,3,6,answer_position,2.875,-0.625,-0.625,0.0,False,False,meta-llama/Meta-Llama-3.1-8B-Instruct,0e9e39f249a16976918f6564b8830bc894c89659
22,heldout,5,52,3,6,number_tokens,2.875,-0.625,-2.75,-2.125,False,False,meta-llama/Meta-Llama-3.1-8B-Instruct,0e9e39f249a16976918f6564b8830bc894c89659
22,heldout,5,52,3,6,random_positions,2.875,-0.625,-0.5,0.125,False,False,meta-llama/Meta-Llama-3.1-8B-Instruct,0e9e39f249a16976918f6564b8830bc894c89659
22,heldout,5,52,3,7,answer_position,2.875,-0.625,-0.625,0.0,False,False,meta-llama/Meta-Llama-3.1-8B-Instruct,0e9e39f249a16976918f6564b8830bc894c89659
22,heldout,5,52,3,7,number_tokens,2.875,-0.625,-1.0,-0.375,False,False,meta-llama/Meta-Llama-3.1-8B-Instruct,0e9e39f249a16976918f6564b8830bc894c89659
22,heldout,5,52,3,7,random_positions,2.875,-0.625,-0.875,-0.25,False,False,meta-llama/Meta-Llama-3.1-8B-Instruct,0e9e39f249a16976918f6564b8830bc894c89659
22,heldout,5,52,3,8,answer_position,2.875,-0.625,-0.625,0.0,False,False,meta-llama/Meta-Llama-3.1-8B-Instruct,0e9e39f249a16976918f6564b8830bc894c89659
22,heldout,5,52,3,8,number_tokens,2.875,-0.625,0.5,1.125,False,True,meta-llama/Meta-Llama-3.1-8B-Instruct,0e9e39f249a16976918f6564b8830bc894c89659
22,heldout,5,52,3,8,random_positions,2.875,-0.625,-0.625,0.0,False,False,meta-llama/Meta-Llama-3.1-8B-Instruct,0e9e39f249a16976918f6564b8830bc894c89659
22,heldout,5,52,3,9,answer_position,2.875,-0.625,-0.75,-0.125,False,False,meta-llama/Meta-Llama-3.1-8B-Instruct,0e9e39f249a16976918f6564b8830bc894c89659
22,heldout,5,52,3,9,number_tokens,2.875,-0.625,0.375,1.0,False,True,meta-llama/Meta-Llama-3.1-8B-Instruct,0e9e39f249a16976918f6564b8830bc894c89659
22,heldout,5,52,3,9,random_positions,2.875,-0.625,-0.625,0.0,False,False,meta-llama/Meta-Llama-3.1-8B-Instruct,0e9e39f249a16976918f6564b8830bc894c89659
22,heldout,5,52,3,10,answer_position,2.875,-0.625,-0.625,0.0,False,False,meta-llama/Meta-Llama-3.1-8B-Instruct,0e9e39f249a16976918f6564b8830bc894c89659
22,heldout,5,52,3,10,number_tokens,2.875,-0.625,0.75,1.375,False,True,meta-llama/Meta-Llama-3.1-8B-Instruct,0e9e39f249a16976918f6564b8830bc894c89659
22,heldout,5,52,3,10,random_positions,2.875,-0.625,-0.5,0.125,False,False,meta-llama/Meta-Llama-3.1-8B-Instruct,0e9e39f249a16976918f6564b8830bc894c89659
22,heldout,5,52,3,11,answer_position,2.875,-0.625,-0.625,0.0,False,False,meta-llama/Meta-Llama-3.1-8B-Instruct,0e9e39f249a16976918f6564b8830bc894c89659
22,heldout,5,52,3,11,number_tokens,2.875,-0.625,0.125,0.75,False,True,meta-llama/Meta-Llama-3.1-8B-Instruct,0e9e39f249a16976918f6564b8830bc894c89659
22,heldout,5,52,3,11,random_positions,2.875,-0.625,-0.5,0.125,False,False,meta-llama/Meta-Llama-3.1-8B-Instruct,0e9e39f249a16976918f6564b8830bc894c89659
22,heldout,5,52,3,12,answer_position,2.875,-0.625,-0.75,-0.125,False,False,meta-llama/Meta-Llama-3.1-8B-Instruct,0e9e39f249a16976918f6564b8830bc894c89659
22,heldout,5,52,3,12,number_tokens,2.875,-0.625,0.0,0.625,False,False,meta-llama/Meta-Llama-3.1-8B-Instruct,0e9e39f249a16976918f6564b8830bc894c89659
22,heldout,5,52,3,12,random_positions,2.875,-0.625,-0.625,0.0,False,False,meta-llama/Meta-Llama-3.1-8B-Instruct,0e9e39f249a16976918f6564b8830bc894c89659
22,heldout,5,52,3,13,answer_position,2.875,-0.625,-0.25,0.375,False,False,meta-llama/Meta-Llama-3.1-8B-Instruct,0e9e39f249a16976918f6564b8830bc894c89659
22,heldout,5,52,3,13,number_tokens,2.875,-0.625,-0.375,0.25,False,False,meta-llama/Meta-Llama-3.1-8B-Instruct,0e9e39f249a16976918f6564b8830bc894c89659
22,heldout,5,52,3,13,random_positions,2.875,-0.625,-0.625,0.0,False,False,meta-llama/Meta-Llama-3.1-8B-Instruct,0e9e39f249a16976918f6564b8830bc894c89659
22,heldout,5,52,3,14,answer_position,2.875,-0.625,0.0,0.625,False,False,meta-llama/Meta-Llama-3.1-8B-Instruct,0e9e39f249a16976918f6564b8830bc894c89659
22,heldout,5,52,3,14,number_tokens,2.875,-0.625,-0.625,0.0,False,False,meta-llama/Meta-Llama-3.1-8B-Instruct,0e9e39f249a16976918f6564b8830bc894c89659
22,heldout,5,52,3,14,random_positions,2.875,-0.625,-0.75,-0.125,False,False,meta-llama/Meta-Llama-3.1-8B-Instruct,0e9e39f249a16976918f6564b8830bc894c89659
22,heldout,5,52,3,15,answer_position,2.875,-0.625,0.75,1.375,False,True,meta-llama/Meta-Llama-3.1-8B-Instruct,0e9e39f249a16976918f6564b8830bc894c89659
22,heldout,5,52,3,15,number_tokens,2.875,-0.625,-0.75,-0.125,False,False,meta-llama/Meta-Llama-3.1-8B-Instruct,0e9e39f249a16976918f6564b8830bc894c89659
22,heldout,5,52,3,15,random_positions,2.875,-0.625,-0.625,0.0,False,False,meta-llama/Meta-Llama-3.1-8B-Instruct,0e9e39f249a16976918f6564b8830bc894c89659
22,heldout,5,52,3,16,answer_position,2.875,-0.625,-0.375,0.25,False,False,meta-llama/Meta-Llama-3.1-8B-Instruct,0e9e39f249a16976918f6564b8830bc894c89659
22,heldout,5,52,3,16,number_tokens,2.875,-0.625,-0.625,0.0,False,False,meta-llama/Meta-Llama-3.1-8B-Instruct,0e9e39f249a16976918f6564b8830bc894c89659
22,heldout,5,52,3,16,random_positions,2.875,-0.625,-0.75,-0.125,False,False,meta-llama/Meta-Llama-3.1-8B-Instruct,0e9e39f249a16976918f6564b8830bc894c89659
22,heldout,5,52,3,17,answer_position,2.875,-0.625,2.75,3.375,False,True,meta-llama/Meta-Llama-3.1-8B-Instruct,0e9e39f249a16976918f6564b8830bc894c89659
22,heldout,5,52,3,17,number_tokens,2.875,-0.625,-0.625,0.0,False,False,meta-llama/Meta-Llama-3.1-8B-Instruct,0e9e39f249a16976918f6564b8830bc894c89659
22,heldout,5,52,3,17,random_positions,2.875,-0.625,-0.625,0.0,False,False,meta-llama/Meta-Llama-3.1-8B-Instruct,0e9e39f249a16976918f6564b8830bc894c89659
22,heldout,5,52,3,18,answer_position,2.875,-0.625,2.75,3.375,False,True,meta-llama/Meta-Llama-3.1-8B-Instruct,0e9e39f249a16976918f6564b8830bc894c89659
22,heldout,5,52,3,18,number_tokens,2.875,-0.625,-0.625,0.0,False,False,meta-llama/Meta-Llama-3.1-8B-Instruct,0e9e39f249a16976918f6564b8830bc894c89659
22,heldout,5,52,3,18,random_positions,2.875,-0.625,-0.75,-0.125,False,False,meta-llama/Meta-Llama-3.1-8B-Instruct,0e9e39f249a16976918f6564b8830bc894c89659
22,heldout,5,52,3,19,answer_position,2.875,-0.625,2.75,3.375,False,True,meta-llama/Meta-Llama-3.1-8B-Instruct,0e9e39f249a16976918f6564b8830bc894c89659
22,heldout,5,52,3,19,number_tokens,2.875,-0.625,-0.625,0.0,False,False,meta-llama/Meta-Llama-3.1-8B-Instruct,0e9e39f249a16976918f6564b8830bc894c89659
22,heldout,5,52,3,19,random_positions,2.875,-0.625,-0.75,-0.125,False,False,meta-llama/Meta-Llama-3.1-8B-Instruct,0e9e39f249a16976918f6564b8830bc894c89659
22,heldout,5,52,3,20,answer_position,2.875,-0.625,2.75,3.375,False,True,meta-llama/Meta-Llama-3.1-8B-Instruct,0e9e39f249a16976918f6564b8830bc894c89659
22,heldout,5,52,3,20,number_tokens,2.875,-0.625,-0.75,-0.125,False,False,meta-llama/Meta-Llama-3.1-8B-Instruct,0e9e39f249a16976918f6564b8830bc894c89659
22,heldout,5,52,3,20,random_positions,2.875,-0.625,-0.75,-0.125,False,False,meta-llama/Meta-Llama-3.1-8B-Instruct,0e9e39f249a16976918f6564b8830bc894c89659
22,heldout,5,52,3,21,answer_position,2.875,-0.625,2.875,3.5,False,True,meta-llama/Meta-Llama-3.1-8B-Instruct,0e9e39f249a16976918f6564b8830bc894c89659
22,heldout,5,52,3,21,number_tokens,2.875,-0.625,-0.625,0.0,False,False,meta-llama/Meta-Llama-3.1-8B-Instruct,0e9e39f249a16976918f6564b8830bc894c89659
22,heldout,5,52,3,21,random_positions,2.875,-0.625,-0.75,-0.125,False,False,meta-llama/Meta-Llama-3.1-8B-Instruct,0e9e39f249a16976918f6564b8830bc894c89659
22,heldout,5,52,3,22,answer_position,2.875,-0.625,3.0,3.625,False,True,meta-llama/Meta-Llama-3.1-8B-Instruct,0e9e39f249a16976918f6564b8830bc894c89659
22,heldout,5,52,3,22,number_tokens,2.875,-0.625,-0.75,-0.125,False,False,meta-llama/Meta-Llama-3.1-8B-Instruct,0e9e39f249a16976918f6564b8830bc894c89659
22,heldout,5,52,3,22,random_positions,2.875,-0.625,-0.625,0.0,False,False,meta-llama/Meta-Llama-3.1-8B-Instruct,0e9e39f249a16976918f6564b8830bc894c89659
22,heldout,5,52,3,23,answer_position,2.875,-0.625,2.75,3.375,False,True,meta-llama/Meta-Llama-3.1-8B-Instruct,0e9e39f249a16976918f6564b8830bc894c89659
22,heldout,5,52,3,23,number_tokens,2.875,-0.625,-0.75,-0.125,False,False,meta-llama/Meta-Llama-3.1-8B-Instruct,0e9e39f249a16976918f6564b8830bc894c89659
22,heldout,5,52,3,23,random_positions,2.875,-0.625,-0.625,0.0,False,False,meta-llama/Meta-Llama-3.1-8B-Instruct,0e9e39f249a16976918f6564b8830bc894c89659
22,heldout,5,52,3,24,answer_position,2.875,-0.625,2.75,3.375,False,True,meta-llama/Meta-Llama-3.1-8B-Instruct,0e9e39f249a16976918f6564b8830bc894c89659
22,heldout,5,52,3,24,number_tokens,2.875,-0.625,-0.625,0.0,False,False,meta-llama/Meta-Llama-3.1-8B-Instruct,0e9e39f249a16976918f6564b8830bc894c89659
22,heldout,5,52,3,24,random_positions,2.875,-0.625,-0.625,0.0,False,False,meta-llama/Meta-Llama-3.1-8B-Instruct,0e9e39f249a16976918f6564b8830bc894c89659
22,heldout,5,52,3,25,answer_position,2.875,-0.625,2.75,3.375,False,True,meta-llama/Meta-Llama-3.1-8B-Instruct,0e9e39f249a16976918f6564b8830bc894c89659
22,heldout,5,52,3,25,number_tokens,2.875,-0.625,-0.625,0.0,False,False,meta-llama/Meta-Llama-3.1-8B-Instruct,0e9e39f249a16976918f6564b8830bc894c89659
22,heldout,5,52,3,25,random_positions,2.875,-0.625,-0.625,0.0,False,False,meta-llama/Meta-Llama-3.1-8B-Instruct,0e9e39f249a16976918f6564b8830bc894c89659
22,heldout,5,52,3,26,answer_position,2.875,-0.625,2.75,3.375,False,True,meta-llama/Meta-Llama-3.1-8B-Instruct,0e9e39f249a16976918f6564b8830bc894c89659
22,heldout,5,52,3,26,number_tokens,2.875,-0.625,-0.75,-0.125,False,False,meta-llama/Meta-Llama-3.1-8B-Instruct,0e9e39f249a16976918f6564b8830bc894c89659
22,heldout,5,52,3,26,random_positions,2.875,-0.625,-0.625,0.0,False,False,meta-llama/Meta-Llama-3.1-8B-Instruct,0e9e39f249a16976918f6564b8830bc894c89659
22,heldout,5,52,3,27,answer_position,2.875,-0.625,2.875,3.5,False,True,meta-llama/Meta-Llama-3.1-8B-Instruct,0e9e39f249a16976918f6564b8830bc894c89659
22,heldout,5,52,3,27,number_tokens,2.875,-0.625,-0.625,0.0,False,False,meta-llama/Meta-Llama-3.1-8B-Instruct,0e9e39f249a16976918f6564b8830bc894c89659
22,heldout,5,52,3,27,random_positions,2.875,-0.625,-0.625,0.0,False,False,meta-llama/Meta-Llama-3.1-8B-Instruct,0e9e39f249a16976918f6564b8830bc894c89659
22,heldout,5,52,3,28,answer_position,2.875,-0.625,2.875,3.5,False,True,meta-llama/Meta-Llama-3.1-8B-Instruct,0e9e39f249a16976918f6564b8830bc894c89659
22,heldout,5,52,3,28,number_tokens,2.875,-0.625,-0.625,0.0,False,False,meta-llama/Meta-Llama-3.1-8B-Instruct,0e9e39f249a16976918f6564b8830bc894c89659
22,heldout,5,52,3,28,random_positions,2.875,-0.625,-0.625,0.0,False,False,meta-llama/Meta-Llama-3.1-8B-Instruct,0e9e39f249a16976918f6564b8830bc894c89659
22,heldout,5,52,3,29,answer_position,2.875,-0.625,2.875,3.5,False,True,meta-llama/Meta-Llama-3.1-8B-Instruct,0e9e39f249a16976918f6564b8830bc894c89659
22,heldout,5,52,3,29,number_tokens,2.875,-0.625,-0.625,0.0,False,False,meta-llama/Meta-Llama-3.1-8B-Instruct,0e9e39f249a16976918f6564b8830bc894c89659
22,heldout,5,52,3,29,random_positions,2.875,-0.625,-0.625,0.0,False,False,meta-llama/Meta-Llama-3.1-8B-Instruct,0e9e39f249a16976918f6564b8830bc894c89659
22,heldout,5,52,3,30,answer_position,2.875,-0.625,2.875,3.5,False,True,meta-llama/Meta-Llama-3.1-8B-Instruct,0e9e39f249a16976918f6564b8830bc894c89659
22,heldout,5,52,3,30,number_tokens,2.875,-0.625,-0.625,0.0,False,False,meta-llama/Meta-Llama-3.1-8B-Instruct,0e9e39f249a16976918f6564b8830bc894c89659
22,heldout,5,52,3,30,random_positions,2.875,-0.625,-0.625,0.0,False,False,meta-llama/Meta-Llama-3.1-8B-Instruct,0e9e39f249a16976918f6564b8830bc894c89659
22,heldout,5,52,3,31,answer_position,2.875,-0.625,2.875,3.5,False,True,meta-llama/Meta-Llama-3.1-8B-Instruct,0e9e39f249a16976918f6564b8830bc894c89659
22,heldout,5,52,3,31,number_tokens,2.875,-0.625,-0.625,0.0,False,False,meta-llama/Meta-Llama-3.1-8B-Instruct,0e9e39f249a16976918f6564b8830bc894c89659
22,heldout,5,52,3,31,random_positions,2.875,-0.625,-0.625,0.0,False,False,meta-llama/Meta-Llama-3.1-8B-Instruct,0e9e39f249a16976918f6564b8830bc894c89659
23,heldout,5,53,4,0,answer_position,2.75,-1.25,-1.25,0.0,False,False,meta-llama/Meta-Llama-3.1-8B-Instruct,0e9e39f249a16976918f6564b8830bc894c89659
23,heldout,5,53,4,0,number_tokens,2.75,-1.25,-1.125,0.125,False,False,meta-llama/Meta-Llama-3.1-8B-Instruct,0e9e39f249a16976918f6564b8830bc894c89659
23,heldout,5,53,4,0,random_positions,2.75,-1.25,-1.25,0.0,False,False,meta-llama/Meta-Llama-3.1-8B-Instruct,0e9e39f249a16976918f6564b8830bc894c89659
23,heldout,5,53,4,1,answer_position,2.75,-1.25,-1.375,-0.125,False,False,meta-llama/Meta-Llama-3.1-8B-Instruct,0e9e39f249a16976918f6564b8830bc894c89659
23,heldout,5,53,4,1,number_tokens,2.75,-1.25,-1.25,0.0,False,False,meta-llama/Meta-Llama-3.1-8B-Instruct,0e9e39f249a16976918f6564b8830bc894c89659
23,heldout,5,53,4,1,random_positions,2.75,-1.25,-0.75,0.5,False,False,meta-llama/Meta-Llama-3.1-8B-Instruct,0e9e39f249a16976918f6564b8830bc894c89659
23,heldout,5,53,4,2,answer_position,2.75,-1.25,-1.25,0.0,False,False,meta-llama/Meta-Llama-3.1-8B-Instruct,0e9e39f249a16976918f6564b8830bc894c89659
23,heldout,5,53,4,2,number_tokens,2.75,-1.25,-1.375,-0.125,False,False,meta-llama/Meta-Llama-3.1-8B-Instruct,0e9e39f249a16976918f6564b8830bc894c89659
23,heldout,5,53,4,2,random_positions,2.75,-1.25,-0.625,0.625,False,False,meta-llama/Meta-Llama-3.1-8B-Instruct,0e9e39f249a16976918f6564b8830bc894c89659
23,heldout,5,53,4,3,answer_position,2.75,-1.25,-1.375,-0.125,False,False,meta-llama/Meta-Llama-3.1-8B-Instruct,0e9e39f249a16976918f6564b8830bc894c89659
23,heldout,5,53,4,3,number_tokens,2.75,-1.25,-1.125,0.125,False,False,meta-llama/Meta-Llama-3.1-8B-Instruct,0e9e39f249a16976918f6564b8830bc894c89659
23,heldout,5,53,4,3,random_positions,2.75,-1.25,-0.625,0.625,False,False,meta-llama/Meta-Llama-3.1-8B-Instruct,0e9e39f249a16976918f6564b8830bc894c89659
23,heldout,5,53,4,4,answer_position,2.75,-1.25,-1.25,0.0,False,False,meta-llama/Meta-Llama-3.1-8B-Instruct,0e9e39f249a16976918f6564b8830bc894c89659
23,heldout,5,53,4,4,number_tokens,2.75,-1.25,-0.875,0.375,False,False,meta-llama/Meta-Llama-3.1-8B-Instruct,0e9e39f249a16976918f6564b8830bc894c89659
23,heldout,5,53,4,4,random_positions,2.75,-1.25,-0.875,0.375,False,False,meta-llama/Meta-Llama-3.1-8B-Instruct,0e9e39f249a16976918f6564b8830bc894c89659
23,heldout,5,53,4,5,answer_position,2.75,-1.25,-1.25,0.0,False,False,meta-llama/Meta-Llama-3.1-8B-Instruct,0e9e39f249a16976918f6564b8830bc894c89659
23,heldout,5,53,4,5,number_tokens,2.75,-1.25,-3.5,-2.25,False,False,meta-llama/Meta-Llama-3.1-8B-Instruct,0e9e39f249a16976918f6564b8830bc894c89659
23,heldout,5,53,4,5,random_positions,2.75,-1.25,-0.75,0.5,False,False,meta-llama/Meta-Llama-3.1-8B-Instruct,0e9e39f249a16976918f6564b8830bc894c89659
23,heldout,5,53,4,6,answer_position,2.75,-1.25,-1.25,0.0,False,False,meta-llama/Meta-Llama-3.1-8B-Instruct,0e9e39f249a16976918f6564b8830bc894c89659
23,heldout,5,53,4,6,number_tokens,2.75,-1.25,-2.625,-1.375,False,False,meta-llama/Meta-Llama-3.1-8B-Instruct,0e9e39f249a16976918f6564b8830bc894c89659
23,heldout,5,53,4,6,random_positions,2.75,-1.25,-0.75,0.5,False,False,meta-llama/Meta-Llama-3.1-8B-Instruct,0e9e39f249a16976918f6564b8830bc894c89659
23,heldout,5,53,4,7,answer_position,2.75,-1.25,-1.375,-0.125,False,False,meta-llama/Meta-Llama-3.1-8B-Instruct,0e9e39f249a16976918f6564b8830bc894c89659
23,heldout,5,53,4,7,number_tokens,2.75,-1.25,-1.75,-0.5,False,False,meta-llama/Meta-Llama-3.1-8B-Instruct,0e9e39f249a16976918f6564b8830bc894c89659
23,heldout,5,53,4,7,random_positions,2.75,-1.25,-0.75,0.5,False,False,meta-llama/Meta-Llama-3.1-8B-Instruct,0e9e39f249a16976918f6564b8830bc894c89659
23,heldout,5,53,4,8,answer_position,2.75,-1.25,-1.375,-0.125,False,False,meta-llama/Meta-Llama-3.1-8B-Instruct,0e9e39f249a16976918f6564b8830bc894c89659
23,heldout,5,53,4,8,number_tokens,2.75,-1.25,0.25,1.5,False,True,meta-llama/Meta-Llama-3.1-8B-Instruct,0e9e39f249a16976918f6564b8830bc894c89659
23,heldout,5,53,4,8,random_positions,2.75,-1.25,-0.75,0.5,False,False,meta-llama/Meta-Llama-3.1-8B-Instruct,0e9e39f249a16976918f6564b8830bc894c89659
23,heldout,5,53,4,9,answer_position,2.75,-1.25,-1.25,0.0,False,False,meta-llama/Meta-Llama-3.1-8B-Instruct,0e9e39f249a16976918f6564b8830bc894c89659
23,heldout,5,53,4,9,number_tokens,2.75,-1.25,-0.25,1.0,False,False,meta-llama/Meta-Llama-3.1-8B-Instruct,0e9e39f249a16976918f6564b8830bc894c89659
23,heldout,5,53,4,9,random_positions,2.75,-1.25,-0.875,0.375,False,False,meta-llama/Meta-Llama-3.1-8B-Instruct,0e9e39f249a16976918f6564b8830bc894c89659
23,heldout,5,53,4,10,answer_position,2.75,-1.25,-1.375,-0.125,False,False,meta-llama/Meta-Llama-3.1-8B-Instruct,0e9e39f249a16976918f6564b8830bc894c89659
23,heldout,5,53,4,10,number_tokens,2.75,-1.25,0.0,1.25,False,False,meta-llama/Meta-Llama-3.1-8B-Instruct,0e9e39f249a16976918f6564b8830bc894c89659
23,heldout,5,53,4,10,random_positions,2.75,-1.25,-0.75,0.5,False,False,meta-llama/Meta-Llama-3.1-8B-Instruct,0e9e39f249a16976918f6564b8830bc894c89659
23,heldout,5,53,4,11,answer_position,2.75,-1.25,-1.25,0.0,False,False,meta-llama/Meta-Llama-3.1-8B-Instruct,0e9e39f249a16976918f6564b8830bc894c89659
23,heldout,5,53,4,11,number_tokens,2.75,-1.25,-0.375,0.875,False,False,meta-llama/Meta-Llama-3.1-8B-Instruct,0e9e39f249a16976918f6564b8830bc894c89659
23,heldout,5,53,4,11,random_positions,2.75,-1.25,-0.75,0.5,False,False,meta-llama/Meta-Llama-3.1-8B-Instruct,0e9e39f249a16976918f6564b8830bc894c89659
23,heldout,5,53,4,12,answer_position,2.75,-1.25,-1.25,0.0,False,False,meta-llama/Meta-Llama-3.1-8B-Instruct,0e9e39f249a16976918f6564b8830bc894c89659
23,heldout,5,53,4,12,number_tokens,2.75,-1.25,-0.5,0.75,False,False,meta-llama/Meta-Llama-3.1-8B-Instruct,0e9e39f249a16976918f6564b8830bc894c89659
23,heldout,5,53,4,12,random_positions,2.75,-1.25,-0.625,0.625,False,False,meta-llama/Meta-Llama-3.1-8B-Instruct,0e9e39f249a16976918f6564b8830bc894c89659
23,heldout,5,53,4,13,answer_position,2.75,-1.25,-0.875,0.375,False,False,meta-llama/Meta-Llama-3.1-8B-Instruct,0e9e39f249a16976918f6564b8830bc894c89659
23,heldout,5,53,4,13,number_tokens,2.75,-1.25,-1.0,0.25,False,False,meta-llama/Meta-Llama-3.1-8B-Instruct,0e9e39f249a16976918f6564b8830bc894c89659
23,heldout,5,53,4,13,random_positions,2.75,-1.25,-0.75,0.5,False,False,meta-llama/Meta-Llama-3.1-8B-Instruct,0e9e39f249a16976918f6564b8830bc894c89659
23,heldout,5,53,4,14,answer_position,2.75,-1.25,-0.5,0.75,False,False,meta-llama/Meta-Llama-3.1-8B-Instruct,0e9e39f249a16976918f6564b8830bc894c89659
23,heldout,5,53,4,14,number_tokens,2.75,-1.25,-1.25,0.0,False,False,meta-llama/Meta-Llama-3.1-8B-Instruct,0e9e39f249a16976918f6564b8830bc894c89659
23,heldout,5,53,4,14,random_positions,2.75,-1.25,-0.625,0.625,False,False,meta-llama/Meta-Llama-3.1-8B-Instruct,0e9e39f249a16976918f6564b8830bc894c89659
23,heldout,5,53,4,15,answer_position,2.75,-1.25,0.5,1.75,False,True,meta-llama/Meta-Llama-3.1-8B-Instruct,0e9e39f249a16976918f6564b8830bc894c89659
23,heldout,5,53,4,15,number_tokens,2.75,-1.25,-1.375,-0.125,False,False,meta-llama/Meta-Llama-3.1-8B-Instruct,0e9e39f249a16976918f6564b8830bc894c89659
23,heldout,5,53,4,15,random_positions,2.75,-1.25,-0.625,0.625,False,False,meta-llama/Meta-Llama-3.1-8B-Instruct,0e9e39f249a16976918f6564b8830bc894c89659
23,heldout,5,53,4,16,answer_position,2.75,-1.25,-0.625,0.625,False,False,meta-llama/Meta-Llama-3.1-8B-Instruct,0e9e39f249a16976918f6564b8830bc894c89659
23,heldout,5,53,4,16,number_tokens,2.75,-1.25,-1.375,-0.125,False,False,meta-llama/Meta-Llama-3.1-8B-Instruct,0e9e39f249a16976918f6564b8830bc894c89659
23,heldout,5,53,4,16,random_positions,2.75,-1.25,-1.25,0.0,False,False,meta-llama/Meta-Llama-3.1-8B-Instruct,0e9e39f249a16976918f6564b8830bc894c89659
23,heldout,5,53,4,17,answer_position,2.75,-1.25,2.5,3.75,False,True,meta-llama/Meta-Llama-3.1-8B-Instruct,0e9e39f249a16976918f6564b8830bc894c89659
23,heldout,5,53,4,17,number_tokens,2.75,-1.25,-1.25,0.0,False,False,meta-llama/Meta-Llama-3.1-8B-Instruct,0e9e39f249a16976918f6564b8830bc894c89659
23,heldout,5,53,4,17,random_positions,2.75,-1.25,-1.125,0.125,False,False,meta-llama/Meta-Llama-3.1-8B-Instruct,0e9e39f249a16976918f6564b8830bc894c89659
23,heldout,5,53,4,18,answer_position,2.75,-1.25,2.5,3.75,False,True,meta-llama/Meta-Llama-3.1-8B-Instruct,0e9e39f249a16976918f6564b8830bc894c89659
23,heldout,5,53,4,18,number_tokens,2.75,-1.25,-1.25,0.0,False,False,meta-llama/Meta-Llama-3.1-8B-Instruct,0e9e39f249a16976918f6564b8830bc894c89659
23,heldout,5,53,4,18,random_positions,2.75,-1.25,-1.25,0.0,False,False,meta-llama/Meta-Llama-3.1-8B-Instruct,0e9e39f249a16976918f6564b8830bc894c89659
23,heldout,5,53,4,19,answer_position,2.75,-1.25,2.5,3.75,False,True,meta-llama/Meta-Llama-3.1-8B-Instruct,0e9e39f249a16976918f6564b8830bc894c89659
23,heldout,5,53,4,19,number_tokens,2.75,-1.25,-1.375,-0.125,False,False,meta-llama/Meta-Llama-3.1-8B-Instruct,0e9e39f249a16976918f6564b8830bc894c89659
23,heldout,5,53,4,19,random_positions,2.75,-1.25,-1.125,0.125,False,False,meta-llama/Meta-Llama-3.1-8B-Instruct,0e9e39f249a16976918f6564b8830bc894c89659
23,heldout,5,53,4,20,answer_position,2.75,-1.25,2.625,3.875,False,True,meta-llama/Meta-Llama-3.1-8B-Instruct,0e9e39f249a16976918f6564b8830bc894c89659
23,heldout,5,53,4,20,number_tokens,2.75,-1.25,-1.375,-0.125,False,False,meta-llama/Meta-Llama-3.1-8B-Instruct,0e9e39f249a16976918f6564b8830bc894c89659
23,heldout,5,53,4,20,random_positions,2.75,-1.25,-1.125,0.125,False,False,meta-llama/Meta-Llama-3.1-8B-Instruct,0e9e39f249a16976918f6564b8830bc894c89659
23,heldout,5,53,4,21,answer_position,2.75,-1.25,2.625,3.875,False,True,meta-llama/Meta-Llama-3.1-8B-Instruct,0e9e39f249a16976918f6564b8830bc894c89659
23,heldout,5,53,4,21,number_tokens,2.75,-1.25,-1.375,-0.125,False,False,meta-llama/Meta-Llama-3.1-8B-Instruct,0e9e39f249a16976918f6564b8830bc894c89659
23,heldout,5,53,4,21,random_positions,2.75,-1.25,-1.125,0.125,False,False,meta-llama/Meta-Llama-3.1-8B-Instruct,0e9e39f249a16976918f6564b8830bc894c89659
23,heldout,5,53,4,22,answer_position,2.75,-1.25,2.75,4.0,False,True,meta-llama/Meta-Llama-3.1-8B-Instruct,0e9e39f249a16976918f6564b8830bc894c89659
23,heldout,5,53,4,22,number_tokens,2.75,-1.25,-1.375,-0.125,False,False,meta-llama/Meta-Llama-3.1-8B-Instruct,0e9e39f249a16976918f6564b8830bc894c89659
23,heldout,5,53,4,22,random_positions,2.75,-1.25,-1.125,0.125,False,False,meta-llama/Meta-Llama-3.1-8B-Instruct,0e9e39f249a16976918f6564b8830bc894c89659
23,heldout,5,53,4,23,answer_position,2.75,-1.25,2.625,3.875,False,True,meta-llama/Meta-Llama-3.1-8B-Instruct,0e9e39f249a16976918f6564b8830bc894c89659
23,heldout,5,53,4,23,number_tokens,2.75,-1.25,-1.25,0.0,False,False,meta-llama/Meta-Llama-3.1-8B-Instruct,0e9e39f249a16976918f6564b8830bc894c89659
23,heldout,5,53,4,23,random_positions,2.75,-1.25,-1.25,0.0,False,False,meta-llama/Meta-Llama-3.1-8B-Instruct,0e9e39f249a16976918f6564b8830bc894c89659
23,heldout,5,53,4,24,answer_position,2.75,-1.25,2.625,3.875,False,True,meta-llama/Meta-Llama-3.1-8B-Instruct,0e9e39f249a16976918f6564b8830bc894c89659
23,heldout,5,53,4,24,number_tokens,2.75,-1.25,-1.25,0.0,False,False,meta-llama/Meta-Llama-3.1-8B-Instruct,0e9e39f249a16976918f6564b8830bc894c89659
23,heldout,5,53,4,24,random_positions,2.75,-1.25,-1.25,0.0,False,False,meta-llama/Meta-Llama-3.1-8B-Instruct,0e9e39f249a16976918f6564b8830bc894c89659
23,heldout,5,53,4,25,answer_position,2.75,-1.25,2.625,3.875,False,True,meta-llama/Meta-Llama-3.1-8B-Instruct,0e9e39f249a16976918f6564b8830bc894c89659
23,heldout,5,53,4,25,number_tokens,2.75,-1.25,-1.375,-0.125,False,False,meta-llama/Meta-Llama-3.1-8B-Instruct,0e9e39f249a16976918f6564b8830bc894c89659
23,heldout,5,53,4,25,random_positions,2.75,-1.25,-1.25,0.0,False,False,meta-llama/Meta-Llama-3.1-8B-Instruct,0e9e39f249a16976918f6564b8830bc894c89659
23,heldout,5,53,4,26,answer_position,2.75,-1.25,2.625,3.875,False,True,meta-llama/Meta-Llama-3.1-8B-Instruct,0e9e39f249a16976918f6564b8830bc894c89659
23,heldout,5,53,4,26,number_tokens,2.75,-1.25,-1.375,-0.125,False,False,meta-llama/Meta-Llama-3.1-8B-Instruct,0e9e39f249a16976918f6564b8830bc894c89659
23,heldout,5,53,4,26,random_positions,2.75,-1.25,-1.25,0.0,False,False,meta-llama/Meta-Llama-3.1-8B-Instruct,0e9e39f249a16976918f6564b8830bc894c89659
23,heldout,5,53,4,27,answer_position,2.75,-1.25,2.625,3.875,False,True,meta-llama/Meta-Llama-3.1-8B-Instruct,0e9e39f249a16976918f6564b8830bc894c89659
23,heldout,5,53,4,27,number_tokens,2.75,-1.25,-1.25,0.0,False,False,meta-llama/Meta-Llama-3.1-8B-Instruct,0e9e39f249a16976918f6564b8830bc894c89659
23,heldout,5,53,4,27,random_positions,2.75,-1.25,-1.25,0.0,False,False,meta-llama/Meta-Llama-3.1-8B-Instruct,0e9e39f249a16976918f6564b8830bc894c89659
23,heldout,5,53,4,28,answer_position,2.75,-1.25,2.75,4.0,False,True,meta-llama/Meta-Llama-3.1-8B-Instruct,0e9e39f249a16976918f6564b8830bc894c89659
23,heldout,5,53,4,28,number_tokens,2.75,-1.25,-1.375,-0.125,False,False,meta-llama/Meta-Llama-3.1-8B-Instruct,0e9e39f249a16976918f6564b8830bc894c89659
23,heldout,5,53,4,28,random_positions,2.75,-1.25,-1.25,0.0,False,False,meta-llama/Meta-Llama-3.1-8B-Instruct,0e9e39f249a16976918f6564b8830bc894c89659
23,heldout,5,53,4,29,answer_position,2.75,-1.25,2.75,4.0,False,True,meta-llama/Meta-Llama-3.1-8B-Instruct,0e9e39f249a16976918f6564b8830bc894c89659
23,heldout,5,53,4,29,number_tokens,2.75,-1.25,-1.25,0.0,False,False,meta-llama/Meta-Llama-3.1-8B-Instruct,0e9e39f249a16976918f6564b8830bc894c89659
23,heldout,5,53,4,29,random_positions,2.75,-1.25,-1.25,0.0,False,False,meta-llama/Meta-Llama-3.1-8B-Instruct,0e9e39f249a16976918f6564b8830bc894c89659
23,heldout,5,53,4,30,answer_position,2.75,-1.25,2.75,4.0,False,True,meta-llama/Meta-Llama-3.1-8B-Instruct,0e9e39f249a16976918f6564b8830bc894c89659
23,heldout,5,53,4,30,number_tokens,2.75,-1.25,-1.25,0.0,False,False,meta-llama/Meta-Llama-3.1-8B-Instruct,0e9e39f249a16976918f6564b8830bc894c89659
23,heldout,5,53,4,30,random_positions,2.75,-1.25,-1.25,0.0,False,False,meta-llama/Meta-Llama-3.1-8B-Instruct,0e9e39f249a16976918f6564b8830bc894c89659
23,heldout,5,53,4,31,answer_position,2.75,-1.25,2.75,4.0,False,True,meta-llama/Meta-Llama-3.1-8B-Instruct,0e9e39f249a16976918f6564b8830bc894c89659
23,heldout,5,53,4,31,number_tokens,2.75,-1.25,-1.25,0.0,False,False,meta-llama/Meta-Llama-3.1-8B-Instruct,0e9e39f249a16976918f6564b8830bc894c89659
23,heldout,5,53,4,31,random_positions,2.75,-1.25,-1.25,0.0,False,False,meta-llama/Meta-Llama-3.1-8B-Instruct,0e9e39f249a16976918f6564b8830bc894c89659
24,heldout,5,54,2,0,answer_position,1.5,-0.75,-0.75,0.0,False,False,meta-llama/Meta-Llama-3.1-8B-Instruct,0e9e39f249a16976918f6564b8830bc894c89659
24,heldout,5,54,2,0,number_tokens,1.5,-0.75,-0.625,0.125,False,False,meta-llama/Meta-Llama-3.1-8B-Instruct,0e9e39f249a16976918f6564b8830bc894c89659
24,heldout,5,54,2,0,random_positions,1.5,-0.75,-0.75,0.0,False,False,meta-llama/Meta-Llama-3.1-8B-Instruct,0e9e39f249a16976918f6564b8830bc894c89659
24,heldout,5,54,2,1,answer_position,1.5,-0.75,-0.75,0.0,False,False,meta-llama/Meta-Llama-3.1-8B-Instruct,0e9e39f249a16976918f6564b8830bc894c89659
24,heldout,5,54,2,1,number_tokens,1.5,-0.75,-0.75,0.0,False,False,meta-llama/Meta-Llama-3.1-8B-Instruct,0e9e39f249a16976918f6564b8830bc894c89659
24,heldout,5,54,2,1,random_positions,1.5,-0.75,-0.75,0.0,False,False,meta-llama/Meta-Llama-3.1-8B-Instruct,0e9e39f249a16976918f6564b8830bc894c89659
24,heldout,5,54,2,2,answer_position,1.5,-0.75,-0.875,-0.125,False,False,meta-llama/Meta-Llama-3.1-8B-Instruct,0e9e39f249a16976918f6564b8830bc894c89659
24,heldout,5,54,2,2,number_tokens,1.5,-0.75,-4.25,-3.5,False,False,meta-llama/Meta-Llama-3.1-8B-Instruct,0e9e39f249a16976918f6564b8830bc894c89659
24,heldout,5,54,2,2,random_positions,1.5,-0.75,-0.75,0.0,False,False,meta-llama/Meta-Llama-3.1-8B-Instruct,0e9e39f249a16976918f6564b8830bc894c89659
24,heldout,5,54,2,3,answer_position,1.5,-0.75,-0.875,-0.125,False,False,meta-llama/Meta-Llama-3.1-8B-Instruct,0e9e39f249a16976918f6564b8830bc894c89659
24,heldout,5,54,2,3,number_tokens,1.5,-0.75,-3.875,-3.125,False,False,meta-llama/Meta-Llama-3.1-8B-Instruct,0e9e39f249a16976918f6564b8830bc894c89659
24,heldout,5,54,2,3,random_positions,1.5,-0.75,-0.75,0.0,False,False,meta-llama/Meta-Llama-3.1-8B-Instruct,0e9e39f249a16976918f6564b8830bc894c89659
24,heldout,5,54,2,4,answer_position,1.5,-0.75,-0.75,0.0,False,False,meta-llama/Meta-Llama-3.1-8B-Instruct,0e9e39f249a16976918f6564b8830bc894c89659
24,heldout,5,54,2,4,number_tokens,1.5,-0.75,-4.25,-3.5,False,False,meta-llama/Meta-Llama-3.1-8B-Instruct,0e9e39f249a16976918f6564b8830bc894c89659
24,heldout,5,54,2,4,random_positions,1.5,-0.75,-0.875,-0.125,False,False,meta-llama/Meta-Llama-3.1-8B-Instruct,0e9e39f249a16976918f6564b8830bc894c89659
24,heldout,5,54,2,5,answer_position,1.5,-0.75,-0.75,0.0,False,False,meta-llama/Meta-Llama-3.1-8B-Instruct,0e9e39f249a16976918f6564b8830bc894c89659
24,heldout,5,54,2,5,number_tokens,1.5,-0.75,-4.625,-3.875,False,False,meta-llama/Meta-Llama-3.1-8B-Instruct,0e9e39f249a16976918f6564b8830bc894c89659
24,heldout,5,54,2,5,random_positions,1.5,-0.75,-1.0,-0.25,False,False,meta-llama/Meta-Llama-3.1-8B-Instruct,0e9e39f249a16976918f6564b8830bc894c89659
24,heldout,5,54,2,6,answer_position,1.5,-0.75,-0.75,0.0,False,False,meta-llama/Meta-Llama-3.1-8B-Instruct,0e9e39f249a16976918f6564b8830bc894c89659
24,heldout,5,54,2,6,number_tokens,1.5,-0.75,-3.0,-2.25,False,False,meta-llama/Meta-Llama-3.1-8B-Instruct,0e9e39f249a16976918f6564b8830bc894c89659
24,heldout,5,54,2,6,random_positions,1.5,-0.75,-1.0,-0.25,False,False,meta-llama/Meta-Llama-3.1-8B-Instruct,0e9e39f249a16976918f6564b8830bc894c89659
24,heldout,5,54,2,7,answer_position,1.5,-0.75,-0.875,-0.125,False,False,meta-llama/Meta-Llama-3.1-8B-Instruct,0e9e39f249a16976918f6564b8830bc894c89659
24,heldout,5,54,2,7,number_tokens,1.5,-0.75,-2.25,-1.5,False,False,meta-llama/Meta-Llama-3.1-8B-Instruct,0e9e39f249a16976918f6564b8830bc894c89659
24,heldout,5,54,2,7,random_positions,1.5,-0.75,-1.0,-0.25,False,False,meta-llama/Meta-Llama-3.1-8B-Instruct,0e9e39f249a16976918f6564b8830bc894c89659
24,heldout,5,54,2,8,answer_position,1.5,-0.75,-0.75,0.0,False,False,meta-llama/Meta-Llama-3.1-8B-Instruct,0e9e39f249a16976918f6564b8830bc894c89659
24,heldout,5,54,2,8,number_tokens,1.5,-0.75,-0.5,0.25,False,False,meta-llama/Meta-Llama-3.1-8B-Instruct,0e9e39f249a16976918f6564b8830bc894c89659
24,heldout,5,54,2,8,random_positions,1.5,-0.75,-0.875,-0.125,False,False,meta-llama/Meta-Llama-3.1-8B-Instruct,0e9e39f249a16976918f6564b8830bc894c89659
24,heldout,5,54,2,9,answer_position,1.5,-0.75,-0.875,-0.125,False,False,meta-llama/Meta-Llama-3.1-8B-Instruct,0e9e39f249a16976918f6564b8830bc894c89659
24,heldout,5,54,2,9,number_tokens,1.5,-0.75,-1.0,-0.25,False,False,meta-llama/Meta-Llama-3.1-8B-Instruct,0e9e39f249a16976918f6564b8830bc894c89659
24,heldout,5,54,2,9,random_positions,1.5,-0.75,-0.75,0.0,False,False,meta-llama/Meta-Llama-3.1-8B-Instruct,0e9e39f249a16976918f6564b8830bc894c89659
24,heldout,5,54,2,10,answer_position,1.5,-0.75,-0.875,-0.125,False,False,meta-llama/Meta-Llama-3.1-8B-Instruct,0e9e39f249a16976918f6564b8830bc894c89659
24,heldout,5,54,2,10,number_tokens,1.5,-0.75,-0.375,0.375,False,False,meta-llama/Meta-Llama-3.1-8B-Instruct,0e9e39f249a16976918f6564b8830bc894c89659
24,heldout,5,54,2,10,random_positions,1.5,-0.75,-0.625,0.125,False,False,meta-llama/Meta-Llama-3.1-8B-Instruct,0e9e39f249a16976918f6564b8830bc894c89659
24,heldout,5,54,2,11,answer_position,1.5,-0.75,-0.875,-0.125,False,False,meta-llama/Meta-Llama-3.1-8B-Instruct,0e9e39f249a16976918f6564b8830bc894c89659
24,heldout,5,54,2,11,number_tokens,1.5,-0.75,0.0,0.75,False,False,meta-llama/Meta-Llama-3.1-8B-Instruct,0e9e39f249a16976918f6564b8830bc894c89659
24,heldout,5,54,2,11,random_positions,1.5,-0.75,-0.625,0.125,False,False,meta-llama/Meta-Llama-3.1-8B-Instruct,0e9e39f249a16976918f6564b8830bc894c89659
24,heldout,5,54,2,12,answer_position,1.5,-0.75,-0.625,0.125,False,False,meta-llama/Meta-Llama-3.1-8B-Instruct,0e9e39f249a16976918f6564b8830bc894c89659
24,heldout,5,54,2,12,number_tokens,1.5,-0.75,0.0,0.75,False,False,meta-llama/Meta-Llama-3.1-8B-Instruct,0e9e39f249a16976918f6564b8830bc894c89659
24,heldout,5,54,2,12,random_positions,1.5,-0.75,0.0,0.75,False,False,meta-llama/Meta-Llama-3.1-8B-Instruct,0e9e39f249a16976918f6564b8830bc894c89659
24,heldout,5,54,2,13,answer_position,1.5,-0.75,-0.5,0.25,False,False,meta-llama/Meta-Llama-3.1-8B-Instruct,0e9e39f249a16976918f6564b8830bc894c89659
24,heldout,5,54,2,13,number_tokens,1.5,-0.75,-0.75,0.0,False,False,meta-llama/Meta-Llama-3.1-8B-Instruct,0e9e39f249a16976918f6564b8830bc894c89659
24,heldout,5,54,2,13,random_positions,1.5,-0.75,0.625,1.375,False,True,meta-llama/Meta-Llama-3.1-8B-Instruct,0e9e39f249a16976918f6564b8830bc894c89659
24,heldout,5,54,2,14,answer_position,1.5,-0.75,0.0,0.75,False,False,meta-llama/Meta-Llama-3.1-8B-Instruct,0e9e39f249a16976918f6564b8830bc894c89659
24,heldout,5,54,2,14,number_tokens,1.5,-0.75,-0.75,0.0,False,False,meta-llama/Meta-Llama-3.1-8B-Instruct,0e9e39f249a16976918f6564b8830bc894c89659
24,heldout,5,54,2,14,random_positions,1.5,-0.75,0.25,1.0,False,True,meta-llama/Meta-Llama-3.1-8B-Instruct,0e9e39f249a16976918f6564b8830bc894c89659
24,heldout,5,54,2,15,answer_position,1.5,-0.75,0.625,1.375,False,True,meta-llama/Meta-Llama-3.1-8B-Instruct,0e9e39f249a16976918f6564b8830bc894c89659
24,heldout,5,54,2,15,number_tokens,1.5,-0.75,-0.875,-0.125,False,False,meta-llama/Meta-Llama-3.1-8B-Instruct,0e9e39f249a16976918f6564b8830bc894c89659
24,heldout,5,54,2,15,random_positions,1.5,-0.75,-0.625,0.125,False,False,meta-llama/Meta-Llama-3.1-8B-Instruct,0e9e39f249a16976918f6564b8830bc894c89659
24,heldout,5,54,2,16,answer_position,1.5,-0.75,-0.25,0.5,False,False,meta-llama/Meta-Llama-3.1-8B-Instruct,0e9e39f249a16976918f6564b8830bc894c89659
24,heldout,5,54,2,16,number_tokens,1.5,-0.75,-0.75,0.0,False,False,meta-llama/Meta-Llama-3.1-8B-Instruct,0e9e39f249a16976918f6564b8830bc894c89659
24,heldout,5,54,2,16,random_positions,1.5,-0.75,-0.75,0.0,False,False,meta-llama/Meta-Llama-3.1-8B-Instruct,0e9e39f249a16976918f6564b8830bc894c89659
24,heldout,5,54,2,17,answer_position,1.5,-0.75,1.5,2.25,False,True,meta-llama/Meta-Llama-3.1-8B-Instruct,0e9e39f249a16976918f6564b8830bc894c89659
24,heldout,5,54,2,17,number_tokens,1.5,-0.75,-0.875,-0.125,False,False,meta-llama/Meta-Llama-3.1-8B-Instruct,0e9e39f249a16976918f6564b8830bc894c89659
24,heldout,5,54,2,17,random_positions,1.5,-0.75,-0.625,0.125,False,False,meta-llama/Meta-Llama-3.1-8B-Instruct,0e9e39f249a16976918f6564b8830bc894c89659
24,heldout,5,54,2,18,answer_position,1.5,-0.75,1.375,2.125,False,True,meta-llama/Meta-Llama-3.1-8B-Instruct,0e9e39f249a16976918f6564b8830bc894c89659
24,heldout,5,54,2,18,number_tokens,1.5,-0.75,-0.75,0.0,False,False,meta-llama/Meta-Llama-3.1-8B-Instruct,0e9e39f249a16976918f6564b8830bc894c89659
24,heldout,5,54,2,18,random_positions,1.5,-0.75,-0.75,0.0,False,False,meta-llama/Meta-Llama-3.1-8B-Instruct,0e9e39f249a16976918f6564b8830bc894c89659
24,heldout,5,54,2,19,answer_position,1.5,-0.75,1.375,2.125,False,True,meta-llama/Meta-Llama-3.1-8B-Instruct,0e9e39f249a16976918f6564b8830bc894c89659
24,heldout,5,54,2,19,number_tokens,1.5,-0.75,-0.875,-0.125,False,False,meta-llama/Meta-Llama-3.1-8B-Instruct,0e9e39f249a16976918f6564b8830bc894c89659
24,heldout,5,54,2,19,random_positions,1.5,-0.75,-0.75,0.0,False,False,meta-llama/Meta-Llama-3.1-8B-Instruct,0e9e39f249a16976918f6564b8830bc894c89659
24,heldout,5,54,2,20,answer_position,1.5,-0.75,1.5,2.25,False,True,meta-llama/Meta-Llama-3.1-8B-Instruct,0e9e39f249a16976918f6564b8830bc894c89659
24,heldout,5,54,2,20,number_tokens,1.5,-0.75,-0.75,0.0,False,False,meta-llama/Meta-Llama-3.1-8B-Instruct,0e9e39f249a16976918f6564b8830bc894c89659
24,heldout,5,54,2,20,random_positions,1.5,-0.75,-0.75,0.0,False,False,meta-llama/Meta-Llama-3.1-8B-Instruct,0e9e39f249a16976918f6564b8830bc894c89659
24,heldout,5,54,2,21,answer_position,1.5,-0.75,1.625,2.375,False,True,meta-llama/Meta-Llama-3.1-8B-Instruct,0e9e39f249a16976918f6564b8830bc894c89659
24,heldout,5,54,2,21,number_tokens,1.5,-0.75,-0.75,0.0,False,False,meta-llama/Meta-Llama-3.1-8B-Instruct,0e9e39f249a16976918f6564b8830bc894c89659
24,heldout,5,54,2,21,random_positions,1.5,-0.75,-0.75,0.0,False,False,meta-llama/Meta-Llama-3.1-8B-Instruct,0e9e39f249a16976918f6564b8830bc894c89659
24,heldout,5,54,2,22,answer_position,1.5,-0.75,1.5,2.25,False,True,meta-llama/Meta-Llama-3.1-8B-Instruct,0e9e39f249a16976918f6564b8830bc894c89659
24,heldout,5,54,2,22,number_tokens,1.5,-0.75,-0.75,0.0,False,False,meta-llama/Meta-Llama-3.1-8B-Instruct,0e9e39f249a16976918f6564b8830bc894c89659
24,heldout,5,54,2,22,random_positions,1.5,-0.75,-0.75,0.0,False,False,meta-llama/Meta-Llama-3.1-8B-Instruct,0e9e39f249a16976918f6564b8830bc894c89659
24,heldout,5,54,2,23,answer_position,1.5,-0.75,1.5,2.25,False,True,meta-llama/Meta-Llama-3.1-8B-Instruct,0e9e39f249a16976918f6564b8830bc894c89659
24,heldout,5,54,2,23,number_tokens,1.5,-0.75,-0.875,-0.125,False,False,meta-llama/Meta-Llama-3.1-8B-Instruct,0e9e39f249a16976918f6564b8830bc894c89659
24,heldout,5,54,2,23,random_positions,1.5,-0.75,-0.75,0.0,False,False,meta-llama/Meta-Llama-3.1-8B-Instruct,0e9e39f249a16976918f6564b8830bc894c89659
24,heldout,5,54,2,24,answer_position,1.5,-0.75,1.375,2.125,False,True,meta-llama/Meta-Llama-3.1-8B-Instruct,0e9e39f249a16976918f6564b8830bc894c89659
24,heldout,5,54,2,24,number_tokens,1.5,-0.75,-0.875,-0.125,False,False,meta-llama/Meta-Llama-3.1-8B-Instruct,0e9e39f249a16976918f6564b8830bc894c89659
24,heldout,5,54,2,24,random_positions,1.5,-0.75,-0.875,-0.125,False,False,meta-llama/Meta-Llama-3.1-8B-Instruct,0e9e39f249a16976918f6564b8830bc894c89659
24,heldout,5,54,2,25,answer_position,1.5,-0.75,1.5,2.25,False,True,meta-llama/Meta-Llama-3.1-8B-Instruct,0e9e39f249a16976918f6564b8830bc894c89659
24,heldout,5,54,2,25,number_tokens,1.5,-0.75,-0.875,-0.125,False,False,meta-llama/Meta-Llama-3.1-8B-Instruct,0e9e39f249a16976918f6564b8830bc894c89659
24,heldout,5,54,2,25,random_positions,1.5,-0.75,-0.75,0.0,False,False,meta-llama/Meta-Llama-3.1-8B-Instruct,0e9e39f249a16976918f6564b8830bc894c89659
24,heldout,5,54,2,26,answer_position,1.5,-0.75,1.375,2.125,False,True,meta-llama/Meta-Llama-3.1-8B-Instruct,0e9e39f249a16976918f6564b8830bc894c89659
24,heldout,5,54,2,26,number_tokens,1.5,-0.75,-0.875,-0.125,False,False,meta-llama/Meta-Llama-3.1-8B-Instruct,0e9e39f249a16976918f6564b8830bc894c89659
24,heldout,5,54,2,26,random_positions,1.5,-0.75,-0.75,0.0,False,False,meta-llama/Meta-Llama-3.1-8B-Instruct,0e9e39f249a16976918f6564b8830bc894c89659
24,heldout,5,54,2,27,answer_position,1.5,-0.75,1.5,2.25,False,True,meta-llama/Meta-Llama-3.1-8B-Instruct,0e9e39f249a16976918f6564b8830bc894c89659
24,heldout,5,54,2,27,number_tokens,1.5,-0.75,-0.875,-0.125,False,False,meta-llama/Meta-Llama-3.1-8B-Instruct,0e9e39f249a16976918f6564b8830bc894c89659
24,heldout,5,54,2,27,random_positions,1.5,-0.75,-0.75,0.0,False,False,meta-llama/Meta-Llama-3.1-8B-Instruct,0e9e39f249a16976918f6564b8830bc894c89659
24,heldout,5,54,2,28,answer_position,1.5,-0.75,1.5,2.25,False,True,meta-llama/Meta-Llama-3.1-8B-Instruct,0e9e39f249a16976918f6564b8830bc894c89659
24,heldout,5,54,2,28,number_tokens,1.5,-0.75,-0.75,0.0,False,False,meta-llama/Meta-Llama-3.1-8B-Instruct,0e9e39f249a16976918f6564b8830bc894c89659
24,heldout,5,54,2,28,random_positions,1.5,-0.75,-0.75,0.0,False,False,meta-llama/Meta-Llama-3.1-8B-Instruct,0e9e39f249a16976918f6564b8830bc894c89659
24,heldout,5,54,2,29,answer_position,1.5,-0.75,1.375,2.125,False,True,meta-llama/Meta-Llama-3.1-8B-Instruct,0e9e39f249a16976918f6564b8830bc894c89659
24,heldout,5,54,2,29,number_tokens,1.5,-0.75,-0.75,0.0,False,False,meta-llama/Meta-Llama-3.1-8B-Instruct,0e9e39f249a16976918f6564b8830bc894c89659
24,heldout,5,54,2,29,random_positions,1.5,-0.75,-0.75,0.0,False,False,meta-llama/Meta-Llama-3.1-8B-Instruct,0e9e39f249a16976918f6564b8830bc894c89659
24,heldout,5,54,2,30,answer_position,1.5,-0.75,1.5,2.25,False,True,meta-llama/Meta-Llama-3.1-8B-Instruct,0e9e39f249a16976918f6564b8830bc894c89659
24,heldout,5,54,2,30,number_tokens,1.5,-0.75,-0.75,0.0,False,False,meta-llama/Meta-Llama-3.1-8B-Instruct,0e9e39f249a16976918f6564b8830bc894c89659
24,heldout,5,54,2,30,random_positions,1.5,-0.75,-0.75,0.0,False,False,meta-llama/Meta-Llama-3.1-8B-Instruct,0e9e39f249a16976918f6564b8830bc894c89659
24,heldout,5,54,2,31,answer_position,1.5,-0.75,1.5,2.25,False,True,meta-llama/Meta-Llama-3.1-8B-Instruct,0e9e39f249a16976918f6564b8830bc894c89659
24,heldout,5,54,2,31,number_tokens,1.5,-0.75,-0.75,0.0,False,False,meta-llama/Meta-Llama-3.1-8B-Instruct,0e9e39f249a16976918f6564b8830bc894c89659
24,heldout,5,54,2,31,random_positions,1.5,-0.75,-0.75,0.0,False,False,meta-llama/Meta-Llama-3.1-8B-Instruct,0e9e39f249a16976918f6564b8830bc894c89659
25,heldout,6,54,2,0,answer_position,1.375,-1.25,-1.375,-0.125,False,False,meta-llama/Meta-Llama-3.1-8B-Instruct,0e9e39f249a16976918f6564b8830bc894c89659
25,heldout,6,54,2,0,number_tokens,1.375,-1.25,-1.125,0.125,False,False,meta-llama/Meta-Llama-3.1-8B-Instruct,0e9e39f249a16976918f6564b8830bc894c89659
25,heldout,6,54,2,0,random_positions,1.375,-1.25,-1.125,0.125,False,False,meta-llama/Meta-Llama-3.1-8B-Instruct,0e9e39f249a16976918f6564b8830bc894c89659
25,heldout,6,54,2,1,answer_position,1.375,-1.25,-1.25,0.0,False,False,meta-llama/Meta-Llama-3.1-8B-Instruct,0e9e39f249a16976918f6564b8830bc894c89659
25,heldout,6,54,2,1,number_tokens,1.375,-1.25,-1.375,-0.125,False,False,meta-llama/Meta-Llama-3.1-8B-Instruct,0e9e39f249a16976918f6564b8830bc894c89659
25,heldout,6,54,2,1,random_positions,1.375,-1.25,-1.375,-0.125,False,False,meta-llama/Meta-Llama-3.1-8B-Instruct,0e9e39f249a16976918f6564b8830bc894c89659
25,heldout,6,54,2,2,answer_position,1.375,-1.25,-1.375,-0.125,False,False,meta-llama/Meta-Llama-3.1-8B-Instruct,0e9e39f249a16976918f6564b8830bc894c89659
25,heldout,6,54,2,2,number_tokens,1.375,-1.25,-3.75,-2.5,False,False,meta-llama/Meta-Llama-3.1-8B-Instruct,0e9e39f249a16976918f6564b8830bc894c89659
25,heldout,6,54,2,2,random_positions,1.375,-1.25,-1.25,0.0,False,False,meta-llama/Meta-Llama-3.1-8B-Instruct,0e9e39f249a16976918f6564b8830bc894c89659
25,heldout,6,54,2,3,answer_position,1.375,-1.25,-1.375,-0.125,False,False,meta-llama/Meta-Llama-3.1-8B-Instruct,0e9e39f249a16976918f6564b8830bc894c89659
25,heldout,6,54,2,3,number_tokens,1.375,-1.25,-4.0,-2.75,False,False,meta-llama/Meta-Llama-3.1-8B-Instruct,0e9e39f249a16976918f6564b8830bc894c89659
25,heldout,6,54,2,3,random_positions,1.375,-1.25,-1.0,0.25,False,False,meta-llama/Meta-Llama-3.1-8B-Instruct,0e9e39f249a16976918f6564b8830bc894c89659
25,heldout,6,54,2,4,answer_position,1.375,-1.25,-1.25,0.0,False,False,meta-llama/Meta-Llama-3.1-8B-Instruct,0e9e39f249a16976918f6564b8830bc894c89659
25,heldout,6,54,2,4,number_tokens,1.375,-1.25,-3.375,-2.125,False,False,meta-llama/Meta-Llama-3.1-8B-Instruct,0e9e39f249a16976918f6564b8830bc894c89659
25,heldout,6,54,2,4,random_positions,1.375,-1.25,-1.25,0.0,False,False,meta-llama/Meta-Llama-3.1-8B-Instruct,0e9e39f249a16976918f6564b8830bc894c89659
25,heldout,6,54,2,5,answer_position,1.375,-1.25,-1.25,0.0,False,False,meta-llama/Meta-Llama-3.1-8B-Instruct,0e9e39f249a16976918f6564b8830bc894c89659
25,heldout,6,54,2,5,number_tokens,1.375,-1.25,-4.0,-2.75,False,False,meta-llama/Meta-Llama-3.1-8B-Instruct,0e9e39f249a16976918f6564b8830bc894c89659
25,heldout,6,54,2,5,random_positions,1.375,-1.25,-1.125,0.125,False,False,meta-llama/Meta-Llama-3.1-8B-Instruct,0e9e39f249a16976918f6564b8830bc894c89659
25,heldout,6,54,2,6,answer_position,1.375,-1.25,-1.375,-0.125,False,False,meta-llama/Meta-Llama-3.1-8B-Instruct,0e9e39f249a16976918f6564b8830bc894c89659
25,heldout,6,54,2,6,number_tokens,1.375,-1.25,-3.125,-1.875,False,False,meta-llama/Meta-Llama-3.1-8B-Instruct,0e9e39f249a16976918f6564b8830bc894c89659
25,heldout,6,54,2,6,random_positions,1.375,-1.25,-1.25,0.0,False,False,meta-llama/Meta-Llama-3.1-8B-Instruct,0e9e39f249a16976918f6564b8830bc894c89659
25,heldout,6,54,2,7,answer_position,1.375,-1.25,-1.375,-0.125,False,False,meta-llama/Meta-Llama-3.1-8B-Instruct,0e9e39f249a16976918f6564b8830bc894c89659
25,heldout,6,54,2,7,number_tokens,1.375,-1.25,-2.5,-1.25,False,False,meta-llama/Meta-Llama-3.1-8B-Instruct,0e9e39f249a16976918f6564b8830bc894c89659
25,heldout,6,54,2,7,random_positions,1.375,-1.25,-1.125,0.125,False,False,meta-llama/Meta-Llama-3.1-8B-Instruct,0e9e39f249a16976918f6564b8830bc894c89659
25,heldout,6,54,2,8,answer_position,1.375,-1.25,-1.375,-0.125,False,False,meta-llama/Meta-Llama-3.1-8B-Instruct,0e9e39f249a16976918f6564b8830bc894c89659
25,heldout,6,54,2,8,number_tokens,1.375,-1.25,-1.375,-0.125,False,False,meta-llama/Meta-Llama-3.1-8B-Instruct,0e9e39f249a16976918f6564b8830bc894c89659
25,heldout,6,54,2,8,random_positions,1.375,-1.25,-0.75,0.5,False,False,meta-llama/Meta-Llama-3.1-8B-Instruct,0e9e39f249a16976918f6564b8830bc894c89659
25,heldout,6,54,2,9,answer_position,1.375,-1.25,-1.375,-0.125,False,False,meta-llama/Meta-Llama-3.1-8B-Instruct,0e9e39f249a16976918f6564b8830bc894c89659
25,heldout,6,54,2,9,number_tokens,1.375,-1.25,-1.875,-0.625,False,False,meta-llama/Meta-Llama-3.1-8B-Instruct,0e9e39f249a16976918f6564b8830bc894c89659
25,heldout,6,54,2,9,random_positions,1.375,-1.25,-0.625,0.625,False,False,meta-llama/Meta-Llama-3.1-8B-Instruct,0e9e39f249a16976918f6564b8830bc894c89659
25,heldout,6,54,2,10,answer_position,1.375,-1.25,-1.25,0.0,False,False,meta-llama/Meta-Llama-3.1-8B-Instruct,0e9e39f249a16976918f6564b8830bc894c89659
25,heldout,6,54,2,10,number_tokens,1.375,-1.25,-1.125,0.125,False,False,meta-llama/Meta-Llama-3.1-8B-Instruct,0e9e39f249a16976918f6564b8830bc894c89659
25,heldout,6,54,2,10,random_positions,1.375,-1.25,-0.75,0.5,False,False,meta-llama/Meta-Llama-3.1-8B-Instruct,0e9e39f249a16976918f6564b8830bc894c89659
25,heldout,6,54,2,11,answer_position,1.375,-1.25,-1.25,0.0,False,False,meta-llama/Meta-Llama-3.1-8B-Instruct,0e9e39f249a16976918f6564b8830bc894c89659
25,heldout,6,54,2,11,number_tokens,1.375,-1.25,-0.875,0.375,False,False,meta-llama/Meta-Llama-3.1-8B-Instruct,0e9e39f249a16976918f6564b8830bc894c89659
25,heldout,6,54,2,11,random_positions,1.375,-1.25,-0.625,0.625,False,False,meta-llama/Meta-Llama-3.1-8B-Instruct,0e9e39f249a16976918f6564b8830bc894c89659
25,heldout,6,54,2,12,answer_position,1.375,-1.25,-1.125,0.125,False,False,meta-llama/Meta-Llama-3.1-8B-Instruct,0e9e39f249a16976918f6564b8830bc894c89659
25,heldout,6,54,2,12,number_tokens,1.375,-1.25,-0.375,0.875,False,False,meta-llama/Meta-Llama-3.1-8B-Instruct,0e9e39f249a16976918f6564b8830bc894c89659
25,heldout,6,54,2,12,random_positions,1.375,-1.25,-0.875,0.375,False,False,meta-llama/Meta-Llama-3.1-8B-Instruct,0e9e39f249a16976918f6564b8830bc894c89659
25,heldout,6,54,2,13,answer_position,1.375,-1.25,-0.5,0.75,False,False,meta-llama/Meta-Llama-3.1-8B-Instruct,0e9e39f249a16976918f6564b8830bc894c89659
25,heldout,6,54,2,13,number_tokens,1.375,-1.25,-1.125,0.125,False,False,meta-llama/Meta-Llama-3.1-8B-Instruct,0e9e39f249a16976918f6564b8830bc894c89659
25,heldout,6,54,2,13,random_positions,1.375,-1.25,-0.875,0.375,False,False,meta-llama/Meta-Llama-3.1-8B-Instruct,0e9e39f249a16976918f6564b8830bc894c89659
25,heldout,6,54,2,14,answer_position,1.375,-1.25,-0.125,1.125,False,False,meta-llama/Meta-Llama-3.1-8B-Instruct,0e9e39f249a16976918f6564b8830bc894c89659
25,heldout,6,54,2,14,number_tokens,1.375,-1.25,-1.125,0.125,False,False,meta-llama/Meta-Llama-3.1-8B-Instruct,0e9e39f249a16976918f6564b8830bc894c89659
25,heldout,6,54,2,14,random_positions,1.375,-1.25,-1.125,0.125,False,False,meta-llama/Meta-Llama-3.1-8B-Instruct,0e9e39f249a16976918f6564b8830bc894c89659
25,heldout,6,54,2,15,answer_position,1.375,-1.25,-0.25,1.0,False,False,meta-llama/Meta-Llama-3.1-8B-Instruct,0e9e39f249a16976918f6564b8830bc894c89659
25,heldout,6,54,2,15,number_tokens,1.375,-1.25,-1.375,-0.125,False,False,meta-llama/Meta-Llama-3.1-8B-Instruct,0e9e39f249a16976918f6564b8830bc894c89659
25,heldout,6,54,2,15,random_positions,1.375,-1.25,-1.25,0.0,False,False,meta-llama/Meta-Llama-3.1-8B-Instruct,0e9e39f249a16976918f6564b8830bc894c89659
25,heldout,6,54,2,16,answer_position,1.375,-1.25,-0.875,0.375,False,False,meta-llama/Meta-Llama-3.1-8B-Instruct,0e9e39f249a16976918f6564b8830bc894c89659
25,heldout,6,54,2,16,number_tokens,1.375,-1.25,-1.25,0.0,False,False,meta-llama/Meta-Llama-3.1-8B-Instruct,0e9e39f249a16976918f6564b8830bc894c89659
25,heldout,6,54,2,16,random_positions,1.375,-1.25,-1.375,-0.125,False,False,meta-llama/Meta-Llama-3.1-8B-Instruct,0e9e39f249a16976918f6564b8830bc894c89659
25,heldout,6,54,2,17,answer_position,1.375,-1.25,1.25,2.5,False,True,meta-llama/Meta-Llama-3.1-8B-Instruct,0e9e39f249a16976918f6564b8830bc894c89659
25,heldout,6,54,2,17,number_tokens,1.375,-1.25,-1.25,0.0,False,False,meta-llama/Meta-Llama-3.1-8B-Instruct,0e9e39f249a16976918f6564b8830bc894c89659
25,heldout,6,54,2,17,random_positions,1.375,-1.25,-1.375,-0.125,False,False,meta-llama/Meta-Llama-3.1-8B-Instruct,0e9e39f249a16976918f6564b8830bc894c89659
25,heldout,6,54,2,18,answer_position,1.375,-1.25,1.25,2.5,False,True,meta-llama/Meta-Llama-3.1-8B-Instruct,0e9e39f249a16976918f6564b8830bc894c89659
25,heldout,6,54,2,18,number_tokens,1.375,-1.25,-1.375,-0.125,False,False,meta-llama/Meta-Llama-3.1-8B-Instruct,0e9e39f249a16976918f6564b8830bc894c89659
25,heldout,6,54,2,18,random_positions,1.375,-1.25,-1.375,-0.125,False,False,meta-llama/Meta-Llama-3.1-8B-Instruct,0e9e39f249a16976918f6564b8830bc894c89659
25,heldout,6,54,2,19,answer_position,1.375,-1.25,1.125,2.375,False,True,meta-llama/Meta-Llama-3.1-8B-Instruct,0e9e39f249a16976918f6564b8830bc894c89659
25,heldout,6,54,2,19,number_tokens,1.375,-1.25,-1.375,-0.125,False,False,meta-llama/Meta-Llama-3.1-8B-Instruct,0e9e39f249a16976918f6564b8830bc894c89659
25,heldout,6,54,2,19,random_positions,1.375,-1.25,-1.375,-0.125,False,False,meta-llama/Meta-Llama-3.1-8B-Instruct,0e9e39f249a16976918f6564b8830bc894c89659
25,heldout,6,54,2,20,answer_position,1.375,-1.25,1.25,2.5,False,True,meta-llama/Meta-Llama-3.1-8B-Instruct,0e9e39f249a16976918f6564b8830bc894c89659
25,heldout,6,54,2,20,number_tokens,1.375,-1.25,-1.25,0.0,False,False,meta-llama/Meta-Llama-3.1-8B-Instruct,0e9e39f249a16976918f6564b8830bc894c89659
25,heldout,6,54,2,20,random_positions,1.375,-1.25,-1.375,-0.125,False,False,meta-llama/Meta-Llama-3.1-8B-Instruct,0e9e39f249a16976918f6564b8830bc894c89659
25,heldout,6,54,2,21,answer_position,1.375,-1.25,1.25,2.5,False,True,meta-llama/Meta-Llama-3.1-8B-Instruct,0e9e39f249a16976918f6564b8830bc894c89659
25,heldout,6,54,2,21,number_tokens,1.375,-1.25,-1.375,-0.125,False,False,meta-llama/Meta-Llama-3.1-8B-Instruct,0e9e39f249a16976918f6564b8830bc894c89659
25,heldout,6,54,2,21,random_positions,1.375,-1.25,-1.375,-0.125,False,False,meta-llama/Meta-Llama-3.1-8B-Instruct,0e9e39f249a16976918f6564b8830bc894c89659
25,heldout,6,54,2,22,answer_position,1.375,-1.25,1.25,2.5,False,True,meta-llama/Meta-Llama-3.1-8B-Instruct,0e9e39f249a16976918f6564b8830bc894c89659
25,heldout,6,54,2,22,number_tokens,1.375,-1.25,-1.25,0.0,False,False,meta-llama/Meta-Llama-3.1-8B-Instruct,0e9e39f249a16976918f6564b8830bc894c89659
25,heldout,6,54,2,22,random_positions,1.375,-1.25,-1.375,-0.125,False,False,meta-llama/Meta-Llama-3.1-8B-Instruct,0e9e39f249a16976918f6564b8830bc894c89659
25,heldout,6,54,2,23,answer_position,1.375,-1.25,1.375,2.625,False,True,meta-llama/Meta-Llama-3.1-8B-Instruct,0e9e39f249a16976918f6564b8830bc894c89659
25,heldout,6,54,2,23,number_tokens,1.375,-1.25,-1.25,0.0,False,False,meta-llama/Meta-Llama-3.1-8B-Instruct,0e9e39f249a16976918f6564b8830bc894c89659
25,heldout,6,54,2,23,random_positions,1.375,-1.25,-1.25,0.0,False,False,meta-llama/Meta-Llama-3.1-8B-Instruct,0e9e39f249a16976918f6564b8830bc894c89659
25,heldout,6,54,2,24,answer_position,1.375,-1.25,1.25,2.5,False,True,meta-llama/Meta-Llama-3.1-8B-Instruct,0e9e39f249a16976918f6564b8830bc894c89659
25,heldout,6,54,2,24,number_tokens,1.375,-1.25,-1.25,0.0,False,False,meta-llama/Meta-Llama-3.1-8B-Instruct,0e9e39f249a16976918f6564b8830bc894c89659
25,heldout,6,54,2,24,random_positions,1.375,-1.25,-1.375,-0.125,False,False,meta-llama/Meta-Llama-3.1-8B-Instruct,0e9e39f249a16976918f6564b8830bc894c89659
25,heldout,6,54,2,25,answer_position,1.375,-1.25,1.25,2.5,False,True,meta-llama/Meta-Llama-3.1-8B-Instruct,0e9e39f249a16976918f6564b8830bc894c89659
25,heldout,6,54,2,25,number_tokens,1.375,-1.25,-1.25,0.0,False,False,meta-llama/Meta-Llama-3.1-8B-Instruct,0e9e39f249a16976918f6564b8830bc894c89659
25,heldout,6,54,2,25,random_positions,1.375,-1.25,-1.25,0.0,False,False,meta-llama/Meta-Llama-3.1-8B-Instruct,0e9e39f249a16976918f6564b8830bc894c89659
25,heldout,6,54,2,26,answer_position,1.375,-1.25,1.25,2.5,False,True,meta-llama/Meta-Llama-3.1-8B-Instruct,0e9e39f249a16976918f6564b8830bc894c89659
25,heldout,6,54,2,26,number_tokens,1.375,-1.25,-1.375,-0.125,False,False,meta-llama/Meta-Llama-3.1-8B-Instruct,0e9e39f249a16976918f6564b8830bc894c89659
25,heldout,6,54,2,26,random_positions,1.375,-1.25,-1.375,-0.125,False,False,meta-llama/Meta-Llama-3.1-8B-Instruct,0e9e39f249a16976918f6564b8830bc894c89659
25,heldout,6,54,2,27,answer_position,1.375,-1.25,1.25,2.5,False,True,meta-llama/Meta-Llama-3.1-8B-Instruct,0e9e39f249a16976918f6564b8830bc894c89659
25,heldout,6,54,2,27,number_tokens,1.375,-1.25,-1.25,0.0,False,False,meta-llama/Meta-Llama-3.1-8B-Instruct,0e9e39f249a16976918f6564b8830bc894c89659
25,heldout,6,54,2,27,random_positions,1.375,-1.25,-1.375,-0.125,False,False,meta-llama/Meta-Llama-3.1-8B-Instruct,0e9e39f249a16976918f6564b8830bc894c89659
25,heldout,6,54,2,28,answer_position,1.375,-1.25,1.25,2.5,False,True,meta-llama/Meta-Llama-3.1-8B-Instruct,0e9e39f249a16976918f6564b8830bc894c89659
25,heldout,6,54,2,28,number_tokens,1.375,-1.25,-1.25,0.0,False,False,meta-llama/Meta-Llama-3.1-8B-Instruct,0e9e39f249a16976918f6564b8830bc894c89659
25,heldout,6,54,2,28,random_positions,1.375,-1.25,-1.25,0.0,False,False,meta-llama/Meta-Llama-3.1-8B-Instruct,0e9e39f249a16976918f6564b8830bc894c89659
25,heldout,6,54,2,29,answer_position,1.375,-1.25,1.25,2.5,False,True,meta-llama/Meta-Llama-3.1-8B-Instruct,0e9e39f249a16976918f6564b8830bc894c89659
25,heldout,6,54,2,29,number_tokens,1.375,-1.25,-1.375,-0.125,False,False,meta-llama/Meta-Llama-3.1-8B-Instruct,0e9e39f249a16976918f6564b8830bc894c89659
25,heldout,6,54,2,29,random_positions,1.375,-1.25,-1.25,0.0,False,False,meta-llama/Meta-Llama-3.1-8B-Instruct,0e9e39f249a16976918f6564b8830bc894c89659
25,heldout,6,54,2,30,answer_position,1.375,-1.25,1.375,2.625,False,True,meta-llama/Meta-Llama-3.1-8B-Instruct,0e9e39f249a16976918f6564b8830bc894c89659
25,heldout,6,54,2,30,number_tokens,1.375,-1.25,-1.375,-0.125,False,False,meta-llama/Meta-Llama-3.1-8B-Instruct,0e9e39f249a16976918f6564b8830bc894c89659
25,heldout,6,54,2,30,random_positions,1.375,-1.25,-1.25,0.0,False,False,meta-llama/Meta-Llama-3.1-8B-Instruct,0e9e39f249a16976918f6564b8830bc894c89659
25,heldout,6,54,2,31,answer_position,1.375,-1.25,1.375,2.625,False,True,meta-llama/Meta-Llama-3.1-8B-Instruct,0e9e39f249a16976918f6564b8830bc894c89659
25,heldout,6,54,2,31,number_tokens,1.375,-1.25,-1.25,0.0,False,False,meta-llama/Meta-Llama-3.1-8B-Instruct,0e9e39f249a16976918f6564b8830bc894c89659
25,heldout,6,54,2,31,random_positions,1.375,-1.25,-1.25,0.0,False,False,meta-llama/Meta-Llama-3.1-8B-Instruct,0e9e39f249a16976918f6564b8830bc894c89659
26,heldout,6,55,3,0,answer_position,1.875,-0.875,-1.0,-0.125,False,False,meta-llama/Meta-Llama-3.1-8B-Instruct,0e9e39f249a16976918f6564b8830bc894c89659
26,heldout,6,55,3,0,number_tokens,1.875,-0.875,-1.25,-0.375,False,False,meta-llama/Meta-Llama-3.1-8B-Instruct,0e9e39f249a16976918f6564b8830bc894c89659
26,heldout,6,55,3,0,random_positions,1.875,-0.875,-0.875,0.0,False,False,meta-llama/Meta-Llama-3.1-8B-Instruct,0e9e39f249a16976918f6564b8830bc894c89659
26,heldout,6,55,3,1,answer_position,1.875,-0.875,-0.875,0.0,False,False,meta-llama/Meta-Llama-3.1-8B-Instruct,0e9e39f249a16976918f6564b8830bc894c89659
26,heldout,6,55,3,1,number_tokens,1.875,-0.875,-1.375,-0.5,False,False,meta-llama/Meta-Llama-3.1-8B-Instruct,0e9e39f249a16976918f6564b8830bc894c89659
26,heldout,6,55,3,1,random_positions,1.875,-0.875,-0.875,0.0,False,False,meta-llama/Meta-Llama-3.1-8B-Instruct,0e9e39f249a16976918f6564b8830bc894c89659
26,heldout,6,55,3,2,answer_position,1.875,-0.875,-1.0,-0.125,False,False,meta-llama/Meta-Llama-3.1-8B-Instruct,0e9e39f249a16976918f6564b8830bc894c89659
26,heldout,6,55,3,2,number_tokens,1.875,-0.875,-3.125,-2.25,False,False,meta-llama/Meta-Llama-3.1-8B-Instruct,0e9e39f249a16976918f6564b8830bc894c89659
26,heldout,6,55,3,2,random_positions,1.875,-0.875,-1.0,-0.125,False,False,meta-llama/Meta-Llama-3.1-8B-Instruct,0e9e39f249a16976918f6564b8830bc894c89659
26,heldout,6,55,3,3,answer_position,1.875,-0.875,-0.875,0.0,False,False,meta-llama/Meta-Llama-3.1-8B-Instruct,0e9e39f249a16976918f6564b8830bc894c89659
26,heldout,6,55,3,3,number_tokens,1.875,-0.875,-2.875,-2.0,False,False,meta-llama/Meta-Llama-3.1-8B-Instruct,0e9e39f249a16976918f6564b8830bc894c89659
26,heldout,6,55,3,3,random_positions,1.875,-0.875,-1.0,-0.125,False,False,meta-llama/Meta-Llama-3.1-8B-Instruct,0e9e39f249a16976918f6564b8830bc894c89659
26,heldout,6,55,3,4,answer_position,1.875,-0.875,-1.0,-0.125,False,False,meta-llama/Meta-Llama-3.1-8B-Instruct,0e9e39f249a16976918f6564b8830bc894c89659
26,heldout,6,55,3,4,number_tokens,1.875,-0.875,-2.5,-1.625,False,False,meta-llama/Meta-Llama-3.1-8B-Instruct,0e9e39f249a16976918f6564b8830bc894c89659
26,heldout,6,55,3,4,random_positions,1.875,-0.875,-1.0,-0.125,False,False,meta-llama/Meta-Llama-3.1-8B-Instruct,0e9e39f249a16976918f6564b8830bc894c89659
26,heldout,6,55,3,5,answer_position,1.875,-0.875,-1.0,-0.125,False,False,meta-llama/Meta-Llama-3.1-8B-Instruct,0e9e39f249a16976918f6564b8830bc894c89659
26,heldout,6,55,3,5,number_tokens,1.875,-0.875,-4.625,-3.75,False,False,meta-llama/Meta-Llama-3.1-8B-Instruct,0e9e39f249a16976918f6564b8830bc894c89659
26,heldout,6,55,3,5,random_positions,1.875,-0.875,-1.0,-0.125,False,False,meta-llama/Meta-Llama-3.1-8B-Instruct,0e9e39f249a16976918f6564b8830bc894c89659
26,heldout,6,55,3,6,answer_position,1.875,-0.875,-1.0,-0.125,False,False,meta-llama/Meta-Llama-3.1-8B-Instruct,0e9e39f249a16976918f6564b8830bc894c89659
26,heldout,6,55,3,6,number_tokens,1.875,-0.875,-3.75,-2.875,False,False,meta-llama/Meta-Llama-3.1-8B-Instruct,0e9e39f249a16976918f6564b8830bc894c89659
26,heldout,6,55,3,6,random_positions,1.875,-0.875,-0.875,0.0,False,False,meta-llama/Meta-Llama-3.1-8B-Instruct,0e9e39f249a16976918f6564b8830bc894c89659
26,heldout,6,55,3,7,answer_position,1.875,-0.875,-0.875,0.0,False,False,meta-llama/Meta-Llama-3.1-8B-Instruct,0e9e39f249a16976918f6564b8830bc894c89659
26,heldout,6,55,3,7,number_tokens,1.875,-0.875,-2.875,-2.0,False,False,meta-llama/Meta-Llama-3.1-8B-Instruct,0e9e39f249a16976918f6564b8830bc894c89659
26,heldout,6,55,3,7,random_positions,1.875,-0.875,-1.0,-0.125,False,False,meta-llama/Meta-Llama-3.1-8B-Instruct,0e9e39f249a16976918f6564b8830bc894c89659
26,heldout,6,55,3,8,answer_position,1.875,-0.875,-1.0,-0.125,False,False,meta-llama/Meta-Llama-3.1-8B-Instruct,0e9e39f249a16976918f6564b8830bc894c89659
26,heldout,6,55,3,8,number_tokens,1.875,-0.875,-1.75,-0.875,False,False,meta-llama/Meta-Llama-3.1-8B-Instruct,0e9e39f249a16976918f6564b8830bc894c89659
26,heldout,6,55,3,8,random_positions,1.875,-0.875,-1.0,-0.125,False,False,meta-llama/Meta-Llama-3.1-8B-Instruct,0e9e39f249a16976918f6564b8830bc894c89659
26,heldout,6,55,3,9,answer_position,1.875,-0.875,-0.875,0.0,False,False,meta-llama/Meta-Llama-3.1-8B-Instruct,0e9e39f249a16976918f6564b8830bc894c89659
26,heldout,6,55,3,9,number_tokens,1.875,-0.875,-1.625,-0.75,False,False,meta-llama/Meta-Llama-3.1-8B-Instruct,0e9e39f249a16976918f6564b8830bc894c89659
26,heldout,6,55,3,9,random_positions,1.875,-0.875,-1.0,-0.125,False,False,meta-llama/Meta-Llama-3.1-8B-Instruct,0e9e39f249a16976918f6564b8830bc894c89659
26,heldout,6,55,3,10,answer_position,1.875,-0.875,-0.875,0.0,False,False,meta-llama/Meta-Llama-3.1-8B-Instruct,0e9e39f249a16976918f6564b8830bc894c89659
26,heldout,6,55,3,10,number_tokens,1.875,-0.875,-0.875,0.0,False,False,meta-llama/Meta-Llama-3.1-8B-Instruct,0e9e39f249a16976918f6564b8830bc894c89659
26,heldout,6,55,3,10,random_positions,1.875,-0.875,-1.0,-0.125,False,False,meta-llama/Meta-Llama-3.1-8B-Instruct,0e9e39f249a16976918f6564b8830bc894c89659
26,heldout,6,55,3,11,answer_position,1.875,-0.875,-0.875,0.0,False,False,meta-llama/Meta-Llama-3.1-8B-Instruct,0e9e39f249a16976918f6564b8830bc894c89659
26,heldout,6,55,3,11,number_tokens,1.875,-0.875,-0.625,0.25,False,False,meta-llama/Meta-Llama-3.1-8B-Instruct,0e9e39f249a16976918f6564b8830bc894c89659
26,heldout,6,55,3,11,random_positions,1.875,-0.875,-1.0,-0.125,False,False,meta-llama/Meta-Llama-3.1-8B-Instruct,0e9e39f249a16976918f6564b8830bc894c89659
26,heldout,6,55,3,12,answer_position,1.875,-0.875,-0.875,0.0,False,False,meta-llama/Meta-Llama-3.1-8B-Instruct,0e9e39f249a16976918f6564b8830bc894c89659
26,heldout,6,55,3,12,number_tokens,1.875,-0.875,-0.75,0.125,False,False,meta-llama/Meta-Llama-3.1-8B-Instruct,0e9e39f249a16976918f6564b8830bc894c89659
26,heldout,6,55,3,12,random_positions,1.875,-0.875,-1.0,-0.125,False,False,meta-llama/Meta-Llama-3.1-8B-Instruct,0e9e39f249a16976918f6564b8830bc894c89659
26,heldout,6,55,3,13,answer_position,1.875,-0.875,-0.625,0.25,False,False,meta-llama/Meta-Llama-3.1-8B-Instruct,0e9e39f249a16976918f6564b8830bc894c89659
26,heldout,6,55,3,13,number_tokens,1.875,-0.875,-0.75,0.125,False,False,meta-llama/Meta-Llama-3.1-8B-Instruct,0e9e39f249a16976918f6564b8830bc894c89659
26,heldout,6,55,3,13,random_positions,1.875,-0.875,-0.875,0.0,False,False,meta-llama/Meta-Llama-3.1-8B-Instruct,0e9e39f249a16976918f6564b8830bc894c89659
26,heldout,6,55,3,14,answer_position,1.875,-0.875,-0.25,0.625,False,False,meta-llama/Meta-Llama-3.1-8B-Instruct,0e9e39f249a16976918f6564b8830bc894c89659
26,heldout,6,55,3,14,number_tokens,1.875,-0.875,-0.875,0.0,False,False,meta-llama/Meta-Llama-3.1-8B-Instruct,0e9e39f249a16976918f6564b8830bc894c89659
26,heldout,6,55,3,14,random_positions,1.875,-0.875,-1.0,-0.125,False,False,meta-llama/Meta-Llama-3.1-8B-Instruct,0e9e39f249a16976918f6564b8830bc894c89659
26,heldout,6,55,3,15,answer_position,1.875,-0.875,0.25,1.125,False,True,meta-llama/Meta-Llama-3.1-8B-Instruct,0e9e39f249a16976918f6564b8830bc894c89659
26,heldout,6,55,3,15,number_tokens,1.875,-0.875,-1.125,-0.25,False,False,meta-llama/Meta-Llama-3.1-8B-Instruct,0e9e39f249a16976918f6564b8830bc894c89659
26,heldout,6,55,3,15,random_positions,1.875,-0.875,-0.75,0.125,False,False,meta-llama/Meta-Llama-3.1-8B-Instruct,0e9e39f249a16976918f6564b8830bc894c89659
26,heldout,6,55,3,16,answer_position,1.875,-0.875,-0.5,0.375,False,False,meta-llama/Meta-Llama-3.1-8B-Instruct,0e9e39f249a16976918f6564b8830bc894c89659
26,heldout,6,55,3,16,number_tokens,1.875,-0.875,-1.0,-0.125,False,False,meta-llama/Meta-Llama-3.1-8B-Instruct,0e9e39f249a16976918f6564b8830bc894c89659
26,heldout,6,55,3,16,random_positions,1.875,-0.875,-0.75,0.125,False,False,meta-llama/Meta-Llama-3.1-8B-Instruct,0e9e39f249a16976918f6564b8830bc894c89659
26,heldout,6,55,3,17,answer_position,1.875,-0.875,1.75,2.625,False,True,meta-llama/Meta-Llama-3.1-8B-Instruct,0e9e39f249a16976918f6564b8830bc894c89659
26,heldout,6,55,3,17,number_tokens,1.875,-0.875,-1.0,-0.125,False,False,meta-llama/Meta-Llama-3.1-8B-Instruct,0e9e39f249a16976918f6564b8830bc894c89659
26,heldout,6,55,3,17,random_positions,1.875,-0.875,-0.875,0.0,False,False,meta-llama/Meta-Llama-3.1-8B-Instruct,0e9e39f249a16976918f6564b8830bc894c89659
26,heldout,6,55,3,18,answer_position,1.875,-0.875,1.75,2.625,False,True,meta-llama/Meta-Llama-3.1-8B-Instruct,0e9e39f249a16976918f6564b8830bc894c89659
26,heldout,6,55,3,18,number_tokens,1.875,-0.875,-1.0,-0.125,False,False,meta-llama/Meta-Llama-3.1-8B-Instruct,0e9e39f249a16976918f6564b8830bc894c89659
26,heldout,6,55,3,18,random_positions,1.875,-0.875,-1.0,-0.125,False,False,meta-llama/Meta-Llama-3.1-8B-Instruct,0e9e39f249a16976918f6564b8830bc894c89659
26,heldout,6,55,3,19,answer_position,1.875,-0.875,1.75,2.625,False,True,meta-llama/Meta-Llama-3.1-8B-Instruct,0e9e39f249a16976918f6564b8830bc894c89659
26,heldout,6,55,3,19,number_tokens,1.875,-0.875,-1.0,-0.125,False,False,meta-llama/Meta-Llama-3.1-8B-Instruct,0e9e39f249a16976918f6564b8830bc894c89659
26,heldout,6,55,3,19,random_positions,1.875,-0.875,-0.875,0.0,False,False,meta-llama/Meta-Llama-3.1-8B-Instruct,0e9e39f249a16976918f6564b8830bc894c89659
26,heldout,6,55,3,20,answer_position,1.875,-0.875,1.875,2.75,False,True,meta-llama/Meta-Llama-3.1-8B-Instruct,0e9e39f249a16976918f6564b8830bc894c89659
26,heldout,6,55,3,20,number_tokens,1.875,-0.875,-1.0,-0.125,False,False,meta-llama/Meta-Llama-3.1-8B-Instruct,0e9e39f249a16976918f6564b8830bc894c89659
26,heldout,6,55,3,20,random_positions,1.875,-0.875,-1.0,-0.125,False,False,meta-llama/Meta-Llama-3.1-8B-Instruct,0e9e39f249a16976918f6564b8830bc894c89659
26,heldout,6,55,3,21,answer_position,1.875,-0.875,1.875,2.75,False,True,meta-llama/Meta-Llama-3.1-8B-Instruct,0e9e39f249a16976918f6564b8830bc894c89659
26,heldout,6,55,3,21,number_tokens,1.875,-0.875,-1.0,-0.125,False,False,meta-llama/Meta-Llama-3.1-8B-Instruct,0e9e39f249a16976918f6564b8830bc894c89659
26,heldout,6,55,3,21,random_positions,1.875,-0.875,-1.0,-0.125,False,False,meta-llama/Meta-Llama-3.1-8B-Instruct,0e9e39f249a16976918f6564b8830bc894c89659
26,heldout,6,55,3,22,answer_position,1.875,-0.875,1.875,2.75,False,True,meta-llama/Meta-Llama-3.1-8B-Instruct,0e9e39f249a16976918f6564b8830bc894c89659
26,heldout,6,55,3,22,number_tokens,1.875,-0.875,-1.0,-0.125,False,False,meta-llama/Meta-Llama-3.1-8B-Instruct,0e9e39f249a16976918f6564b8830bc894c89659
26,heldout,6,55,3,22,random_positions,1.875,-0.875,-1.0,-0.125,False,False,meta-llama/Meta-Llama-3.1-8B-Instruct,0e9e39f249a16976918f6564b8830bc894c89659
26,heldout,6,55,3,23,answer_position,1.875,-0.875,1.875,2.75,False,True,meta-llama/Meta-Llama-3.1-8B-Instruct,0e9e39f249a16976918f6564b8830bc894c89659
26,heldout,6,55,3,23,number_tokens,1.875,-0.875,-1.0,-0.125,False,False,meta-llama/Meta-Llama-3.1-8B-Instruct,0e9e39f249a16976918f6564b8830bc894c89659
26,heldout,6,55,3,23,random_positions,1.875,-0.875,-1.0,-0.125,False,False,meta-llama/Meta-Llama-3.1-8B-Instruct,0e9e39f249a16976918f6564b8830bc894c89659
26,heldout,6,55,3,24,answer_position,1.875,-0.875,1.875,2.75,False,True,meta-llama/Meta-Llama-3.1-8B-Instruct,0e9e39f249a16976918f6564b8830bc894c89659
26,heldout,6,55,3,24,number_tokens,1.875,-0.875,-0.875,0.0,False,False,meta-llama/Meta-Llama-3.1-8B-Instruct,0e9e39f249a16976918f6564b8830bc894c89659
26,heldout,6,55,3,24,random_positions,1.875,-0.875,-0.875,0.0,False,False,meta-llama/Meta-Llama-3.1-8B-Instruct,0e9e39f249a16976918f6564b8830bc894c89659
26,heldout,6,55,3,25,answer_position,1.875,-0.875,1.875,2.75,False,True,meta-llama/Meta-Llama-3.1-8B-Instruct,0e9e39f249a16976918f6564b8830bc894c89659
26,heldout,6,55,3,25,number_tokens,1.875,-0.875,-1.0,-0.125,False,False,meta-llama/Meta-Llama-3.1-8B-Instruct,0e9e39f249a16976918f6564b8830bc894c89659
26,heldout,6,55,3,25,random_positions,1.875,-0.875,-1.0,-0.125,False,False,meta-llama/Meta-Llama-3.1-8B-Instruct,0e9e39f249a16976918f6564b8830bc894c89659
26,heldout,6,55,3,26,answer_position,1.875,-0.875,1.75,2.625,False,True,meta-llama/Meta-Llama-3.1-8B-Instruct,0e9e39f249a16976918f6564b8830bc894c89659
26,heldout,6,55,3,26,number_tokens,1.875,-0.875,-1.0,-0.125,False,False,meta-llama/Meta-Llama-3.1-8B-Instruct,0e9e39f249a16976918f6564b8830bc894c89659
26,heldout,6,55,3,26,random_positions,1.875,-0.875,-1.0,-0.125,False,False,meta-llama/Meta-Llama-3.1-8B-Instruct,0e9e39f249a16976918f6564b8830bc894c89659
26,heldout,6,55,3,27,answer_position,1.875,-0.875,1.75,2.625,False,True,meta-llama/Meta-Llama-3.1-8B-Instruct,0e9e39f249a16976918f6564b8830bc894c89659
26,heldout,6,55,3,27,number_tokens,1.875,-0.875,-1.0,-0.125,False,False,meta-llama/Meta-Llama-3.1-8B-Instruct,0e9e39f249a16976918f6564b8830bc894c89659
26,heldout,6,55,3,27,random_positions,1.875,-0.875,-1.0,-0.125,False,False,meta-llama/Meta-Llama-3.1-8B-Instruct,0e9e39f249a16976918f6564b8830bc894c89659
26,heldout,6,55,3,28,answer_position,1.875,-0.875,1.875,2.75,False,True,meta-llama/Meta-Llama-3.1-8B-Instruct,0e9e39f249a16976918f6564b8830bc894c89659
26,heldout,6,55,3,28,number_tokens,1.875,-0.875,-0.875,0.0,False,False,meta-llama/Meta-Llama-3.1-8B-Instruct,0e9e39f249a16976918f6564b8830bc894c89659
26,heldout,6,55,3,28,random_positions,1.875,-0.875,-1.0,-0.125,False,False,meta-llama/Meta-Llama-3.1-8B-Instruct,0e9e39f249a16976918f6564b8830bc894c89659
26,heldout,6,55,3,29,answer_position,1.875,-0.875,1.875,2.75,False,True,meta-llama/Meta-Llama-3.1-8B-Instruct,0e9e39f249a16976918f6564b8830bc894c89659
26,heldout,6,55,3,29,number_tokens,1.875,-0.875,-0.875,0.0,False,False,meta-llama/Meta-Llama-3.1-8B-Instruct,0e9e39f249a16976918f6564b8830bc894c89659
26,heldout,6,55,3,29,random_positions,1.875,-0.875,-1.0,-0.125,False,False,meta-llama/Meta-Llama-3.1-8B-Instruct,0e9e39f249a16976918f6564b8830bc894c89659
26,heldout,6,55,3,30,answer_position,1.875,-0.875,1.875,2.75,False,True,meta-llama/Meta-Llama-3.1-8B-Instruct,0e9e39f249a16976918f6564b8830bc894c89659
26,heldout,6,55,3,30,number_tokens,1.875,-0.875,-0.875,0.0,False,False,meta-llama/Meta-Llama-3.1-8B-Instruct,0e9e39f249a16976918f6564b8830bc894c89659
26,heldout,6,55,3,30,random_positions,1.875,-0.875,-0.875,0.0,False,False,meta-llama/Meta-Llama-3.1-8B-Instruct,0e9e39f249a16976918f6564b8830bc894c89659
26,heldout,6,55,3,31,answer_position,1.875,-0.875,1.875,2.75,False,True,meta-llama/Meta-Llama-3.1-8B-Instruct,0e9e39f249a16976918f6564b8830bc894c89659
26,heldout,6,55,3,31,number_tokens,1.875,-0.875,-0.875,0.0,False,False,meta-llama/Meta-Llama-3.1-8B-Instruct,0e9e39f249a16976918f6564b8830bc894c89659
26,heldout,6,55,3,31,random_positions,1.875,-0.875,-0.875,0.0,False,False,meta-llama/Meta-Llama-3.1-8B-Instruct,0e9e39f249a16976918f6564b8830bc894c89659
27,heldout,6,56,4,0,answer_position,2.0,-1.25,-1.125,0.125,False,False,meta-llama/Meta-Llama-3.1-8B-Instruct,0e9e39f249a16976918f6564b8830bc894c89659
27,heldout,6,56,4,0,number_tokens,2.0,-1.25,-1.125,0.125,False,False,meta-llama/Meta-Llama-3.1-8B-Instruct,0e9e39f249a16976918f6564b8830bc894c89659
27,heldout,6,56,4,0,random_positions,2.0,-1.25,-0.875,0.375,False,False,meta-llama/Meta-Llama-3.1-8B-Instruct,0e9e39f249a16976918f6564b8830bc894c89659
27,heldout,6,56,4,1,answer_position,2.0,-1.25,-1.25,0.0,False,False,meta-llama/Meta-Llama-3.1-8B-Instruct,0e9e39f249a16976918f6564b8830bc894c89659
27,heldout,6,56,4,1,number_tokens,2.0,-1.25,-1.125,0.125,False,False,meta-llama/Meta-Llama-3.1-8B-Instruct,0e9e39f249a16976918f6564b8830bc894c89659
27,heldout,6,56,4,1,random_positions,2.0,-1.25,-1.0,0.25,False,False,meta-llama/Meta-Llama-3.1-8B-Instruct,0e9e39f249a16976918f6564b8830bc894c89659
27,heldout,6,56,4,2,answer_position,2.0,-1.25,-1.125,0.125,False,False,meta-llama/Meta-Llama-3.1-8B-Instruct,0e9e39f249a16976918f6564b8830bc894c89659
27,heldout,6,56,4,2,number_tokens,2.0,-1.25,-3.0,-1.75,False,False,meta-llama/Meta-Llama-3.1-8B-Instruct,0e9e39f249a16976918f6564b8830bc894c89659
27,heldout,6,56,4,2,random_positions,2.0,-1.25,-1.0,0.25,False,False,meta-llama/Meta-Llama-3.1-8B-Instruct,0e9e39f249a16976918f6564b8830bc894c89659
27,heldout,6,56,4,3,answer_position,2.0,-1.25,-1.125,0.125,False,False,meta-llama/Meta-Llama-3.1-8B-Instruct,0e9e39f249a16976918f6564b8830bc894c89659
27,heldout,6,56,4,3,number_tokens,2.0,-1.25,-3.0,-1.75,False,False,meta-llama/Meta-Llama-3.1-8B-Instruct,0e9e39f249a16976918f6564b8830bc894c89659
27,heldout,6,56,4,3,random_positions,2.0,-1.25,-1.0,0.25,False,False,meta-llama/Meta-Llama-3.1-8B-Instruct,0e9e39f249a16976918f6564b8830bc894c89659
27,heldout,6,56,4,4,answer_position,2.0,-1.25,-1.125,0.125,False,False,meta-llama/Meta-Llama-3.1-8B-Instruct,0e9e39f249a16976918f6564b8830bc894c89659
27,heldout,6,56,4,4,number_tokens,2.0,-1.25,-2.375,-1.125,False,False,meta-llama/Meta-Llama-3.1-8B-Instruct,0e9e39f249a16976918f6564b8830bc894c89659
27,heldout,6,56,4,4,random_positions,2.0,-1.25,-1.0,0.25,False,False,meta-llama/Meta-Llama-3.1-8B-Instruct,0e9e39f249a16976918f6564b8830bc894c89659
27,heldout,6,56,4,5,answer_position,2.0,-1.25,-1.125,0.125,False,False,meta-llama/Meta-Llama-3.1-8B-Instruct,0e9e39f249a16976918f6564b8830bc894c89659
27,heldout,6,56,4,5,number_tokens,2.0,-1.25,-3.875,-2.625,False,False,meta-llama/Meta-Llama-3.1-8B-Instruct,0e9e39f249a16976918f6564b8830bc894c89659
27,heldout,6,56,4,5,random_positions,2.0,-1.25,-1.0,0.25,False,False,meta-llama/Meta-Llama-3.1-8B-Instruct,0e9e39f249a16976918f6564b8830bc894c89659
27,heldout,6,56,4,6,answer_position,2.0,-1.25,-1.25,0.0,False,False,meta-llama/Meta-Llama-3.1-8B-Instruct,0e9e39f249a16976918f6564b8830bc894c89659
27,heldout,6,56,4,6,number_tokens,2.0,-1.25,-3.375,-2.125,False,False,meta-llama/Meta-Llama-3.1-8B-Instruct,0e9e39f249a16976918f6564b8830bc894c89659
27,heldout,6,56,4,6,random_positions,2.0,-1.25,-1.0,0.25,False,False,meta-llama/Meta-Llama-3.1-8B-Instruct,0e9e39f249a16976918f6564b8830bc894c89659
27,heldout,6,56,4,7,answer_position,2.0,-1.25,-1.125,0.125,False,False,meta-llama/Meta-Llama-3.1-8B-Instruct,0e9e39f249a16976918f6564b8830bc894c89659
27,heldout,6,56,4,7,number_tokens,2.0,-1.25,-2.125,-0.875,False,False,meta-llama/Meta-Llama-3.1-8B-Instruct,0e9e39f249a16976918f6564b8830bc894c89659
27,heldout,6,56,4,7,random_positions,2.0,-1.25,-0.875,0.375,False,False,meta-llama/Meta-Llama-3.1-8B-Instruct,0e9e39f249a16976918f6564b8830bc894c89659
27,heldout,6,56,4,8,answer_position,2.0,-1.25,-1.125,0.125,False,False,meta-llama/Meta-Llama-3.1-8B-Instruct,0e9e39f249a16976918f6564b8830bc894c89659
27,heldout,6,56,4,8,number_tokens,2.0,-1.25,-1.25,0.0,False,False,meta-llama/Meta-Llama-3.1-8B-Instruct,0e9e39f249a16976918f6564b8830bc894c89659
27,heldout,6,56,4,8,random_positions,2.0,-1.25,-1.0,0.25,False,False,meta-llama/Meta-Llama-3.1-8B-Instruct,0e9e39f249a16976918f6564b8830bc894c89659
27,heldout,6,56,4,9,answer_position,2.0,-1.25,-1.125,0.125,False,False,meta-llama/Meta-Llama-3.1-8B-Instruct,0e9e39f249a16976918f6564b8830bc894c89659
27,heldout,6,56,4,9,number_tokens,2.0,-1.25,-1.0,0.25,False,False,meta-llama/Meta-Llama-3.1-8B-Instruct,0e9e39f249a16976918f6564b8830bc894c89659
27,heldout,6,56,4,9,random_positions,2.0,-1.25,-0.875,0.375,False,False,meta-llama/Meta-Llama-3.1-8B-Instruct,0e9e39f249a16976918f6564b8830bc894c89659
27,heldout,6,56,4,10,answer_position,2.0,-1.25,-1.125,0.125,False,False,meta-llama/Meta-Llama-3.1-8B-Instruct,0e9e39f249a16976918f6564b8830bc894c89659
27,heldout,6,56,4,10,number_tokens,2.0,-1.25,-0.625,0.625,False,False,meta-llama/Meta-Llama-3.1-8B-Instruct,0e9e39f249a16976918f6564b8830bc894c89659
27,heldout,6,56,4,10,random_positions,2.0,-1.25,-1.0,0.25,False,False,meta-llama/Meta-Llama-3.1-8B-Instruct,0e9e39f249a16976918f6564b8830bc894c89659
27,heldout,6,56,4,11,answer_position,2.0,-1.25,-1.125,0.125,False,False,meta-llama/Meta-Llama-3.1-8B-Instruct,0e9e39f249a16976918f6564b8830bc894c89659
27,heldout,6,56,4,11,number_tokens,2.0,-1.25,-0.5,0.75,False,False,meta-llama/Meta-Llama-3.1-8B-Instruct,0e9e39f249a16976918f6564b8830bc894c89659
27,heldout,6,56,4,11,random_positions,2.0,-1.25,-0.875,0.375,False,False,meta-llama/Meta-Llama-3.1-8B-Instruct,0e9e39f249a16976918f6564b8830bc894c89659
27,heldout,6,56,4,12,answer_position,2.0,-1.25,-1.125,0.125,False,False,meta-llama/Meta-Llama-3.1-8B-Instruct,0e9e39f249a16976918f6564b8830bc894c89659
27,heldout,6,56,4,12,number_tokens,2.0,-1.25,-0.625,0.625,False,False,meta-llama/Meta-Llama-3.1-8B-Instruct,0e9e39f249a16976918f6564b8830bc894c89659
27,heldout,6,56,4,12,random_positions,2.0,-1.25,-1.0,0.25,False,False,meta-llama/Meta-Llama-3.1-8B-Instruct,0e9e39f249a16976918f6564b8830bc894c89659
27,heldout,6,56,4,13,answer_position,2.0,-1.25,-0.625,0.625,False,False,meta-llama/Meta-Llama-3.1-8B-Instruct,0e9e39f249a16976918f6564b8830bc894c89659
27,heldout,6,56,4,13,number_tokens,2.0,-1.25,-1.125,0.125,False,False,meta-llama/Meta-Llama-3.1-8B-Instruct,0e9e39f249a16976918f6564b8830bc894c89659
27,heldout,6,56,4,13,random_positions,2.0,-1.25,-1.0,0.25,False,False,meta-llama/Meta-Llama-3.1-8B-Instruct,0e9e39f249a16976918f6564b8830bc894c89659
27,heldout,6,56,4,14,answer_position,2.0,-1.25,-0.25,1.0,False,False,meta-llama/Meta-Llama-3.1-8B-Instruct,0e9e39f249a16976918f6564b8830bc894c89659
27,heldout,6,56,4,14,number_tokens,2.0,-1.25,-1.125,0.125,False,False,meta-llama/Meta-Llama-3.1-8B-Instruct,0e9e39f249a16976918f6564b8830bc894c89659
27,heldout,6,56,4,14,random_positions,2.0,-1.25,-1.25,0.0,False,False,meta-llama/Meta-Llama-3.1-8B-Instruct,0e9e39f249a16976918f6564b8830bc894c89659
27,heldout,6,56,4,15,answer_position,2.0,-1.25,0.5,1.75,False,True,meta-llama/Meta-Llama-3.1-8B-Instruct,0e9e39f249a16976918f6564b8830bc894c89659
27,heldout,6,56,4,15,number_tokens,2.0,-1.25,-1.25,0.0,False,False,meta-llama/Meta-Llama-3.1-8B-Instruct,0e9e39f249a16976918f6564b8830bc894c89659
27,heldout,6,56,4,15,random_positions,2.0,-1.25,-1.125,0.125,False,False,meta-llama/Meta-Llama-3.1-8B-Instruct,0e9e39f249a16976918f6564b8830bc894c89659
27,heldout,6,56,4,16,answer_position,2.0,-1.25,-0.5,0.75,False,False,meta-llama/Meta-Llama-3.1-8B-Instruct,0e9e39f249a16976918f6564b8830bc894c89659
27,heldout,6,56,4,16,number_tokens,2.0,-1.25,-1.25,0.0,False,False,meta-llama/Meta-Llama-3.1-8B-Instruct,0e9e39f249a16976918f6564b8830bc894c89659
27,heldout,6,56,4,16,random_positions,2.0,-1.25,-1.125,0.125,False,False,meta-llama/Meta-Llama-3.1-8B-Instruct,0e9e39f249a16976918f6564b8830bc894c89659
27,heldout,6,56,4,17,answer_position,2.0,-1.25,1.875,3.125,False,True,meta-llama/Meta-Llama-3.1-8B-Instruct,0e9e39f249a16976918f6564b8830bc894c89659
27,heldout,6,56,4,17,number_tokens,2.0,-1.25,-1.25,0.0,False,False,meta-llama/Meta-Llama-3.1-8B-Instruct,0e9e39f249a16976918f6564b8830bc894c89659
27,heldout,6,56,4,17,random_positions,2.0,-1.25,-1.25,0.0,False,False,meta-llama/Meta-Llama-3.1-8B-Instruct,0e9e39f249a16976918f6564b8830bc894c89659
27,heldout,6,56,4,18,answer_position,2.0,-1.25,1.875,3.125,False,True,meta-llama/Meta-Llama-3.1-8B-Instruct,0e9e39f249a16976918f6564b8830bc894c89659
27,heldout,6,56,4,18,number_tokens,2.0,-1.25,-1.125,0.125,False,False,meta-llama/Meta-Llama-3.1-8B-Instruct,0e9e39f249a16976918f6564b8830bc894c89659
27,heldout,6,56,4,18,random_positions,2.0,-1.25,-1.125,0.125,False,False,meta-llama/Meta-Llama-3.1-8B-Instruct,0e9e39f249a16976918f6564b8830bc894c89659
27,heldout,6,56,4,19,answer_position,2.0,-1.25,1.875,3.125,False,True,meta-llama/Meta-Llama-3.1-8B-Instruct,0e9e39f249a16976918f6564b8830bc894c89659
27,heldout,6,56,4,19,number_tokens,2.0,-1.25,-1.25,0.0,False,False,meta-llama/Meta-Llama-3.1-8B-Instruct,0e9e39f249a16976918f6564b8830bc894c89659
27,heldout,6,56,4,19,random_positions,2.0,-1.25,-1.25,0.0,False,False,meta-llama/Meta-Llama-3.1-8B-Instruct,0e9e39f249a16976918f6564b8830bc894c89659
27,heldout,6,56,4,20,answer_position,2.0,-1.25,1.875,3.125,False,True,meta-llama/Meta-Llama-3.1-8B-Instruct,0e9e39f249a16976918f6564b8830bc894c89659
27,heldout,6,56,4,20,number_tokens,2.0,-1.25,-1.25,0.0,False,False,meta-llama/Meta-Llama-3.1-8B-Instruct,0e9e39f249a16976918f6564b8830bc894c89659
27,heldout,6,56,4,20,random_positions,2.0,-1.25,-1.25,0.0,False,False,meta-llama/Meta-Llama-3.1-8B-Instruct,0e9e39f249a16976918f6564b8830bc894c89659
27,heldout,6,56,4,21,answer_position,2.0,-1.25,2.0,3.25,False,True,meta-llama/Meta-Llama-3.1-8B-Instruct,0e9e39f249a16976918f6564b8830bc894c89659
27,heldout,6,56,4,21,number_tokens,2.0,-1.25,-1.25,0.0,False,False,meta-llama/Meta-Llama-3.1-8B-Instruct,0e9e39f249a16976918f6564b8830bc894c89659
27,heldout,6,56,4,21,random_positions,2.0,-1.25,-1.125,0.125,False,False,meta-llama/Meta-Llama-3.1-8B-Instruct,0e9e39f249a16976918f6564b8830bc894c89659
27,heldout,6,56,4,22,answer_position,2.0,-1.25,2.0,3.25,False,True,meta-llama/Meta-Llama-3.1-8B-Instruct,0e9e39f249a16976918f6564b8830bc894c89659
27,heldout,6,56,4,22,number_tokens,2.0,-1.25,-1.25,0.0,False,False,meta-llama/Meta-Llama-3.1-8B-Instruct,0e9e39f249a16976918f6564b8830bc894c89659
27,heldout,6,56,4,22,random_positions,2.0,-1.25,-1.25,0.0,False,False,meta-llama/Meta-Llama-3.1-8B-Instruct,0e9e39f249a16976918f6564b8830bc894c89659
27,heldout,6,56,4,23,answer_position,2.0,-1.25,2.0,3.25,False,True,meta-llama/Meta-Llama-3.1-8B-Instruct,0e9e39f249a16976918f6564b8830bc894c89659
27,heldout,6,56,4,23,number_tokens,2.0,-1.25,-1.125,0.125,False,False,meta-llama/Meta-Llama-3.1-8B-Instruct,0e9e39f249a16976918f6564b8830bc894c89659
27,heldout,6,56,4,23,random_positions,2.0,-1.25,-1.25,0.0,False,False,meta-llama/Meta-Llama-3.1-8B-Instruct,0e9e39f249a16976918f6564b8830bc894c89659
27,heldout,6,56,4,24,answer_position,2.0,-1.25,1.875,3.125,False,True,meta-llama/Meta-Llama-3.1-8B-Instruct,0e9e39f249a16976918f6564b8830bc894c89659
27,heldout,6,56,4,24,number_tokens,2.0,-1.25,-1.125,0.125,False,False,meta-llama/Meta-Llama-3.1-8B-Instruct,0e9e39f249a16976918f6564b8830bc894c89659
27,heldout,6,56,4,24,random_positions,2.0,-1.25,-1.125,0.125,False,False,meta-llama/Meta-Llama-3.1-8B-Instruct,0e9e39f249a16976918f6564b8830bc894c89659
27,heldout,6,56,4,25,answer_position,2.0,-1.25,1.875,3.125,False,True,meta-llama/Meta-Llama-3.1-8B-Instruct,0e9e39f249a16976918f6564b8830bc894c89659
27,heldout,6,56,4,25,number_tokens,2.0,-1.25,-1.125,0.125,False,False,meta-llama/Meta-Llama-3.1-8B-Instruct,0e9e39f249a16976918f6564b8830bc894c89659
27,heldout,6,56,4,25,random_positions,2.0,-1.25,-1.125,0.125,False,False,meta-llama/Meta-Llama-3.1-8B-Instruct,0e9e39f249a16976918f6564b8830bc894c89659
27,heldout,6,56,4,26,answer_position,2.0,-1.25,1.875,3.125,False,True,meta-llama/Meta-Llama-3.1-8B-Instruct,0e9e39f249a16976918f6564b8830bc894c89659
27,heldout,6,56,4,26,number_tokens,2.0,-1.25,-1.125,0.125,False,False,meta-llama/Meta-Llama-3.1-8B-Instruct,0e9e39f249a16976918f6564b8830bc894c89659
27,heldout,6,56,4,26,random_positions,2.0,-1.25,-1.125,0.125,False,False,meta-llama/Meta-Llama-3.1-8B-Instruct,0e9e39f249a16976918f6564b8830bc894c89659
27,heldout,6,56,4,27,answer_position,2.0,-1.25,1.875,3.125,False,True,meta-llama/Meta-Llama-3.1-8B-Instruct,0e9e39f249a16976918f6564b8830bc894c89659
27,heldout,6,56,4,27,number_tokens,2.0,-1.25,-1.125,0.125,False,False,meta-llama/Meta-Llama-3.1-8B-Instruct,0e9e39f249a16976918f6564b8830bc894c89659
27,heldout,6,56,4,27,random_positions,2.0,-1.25,-1.125,0.125,False,False,meta-llama/Meta-Llama-3.1-8B-Instruct,0e9e39f249a16976918f6564b8830bc894c89659
27,heldout,6,56,4,28,answer_position,2.0,-1.25,1.875,3.125,False,True,meta-llama/Meta-Llama-3.1-8B-Instruct,0e9e39f249a16976918f6564b8830bc894c89659
27,heldout,6,56,4,28,number_tokens,2.0,-1.25,-1.125,0.125,False,False,meta-llama/Meta-Llama-3.1-8B-Instruct,0e9e39f249a16976918f6564b8830bc894c89659
27,heldout,6,56,4,28,random_positions,2.0,-1.25,-1.125,0.125,False,False,meta-llama/Meta-Llama-3.1-8B-Instruct,0e9e39f249a16976918f6564b8830bc894c89659
27,heldout,6,56,4,29,answer_position,2.0,-1.25,1.875,3.125,False,True,meta-llama/Meta-Llama-3.1-8B-Instruct,0e9e39f249a16976918f6564b8830bc894c89659
27,heldout,6,56,4,29,number_tokens,2.0,-1.25,-1.25,0.0,False,False,meta-llama/Meta-Llama-3.1-8B-Instruct,0e9e39f249a16976918f6564b8830bc894c89659
27,heldout,6,56,4,29,random_positions,2.0,-1.25,-1.125,0.125,False,False,meta-llama/Meta-Llama-3.1-8B-Instruct,0e9e39f249a16976918f6564b8830bc894c89659
27,heldout,6,56,4,30,answer_position,2.0,-1.25,2.0,3.25,False,True,meta-llama/Meta-Llama-3.1-8B-Instruct,0e9e39f249a16976918f6564b8830bc894c89659
27,heldout,6,56,4,30,number_tokens,2.0,-1.25,-1.25,0.0,False,False,meta-llama/Meta-Llama-3.1-8B-Instruct,0e9e39f249a16976918f6564b8830bc894c89659
27,heldout,6,56,4,30,random_positions,2.0,-1.25,-1.25,0.0,False,False,meta-llama/Meta-Llama-3.1-8B-Instruct,0e9e39f249a16976918f6564b8830bc894c89659
27,heldout,6,56,4,31,answer_position,2.0,-1.25,2.0,3.25,False,True,meta-llama/Meta-Llama-3.1-8B-Instruct,0e9e39f249a16976918f6564b8830bc894c89659
27,heldout,6,56,4,31,number_tokens,2.0,-1.25,-1.25,0.0,False,False,meta-llama/Meta-Llama-3.1-8B-Instruct,0e9e39f249a16976918f6564b8830bc894c89659
27,heldout,6,56,4,31,random_positions,2.0,-1.25,-1.25,0.0,False,False,meta-llama/Meta-Llama-3.1-8B-Instruct,0e9e39f249a16976918f6564b8830bc894c89659
28,heldout,6,57,2,0,answer_position,0.0,-2.25,-2.25,0.0,False,False,meta-llama/Meta-Llama-3.1-8B-Instruct,0e9e39f249a16976918f6564b8830bc894c89659
28,heldout,6,57,2,0,number_tokens,0.0,-2.25,-2.125,0.125,False,False,meta-llama/Meta-Llama-3.1-8B-Instruct,0e9e39f249a16976918f6564b8830bc894c89659
28,heldout,6,57,2,0,random_positions,0.0,-2.25,-2.25,0.0,False,False,meta-llama/Meta-Llama-3.1-8B-Instruct,0e9e39f249a16976918f6564b8830bc894c89659
28,heldout,6,57,2,1,answer_position,0.0,-2.25,-2.25,0.0,False,False,meta-llama/Meta-Llama-3.1-8B-Instruct,0e9e39f249a16976918f6564b8830bc894c89659
28,heldout,6,57,2,1,number_tokens,0.0,-2.25,-2.5,-0.25,False,False,meta-llama/Meta-Llama-3.1-8B-Instruct,0e9e39f249a16976918f6564b8830bc894c89659
28,heldout,6,57,2,1,random_positions,0.0,-2.25,-2.25,0.0,False,False,meta-llama/Meta-Llama-3.1-8B-Instruct,0e9e39f249a16976918f6564b8830bc894c89659
28,heldout,6,57,2,2,answer_position,0.0,-2.25,-2.25,0.0,False,False,meta-llama/Meta-Llama-3.1-8B-Instruct,0e9e39f249a16976918f6564b8830bc894c89659
28,heldout,6,57,2,2,number_tokens,0.0,-2.25,-7.875,-5.625,False,False,meta-llama/Meta-Llama-3.1-8B-Instruct,0e9e39f249a16976918f6564b8830bc894c89659
28,heldout,6,57,2,2,random_positions,0.0,-2.25,-2.375,-0.125,False,False,meta-llama/Meta-Llama-3.1-8B-Instruct,0e9e39f249a16976918f6564b8830bc894c89659
28,heldout,6,57,2,3,answer_position,0.0,-2.25,-2.25,0.0,False,False,meta-llama/Meta-Llama-3.1-8B-Instruct,0e9e39f249a16976918f6564b8830bc894c89659
28,heldout,6,57,2,3,number_tokens,0.0,-2.25,-5.375,-3.125,False,False,meta-llama/Meta-Llama-3.1-8B-Instruct,0e9e39f249a16976918f6564b8830bc894c89659
28,heldout,6,57,2,3,random_positions,0.0,-2.25,-2.125,0.125,False,False,meta-llama/Meta-Llama-3.1-8B-Instruct,0e9e39f249a16976918f6564b8830bc894c89659
28,heldout,6,57,2,4,answer_position,0.0,-2.25,-2.25,0.0,False,False,meta-llama/Meta-Llama-3.1-8B-Instruct,0e9e39f249a16976918f6564b8830bc894c89659
28,heldout,6,57,2,4,number_tokens,0.0,-2.25,-7.125,-4.875,False,False,meta-llama/Meta-Llama-3.1-8B-Instruct,0e9e39f249a16976918f6564b8830bc894c89659
28,heldout,6,57,2,4,random_positions,0.0,-2.25,-2.25,0.0,False,False,meta-llama/Meta-Llama-3.1-8B-Instruct,0e9e39f249a16976918f6564b8830bc894c89659
28,heldout,6,57,2,5,answer_position,0.0,-2.25,-2.25,0.0,False,False,meta-llama/Meta-Llama-3.1-8B-Instruct,0e9e39f249a16976918f6564b8830bc894c89659
28,heldout,6,57,2,5,number_tokens,0.0,-2.25,-7.375,-5.125,False,False,meta-llama/Meta-Llama-3.1-8B-Instruct,0e9e39f249a16976918f6564b8830bc894c89659
28,heldout,6,57,2,5,random_positions,0.0,-2.25,-2.125,0.125,False,False,meta-llama/Meta-Llama-3.1-8B-Instruct,0e9e39f249a16976918f6564b8830bc894c89659
28,heldout,6,57,2,6,answer_position,0.0,-2.25,-2.25,0.0,False,False,meta-llama/Meta-Llama-3.1-8B-Instruct,0e9e39f249a16976918f6564b8830bc894c89659
28,heldout,6,57,2,6,number_tokens,0.0,-2.25,-6.0,-3.75,False,False,meta-llama/Meta-Llama-3.1-8B-Instruct,0e9e39f249a16976918f6564b8830bc894c89659
28,heldout,6,57,2,6,random_positions,0.0,-2.25,-2.25,0.0,False,False,meta-llama/Meta-Llama-3.1-8B-Instruct,0e9e39f249a16976918f6564b8830bc894c89659
28,heldout,6,57,2,7,answer_position,0.0,-2.25,-2.25,0.0,False,False,meta-llama/Meta-Llama-3.1-8B-Instruct,0e9e39f249a16976918f6564b8830bc894c89659
28,heldout,6,57,2,7,number_tokens,0.0,-2.25,-4.25,-2.0,False,False,meta-llama/Meta-Llama-3.1-8B-Instruct,0e9e39f249a16976918f6564b8830bc894c89659
28,heldout,6,57,2,7,random_positions,0.0,-2.25,-2.25,0.0,False,False,meta-llama/Meta-Llama-3.1-8B-Instruct,0e9e39f249a16976918f6564b8830bc894c89659
28,heldout,6,57,2,8,answer_position,0.0,-2.25,-2.25,0.0,False,False,meta-llama/Meta-Llama-3.1-8B-Instruct,0e9e39f249a16976918f6564b8830bc894c89659
28,heldout,6,57,2,8,number_tokens,0.0,-2.25,-3.875,-1.625,False,False,meta-llama/Meta-Llama-3.1-8B-Instruct,0e9e39f249a16976918f6564b8830bc894c89659
28,heldout,6,57,2,8,random_positions,0.0,-2.25,-2.25,0.0,False,False,meta-llama/Meta-Llama-3.1-8B-Instruct,0e9e39f249a16976918f6564b8830bc894c89659
28,heldout,6,57,2,9,answer_position,0.0,-2.25,-2.25,0.0,False,False,meta-llama/Meta-Llama-3.1-8B-Instruct,0e9e39f249a16976918f6564b8830bc894c89659
28,heldout,6,57,2,9,number_tokens,0.0,-2.25,-4.625,-2.375,False,False,meta-llama/Meta-Llama-3.1-8B-Instruct,0e9e39f249a16976918f6564b8830bc894c89659
28,heldout,6,57,2,9,random_positions,0.0,-2.25,-2.125,0.125,False,False,meta-llama/Meta-Llama-3.1-8B-Instruct,0e9e39f249a16976918f6564b8830bc894c89659
28,heldout,6,57,2,10,answer_position,0.0,-2.25,-2.25,0.0,False,False,meta-llama/Meta-Llama-3.1-8B-Instruct,0e9e39f249a16976918f6564b8830bc894c89659
28,heldout,6,57,2,10,number_tokens,0.0,-2.25,-2.375,-0.125,False,False,meta-llama/Meta-Llama-3.1-8B-Instruct,0e9e39f249a16976918f6564b8830bc894c89659
28,heldout,6,57,2,10,random_positions,0.0,-2.25,-2.25,0.0,False,False,meta-llama/Meta-Llama-3.1-8B-Instruct,0e9e39f249a16976918f6564b8830bc894c89659
28,heldout,6,57,2,11,answer_position,0.0,-2.25,-2.25,0.0,False,False,meta-llama/Meta-Llama-3.1-8B-Instruct,0e9e39f249a16976918f6564b8830bc894c89659
28,heldout,6,57,2,11,number_tokens,0.0,-2.25,-1.5,0.75,False,False,meta-llama/Meta-Llama-3.1-8B-Instruct,0e9e39f249a16976918f6564b8830bc894c89659
28,heldout,6,57,2,11,random_positions,0.0,-2.25,-2.25,0.0,False,False,meta-llama/Meta-Llama-3.1-8B-Instruct,0e9e39f249a16976918f6564b8830bc894c89659
28,heldout,6,57,2,12,answer_position,0.0,-2.25,-2.25,0.0,False,False,meta-llama/Meta-Llama-3.1-8B-Instruct,0e9e39f249a16976918f6564b8830bc894c89659
28,heldout,6,57,2,12,number_tokens,0.0,-2.25,-1.5,0.75,False,False,meta-llama/Meta-Llama-3.1-8B-Instruct,0e9e39f249a16976918f6564b8830bc894c89659
28,heldout,6,57,2,12,random_positions,0.0,-2.25,-2.0,0.25,False,False,meta-llama/Meta-Llama-3.1-8B-Instruct,0e9e39f249a16976918f6564b8830bc894c89659
28,heldout,6,57,2,13,answer_position,0.0,-2.25,-1.75,0.5,False,False,meta-llama/Meta-Llama-3.1-8B-Instruct,0e9e39f249a16976918f6564b8830bc894c89659
28,heldout,6,57,2,13,number_tokens,0.0,-2.25,-2.125,0.125,False,False,meta-llama/Meta-Llama-3.1-8B-Instruct,0e9e39f249a16976918f6564b8830bc894c89659
28,heldout,6,57,2,13,random_positions,0.0,-2.25,-2.125,0.125,False,False,meta-llama/Meta-Llama-3.1-8B-Instruct,0e9e39f249a16976918f6564b8830bc894c89659
28,heldout,6,57,2,14,answer_position,0.0,-2.25,-0.875,1.375,False,False,meta-llama/Meta-Llama-3.1-8B-Instruct,0e9e39f249a16976918f6564b8830bc894c89659
28,heldout,6,57,2,14,number_tokens,0.0,-2.25,-2.25,0.0,False,False,meta-llama/Meta-Llama-3.1-8B-Instruct,0e9e39f249a16976918f6564b8830bc894c89659
28,heldout,6,57,2,14,random_positions,0.0,-2.25,-2.25,0.0,False,False,meta-llama/Meta-Llama-3.1-8B-Instruct,0e9e39f249a16976918f6564b8830bc894c89659
28,heldout,6,57,2,15,answer_position,0.0,-2.25,-0.5,1.75,False,False,meta-llama/Meta-Llama-3.1-8B-Instruct,0e9e39f249a16976918f6564b8830bc894c89659
28,heldout,6,57,2,15,number_tokens,0.0,-2.25,-2.375,-0.125,False,False,meta-llama/Meta-Llama-3.1-8B-Instruct,0e9e39f249a16976918f6564b8830bc894c89659
28,heldout,6,57,2,15,random_positions,0.0,-2.25,-2.125,0.125,False,False,meta-llama/Meta-Llama-3.1-8B-Instruct,0e9e39f249a16976918f6564b8830bc894c89659
28,heldout,6,57,2,16,answer_position,0.0,-2.25,-0.875,1.375,False,False,meta-llama/Meta-Llama-3.1-8B-Instruct,0e9e39f249a16976918f6564b8830bc894c89659
28,heldout,6,57,2,16,number_tokens,0.0,-2.25,-2.25,0.0,False,False,meta-llama/Meta-Llama-3.1-8B-Instruct,0e9e39f249a16976918f6564b8830bc894c89659
28,heldout,6,57,2,16,random_positions,0.0,-2.25,-2.25,0.0,False,False,meta-llama/Meta-Llama-3.1-8B-Instruct,0e9e39f249a16976918f6564b8830bc894c89659
28,heldout,6,57,2,17,answer_position,0.0,-2.25,0.25,2.5,False,True,meta-llama/Meta-Llama-3.1-8B-Instruct,0e9e39f249a16976918f6564b8830bc894c89659
28,heldout,6,57,2,17,number_tokens,0.0,-2.25,-2.25,0.0,False,False,meta-llama/Meta-Llama-3.1-8B-Instruct,0e9e39f249a16976918f6564b8830bc894c89659
28,heldout,6,57,2,17,random_positions,0.0,-2.25,-2.25,0.0,False,False,meta-llama/Meta-Llama-3.1-8B-Instruct,0e9e39f249a16976918f6564b8830bc894c89659
28,heldout,6,57,2,18,answer_position,0.0,-2.25,0.125,2.375,False,True,meta-llama/Meta-Llama-3.1-8B-Instruct,0e9e39f249a16976918f6564b8830bc894c89659
28,heldout,6,57,2,18,number_tokens,0.0,-2.25,-2.25,0.0,False,False,meta-llama/Meta-Llama-3.1-8B-Instruct,0e9e39f249a16976918f6564b8830bc894c89659
28,heldout,6,57,2,18,random_positions,0.0,-2.25,-2.25,0.0,False,False,meta-llama/Meta-Llama-3.1-8B-Instruct,0e9e39f249a16976918f6564b8830bc894c89659
28,heldout,6,57,2,19,answer_position,0.0,-2.25,0.0,2.25,False,False,meta-llama/Meta-Llama-3.1-8B-Instruct,0e9e39f249a16976918f6564b8830bc894c89659
28,heldout,6,57,2,19,number_tokens,0.0,-2.25,-2.25,0.0,False,False,meta-llama/Meta-Llama-3.1-8B-Instruct,0e9e39f249a16976918f6564b8830bc894c89659
28,heldout,6,57,2,19,random_positions,0.0,-2.25,-2.25,0.0,False,False,meta-llama/Meta-Llama-3.1-8B-Instruct,0e9e39f249a16976918f6564b8830bc894c89659
28,heldout,6,57,2,20,answer_position,0.0,-2.25,0.25,2.5,False,True,meta-llama/Meta-Llama-3.1-8B-Instruct,0e9e39f249a16976918f6564b8830bc894c89659
28,heldout,6,57,2,20,number_tokens,0.0,-2.25,-2.25,0.0,False,False,meta-llama/Meta-Llama-3.1-8B-Instruct,0e9e39f249a16976918f6564b8830bc894c89659
28,heldout,6,57,2,20,random_positions,0.0,-2.25,-2.25,0.0,False,False,meta-llama/Meta-Llama-3.1-8B-Instruct,0e9e39f249a16976918f6564b8830bc894c89659
28,heldout,6,57,2,21,answer_position,0.0,-2.25,0.125,2.375,False,True,meta-llama/Meta-Llama-3.1-8B-Instruct,0e9e39f249a16976918f6564b8830bc894c89659
28,heldout,6,57,2,21,number_tokens,0.0,-2.25,-2.375,-0.125,False,False,meta-llama/Meta-Llama-3.1-8B-Instruct,0e9e39f249a16976918f6564b8830bc894c89659
28,heldout,6,57,2,21,random_positions,0.0,-2.25,-2.25,0.0,False,False,meta-llama/Meta-Llama-3.1-8B-Instruct,0e9e39f249a16976918f6564b8830bc894c89659
28,heldout,6,57,2,22,answer_position,0.0,-2.25,0.125,2.375,False,True,meta-llama/Meta-Llama-3.1-8B-Instruct,0e9e39f249a16976918f6564b8830bc894c89659
28,heldout,6,57,2,22,number_tokens,0.0,-2.25,-2.25,0.0,False,False,meta-llama/Meta-Llama-3.1-8B-Instruct,0e9e39f249a16976918f6564b8830bc894c89659
28,heldout,6,57,2,22,random_positions,0.0,-2.25,-2.25,0.0,False,False,meta-llama/Meta-Llama-3.1-8B-Instruct,0e9e39f249a16976918f6564b8830bc894c89659
28,heldout,6,57,2,23,answer_position,0.0,-2.25,0.125,2.375,False,True,meta-llama/Meta-Llama-3.1-8B-Instruct,0e9e39f249a16976918f6564b8830bc894c89659
28,heldout,6,57,2,23,number_tokens,0.0,-2.25,-2.25,0.0,False,False,meta-llama/Meta-Llama-3.1-8B-Instruct,0e9e39f249a16976918f6564b8830bc894c89659
28,heldout,6,57,2,23,random_positions,0.0,-2.25,-2.25,0.0,False,False,meta-llama/Meta-Llama-3.1-8B-Instruct,0e9e39f249a16976918f6564b8830bc894c89659
28,heldout,6,57,2,24,answer_position,0.0,-2.25,0.125,2.375,False,True,meta-llama/Meta-Llama-3.1-8B-Instruct,0e9e39f249a16976918f6564b8830bc894c89659
28,heldout,6,57,2,24,number_tokens,0.0,-2.25,-2.25,0.0,False,False,meta-llama/Meta-Llama-3.1-8B-Instruct,0e9e39f249a16976918f6564b8830bc894c89659
28,heldout,6,57,2,24,random_positions,0.0,-2.25,-2.25,0.0,False,False,meta-llama/Meta-Llama-3.1-8B-Instruct,0e9e39f249a16976918f6564b8830bc894c89659
28,heldout,6,57,2,25,answer_position,0.0,-2.25,0.125,2.375,False,True,meta-llama/Meta-Llama-3.1-8B-Instruct,0e9e39f249a16976918f6564b8830bc894c89659
28,heldout,6,57,2,25,number_tokens,0.0,-2.25,-2.25,0.0,False,False,meta-llama/Meta-Llama-3.1-8B-Instruct,0e9e39f249a16976918f6564b8830bc894c89659
28,heldout,6,57,2,25,random_positions,0.0,-2.25,-2.25,0.0,False,False,meta-llama/Meta-Llama-3.1-8B-Instruct,0e9e39f249a16976918f6564b8830bc894c89659
28,heldout,6,57,2,26,answer_position,0.0,-2.25,0.125,2.375,False,True,meta-llama/Meta-Llama-3.1-8B-Instruct,0e9e39f249a16976918f6564b8830bc894c89659
28,heldout,6,57,2,26,number_tokens,0.0,-2.25,-2.25,0.0,False,False,meta-llama/Meta-Llama-3.1-8B-Instruct,0e9e39f249a16976918f6564b8830bc894c89659
28,heldout,6,57,2,26,random_positions,0.0,-2.25,-2.25,0.0,False,False,meta-llama/Meta-Llama-3.1-8B-Instruct,0e9e39f249a16976918f6564b8830bc894c89659
28,heldout,6,57,2,27,answer_position,0.0,-2.25,0.125,2.375,False,True,meta-llama/Meta-Llama-3.1-8B-Instruct,0e9e39f249a16976918f6564b8830bc894c89659
28,heldout,6,57,2,27,number_tokens,0.0,-2.25,-2.25,0.0,False,False,meta-llama/Meta-Llama-3.1-8B-Instruct,0e9e39f249a16976918f6564b8830bc894c89659
28,heldout,6,57,2,27,random_positions,0.0,-2.25,-2.25,0.0,False,False,meta-llama/Meta-Llama-3.1-8B-Instruct,0e9e39f249a16976918f6564b8830bc894c89659
28,heldout,6,57,2,28,answer_position,0.0,-2.25,0.125,2.375,False,True,meta-llama/Meta-Llama-3.1-8B-Instruct,0e9e39f249a16976918f6564b8830bc894c89659
28,heldout,6,57,2,28,number_tokens,0.0,-2.25,-2.25,0.0,False,False,meta-llama/Meta-Llama-3.1-8B-Instruct,0e9e39f249a16976918f6564b8830bc894c89659
28,heldout,6,57,2,28,random_positions,0.0,-2.25,-2.25,0.0,False,False,meta-llama/Meta-Llama-3.1-8B-Instruct,0e9e39f249a16976918f6564b8830bc894c89659
28,heldout,6,57,2,29,answer_position,0.0,-2.25,0.125,2.375,False,True,meta-llama/Meta-Llama-3.1-8B-Instruct,0e9e39f249a16976918f6564b8830bc894c89659
28,heldout,6,57,2,29,number_tokens,0.0,-2.25,-2.25,0.0,False,False,meta-llama/Meta-Llama-3.1-8B-Instruct,0e9e39f249a16976918f6564b8830bc894c89659
28,heldout,6,57,2,29,random_positions,0.0,-2.25,-2.25,0.0,False,False,meta-llama/Meta-Llama-3.1-8B-Instruct,0e9e39f249a16976918f6564b8830bc894c89659
28,heldout,6,57,2,30,answer_position,0.0,-2.25,0.125,2.375,False,True,meta-llama/Meta-Llama-3.1-8B-Instruct,0e9e39f249a16976918f6564b8830bc894c89659
28,heldout,6,57,2,30,number_tokens,0.0,-2.25,-2.25,0.0,False,False,meta-llama/Meta-Llama-3.1-8B-Instruct,0e9e39f249a16976918f6564b8830bc894c89659
28,heldout,6,57,2,30,random_positions,0.0,-2.25,-2.25,0.0,False,False,meta-llama/Meta-Llama-3.1-8B-Instruct,0e9e39f249a16976918f6564b8830bc894c89659
28,heldout,6,57,2,31,answer_position,0.0,-2.25,0.0,2.25,False,False,meta-llama/Meta-Llama-3.1-8B-Instruct,0e9e39f249a16976918f6564b8830bc894c89659
28,heldout,6,57,2,31,number_tokens,0.0,-2.25,-2.25,0.0,False,False,meta-llama/Meta-Llama-3.1-8B-Instruct,0e9e39f249a16976918f6564b8830bc894c89659
28,heldout,6,57,2,31,random_positions,0.0,-2.25,-2.25,0.0,False,False,meta-llama/Meta-Llama-3.1-8B-Instruct,0e9e39f249a16976918f6564b8830bc894c89659
29,heldout,6,58,3,0,answer_position,2.125,-1.75,-1.75,0.0,False,False,meta-llama/Meta-Llama-3.1-8B-Instruct,0e9e39f249a16976918f6564b8830bc894c89659
29,heldout,6,58,3,0,number_tokens,2.125,-1.75,-1.75,0.0,False,False,meta-llama/Meta-Llama-3.1-8B-Instruct,0e9e39f249a16976918f6564b8830bc894c89659
29,heldout,6,58,3,0,random_positions,2.125,-1.75,-1.625,0.125,False,False,meta-llama/Meta-Llama-3.1-8B-Instruct,0e9e39f249a16976918f6564b8830bc894c89659
29,heldout,6,58,3,1,answer_position,2.125,-1.75,-1.75,0.0,False,False,meta-llama/Meta-Llama-3.1-8B-Instruct,0e9e39f249a16976918f6564b8830bc894c89659
29,heldout,6,58,3,1,number_tokens,2.125,-1.75,-1.5,0.25,False,False,meta-llama/Meta-Llama-3.1-8B-Instruct,0e9e39f249a16976918f6564b8830bc894c89659
29,heldout,6,58,3,1,random_positions,2.125,-1.75,-1.75,0.0,False,False,meta-llama/Meta-Llama-3.1-8B-Instruct,0e9e39f249a16976918f6564b8830bc894c89659
29,heldout,6,58,3,2,answer_position,2.125,-1.75,-1.75,0.0,False,False,meta-llama/Meta-Llama-3.1-8B-Instruct,0e9e39f249a16976918f6564b8830bc894c89659
29,heldout,6,58,3,2,number_tokens,2.125,-1.75,-3.5,-1.75,False,False,meta-llama/Meta-Llama-3.1-8B-Instruct,0e9e39f249a16976918f6564b8830bc894c89659
29,heldout,6,58,3,2,random_positions,2.125,-1.75,-1.75,0.0,False,False,meta-llama/Meta-Llama-3.1-8B-Instruct,0e9e39f249a16976918f6564b8830bc894c89659
29,heldout,6,58,3,3,answer_position,2.125,-1.75,-1.75,0.0,False,False,meta-llama/Meta-Llama-3.1-8B-Instruct,0e9e39f249a16976918f6564b8830bc894c89659
29,heldout,6,58,3,3,number_tokens,2.125,-1.75,-3.375,-1.625,False,False,meta-llama/Meta-Llama-3.1-8B-Instruct,0e9e39f249a16976918f6564b8830bc894c89659
29,heldout,6,58,3,3,random_positions,2.125,-1.75,-1.75,0.0,False,False,meta-llama/Meta-Llama-3.1-8B-Instruct,0e9e39f249a16976918f6564b8830bc894c89659
29,heldout,6,58,3,4,answer_position,2.125,-1.75,-1.75,0.0,False,False,meta-llama/Meta-Llama-3.1-8B-Instruct,0e9e39f249a16976918f6564b8830bc894c89659
29,heldout,6,58,3,4,number_tokens,2.125,-1.75,-2.875,-1.125,False,False,meta-llama/Meta-Llama-3.1-8B-Instruct,0e9e39f249a16976918f6564b8830bc894c89659
29,heldout,6,58,3,4,random_positions,2.125,-1.75,-1.625,0.125,False,False,meta-llama/Meta-Llama-3.1-8B-Instruct,0e9e39f249a16976918f6564b8830bc894c89659
29,heldout,6,58,3,5,answer_position,2.125,-1.75,-1.75,0.0,False,False,meta-llama/Meta-Llama-3.1-8B-Instruct,0e9e39f249a16976918f6564b8830bc894c89659
29,heldout,6,58,3,5,number_tokens,2.125,-1.75,-5.125,-3.375,False,False,meta-llama/Meta-Llama-3.1-8B-Instruct,0e9e39f249a16976918f6564b8830bc894c89659
29,heldout,6,58,3,5,random_positions,2.125,-1.75,-1.75,0.0,False,False,meta-llama/Meta-Llama-3.1-8B-Instruct,0e9e39f249a16976918f6564b8830bc894c89659
29,heldout,6,58,3,6,answer_position,2.125,-1.75,-1.75,0.0,False,False,meta-llama/Meta-Llama-3.1-8B-Instruct,0e9e39f249a16976918f6564b8830bc894c89659
29,heldout,6,58,3,6,number_tokens,2.125,-1.75,-3.875,-2.125,False,False,meta-llama/Meta-Llama-3.1-8B-Instruct,0e9e39f249a16976918f6564b8830bc894c89659
29,heldout,6,58,3,6,random_positions,2.125,-1.75,-1.75,0.0,False,False,meta-llama/Meta-Llama-3.1-8B-Instruct,0e9e39f249a16976918f6564b8830bc894c89659
29,heldout,6,58,3,7,answer_position,2.125,-1.75,-1.875,-0.125,False,False,meta-llama/Meta-Llama-3.1-8B-Instruct,0e9e39f249a16976918f6564b8830bc894c89659
29,heldout,6,58,3,7,number_tokens,2.125,-1.75,-2.5,-0.75,False,False,meta-llama/Meta-Llama-3.1-8B-Instruct,0e9e39f249a16976918f6564b8830bc894c89659
29,heldout,6,58,3,7,random_positions,2.125,-1.75,-1.625,0.125,False,False,meta-llama/Meta-Llama-3.1-8B-Instruct,0e9e39f249a16976918f6564b8830bc894c89659
29,heldout,6,58,3,8,answer_position,2.125,-1.75,-1.75,0.0,False,False,meta-llama/Meta-Llama-3.1-8B-Instruct,0e9e39f249a16976918f6564b8830bc894c89659
29,heldout,6,58,3,8,number_tokens,2.125,-1.75,-1.5,0.25,False,False,meta-llama/Meta-Llama-3.1-8B-Instruct,0e9e39f249a16976918f6564b8830bc894c89659
29,heldout,6,58,3,8,random_positions,2.125,-1.75,-1.5,0.25,False,False,meta-llama/Meta-Llama-3.1-8B-Instruct,0e9e39f249a16976918f6564b8830bc894c89659
29,heldout,6,58,3,9,answer_position,2.125,-1.75,-1.75,0.0,False,False,meta-llama/Meta-Llama-3.1-8B-Instruct,0e9e39f249a16976918f6564b8830bc894c89659
29,heldout,6,58,3,9,number_tokens,2.125,-1.75,-1.625,0.125,False,False,meta-llama/Meta-Llama-3.1-8B-Instruct,0e9e39f249a16976918f6564b8830bc894c89659
29,heldout,6,58,3,9,random_positions,2.125,-1.75,-1.125,0.625,False,False,meta-llama/Meta-Llama-3.1-8B-Instruct,0e9e39f249a16976918f6564b8830bc894c89659
29,heldout,6,58,3,10,answer_position,2.125,-1.75,-1.75,0.0,False,False,meta-llama/Meta-Llama-3.1-8B-Instruct,0e9e39f249a16976918f6564b8830bc894c89659
29,heldout,6,58,3,10,number_tokens,2.125,-1.75,-1.125,0.625,False,False,meta-llama/Meta-Llama-3.1-8B-Instruct,0e9e39f249a16976918f6564b8830bc894c89659
29,heldout,6,58,3,10,random_positions,2.125,-1.75,-0.625,1.125,False,False,meta-llama/Meta-Llama-3.1-8B-Instruct,0e9e39f249a16976918f6564b8830bc894c89659
29,heldout,6,58,3,11,answer_position,2.125,-1.75,-1.75,0.0,False,False,meta-llama/Meta-Llama-3.1-8B-Instruct,0e9e39f249a16976918f6564b8830bc894c89659
29,heldout,6,58,3,11,number_tokens,2.125,-1.75,-0.75,1.0,False,False,meta-llama/Meta-Llama-3.1-8B-Instruct,0e9e39f249a16976918f6564b8830bc894c89659
29,heldout,6,58,3,11,random_positions,2.125,-1.75,0.0,1.75,False,False,meta-llama/Meta-Llama-3.1-8B-Instruct,0e9e39f249a16976918f6564b8830bc894c89659
29,heldout,6,58,3,12,answer_position,2.125,-1.75,-1.75,0.0,False,False,meta-llama/Meta-Llama-3.1-8B-Instruct,0e9e39f249a16976918f6564b8830bc894c89659
29,heldout,6,58,3,12,number_tokens,2.125,-1.75,-0.75,1.0,False,False,meta-llama/Meta-Llama-3.1-8B-Instruct,0e9e39f249a16976918f6564b8830bc894c89659
29,heldout,6,58,3,12,random_positions,2.125,-1.75,-0.25,1.5,False,False,meta-llama/Meta-Llama-3.1-8B-Instruct,0e9e39f249a16976918f6564b8830bc894c89659
29,heldout,6,58,3,13,answer_position,2.125,-1.75,-1.0,0.75,False,False,meta-llama/Meta-Llama-3.1-8B-Instruct,0e9e39f249a16976918f6564b8830bc894c89659
29,heldout,6,58,3,13,number_tokens,2.125,-1.75,-1.5,0.25,False,False,meta-llama/Meta-Llama-3.1-8B-Instruct,0e9e39f249a16976918f6564b8830bc894c89659
29,heldout,6,58,3,13,random_positions,2.125,-1.75,0.25,2.0,False,True,meta-llama/Meta-Llama-3.1-8B-Instruct,0e9e39f249a16976918f6564b8830bc894c89659
29,heldout,6,58,3,14,answer_position,2.125,-1.75,-0.5,1.25,False,False,meta-llama/Meta-Llama-3.1-8B-Instruct,0e9e39f249a16976918f6564b8830bc894c89659
29,heldout,6,58,3,14,number_tokens,2.125,-1.75,-1.625,0.125,False,False,meta-llama/Meta-Llama-3.1-8B-Instruct,0e9e39f249a16976918f6564b8830bc894c89659
29,heldout,6,58,3,14,random_positions,2.125,-1.75,0.25,2.0,False,True,meta-llama/Meta-Llama-3.1-8B-Instruct,0e9e39f249a16976918f6564b8830bc894c89659
29,heldout,6,58,3,15,answer_position,2.125,-1.75,0.125,1.875,False,True,meta-llama/Meta-Llama-3.1-8B-Instruct,0e9e39f249a16976918f6564b8830bc894c89659
29,heldout,6,58,3,15,number_tokens,2.125,-1.75,-1.75,0.0,False,False,meta-llama/Meta-Llama-3.1-8B-Instruct,0e9e39f249a16976918f6564b8830bc894c89659
29,heldout,6,58,3,15,random_positions,2.125,-1.75,-1.5,0.25,False,False,meta-llama/Meta-Llama-3.1-8B-Instruct,0e9e39f249a16976918f6564b8830bc894c89659
29,heldout,6,58,3,16,answer_position,2.125,-1.75,-0.5,1.25,False,False,meta-llama/Meta-Llama-3.1-8B-Instruct,0e9e39f249a16976918f6564b8830bc894c89659
29,heldout,6,58,3,16,number_tokens,2.125,-1.75,-1.75,0.0,False,False,meta-llama/Meta-Llama-3.1-8B-Instruct,0e9e39f249a16976918f6564b8830bc894c89659
29,heldout,6,58,3,16,random_positions,2.125,-1.75,-1.625,0.125,False,False,meta-llama/Meta-Llama-3.1-8B-Instruct,0e9e39f249a16976918f6564b8830bc894c89659
29,heldout,6,58,3,17,answer_position,2.125,-1.75,1.875,3.625,False,True,meta-llama/Meta-Llama-3.1-8B-Instruct,0e9e39f249a16976918f6564b8830bc894c89659
29,heldout,6,58,3,17,number_tokens,2.125,-1.75,-1.75,0.0,False,False,meta-llama/Meta-Llama-3.1-8B-Instruct,0e9e39f249a16976918f6564b8830bc894c89659
29,heldout,6,58,3,17,random_positions,2.125,-1.75,-1.5,0.25,False,False,meta-llama/Meta-Llama-3.1-8B-Instruct,0e9e39f249a16976918f6564b8830bc894c89659
29,heldout,6,58,3,18,answer_position,2.125,-1.75,1.875,3.625,False,True,meta-llama/Meta-Llama-3.1-8B-Instruct,0e9e39f249a16976918f6564b8830bc894c89659
29,heldout,6,58,3,18,number_tokens,2.125,-1.75,-1.875,-0.125,False,False,meta-llama/Meta-Llama-3.1-8B-Instruct,0e9e39f249a16976918f6564b8830bc894c89659
29,heldout,6,58,3,18,random_positions,2.125,-1.75,-1.75,0.0,False,False,meta-llama/Meta-Llama-3.1-8B-Instruct,0e9e39f249a16976918f6564b8830bc894c89659
29,heldout,6,58,3,19,answer_position,2.125,-1.75,2.0,3.75,False,True,meta-llama/Meta-Llama-3.1-8B-Instruct,0e9e39f249a16976918f6564b8830bc894c89659
29,heldout,6,58,3,19,number_tokens,2.125,-1.75,-1.75,0.0,False,False,meta-llama/Meta-Llama-3.1-8B-Instruct,0e9e39f249a16976918f6564b8830bc894c89659
29,heldout,6,58,3,19,random_positions,2.125,-1.75,-1.625,0.125,False,False,meta-llama/Meta-Llama-3.1-8B-Instruct,0e9e39f249a16976918f6564b8830bc894c89659
29,heldout,6,58,3,20,answer_position,2.125,-1.75,2.0,3.75,False,True,meta-llama/Meta-Llama-3.1-8B-Instruct,0e9e39f249a16976918f6564b8830bc894c89659
29,heldout,6,58,3,20,number_tokens,2.125,-1.75,-1.75,0.0,False,False,meta-llama/Meta-Llama-3.1-8B-Instruct,0e9e39f249a16976918f6564b8830bc894c89659
29,heldout,6,58,3,20,random_positions,2.125,-1.75,-1.75,0.0,False,False,meta-llama/Meta-Llama-3.1-8B-Instruct,0e9e39f249a16976918f6564b8830bc894c89659
29,heldout,6,58,3,21,answer_position,2.125,-1.75,2.0,3.75,False,True,meta-llama/Meta-Llama-3.1-8B-Instruct,0e9e39f249a16976918f6564b8830bc894c89659
29,heldout,6,58,3,21,number_tokens,2.125,-1.75,-1.75,0.0,False,False,meta-llama/Meta-Llama-3.1-8B-Instruct,0e9e39f249a16976918f6564b8830bc894c89659
29,heldout,6,58,3,21,random_positions,2.125,-1.75,-1.75,0.0,False,False,meta-llama/Meta-Llama-3.1-8B-Instruct,0e9e39f249a16976918f6564b8830bc894c89659
29,heldout,6,58,3,22,answer_position,2.125,-1.75,2.0,3.75,False,True,meta-llama/Meta-Llama-3.1-8B-Instruct,0e9e39f249a16976918f6564b8830bc894c89659
29,heldout,6,58,3,22,number_tokens,2.125,-1.75,-1.75,0.0,False,False,meta-llama/Meta-Llama-3.1-8B-Instruct,0e9e39f249a16976918f6564b8830bc894c89659
29,heldout,6,58,3,22,random_positions,2.125,-1.75,-1.625,0.125,False,False,meta-llama/Meta-Llama-3.1-8B-Instruct,0e9e39f249a16976918f6564b8830bc894c89659
29,heldout,6,58,3,23,answer_position,2.125,-1.75,2.0,3.75,False,True,meta-llama/Meta-Llama-3.1-8B-Instruct,0e9e39f249a16976918f6564b8830bc894c89659
29,heldout,6,58,3,23,number_tokens,2.125,-1.75,-1.75,0.0,False,False,meta-llama/Meta-Llama-3.1-8B-Instruct,0e9e39f249a16976918f6564b8830bc894c89659
29,heldout,6,58,3,23,random_positions,2.125,-1.75,-1.75,0.0,False,False,meta-llama/Meta-Llama-3.1-8B-Instruct,0e9e39f249a16976918f6564b8830bc894c89659
29,heldout,6,58,3,24,answer_position,2.125,-1.75,2.0,3.75,False,True,meta-llama/Meta-Llama-3.1-8B-Instruct,0e9e39f249a16976918f6564b8830bc894c89659
29,heldout,6,58,3,24,number_tokens,2.125,-1.75,-1.75,0.0,False,False,meta-llama/Meta-Llama-3.1-8B-Instruct,0e9e39f249a16976918f6564b8830bc894c89659
29,heldout,6,58,3,24,random_positions,2.125,-1.75,-1.625,0.125,False,False,meta-llama/Meta-Llama-3.1-8B-Instruct,0e9e39f249a16976918f6564b8830bc894c89659
29,heldout,6,58,3,25,answer_position,2.125,-1.75,2.0,3.75,False,True,meta-llama/Meta-Llama-3.1-8B-Instruct,0e9e39f249a16976918f6564b8830bc894c89659
29,heldout,6,58,3,25,number_tokens,2.125,-1.75,-1.875,-0.125,False,False,meta-llama/Meta-Llama-3.1-8B-Instruct,0e9e39f249a16976918f6564b8830bc894c89659
29,heldout,6,58,3,25,random_positions,2.125,-1.75,-1.75,0.0,False,False,meta-llama/Meta-Llama-3.1-8B-Instruct,0e9e39f249a16976918f6564b8830bc894c89659
29,heldout,6,58,3,26,answer_position,2.125,-1.75,2.0,3.75,False,True,meta-llama/Meta-Llama-3.1-8B-Instruct,0e9e39f249a16976918f6564b8830bc894c89659
29,heldout,6,58,3,26,number_tokens,2.125,-1.75,-1.75,0.0,False,False,meta-llama/Meta-Llama-3.1-8B-Instruct,0e9e39f249a16976918f6564b8830bc894c89659
29,heldout,6,58,3,26,random_positions,2.125,-1.75,-1.625,0.125,False,False,meta-llama/Meta-Llama-3.1-8B-Instruct,0e9e39f249a16976918f6564b8830bc894c89659
29,heldout,6,58,3,27,answer_position,2.125,-1.75,1.875,3.625,False,True,meta-llama/Meta-Llama-3.1-8B-Instruct,0e9e39f249a16976918f6564b8830bc894c89659
29,heldout,6,58,3,27,number_tokens,2.125,-1.75,-1.75,0.0,False,False,meta-llama/Meta-Llama-3.1-8B-Instruct,0e9e39f249a16976918f6564b8830bc894c89659
29,heldout,6,58,3,27,random_positions,2.125,-1.75,-1.625,0.125,False,False,meta-llama/Meta-Llama-3.1-8B-Instruct,0e9e39f249a16976918f6564b8830bc894c89659
29,heldout,6,58,3,28,answer_position,2.125,-1.75,2.125,3.875,False,True,meta-llama/Meta-Llama-3.1-8B-Instruct,0e9e39f249a16976918f6564b8830bc894c89659
29,heldout,6,58,3,28,number_tokens,2.125,-1.75,-1.75,0.0,False,False,meta-llama/Meta-Llama-3.1-8B-Instruct,0e9e39f249a16976918f6564b8830bc894c89659
29,heldout,6,58,3,28,random_positions,2.125,-1.75,-1.625,0.125,False,False,meta-llama/Meta-Llama-3.1-8B-Instruct,0e9e39f249a16976918f6564b8830bc894c89659
29,heldout,6,58,3,29,answer_position,2.125,-1.75,2.125,3.875,False,True,meta-llama/Meta-Llama-3.1-8B-Instruct,0e9e39f249a16976918f6564b8830bc894c89659
29,heldout,6,58,3,29,number_tokens,2.125,-1.75,-1.75,0.0,False,False,meta-llama/Meta-Llama-3.1-8B-Instruct,0e9e39f249a16976918f6564b8830bc894c89659
29,heldout,6,58,3,29,random_positions,2.125,-1.75,-1.625,0.125,False,False,meta-llama/Meta-Llama-3.1-8B-Instruct,0e9e39f249a16976918f6564b8830bc894c89659
29,heldout,6,58,3,30,answer_position,2.125,-1.75,2.125,3.875,False,True,meta-llama/Meta-Llama-3.1-8B-Instruct,0e9e39f249a16976918f6564b8830bc894c89659
29,heldout,6,58,3,30,number_tokens,2.125,-1.75,-1.75,0.0,False,False,meta-llama/Meta-Llama-3.1-8B-Instruct,0e9e39f249a16976918f6564b8830bc894c89659
29,heldout,6,58,3,30,random_positions,2.125,-1.75,-1.75,0.0,False,False,meta-llama/Meta-Llama-3.1-8B-Instruct,0e9e39f249a16976918f6564b8830bc894c89659
29,heldout,6,58,3,31,answer_position,2.125,-1.75,2.125,3.875,False,True,meta-llama/Meta-Llama-3.1-8B-Instruct,0e9e39f249a16976918f6564b8830bc894c89659
29,heldout,6,58,3,31,number_tokens,2.125,-1.75,-1.75,0.0,False,False,meta-llama/Meta-Llama-3.1-8B-Instruct,0e9e39f249a16976918f6564b8830bc894c89659
29,heldout,6,58,3,31,random_positions,2.125,-1.75,-1.75,0.0,False,False,meta-llama/Meta-Llama-3.1-8B-Instruct,0e9e39f249a16976918f6564b8830bc894c89659
30,heldout,7,58,3,0,answer_position,2.5,-1.0,-0.875,0.125,False,False,meta-llama/Meta-Llama-3.1-8B-Instruct,0e9e39f249a16976918f6564b8830bc894c89659
30,heldout,7,58,3,0,number_tokens,2.5,-1.0,-1.0,0.0,False,False,meta-llama/Meta-Llama-3.1-8B-Instruct,0e9e39f249a16976918f6564b8830bc894c89659
30,heldout,7,58,3,0,random_positions,2.5,-1.0,-1.0,0.0,False,False,meta-llama/Meta-Llama-3.1-8B-Instruct,0e9e39f249a16976918f6564b8830bc894c89659
30,heldout,7,58,3,1,answer_position,2.5,-1.0,-1.0,0.0,False,False,meta-llama/Meta-Llama-3.1-8B-Instruct,0e9e39f249a16976918f6564b8830bc894c89659
30,heldout,7,58,3,1,number_tokens,2.5,-1.0,-1.0,0.0,False,False,meta-llama/Meta-Llama-3.1-8B-Instruct,0e9e39f249a16976918f6564b8830bc894c89659
30,heldout,7,58,3,1,random_positions,2.5,-1.0,-1.125,-0.125,False,False,meta-llama/Meta-Llama-3.1-8B-Instruct,0e9e39f249a16976918f6564b8830bc894c89659
30,heldout,7,58,3,2,answer_position,2.5,-1.0,-0.875,0.125,False,False,meta-llama/Meta-Llama-3.1-8B-Instruct,0e9e39f249a16976918f6564b8830bc894c89659
30,heldout,7,58,3,2,number_tokens,2.5,-1.0,-2.625,-1.625,False,False,meta-llama/Meta-Llama-3.1-8B-Instruct,0e9e39f249a16976918f6564b8830bc894c89659
30,heldout,7,58,3,2,random_positions,2.5,-1.0,-1.0,0.0,False,False,meta-llama/Meta-Llama-3.1-8B-Instruct,0e9e39f249a16976918f6564b8830bc894c89659
30,heldout,7,58,3,3,answer_position,2.5,-1.0,-1.0,0.0,False,False,meta-llama/Meta-Llama-3.1-8B-Instruct,0e9e39f249a16976918f6564b8830bc894c89659
30,heldout,7,58,3,3,number_tokens,2.5,-1.0,-2.625,-1.625,False,False,meta-llama/Meta-Llama-3.1-8B-Instruct,0e9e39f249a16976918f6564b8830bc894c89659
30,heldout,7,58,3,3,random_positions,2.5,-1.0,-0.875,0.125,False,False,meta-llama/Meta-Llama-3.1-8B-Instruct,0e9e39f249a16976918f6564b8830bc894c89659
30,heldout,7,58,3,4,answer_position,2.5,-1.0,-0.875,0.125,False,False,meta-llama/Meta-Llama-3.1-8B-Instruct,0e9e39f249a16976918f6564b8830bc894c89659
30,heldout,7,58,3,4,number_tokens,2.5,-1.0,-2.25,-1.25,False,False,meta-llama/Meta-Llama-3.1-8B-Instruct,0e9e39f249a16976918f6564b8830bc894c89659
30,heldout,7,58,3,4,random_positions,2.5,-1.0,-1.0,0.0,False,False,meta-llama/Meta-Llama-3.1-8B-Instruct,0e9e39f249a16976918f6564b8830bc894c89659
30,heldout,7,58,3,5,answer_position,2.5,-1.0,-0.875,0.125,False,False,meta-llama/Meta-Llama-3.1-8B-Instruct,0e9e39f249a16976918f6564b8830bc894c89659
30,heldout,7,58,3,5,number_tokens,2.5,-1.0,-4.375,-3.375,False,False,meta-llama/Meta-Llama-3.1-8B-Instruct,0e9e39f249a16976918f6564b8830bc894c89659
30,heldout,7,58,3,5,random_positions,2.5,-1.0,-1.0,0.0,False,False,meta-llama/Meta-Llama-3.1-8B-Instruct,0e9e39f249a16976918f6564b8830bc894c89659
30,heldout,7,58,3,6,answer_position,2.5,-1.0,-1.0,0.0,False,False,meta-llama/Meta-Llama-3.1-8B-Instruct,0e9e39f249a16976918f6564b8830bc894c89659
30,heldout,7,58,3,6,number_tokens,2.5,-1.0,-3.375,-2.375,False,False,meta-llama/Meta-Llama-3.1-8B-Instruct,0e9e39f249a16976918f6564b8830bc894c89659
30,heldout,7,58,3,6,random_positions,2.5,-1.0,-1.0,0.0,False,False,meta-llama/Meta-Llama-3.1-8B-Instruct,0e9e39f249a16976918f6564b8830bc894c89659
30,heldout,7,58,3,7,answer_position,2.5,-1.0,-0.875,0.125,False,False,meta-llama/Meta-Llama-3.1-8B-Instruct,0e9e39f249a16976918f6564b8830bc894c89659
30,heldout,7,58,3,7,number_tokens,2.5,-1.0,-2.125,-1.125,False,False,meta-llama/Meta-Llama-3.1-8B-Instruct,0e9e39f249a16976918f6564b8830bc894c89659
30,heldout,7,58,3,7,random_positions,2.5,-1.0,-1.125,-0.125,False,False,meta-llama/Meta-Llama-3.1-8B-Instruct,0e9e39f249a16976918f6564b8830bc894c89659
30,heldout,7,58,3,8,answer_position,2.5,-1.0,-0.875,0.125,False,False,meta-llama/Meta-Llama-3.1-8B-Instruct,0e9e39f249a16976918f6564b8830bc894c89659
30,heldout,7,58,3,8,number_tokens,2.5,-1.0,-1.0,0.0,False,False,meta-llama/Meta-Llama-3.1-8B-Instruct,0e9e39f249a16976918f6564b8830bc894c89659
30,heldout,7,58,3,8,random_positions,2.5,-1.0,-1.0,0.0,False,False,meta-llama/Meta-Llama-3.1-8B-Instruct,0e9e39f249a16976918f6564b8830bc894c89659
30,heldout,7,58,3,9,answer_position,2.5,-1.0,-0.875,0.125,False,False,meta-llama/Meta-Llama-3.1-8B-Instruct,0e9e39f249a16976918f6564b8830bc894c89659
30,heldout,7,58,3,9,number_tokens,2.5,-1.0,-0.875,0.125,False,False,meta-llama/Meta-Llama-3.1-8B-Instruct,0e9e39f249a16976918f6564b8830bc894c89659
30,heldout,7,58,3,9,random_positions,2.5,-1.0,-0.875,0.125,False,False,meta-llama/Meta-Llama-3.1-8B-Instruct,0e9e39f249a16976918f6564b8830bc894c89659
30,heldout,7,58,3,10,answer_position,2.5,-1.0,-1.0,0.0,False,False,meta-llama/Meta-Llama-3.1-8B-Instruct,0e9e39f249a16976918f6564b8830bc894c89659
30,heldout,7,58,3,10,number_tokens,2.5,-1.0,-0.75,0.25,False,False,meta-llama/Meta-Llama-3.1-8B-Instruct,0e9e39f249a16976918f6564b8830bc894c89659
30,heldout,7,58,3,10,random_positions,2.5,-1.0,-0.875,0.125,False,False,meta-llama/Meta-Llama-3.1-8B-Instruct,0e9e39f249a16976918f6564b8830bc894c89659
30,heldout,7,58,3,11,answer_position,2.5,-1.0,-0.875,0.125,False,False,meta-llama/Meta-Llama-3.1-8B-Instruct,0e9e39f249a16976918f6564b8830bc894c89659
30,heldout,7,58,3,11,number_tokens,2.5,-1.0,-0.375,0.625,False,False,meta-llama/Meta-Llama-3.1-8B-Instruct,0e9e39f249a16976918f6564b8830bc894c89659
30,heldout,7,58,3,11,random_positions,2.5,-1.0,-0.875,0.125,False,False,meta-llama/Meta-Llama-3.1-8B-Instruct,0e9e39f249a16976918f6564b8830bc894c89659
30,heldout,7,58,3,12,answer_position,2.5,-1.0,-0.875,0.125,False,False,meta-llama/Meta-Llama-3.1-8B-Instruct,0e9e39f249a16976918f6564b8830bc894c89659
30,heldout,7,58,3,12,number_tokens,2.5,-1.0,-0.5,0.5,False,False,meta-llama/Meta-Llama-3.1-8B-Instruct,0e9e39f249a16976918f6564b8830bc894c89659
30,heldout,7,58,3,12,random_positions,2.5,-1.0,-0.875,0.125,False,False,meta-llama/Meta-Llama-3.1-8B-Instruct,0e9e39f249a16976918f6564b8830bc894c89659
30,heldout,7,58,3,13,answer_position,2.5,-1.0,-0.5,0.5,False,False,meta-llama/Meta-Llama-3.1-8B-Instruct,0e9e39f249a16976918f6564b8830bc894c89659
30,heldout,7,58,3,13,number_tokens,2.5,-1.0,-0.75,0.25,False,False,meta-llama/Meta-Llama-3.1-8B-Instruct,0e9e39f249a16976918f6564b8830bc894c89659
30,heldout,7,58,3,13,random_positions,2.5,-1.0,-0.875,0.125,False,False,meta-llama/Meta-Llama-3.1-8B-Instruct,0e9e39f249a16976918f6564b8830bc894c89659
30,heldout,7,58,3,14,answer_position,2.5,-1.0,0.0,1.0,False,False,meta-llama/Meta-Llama-3.1-8B-Instruct,0e9e39f249a16976918f6564b8830bc894c89659
30,heldout,7,58,3,14,number_tokens,2.5,-1.0,-0.75,0.25,False,False,meta-llama/Meta-Llama-3.1-8B-Instruct,0e9e39f249a16976918f6564b8830bc894c89659
30,heldout,7,58,3,14,random_positions,2.5,-1.0,-0.875,0.125,False,False,meta-llama/Meta-Llama-3.1-8B-Instruct,0e9e39f249a16976918f6564b8830bc894c89659
30,heldout,7,58,3,15,answer_position,2.5,-1.0,0.5,1.5,False,True,meta-llama/Meta-Llama-3.1-8B-Instruct,0e9e39f249a16976918f6564b8830bc894c89659
30,heldout,7,58,3,15,number_tokens,2.5,-1.0,-1.0,0.0,False,False,meta-llama/Meta-Llama-3.1-8B-Instruct,0e9e39f249a16976918f6564b8830bc894c89659
30,heldout,7,58,3,15,random_positions,2.5,-1.0,-0.875,0.125,False,False,meta-llama/Meta-Llama-3.1-8B-Instruct,0e9e39f249a16976918f6564b8830bc894c89659
30,heldout,7,58,3,16,answer_position,2.5,-1.0,-0.125,0.875,False,False,meta-llama/Meta-Llama-3.1-8B-Instruct,0e9e39f249a16976918f6564b8830bc894c89659
30,heldout,7,58,3,16,number_tokens,2.5,-1.0,-1.0,0.0,False,False,meta-llama/Meta-Llama-3.1-8B-Instruct,0e9e39f249a16976918f6564b8830bc894c89659
30,heldout,7,58,3,16,random_positions,2.5,-1.0,-1.0,0.0,False,False,meta-llama/Meta-Llama-3.1-8B-Instruct,0e9e39f249a16976918f6564b8830bc894c89659
30,heldout,7,58,3,17,answer_position,2.5,-1.0,2.125,3.125,False,True,meta-llama/Meta-Llama-3.1-8B-Instruct,0e9e39f249a16976918f6564b8830bc894c89659
30,heldout,7,58,3,17,number_tokens,2.5,-1.0,-1.0,0.0,False,False,meta-llama/Meta-Llama-3.1-8B-Instruct,0e9e39f249a16976918f6564b8830bc894c89659
30,heldout,7,58,3,17,random_positions,2.5,-1.0,-1.0,0.0,False,False,meta-llama/Meta-Llama-3.1-8B-Instruct,0e9e39f249a16976918f6564b8830bc894c89659
30,heldout,7,58,3,18,answer_position,2.5,-1.0,2.125,3.125,False,True,meta-llama/Meta-Llama-3.1-8B-Instruct,0e9e39f249a16976918f6564b8830bc894c89659
30,heldout,7,58,3,18,number_tokens,2.5,-1.0,-1.0,0.0,False,False,meta-llama/Meta-Llama-3.1-8B-Instruct,0e9e39f249a16976918f6564b8830bc894c89659
30,heldout,7,58,3,18,random_positions,2.5,-1.0,-1.0,0.0,False,False,meta-llama/Meta-Llama-3.1-8B-Instruct,0e9e39f249a16976918f6564b8830bc894c89659
30,heldout,7,58,3,19,answer_position,2.5,-1.0,2.25,3.25,False,True,meta-llama/Meta-Llama-3.1-8B-Instruct,0e9e39f249a16976918f6564b8830bc894c89659
30,heldout,7,58,3,19,number_tokens,2.5,-1.0,-1.0,0.0,False,False,meta-llama/Meta-Llama-3.1-8B-Instruct,0e9e39f249a16976918f6564b8830bc894c89659
30,heldout,7,58,3,19,random_positions,2.5,-1.0,-1.0,0.0,False,False,meta-llama/Meta-Llama-3.1-8B-Instruct,0e9e39f249a16976918f6564b8830bc894c89659
30,heldout,7,58,3,20,answer_position,2.5,-1.0,2.25,3.25,False,True,meta-llama/Meta-Llama-3.1-8B-Instruct,0e9e39f249a16976918f6564b8830bc894c89659
30,heldout,7,58,3,20,number_tokens,2.5,-1.0,-1.0,0.0,False,False,meta-llama/Meta-Llama-3.1-8B-Instruct,0e9e39f249a16976918f6564b8830bc894c89659
30,heldout,7,58,3,20,random_positions,2.5,-1.0,-1.0,0.0,False,False,meta-llama/Meta-Llama-3.1-8B-Instruct,0e9e39f249a16976918f6564b8830bc894c89659
30,heldout,7,58,3,21,answer_position,2.5,-1.0,2.25,3.25,False,True,meta-llama/Meta-Llama-3.1-8B-Instruct,0e9e39f249a16976918f6564b8830bc894c89659
30,heldout,7,58,3,21,number_tokens,2.5,-1.0,-1.0,0.0,False,False,meta-llama/Meta-Llama-3.1-8B-Instruct,0e9e39f249a16976918f6564b8830bc894c89659
30,heldout,7,58,3,21,random_positions,2.5,-1.0,-1.0,0.0,False,False,meta-llama/Meta-Llama-3.1-8B-Instruct,0e9e39f249a16976918f6564b8830bc894c89659
30,heldout,7,58,3,22,answer_position,2.5,-1.0,2.375,3.375,False,True,meta-llama/Meta-Llama-3.1-8B-Instruct,0e9e39f249a16976918f6564b8830bc894c89659
30,heldout,7,58,3,22,number_tokens,2.5,-1.0,-1.0,0.0,False,False,meta-llama/Meta-Llama-3.1-8B-Instruct,0e9e39f249a16976918f6564b8830bc894c89659
30,heldout,7,58,3,22,random_positions,2.5,-1.0,-1.0,0.0,False,False,meta-llama/Meta-Llama-3.1-8B-Instruct,0e9e39f249a16976918f6564b8830bc894c89659
30,heldout,7,58,3,23,answer_position,2.5,-1.0,2.25,3.25,False,True,meta-llama/Meta-Llama-3.1-8B-Instruct,0e9e39f249a16976918f6564b8830bc894c89659
30,heldout,7,58,3,23,number_tokens,2.5,-1.0,-1.0,0.0,False,False,meta-llama/Meta-Llama-3.1-8B-Instruct,0e9e39f249a16976918f6564b8830bc894c89659
30,heldout,7,58,3,23,random_positions,2.5,-1.0,-1.0,0.0,False,False,meta-llama/Meta-Llama-3.1-8B-Instruct,0e9e39f249a16976918f6564b8830bc894c89659
30,heldout,7,58,3,24,answer_position,2.5,-1.0,2.375,3.375,False,True,meta-llama/Meta-Llama-3.1-8B-Instruct,0e9e39f249a16976918f6564b8830bc894c89659
30,heldout,7,58,3,24,number_tokens,2.5,-1.0,-1.0,0.0,False,False,meta-llama/Meta-Llama-3.1-8B-Instruct,0e9e39f249a16976918f6564b8830bc894c89659
30,heldout,7,58,3,24,random_positions,2.5,-1.0,-1.0,0.0,False,False,meta-llama/Meta-Llama-3.1-8B-Instruct,0e9e39f249a16976918f6564b8830bc894c89659
30,heldout,7,58,3,25,answer_position,2.5,-1.0,2.375,3.375,False,True,meta-llama/Meta-Llama-3.1-8B-Instruct,0e9e39f249a16976918f6564b8830bc894c89659
30,heldout,7,58,3,25,number_tokens,2.5,-1.0,-1.0,0.0,False,False,meta-llama/Meta-Llama-3.1-8B-Instruct,0e9e39f249a16976918f6564b8830bc894c89659
30,heldout,7,58,3,25,random_positions,2.5,-1.0,-1.0,0.0,False,False,meta-llama/Meta-Llama-3.1-8B-Instruct,0e9e39f249a16976918f6564b8830bc894c89659
30,heldout,7,58,3,26,answer_position,2.5,-1.0,2.25,3.25,False,True,meta-llama/Meta-Llama-3.1-8B-Instruct,0e9e39f249a16976918f6564b8830bc894c89659
30,heldout,7,58,3,26,number_tokens,2.5,-1.0,-0.875,0.125,False,False,meta-llama/Meta-Llama-3.1-8B-Instruct,0e9e39f249a16976918f6564b8830bc894c89659
30,heldout,7,58,3,26,random_positions,2.5,-1.0,-1.0,0.0,False,False,meta-llama/Meta-Llama-3.1-8B-Instruct,0e9e39f249a16976918f6564b8830bc894c89659
30,heldout,7,58,3,27,answer_position,2.5,-1.0,2.25,3.25,False,True,meta-llama/Meta-Llama-3.1-8B-Instruct,0e9e39f249a16976918f6564b8830bc894c89659
30,heldout,7,58,3,27,number_tokens,2.5,-1.0,-1.0,0.0,False,False,meta-llama/Meta-Llama-3.1-8B-Instruct,0e9e39f249a16976918f6564b8830bc894c89659
30,heldout,7,58,3,27,random_positions,2.5,-1.0,-0.875,0.125,False,False,meta-llama/Meta-Llama-3.1-8B-Instruct,0e9e39f249a16976918f6564b8830bc894c89659
30,heldout,7,58,3,28,answer_position,2.5,-1.0,2.375,3.375,False,True,meta-llama/Meta-Llama-3.1-8B-Instruct,0e9e39f249a16976918f6564b8830bc894c89659
30,heldout,7,58,3,28,number_tokens,2.5,-1.0,-1.0,0.0,False,False,meta-llama/Meta-Llama-3.1-8B-Instruct,0e9e39f249a16976918f6564b8830bc894c89659
30,heldout,7,58,3,28,random_positions,2.5,-1.0,-1.0,0.0,False,False,meta-llama/Meta-Llama-3.1-8B-Instruct,0e9e39f249a16976918f6564b8830bc894c89659
30,heldout,7,58,3,29,answer_position,2.5,-1.0,2.375,3.375,False,True,meta-llama/Meta-Llama-3.1-8B-Instruct,0e9e39f249a16976918f6564b8830bc894c89659
30,heldout,7,58,3,29,number_tokens,2.5,-1.0,-1.0,0.0,False,False,meta-llama/Meta-Llama-3.1-8B-Instruct,0e9e39f249a16976918f6564b8830bc894c89659
30,heldout,7,58,3,29,random_positions,2.5,-1.0,-1.0,0.0,False,False,meta-llama/Meta-Llama-3.1-8B-Instruct,0e9e39f249a16976918f6564b8830bc894c89659
30,heldout,7,58,3,30,answer_position,2.5,-1.0,2.375,3.375,False,True,meta-llama/Meta-Llama-3.1-8B-Instruct,0e9e39f249a16976918f6564b8830bc894c89659
30,heldout,7,58,3,30,number_tokens,2.5,-1.0,-1.0,0.0,False,False,meta-llama/Meta-Llama-3.1-8B-Instruct,0e9e39f249a16976918f6564b8830bc894c89659
30,heldout,7,58,3,30,random_positions,2.5,-1.0,-1.0,0.0,False,False,meta-llama/Meta-Llama-3.1-8B-Instruct,0e9e39f249a16976918f6564b8830bc894c89659
30,heldout,7,58,3,31,answer_position,2.5,-1.0,2.5,3.5,False,True,meta-llama/Meta-Llama-3.1-8B-Instruct,0e9e39f249a16976918f6564b8830bc894c89659
30,heldout,7,58,3,31,number_tokens,2.5,-1.0,-1.0,0.0,False,False,meta-llama/Meta-Llama-3.1-8B-Instruct,0e9e39f249a16976918f6564b8830bc894c89659
30,heldout,7,58,3,31,random_positions,2.5,-1.0,-1.0,0.0,False,False,meta-llama/Meta-Llama-3.1-8B-Instruct,0e9e39f249a16976918f6564b8830bc894c89659
31,heldout,7,59,4,0,answer_position,2.75,-1.25,-1.25,0.0,False,False,meta-llama/Meta-Llama-3.1-8B-Instruct,0e9e39f249a16976918f6564b8830bc894c89659
31,heldout,7,59,4,0,number_tokens,2.75,-1.25,-1.25,0.0,False,False,meta-llama/Meta-Llama-3.1-8B-Instruct,0e9e39f249a16976918f6564b8830bc894c89659
31,heldout,7,59,4,0,random_positions,2.75,-1.25,-1.125,0.125,False,False,meta-llama/Meta-Llama-3.1-8B-Instruct,0e9e39f249a16976918f6564b8830bc894c89659
31,heldout,7,59,4,1,answer_position,2.75,-1.25,-1.25,0.0,False,False,meta-llama/Meta-Llama-3.1-8B-Instruct,0e9e39f249a16976918f6564b8830bc894c89659
31,heldout,7,59,4,1,number_tokens,2.75,-1.25,-1.125,0.125,False,False,meta-llama/Meta-Llama-3.1-8B-Instruct,0e9e39f249a16976918f6564b8830bc894c89659
31,heldout,7,59,4,1,random_positions,2.75,-1.25,-0.625,0.625,False,False,meta-llama/Meta-Llama-3.1-8B-Instruct,0e9e39f249a16976918f6564b8830bc894c89659
31,heldout,7,59,4,2,answer_position,2.75,-1.25,-1.25,0.0,False,False,meta-llama/Meta-Llama-3.1-8B-Instruct,0e9e39f249a16976918f6564b8830bc894c89659
31,heldout,7,59,4,2,number_tokens,2.75,-1.25,-2.25,-1.0,False,False,meta-llama/Meta-Llama-3.1-8B-Instruct,0e9e39f249a16976918f6564b8830bc894c89659
31,heldout,7,59,4,2,random_positions,2.75,-1.25,-0.5,0.75,False,False,meta-llama/Meta-Llama-3.1-8B-Instruct,0e9e39f249a16976918f6564b8830bc894c89659
31,heldout,7,59,4,3,answer_position,2.75,-1.25,-1.25,0.0,False,False,meta-llama/Meta-Llama-3.1-8B-Instruct,0e9e39f249a16976918f6564b8830bc894c89659
31,heldout,7,59,4,3,number_tokens,2.75,-1.25,-2.375,-1.125,False,False,meta-llama/Meta-Llama-3.1-8B-Instruct,0e9e39f249a16976918f6564b8830bc894c89659
31,heldout,7,59,4,3,random_positions,2.75,-1.25,-0.5,0.75,False,False,meta-llama/Meta-Llama-3.1-8B-Instruct,0e9e39f249a16976918f6564b8830bc894c89659
31,heldout,7,59,4,4,answer_position,2.75,-1.25,-1.25,0.0,False,False,meta-llama/Meta-Llama-3.1-8B-Instruct,0e9e39f249a16976918f6564b8830bc894c89659
31,heldout,7,59,4,4,number_tokens,2.75,-1.25,-1.625,-0.375,False,False,meta-llama/Meta-Llama-3.1-8B-Instruct,0e9e39f249a16976918f6564b8830bc894c89659
31,heldout,7,59,4,4,random_positions,2.75,-1.25,-0.875,0.375,False,False,meta-llama/Meta-Llama-3.1-8B-Instruct,0e9e39f249a16976918f6564b8830bc894c89659
31,heldout,7,59,4,5,answer_position,2.75,-1.25,-1.25,0.0,False,False,meta-llama/Meta-Llama-3.1-8B-Instruct,0e9e39f249a16976918f6564b8830bc894c89659
31,heldout,7,59,4,5,number_tokens,2.75,-1.25,-3.25,-2.0,False,False,meta-llama/Meta-Llama-3.1-8B-Instruct,0e9e39f249a16976918f6564b8830bc894c89659
31,heldout,7,59,4,5,random_positions,2.75,-1.25,-1.0,0.25,False,False,meta-llama/Meta-Llama-3.1-8B-Instruct,0e9e39f249a16976918f6564b8830bc894c89659
31,heldout,7,59,4,6,answer_position,2.75,-1.25,-1.25,0.0,False,False,meta-llama/Meta-Llama-3.1-8B-Instruct,0e9e39f249a16976918f6564b8830bc894c89659
31,heldout,7,59,4,6,number_tokens,2.75,-1.25,-2.75,-1.5,False,False,meta-llama/Meta-Llama-3.1-8B-Instruct,0e9e39f249a16976918f6564b8830bc894c89659
31,heldout,7,59,4,6,random_positions,2.75,-1.25,-0.75,0.5,False,False,meta-llama/Meta-Llama-3.1-8B-Instruct,0e9e39f249a16976918f6564b8830bc894c89659
31,heldout,7,59,4,7,answer_position,2.75,-1.25,-1.25,0.0,False,False,meta-llama/Meta-Llama-3.1-8B-Instruct,0e9e39f249a16976918f6564b8830bc894c89659
31,heldout,7,59,4,7,number_tokens,2.75,-1.25,-1.25,0.0,False,False,meta-llama/Meta-Llama-3.1-8B-Instruct,0e9e39f249a16976918f6564b8830bc894c89659
31,heldout,7,59,4,7,random_positions,2.75,-1.25,-0.875,0.375,False,False,meta-llama/Meta-Llama-3.1-8B-Instruct,0e9e39f249a16976918f6564b8830bc894c89659
31,heldout,7,59,4,8,answer_position,2.75,-1.25,-1.25,0.0,False,False,meta-llama/Meta-Llama-3.1-8B-Instruct,0e9e39f249a16976918f6564b8830bc894c89659
31,heldout,7,59,4,8,number_tokens,2.75,-1.25,-0.125,1.125,False,False,meta-llama/Meta-Llama-3.1-8B-Instruct,0e9e39f249a16976918f6564b8830bc894c89659
31,heldout,7,59,4,8,random_positions,2.75,-1.25,-0.875,0.375,False,False,meta-llama/Meta-Llama-3.1-8B-Instruct,0e9e39f249a16976918f6564b8830bc894c89659
31,heldout,7,59,4,9,answer_position,2.75,-1.25,-1.25,0.0,False,False,meta-llama/Meta-Llama-3.1-8B-Instruct,0e9e39f249a16976918f6564b8830bc894c89659
31,heldout,7,59,4,9,number_tokens,2.75,-1.25,-0.125,1.125,False,False,meta-llama/Meta-Llama-3.1-8B-Instruct,0e9e39f249a16976918f6564b8830bc894c89659
31,heldout,7,59,4,9,random_positions,2.75,-1.25,-0.875,0.375,False,False,meta-llama/Meta-Llama-3.1-8B-Instruct,0e9e39f249a16976918f6564b8830bc894c89659
31,heldout,7,59,4,10,answer_position,2.75,-1.25,-1.25,0.0,False,False,meta-llama/Meta-Llama-3.1-8B-Instruct,0e9e39f249a16976918f6564b8830bc894c89659
31,heldout,7,59,4,10,number_tokens,2.75,-1.25,0.125,1.375,False,True,meta-llama/Meta-Llama-3.1-8B-Instruct,0e9e39f249a16976918f6564b8830bc894c89659
31,heldout,7,59,4,10,random_positions,2.75,-1.25,-0.75,0.5,False,False,meta-llama/Meta-Llama-3.1-8B-Instruct,0e9e39f249a16976918f6564b8830bc894c89659
31,heldout,7,59,4,11,answer_position,2.75,-1.25,-1.25,0.0,False,False,meta-llama/Meta-Llama-3.1-8B-Instruct,0e9e39f249a16976918f6564b8830bc894c89659
31,heldout,7,59,4,11,number_tokens,2.75,-1.25,-0.25,1.0,False,False,meta-llama/Meta-Llama-3.1-8B-Instruct,0e9e39f249a16976918f6564b8830bc894c89659
31,heldout,7,59,4,11,random_positions,2.75,-1.25,-0.75,0.5,False,False,meta-llama/Meta-Llama-3.1-8B-Instruct,0e9e39f249a16976918f6564b8830bc894c89659
31,heldout,7,59,4,12,answer_position,2.75,-1.25,-1.125,0.125,False,False,meta-llama/Meta-Llama-3.1-8B-Instruct,0e9e39f249a16976918f6564b8830bc894c89659
31,heldout,7,59,4,12,number_tokens,2.75,-1.25,-0.5,0.75,False,False,meta-llama/Meta-Llama-3.1-8B-Instruct,0e9e39f249a16976918f6564b8830bc894c89659
31,heldout,7,59,4,12,random_positions,2.75,-1.25,-0.75,0.5,False,False,meta-llama/Meta-Llama-3.1-8B-Instruct,0e9e39f249a16976918f6564b8830bc894c89659
31,heldout,7,59,4,13,answer_position,2.75,-1.25,-0.75,0.5,False,False,meta-llama/Meta-Llama-3.1-8B-Instruct,0e9e39f249a16976918f6564b8830bc894c89659
31,heldout,7,59,4,13,number_tokens,2.75,-1.25,-0.875,0.375,False,False,meta-llama/Meta-Llama-3.1-8B-Instruct,0e9e39f249a16976918f6564b8830bc894c89659
31,heldout,7,59,4,13,random_positions,2.75,-1.25,-0.625,0.625,False,False,meta-llama/Meta-Llama-3.1-8B-Instruct,0e9e39f249a16976918f6564b8830bc894c89659
31,heldout,7,59,4,14,answer_position,2.75,-1.25,-0.25,1.0,False,False,meta-llama/Meta-Llama-3.1-8B-Instruct,0e9e39f249a16976918f6564b8830bc894c89659
31,heldout,7,59,4,14,number_tokens,2.75,-1.25,-1.0,0.25,False,False,meta-llama/Meta-Llama-3.1-8B-Instruct,0e9e39f249a16976918f6564b8830bc894c89659
31,heldout,7,59,4,14,random_positions,2.75,-1.25,-0.625,0.625,False,False,meta-llama/Meta-Llama-3.1-8B-Instruct,0e9e39f249a16976918f6564b8830bc894c89659
31,heldout,7,59,4,15,answer_position,2.75,-1.25,0.5,1.75,False,True,meta-llama/Meta-Llama-3.1-8B-Instruct,0e9e39f249a16976918f6564b8830bc894c89659
31,heldout,7,59,4,15,number_tokens,2.75,-1.25,-1.375,-0.125,False,False,meta-llama/Meta-Llama-3.1-8B-Instruct,0e9e39f249a16976918f6564b8830bc894c89659
31,heldout,7,59,4,15,random_positions,2.75,-1.25,-0.625,0.625,False,False,meta-llama/Meta-Llama-3.1-8B-Instruct,0e9e39f249a16976918f6564b8830bc894c89659
31,heldout,7,59,4,16,answer_position,2.75,-1.25,-0.25,1.0,False,False,meta-llama/Meta-Llama-3.1-8B-Instruct,0e9e39f249a16976918f6564b8830bc894c89659
31,heldout,7,59,4,16,number_tokens,2.75,-1.25,-1.25,0.0,False,False,meta-llama/Meta-Llama-3.1-8B-Instruct,0e9e39f249a16976918f6564b8830bc894c89659
31,heldout,7,59,4,16,random_positions,2.75,-1.25,-1.0,0.25,False,False,meta-llama/Meta-Llama-3.1-8B-Instruct,0e9e39f249a16976918f6564b8830bc894c89659
31,heldout,7,59,4,17,answer_position,2.75,-1.25,2.5,3.75,False,True,meta-llama/Meta-Llama-3.1-8B-Instruct,0e9e39f249a16976918f6564b8830bc894c89659
31,heldout,7,59,4,17,number_tokens,2.75,-1.25,-1.25,0.0,False,False,meta-llama/Meta-Llama-3.1-8B-Instruct,0e9e39f249a16976918f6564b8830bc894c89659
31,heldout,7,59,4,17,random_positions,2.75,-1.25,-0.875,0.375,False,False,meta-llama/Meta-Llama-3.1-8B-Instruct,0e9e39f249a16976918f6564b8830bc894c89659
31,heldout,7,59,4,18,answer_position,2.75,-1.25,2.375,3.625,False,True,meta-llama/Meta-Llama-3.1-8B-Instruct,0e9e39f249a16976918f6564b8830bc894c89659
31,heldout,7,59,4,18,number_tokens,2.75,-1.25,-1.25,0.0,False,False,meta-llama/Meta-Llama-3.1-8B-Instruct,0e9e39f249a16976918f6564b8830bc894c89659
31,heldout,7,59,4,18,random_positions,2.75,-1.25,-1.0,0.25,False,False,meta-llama/Meta-Llama-3.1-8B-Instruct,0e9e39f249a16976918f6564b8830bc894c89659
31,heldout,7,59,4,19,answer_position,2.75,-1.25,2.5,3.75,False,True,meta-llama/Meta-Llama-3.1-8B-Instruct,0e9e39f249a16976918f6564b8830bc894c89659
31,heldout,7,59,4,19,number_tokens,2.75,-1.25,-1.25,0.0,False,False,meta-llama/Meta-Llama-3.1-8B-Instruct,0e9e39f249a16976918f6564b8830bc894c89659
31,heldout,7,59,4,19,random_positions,2.75,-1.25,-0.875,0.375,False,False,meta-llama/Meta-Llama-3.1-8B-Instruct,0e9e39f249a16976918f6564b8830bc894c89659
31,heldout,7,59,4,20,answer_position,2.75,-1.25,2.375,3.625,False,True,meta-llama/Meta-Llama-3.1-8B-Instruct,0e9e39f249a16976918f6564b8830bc894c89659
31,heldout,7,59,4,20,number_tokens,2.75,-1.25,-1.375,-0.125,False,False,meta-llama/Meta-Llama-3.1-8B-Instruct,0e9e39f249a16976918f6564b8830bc894c89659
31,heldout,7,59,4,20,random_positions,2.75,-1.25,-0.875,0.375,False,False,meta-llama/Meta-Llama-3.1-8B-Instruct,0e9e39f249a16976918f6564b8830bc894c89659
31,heldout,7,59,4,21,answer_position,2.75,-1.25,2.625,3.875,False,True,meta-llama/Meta-Llama-3.1-8B-Instruct,0e9e39f249a16976918f6564b8830bc894c89659
31,heldout,7,59,4,21,number_tokens,2.75,-1.25,-1.375,-0.125,False,False,meta-llama/Meta-Llama-3.1-8B-Instruct,0e9e39f249a16976918f6564b8830bc894c89659
31,heldout,7,59,4,21,random_positions,2.75,-1.25,-1.0,0.25,False,False,meta-llama/Meta-Llama-3.1-8B-Instruct,0e9e39f249a16976918f6564b8830bc894c89659
31,heldout,7,59,4,22,answer_position,2.75,-1.25,2.625,3.875,False,True,meta-llama/Meta-Llama-3.1-8B-Instruct,0e9e39f249a16976918f6564b8830bc894c89659
31,heldout,7,59,4,22,number_tokens,2.75,-1.25,-1.375,-0.125,False,False,meta-llama/Meta-Llama-3.1-8B-Instruct,0e9e39f249a16976918f6564b8830bc894c89659
31,heldout,7,59,4,22,random_positions,2.75,-1.25,-1.125,0.125,False,False,meta-llama/Meta-Llama-3.1-8B-Instruct,0e9e39f249a16976918f6564b8830bc894c89659
31,heldout,7,59,4,23,answer_position,2.75,-1.25,2.625,3.875,False,True,meta-llama/Meta-Llama-3.1-8B-Instruct,0e9e39f249a16976918f6564b8830bc894c89659
31,heldout,7,59,4,23,number_tokens,2.75,-1.25,-1.25,0.0,False,False,meta-llama/Meta-Llama-3.1-8B-Instruct,0e9e39f249a16976918f6564b8830bc894c89659
31,heldout,7,59,4,23,random_positions,2.75,-1.25,-1.125,0.125,False,False,meta-llama/Meta-Llama-3.1-8B-Instruct,0e9e39f249a16976918f6564b8830bc894c89659
31,heldout,7,59,4,24,answer_position,2.75,-1.25,2.5,3.75,False,True,meta-llama/Meta-Llama-3.1-8B-Instruct,0e9e39f249a16976918f6564b8830bc894c89659
31,heldout,7,59,4,24,number_tokens,2.75,-1.25,-1.375,-0.125,False,False,meta-llama/Meta-Llama-3.1-8B-Instruct,0e9e39f249a16976918f6564b8830bc894c89659
31,heldout,7,59,4,24,random_positions,2.75,-1.25,-1.25,0.0,False,False,meta-llama/Meta-Llama-3.1-8B-Instruct,0e9e39f249a16976918f6564b8830bc894c89659
31,heldout,7,59,4,25,answer_position,2.75,-1.25,2.5,3.75,False,True,meta-llama/Meta-Llama-3.1-8B-Instruct,0e9e39f249a16976918f6564b8830bc894c89659
31,heldout,7,59,4,25,number_tokens,2.75,-1.25,-1.375,-0.125,False,False,meta-llama/Meta-Llama-3.1-8B-Instruct,0e9e39f249a16976918f6564b8830bc894c89659
31,heldout,7,59,4,25,random_positions,2.75,-1.25,-1.125,0.125,False,False,meta-llama/Meta-Llama-3.1-8B-Instruct,0e9e39f249a16976918f6564b8830bc894c89659
31,heldout,7,59,4,26,answer_position,2.75,-1.25,2.625,3.875,False,True,meta-llama/Meta-Llama-3.1-8B-Instruct,0e9e39f249a16976918f6564b8830bc894c89659
31,heldout,7,59,4,26,number_tokens,2.75,-1.25,-1.25,0.0,False,False,meta-llama/Meta-Llama-3.1-8B-Instruct,0e9e39f249a16976918f6564b8830bc894c89659
31,heldout,7,59,4,26,random_positions,2.75,-1.25,-1.125,0.125,False,False,meta-llama/Meta-Llama-3.1-8B-Instruct,0e9e39f249a16976918f6564b8830bc894c89659
31,heldout,7,59,4,27,answer_position,2.75,-1.25,2.625,3.875,False,True,meta-llama/Meta-Llama-3.1-8B-Instruct,0e9e39f249a16976918f6564b8830bc894c89659
31,heldout,7,59,4,27,number_tokens,2.75,-1.25,-1.25,0.0,False,False,meta-llama/Meta-Llama-3.1-8B-Instruct,0e9e39f249a16976918f6564b8830bc894c89659
31,heldout,7,59,4,27,random_positions,2.75,-1.25,-1.25,0.0,False,False,meta-llama/Meta-Llama-3.1-8B-Instruct,0e9e39f249a16976918f6564b8830bc894c89659
31,heldout,7,59,4,28,answer_position,2.75,-1.25,2.75,4.0,False,True,meta-llama/Meta-Llama-3.1-8B-Instruct,0e9e39f249a16976918f6564b8830bc894c89659
31,heldout,7,59,4,28,number_tokens,2.75,-1.25,-1.25,0.0,False,False,meta-llama/Meta-Llama-3.1-8B-Instruct,0e9e39f249a16976918f6564b8830bc894c89659
31,heldout,7,59,4,28,random_positions,2.75,-1.25,-1.25,0.0,False,False,meta-llama/Meta-Llama-3.1-8B-Instruct,0e9e39f249a16976918f6564b8830bc894c89659
31,heldout,7,59,4,29,answer_position,2.75,-1.25,2.75,4.0,False,True,meta-llama/Meta-Llama-3.1-8B-Instruct,0e9e39f249a16976918f6564b8830bc894c89659
31,heldout,7,59,4,29,number_tokens,2.75,-1.25,-1.25,0.0,False,False,meta-llama/Meta-Llama-3.1-8B-Instruct,0e9e39f249a16976918f6564b8830bc894c89659
31,heldout,7,59,4,29,random_positions,2.75,-1.25,-1.25,0.0,False,False,meta-llama/Meta-Llama-3.1-8B-Instruct,0e9e39f249a16976918f6564b8830bc894c89659
31,heldout,7,59,4,30,answer_position,2.75,-1.25,2.75,4.0,False,True,meta-llama/Meta-Llama-3.1-8B-Instruct,0e9e39f249a16976918f6564b8830bc894c89659
31,heldout,7,59,4,30,number_tokens,2.75,-1.25,-1.25,0.0,False,False,meta-llama/Meta-Llama-3.1-8B-Instruct,0e9e39f249a16976918f6564b8830bc894c89659
31,heldout,7,59,4,30,random_positions,2.75,-1.25,-1.25,0.0,False,False,meta-llama/Meta-Llama-3.1-8B-Instruct,0e9e39f249a16976918f6564b8830bc894c89659
31,heldout,7,59,4,31,answer_position,2.75,-1.25,2.75,4.0,False,True,meta-llama/Meta-Llama-3.1-8B-Instruct,0e9e39f249a16976918f6564b8830bc894c89659
31,heldout,7,59,4,31,number_tokens,2.75,-1.25,-1.25,0.0,False,False,meta-llama/Meta-Llama-3.1-8B-Instruct,0e9e39f249a16976918f6564b8830bc894c89659
31,heldout,7,59,4,31,random_positions,2.75,-1.25,-1.25,0.0,False,False,meta-llama/Meta-Llama-3.1-8B-Instruct,0e9e39f249a16976918f6564b8830bc894c89659
32,heldout,7,60,2,0,answer_position,1.125,-2.875,-3.0,-0.125,False,False,meta-llama/Meta-Llama-3.1-8B-Instruct,0e9e39f249a16976918f6564b8830bc894c89659
32,heldout,7,60,2,0,number_tokens,1.125,-2.875,-2.75,0.125,False,False,meta-llama/Meta-Llama-3.1-8B-Instruct,0e9e39f249a16976918f6564b8830bc894c89659
32,heldout,7,60,2,0,random_positions,1.125,-2.875,-2.875,0.0,False,False,meta-llama/Meta-Llama-3.1-8B-Instruct,0e9e39f249a16976918f6564b8830bc894c89659
32,heldout,7,60,2,1,answer_position,1.125,-2.875,-3.0,-0.125,False,False,meta-llama/Meta-Llama-3.1-8B-Instruct,0e9e39f249a16976918f6564b8830bc894c89659
32,heldout,7,60,2,1,number_tokens,1.125,-2.875,-2.75,0.125,False,False,meta-llama/Meta-Llama-3.1-8B-Instruct,0e9e39f249a16976918f6564b8830bc894c89659
32,heldout,7,60,2,1,random_positions,1.125,-2.875,-3.0,-0.125,False,False,meta-llama/Meta-Llama-3.1-8B-Instruct,0e9e39f249a16976918f6564b8830bc894c89659
32,heldout,7,60,2,2,answer_position,1.125,-2.875,-3.0,-0.125,False,False,meta-llama/Meta-Llama-3.1-8B-Instruct,0e9e39f249a16976918f6564b8830bc894c89659
32,heldout,7,60,2,2,number_tokens,1.125,-2.875,-3.75,-0.875,False,False,meta-llama/Meta-Llama-3.1-8B-Instruct,0e9e39f249a16976918f6564b8830bc894c89659
32,heldout,7,60,2,2,random_positions,1.125,-2.875,-3.25,-0.375,False,False,meta-llama/Meta-Llama-3.1-8B-Instruct,0e9e39f249a16976918f6564b8830bc894c89659
32,heldout,7,60,2,3,answer_position,1.125,-2.875,-2.875,0.0,False,False,meta-llama/Meta-Llama-3.1-8B-Instruct,0e9e39f249a16976918f6564b8830bc894c89659
32,heldout,7,60,2,3,number_tokens,1.125,-2.875,-3.625,-0.75,False,False,meta-llama/Meta-Llama-3.1-8B-Instruct,0e9e39f249a16976918f6564b8830bc894c89659
32,heldout,7,60,2,3,random_positions,1.125,-2.875,-3.125,-0.25,False,False,meta-llama/Meta-Llama-3.1-8B-Instruct,0e9e39f249a16976918f6564b8830bc894c89659
32,heldout,7,60,2,4,answer_position,1.125,-2.875,-2.875,0.0,False,False,meta-llama/Meta-Llama-3.1-8B-Instruct,0e9e39f249a16976918f6564b8830bc894c89659
32,heldout,7,60,2,4,number_tokens,1.125,-2.875,-4.25,-1.375,False,False,meta-llama/Meta-Llama-3.1-8B-Instruct,0e9e39f249a16976918f6564b8830bc894c89659
32,heldout,7,60,2,4,random_positions,1.125,-2.875,-3.375,-0.5,False,False,meta-llama/Meta-Llama-3.1-8B-Instruct,0e9e39f249a16976918f6564b8830bc894c89659
32,heldout,7,60,2,5,answer_position,1.125,-2.875,-3.0,-0.125,False,False,meta-llama/Meta-Llama-3.1-8B-Instruct,0e9e39f249a16976918f6564b8830bc894c89659
32,heldout,7,60,2,5,number_tokens,1.125,-2.875,-5.25,-2.375,False,False,meta-llama/Meta-Llama-3.1-8B-Instruct,0e9e39f249a16976918f6564b8830bc894c89659
32,heldout,7,60,2,5,random_positions,1.125,-2.875,-3.375,-0.5,False,False,meta-llama/Meta-Llama-3.1-8B-Instruct,0e9e39f249a16976918f6564b8830bc894c89659
32,heldout,7,60,2,6,answer_position,1.125,-2.875,-2.875,0.0,False,False,meta-llama/Meta-Llama-3.1-8B-Instruct,0e9e39f249a16976918f6564b8830bc894c89659
32,heldout,7,60,2,6,number_tokens,1.125,-2.875,-4.5,-1.625,False,False,meta-llama/Meta-Llama-3.1-8B-Instruct,0e9e39f249a16976918f6564b8830bc894c89659
32,heldout,7,60,2,6,random_positions,1.125,-2.875,-3.125,-0.25,False,False,meta-llama/Meta-Llama-3.1-8B-Instruct,0e9e39f249a16976918f6564b8830bc894c89659
32,heldout,7,60,2,7,answer_position,1.125,-2.875,-2.875,0.0,False,False,meta-llama/Meta-Llama-3.1-8B-Instruct,0e9e39f249a16976918f6564b8830bc894c89659
32,heldout,7,60,2,7,number_tokens,1.125,-2.875,-3.0,-0.125,False,False,meta-llama/Meta-Llama-3.1-8B-Instruct,0e9e39f249a16976918f6564b8830bc894c89659
32,heldout,7,60,2,7,random_positions,1.125,-2.875,-3.0,-0.125,False,False,meta-llama/Meta-Llama-3.1-8B-Instruct,0e9e39f249a16976918f6564b8830bc894c89659
32,heldout,7,60,2,8,answer_position,1.125,-2.875,-3.0,-0.125,False,False,meta-llama/Meta-Llama-3.1-8B-Instruct,0e9e39f249a16976918f6564b8830bc894c89659
32,heldout,7,60,2,8,number_tokens,1.125,-2.875,-2.0,0.875,False,False,meta-llama/Meta-Llama-3.1-8B-Instruct,0e9e39f249a16976918f6564b8830bc894c89659
32,heldout,7,60,2,8,random_positions,1.125,-2.875,-2.875,0.0,False,False,meta-llama/Meta-Llama-3.1-8B-Instruct,0e9e39f249a16976918f6564b8830bc894c89659
32,heldout,7,60,2,9,answer_position,1.125,-2.875,-3.0,-0.125,False,False,meta-llama/Meta-Llama-3.1-8B-Instruct,0e9e39f249a16976918f6564b8830bc894c89659
32,heldout,7,60,2,9,number_tokens,1.125,-2.875,-2.875,0.0,False,False,meta-llama/Meta-Llama-3.1-8B-Instruct,0e9e39f249a16976918f6564b8830bc894c89659
32,heldout,7,60,2,9,random_positions,1.125,-2.875,-3.25,-0.375,False,False,meta-llama/Meta-Llama-3.1-8B-Instruct,0e9e39f249a16976918f6564b8830bc894c89659
32,heldout,7,60,2,10,answer_position,1.125,-2.875,-2.875,0.0,False,False,meta-llama/Meta-Llama-3.1-8B-Instruct,0e9e39f249a16976918f6564b8830bc894c89659
32,heldout,7,60,2,10,number_tokens,1.125,-2.875,-2.625,0.25,False,False,meta-llama/Meta-Llama-3.1-8B-Instruct,0e9e39f249a16976918f6564b8830bc894c89659
32,heldout,7,60,2,10,random_positions,1.125,-2.875,-3.125,-0.25,False,False,meta-llama/Meta-Llama-3.1-8B-Instruct,0e9e39f249a16976918f6564b8830bc894c89659
32,heldout,7,60,2,11,answer_position,1.125,-2.875,-3.0,-0.125,False,False,meta-llama/Meta-Llama-3.1-8B-Instruct,0e9e39f249a16976918f6564b8830bc894c89659
32,heldout,7,60,2,11,number_tokens,1.125,-2.875,-2.375,0.5,False,False,meta-llama/Meta-Llama-3.1-8B-Instruct,0e9e39f249a16976918f6564b8830bc894c89659
32,heldout,7,60,2,11,random_positions,1.125,-2.875,-3.0,-0.125,False,False,meta-llama/Meta-Llama-3.1-8B-Instruct,0e9e39f249a16976918f6564b8830bc894c89659
32,heldout,7,60,2,12,answer_position,1.125,-2.875,-2.75,0.125,False,False,meta-llama/Meta-Llama-3.1-8B-Instruct,0e9e39f249a16976918f6564b8830bc894c89659
32,heldout,7,60,2,12,number_tokens,1.125,-2.875,-2.375,0.5,False,False,meta-llama/Meta-Llama-3.1-8B-Instruct,0e9e39f249a16976918f6564b8830bc894c89659
32,heldout,7,60,2,12,random_positions,1.125,-2.875,-2.625,0.25,False,False,meta-llama/Meta-Llama-3.1-8B-Instruct,0e9e39f249a16976918f6564b8830bc894c89659
32,heldout,7,60,2,13,answer_position,1.125,-2.875,-2.125,0.75,False,False,meta-llama/Meta-Llama-3.1-8B-Instruct,0e9e39f249a16976918f6564b8830bc894c89659
32,heldout,7,60,2,13,number_tokens,1.125,-2.875,-2.5,0.375,False,False,meta-llama/Meta-Llama-3.1-8B-Instruct,0e9e39f249a16976918f6564b8830bc894c89659
32,heldout,7,60,2,13,random_positions,1.125,-2.875,-2.625,0.25,False,False,meta-llama/Meta-Llama-3.1-8B-Instruct,0e9e39f249a16976918f6564b8830bc894c89659
32,heldout,7,60,2,14,answer_position,1.125,-2.875,-0.75,2.125,False,False,meta-llama/Meta-Llama-3.1-8B-Instruct,0e9e39f249a16976918f6564b8830bc894c89659
32,heldout,7,60,2,14,number_tokens,1.125,-2.875,-2.625,0.25,False,False,meta-llama/Meta-Llama-3.1-8B-Instruct,0e9e39f249a16976918f6564b8830bc894c89659
32,heldout,7,60,2,14,random_positions,1.125,-2.875,-2.75,0.125,False,False,meta-llama/Meta-Llama-3.1-8B-Instruct,0e9e39f249a16976918f6564b8830bc894c89659
32,heldout,7,60,2,15,answer_position,1.125,-2.875,-0.375,2.5,False,False,meta-llama/Meta-Llama-3.1-8B-Instruct,0e9e39f249a16976918f6564b8830bc894c89659
32,heldout,7,60,2,15,number_tokens,1.125,-2.875,-3.0,-0.125,False,False,meta-llama/Meta-Llama-3.1-8B-Instruct,0e9e39f249a16976918f6564b8830bc894c89659
32,heldout,7,60,2,15,random_positions,1.125,-2.875,-2.625,0.25,False,False,meta-llama/Meta-Llama-3.1-8B-Instruct,0e9e39f249a16976918f6564b8830bc894c89659
32,heldout,7,60,2,16,answer_position,1.125,-2.875,-1.0,1.875,False,False,meta-llama/Meta-Llama-3.1-8B-Instruct,0e9e39f249a16976918f6564b8830bc894c89659
32,heldout,7,60,2,16,number_tokens,1.125,-2.875,-3.0,-0.125,False,False,meta-llama/Meta-Llama-3.1-8B-Instruct,0e9e39f249a16976918f6564b8830bc894c89659
32,heldout,7,60,2,16,random_positions,1.125,-2.875,-2.75,0.125,False,False,meta-llama/Meta-Llama-3.1-8B-Instruct,0e9e39f249a16976918f6564b8830bc894c89659
32,heldout,7,60,2,17,answer_position,1.125,-2.875,0.75,3.625,False,True,meta-llama/Meta-Llama-3.1-8B-Instruct,0e9e39f249a16976918f6564b8830bc894c89659
32,heldout,7,60,2,17,number_tokens,1.125,-2.875,-2.875,0.0,False,False,meta-llama/Meta-Llama-3.1-8B-Instruct,0e9e39f249a16976918f6564b8830bc894c89659
32,heldout,7,60,2,17,random_positions,1.125,-2.875,-2.875,0.0,False,False,meta-llama/Meta-Llama-3.1-8B-Instruct,0e9e39f249a16976918f6564b8830bc894c89659
32,heldout,7,60,2,18,answer_position,1.125,-2.875,0.875,3.75,False,True,meta-llama/Meta-Llama-3.1-8B-Instruct,0e9e39f249a16976918f6564b8830bc894c89659
32,heldout,7,60,2,18,number_tokens,1.125,-2.875,-2.875,0.0,False,False,meta-llama/Meta-Llama-3.1-8B-Instruct,0e9e39f249a16976918f6564b8830bc894c89659
32,heldout,7,60,2,18,random_positions,1.125,-2.875,-3.0,-0.125,False,False,meta-llama/Meta-Llama-3.1-8B-Instruct,0e9e39f249a16976918f6564b8830bc894c89659
32,heldout,7,60,2,19,answer_position,1.125,-2.875,0.875,3.75,False,True,meta-llama/Meta-Llama-3.1-8B-Instruct,0e9e39f249a16976918f6564b8830bc894c89659
32,heldout,7,60,2,19,number_tokens,1.125,-2.875,-2.875,0.0,False,False,meta-llama/Meta-Llama-3.1-8B-Instruct,0e9e39f249a16976918f6564b8830bc894c89659
32,heldout,7,60,2,19,random_positions,1.125,-2.875,-3.0,-0.125,False,False,meta-llama/Meta-Llama-3.1-8B-Instruct,0e9e39f249a16976918f6564b8830bc894c89659
32,heldout,7,60,2,20,answer_position,1.125,-2.875,1.0,3.875,False,True,meta-llama/Meta-Llama-3.1-8B-Instruct,0e9e39f249a16976918f6564b8830bc894c89659
32,heldout,7,60,2,20,number_tokens,1.125,-2.875,-3.0,-0.125,False,False,meta-llama/Meta-Llama-3.1-8B-Instruct,0e9e39f249a16976918f6564b8830bc894c89659
32,heldout,7,60,2,20,random_positions,1.125,-2.875,-2.875,0.0,False,False,meta-llama/Meta-Llama-3.1-8B-Instruct,0e9e39f249a16976918f6564b8830bc894c89659
32,heldout,7,60,2,21,answer_position,1.125,-2.875,1.125,4.0,False,True,meta-llama/Meta-Llama-3.1-8B-Instruct,0e9e39f249a16976918f6564b8830bc894c89659
32,heldout,7,60,2,21,number_tokens,1.125,-2.875,-3.0,-0.125,False,False,meta-llama/Meta-Llama-3.1-8B-Instruct,0e9e39f249a16976918f6564b8830bc894c89659
32,heldout,7,60,2,21,random_positions,1.125,-2.875,-3.0,-0.125,False,False,meta-llama/Meta-Llama-3.1-8B-Instruct,0e9e39f249a16976918f6564b8830bc894c89659
32,heldout,7,60,2,22,answer_position,1.125,-2.875,1.0,3.875,False,True,meta-llama/Meta-Llama-3.1-8B-Instruct,0e9e39f249a16976918f6564b8830bc894c89659
32,heldout,7,60,2,22,number_tokens,1.125,-2.875,-2.875,0.0,False,False,meta-llama/Meta-Llama-3.1-8B-Instruct,0e9e39f249a16976918f6564b8830bc894c89659
32,heldout,7,60,2,22,random_positions,1.125,-2.875,-3.0,-0.125,False,False,meta-llama/Meta-Llama-3.1-8B-Instruct,0e9e39f249a16976918f6564b8830bc894c89659
32,heldout,7,60,2,23,answer_position,1.125,-2.875,1.0,3.875,False,True,meta-llama/Meta-Llama-3.1-8B-Instruct,0e9e39f249a16976918f6564b8830bc894c89659
32,heldout,7,60,2,23,number_tokens,1.125,-2.875,-3.0,-0.125,False,False,meta-llama/Meta-Llama-3.1-8B-Instruct,0e9e39f249a16976918f6564b8830bc894c89659
32,heldout,7,60,2,23,random_positions,1.125,-2.875,-2.875,0.0,False,False,meta-llama/Meta-Llama-3.1-8B-Instruct,0e9e39f249a16976918f6564b8830bc894c89659
32,heldout,7,60,2,24,answer_position,1.125,-2.875,1.0,3.875,False,True,meta-llama/Meta-Llama-3.1-8B-Instruct,0e9e39f249a16976918f6564b8830bc894c89659
32,heldout,7,60,2,24,number_tokens,1.125,-2.875,-3.0,-0.125,False,False,meta-llama/Meta-Llama-3.1-8B-Instruct,0e9e39f249a16976918f6564b8830bc894c89659
32,heldout,7,60,2,24,random_positions,1.125,-2.875,-2.875,0.0,False,False,meta-llama/Meta-Llama-3.1-8B-Instruct,0e9e39f249a16976918f6564b8830bc894c89659
32,heldout,7,60,2,25,answer_position,1.125,-2.875,1.0,3.875,False,True,meta-llama/Meta-Llama-3.1-8B-Instruct,0e9e39f249a16976918f6564b8830bc894c89659
32,heldout,7,60,2,25,number_tokens,1.125,-2.875,-2.875,0.0,False,False,meta-llama/Meta-Llama-3.1-8B-Instruct,0e9e39f249a16976918f6564b8830bc894c89659
32,heldout,7,60,2,25,random_positions,1.125,-2.875,-2.875,0.0,False,False,meta-llama/Meta-Llama-3.1-8B-Instruct,0e9e39f249a16976918f6564b8830bc894c89659
32,heldout,7,60,2,26,answer_position,1.125,-2.875,1.0,3.875,False,True,meta-llama/Meta-Llama-3.1-8B-Instruct,0e9e39f249a16976918f6564b8830bc894c89659
32,heldout,7,60,2,26,number_tokens,1.125,-2.875,-2.875,0.0,False,False,meta-llama/Meta-Llama-3.1-8B-Instruct,0e9e39f249a16976918f6564b8830bc894c89659
32,heldout,7,60,2,26,random_positions,1.125,-2.875,-3.0,-0.125,False,False,meta-llama/Meta-Llama-3.1-8B-Instruct,0e9e39f249a16976918f6564b8830bc894c89659
32,heldout,7,60,2,27,answer_position,1.125,-2.875,1.0,3.875,False,True,meta-llama/Meta-Llama-3.1-8B-Instruct,0e9e39f249a16976918f6564b8830bc894c89659
32,heldout,7,60,2,27,number_tokens,1.125,-2.875,-3.0,-0.125,False,False,meta-llama/Meta-Llama-3.1-8B-Instruct,0e9e39f249a16976918f6564b8830bc894c89659
32,heldout,7,60,2,27,random_positions,1.125,-2.875,-2.875,0.0,False,False,meta-llama/Meta-Llama-3.1-8B-Instruct,0e9e39f249a16976918f6564b8830bc894c89659
32,heldout,7,60,2,28,answer_position,1.125,-2.875,1.125,4.0,False,True,meta-llama/Meta-Llama-3.1-8B-Instruct,0e9e39f249a16976918f6564b8830bc894c89659
32,heldout,7,60,2,28,number_tokens,1.125,-2.875,-3.0,-0.125,False,False,meta-llama/Meta-Llama-3.1-8B-Instruct,0e9e39f249a16976918f6564b8830bc894c89659
32,heldout,7,60,2,28,random_positions,1.125,-2.875,-2.875,0.0,False,False,meta-llama/Meta-Llama-3.1-8B-Instruct,0e9e39f249a16976918f6564b8830bc894c89659
32,heldout,7,60,2,29,answer_position,1.125,-2.875,1.125,4.0,False,True,meta-llama/Meta-Llama-3.1-8B-Instruct,0e9e39f249a16976918f6564b8830bc894c89659
32,heldout,7,60,2,29,number_tokens,1.125,-2.875,-2.875,0.0,False,False,meta-llama/Meta-Llama-3.1-8B-Instruct,0e9e39f249a16976918f6564b8830bc894c89659
32,heldout,7,60,2,29,random_positions,1.125,-2.875,-3.0,-0.125,False,False,meta-llama/Meta-Llama-3.1-8B-Instruct,0e9e39f249a16976918f6564b8830bc894c89659
32,heldout,7,60,2,30,answer_position,1.125,-2.875,1.125,4.0,False,True,meta-llama/Meta-Llama-3.1-8B-Instruct,0e9e39f249a16976918f6564b8830bc894c89659
32,heldout,7,60,2,30,number_tokens,1.125,-2.875,-2.875,0.0,False,False,meta-llama/Meta-Llama-3.1-8B-Instruct,0e9e39f249a16976918f6564b8830bc894c89659
32,heldout,7,60,2,30,random_positions,1.125,-2.875,-2.875,0.0,False,False,meta-llama/Meta-Llama-3.1-8B-Instruct,0e9e39f249a16976918f6564b8830bc894c89659
32,heldout,7,60,2,31,answer_position,1.125,-2.875,1.125,4.0,False,True,meta-llama/Meta-Llama-3.1-8B-Instruct,0e9e39f249a16976918f6564b8830bc894c89659
32,heldout,7,60,2,31,number_tokens,1.125,-2.875,-2.875,0.0,False,False,meta-llama/Meta-Llama-3.1-8B-Instruct,0e9e39f249a16976918f6564b8830bc894c89659
32,heldout,7,60,2,31,random_positions,1.125,-2.875,-2.875,0.0,False,False,meta-llama/Meta-Llama-3.1-8B-Instruct,0e9e39f249a16976918f6564b8830bc894c89659
33,heldout,7,61,3,0,answer_position,2.5,-1.25,-1.125,0.125,False,False,meta-llama/Meta-Llama-3.1-8B-Instruct,0e9e39f249a16976918f6564b8830bc894c89659
33,heldout,7,61,3,0,number_tokens,2.5,-1.25,-1.375,-0.125,False,False,meta-llama/Meta-Llama-3.1-8B-Instruct,0e9e39f249a16976918f6564b8830bc894c89659
33,heldout,7,61,3,0,random_positions,2.5,-1.25,-1.25,0.0,False,False,meta-llama/Meta-Llama-3.1-8B-Instruct,0e9e39f249a16976918f6564b8830bc894c89659
33,heldout,7,61,3,1,answer_position,2.5,-1.25,-1.125,0.125,False,False,meta-llama/Meta-Llama-3.1-8B-Instruct,0e9e39f249a16976918f6564b8830bc894c89659
33,heldout,7,61,3,1,number_tokens,2.5,-1.25,-1.25,0.0,False,False,meta-llama/Meta-Llama-3.1-8B-Instruct,0e9e39f249a16976918f6564b8830bc894c89659
33,heldout,7,61,3,1,random_positions,2.5,-1.25,-1.125,0.125,False,False,meta-llama/Meta-Llama-3.1-8B-Instruct,0e9e39f249a16976918f6564b8830bc894c89659
33,heldout,7,61,3,2,answer_position,2.5,-1.25,-1.125,0.125,False,False,meta-llama/Meta-Llama-3.1-8B-Instruct,0e9e39f249a16976918f6564b8830bc894c89659
33,heldout,7,61,3,2,number_tokens,2.5,-1.25,-2.25,-1.0,False,False,meta-llama/Meta-Llama-3.1-8B-Instruct,0e9e39f249a16976918f6564b8830bc894c89659
33,heldout,7,61,3,2,random_positions,2.5,-1.25,-1.25,0.0,False,False,meta-llama/Meta-Llama-3.1-8B-Instruct,0e9e39f249a16976918f6564b8830bc894c89659
33,heldout,7,61,3,3,answer_position,2.5,-1.25,-1.125,0.125,False,False,meta-llama/Meta-Llama-3.1-8B-Instruct,0e9e39f249a16976918f6564b8830bc894c89659
33,heldout,7,61,3,3,number_tokens,2.5,-1.25,-1.625,-0.375,False,False,meta-llama/Meta-Llama-3.1-8B-Instruct,0e9e39f249a16976918f6564b8830bc894c89659
33,heldout,7,61,3,3,random_positions,2.5,-1.25,-1.125,0.125,False,False,meta-llama/Meta-Llama-3.1-8B-Instruct,0e9e39f249a16976918f6564b8830bc894c89659
33,heldout,7,61,3,4,answer_position,2.5,-1.25,-1.125,0.125,False,False,meta-llama/Meta-Llama-3.1-8B-Instruct,0e9e39f249a16976918f6564b8830bc894c89659
33,heldout,7,61,3,4,number_tokens,2.5,-1.25,-1.5,-0.25,False,False,meta-llama/Meta-Llama-3.1-8B-Instruct,0e9e39f249a16976918f6564b8830bc894c89659
33,heldout,7,61,3,4,random_positions,2.5,-1.25,-1.125,0.125,False,False,meta-llama/Meta-Llama-3.1-8B-Instruct,0e9e39f249a16976918f6564b8830bc894c89659
33,heldout,7,61,3,5,answer_position,2.5,-1.25,-1.25,0.0,False,False,meta-llama/Meta-Llama-3.1-8B-Instruct,0e9e39f249a16976918f6564b8830bc894c89659
33,heldout,7,61,3,5,number_tokens,2.5,-1.25,-5.375,-4.125,False,False,meta-llama/Meta-Llama-3.1-8B-Instruct,0e9e39f249a16976918f6564b8830bc894c89659
33,heldout,7,61,3,5,random_positions,2.5,-1.25,-1.0,0.25,False,False,meta-llama/Meta-Llama-3.1-8B-Instruct,0e9e39f249a16976918f6564b8830bc894c89659
33,heldout,7,61,3,6,answer_position,2.5,-1.25,-1.25,0.0,False,False,meta-llama/Meta-Llama-3.1-8B-Instruct,0e9e39f249a16976918f6564b8830bc894c89659
33,heldout,7,61,3,6,number_tokens,2.5,-1.25,-3.75,-2.5,False,False,meta-llama/Meta-Llama-3.1-8B-Instruct,0e9e39f249a16976918f6564b8830bc894c89659
33,heldout,7,61,3,6,random_positions,2.5,-1.25,-1.0,0.25,False,False,meta-llama/Meta-Llama-3.1-8B-Instruct,0e9e39f249a16976918f6564b8830bc894c89659
33,heldout,7,61,3,7,answer_position,2.5,-1.25,-1.125,0.125,False,False,meta-llama/Meta-Llama-3.1-8B-Instruct,0e9e39f249a16976918f6564b8830bc894c89659
33,heldout,7,61,3,7,number_tokens,2.5,-1.25,-1.875,-0.625,False,False,meta-llama/Meta-Llama-3.1-8B-Instruct,0e9e39f249a16976918f6564b8830bc894c89659
33,heldout,7,61,3,7,random_positions,2.5,-1.25,-1.25,0.0,False,False,meta-llama/Meta-Llama-3.1-8B-Instruct,0e9e39f249a16976918f6564b8830bc894c89659
33,heldout,7,61,3,8,answer_position,2.5,-1.25,-1.25,0.0,False,False,meta-llama/Meta-Llama-3.1-8B-Instruct,0e9e39f249a16976918f6564b8830bc894c89659
33,heldout,7,61,3,8,number_tokens,2.5,-1.25,-0.875,0.375,False,False,meta-llama/Meta-Llama-3.1-8B-Instruct,0e9e39f249a16976918f6564b8830bc894c89659
33,heldout,7,61,3,8,random_positions,2.5,-1.25,-1.0,0.25,False,False,meta-llama/Meta-Llama-3.1-8B-Instruct,0e9e39f249a16976918f6564b8830bc894c89659
33,heldout,7,61,3,9,answer_position,2.5,-1.25,-1.25,0.0,False,False,meta-llama/Meta-Llama-3.1-8B-Instruct,0e9e39f249a16976918f6564b8830bc894c89659
33,heldout,7,61,3,9,number_tokens,2.5,-1.25,-0.75,0.5,False,False,meta-llama/Meta-Llama-3.1-8B-Instruct,0e9e39f249a16976918f6564b8830bc894c89659
33,heldout,7,61,3,9,random_positions,2.5,-1.25,-0.875,0.375,False,False,meta-llama/Meta-Llama-3.1-8B-Instruct,0e9e39f249a16976918f6564b8830bc894c89659
33,heldout,7,61,3,10,answer_position,2.5,-1.25,-1.125,0.125,False,False,meta-llama/Meta-Llama-3.1-8B-Instruct,0e9e39f249a16976918f6564b8830bc894c89659
33,heldout,7,61,3,10,number_tokens,2.5,-1.25,-0.375,0.875,False,False,meta-llama/Meta-Llama-3.1-8B-Instruct,0e9e39f249a16976918f6564b8830bc894c89659
33,heldout,7,61,3,10,random_positions,2.5,-1.25,-0.75,0.5,False,False,meta-llama/Meta-Llama-3.1-8B-Instruct,0e9e39f249a16976918f6564b8830bc894c89659
33,heldout,7,61,3,11,answer_position,2.5,-1.25,-1.125,0.125,False,False,meta-llama/Meta-Llama-3.1-8B-Instruct,0e9e39f249a16976918f6564b8830bc894c89659
33,heldout,7,61,3,11,number_tokens,2.5,-1.25,-0.625,0.625,False,False,meta-llama/Meta-Llama-3.1-8B-Instruct,0e9e39f249a16976918f6564b8830bc894c89659
33,heldout,7,61,3,11,random_positions,2.5,-1.25,-0.5,0.75,False,False,meta-llama/Meta-Llama-3.1-8B-Instruct,0e9e39f249a16976918f6564b8830bc894c89659
33,heldout,7,61,3,12,answer_position,2.5,-1.25,-1.125,0.125,False,False,meta-llama/Meta-Llama-3.1-8B-Instruct,0e9e39f249a16976918f6564b8830bc894c89659
33,heldout,7,61,3,12,number_tokens,2.5,-1.25,-0.75,0.5,False,False,meta-llama/Meta-Llama-3.1-8B-Instruct,0e9e39f249a16976918f6564b8830bc894c89659
33,heldout,7,61,3,12,random_positions,2.5,-1.25,0.0,1.25,False,False,meta-llama/Meta-Llama-3.1-8B-Instruct,0e9e39f249a16976918f6564b8830bc894c89659
33,heldout,7,61,3,13,answer_position,2.5,-1.25,-0.75,0.5,False,False,meta-llama/Meta-Llama-3.1-8B-Instruct,0e9e39f249a16976918f6564b8830bc894c89659
33,heldout,7,61,3,13,number_tokens,2.5,-1.25,-1.125,0.125,False,False,meta-llama/Meta-Llama-3.1-8B-Instruct,0e9e39f249a16976918f6564b8830bc894c89659
33,heldout,7,61,3,13,random_positions,2.5,-1.25,-0.25,1.0,False,False,meta-llama/Meta-Llama-3.1-8B-Instruct,0e9e39f249a16976918f6564b8830bc894c89659
33,heldout,7,61,3,14,answer_position,2.5,-1.25,-0.25,1.0,False,False,meta-llama/Meta-Llama-3.1-8B-Instruct,0e9e39f249a16976918f6564b8830bc894c89659
33,heldout,7,61,3,14,number_tokens,2.5,-1.25,-1.0,0.25,False,False,meta-llama/Meta-Llama-3.1-8B-Instruct,0e9e39f249a16976918f6564b8830bc894c89659
33,heldout,7,61,3,14,random_positions,2.5,-1.25,-0.5,0.75,False,False,meta-llama/Meta-Llama-3.1-8B-Instruct,0e9e39f249a16976918f6564b8830bc894c89659
33,heldout,7,61,3,15,answer_position,2.5,-1.25,0.125,1.375,False,True,meta-llama/Meta-Llama-3.1-8B-Instruct,0e9e39f249a16976918f6564b8830bc894c89659
33,heldout,7,61,3,15,number_tokens,2.5,-1.25,-1.25,0.0,False,False,meta-llama/Meta-Llama-3.1-8B-Instruct,0e9e39f249a16976918f6564b8830bc894c89659
33,heldout,7,61,3,15,random_positions,2.5,-1.25,-0.25,1.0,False,False,meta-llama/Meta-Llama-3.1-8B-Instruct,0e9e39f249a16976918f6564b8830bc894c89659
33,heldout,7,61,3,16,answer_position,2.5,-1.25,-0.375,0.875,False,False,meta-llama/Meta-Llama-3.1-8B-Instruct,0e9e39f249a16976918f6564b8830bc894c89659
33,heldout,7,61,3,16,number_tokens,2.5,-1.25,-1.125,0.125,False,False,meta-llama/Meta-Llama-3.1-8B-Instruct,0e9e39f249a16976918f6564b8830bc894c89659
33,heldout,7,61,3,16,random_positions,2.5,-1.25,-0.25,1.0,False,False,meta-llama/Meta-Llama-3.1-8B-Instruct,0e9e39f249a16976918f6564b8830bc894c89659
33,heldout,7,61,3,17,answer_position,2.5,-1.25,2.25,3.5,False,True,meta-llama/Meta-Llama-3.1-8B-Instruct,0e9e39f249a16976918f6564b8830bc894c89659
33,heldout,7,61,3,17,number_tokens,2.5,-1.25,-1.125,0.125,False,False,meta-llama/Meta-Llama-3.1-8B-Instruct,0e9e39f249a16976918f6564b8830bc894c89659
33,heldout,7,61,3,17,random_positions,2.5,-1.25,-0.75,0.5,False,False,meta-llama/Meta-Llama-3.1-8B-Instruct,0e9e39f249a16976918f6564b8830bc894c89659
33,heldout,7,61,3,18,answer_position,2.5,-1.25,2.25,3.5,False,True,meta-llama/Meta-Llama-3.1-8B-Instruct,0e9e39f249a16976918f6564b8830bc894c89659
33,heldout,7,61,3,18,number_tokens,2.5,-1.25,-1.125,0.125,False,False,meta-llama/Meta-Llama-3.1-8B-Instruct,0e9e39f249a16976918f6564b8830bc894c89659
33,heldout,7,61,3,18,random_positions,2.5,-1.25,-1.25,0.0,False,False,meta-llama/Meta-Llama-3.1-8B-Instruct,0e9e39f249a16976918f6564b8830bc894c89659
33,heldout,7,61,3,19,answer_position,2.5,-1.25,2.25,3.5,False,True,meta-llama/Meta-Llama-3.1-8B-Instruct,0e9e39f249a16976918f6564b8830bc894c89659
33,heldout,7,61,3,19,number_tokens,2.5,-1.25,-1.25,0.0,False,False,meta-llama/Meta-Llama-3.1-8B-Instruct,0e9e39f249a16976918f6564b8830bc894c89659
33,heldout,7,61,3,19,random_positions,2.5,-1.25,-1.25,0.0,False,False,meta-llama/Meta-Llama-3.1-8B-Instruct,0e9e39f249a16976918f6564b8830bc894c89659
33,heldout,7,61,3,20,answer_position,2.5,-1.25,2.25,3.5,False,True,meta-llama/Meta-Llama-3.1-8B-Instruct,0e9e39f249a16976918f6564b8830bc894c89659
33,heldout,7,61,3,20,number_tokens,2.5,-1.25,-1.125,0.125,False,False,meta-llama/Meta-Llama-3.1-8B-Instruct,0e9e39f249a16976918f6564b8830bc894c89659
33,heldout,7,61,3,20,random_positions,2.5,-1.25,-1.125,0.125,False,False,meta-llama/Meta-Llama-3.1-8B-Instruct,0e9e39f249a16976918f6564b8830bc894c89659
33,heldout,7,61,3,21,answer_position,2.5,-1.25,2.25,3.5,False,True,meta-llama/Meta-Llama-3.1-8B-Instruct,0e9e39f249a16976918f6564b8830bc894c89659
33,heldout,7,61,3,21,number_tokens,2.5,-1.25,-1.125,0.125,False,False,meta-llama/Meta-Llama-3.1-8B-Instruct,0e9e39f249a16976918f6564b8830bc894c89659
33,heldout,7,61,3,21,random_positions,2.5,-1.25,-1.125,0.125,False,False,meta-llama/Meta-Llama-3.1-8B-Instruct,0e9e39f249a16976918f6564b8830bc894c89659
33,heldout,7,61,3,22,answer_position,2.5,-1.25,2.25,3.5,False,True,meta-llama/Meta-Llama-3.1-8B-Instruct,0e9e39f249a16976918f6564b8830bc894c89659
33,heldout,7,61,3,22,number_tokens,2.5,-1.25,-1.125,0.125,False,False,meta-llama/Meta-Llama-3.1-8B-Instruct,0e9e39f249a16976918f6564b8830bc894c89659
33,heldout,7,61,3,22,random_positions,2.5,-1.25,-1.125,0.125,False,False,meta-llama/Meta-Llama-3.1-8B-Instruct,0e9e39f249a16976918f6564b8830bc894c89659
33,heldout,7,61,3,23,answer_position,2.5,-1.25,2.25,3.5,False,True,meta-llama/Meta-Llama-3.1-8B-Instruct,0e9e39f249a16976918f6564b8830bc894c89659
33,heldout,7,61,3,23,number_tokens,2.5,-1.25,-1.125,0.125,False,False,meta-llama/Meta-Llama-3.1-8B-Instruct,0e9e39f249a16976918f6564b8830bc894c89659
33,heldout,7,61,3,23,random_positions,2.5,-1.25,-1.125,0.125,False,False,meta-llama/Meta-Llama-3.1-8B-Instruct,0e9e39f249a16976918f6564b8830bc894c89659
33,heldout,7,61,3,24,answer_position,2.5,-1.25,2.375,3.625,False,True,meta-llama/Meta-Llama-3.1-8B-Instruct,0e9e39f249a16976918f6564b8830bc894c89659
33,heldout,7,61,3,24,number_tokens,2.5,-1.25,-1.125,0.125,False,False,meta-llama/Meta-Llama-3.1-8B-Instruct,0e9e39f249a16976918f6564b8830bc894c89659
33,heldout,7,61,3,24,random_positions,2.5,-1.25,-1.25,0.0,False,False,meta-llama/Meta-Llama-3.1-8B-Instruct,0e9e39f249a16976918f6564b8830bc894c89659
33,heldout,7,61,3,25,answer_position,2.5,-1.25,2.375,3.625,False,True,meta-llama/Meta-Llama-3.1-8B-Instruct,0e9e39f249a16976918f6564b8830bc894c89659
33,heldout,7,61,3,25,number_tokens,2.5,-1.25,-1.125,0.125,False,False,meta-llama/Meta-Llama-3.1-8B-Instruct,0e9e39f249a16976918f6564b8830bc894c89659
33,heldout,7,61,3,25,random_positions,2.5,-1.25,-1.125,0.125,False,False,meta-llama/Meta-Llama-3.1-8B-Instruct,0e9e39f249a16976918f6564b8830bc894c89659
33,heldout,7,61,3,26,answer_position,2.5,-1.25,2.25,3.5,False,True,meta-llama/Meta-Llama-3.1-8B-Instruct,0e9e39f249a16976918f6564b8830bc894c89659
33,heldout,7,61,3,26,number_tokens,2.5,-1.25,-1.25,0.0,False,False,meta-llama/Meta-Llama-3.1-8B-Instruct,0e9e39f249a16976918f6564b8830bc894c89659
33,heldout,7,61,3,26,random_positions,2.5,-1.25,-1.125,0.125,False,False,meta-llama/Meta-Llama-3.1-8B-Instruct,0e9e39f249a16976918f6564b8830bc894c89659
33,heldout,7,61,3,27,answer_position,2.5,-1.25,2.375,3.625,False,True,meta-llama/Meta-Llama-3.1-8B-Instruct,0e9e39f249a16976918f6564b8830bc894c89659
33,heldout,7,61,3,27,number_tokens,2.5,-1.25,-1.125,0.125,False,False,meta-llama/Meta-Llama-3.1-8B-Instruct,0e9e39f249a16976918f6564b8830bc894c89659
33,heldout,7,61,3,27,random_positions,2.5,-1.25,-1.125,0.125,False,False,meta-llama/Meta-Llama-3.1-8B-Instruct,0e9e39f249a16976918f6564b8830bc894c89659
33,heldout,7,61,3,28,answer_position,2.5,-1.25,2.375,3.625,False,True,meta-llama/Meta-Llama-3.1-8B-Instruct,0e9e39f249a16976918f6564b8830bc894c89659
33,heldout,7,61,3,28,number_tokens,2.5,-1.25,-1.125,0.125,False,False,meta-llama/Meta-Llama-3.1-8B-Instruct,0e9e39f249a16976918f6564b8830bc894c89659
33,heldout,7,61,3,28,random_positions,2.5,-1.25,-1.125,0.125,False,False,meta-llama/Meta-Llama-3.1-8B-Instruct,0e9e39f249a16976918f6564b8830bc894c89659
33,heldout,7,61,3,29,answer_position,2.5,-1.25,2.5,3.75,False,True,meta-llama/Meta-Llama-3.1-8B-Instruct,0e9e39f249a16976918f6564b8830bc894c89659
33,heldout,7,61,3,29,number_tokens,2.5,-1.25,-1.125,0.125,False,False,meta-llama/Meta-Llama-3.1-8B-Instruct,0e9e39f249a16976918f6564b8830bc894c89659
33,heldout,7,61,3,29,random_positions,2.5,-1.25,-1.125,0.125,False,False,meta-llama/Meta-Llama-3.1-8B-Instruct,0e9e39f249a16976918f6564b8830bc894c89659
33,heldout,7,61,3,30,answer_position,2.5,-1.25,2.5,3.75,False,True,meta-llama/Meta-Llama-3.1-8B-Instruct,0e9e39f249a16976918f6564b8830bc894c89659
33,heldout,7,61,3,30,number_tokens,2.5,-1.25,-1.125,0.125,False,False,meta-llama/Meta-Llama-3.1-8B-Instruct,0e9e39f249a16976918f6564b8830bc894c89659
33,heldout,7,61,3,30,random_positions,2.5,-1.25,-1.125,0.125,False,False,meta-llama/Meta-Llama-3.1-8B-Instruct,0e9e39f249a16976918f6564b8830bc894c89659
33,heldout,7,61,3,31,answer_position,2.5,-1.25,2.5,3.75,False,True,meta-llama/Meta-Llama-3.1-8B-Instruct,0e9e39f249a16976918f6564b8830bc894c89659
33,heldout,7,61,3,31,number_tokens,2.5,-1.25,-1.25,0.0,False,False,meta-llama/Meta-Llama-3.1-8B-Instruct,0e9e39f249a16976918f6564b8830bc894c89659
33,heldout,7,61,3,31,random_positions,2.5,-1.25,-1.25,0.0,False,False,meta-llama/Meta-Llama-3.1-8B-Instruct,0e9e39f249a16976918f6564b8830bc894c89659
34,heldout,7,62,4,0,answer_position,2.625,-1.125,-1.0,0.125,False,False,meta-llama/Meta-Llama-3.1-8B-Instruct,0e9e39f249a16976918f6564b8830bc894c89659
34,heldout,7,62,4,0,number_tokens,2.625,-1.125,-1.0,0.125,False,False,meta-llama/Meta-Llama-3.1-8B-Instruct,0e9e39f249a16976918f6564b8830bc894c89659
34,heldout,7,62,4,0,random_positions,2.625,-1.125,-1.5,-0.375,False,False,meta-llama/Meta-Llama-3.1-8B-Instruct,0e9e39f249a16976918f6564b8830bc894c89659
34,heldout,7,62,4,1,answer_position,2.625,-1.125,-1.0,0.125,False,False,meta-llama/Meta-Llama-3.1-8B-Instruct,0e9e39f249a16976918f6564b8830bc894c89659
34,heldout,7,62,4,1,number_tokens,2.625,-1.125,-1.0,0.125,False,False,meta-llama/Meta-Llama-3.1-8B-Instruct,0e9e39f249a16976918f6564b8830bc894c89659
34,heldout,7,62,4,1,random_positions,2.625,-1.125,-0.75,0.375,False,False,meta-llama/Meta-Llama-3.1-8B-Instruct,0e9e39f249a16976918f6564b8830bc894c89659
34,heldout,7,62,4,2,answer_position,2.625,-1.125,-1.125,0.0,False,False,meta-llama/Meta-Llama-3.1-8B-Instruct,0e9e39f249a16976918f6564b8830bc894c89659
34,heldout,7,62,4,2,number_tokens,2.625,-1.125,-3.0,-1.875,False,False,meta-llama/Meta-Llama-3.1-8B-Instruct,0e9e39f249a16976918f6564b8830bc894c89659
34,heldout,7,62,4,2,random_positions,2.625,-1.125,-0.75,0.375,False,False,meta-llama/Meta-Llama-3.1-8B-Instruct,0e9e39f249a16976918f6564b8830bc894c89659
34,heldout,7,62,4,3,answer_position,2.625,-1.125,-1.0,0.125,False,False,meta-llama/Meta-Llama-3.1-8B-Instruct,0e9e39f249a16976918f6564b8830bc894c89659
34,heldout,7,62,4,3,number_tokens,2.625,-1.125,-2.5,-1.375,False,False,meta-llama/Meta-Llama-3.1-8B-Instruct,0e9e39f249a16976918f6564b8830bc894c89659
34,heldout,7,62,4,3,random_positions,2.625,-1.125,-0.875,0.25,False,False,meta-llama/Meta-Llama-3.1-8B-Instruct,0e9e39f249a16976918f6564b8830bc894c89659
34,heldout,7,62,4,4,answer_position,2.625,-1.125,-1.125,0.0,False,False,meta-llama/Meta-Llama-3.1-8B-Instruct,0e9e39f249a16976918f6564b8830bc894c89659
34,heldout,7,62,4,4,number_tokens,2.625,-1.125,-1.875,-0.75,False,False,meta-llama/Meta-Llama-3.1-8B-Instruct,0e9e39f249a16976918f6564b8830bc894c89659
34,heldout,7,62,4,4,random_positions,2.625,-1.125,-0.375,0.75,False,False,meta-llama/Meta-Llama-3.1-8B-Instruct,0e9e39f249a16976918f6564b8830bc894c89659
34,heldout,7,62,4,5,answer_position,2.625,-1.125,-1.125,0.0,False,False,meta-llama/Meta-Llama-3.1-8B-Instruct,0e9e39f249a16976918f6564b8830bc894c89659
34,heldout,7,62,4,5,number_tokens,2.625,-1.125,-4.75,-3.625,False,False,meta-llama/Meta-Llama-3.1-8B-Instruct,0e9e39f249a16976918f6564b8830bc894c89659
34,heldout,7,62,4,5,random_positions,2.625,-1.125,-0.5,0.625,False,False,meta-llama/Meta-Llama-3.1-8B-Instruct,0e9e39f249a16976918f6564b8830bc894c89659
34,heldout,7,62,4,6,answer_position,2.625,-1.125,-1.125,0.0,False,False,meta-llama/Meta-Llama-3.1-8B-Instruct,0e9e39f249a16976918f6564b8830bc894c89659
34,heldout,7,62,4,6,number_tokens,2.625,-1.125,-3.875,-2.75,False,False,meta-llama/Meta-Llama-3.1-8B-Instruct,0e9e39f249a16976918f6564b8830bc894c89659
34,heldout,7,62,4,6,random_positions,2.625,-1.125,-0.5,0.625,False,False,meta-llama/Meta-Llama-3.1-8B-Instruct,0e9e39f249a16976918f6564b8830bc894c89659
34,heldout,7,62,4,7,answer_position,2.625,-1.125,-1.125,0.0,False,False,meta-llama/Meta-Llama-3.1-8B-Instruct,0e9e39f249a16976918f6564b8830bc894c89659
34,heldout,7,62,4,7,number_tokens,2.625,-1.125,-1.75,-0.625,False,False,meta-llama/Meta-Llama-3.1-8B-Instruct,0e9e39f249a16976918f6564b8830bc894c89659
34,heldout,7,62,4,7,random_positions,2.625,-1.125,-0.5,0.625,False,False,meta-llama/Meta-Llama-3.1-8B-Instruct,0e9e39f249a16976918f6564b8830bc894c89659
34,heldout,7,62,4,8,answer_position,2.625,-1.125,-1.0,0.125,False,False,meta-llama/Meta-Llama-3.1-8B-Instruct,0e9e39f249a16976918f6564b8830bc894c89659
34,heldout,7,62,4,8,number_tokens,2.625,-1.125,-0.125,1.0,False,False,meta-llama/Meta-Llama-3.1-8B-Instruct,0e9e39f249a16976918f6564b8830bc894c89659
34,heldout,7,62,4,8,random_positions,2.625,-1.125,-0.5,0.625,False,False,meta-llama/Meta-Llama-3.1-8B-Instruct,0e9e39f249a16976918f6564b8830bc894c89659
34,heldout,7,62,4,9,answer_position,2.625,-1.125,-1.0,0.125,False,False,meta-llama/Meta-Llama-3.1-8B-Instruct,0e9e39f249a16976918f6564b8830bc894c89659
34,heldout,7,62,4,9,number_tokens,2.625,-1.125,-0.5,0.625,False,False,meta-llama/Meta-Llama-3.1-8B-Instruct,0e9e39f249a16976918f6564b8830bc894c89659
34,heldout,7,62,4,9,random_positions,2.625,-1.125,-0.375,0.75,False,False,meta-llama/Meta-Llama-3.1-8B-Instruct,0e9e39f249a16976918f6564b8830bc894c89659
34,heldout,7,62,4,10,answer_position,2.625,-1.125,-1.125,0.0,False,False,meta-llama/Meta-Llama-3.1-8B-Instruct,0e9e39f249a16976918f6564b8830bc894c89659
34,heldout,7,62,4,10,number_tokens,2.625,-1.125,-0.125,1.0,False,False,meta-llama/Meta-Llama-3.1-8B-Instruct,0e9e39f249a16976918f6564b8830bc894c89659
34,heldout,7,62,4,10,random_positions,2.625,-1.125,-0.375,0.75,False,False,meta-llama/Meta-Llama-3.1-8B-Instruct,0e9e39f249a16976918f6564b8830bc894c89659
34,heldout,7,62,4,11,answer_position,2.625,-1.125,-1.125,0.0,False,False,meta-llama/Meta-Llama-3.1-8B-Instruct,0e9e39f249a16976918f6564b8830bc894c89659
34,heldout,7,62,4,11,number_tokens,2.625,-1.125,-0.25,0.875,False,False,meta-llama/Meta-Llama-3.1-8B-Instruct,0e9e39f249a16976918f6564b8830bc894c89659
34,heldout,7,62,4,11,random_positions,2.625,-1.125,-0.5,0.625,False,False,meta-llama/Meta-Llama-3.1-8B-Instruct,0e9e39f249a16976918f6564b8830bc894c89659
34,heldout,7,62,4,12,answer_position,2.625,-1.125,-1.0,0.125,False,False,meta-llama/Meta-Llama-3.1-8B-Instruct,0e9e39f249a16976918f6564b8830bc894c89659
34,heldout,7,62,4,12,number_tokens,2.625,-1.125,-0.5,0.625,False,False,meta-llama/Meta-Llama-3.1-8B-Instruct,0e9e39f249a16976918f6564b8830bc894c89659
34,heldout,7,62,4,12,random_positions,2.625,-1.125,-0.625,0.5,False,False,meta-llama/Meta-Llama-3.1-8B-Instruct,0e9e39f249a16976918f6564b8830bc894c89659
34,heldout,7,62,4,13,answer_position,2.625,-1.125,-0.625,0.5,False,False,meta-llama/Meta-Llama-3.1-8B-Instruct,0e9e39f249a16976918f6564b8830bc894c89659
34,heldout,7,62,4,13,number_tokens,2.625,-1.125,-0.75,0.375,False,False,meta-llama/Meta-Llama-3.1-8B-Instruct,0e9e39f249a16976918f6564b8830bc894c89659
34,heldout,7,62,4,13,random_positions,2.625,-1.125,-0.75,0.375,False,False,meta-llama/Meta-Llama-3.1-8B-Instruct,0e9e39f249a16976918f6564b8830bc894c89659
34,heldout,7,62,4,14,answer_position,2.625,-1.125,0.125,1.25,False,True,meta-llama/Meta-Llama-3.1-8B-Instruct,0e9e39f249a16976918f6564b8830bc894c89659
34,heldout,7,62,4,14,number_tokens,2.625,-1.125,-1.0,0.125,False,False,meta-llama/Meta-Llama-3.1-8B-Instruct,0e9e39f249a16976918f6564b8830bc894c89659
34,heldout,7,62,4,14,random_positions,2.625,-1.125,-0.625,0.5,False,False,meta-llama/Meta-Llama-3.1-8B-Instruct,0e9e39f249a16976918f6564b8830bc894c89659
34,heldout,7,62,4,15,answer_position,2.625,-1.125,0.75,1.875,False,True,meta-llama/Meta-Llama-3.1-8B-Instruct,0e9e39f249a16976918f6564b8830bc894c89659
34,heldout,7,62,4,15,number_tokens,2.625,-1.125,-1.25,-0.125,False,False,meta-llama/Meta-Llama-3.1-8B-Instruct,0e9e39f249a16976918f6564b8830bc894c89659
34,heldout,7,62,4,15,random_positions,2.625,-1.125,-0.75,0.375,False,False,meta-llama/Meta-Llama-3.1-8B-Instruct,0e9e39f249a16976918f6564b8830bc894c89659
34,heldout,7,62,4,16,answer_position,2.625,-1.125,-0.25,0.875,False,False,meta-llama/Meta-Llama-3.1-8B-Instruct,0e9e39f249a16976918f6564b8830bc894c89659
34,heldout,7,62,4,16,number_tokens,2.625,-1.125,-1.125,0.0,False,False,meta-llama/Meta-Llama-3.1-8B-Instruct,0e9e39f249a16976918f6564b8830bc894c89659
34,heldout,7,62,4,16,random_positions,2.625,-1.125,-0.75,0.375,False,False,meta-llama/Meta-Llama-3.1-8B-Instruct,0e9e39f249a16976918f6564b8830bc894c89659
34,heldout,7,62,4,17,answer_position,2.625,-1.125,2.25,3.375,False,True,meta-llama/Meta-Llama-3.1-8B-Instruct,0e9e39f249a16976918f6564b8830bc894c89659
34,heldout,7,62,4,17,number_tokens,2.625,-1.125,-1.125,0.0,False,False,meta-llama/Meta-Llama-3.1-8B-Instruct,0e9e39f249a16976918f6564b8830bc894c89659
34,heldout,7,62,4,17,random_positions,2.625,-1.125,-0.875,0.25,False,False,meta-llama/Meta-Llama-3.1-8B-Instruct,0e9e39f249a16976918f6564b8830bc894c89659
34,heldout,7,62,4,18,answer_position,2.625,-1.125,2.375,3.5,False,True,meta-llama/Meta-Llama-3.1-8B-Instruct,0e9e39f249a16976918f6564b8830bc894c89659
34,heldout,7,62,4,18,number_tokens,2.625,-1.125,-1.125,0.0,False,False,meta-llama/Meta-Llama-3.1-8B-Instruct,0e9e39f249a16976918f6564b8830bc894c89659
34,heldout,7,62,4,18,random_positions,2.625,-1.125,-1.0,0.125,False,False,meta-llama/Meta-Llama-3.1-8B-Instruct,0e9e39f249a16976918f6564b8830bc894c89659
34,heldout,7,62,4,19,answer_position,2.625,-1.125,2.25,3.375,False,True,meta-llama/Meta-Llama-3.1-8B-Instruct,0e9e39f249a16976918f6564b8830bc894c89659
34,heldout,7,62,4,19,number_tokens,2.625,-1.125,-1.125,0.0,False,False,meta-llama/Meta-Llama-3.1-8B-Instruct,0e9e39f249a16976918f6564b8830bc894c89659
34,heldout,7,62,4,19,random_positions,2.625,-1.125,-1.0,0.125,False,False,meta-llama/Meta-Llama-3.1-8B-Instruct,0e9e39f249a16976918f6564b8830bc894c89659
34,heldout,7,62,4,20,answer_position,2.625,-1.125,2.375,3.5,False,True,meta-llama/Meta-Llama-3.1-8B-Instruct,0e9e39f249a16976918f6564b8830bc894c89659
34,heldout,7,62,4,20,number_tokens,2.625,-1.125,-1.0,0.125,False,False,meta-llama/Meta-Llama-3.1-8B-Instruct,0e9e39f249a16976918f6564b8830bc894c89659
34,heldout,7,62,4,20,random_positions,2.625,-1.125,-0.875,0.25,False,False,meta-llama/Meta-Llama-3.1-8B-Instruct,0e9e39f249a16976918f6564b8830bc894c89659
34,heldout,7,62,4,21,answer_position,2.625,-1.125,2.375,3.5,False,True,meta-llama/Meta-Llama-3.1-8B-Instruct,0e9e39f249a16976918f6564b8830bc894c89659
34,heldout,7,62,4,21,number_tokens,2.625,-1.125,-1.125,0.0,False,False,meta-llama/Meta-Llama-3.1-8B-Instruct,0e9e39f249a16976918f6564b8830bc894c89659
34,heldout,7,62,4,21,random_positions,2.625,-1.125,-0.875,0.25,False,False,meta-llama/Meta-Llama-3.1-8B-Instruct,0e9e39f249a16976918f6564b8830bc894c89659
34,heldout,7,62,4,22,answer_position,2.625,-1.125,2.375,3.5,False,True,meta-llama/Meta-Llama-3.1-8B-Instruct,0e9e39f249a16976918f6564b8830bc894c89659
34,heldout,7,62,4,22,number_tokens,2.625,-1.125,-1.125,0.0,False,False,meta-llama/Meta-Llama-3.1-8B-Instruct,0e9e39f249a16976918f6564b8830bc894c89659
34,heldout,7,62,4,22,random_positions,2.625,-1.125,-1.0,0.125,False,False,meta-llama/Meta-Llama-3.1-8B-Instruct,0e9e39f249a16976918f6564b8830bc894c89659
34,heldout,7,62,4,23,answer_position,2.625,-1.125,2.375,3.5,False,True,meta-llama/Meta-Llama-3.1-8B-Instruct,0e9e39f249a16976918f6564b8830bc894c89659
34,heldout,7,62,4,23,number_tokens,2.625,-1.125,-1.125,0.0,False,False,meta-llama/Meta-Llama-3.1-8B-Instruct,0e9e39f249a16976918f6564b8830bc894c89659
34,heldout,7,62,4,23,random_positions,2.625,-1.125,-1.125,0.0,False,False,meta-llama/Meta-Llama-3.1-8B-Instruct,0e9e39f249a16976918f6564b8830bc894c89659
34,heldout,7,62,4,24,answer_position,2.625,-1.125,2.375,3.5,False,True,meta-llama/Meta-Llama-3.1-8B-Instruct,0e9e39f249a16976918f6564b8830bc894c89659
34,heldout,7,62,4,24,number_tokens,2.625,-1.125,-1.0,0.125,False,False,meta-llama/Meta-Llama-3.1-8B-Instruct,0e9e39f249a16976918f6564b8830bc894c89659
34,heldout,7,62,4,24,random_positions,2.625,-1.125,-1.125,0.0,False,False,meta-llama/Meta-Llama-3.1-8B-Instruct,0e9e39f249a16976918f6564b8830bc894c89659
34,heldout,7,62,4,25,answer_position,2.625,-1.125,2.375,3.5,False,True,meta-llama/Meta-Llama-3.1-8B-Instruct,0e9e39f249a16976918f6564b8830bc894c89659
34,heldout,7,62,4,25,number_tokens,2.625,-1.125,-1.125,0.0,False,False,meta-llama/Meta-Llama-3.1-8B-Instruct,0e9e39f249a16976918f6564b8830bc894c89659
34,heldout,7,62,4,25,random_positions,2.625,-1.125,-1.0,0.125,False,False,meta-llama/Meta-Llama-3.1-8B-Instruct,0e9e39f249a16976918f6564b8830bc894c89659
34,heldout,7,62,4,26,answer_position,2.625,-1.125,2.375,3.5,False,True,meta-llama/Meta-Llama-3.1-8B-Instruct,0e9e39f249a16976918f6564b8830bc894c89659
34,heldout,7,62,4,26,number_tokens,2.625,-1.125,-1.125,0.0,False,False,meta-llama/Meta-Llama-3.1-8B-Instruct,0e9e39f249a16976918f6564b8830bc894c89659
34,heldout,7,62,4,26,random_positions,2.625,-1.125,-1.125,0.0,False,False,meta-llama/Meta-Llama-3.1-8B-Instruct,0e9e39f249a16976918f6564b8830bc894c89659
34,heldout,7,62,4,27,answer_position,2.625,-1.125,2.375,3.5,False,True,meta-llama/Meta-Llama-3.1-8B-Instruct,0e9e39f249a16976918f6564b8830bc894c89659
34,heldout,7,62,4,27,number_tokens,2.625,-1.125,-1.0,0.125,False,False,meta-llama/Meta-Llama-3.1-8B-Instruct,0e9e39f249a16976918f6564b8830bc894c89659
34,heldout,7,62,4,27,random_positions,2.625,-1.125,-1.125,0.0,False,False,meta-llama/Meta-Llama-3.1-8B-Instruct,0e9e39f249a16976918f6564b8830bc894c89659
34,heldout,7,62,4,28,answer_position,2.625,-1.125,2.5,3.625,False,True,meta-llama/Meta-Llama-3.1-8B-Instruct,0e9e39f249a16976918f6564b8830bc894c89659
34,heldout,7,62,4,28,number_tokens,2.625,-1.125,-1.125,0.0,False,False,meta-llama/Meta-Llama-3.1-8B-Instruct,0e9e39f249a16976918f6564b8830bc894c89659
34,heldout,7,62,4,28,random_positions,2.625,-1.125,-1.125,0.0,False,False,meta-llama/Meta-Llama-3.1-8B-Instruct,0e9e39f249a16976918f6564b8830bc894c89659
34,heldout,7,62,4,29,answer_position,2.625,-1.125,2.5,3.625,False,True,meta-llama/Meta-Llama-3.1-8B-Instruct,0e9e39f249a16976918f6564b8830bc894c89659
34,heldout,7,62,4,29,number_tokens,2.625,-1.125,-1.125,0.0,False,False,meta-llama/Meta-Llama-3.1-8B-Instruct,0e9e39f249a16976918f6564b8830bc894c89659
34,heldout,7,62,4,29,random_positions,2.625,-1.125,-1.125,0.0,False,False,meta-llama/Meta-Llama-3.1-8B-Instruct,0e9e39f249a16976918f6564b8830bc894c89659
34,heldout,7,62,4,30,answer_position,2.625,-1.125,2.625,3.75,False,True,meta-llama/Meta-Llama-3.1-8B-Instruct,0e9e39f249a16976918f6564b8830bc894c89659
34,heldout,7,62,4,30,number_tokens,2.625,-1.125,-1.125,0.0,False,False,meta-llama/Meta-Llama-3.1-8B-Instruct,0e9e39f249a16976918f6564b8830bc894c89659
34,heldout,7,62,4,30,random_positions,2.625,-1.125,-1.125,0.0,False,False,meta-llama/Meta-Llama-3.1-8B-Instruct,0e9e39f249a16976918f6564b8830bc894c89659
34,heldout,7,62,4,31,answer_position,2.625,-1.125,2.625,3.75,False,True,meta-llama/Meta-Llama-3.1-8B-Instruct,0e9e39f249a16976918f6564b8830bc894c89659
34,heldout,7,62,4,31,number_tokens,2.625,-1.125,-1.125,0.0,False,False,meta-llama/Meta-Llama-3.1-8B-Instruct,0e9e39f249a16976918f6564b8830bc894c89659
34,heldout,7,62,4,31,random_positions,2.625,-1.125,-1.125,0.0,False,False,meta-llama/Meta-Llama-3.1-8B-Instruct,0e9e39f249a16976918f6564b8830bc894c89659
35,heldout,8,62,4,0,answer_position,2.25,-1.0,-1.0,0.0,False,False,meta-llama/Meta-Llama-3.1-8B-Instruct,0e9e39f249a16976918f6564b8830bc894c89659
35,heldout,8,62,4,0,number_tokens,2.25,-1.0,-0.875,0.125,False,False,meta-llama/Meta-Llama-3.1-8B-Instruct,0e9e39f249a16976918f6564b8830bc894c89659
35,heldout,8,62,4,0,random_positions,2.25,-1.0,-0.25,0.75,False,False,meta-llama/Meta-Llama-3.1-8B-Instruct,0e9e39f249a16976918f6564b8830bc894c89659
35,heldout,8,62,4,1,answer_position,2.25,-1.0,-1.0,0.0,False,False,meta-llama/Meta-Llama-3.1-8B-Instruct,0e9e39f249a16976918f6564b8830bc894c89659
35,heldout,8,62,4,1,number_tokens,2.25,-1.0,-1.0,0.0,False,False,meta-llama/Meta-Llama-3.1-8B-Instruct,0e9e39f249a16976918f6564b8830bc894c89659
35,heldout,8,62,4,1,random_positions,2.25,-1.0,-1.0,0.0,False,False,meta-llama/Meta-Llama-3.1-8B-Instruct,0e9e39f249a16976918f6564b8830bc894c89659
35,heldout,8,62,4,2,answer_position,2.25,-1.0,-1.125,-0.125,False,False,meta-llama/Meta-Llama-3.1-8B-Instruct,0e9e39f249a16976918f6564b8830bc894c89659
35,heldout,8,62,4,2,number_tokens,2.25,-1.0,-3.0,-2.0,False,False,meta-llama/Meta-Llama-3.1-8B-Instruct,0e9e39f249a16976918f6564b8830bc894c89659
35,heldout,8,62,4,2,random_positions,2.25,-1.0,-0.75,0.25,False,False,meta-llama/Meta-Llama-3.1-8B-Instruct,0e9e39f249a16976918f6564b8830bc894c89659
35,heldout,8,62,4,3,answer_position,2.25,-1.0,-1.125,-0.125,False,False,meta-llama/Meta-Llama-3.1-8B-Instruct,0e9e39f249a16976918f6564b8830bc894c89659
35,heldout,8,62,4,3,number_tokens,2.25,-1.0,-2.0,-1.0,False,False,meta-llama/Meta-Llama-3.1-8B-Instruct,0e9e39f249a16976918f6564b8830bc894c89659
35,heldout,8,62,4,3,random_positions,2.25,-1.0,-0.75,0.25,False,False,meta-llama/Meta-Llama-3.1-8B-Instruct,0e9e39f249a16976918f6564b8830bc894c89659
35,heldout,8,62,4,4,answer_position,2.25,-1.0,-1.125,-0.125,False,False,meta-llama/Meta-Llama-3.1-8B-Instruct,0e9e39f249a16976918f6564b8830bc894c89659
35,heldout,8,62,4,4,number_tokens,2.25,-1.0,-1.375,-0.375,False,False,meta-llama/Meta-Llama-3.1-8B-Instruct,0e9e39f249a16976918f6564b8830bc894c89659
35,heldout,8,62,4,4,random_positions,2.25,-1.0,0.375,1.375,False,True,meta-llama/Meta-Llama-3.1-8B-Instruct,0e9e39f249a16976918f6564b8830bc894c89659
35,heldout,8,62,4,5,answer_position,2.25,-1.0,-1.0,0.0,False,False,meta-llama/Meta-Llama-3.1-8B-Instruct,0e9e39f249a16976918f6564b8830bc894c89659
35,heldout,8,62,4,5,number_tokens,2.25,-1.0,-4.625,-3.625,False,False,meta-llama/Meta-Llama-3.1-8B-Instruct,0e9e39f249a16976918f6564b8830bc894c89659
35,heldout,8,62,4,5,random_positions,2.25,-1.0,0.25,1.25,False,True,meta-llama/Meta-Llama-3.1-8B-Instruct,0e9e39f249a16976918f6564b8830bc894c89659
35,heldout,8,62,4,6,answer_position,2.25,-1.0,-1.0,0.0,False,False,meta-llama/Meta-Llama-3.1-8B-Instruct,0e9e39f249a16976918f6564b8830bc894c89659
35,heldout,8,62,4,6,number_tokens,2.25,-1.0,-3.875,-2.875,False,False,meta-llama/Meta-Llama-3.1-8B-Instruct,0e9e39f249a16976918f6564b8830bc894c89659
35,heldout,8,62,4,6,random_positions,2.25,-1.0,0.5,1.5,False,True,meta-llama/Meta-Llama-3.1-8B-Instruct,0e9e39f249a16976918f6564b8830bc894c89659
35,heldout,8,62,4,7,answer_position,2.25,-1.0,-1.0,0.0,False,False,meta-llama/Meta-Llama-3.1-8B-Instruct,0e9e39f249a16976918f6564b8830bc894c89659
35,heldout,8,62,4,7,number_tokens,2.25,-1.0,-1.375,-0.375,False,False,meta-llama/Meta-Llama-3.1-8B-Instruct,0e9e39f249a16976918f6564b8830bc894c89659
35,heldout,8,62,4,7,random_positions,2.25,-1.0,1.0,2.0,False,True,meta-llama/Meta-Llama-3.1-8B-Instruct,0e9e39f249a16976918f6564b8830bc894c89659
35,heldout,8,62,4,8,answer_position,2.25,-1.0,-1.0,0.0,False,False,meta-llama/Meta-Llama-3.1-8B-Instruct,0e9e39f249a16976918f6564b8830bc894c89659
35,heldout,8,62,4,8,number_tokens,2.25,-1.0,0.25,1.25,False,True,meta-llama/Meta-Llama-3.1-8B-Instruct,0e9e39f249a16976918f6564b8830bc894c89659
35,heldout,8,62,4,8,random_positions,2.25,-1.0,1.875,2.875,False,True,meta-llama/Meta-Llama-3.1-8B-Instruct,0e9e39f249a16976918f6564b8830bc894c89659
35,heldout,8,62,4,9,answer_position,2.25,-1.0,-1.0,0.0,False,False,meta-llama/Meta-Llama-3.1-8B-Instruct,0e9e39f249a16976918f6564b8830bc894c89659
35,heldout,8,62,4,9,number_tokens,2.25,-1.0,-0.125,0.875,False,False,meta-llama/Meta-Llama-3.1-8B-Instruct,0e9e39f249a16976918f6564b8830bc894c89659
35,heldout,8,62,4,9,random_positions,2.25,-1.0,1.375,2.375,False,True,meta-llama/Meta-Llama-3.1-8B-Instruct,0e9e39f249a16976918f6564b8830bc894c89659
35,heldout,8,62,4,10,answer_position,2.25,-1.0,-1.0,0.0,False,False,meta-llama/Meta-Llama-3.1-8B-Instruct,0e9e39f249a16976918f6564b8830bc894c89659
35,heldout,8,62,4,10,number_tokens,2.25,-1.0,0.0,1.0,False,False,meta-llama/Meta-Llama-3.1-8B-Instruct,0e9e39f249a16976918f6564b8830bc894c89659
35,heldout,8,62,4,10,random_positions,2.25,-1.0,1.375,2.375,False,True,meta-llama/Meta-Llama-3.1-8B-Instruct,0e9e39f249a16976918f6564b8830bc894c89659
35,heldout,8,62,4,11,answer_position,2.25,-1.0,-1.0,0.0,False,False,meta-llama/Meta-Llama-3.1-8B-Instruct,0e9e39f249a16976918f6564b8830bc894c89659
35,heldout,8,62,4,11,number_tokens,2.25,-1.0,-0.25,0.75,False,False,meta-llama/Meta-Llama-3.1-8B-Instruct,0e9e39f249a16976918f6564b8830bc894c89659
35,heldout,8,62,4,11,random_positions,2.25,-1.0,1.75,2.75,False,True,meta-llama/Meta-Llama-3.1-8B-Instruct,0e9e39f249a16976918f6564b8830bc894c89659
35,heldout,8,62,4,12,answer_position,2.25,-1.0,-1.0,0.0,False,False,meta-llama/Meta-Llama-3.1-8B-Instruct,0e9e39f249a16976918f6564b8830bc894c89659
35,heldout,8,62,4,12,number_tokens,2.25,-1.0,-0.375,0.625,False,False,meta-llama/Meta-Llama-3.1-8B-Instruct,0e9e39f249a16976918f6564b8830bc894c89659
35,heldout,8,62,4,12,random_positions,2.25,-1.0,0.75,1.75,False,True,meta-llama/Meta-Llama-3.1-8B-Instruct,0e9e39f249a16976918f6564b8830bc894c89659
35,heldout,8,62,4,13,answer_position,2.25,-1.0,-0.5,0.5,False,False,meta-llama/Meta-Llama-3.1-8B-Instruct,0e9e39f249a16976918f6564b8830bc894c89659
35,heldout,8,62,4,13,number_tokens,2.25,-1.0,-0.75,0.25,False,False,meta-llama/Meta-Llama-3.1-8B-Instruct,0e9e39f249a16976918f6564b8830bc894c89659
35,heldout,8,62,4,13,random_positions,2.25,-1.0,0.125,1.125,False,True,meta-llama/Meta-Llama-3.1-8B-Instruct,0e9e39f249a16976918f6564b8830bc894c89659
35,heldout,8,62,4,14,answer_position,2.25,-1.0,0.125,1.125,False,True,meta-llama/Meta-Llama-3.1-8B-Instruct,0e9e39f249a16976918f6564b8830bc894c89659
35,heldout,8,62,4,14,number_tokens,2.25,-1.0,-1.125,-0.125,False,False,meta-llama/Meta-Llama-3.1-8B-Instruct,0e9e39f249a16976918f6564b8830bc894c89659
35,heldout,8,62,4,14,random_positions,2.25,-1.0,-0.875,0.125,False,False,meta-llama/Meta-Llama-3.1-8B-Instruct,0e9e39f249a16976918f6564b8830bc894c89659
35,heldout,8,62,4,15,answer_position,2.25,-1.0,0.5,1.5,False,True,meta-llama/Meta-Llama-3.1-8B-Instruct,0e9e39f249a16976918f6564b8830bc894c89659
35,heldout,8,62,4,15,number_tokens,2.25,-1.0,-1.25,-0.25,False,False,meta-llama/Meta-Llama-3.1-8B-Instruct,0e9e39f249a16976918f6564b8830bc894c89659
35,heldout,8,62,4,15,random_positions,2.25,-1.0,-0.875,0.125,False,False,meta-llama/Meta-Llama-3.1-8B-Instruct,0e9e39f249a16976918f6564b8830bc894c89659
35,heldout,8,62,4,16,answer_position,2.25,-1.0,-0.375,0.625,False,False,meta-llama/Meta-Llama-3.1-8B-Instruct,0e9e39f249a16976918f6564b8830bc894c89659
35,heldout,8,62,4,16,number_tokens,2.25,-1.0,-1.125,-0.125,False,False,meta-llama/Meta-Llama-3.1-8B-Instruct,0e9e39f249a16976918f6564b8830bc894c89659
35,heldout,8,62,4,16,random_positions,2.25,-1.0,-1.0,0.0,False,False,meta-llama/Meta-Llama-3.1-8B-Instruct,0e9e39f249a16976918f6564b8830bc894c89659
35,heldout,8,62,4,17,answer_position,2.25,-1.0,2.0,3.0,False,True,meta-llama/Meta-Llama-3.1-8B-Instruct,0e9e39f249a16976918f6564b8830bc894c89659
35,heldout,8,62,4,17,number_tokens,2.25,-1.0,-1.0,0.0,False,False,meta-llama/Meta-Llama-3.1-8B-Instruct,0e9e39f249a16976918f6564b8830bc894c89659
35,heldout,8,62,4,17,random_positions,2.25,-1.0,-0.875,0.125,False,False,meta-llama/Meta-Llama-3.1-8B-Instruct,0e9e39f249a16976918f6564b8830bc894c89659
35,heldout,8,62,4,18,answer_position,2.25,-1.0,2.0,3.0,False,True,meta-llama/Meta-Llama-3.1-8B-Instruct,0e9e39f249a16976918f6564b8830bc894c89659
35,heldout,8,62,4,18,number_tokens,2.25,-1.0,-1.0,0.0,False,False,meta-llama/Meta-Llama-3.1-8B-Instruct,0e9e39f249a16976918f6564b8830bc894c89659
35,heldout,8,62,4,18,random_positions,2.25,-1.0,-1.0,0.0,False,False,meta-llama/Meta-Llama-3.1-8B-Instruct,0e9e39f249a16976918f6564b8830bc894c89659
35,heldout,8,62,4,19,answer_position,2.25,-1.0,2.0,3.0,False,True,meta-llama/Meta-Llama-3.1-8B-Instruct,0e9e39f249a16976918f6564b8830bc894c89659
35,heldout,8,62,4,19,number_tokens,2.25,-1.0,-1.0,0.0,False,False,meta-llama/Meta-Llama-3.1-8B-Instruct,0e9e39f249a16976918f6564b8830bc894c89659
35,heldout,8,62,4,19,random_positions,2.25,-1.0,-1.0,0.0,False,False,meta-llama/Meta-Llama-3.1-8B-Instruct,0e9e39f249a16976918f6564b8830bc894c89659
35,heldout,8,62,4,20,answer_position,2.25,-1.0,2.0,3.0,False,True,meta-llama/Meta-Llama-3.1-8B-Instruct,0e9e39f249a16976918f6564b8830bc894c89659
35,heldout,8,62,4,20,number_tokens,2.25,-1.0,-1.0,0.0,False,False,meta-llama/Meta-Llama-3.1-8B-Instruct,0e9e39f249a16976918f6564b8830bc894c89659
35,heldout,8,62,4,20,random_positions,2.25,-1.0,-1.0,0.0,False,False,meta-llama/Meta-Llama-3.1-8B-Instruct,0e9e39f249a16976918f6564b8830bc894c89659
35,heldout,8,62,4,21,answer_position,2.25,-1.0,2.125,3.125,False,True,meta-llama/Meta-Llama-3.1-8B-Instruct,0e9e39f249a16976918f6564b8830bc894c89659
35,heldout,8,62,4,21,number_tokens,2.25,-1.0,-1.0,0.0,False,False,meta-llama/Meta-Llama-3.1-8B-Instruct,0e9e39f249a16976918f6564b8830bc894c89659
35,heldout,8,62,4,21,random_positions,2.25,-1.0,-0.875,0.125,False,False,meta-llama/Meta-Llama-3.1-8B-Instruct,0e9e39f249a16976918f6564b8830bc894c89659
35,heldout,8,62,4,22,answer_position,2.25,-1.0,2.125,3.125,False,True,meta-llama/Meta-Llama-3.1-8B-Instruct,0e9e39f249a16976918f6564b8830bc894c89659
35,heldout,8,62,4,22,number_tokens,2.25,-1.0,-1.0,0.0,False,False,meta-llama/Meta-Llama-3.1-8B-Instruct,0e9e39f249a16976918f6564b8830bc894c89659
35,heldout,8,62,4,22,random_positions,2.25,-1.0,-1.0,0.0,False,False,meta-llama/Meta-Llama-3.1-8B-Instruct,0e9e39f249a16976918f6564b8830bc894c89659
35,heldout,8,62,4,23,answer_position,2.25,-1.0,2.0,3.0,False,True,meta-llama/Meta-Llama-3.1-8B-Instruct,0e9e39f249a16976918f6564b8830bc894c89659
35,heldout,8,62,4,23,number_tokens,2.25,-1.0,-1.125,-0.125,False,False,meta-llama/Meta-Llama-3.1-8B-Instruct,0e9e39f249a16976918f6564b8830bc894c89659
35,heldout,8,62,4,23,random_positions,2.25,-1.0,-1.0,0.0,False,False,meta-llama/Meta-Llama-3.1-8B-Instruct,0e9e39f249a16976918f6564b8830bc894c89659
35,heldout,8,62,4,24,answer_position,2.25,-1.0,2.125,3.125,False,True,meta-llama/Meta-Llama-3.1-8B-Instruct,0e9e39f249a16976918f6564b8830bc894c89659
35,heldout,8,62,4,24,number_tokens,2.25,-1.0,-1.0,0.0,False,False,meta-llama/Meta-Llama-3.1-8B-Instruct,0e9e39f249a16976918f6564b8830bc894c89659
35,heldout,8,62,4,24,random_positions,2.25,-1.0,-1.0,0.0,False,False,meta-llama/Meta-Llama-3.1-8B-Instruct,0e9e39f249a16976918f6564b8830bc894c89659
35,heldout,8,62,4,25,answer_position,2.25,-1.0,2.25,3.25,False,True,meta-llama/Meta-Llama-3.1-8B-Instruct,0e9e39f249a16976918f6564b8830bc894c89659
35,heldout,8,62,4,25,number_tokens,2.25,-1.0,-1.0,0.0,False,False,meta-llama/Meta-Llama-3.1-8B-Instruct,0e9e39f249a16976918f6564b8830bc894c89659
35,heldout,8,62,4,25,random_positions,2.25,-1.0,-1.0,0.0,False,False,meta-llama/Meta-Llama-3.1-8B-Instruct,0e9e39f249a16976918f6564b8830bc894c89659
35,heldout,8,62,4,26,answer_position,2.25,-1.0,2.125,3.125,False,True,meta-llama/Meta-Llama-3.1-8B-Instruct,0e9e39f249a16976918f6564b8830bc894c89659
35,heldout,8,62,4,26,number_tokens,2.25,-1.0,-1.0,0.0,False,False,meta-llama/Meta-Llama-3.1-8B-Instruct,0e9e39f249a16976918f6564b8830bc894c89659
35,heldout,8,62,4,26,random_positions,2.25,-1.0,-1.0,0.0,False,False,meta-llama/Meta-Llama-3.1-8B-Instruct,0e9e39f249a16976918f6564b8830bc894c89659
35,heldout,8,62,4,27,answer_position,2.25,-1.0,2.125,3.125,False,True,meta-llama/Meta-Llama-3.1-8B-Instruct,0e9e39f249a16976918f6564b8830bc894c89659
35,heldout,8,62,4,27,number_tokens,2.25,-1.0,-1.0,0.0,False,False,meta-llama/Meta-Llama-3.1-8B-Instruct,0e9e39f249a16976918f6564b8830bc894c89659
35,heldout,8,62,4,27,random_positions,2.25,-1.0,-1.0,0.0,False,False,meta-llama/Meta-Llama-3.1-8B-Instruct,0e9e39f249a16976918f6564b8830bc894c89659
35,heldout,8,62,4,28,answer_position,2.25,-1.0,2.375,3.375,False,True,meta-llama/Meta-Llama-3.1-8B-Instruct,0e9e39f249a16976918f6564b8830bc894c89659
35,heldout,8,62,4,28,number_tokens,2.25,-1.0,-1.125,-0.125,False,False,meta-llama/Meta-Llama-3.1-8B-Instruct,0e9e39f249a16976918f6564b8830bc894c89659
35,heldout,8,62,4,28,random_positions,2.25,-1.0,-1.0,0.0,False,False,meta-llama/Meta-Llama-3.1-8B-Instruct,0e9e39f249a16976918f6564b8830bc894c89659
35,heldout,8,62,4,29,answer_position,2.25,-1.0,2.25,3.25,False,True,meta-llama/Meta-Llama-3.1-8B-Instruct,0e9e39f249a16976918f6564b8830bc894c89659
35,heldout,8,62,4,29,number_tokens,2.25,-1.0,-1.0,0.0,False,False,meta-llama/Meta-Llama-3.1-8B-Instruct,0e9e39f249a16976918f6564b8830bc894c89659
35,heldout,8,62,4,29,random_positions,2.25,-1.0,-1.125,-0.125,False,False,meta-llama/Meta-Llama-3.1-8B-Instruct,0e9e39f249a16976918f6564b8830bc894c89659
35,heldout,8,62,4,30,answer_position,2.25,-1.0,2.25,3.25,False,True,meta-llama/Meta-Llama-3.1-8B-Instruct,0e9e39f249a16976918f6564b8830bc894c89659
35,heldout,8,62,4,30,number_tokens,2.25,-1.0,-1.0,0.0,False,False,meta-llama/Meta-Llama-3.1-8B-Instruct,0e9e39f249a16976918f6564b8830bc894c89659
35,heldout,8,62,4,30,random_positions,2.25,-1.0,-1.0,0.0,False,False,meta-llama/Meta-Llama-3.1-8B-Instruct,0e9e39f249a16976918f6564b8830bc894c89659
35,heldout,8,62,4,31,answer_position,2.25,-1.0,2.25,3.25,False,True,meta-llama/Meta-Llama-3.1-8B-Instruct,0e9e39f249a16976918f6564b8830bc894c89659
35,heldout,8,62,4,31,number_tokens,2.25,-1.0,-1.0,0.0,False,False,meta-llama/Meta-Llama-3.1-8B-Instruct,0e9e39f249a16976918f6564b8830bc894c89659
35,heldout,8,62,4,31,random_positions,2.25,-1.0,-1.0,0.0,False,False,meta-llama/Meta-Llama-3.1-8B-Instruct,0e9e39f249a16976918f6564b8830bc894c89659
36,heldout,8,63,2,0,answer_position,1.5,-1.75,-1.875,-0.125,False,False,meta-llama/Meta-Llama-3.1-8B-Instruct,0e9e39f249a16976918f6564b8830bc894c89659
36,heldout,8,63,2,0,number_tokens,1.5,-1.75,-1.75,0.0,False,False,meta-llama/Meta-Llama-3.1-8B-Instruct,0e9e39f249a16976918f6564b8830bc894c89659
36,heldout,8,63,2,0,random_positions,1.5,-1.75,-1.875,-0.125,False,False,meta-llama/Meta-Llama-3.1-8B-Instruct,0e9e39f249a16976918f6564b8830bc894c89659
36,heldout,8,63,2,1,answer_position,1.5,-1.75,-1.875,-0.125,False,False,meta-llama/Meta-Llama-3.1-8B-Instruct,0e9e39f249a16976918f6564b8830bc894c89659
36,heldout,8,63,2,1,number_tokens,1.5,-1.75,-2.25,-0.5,False,False,meta-llama/Meta-Llama-3.1-8B-Instruct,0e9e39f249a16976918f6564b8830bc894c89659
36,heldout,8,63,2,1,random_positions,1.5,-1.75,-1.875,-0.125,False,False,meta-llama/Meta-Llama-3.1-8B-Instruct,0e9e39f249a16976918f6564b8830bc894c89659
36,heldout,8,63,2,2,answer_position,1.5,-1.75,-1.75,0.0,False,False,meta-llama/Meta-Llama-3.1-8B-Instruct,0e9e39f249a16976918f6564b8830bc894c89659
36,heldout,8,63,2,2,number_tokens,1.5,-1.75,-4.125,-2.375,False,False,meta-llama/Meta-Llama-3.1-8B-Instruct,0e9e39f249a16976918f6564b8830bc894c89659
36,heldout,8,63,2,2,random_positions,1.5,-1.75,-2.0,-0.25,False,False,meta-llama/Meta-Llama-3.1-8B-Instruct,0e9e39f249a16976918f6564b8830bc894c89659
36,heldout,8,63,2,3,answer_position,1.5,-1.75,-1.875,-0.125,False,False,meta-llama/Meta-Llama-3.1-8B-Instruct,0e9e39f249a16976918f6564b8830bc894c89659
36,heldout,8,63,2,3,number_tokens,1.5,-1.75,-3.0,-1.25,False,False,meta-llama/Meta-Llama-3.1-8B-Instruct,0e9e39f249a16976918f6564b8830bc894c89659
36,heldout,8,63,2,3,random_positions,1.5,-1.75,-2.0,-0.25,False,False,meta-llama/Meta-Llama-3.1-8B-Instruct,0e9e39f249a16976918f6564b8830bc894c89659
36,heldout,8,63,2,4,answer_position,1.5,-1.75,-1.875,-0.125,False,False,meta-llama/Meta-Llama-3.1-8B-Instruct,0e9e39f249a16976918f6564b8830bc894c89659
36,heldout,8,63,2,4,number_tokens,1.5,-1.75,-3.375,-1.625,False,False,meta-llama/Meta-Llama-3.1-8B-Instruct,0e9e39f249a16976918f6564b8830bc894c89659
36,heldout,8,63,2,4,random_positions,1.5,-1.75,-1.875,-0.125,False,False,meta-llama/Meta-Llama-3.1-8B-Instruct,0e9e39f249a16976918f6564b8830bc894c89659
36,heldout,8,63,2,5,answer_position,1.5,-1.75,-1.875,-0.125,False,False,meta-llama/Meta-Llama-3.1-8B-Instruct,0e9e39f249a16976918f6564b8830bc894c89659
36,heldout,8,63,2,5,number_tokens,1.5,-1.75,-8.125,-6.375,False,False,meta-llama/Meta-Llama-3.1-8B-Instruct,0e9e39f249a16976918f6564b8830bc894c89659
36,heldout,8,63,2,5,random_positions,1.5,-1.75,-1.875,-0.125,False,False,meta-llama/Meta-Llama-3.1-8B-Instruct,0e9e39f249a16976918f6564b8830bc894c89659
36,heldout,8,63,2,6,answer_position,1.5,-1.75,-1.875,-0.125,False,False,meta-llama/Meta-Llama-3.1-8B-Instruct,0e9e39f249a16976918f6564b8830bc894c89659
36,heldout,8,63,2,6,number_tokens,1.5,-1.75,-5.75,-4.0,False,False,meta-llama/Meta-Llama-3.1-8B-Instruct,0e9e39f249a16976918f6564b8830bc894c89659
36,heldout,8,63,2,6,random_positions,1.5,-1.75,-1.875,-0.125,False,False,meta-llama/Meta-Llama-3.1-8B-Instruct,0e9e39f249a16976918f6564b8830bc894c89659
36,heldout,8,63,2,7,answer_position,1.5,-1.75,-1.875,-0.125,False,False,meta-llama/Meta-Llama-3.1-8B-Instruct,0e9e39f249a16976918f6564b8830bc894c89659
36,heldout,8,63,2,7,number_tokens,1.5,-1.75,-3.0,-1.25,False,False,meta-llama/Meta-Llama-3.1-8B-Instruct,0e9e39f249a16976918f6564b8830bc894c89659
36,heldout,8,63,2,7,random_positions,1.5,-1.75,-1.75,0.0,False,False,meta-llama/Meta-Llama-3.1-8B-Instruct,0e9e39f249a16976918f6564b8830bc894c89659
36,heldout,8,63,2,8,answer_position,1.5,-1.75,-1.875,-0.125,False,False,meta-llama/Meta-Llama-3.1-8B-Instruct,0e9e39f249a16976918f6564b8830bc894c89659
36,heldout,8,63,2,8,number_tokens,1.5,-1.75,-0.625,1.125,False,False,meta-llama/Meta-Llama-3.1-8B-Instruct,0e9e39f249a16976918f6564b8830bc894c89659
36,heldout,8,63,2,8,random_positions,1.5,-1.75,-1.875,-0.125,False,False,meta-llama/Meta-Llama-3.1-8B-Instruct,0e9e39f249a16976918f6564b8830bc894c89659
36,heldout,8,63,2,9,answer_position,1.5,-1.75,-1.75,0.0,False,False,meta-llama/Meta-Llama-3.1-8B-Instruct,0e9e39f249a16976918f6564b8830bc894c89659
36,heldout,8,63,2,9,number_tokens,1.5,-1.75,-1.625,0.125,False,False,meta-llama/Meta-Llama-3.1-8B-Instruct,0e9e39f249a16976918f6564b8830bc894c89659
36,heldout,8,63,2,9,random_positions,1.5,-1.75,-1.875,-0.125,False,False,meta-llama/Meta-Llama-3.1-8B-Instruct,0e9e39f249a16976918f6564b8830bc894c89659
36,heldout,8,63,2,10,answer_position,1.5,-1.75,-1.875,-0.125,False,False,meta-llama/Meta-Llama-3.1-8B-Instruct,0e9e39f249a16976918f6564b8830bc894c89659
36,heldout,8,63,2,10,number_tokens,1.5,-1.75,-1.5,0.25,False,False,meta-llama/Meta-Llama-3.1-8B-Instruct,0e9e39f249a16976918f6564b8830bc894c89659
36,heldout,8,63,2,10,random_positions,1.5,-1.75,-1.75,0.0,False,False,meta-llama/Meta-Llama-3.1-8B-Instruct,0e9e39f249a16976918f6564b8830bc894c89659
36,heldout,8,63,2,11,answer_position,1.5,-1.75,-1.875,-0.125,False,False,meta-llama/Meta-Llama-3.1-8B-Instruct,0e9e39f249a16976918f6564b8830bc894c89659
36,heldout,8,63,2,11,number_tokens,1.5,-1.75,-1.125,0.625,False,False,meta-llama/Meta-Llama-3.1-8B-Instruct,0e9e39f249a16976918f6564b8830bc894c89659
36,heldout,8,63,2,11,random_positions,1.5,-1.75,-1.75,0.0,False,False,meta-llama/Meta-Llama-3.1-8B-Instruct,0e9e39f249a16976918f6564b8830bc894c89659
36,heldout,8,63,2,12,answer_position,1.5,-1.75,-1.75,0.0,False,False,meta-llama/Meta-Llama-3.1-8B-Instruct,0e9e39f249a16976918f6564b8830bc894c89659
36,heldout,8,63,2,12,number_tokens,1.5,-1.75,-1.0,0.75,False,False,meta-llama/Meta-Llama-3.1-8B-Instruct,0e9e39f249a16976918f6564b8830bc894c89659
36,heldout,8,63,2,12,random_positions,1.5,-1.75,-1.875,-0.125,False,False,meta-llama/Meta-Llama-3.1-8B-Instruct,0e9e39f249a16976918f6564b8830bc894c89659
36,heldout,8,63,2,13,answer_position,1.5,-1.75,-1.125,0.625,False,False,meta-llama/Meta-Llama-3.1-8B-Instruct,0e9e39f249a16976918f6564b8830bc894c89659
36,heldout,8,63,2,13,number_tokens,1.5,-1.75,-1.625,0.125,False,False,meta-llama/Meta-Llama-3.1-8B-Instruct,0e9e39f249a16976918f6564b8830bc894c89659
36,heldout,8,63,2,13,random_positions,1.5,-1.75,-1.875,-0.125,False,False,meta-llama/Meta-Llama-3.1-8B-Instruct,0e9e39f249a16976918f6564b8830bc894c89659
36,heldout,8,63,2,14,answer_position,1.5,-1.75,-0.5,1.25,False,False,meta-llama/Meta-Llama-3.1-8B-Instruct,0e9e39f249a16976918f6564b8830bc894c89659
36,heldout,8,63,2,14,number_tokens,1.5,-1.75,-1.625,0.125,False,False,meta-llama/Meta-Llama-3.1-8B-Instruct,0e9e39f249a16976918f6564b8830bc894c89659
36,heldout,8,63,2,14,random_positions,1.5,-1.75,-1.875,-0.125,False,False,meta-llama/Meta-Llama-3.1-8B-Instruct,0e9e39f249a16976918f6564b8830bc894c89659
36,heldout,8,63,2,15,answer_position,1.5,-1.75,0.0,1.75,False,False,meta-llama/Meta-Llama-3.1-8B-Instruct,0e9e39f249a16976918f6564b8830bc894c89659
36,heldout,8,63,2,15,number_tokens,1.5,-1.75,-1.875,-0.125,False,False,meta-llama/Meta-Llama-3.1-8B-Instruct,0e9e39f249a16976918f6564b8830bc894c89659
36,heldout,8,63,2,15,random_positions,1.5,-1.75,-1.875,-0.125,False,False,meta-llama/Meta-Llama-3.1-8B-Instruct,0e9e39f249a16976918f6564b8830bc894c89659
36,heldout,8,63,2,16,answer_position,1.5,-1.75,-0.5,1.25,False,False,meta-llama/Meta-Llama-3.1-8B-Instruct,0e9e39f249a16976918f6564b8830bc894c89659
36,heldout,8,63,2,16,number_tokens,1.5,-1.75,-1.875,-0.125,False,False,meta-llama/Meta-Llama-3.1-8B-Instruct,0e9e39f249a16976918f6564b8830bc894c89659
36,heldout,8,63,2,16,random_positions,1.5,-1.75,-1.875,-0.125,False,False,meta-llama/Meta-Llama-3.1-8B-Instruct,0e9e39f249a16976918f6564b8830bc894c89659
36,heldout,8,63,2,17,answer_position,1.5,-1.75,1.25,3.0,False,True,meta-llama/Meta-Llama-3.1-8B-Instruct,0e9e39f249a16976918f6564b8830bc894c89659
36,heldout,8,63,2,17,number_tokens,1.5,-1.75,-1.875,-0.125,False,False,meta-llama/Meta-Llama-3.1-8B-Instruct,0e9e39f249a16976918f6564b8830bc894c89659
36,heldout,8,63,2,17,random_positions,1.5,-1.75,-1.875,-0.125,False,False,meta-llama/Meta-Llama-3.1-8B-Instruct,0e9e39f249a16976918f6564b8830bc894c89659
36,heldout,8,63,2,18,answer_position,1.5,-1.75,1.375,3.125,False,True,meta-llama/Meta-Llama-3.1-8B-Instruct,0e9e39f249a16976918f6564b8830bc894c89659
36,heldout,8,63,2,18,number_tokens,1.5,-1.75,-1.875,-0.125,False,False,meta-llama/Meta-Llama-3.1-8B-Instruct,0e9e39f249a16976918f6564b8830bc894c89659
36,heldout,8,63,2,18,random_positions,1.5,-1.75,-1.875,-0.125,False,False,meta-llama/Meta-Llama-3.1-8B-Instruct,0e9e39f249a16976918f6564b8830bc894c89659
36,heldout,8,63,2,19,answer_position,1.5,-1.75,1.375,3.125,False,True,meta-llama/Meta-Llama-3.1-8B-Instruct,0e9e39f249a16976918f6564b8830bc894c89659
36,heldout,8,63,2,19,number_tokens,1.5,-1.75,-1.875,-0.125,False,False,meta-llama/Meta-Llama-3.1-8B-Instruct,0e9e39f249a16976918f6564b8830bc894c89659
36,heldout,8,63,2,19,random_positions,1.5,-1.75,-1.875,-0.125,False,False,meta-llama/Meta-Llama-3.1-8B-Instruct,0e9e39f249a16976918f6564b8830bc894c89659
36,heldout,8,63,2,20,answer_position,1.5,-1.75,1.375,3.125,False,True,meta-llama/Meta-Llama-3.1-8B-Instruct,0e9e39f249a16976918f6564b8830bc894c89659
36,heldout,8,63,2,20,number_tokens,1.5,-1.75,-1.875,-0.125,False,False,meta-llama/Meta-Llama-3.1-8B-Instruct,0e9e39f249a16976918f6564b8830bc894c89659
36,heldout,8,63,2,20,random_positions,1.5,-1.75,-1.875,-0.125,False,False,meta-llama/Meta-Llama-3.1-8B-Instruct,0e9e39f249a16976918f6564b8830bc894c89659
36,heldout,8,63,2,21,answer_position,1.5,-1.75,1.5,3.25,False,True,meta-llama/Meta-Llama-3.1-8B-Instruct,0e9e39f249a16976918f6564b8830bc894c89659
36,heldout,8,63,2,21,number_tokens,1.5,-1.75,-1.875,-0.125,False,False,meta-llama/Meta-Llama-3.1-8B-Instruct,0e9e39f249a16976918f6564b8830bc894c89659
36,heldout,8,63,2,21,random_positions,1.5,-1.75,-1.75,0.0,False,False,meta-llama/Meta-Llama-3.1-8B-Instruct,0e9e39f249a16976918f6564b8830bc894c89659
36,heldout,8,63,2,22,answer_position,1.5,-1.75,1.375,3.125,False,True,meta-llama/Meta-Llama-3.1-8B-Instruct,0e9e39f249a16976918f6564b8830bc894c89659
36,heldout,8,63,2,22,number_tokens,1.5,-1.75,-1.875,-0.125,False,False,meta-llama/Meta-Llama-3.1-8B-Instruct,0e9e39f249a16976918f6564b8830bc894c89659
36,heldout,8,63,2,22,random_positions,1.5,-1.75,-1.875,-0.125,False,False,meta-llama/Meta-Llama-3.1-8B-Instruct,0e9e39f249a16976918f6564b8830bc894c89659
36,heldout,8,63,2,23,answer_position,1.5,-1.75,1.375,3.125,False,True,meta-llama/Meta-Llama-3.1-8B-Instruct,0e9e39f249a16976918f6564b8830bc894c89659
36,heldout,8,63,2,23,number_tokens,1.5,-1.75,-1.875,-0.125,False,False,meta-llama/Meta-Llama-3.1-8B-Instruct,0e9e39f249a16976918f6564b8830bc894c89659
36,heldout,8,63,2,23,random_positions,1.5,-1.75,-1.875,-0.125,False,False,meta-llama/Meta-Llama-3.1-8B-Instruct,0e9e39f249a16976918f6564b8830bc894c89659
36,heldout,8,63,2,24,answer_position,1.5,-1.75,1.375,3.125,False,True,meta-llama/Meta-Llama-3.1-8B-Instruct,0e9e39f249a16976918f6564b8830bc894c89659
36,heldout,8,63,2,24,number_tokens,1.5,-1.75,-1.875,-0.125,False,False,meta-llama/Meta-Llama-3.1-8B-Instruct,0e9e39f249a16976918f6564b8830bc894c89659
36,heldout,8,63,2,24,random_positions,1.5,-1.75,-1.875,-0.125,False,False,meta-llama/Meta-Llama-3.1-8B-Instruct,0e9e39f249a16976918f6564b8830bc894c89659
36,heldout,8,63,2,25,answer_position,1.5,-1.75,1.375,3.125,False,True,meta-llama/Meta-Llama-3.1-8B-Instruct,0e9e39f249a16976918f6564b8830bc894c89659
36,heldout,8,63,2,25,number_tokens,1.5,-1.75,-1.75,0.0,False,False,meta-llama/Meta-Llama-3.1-8B-Instruct,0e9e39f249a16976918f6564b8830bc894c89659
36,heldout,8,63,2,25,random_positions,1.5,-1.75,-1.75,0.0,False,False,meta-llama/Meta-Llama-3.1-8B-Instruct,0e9e39f249a16976918f6564b8830bc894c89659
36,heldout,8,63,2,26,answer_position,1.5,-1.75,1.375,3.125,False,True,meta-llama/Meta-Llama-3.1-8B-Instruct,0e9e39f249a16976918f6564b8830bc894c89659
36,heldout,8,63,2,26,number_tokens,1.5,-1.75,-1.75,0.0,False,False,meta-llama/Meta-Llama-3.1-8B-Instruct,0e9e39f249a16976918f6564b8830bc894c89659
36,heldout,8,63,2,26,random_positions,1.5,-1.75,-1.875,-0.125,False,False,meta-llama/Meta-Llama-3.1-8B-Instruct,0e9e39f249a16976918f6564b8830bc894c89659
36,heldout,8,63,2,27,answer_position,1.5,-1.75,1.375,3.125,False,True,meta-llama/Meta-Llama-3.1-8B-Instruct,0e9e39f249a16976918f6564b8830bc894c89659
36,heldout,8,63,2,27,number_tokens,1.5,-1.75,-1.875,-0.125,False,False,meta-llama/Meta-Llama-3.1-8B-Instruct,0e9e39f249a16976918f6564b8830bc894c89659
36,heldout,8,63,2,27,random_positions,1.5,-1.75,-1.875,-0.125,False,False,meta-llama/Meta-Llama-3.1-8B-Instruct,0e9e39f249a16976918f6564b8830bc894c89659
36,heldout,8,63,2,28,answer_position,1.5,-1.75,1.375,3.125,False,True,meta-llama/Meta-Llama-3.1-8B-Instruct,0e9e39f249a16976918f6564b8830bc894c89659
36,heldout,8,63,2,28,number_tokens,1.5,-1.75,-1.875,-0.125,False,False,meta-llama/Meta-Llama-3.1-8B-Instruct,0e9e39f249a16976918f6564b8830bc894c89659
36,heldout,8,63,2,28,random_positions,1.5,-1.75,-1.75,0.0,False,False,meta-llama/Meta-Llama-3.1-8B-Instruct,0e9e39f249a16976918f6564b8830bc894c89659
36,heldout,8,63,2,29,answer_position,1.5,-1.75,1.375,3.125,False,True,meta-llama/Meta-Llama-3.1-8B-Instruct,0e9e39f249a16976918f6564b8830bc894c89659
36,heldout,8,63,2,29,number_tokens,1.5,-1.75,-1.875,-0.125,False,False,meta-llama/Meta-Llama-3.1-8B-Instruct,0e9e39f249a16976918f6564b8830bc894c89659
36,heldout,8,63,2,29,random_positions,1.5,-1.75,-1.875,-0.125,False,False,meta-llama/Meta-Llama-3.1-8B-Instruct,0e9e39f249a16976918f6564b8830bc894c89659
36,heldout,8,63,2,30,answer_position,1.5,-1.75,1.375,3.125,False,True,meta-llama/Meta-Llama-3.1-8B-Instruct,0e9e39f249a16976918f6564b8830bc894c89659
36,heldout,8,63,2,30,number_tokens,1.5,-1.75,-1.75,0.0,False,False,meta-llama/Meta-Llama-3.1-8B-Instruct,0e9e39f249a16976918f6564b8830bc894c89659
36,heldout,8,63,2,30,random_positions,1.5,-1.75,-1.75,0.0,False,False,meta-llama/Meta-Llama-3.1-8B-Instruct,0e9e39f249a16976918f6564b8830bc894c89659
36,heldout,8,63,2,31,answer_position,1.5,-1.75,1.5,3.25,False,True,meta-llama/Meta-Llama-3.1-8B-Instruct,0e9e39f249a16976918f6564b8830bc894c89659
36,heldout,8,63,2,31,number_tokens,1.5,-1.75,-1.75,0.0,False,False,meta-llama/Meta-Llama-3.1-8B-Instruct,0e9e39f249a16976918f6564b8830bc894c89659
36,heldout,8,63,2,31,random_positions,1.5,-1.75,-1.75,0.0,False,False,meta-llama/Meta-Llama-3.1-8B-Instruct,0e9e39f249a16976918f6564b8830bc894c89659
37,heldout,8,64,3,0,answer_position,2.5,-1.25,-1.375,-0.125,False,False,meta-llama/Meta-Llama-3.1-8B-Instruct,0e9e39f249a16976918f6564b8830bc894c89659
37,heldout,8,64,3,0,number_tokens,2.5,-1.25,-1.5,-0.25,False,False,meta-llama/Meta-Llama-3.1-8B-Instruct,0e9e39f249a16976918f6564b8830bc894c89659
37,heldout,8,64,3,0,random_positions,2.5,-1.25,-1.0,0.25,False,False,meta-llama/Meta-Llama-3.1-8B-Instruct,0e9e39f249a16976918f6564b8830bc894c89659
37,heldout,8,64,3,1,answer_position,2.5,-1.25,-1.25,0.0,False,False,meta-llama/Meta-Llama-3.1-8B-Instruct,0e9e39f249a16976918f6564b8830bc894c89659
37,heldout,8,64,3,1,number_tokens,2.5,-1.25,-1.375,-0.125,False,False,meta-llama/Meta-Llama-3.1-8B-Instruct,0e9e39f249a16976918f6564b8830bc894c89659
37,heldout,8,64,3,1,random_positions,2.5,-1.25,-0.875,0.375,False,False,meta-llama/Meta-Llama-3.1-8B-Instruct,0e9e39f249a16976918f6564b8830bc894c89659
37,heldout,8,64,3,2,answer_position,2.5,-1.25,-1.25,0.0,False,False,meta-llama/Meta-Llama-3.1-8B-Instruct,0e9e39f249a16976918f6564b8830bc894c89659
37,heldout,8,64,3,2,number_tokens,2.5,-1.25,-3.0,-1.75,False,False,meta-llama/Meta-Llama-3.1-8B-Instruct,0e9e39f249a16976918f6564b8830bc894c89659
37,heldout,8,64,3,2,random_positions,2.5,-1.25,-0.625,0.625,False,False,meta-llama/Meta-Llama-3.1-8B-Instruct,0e9e39f249a16976918f6564b8830bc894c89659
37,heldout,8,64,3,3,answer_position,2.5,-1.25,-1.375,-0.125,False,False,meta-llama/Meta-Llama-3.1-8B-Instruct,0e9e39f249a16976918f6564b8830bc894c89659
37,heldout,8,64,3,3,number_tokens,2.5,-1.25,-2.125,-0.875,False,False,meta-llama/Meta-Llama-3.1-8B-Instruct,0e9e39f249a16976918f6564b8830bc894c89659
37,heldout,8,64,3,3,random_positions,2.5,-1.25,-0.875,0.375,False,False,meta-llama/Meta-Llama-3.1-8B-Instruct,0e9e39f249a16976918f6564b8830bc894c89659
37,heldout,8,64,3,4,answer_position,2.5,-1.25,-1.375,-0.125,False,False,meta-llama/Meta-Llama-3.1-8B-Instruct,0e9e39f249a16976918f6564b8830bc894c89659
37,heldout,8,64,3,4,number_tokens,2.5,-1.25,-2.625,-1.375,False,False,meta-llama/Meta-Llama-3.1-8B-Instruct,0e9e39f249a16976918f6564b8830bc894c89659
37,heldout,8,64,3,4,random_positions,2.5,-1.25,-1.0,0.25,False,False,meta-llama/Meta-Llama-3.1-8B-Instruct,0e9e39f249a16976918f6564b8830bc894c89659
37,heldout,8,64,3,5,answer_position,2.5,-1.25,-1.25,0.0,False,False,meta-llama/Meta-Llama-3.1-8B-Instruct,0e9e39f249a16976918f6564b8830bc894c89659
37,heldout,8,64,3,5,number_tokens,2.5,-1.25,-5.125,-3.875,False,False,meta-llama/Meta-Llama-3.1-8B-Instruct,0e9e39f249a16976918f6564b8830bc894c89659
37,heldout,8,64,3,5,random_positions,2.5,-1.25,-1.125,0.125,False,False,meta-llama/Meta-Llama-3.1-8B-Instruct,0e9e39f249a16976918f6564b8830bc894c89659
37,heldout,8,64,3,6,answer_position,2.5,-1.25,-1.375,-0.125,False,False,meta-llama/Meta-Llama-3.1-8B-Instruct,0e9e39f249a16976918f6564b8830bc894c89659
37,heldout,8,64,3,6,number_tokens,2.5,-1.25,-3.75,-2.5,False,False,meta-llama/Meta-Llama-3.1-8B-Instruct,0e9e39f249a16976918f6564b8830bc894c89659
37,heldout,8,64,3,6,random_positions,2.5,-1.25,-1.125,0.125,False,False,meta-llama/Meta-Llama-3.1-8B-Instruct,0e9e39f249a16976918f6564b8830bc894c89659
37,heldout,8,64,3,7,answer_position,2.5,-1.25,-1.375,-0.125,False,False,meta-llama/Meta-Llama-3.1-8B-Instruct,0e9e39f249a16976918f6564b8830bc894c89659
37,heldout,8,64,3,7,number_tokens,2.5,-1.25,-1.625,-0.375,False,False,meta-llama/Meta-Llama-3.1-8B-Instruct,0e9e39f249a16976918f6564b8830bc894c89659
37,heldout,8,64,3,7,random_positions,2.5,-1.25,-1.125,0.125,False,False,meta-llama/Meta-Llama-3.1-8B-Instruct,0e9e39f249a16976918f6564b8830bc894c89659
37,heldout,8,64,3,8,answer_position,2.5,-1.25,-1.25,0.0,False,False,meta-llama/Meta-Llama-3.1-8B-Instruct,0e9e39f249a16976918f6564b8830bc894c89659
37,heldout,8,64,3,8,number_tokens,2.5,-1.25,0.0,1.25,False,False,meta-llama/Meta-Llama-3.1-8B-Instruct,0e9e39f249a16976918f6564b8830bc894c89659
37,heldout,8,64,3,8,random_positions,2.5,-1.25,-1.25,0.0,False,False,meta-llama/Meta-Llama-3.1-8B-Instruct,0e9e39f249a16976918f6564b8830bc894c89659
37,heldout,8,64,3,9,answer_position,2.5,-1.25,-1.375,-0.125,False,False,meta-llama/Meta-Llama-3.1-8B-Instruct,0e9e39f249a16976918f6564b8830bc894c89659
37,heldout,8,64,3,9,number_tokens,2.5,-1.25,-0.375,0.875,False,False,meta-llama/Meta-Llama-3.1-8B-Instruct,0e9e39f249a16976918f6564b8830bc894c89659
37,heldout,8,64,3,9,random_positions,2.5,-1.25,-0.875,0.375,False,False,meta-llama/Meta-Llama-3.1-8B-Instruct,0e9e39f249a16976918f6564b8830bc894c89659
37,heldout,8,64,3,10,answer_position,2.5,-1.25,-1.25,0.0,False,False,meta-llama/Meta-Llama-3.1-8B-Instruct,0e9e39f249a16976918f6564b8830bc894c89659
37,heldout,8,64,3,10,number_tokens,2.5,-1.25,-0.125,1.125,False,False,meta-llama/Meta-Llama-3.1-8B-Instruct,0e9e39f249a16976918f6564b8830bc894c89659
37,heldout,8,64,3,10,random_positions,2.5,-1.25,-0.875,0.375,False,False,meta-llama/Meta-Llama-3.1-8B-Instruct,0e9e39f249a16976918f6564b8830bc894c89659
37,heldout,8,64,3,11,answer_position,2.5,-1.25,-1.25,0.0,False,False,meta-llama/Meta-Llama-3.1-8B-Instruct,0e9e39f249a16976918f6564b8830bc894c89659
37,heldout,8,64,3,11,number_tokens,2.5,-1.25,-0.625,0.625,False,False,meta-llama/Meta-Llama-3.1-8B-Instruct,0e9e39f249a16976918f6564b8830bc894c89659
37,heldout,8,64,3,11,random_positions,2.5,-1.25,-0.5,0.75,False,False,meta-llama/Meta-Llama-3.1-8B-Instruct,0e9e39f249a16976918f6564b8830bc894c89659
37,heldout,8,64,3,12,answer_position,2.5,-1.25,-1.25,0.0,False,False,meta-llama/Meta-Llama-3.1-8B-Instruct,0e9e39f249a16976918f6564b8830bc894c89659
37,heldout,8,64,3,12,number_tokens,2.5,-1.25,-0.875,0.375,False,False,meta-llama/Meta-Llama-3.1-8B-Instruct,0e9e39f249a16976918f6564b8830bc894c89659
37,heldout,8,64,3,12,random_positions,2.5,-1.25,-0.5,0.75,False,False,meta-llama/Meta-Llama-3.1-8B-Instruct,0e9e39f249a16976918f6564b8830bc894c89659
37,heldout,8,64,3,13,answer_position,2.5,-1.25,-0.875,0.375,False,False,meta-llama/Meta-Llama-3.1-8B-Instruct,0e9e39f249a16976918f6564b8830bc894c89659
37,heldout,8,64,3,13,number_tokens,2.5,-1.25,-1.125,0.125,False,False,meta-llama/Meta-Llama-3.1-8B-Instruct,0e9e39f249a16976918f6564b8830bc894c89659
37,heldout,8,64,3,13,random_positions,2.5,-1.25,-0.375,0.875,False,False,meta-llama/Meta-Llama-3.1-8B-Instruct,0e9e39f249a16976918f6564b8830bc894c89659
37,heldout,8,64,3,14,answer_position,2.5,-1.25,-0.25,1.0,False,False,meta-llama/Meta-Llama-3.1-8B-Instruct,0e9e39f249a16976918f6564b8830bc894c89659
37,heldout,8,64,3,14,number_tokens,2.5,-1.25,-1.375,-0.125,False,False,meta-llama/Meta-Llama-3.1-8B-Instruct,0e9e39f249a16976918f6564b8830bc894c89659
37,heldout,8,64,3,14,random_positions,2.5,-1.25,-0.5,0.75,False,False,meta-llama/Meta-Llama-3.1-8B-Instruct,0e9e39f249a16976918f6564b8830bc894c89659
37,heldout,8,64,3,15,answer_position,2.5,-1.25,0.25,1.5,False,True,meta-llama/Meta-Llama-3.1-8B-Instruct,0e9e39f249a16976918f6564b8830bc894c89659
37,heldout,8,64,3,15,number_tokens,2.5,-1.25,-1.5,-0.25,False,False,meta-llama/Meta-Llama-3.1-8B-Instruct,0e9e39f249a16976918f6564b8830bc894c89659
37,heldout,8,64,3,15,random_positions,2.5,-1.25,-0.5,0.75,False,False,meta-llama/Meta-Llama-3.1-8B-Instruct,0e9e39f249a16976918f6564b8830bc894c89659
37,heldout,8,64,3,16,answer_position,2.5,-1.25,-0.5,0.75,False,False,meta-llama/Meta-Llama-3.1-8B-Instruct,0e9e39f249a16976918f6564b8830bc894c89659
37,heldout,8,64,3,16,number_tokens,2.5,-1.25,-1.25,0.0,False,False,meta-llama/Meta-Llama-3.1-8B-Instruct,0e9e39f249a16976918f6564b8830bc894c89659
37,heldout,8,64,3,16,random_positions,2.5,-1.25,-0.5,0.75,False,False,meta-llama/Meta-Llama-3.1-8B-Instruct,0e9e39f249a16976918f6564b8830bc894c89659
37,heldout,8,64,3,17,answer_position,2.5,-1.25,2.25,3.5,False,True,meta-llama/Meta-Llama-3.1-8B-Instruct,0e9e39f249a16976918f6564b8830bc894c89659
37,heldout,8,64,3,17,number_tokens,2.5,-1.25,-1.25,0.0,False,False,meta-llama/Meta-Llama-3.1-8B-Instruct,0e9e39f249a16976918f6564b8830bc894c89659
37,heldout,8,64,3,17,random_positions,2.5,-1.25,-0.875,0.375,False,False,meta-llama/Meta-Llama-3.1-8B-Instruct,0e9e39f249a16976918f6564b8830bc894c89659
37,heldout,8,64,3,18,answer_position,2.5,-1.25,2.375,3.625,False,True,meta-llama/Meta-Llama-3.1-8B-Instruct,0e9e39f249a16976918f6564b8830bc894c89659
37,heldout,8,64,3,18,number_tokens,2.5,-1.25,-1.25,0.0,False,False,meta-llama/Meta-Llama-3.1-8B-Instruct,0e9e39f249a16976918f6564b8830bc894c89659
37,heldout,8,64,3,18,random_positions,2.5,-1.25,-1.125,0.125,False,False,meta-llama/Meta-Llama-3.1-8B-Instruct,0e9e39f249a16976918f6564b8830bc894c89659
37,heldout,8,64,3,19,answer_position,2.5,-1.25,2.375,3.625,False,True,meta-llama/Meta-Llama-3.1-8B-Instruct,0e9e39f249a16976918f6564b8830bc894c89659
37,heldout,8,64,3,19,number_tokens,2.5,-1.25,-1.25,0.0,False,False,meta-llama/Meta-Llama-3.1-8B-Instruct,0e9e39f249a16976918f6564b8830bc894c89659
37,heldout,8,64,3,19,random_positions,2.5,-1.25,-1.25,0.0,False,False,meta-llama/Meta-Llama-3.1-8B-Instruct,0e9e39f249a16976918f6564b8830bc894c89659
37,heldout,8,64,3,20,answer_position,2.5,-1.25,2.375,3.625,False,True,meta-llama/Meta-Llama-3.1-8B-Instruct,0e9e39f249a16976918f6564b8830bc894c89659
37,heldout,8,64,3,20,number_tokens,2.5,-1.25,-1.25,0.0,False,False,meta-llama/Meta-Llama-3.1-8B-Instruct,0e9e39f249a16976918f6564b8830bc894c89659
37,heldout,8,64,3,20,random_positions,2.5,-1.25,-1.25,0.0,False,False,meta-llama/Meta-Llama-3.1-8B-Instruct,0e9e39f249a16976918f6564b8830bc894c89659
37,heldout,8,64,3,21,answer_position,2.5,-1.25,2.5,3.75,False,True,meta-llama/Meta-Llama-3.1-8B-Instruct,0e9e39f249a16976918f6564b8830bc894c89659
37,heldout,8,64,3,21,number_tokens,2.5,-1.25,-1.25,0.0,False,False,meta-llama/Meta-Llama-3.1-8B-Instruct,0e9e39f249a16976918f6564b8830bc894c89659
37,heldout,8,64,3,21,random_positions,2.5,-1.25,-1.25,0.0,False,False,meta-llama/Meta-Llama-3.1-8B-Instruct,0e9e39f249a16976918f6564b8830bc894c89659
37,heldout,8,64,3,22,answer_position,2.5,-1.25,2.375,3.625,False,True,meta-llama/Meta-Llama-3.1-8B-Instruct,0e9e39f249a16976918f6564b8830bc894c89659
37,heldout,8,64,3,22,number_tokens,2.5,-1.25,-1.25,0.0,False,False,meta-llama/Meta-Llama-3.1-8B-Instruct,0e9e39f249a16976918f6564b8830bc894c89659
37,heldout,8,64,3,22,random_positions,2.5,-1.25,-1.25,0.0,False,False,meta-llama/Meta-Llama-3.1-8B-Instruct,0e9e39f249a16976918f6564b8830bc894c89659
37,heldout,8,64,3,23,answer_position,2.5,-1.25,2.375,3.625,False,True,meta-llama/Meta-Llama-3.1-8B-Instruct,0e9e39f249a16976918f6564b8830bc894c89659
37,heldout,8,64,3,23,number_tokens,2.5,-1.25,-1.25,0.0,False,False,meta-llama/Meta-Llama-3.1-8B-Instruct,0e9e39f249a16976918f6564b8830bc894c89659
37,heldout,8,64,3,23,random_positions,2.5,-1.25,-1.25,0.0,False,False,meta-llama/Meta-Llama-3.1-8B-Instruct,0e9e39f249a16976918f6564b8830bc894c89659
37,heldout,8,64,3,24,answer_position,2.5,-1.25,2.375,3.625,False,True,meta-llama/Meta-Llama-3.1-8B-Instruct,0e9e39f249a16976918f6564b8830bc894c89659
37,heldout,8,64,3,24,number_tokens,2.5,-1.25,-1.25,0.0,False,False,meta-llama/Meta-Llama-3.1-8B-Instruct,0e9e39f249a16976918f6564b8830bc894c89659
37,heldout,8,64,3,24,random_positions,2.5,-1.25,-1.25,0.0,False,False,meta-llama/Meta-Llama-3.1-8B-Instruct,0e9e39f249a16976918f6564b8830bc894c89659
37,heldout,8,64,3,25,answer_position,2.5,-1.25,2.375,3.625,False,True,meta-llama/Meta-Llama-3.1-8B-Instruct,0e9e39f249a16976918f6564b8830bc894c89659
37,heldout,8,64,3,25,number_tokens,2.5,-1.25,-1.25,0.0,False,False,meta-llama/Meta-Llama-3.1-8B-Instruct,0e9e39f249a16976918f6564b8830bc894c89659
37,heldout,8,64,3,25,random_positions,2.5,-1.25,-1.25,0.0,False,False,meta-llama/Meta-Llama-3.1-8B-Instruct,0e9e39f249a16976918f6564b8830bc894c89659
37,heldout,8,64,3,26,answer_position,2.5,-1.25,2.375,3.625,False,True,meta-llama/Meta-Llama-3.1-8B-Instruct,0e9e39f249a16976918f6564b8830bc894c89659
37,heldout,8,64,3,26,number_tokens,2.5,-1.25,-1.25,0.0,False,False,meta-llama/Meta-Llama-3.1-8B-Instruct,0e9e39f249a16976918f6564b8830bc894c89659
37,heldout,8,64,3,26,random_positions,2.5,-1.25,-1.25,0.0,False,False,meta-llama/Meta-Llama-3.1-8B-Instruct,0e9e39f249a16976918f6564b8830bc894c89659
37,heldout,8,64,3,27,answer_position,2.5,-1.25,2.375,3.625,False,True,meta-llama/Meta-Llama-3.1-8B-Instruct,0e9e39f249a16976918f6564b8830bc894c89659
37,heldout,8,64,3,27,number_tokens,2.5,-1.25,-1.25,0.0,False,False,meta-llama/Meta-Llama-3.1-8B-Instruct,0e9e39f249a16976918f6564b8830bc894c89659
37,heldout,8,64,3,27,random_positions,2.5,-1.25,-1.25,0.0,False,False,meta-llama/Meta-Llama-3.1-8B-Instruct,0e9e39f249a16976918f6564b8830bc894c89659
37,heldout,8,64,3,28,answer_position,2.5,-1.25,2.5,3.75,False,True,meta-llama/Meta-Llama-3.1-8B-Instruct,0e9e39f249a16976918f6564b8830bc894c89659
37,heldout,8,64,3,28,number_tokens,2.5,-1.25,-1.25,0.0,False,False,meta-llama/Meta-Llama-3.1-8B-Instruct,0e9e39f249a16976918f6564b8830bc894c89659
37,heldout,8,64,3,28,random_positions,2.5,-1.25,-1.25,0.0,False,False,meta-llama/Meta-Llama-3.1-8B-Instruct,0e9e39f249a16976918f6564b8830bc894c89659
37,heldout,8,64,3,29,answer_position,2.5,-1.25,2.5,3.75,False,True,meta-llama/Meta-Llama-3.1-8B-Instruct,0e9e39f249a16976918f6564b8830bc894c89659
37,heldout,8,64,3,29,number_tokens,2.5,-1.25,-1.25,0.0,False,False,meta-llama/Meta-Llama-3.1-8B-Instruct,0e9e39f249a16976918f6564b8830bc894c89659
37,heldout,8,64,3,29,random_positions,2.5,-1.25,-1.25,0.0,False,False,meta-llama/Meta-Llama-3.1-8B-Instruct,0e9e39f249a16976918f6564b8830bc894c89659
37,heldout,8,64,3,30,answer_position,2.5,-1.25,2.5,3.75,False,True,meta-llama/Meta-Llama-3.1-8B-Instruct,0e9e39f249a16976918f6564b8830bc894c89659
37,heldout,8,64,3,30,number_tokens,2.5,-1.25,-1.25,0.0,False,False,meta-llama/Meta-Llama-3.1-8B-Instruct,0e9e39f249a16976918f6564b8830bc894c89659
37,heldout,8,64,3,30,random_positions,2.5,-1.25,-1.25,0.0,False,False,meta-llama/Meta-Llama-3.1-8B-Instruct,0e9e39f249a16976918f6564b8830bc894c89659
37,heldout,8,64,3,31,answer_position,2.5,-1.25,2.5,3.75,False,True,meta-llama/Meta-Llama-3.1-8B-Instruct,0e9e39f249a16976918f6564b8830bc894c89659
37,heldout,8,64,3,31,number_tokens,2.5,-1.25,-1.25,0.0,False,False,meta-llama/Meta-Llama-3.1-8B-Instruct,0e9e39f249a16976918f6564b8830bc894c89659
37,heldout,8,64,3,31,random_positions,2.5,-1.25,-1.25,0.0,False,False,meta-llama/Meta-Llama-3.1-8B-Instruct,0e9e39f249a16976918f6564b8830bc894c89659
38,heldout,8,65,4,0,answer_position,2.125,-0.75,-0.875,-0.125,False,False,meta-llama/Meta-Llama-3.1-8B-Instruct,0e9e39f249a16976918f6564b8830bc894c89659
38,heldout,8,65,4,0,number_tokens,2.125,-0.75,-0.875,-0.125,False,False,meta-llama/Meta-Llama-3.1-8B-Instruct,0e9e39f249a16976918f6564b8830bc894c89659
38,heldout,8,65,4,0,random_positions,2.125,-0.75,-0.625,0.125,False,False,meta-llama/Meta-Llama-3.1-8B-Instruct,0e9e39f249a16976918f6564b8830bc894c89659
38,heldout,8,65,4,1,answer_position,2.125,-0.75,-0.875,-0.125,False,False,meta-llama/Meta-Llama-3.1-8B-Instruct,0e9e39f249a16976918f6564b8830bc894c89659
38,heldout,8,65,4,1,number_tokens,2.125,-0.75,-0.875,-0.125,False,False,meta-llama/Meta-Llama-3.1-8B-Instruct,0e9e39f249a16976918f6564b8830bc894c89659
38,heldout,8,65,4,1,random_positions,2.125,-0.75,-0.875,-0.125,False,False,meta-llama/Meta-Llama-3.1-8B-Instruct,0e9e39f249a16976918f6564b8830bc894c89659
38,heldout,8,65,4,2,answer_position,2.125,-0.75,-0.875,-0.125,False,False,meta-llama/Meta-Llama-3.1-8B-Instruct,0e9e39f249a16976918f6564b8830bc894c89659
38,heldout,8,65,4,2,number_tokens,2.125,-0.75,-1.75,-1.0,False,False,meta-llama/Meta-Llama-3.1-8B-Instruct,0e9e39f249a16976918f6564b8830bc894c89659
38,heldout,8,65,4,2,random_positions,2.125,-0.75,-0.625,0.125,False,False,meta-llama/Meta-Llama-3.1-8B-Instruct,0e9e39f249a16976918f6564b8830bc894c89659
38,heldout,8,65,4,3,answer_position,2.125,-0.75,-0.875,-0.125,False,False,meta-llama/Meta-Llama-3.1-8B-Instruct,0e9e39f249a16976918f6564b8830bc894c89659
38,heldout,8,65,4,3,number_tokens,2.125,-0.75,-1.875,-1.125,False,False,meta-llama/Meta-Llama-3.1-8B-Instruct,0e9e39f249a16976918f6564b8830bc894c89659
38,heldout,8,65,4,3,random_positions,2.125,-0.75,-0.75,0.0,False,False,meta-llama/Meta-Llama-3.1-8B-Instruct,0e9e39f249a16976918f6564b8830bc894c89659
38,heldout,8,65,4,4,answer_position,2.125,-0.75,-0.875,-0.125,False,False,meta-llama/Meta-Llama-3.1-8B-Instruct,0e9e39f249a16976918f6564b8830bc894c89659
38,heldout,8,65,4,4,number_tokens,2.125,-0.75,-1.5,-0.75,False,False,meta-llama/Meta-Llama-3.1-8B-Instruct,0e9e39f249a16976918f6564b8830bc894c89659
38,heldout,8,65,4,4,random_positions,2.125,-0.75,-0.875,-0.125,False,False,meta-llama/Meta-Llama-3.1-8B-Instruct,0e9e39f249a16976918f6564b8830bc894c89659
38,heldout,8,65,4,5,answer_position,2.125,-0.75,-0.75,0.0,False,False,meta-llama/Meta-Llama-3.1-8B-Instruct,0e9e39f249a16976918f6564b8830bc894c89659
38,heldout,8,65,4,5,number_tokens,2.125,-0.75,-4.5,-3.75,False,False,meta-llama/Meta-Llama-3.1-8B-Instruct,0e9e39f249a16976918f6564b8830bc894c89659
38,heldout,8,65,4,5,random_positions,2.125,-0.75,-0.75,0.0,False,False,meta-llama/Meta-Llama-3.1-8B-Instruct,0e9e39f249a16976918f6564b8830bc894c89659
38,heldout,8,65,4,6,answer_position,2.125,-0.75,-0.875,-0.125,False,False,meta-llama/Meta-Llama-3.1-8B-Instruct,0e9e39f249a16976918f6564b8830bc894c89659
38,heldout,8,65,4,6,number_tokens,2.125,-0.75,-3.375,-2.625,False,False,meta-llama/Meta-Llama-3.1-8B-Instruct,0e9e39f249a16976918f6564b8830bc894c89659
38,heldout,8,65,4,6,random_positions,2.125,-0.75,-0.75,0.0,False,False,meta-llama/Meta-Llama-3.1-8B-Instruct,0e9e39f249a16976918f6564b8830bc894c89659
38,heldout,8,65,4,7,answer_position,2.125,-0.75,-0.875,-0.125,False,False,meta-llama/Meta-Llama-3.1-8B-Instruct,0e9e39f249a16976918f6564b8830bc894c89659
38,heldout,8,65,4,7,number_tokens,2.125,-0.75,-1.5,-0.75,False,False,meta-llama/Meta-Llama-3.1-8B-Instruct,0e9e39f249a16976918f6564b8830bc894c89659
38,heldout,8,65,4,7,random_positions,2.125,-0.75,-0.75,0.0,False,False,meta-llama/Meta-Llama-3.1-8B-Instruct,0e9e39f249a16976918f6564b8830bc894c89659
38,heldout,8,65,4,8,answer_position,2.125,-0.75,-0.875,-0.125,False,False,meta-llama/Meta-Llama-3.1-8B-Instruct,0e9e39f249a16976918f6564b8830bc894c89659
38,heldout,8,65,4,8,number_tokens,2.125,-0.75,0.0,0.75,False,False,meta-llama/Meta-Llama-3.1-8B-Instruct,0e9e39f249a16976918f6564b8830bc894c89659
38,heldout,8,65,4,8,random_positions,2.125,-0.75,-0.875,-0.125,False,False,meta-llama/Meta-Llama-3.1-8B-Instruct,0e9e39f249a16976918f6564b8830bc894c89659
38,heldout,8,65,4,9,answer_position,2.125,-0.75,-0.875,-0.125,False,False,meta-llama/Meta-Llama-3.1-8B-Instruct,0e9e39f249a16976918f6564b8830bc894c89659
38,heldout,8,65,4,9,number_tokens,2.125,-0.75,0.0,0.75,False,False,meta-llama/Meta-Llama-3.1-8B-Instruct,0e9e39f249a16976918f6564b8830bc894c89659
38,heldout,8,65,4,9,random_positions,2.125,-0.75,-0.875,-0.125,False,False,meta-llama/Meta-Llama-3.1-8B-Instruct,0e9e39f249a16976918f6564b8830bc894c89659
38,heldout,8,65,4,10,answer_position,2.125,-0.75,-0.875,-0.125,False,False,meta-llama/Meta-Llama-3.1-8B-Instruct,0e9e39f249a16976918f6564b8830bc894c89659
38,heldout,8,65,4,10,number_tokens,2.125,-0.75,0.125,0.875,False,True,meta-llama/Meta-Llama-3.1-8B-Instruct,0e9e39f249a16976918f6564b8830bc894c89659
38,heldout,8,65,4,10,random_positions,2.125,-0.75,-0.875,-0.125,False,False,meta-llama/Meta-Llama-3.1-8B-Instruct,0e9e39f249a16976918f6564b8830bc894c89659
38,heldout,8,65,4,11,answer_position,2.125,-0.75,-0.875,-0.125,False,False,meta-llama/Meta-Llama-3.1-8B-Instruct,0e9e39f249a16976918f6564b8830bc894c89659
38,heldout,8,65,4,11,number_tokens,2.125,-0.75,-0.125,0.625,False,False,meta-llama/Meta-Llama-3.1-8B-Instruct,0e9e39f249a16976918f6564b8830bc894c89659
38,heldout,8,65,4,11,random_positions,2.125,-0.75,-0.75,0.0,False,False,meta-llama/Meta-Llama-3.1-8B-Instruct,0e9e39f249a16976918f6564b8830bc894c89659
38,heldout,8,65,4,12,answer_position,2.125,-0.75,-0.75,0.0,False,False,meta-llama/Meta-Llama-3.1-8B-Instruct,0e9e39f249a16976918f6564b8830bc894c89659
38,heldout,8,65,4,12,number_tokens,2.125,-0.75,-0.375,0.375,False,False,meta-llama/Meta-Llama-3.1-8B-Instruct,0e9e39f249a16976918f6564b8830bc894c89659
38,heldout,8,65,4,12,random_positions,2.125,-0.75,-0.875,-0.125,False,False,meta-llama/Meta-Llama-3.1-8B-Instruct,0e9e39f249a16976918f6564b8830bc894c89659
38,heldout,8,65,4,13,answer_position,2.125,-0.75,-0.375,0.375,False,False,meta-llama/Meta-Llama-3.1-8B-Instruct,0e9e39f249a16976918f6564b8830bc894c89659
38,heldout,8,65,4,13,number_tokens,2.125,-0.75,-0.625,0.125,False,False,meta-llama/Meta-Llama-3.1-8B-Instruct,0e9e39f249a16976918f6564b8830bc894c89659
38,heldout,8,65,4,13,random_positions,2.125,-0.75,-0.5,0.25,False,False,meta-llama/Meta-Llama-3.1-8B-Instruct,0e9e39f249a16976918f6564b8830bc894c89659
38,heldout,8,65,4,14,answer_position,2.125,-0.75,0.25,1.0,False,True,meta-llama/Meta-Llama-3.1-8B-Instruct,0e9e39f249a16976918f6564b8830bc894c89659
38,heldout,8,65,4,14,number_tokens,2.125,-0.75,-0.625,0.125,False,False,meta-llama/Meta-Llama-3.1-8B-Instruct,0e9e39f249a16976918f6564b8830bc894c89659
38,heldout,8,65,4,14,random_positions,2.125,-0.75,-0.625,0.125,False,False,meta-llama/Meta-Llama-3.1-8B-Instruct,0e9e39f249a16976918f6564b8830bc894c89659
38,heldout,8,65,4,15,answer_position,2.125,-0.75,0.625,1.375,False,True,meta-llama/Meta-Llama-3.1-8B-Instruct,0e9e39f249a16976918f6564b8830bc894c89659
38,heldout,8,65,4,15,number_tokens,2.125,-0.75,-1.0,-0.25,False,False,meta-llama/Meta-Llama-3.1-8B-Instruct,0e9e39f249a16976918f6564b8830bc894c89659
38,heldout,8,65,4,15,random_positions,2.125,-0.75,-0.5,0.25,False,False,meta-llama/Meta-Llama-3.1-8B-Instruct,0e9e39f249a16976918f6564b8830bc894c89659
38,heldout,8,65,4,16,answer_position,2.125,-0.75,-0.125,0.625,False,False,meta-llama/Meta-Llama-3.1-8B-Instruct,0e9e39f249a16976918f6564b8830bc894c89659
38,heldout,8,65,4,16,number_tokens,2.125,-0.75,-0.875,-0.125,False,False,meta-llama/Meta-Llama-3.1-8B-Instruct,0e9e39f249a16976918f6564b8830bc894c89659
38,heldout,8,65,4,16,random_positions,2.125,-0.75,-0.5,0.25,False,False,meta-llama/Meta-Llama-3.1-8B-Instruct,0e9e39f249a16976918f6564b8830bc894c89659
38,heldout,8,65,4,17,answer_position,2.125,-0.75,1.875,2.625,False,True,meta-llama/Meta-Llama-3.1-8B-Instruct,0e9e39f249a16976918f6564b8830bc894c89659
38,heldout,8,65,4,17,number_tokens,2.125,-0.75,-0.875,-0.125,False,False,meta-llama/Meta-Llama-3.1-8B-Instruct,0e9e39f249a16976918f6564b8830bc894c89659
38,heldout,8,65,4,17,random_positions,2.125,-0.75,-0.75,0.0,False,False,meta-llama/Meta-Llama-3.1-8B-Instruct,0e9e39f249a16976918f6564b8830bc894c89659
38,heldout,8,65,4,18,answer_position,2.125,-0.75,1.875,2.625,False,True,meta-llama/Meta-Llama-3.1-8B-Instruct,0e9e39f249a16976918f6564b8830bc894c89659
38,heldout,8,65,4,18,number_tokens,2.125,-0.75,-0.875,-0.125,False,False,meta-llama/Meta-Llama-3.1-8B-Instruct,0e9e39f249a16976918f6564b8830bc894c89659
38,heldout,8,65,4,18,random_positions,2.125,-0.75,-0.75,0.0,False,False,meta-llama/Meta-Llama-3.1-8B-Instruct,0e9e39f249a16976918f6564b8830bc894c89659
38,heldout,8,65,4,19,answer_position,2.125,-0.75,1.75,2.5,False,True,meta-llama/Meta-Llama-3.1-8B-Instruct,0e9e39f249a16976918f6564b8830bc894c89659
38,heldout,8,65,4,19,number_tokens,2.125,-0.75,-0.875,-0.125,False,False,meta-llama/Meta-Llama-3.1-8B-Instruct,0e9e39f249a16976918f6564b8830bc894c89659
38,heldout,8,65,4,19,random_positions,2.125,-0.75,-0.75,0.0,False,False,meta-llama/Meta-Llama-3.1-8B-Instruct,0e9e39f249a16976918f6564b8830bc894c89659
38,heldout,8,65,4,20,answer_position,2.125,-0.75,1.875,2.625,False,True,meta-llama/Meta-Llama-3.1-8B-Instruct,0e9e39f249a16976918f6564b8830bc894c89659
38,heldout,8,65,4,20,number_tokens,2.125,-0.75,-0.875,-0.125,False,False,meta-llama/Meta-Llama-3.1-8B-Instruct,0e9e39f249a16976918f6564b8830bc894c89659
38,heldout,8,65,4,20,random_positions,2.125,-0.75,-0.75,0.0,False,False,meta-llama/Meta-Llama-3.1-8B-Instruct,0e9e39f249a16976918f6564b8830bc894c89659
38,heldout,8,65,4,21,answer_position,2.125,-0.75,1.875,2.625,False,True,meta-llama/Meta-Llama-3.1-8B-Instruct,0e9e39f249a16976918f6564b8830bc894c89659
38,heldout,8,65,4,21,number_tokens,2.125,-0.75,-0.875,-0.125,False,False,meta-llama/Meta-Llama-3.1-8B-Instruct,0e9e39f249a16976918f6564b8830bc894c89659
38,heldout,8,65,4,21,random_positions,2.125,-0.75,-0.875,-0.125,False,False,meta-llama/Meta-Llama-3.1-8B-Instruct,0e9e39f249a16976918f6564b8830bc894c89659
38,heldout,8,65,4,22,answer_position,2.125,-0.75,1.875,2.625,False,True,meta-llama/Meta-Llama-3.1-8B-Instruct,0e9e39f249a16976918f6564b8830bc894c89659
38,heldout,8,65,4,22,number_tokens,2.125,-0.75,-0.875,-0.125,False,False,meta-llama/Meta-Llama-3.1-8B-Instruct,0e9e39f249a16976918f6564b8830bc894c89659
38,heldout,8,65,4,22,random_positions,2.125,-0.75,-0.75,0.0,False,False,meta-llama/Meta-Llama-3.1-8B-Instruct,0e9e39f249a16976918f6564b8830bc894c89659
38,heldout,8,65,4,23,answer_position,2.125,-0.75,1.875,2.625,False,True,meta-llama/Meta-Llama-3.1-8B-Instruct,0e9e39f249a16976918f6564b8830bc894c89659
38,heldout,8,65,4,23,number_tokens,2.125,-0.75,-0.75,0.0,False,False,meta-llama/Meta-Llama-3.1-8B-Instruct,0e9e39f249a16976918f6564b8830bc894c89659
38,heldout,8,65,4,23,random_positions,2.125,-0.75,-0.75,0.0,False,False,meta-llama/Meta-Llama-3.1-8B-Instruct,0e9e39f249a16976918f6564b8830bc894c89659
38,heldout,8,65,4,24,answer_position,2.125,-0.75,2.0,2.75,False,True,meta-llama/Meta-Llama-3.1-8B-Instruct,0e9e39f249a16976918f6564b8830bc894c89659
38,heldout,8,65,4,24,number_tokens,2.125,-0.75,-0.875,-0.125,False,False,meta-llama/Meta-Llama-3.1-8B-Instruct,0e9e39f249a16976918f6564b8830bc894c89659
38,heldout,8,65,4,24,random_positions,2.125,-0.75,-0.875,-0.125,False,False,meta-llama/Meta-Llama-3.1-8B-Instruct,0e9e39f249a16976918f6564b8830bc894c89659
38,heldout,8,65,4,25,answer_position,2.125,-0.75,1.875,2.625,False,True,meta-llama/Meta-Llama-3.1-8B-Instruct,0e9e39f249a16976918f6564b8830bc894c89659
38,heldout,8,65,4,25,number_tokens,2.125,-0.75,-0.75,0.0,False,False,meta-llama/Meta-Llama-3.1-8B-Instruct,0e9e39f249a16976918f6564b8830bc894c89659
38,heldout,8,65,4,25,random_positions,2.125,-0.75,-0.875,-0.125,False,False,meta-llama/Meta-Llama-3.1-8B-Instruct,0e9e39f249a16976918f6564b8830bc894c89659
38,heldout,8,65,4,26,answer_position,2.125,-0.75,2.0,2.75,False,True,meta-llama/Meta-Llama-3.1-8B-Instruct,0e9e39f249a16976918f6564b8830bc894c89659
38,heldout,8,65,4,26,number_tokens,2.125,-0.75,-0.875,-0.125,False,False,meta-llama/Meta-Llama-3.1-8B-Instruct,0e9e39f249a16976918f6564b8830bc894c89659
38,heldout,8,65,4,26,random_positions,2.125,-0.75,-0.875,-0.125,False,False,meta-llama/Meta-Llama-3.1-8B-Instruct,0e9e39f249a16976918f6564b8830bc894c89659
38,heldout,8,65,4,27,answer_position,2.125,-0.75,1.875,2.625,False,True,meta-llama/Meta-Llama-3.1-8B-Instruct,0e9e39f249a16976918f6564b8830bc894c89659
38,heldout,8,65,4,27,number_tokens,2.125,-0.75,-0.875,-0.125,False,False,meta-llama/Meta-Llama-3.1-8B-Instruct,0e9e39f249a16976918f6564b8830bc894c89659
38,heldout,8,65,4,27,random_positions,2.125,-0.75,-0.75,0.0,False,False,meta-llama/Meta-Llama-3.1-8B-Instruct,0e9e39f249a16976918f6564b8830bc894c89659
38,heldout,8,65,4,28,answer_position,2.125,-0.75,2.0,2.75,False,True,meta-llama/Meta-Llama-3.1-8B-Instruct,0e9e39f249a16976918f6564b8830bc894c89659
38,heldout,8,65,4,28,number_tokens,2.125,-0.75,-0.875,-0.125,False,False,meta-llama/Meta-Llama-3.1-8B-Instruct,0e9e39f249a16976918f6564b8830bc894c89659
38,heldout,8,65,4,28,random_positions,2.125,-0.75,-0.875,-0.125,False,False,meta-llama/Meta-Llama-3.1-8B-Instruct,0e9e39f249a16976918f6564b8830bc894c89659
38,heldout,8,65,4,29,answer_position,2.125,-0.75,2.0,2.75,False,True,meta-llama/Meta-Llama-3.1-8B-Instruct,0e9e39f249a16976918f6564b8830bc894c89659
38,heldout,8,65,4,29,number_tokens,2.125,-0.75,-0.875,-0.125,False,False,meta-llama/Meta-Llama-3.1-8B-Instruct,0e9e39f249a16976918f6564b8830bc894c89659
38,heldout,8,65,4,29,random_positions,2.125,-0.75,-0.875,-0.125,False,False,meta-llama/Meta-Llama-3.1-8B-Instruct,0e9e39f249a16976918f6564b8830bc894c89659
38,heldout,8,65,4,30,answer_position,2.125,-0.75,2.125,2.875,False,True,meta-llama/Meta-Llama-3.1-8B-Instruct,0e9e39f249a16976918f6564b8830bc894c89659
38,heldout,8,65,4,30,number_tokens,2.125,-0.75,-0.875,-0.125,False,False,meta-llama/Meta-Llama-3.1-8B-Instruct,0e9e39f249a16976918f6564b8830bc894c89659
38,heldout,8,65,4,30,random_positions,2.125,-0.75,-0.75,0.0,False,False,meta-llama/Meta-Llama-3.1-8B-Instruct,0e9e39f249a16976918f6564b8830bc894c89659
38,heldout,8,65,4,31,answer_position,2.125,-0.75,2.125,2.875,False,True,meta-llama/Meta-Llama-3.1-8B-Instruct,0e9e39f249a16976918f6564b8830bc894c89659
38,heldout,8,65,4,31,number_tokens,2.125,-0.75,-0.75,0.0,False,False,meta-llama/Meta-Llama-3.1-8B-Instruct,0e9e39f249a16976918f6564b8830bc894c89659
38,heldout,8,65,4,31,random_positions,2.125,-0.75,-0.75,0.0,False,False,meta-llama/Meta-Llama-3.1-8B-Instruct,0e9e39f249a16976918f6564b8830bc894c89659
39,heldout,8,66,2,0,answer_position,1.125,-2.0,-2.0,0.0,False,False,meta-llama/Meta-Llama-3.1-8B-Instruct,0e9e39f249a16976918f6564b8830bc894c89659
39,heldout,8,66,2,0,number_tokens,1.125,-2.0,-2.0,0.0,False,False,meta-llama/Meta-Llama-3.1-8B-Instruct,0e9e39f249a16976918f6564b8830bc894c89659
39,heldout,8,66,2,0,random_positions,1.125,-2.0,-2.125,-0.125,False,False,meta-llama/Meta-Llama-3.1-8B-Instruct,0e9e39f249a16976918f6564b8830bc894c89659
39,heldout,8,66,2,1,answer_position,1.125,-2.0,-2.0,0.0,False,False,meta-llama/Meta-Llama-3.1-8B-Instruct,0e9e39f249a16976918f6564b8830bc894c89659
39,heldout,8,66,2,1,number_tokens,1.125,-2.0,-2.75,-0.75,False,False,meta-llama/Meta-Llama-3.1-8B-Instruct,0e9e39f249a16976918f6564b8830bc894c89659
39,heldout,8,66,2,1,random_positions,1.125,-2.0,-2.125,-0.125,False,False,meta-llama/Meta-Llama-3.1-8B-Instruct,0e9e39f249a16976918f6564b8830bc894c89659
39,heldout,8,66,2,2,answer_position,1.125,-2.0,-2.0,0.0,False,False,meta-llama/Meta-Llama-3.1-8B-Instruct,0e9e39f249a16976918f6564b8830bc894c89659
39,heldout,8,66,2,2,number_tokens,1.125,-2.0,-5.25,-3.25,False,False,meta-llama/Meta-Llama-3.1-8B-Instruct,0e9e39f249a16976918f6564b8830bc894c89659
39,heldout,8,66,2,2,random_positions,1.125,-2.0,-2.0,0.0,False,False,meta-llama/Meta-Llama-3.1-8B-Instruct,0e9e39f249a16976918f6564b8830bc894c89659
39,heldout,8,66,2,3,answer_position,1.125,-2.0,-2.0,0.0,False,False,meta-llama/Meta-Llama-3.1-8B-Instruct,0e9e39f249a16976918f6564b8830bc894c89659
39,heldout,8,66,2,3,number_tokens,1.125,-2.0,-4.875,-2.875,False,False,meta-llama/Meta-Llama-3.1-8B-Instruct,0e9e39f249a16976918f6564b8830bc894c89659
39,heldout,8,66,2,3,random_positions,1.125,-2.0,-2.0,0.0,False,False,meta-llama/Meta-Llama-3.1-8B-Instruct,0e9e39f249a16976918f6564b8830bc894c89659
39,heldout,8,66,2,4,answer_position,1.125,-2.0,-2.125,-0.125,False,False,meta-llama/Meta-Llama-3.1-8B-Instruct,0e9e39f249a16976918f6564b8830bc894c89659
39,heldout,8,66,2,4,number_tokens,1.125,-2.0,-4.75,-2.75,False,False,meta-llama/Meta-Llama-3.1-8B-Instruct,0e9e39f249a16976918f6564b8830bc894c89659
39,heldout,8,66,2,4,random_positions,1.125,-2.0,-2.125,-0.125,False,False,meta-llama/Meta-Llama-3.1-8B-Instruct,0e9e39f249a16976918f6564b8830bc894c89659
39,heldout,8,66,2,5,answer_position,1.125,-2.0,-2.0,0.0,False,False,meta-llama/Meta-Llama-3.1-8B-Instruct,0e9e39f249a16976918f6564b8830bc894c89659
39,heldout,8,66,2,5,number_tokens,1.125,-2.0,-6.875,-4.875,False,False,meta-llama/Meta-Llama-3.1-8B-Instruct,0e9e39f249a16976918f6564b8830bc894c89659
39,heldout,8,66,2,5,random_positions,1.125,-2.0,-2.0,0.0,False,False,meta-llama/Meta-Llama-3.1-8B-Instruct,0e9e39f249a16976918f6564b8830bc894c89659
39,heldout,8,66,2,6,answer_position,1.125,-2.0,-2.0,0.0,False,False,meta-llama/Meta-Llama-3.1-8B-Instruct,0e9e39f249a16976918f6564b8830bc894c89659
39,heldout,8,66,2,6,number_tokens,1.125,-2.0,-5.125,-3.125,False,False,meta-llama/Meta-Llama-3.1-8B-Instruct,0e9e39f249a16976918f6564b8830bc894c89659
39,heldout,8,66,2,6,random_positions,1.125,-2.0,-2.0,0.0,False,False,meta-llama/Meta-Llama-3.1-8B-Instruct,0e9e39f249a16976918f6564b8830bc894c89659
39,heldout,8,66,2,7,answer_position,1.125,-2.0,-2.0,0.0,False,False,meta-llama/Meta-Llama-3.1-8B-Instruct,0e9e39f249a16976918f6564b8830bc894c89659
39,heldout,8,66,2,7,number_tokens,1.125,-2.0,-2.625,-0.625,False,False,meta-llama/Meta-Llama-3.1-8B-Instruct,0e9e39f249a16976918f6564b8830bc894c89659
39,heldout,8,66,2,7,random_positions,1.125,-2.0,-2.0,0.0,False,False,meta-llama/Meta-Llama-3.1-8B-Instruct,0e9e39f249a16976918f6564b8830bc894c89659
39,heldout,8,66,2,8,answer_position,1.125,-2.0,-2.0,0.0,False,False,meta-llama/Meta-Llama-3.1-8B-Instruct,0e9e39f249a16976918f6564b8830bc894c89659
39,heldout,8,66,2,8,number_tokens,1.125,-2.0,-1.0,1.0,False,False,meta-llama/Meta-Llama-3.1-8B-Instruct,0e9e39f249a16976918f6564b8830bc894c89659
39,heldout,8,66,2,8,random_positions,1.125,-2.0,-2.0,0.0,False,False,meta-llama/Meta-Llama-3.1-8B-Instruct,0e9e39f249a16976918f6564b8830bc894c89659
39,heldout,8,66,2,9,answer_position,1.125,-2.0,-2.125,-0.125,False,False,meta-llama/Meta-Llama-3.1-8B-Instruct,0e9e39f249a16976918f6564b8830bc894c89659
39,heldout,8,66,2,9,number_tokens,1.125,-2.0,-1.625,0.375,False,False,meta-llama/Meta-Llama-3.1-8B-Instruct,0e9e39f249a16976918f6564b8830bc894c89659
39,heldout,8,66,2,9,random_positions,1.125,-2.0,-2.0,0.0,False,False,meta-llama/Meta-Llama-3.1-8B-Instruct,0e9e39f249a16976918f6564b8830bc894c89659
39,heldout,8,66,2,10,answer_position,1.125,-2.0,-2.125,-0.125,False,False,meta-llama/Meta-Llama-3.1-8B-Instruct,0e9e39f249a16976918f6564b8830bc894c89659
39,heldout,8,66,2,10,number_tokens,1.125,-2.0,-1.625,0.375,False,False,meta-llama/Meta-Llama-3.1-8B-Instruct,0e9e39f249a16976918f6564b8830bc894c89659
39,heldout,8,66,2,10,random_positions,1.125,-2.0,-2.0,0.0,False,False,meta-llama/Meta-Llama-3.1-8B-Instruct,0e9e39f249a16976918f6564b8830bc894c89659
39,heldout,8,66,2,11,answer_position,1.125,-2.0,-2.125,-0.125,False,False,meta-llama/Meta-Llama-3.1-8B-Instruct,0e9e39f249a16976918f6564b8830bc894c89659
39,heldout,8,66,2,11,number_tokens,1.125,-2.0,-1.0,1.0,False,False,meta-llama/Meta-Llama-3.1-8B-Instruct,0e9e39f249a16976918f6564b8830bc894c89659
39,heldout,8,66,2,11,random_positions,1.125,-2.0,-2.0,0.0,False,False,meta-llama/Meta-Llama-3.1-8B-Instruct,0e9e39f249a16976918f6564b8830bc894c89659
39,heldout,8,66,2,12,answer_position,1.125,-2.0,-2.0,0.0,False,False,meta-llama/Meta-Llama-3.1-8B-Instruct,0e9e39f249a16976918f6564b8830bc894c89659
39,heldout,8,66,2,12,number_tokens,1.125,-2.0,-1.0,1.0,False,False,meta-llama/Meta-Llama-3.1-8B-Instruct,0e9e39f249a16976918f6564b8830bc894c89659
39,heldout,8,66,2,12,random_positions,1.125,-2.0,-2.0,0.0,False,False,meta-llama/Meta-Llama-3.1-8B-Instruct,0e9e39f249a16976918f6564b8830bc894c89659
39,heldout,8,66,2,13,answer_position,1.125,-2.0,-1.375,0.625,False,False,meta-llama/Meta-Llama-3.1-8B-Instruct,0e9e39f249a16976918f6564b8830bc894c89659
39,heldout,8,66,2,13,number_tokens,1.125,-2.0,-1.5,0.5,False,False,meta-llama/Meta-Llama-3.1-8B-Instruct,0e9e39f249a16976918f6564b8830bc894c89659
39,heldout,8,66,2,13,random_positions,1.125,-2.0,-2.125,-0.125,False,False,meta-llama/Meta-Llama-3.1-8B-Instruct,0e9e39f249a16976918f6564b8830bc894c89659
39,heldout,8,66,2,14,answer_position,1.125,-2.0,-0.375,1.625,False,False,meta-llama/Meta-Llama-3.1-8B-Instruct,0e9e39f249a16976918f6564b8830bc894c89659
39,heldout,8,66,2,14,number_tokens,1.125,-2.0,-2.0,0.0,False,False,meta-llama/Meta-Llama-3.1-8B-Instruct,0e9e39f249a16976918f6564b8830bc894c89659
39,heldout,8,66,2,14,random_positions,1.125,-2.0,-2.0,0.0,False,False,meta-llama/Meta-Llama-3.1-8B-Instruct,0e9e39f249a16976918f6564b8830bc894c89659
39,heldout,8,66,2,15,answer_position,1.125,-2.0,0.0,2.0,False,False,meta-llama/Meta-Llama-3.1-8B-Instruct,0e9e39f249a16976918f6564b8830bc894c89659
39,heldout,8,66,2,15,number_tokens,1.125,-2.0,-2.0,0.0,False,False,meta-llama/Meta-Llama-3.1-8B-Instruct,0e9e39f249a16976918f6564b8830bc894c89659
39,heldout,8,66,2,15,random_positions,1.125,-2.0,-2.125,-0.125,False,False,meta-llama/Meta-Llama-3.1-8B-Instruct,0e9e39f249a16976918f6564b8830bc894c89659
39,heldout,8,66,2,16,answer_position,1.125,-2.0,-0.375,1.625,False,False,meta-llama/Meta-Llama-3.1-8B-Instruct,0e9e39f249a16976918f6564b8830bc894c89659
39,heldout,8,66,2,16,number_tokens,1.125,-2.0,-2.0,0.0,False,False,meta-llama/Meta-Llama-3.1-8B-Instruct,0e9e39f249a16976918f6564b8830bc894c89659
39,heldout,8,66,2,16,random_positions,1.125,-2.0,-2.0,0.0,False,False,meta-llama/Meta-Llama-3.1-8B-Instruct,0e9e39f249a16976918f6564b8830bc894c89659
39,heldout,8,66,2,17,answer_position,1.125,-2.0,0.875,2.875,False,True,meta-llama/Meta-Llama-3.1-8B-Instruct,0e9e39f249a16976918f6564b8830bc894c89659
39,heldout,8,66,2,17,number_tokens,1.125,-2.0,-2.0,0.0,False,False,meta-llama/Meta-Llama-3.1-8B-Instruct,0e9e39f249a16976918f6564b8830bc894c89659
39,heldout,8,66,2,17,random_positions,1.125,-2.0,-2.0,0.0,False,False,meta-llama/Meta-Llama-3.1-8B-Instruct,0e9e39f249a16976918f6564b8830bc894c89659
39,heldout,8,66,2,18,answer_position,1.125,-2.0,1.0,3.0,False,True,meta-llama/Meta-Llama-3.1-8B-Instruct,0e9e39f249a16976918f6564b8830bc894c89659
39,heldout,8,66,2,18,number_tokens,1.125,-2.0,-2.125,-0.125,False,False,meta-llama/Meta-Llama-3.1-8B-Instruct,0e9e39f249a16976918f6564b8830bc894c89659
39,heldout,8,66,2,18,random_positions,1.125,-2.0,-2.125,-0.125,False,False,meta-llama/Meta-Llama-3.1-8B-Instruct,0e9e39f249a16976918f6564b8830bc894c89659
39,heldout,8,66,2,19,answer_position,1.125,-2.0,1.0,3.0,False,True,meta-llama/Meta-Llama-3.1-8B-Instruct,0e9e39f249a16976918f6564b8830bc894c89659
39,heldout,8,66,2,19,number_tokens,1.125,-2.0,-2.0,0.0,False,False,meta-llama/Meta-Llama-3.1-8B-Instruct,0e9e39f249a16976918f6564b8830bc894c89659
39,heldout,8,66,2,19,random_positions,1.125,-2.0,-2.0,0.0,False,False,meta-llama/Meta-Llama-3.1-8B-Instruct,0e9e39f249a16976918f6564b8830bc894c89659
39,heldout,8,66,2,20,answer_position,1.125,-2.0,1.0,3.0,False,True,meta-llama/Meta-Llama-3.1-8B-Instruct,0e9e39f249a16976918f6564b8830bc894c89659
39,heldout,8,66,2,20,number_tokens,1.125,-2.0,-2.0,0.0,False,False,meta-llama/Meta-Llama-3.1-8B-Instruct,0e9e39f249a16976918f6564b8830bc894c89659
39,heldout,8,66,2,20,random_positions,1.125,-2.0,-2.0,0.0,False,False,meta-llama/Meta-Llama-3.1-8B-Instruct,0e9e39f249a16976918f6564b8830bc894c89659
39,heldout,8,66,2,21,answer_position,1.125,-2.0,1.125,3.125,False,True,meta-llama/Meta-Llama-3.1-8B-Instruct,0e9e39f249a16976918f6564b8830bc894c89659
39,heldout,8,66,2,21,number_tokens,1.125,-2.0,-2.125,-0.125,False,False,meta-llama/Meta-Llama-3.1-8B-Instruct,0e9e39f249a16976918f6564b8830bc894c89659
39,heldout,8,66,2,21,random_positions,1.125,-2.0,-2.0,0.0,False,False,meta-llama/Meta-Llama-3.1-8B-Instruct,0e9e39f249a16976918f6564b8830bc894c89659
39,heldout,8,66,2,22,answer_position,1.125,-2.0,1.0,3.0,False,True,meta-llama/Meta-Llama-3.1-8B-Instruct,0e9e39f249a16976918f6564b8830bc894c89659
39,heldout,8,66,2,22,number_tokens,1.125,-2.0,-2.0,0.0,False,False,meta-llama/Meta-Llama-3.1-8B-Instruct,0e9e39f249a16976918f6564b8830bc894c89659
39,heldout,8,66,2,22,random_positions,1.125,-2.0,-2.0,0.0,False,False,meta-llama/Meta-Llama-3.1-8B-Instruct,0e9e39f249a16976918f6564b8830bc894c89659
39,heldout,8,66,2,23,answer_position,1.125,-2.0,1.125,3.125,False,True,meta-llama/Meta-Llama-3.1-8B-Instruct,0e9e39f249a16976918f6564b8830bc894c89659
39,heldout,8,66,2,23,number_tokens,1.125,-2.0,-2.125,-0.125,False,False,meta-llama/Meta-Llama-3.1-8B-Instruct,0e9e39f249a16976918f6564b8830bc894c89659
39,heldout,8,66,2,23,random_positions,1.125,-2.0,-2.125,-0.125,False,False,meta-llama/Meta-Llama-3.1-8B-Instruct,0e9e39f249a16976918f6564b8830bc894c89659
39,heldout,8,66,2,24,answer_position,1.125,-2.0,1.125,3.125,False,True,meta-llama/Meta-Llama-3.1-8B-Instruct,0e9e39f249a16976918f6564b8830bc894c89659
39,heldout,8,66,2,24,number_tokens,1.125,-2.0,-2.0,0.0,False,False,meta-llama/Meta-Llama-3.1-8B-Instruct,0e9e39f249a16976918f6564b8830bc894c89659
39,heldout,8,66,2,24,random_positions,1.125,-2.0,-2.0,0.0,False,False,meta-llama/Meta-Llama-3.1-8B-Instruct,0e9e39f249a16976918f6564b8830bc894c89659
39,heldout,8,66,2,25,answer_position,1.125,-2.0,1.0,3.0,False,True,meta-llama/Meta-Llama-3.1-8B-Instruct,0e9e39f249a16976918f6564b8830bc894c89659
39,heldout,8,66,2,25,number_tokens,1.125,-2.0,-2.0,0.0,False,False,meta-llama/Meta-Llama-3.1-8B-Instruct,0e9e39f249a16976918f6564b8830bc894c89659
39,heldout,8,66,2,25,random_positions,1.125,-2.0,-2.0,0.0,False,False,meta-llama/Meta-Llama-3.1-8B-Instruct,0e9e39f249a16976918f6564b8830bc894c89659
39,heldout,8,66,2,26,answer_position,1.125,-2.0,1.0,3.0,False,True,meta-llama/Meta-Llama-3.1-8B-Instruct,0e9e39f249a16976918f6564b8830bc894c89659
39,heldout,8,66,2,26,number_tokens,1.125,-2.0,-2.0,0.0,False,False,meta-llama/Meta-Llama-3.1-8B-Instruct,0e9e39f249a16976918f6564b8830bc894c89659
39,heldout,8,66,2,26,random_positions,1.125,-2.0,-2.0,0.0,False,False,meta-llama/Meta-Llama-3.1-8B-Instruct,0e9e39f249a16976918f6564b8830bc894c89659
39,heldout,8,66,2,27,answer_position,1.125,-2.0,1.0,3.0,False,True,meta-llama/Meta-Llama-3.1-8B-Instruct,0e9e39f249a16976918f6564b8830bc894c89659
39,heldout,8,66,2,27,number_tokens,1.125,-2.0,-2.125,-0.125,False,False,meta-llama/Meta-Llama-3.1-8B-Instruct,0e9e39f249a16976918f6564b8830bc894c89659
39,heldout,8,66,2,27,random_positions,1.125,-2.0,-2.0,0.0,False,False,meta-llama/Meta-Llama-3.1-8B-Instruct,0e9e39f249a16976918f6564b8830bc894c89659
39,heldout,8,66,2,28,answer_position,1.125,-2.0,1.0,3.0,False,True,meta-llama/Meta-Llama-3.1-8B-Instruct,0e9e39f249a16976918f6564b8830bc894c89659
39,heldout,8,66,2,28,number_tokens,1.125,-2.0,-2.0,0.0,False,False,meta-llama/Meta-Llama-3.1-8B-Instruct,0e9e39f249a16976918f6564b8830bc894c89659
39,heldout,8,66,2,28,random_positions,1.125,-2.0,-2.0,0.0,False,False,meta-llama/Meta-Llama-3.1-8B-Instruct,0e9e39f249a16976918f6564b8830bc894c89659
39,heldout,8,66,2,29,answer_position,1.125,-2.0,1.0,3.0,False,True,meta-llama/Meta-Llama-3.1-8B-Instruct,0e9e39f249a16976918f6564b8830bc894c89659
39,heldout,8,66,2,29,number_tokens,1.125,-2.0,-2.125,-0.125,False,False,meta-llama/Meta-Llama-3.1-8B-Instruct,0e9e39f249a16976918f6564b8830bc894c89659
39,heldout,8,66,2,29,random_positions,1.125,-2.0,-2.0,0.0,False,False,meta-llama/Meta-Llama-3.1-8B-Instruct,0e9e39f249a16976918f6564b8830bc894c89659
39,heldout,8,66,2,30,answer_position,1.125,-2.0,1.0,3.0,False,True,meta-llama/Meta-Llama-3.1-8B-Instruct,0e9e39f249a16976918f6564b8830bc894c89659
39,heldout,8,66,2,30,number_tokens,1.125,-2.0,-2.0,0.0,False,False,meta-llama/Meta-Llama-3.1-8B-Instruct,0e9e39f249a16976918f6564b8830bc894c89659
39,heldout,8,66,2,30,random_positions,1.125,-2.0,-2.0,0.0,False,False,meta-llama/Meta-Llama-3.1-8B-Instruct,0e9e39f249a16976918f6564b8830bc894c89659
39,heldout,8,66,2,31,answer_position,1.125,-2.0,1.125,3.125,False,True,meta-llama/Meta-Llama-3.1-8B-Instruct,0e9e39f249a16976918f6564b8830bc894c89659
39,heldout,8,66,2,31,number_tokens,1.125,-2.0,-2.0,0.0,False,False,meta-llama/Meta-Llama-3.1-8B-Instruct,0e9e39f249a16976918f6564b8830bc894c89659
39,heldout,8,66,2,31,random_positions,1.125,-2.0,-2.0,0.0,False,False,meta-llama/Meta-Llama-3.1-8B-Instruct,0e9e39f249a16976918f6564b8830bc894c89659
40,heldout,9,66,2,0,answer_position,1.375,-2.125,-2.125,0.0,False,False,meta-llama/Meta-Llama-3.1-8B-Instruct,0e9e39f249a16976918f6564b8830bc894c89659
40,heldout,9,66,2,0,number_tokens,1.375,-2.125,-2.125,0.0,False,False,meta-llama/Meta-Llama-3.1-8B-Instruct,0e9e39f249a16976918f6564b8830bc894c89659
40,heldout,9,66,2,0,random_positions,1.375,-2.125,-2.125,0.0,False,False,meta-llama/Meta-Llama-3.1-8B-Instruct,0e9e39f249a16976918f6564b8830bc894c89659
40,heldout,9,66,2,1,answer_position,1.375,-2.125,-2.125,0.0,False,False,meta-llama/Meta-Llama-3.1-8B-Instruct,0e9e39f249a16976918f6564b8830bc894c89659
40,heldout,9,66,2,1,number_tokens,1.375,-2.125,-2.875,-0.75,False,False,meta-llama/Meta-Llama-3.1-8B-Instruct,0e9e39f249a16976918f6564b8830bc894c89659
40,heldout,9,66,2,1,random_positions,1.375,-2.125,-2.125,0.0,False,False,meta-llama/Meta-Llama-3.1-8B-Instruct,0e9e39f249a16976918f6564b8830bc894c89659
40,heldout,9,66,2,2,answer_position,1.375,-2.125,-2.0,0.125,False,False,meta-llama/Meta-Llama-3.1-8B-Instruct,0e9e39f249a16976918f6564b8830bc894c89659
40,heldout,9,66,2,2,number_tokens,1.375,-2.125,-4.375,-2.25,False,False,meta-llama/Meta-Llama-3.1-8B-Instruct,0e9e39f249a16976918f6564b8830bc894c89659
40,heldout,9,66,2,2,random_positions,1.375,-2.125,-2.0,0.125,False,False,meta-llama/Meta-Llama-3.1-8B-Instruct,0e9e39f249a16976918f6564b8830bc894c89659
40,heldout,9,66,2,3,answer_position,1.375,-2.125,-2.125,0.0,False,False,meta-llama/Meta-Llama-3.1-8B-Instruct,0e9e39f249a16976918f6564b8830bc894c89659
40,heldout,9,66,2,3,number_tokens,1.375,-2.125,-4.125,-2.0,False,False,meta-llama/Meta-Llama-3.1-8B-Instruct,0e9e39f249a16976918f6564b8830bc894c89659
40,heldout,9,66,2,3,random_positions,1.375,-2.125,-2.0,0.125,False,False,meta-llama/Meta-Llama-3.1-8B-Instruct,0e9e39f249a16976918f6564b8830bc894c89659
40,heldout,9,66,2,4,answer_position,1.375,-2.125,-2.125,0.0,False,False,meta-llama/Meta-Llama-3.1-8B-Instruct,0e9e39f249a16976918f6564b8830bc894c89659
40,heldout,9,66,2,4,number_tokens,1.375,-2.125,-5.125,-3.0,False,False,meta-llama/Meta-Llama-3.1-8B-Instruct,0e9e39f249a16976918f6564b8830bc894c89659
40,heldout,9,66,2,4,random_positions,1.375,-2.125,-2.0,0.125,False,False,meta-llama/Meta-Llama-3.1-8B-Instruct,0e9e39f249a16976918f6564b8830bc894c89659
40,heldout,9,66,2,5,answer_position,1.375,-2.125,-2.0,0.125,False,False,meta-llama/Meta-Llama-3.1-8B-Instruct,0e9e39f249a16976918f6564b8830bc894c89659
40,heldout,9,66,2,5,number_tokens,1.375,-2.125,-6.25,-4.125,False,False,meta-llama/Meta-Llama-3.1-8B-Instruct,0e9e39f249a16976918f6564b8830bc894c89659
40,heldout,9,66,2,5,random_positions,1.375,-2.125,-2.125,0.0,False,False,meta-llama/Meta-Llama-3.1-8B-Instruct,0e9e39f249a16976918f6564b8830bc894c89659
40,heldout,9,66,2,6,answer_position,1.375,-2.125,-2.125,0.0,False,False,meta-llama/Meta-Llama-3.1-8B-Instruct,0e9e39f249a16976918f6564b8830bc894c89659
40,heldout,9,66,2,6,number_tokens,1.375,-2.125,-5.375,-3.25,False,False,meta-llama/Meta-Llama-3.1-8B-Instruct,0e9e39f249a16976918f6564b8830bc894c89659
40,heldout,9,66,2,6,random_positions,1.375,-2.125,-2.0,0.125,False,False,meta-llama/Meta-Llama-3.1-8B-Instruct,0e9e39f249a16976918f6564b8830bc894c89659
40,heldout,9,66,2,7,answer_position,1.375,-2.125,-2.0,0.125,False,False,meta-llama/Meta-Llama-3.1-8B-Instruct,0e9e39f249a16976918f6564b8830bc894c89659
40,heldout,9,66,2,7,number_tokens,1.375,-2.125,-3.625,-1.5,False,False,meta-llama/Meta-Llama-3.1-8B-Instruct,0e9e39f249a16976918f6564b8830bc894c89659
40,heldout,9,66,2,7,random_positions,1.375,-2.125,-2.0,0.125,False,False,meta-llama/Meta-Llama-3.1-8B-Instruct,0e9e39f249a16976918f6564b8830bc894c89659
40,heldout,9,66,2,8,answer_position,1.375,-2.125,-2.0,0.125,False,False,meta-llama/Meta-Llama-3.1-8B-Instruct,0e9e39f249a16976918f6564b8830bc894c89659
40,heldout,9,66,2,8,number_tokens,1.375,-2.125,-2.25,-0.125,False,False,meta-llama/Meta-Llama-3.1-8B-Instruct,0e9e39f249a16976918f6564b8830bc894c89659
40,heldout,9,66,2,8,random_positions,1.375,-2.125,-2.125,0.0,False,False,meta-llama/Meta-Llama-3.1-8B-Instruct,0e9e39f249a16976918f6564b8830bc894c89659
40,heldout,9,66,2,9,answer_position,1.375,-2.125,-2.0,0.125,False,False,meta-llama/Meta-Llama-3.1-8B-Instruct,0e9e39f249a16976918f6564b8830bc894c89659
40,heldout,9,66,2,9,number_tokens,1.375,-2.125,-2.625,-0.5,False,False,meta-llama/Meta-Llama-3.1-8B-Instruct,0e9e39f249a16976918f6564b8830bc894c89659
40,heldout,9,66,2,9,random_positions,1.375,-2.125,-2.0,0.125,False,False,meta-llama/Meta-Llama-3.1-8B-Instruct,0e9e39f249a16976918f6564b8830bc894c89659
40,heldout,9,66,2,10,answer_position,1.375,-2.125,-2.125,0.0,False,False,meta-llama/Meta-Llama-3.1-8B-Instruct,0e9e39f249a16976918f6564b8830bc894c89659
40,heldout,9,66,2,10,number_tokens,1.375,-2.125,-2.25,-0.125,False,False,meta-llama/Meta-Llama-3.1-8B-Instruct,0e9e39f249a16976918f6564b8830bc894c89659
40,heldout,9,66,2,10,random_positions,1.375,-2.125,-2.125,0.0,False,False,meta-llama/Meta-Llama-3.1-8B-Instruct,0e9e39f249a16976918f6564b8830bc894c89659
40,heldout,9,66,2,11,answer_position,1.375,-2.125,-2.0,0.125,False,False,meta-llama/Meta-Llama-3.1-8B-Instruct,0e9e39f249a16976918f6564b8830bc894c89659
40,heldout,9,66,2,11,number_tokens,1.375,-2.125,-1.625,0.5,False,False,meta-llama/Meta-Llama-3.1-8B-Instruct,0e9e39f249a16976918f6564b8830bc894c89659
40,heldout,9,66,2,11,random_positions,1.375,-2.125,-2.125,0.0,False,False,meta-llama/Meta-Llama-3.1-8B-Instruct,0e9e39f249a16976918f6564b8830bc894c89659
40,heldout,9,66,2,12,answer_position,1.375,-2.125,-2.0,0.125,False,False,meta-llama/Meta-Llama-3.1-8B-Instruct,0e9e39f249a16976918f6564b8830bc894c89659
40,heldout,9,66,2,12,number_tokens,1.375,-2.125,-1.625,0.5,False,False,meta-llama/Meta-Llama-3.1-8B-Instruct,0e9e39f249a16976918f6564b8830bc894c89659
40,heldout,9,66,2,12,random_positions,1.375,-2.125,-2.0,0.125,False,False,meta-llama/Meta-Llama-3.1-8B-Instruct,0e9e39f249a16976918f6564b8830bc894c89659
40,heldout,9,66,2,13,answer_position,1.375,-2.125,-1.5,0.625,False,False,meta-llama/Meta-Llama-3.1-8B-Instruct,0e9e39f249a16976918f6564b8830bc894c89659
40,heldout,9,66,2,13,number_tokens,1.375,-2.125,-1.75,0.375,False,False,meta-llama/Meta-Llama-3.1-8B-Instruct,0e9e39f249a16976918f6564b8830bc894c89659
40,heldout,9,66,2,13,random_positions,1.375,-2.125,-2.125,0.0,False,False,meta-llama/Meta-Llama-3.1-8B-Instruct,0e9e39f249a16976918f6564b8830bc894c89659
40,heldout,9,66,2,14,answer_position,1.375,-2.125,-0.375,1.75,False,False,meta-llama/Meta-Llama-3.1-8B-Instruct,0e9e39f249a16976918f6564b8830bc894c89659
40,heldout,9,66,2,14,number_tokens,1.375,-2.125,-2.0,0.125,False,False,meta-llama/Meta-Llama-3.1-8B-Instruct,0e9e39f249a16976918f6564b8830bc894c89659
40,heldout,9,66,2,14,random_positions,1.375,-2.125,-2.125,0.0,False,False,meta-llama/Meta-Llama-3.1-8B-Instruct,0e9e39f249a16976918f6564b8830bc894c89659
40,heldout,9,66,2,15,answer_position,1.375,-2.125,-0.375,1.75,False,False,meta-llama/Meta-Llama-3.1-8B-Instruct,0e9e39f249a16976918f6564b8830bc894c89659
40,heldout,9,66,2,15,number_tokens,1.375,-2.125,-2.125,0.0,False,False,meta-llama/Meta-Llama-3.1-8B-Instruct,0e9e39f249a16976918f6564b8830bc894c89659
40,heldout,9,66,2,15,random_positions,1.375,-2.125,-1.875,0.25,False,False,meta-llama/Meta-Llama-3.1-8B-Instruct,0e9e39f249a16976918f6564b8830bc894c89659
40,heldout,9,66,2,16,answer_position,1.375,-2.125,-1.0,1.125,False,False,meta-llama/Meta-Llama-3.1-8B-Instruct,0e9e39f249a16976918f6564b8830bc894c89659
40,heldout,9,66,2,16,number_tokens,1.375,-2.125,-2.125,0.0,False,False,meta-llama/Meta-Llama-3.1-8B-Instruct,0e9e39f249a16976918f6564b8830bc894c89659
40,heldout,9,66,2,16,random_positions,1.375,-2.125,-2.0,0.125,False,False,meta-llama/Meta-Llama-3.1-8B-Instruct,0e9e39f249a16976918f6564b8830bc894c89659
40,heldout,9,66,2,17,answer_position,1.375,-2.125,0.875,3.0,False,True,meta-llama/Meta-Llama-3.1-8B-Instruct,0e9e39f249a16976918f6564b8830bc894c89659
40,heldout,9,66,2,17,number_tokens,1.375,-2.125,-2.125,0.0,False,False,meta-llama/Meta-Llama-3.1-8B-Instruct,0e9e39f249a16976918f6564b8830bc894c89659
40,heldout,9,66,2,17,random_positions,1.375,-2.125,-2.125,0.0,False,False,meta-llama/Meta-Llama-3.1-8B-Instruct,0e9e39f249a16976918f6564b8830bc894c89659
40,heldout,9,66,2,18,answer_position,1.375,-2.125,1.25,3.375,False,True,meta-llama/Meta-Llama-3.1-8B-Instruct,0e9e39f249a16976918f6564b8830bc894c89659
40,heldout,9,66,2,18,number_tokens,1.375,-2.125,-2.125,0.0,False,False,meta-llama/Meta-Llama-3.1-8B-Instruct,0e9e39f249a16976918f6564b8830bc894c89659
40,heldout,9,66,2,18,random_positions,1.375,-2.125,-2.0,0.125,False,False,meta-llama/Meta-Llama-3.1-8B-Instruct,0e9e39f249a16976918f6564b8830bc894c89659
40,heldout,9,66,2,19,answer_position,1.375,-2.125,1.25,3.375,False,True,meta-llama/Meta-Llama-3.1-8B-Instruct,0e9e39f249a16976918f6564b8830bc894c89659
40,heldout,9,66,2,19,number_tokens,1.375,-2.125,-2.125,0.0,False,False,meta-llama/Meta-Llama-3.1-8B-Instruct,0e9e39f249a16976918f6564b8830bc894c89659
40,heldout,9,66,2,19,random_positions,1.375,-2.125,-2.0,0.125,False,False,meta-llama/Meta-Llama-3.1-8B-Instruct,0e9e39f249a16976918f6564b8830bc894c89659
40,heldout,9,66,2,20,answer_position,1.375,-2.125,1.25,3.375,False,True,meta-llama/Meta-Llama-3.1-8B-Instruct,0e9e39f249a16976918f6564b8830bc894c89659
40,heldout,9,66,2,20,number_tokens,1.375,-2.125,-2.125,0.0,False,False,meta-llama/Meta-Llama-3.1-8B-Instruct,0e9e39f249a16976918f6564b8830bc894c89659
40,heldout,9,66,2,20,random_positions,1.375,-2.125,-2.0,0.125,False,False,meta-llama/Meta-Llama-3.1-8B-Instruct,0e9e39f249a16976918f6564b8830bc894c89659
40,heldout,9,66,2,21,answer_position,1.375,-2.125,1.375,3.5,False,True,meta-llama/Meta-Llama-3.1-8B-Instruct,0e9e39f249a16976918f6564b8830bc894c89659
40,heldout,9,66,2,21,number_tokens,1.375,-2.125,-2.125,0.0,False,False,meta-llama/Meta-Llama-3.1-8B-Instruct,0e9e39f249a16976918f6564b8830bc894c89659
40,heldout,9,66,2,21,random_positions,1.375,-2.125,-2.125,0.0,False,False,meta-llama/Meta-Llama-3.1-8B-Instruct,0e9e39f249a16976918f6564b8830bc894c89659
40,heldout,9,66,2,22,answer_position,1.375,-2.125,1.375,3.5,False,True,meta-llama/Meta-Llama-3.1-8B-Instruct,0e9e39f249a16976918f6564b8830bc894c89659
40,heldout,9,66,2,22,number_tokens,1.375,-2.125,-2.125,0.0,False,False,meta-llama/Meta-Llama-3.1-8B-Instruct,0e9e39f249a16976918f6564b8830bc894c89659
40,heldout,9,66,2,22,random_positions,1.375,-2.125,-2.125,0.0,False,False,meta-llama/Meta-Llama-3.1-8B-Instruct,0e9e39f249a16976918f6564b8830bc894c89659
40,heldout,9,66,2,23,answer_position,1.375,-2.125,1.25,3.375,False,True,meta-llama/Meta-Llama-3.1-8B-Instruct,0e9e39f249a16976918f6564b8830bc894c89659
40,heldout,9,66,2,23,number_tokens,1.375,-2.125,-2.125,0.0,False,False,meta-llama/Meta-Llama-3.1-8B-Instruct,0e9e39f249a16976918f6564b8830bc894c89659
40,heldout,9,66,2,23,random_positions,1.375,-2.125,-2.125,0.0,False,False,meta-llama/Meta-Llama-3.1-8B-Instruct,0e9e39f249a16976918f6564b8830bc894c89659
40,heldout,9,66,2,24,answer_position,1.375,-2.125,1.25,3.375,False,True,meta-llama/Meta-Llama-3.1-8B-Instruct,0e9e39f249a16976918f6564b8830bc894c89659
40,heldout,9,66,2,24,number_tokens,1.375,-2.125,-2.125,0.0,False,False,meta-llama/Meta-Llama-3.1-8B-Instruct,0e9e39f249a16976918f6564b8830bc894c89659
40,heldout,9,66,2,24,random_positions,1.375,-2.125,-2.125,0.0,False,False,meta-llama/Meta-Llama-3.1-8B-Instruct,0e9e39f249a16976918f6564b8830bc894c89659
40,heldout,9,66,2,25,answer_position,1.375,-2.125,1.375,3.5,False,True,meta-llama/Meta-Llama-3.1-8B-Instruct,0e9e39f249a16976918f6564b8830bc894c89659
40,heldout,9,66,2,25,number_tokens,1.375,-2.125,-2.125,0.0,False,False,meta-llama/Meta-Llama-3.1-8B-Instruct,0e9e39f249a16976918f6564b8830bc894c89659
40,heldout,9,66,2,25,random_positions,1.375,-2.125,-2.125,0.0,False,False,meta-llama/Meta-Llama-3.1-8B-Instruct,0e9e39f249a16976918f6564b8830bc894c89659
40,heldout,9,66,2,26,answer_position,1.375,-2.125,1.25,3.375,False,True,meta-llama/Meta-Llama-3.1-8B-Instruct,0e9e39f249a16976918f6564b8830bc894c89659
40,heldout,9,66,2,26,number_tokens,1.375,-2.125,-2.0,0.125,False,False,meta-llama/Meta-Llama-3.1-8B-Instruct,0e9e39f249a16976918f6564b8830bc894c89659
40,heldout,9,66,2,26,random_positions,1.375,-2.125,-2.125,0.0,False,False,meta-llama/Meta-Llama-3.1-8B-Instruct,0e9e39f249a16976918f6564b8830bc894c89659
40,heldout,9,66,2,27,answer_position,1.375,-2.125,1.25,3.375,False,True,meta-llama/Meta-Llama-3.1-8B-Instruct,0e9e39f249a16976918f6564b8830bc894c89659
40,heldout,9,66,2,27,number_tokens,1.375,-2.125,-2.125,0.0,False,False,meta-llama/Meta-Llama-3.1-8B-Instruct,0e9e39f249a16976918f6564b8830bc894c89659
40,heldout,9,66,2,27,random_positions,1.375,-2.125,-2.125,0.0,False,False,meta-llama/Meta-Llama-3.1-8B-Instruct,0e9e39f249a16976918f6564b8830bc894c89659
40,heldout,9,66,2,28,answer_position,1.375,-2.125,1.25,3.375,False,True,meta-llama/Meta-Llama-3.1-8B-Instruct,0e9e39f249a16976918f6564b8830bc894c89659
40,heldout,9,66,2,28,number_tokens,1.375,-2.125,-2.125,0.0,False,False,meta-llama/Meta-Llama-3.1-8B-Instruct,0e9e39f249a16976918f6564b8830bc894c89659
40,heldout,9,66,2,28,random_positions,1.375,-2.125,-2.125,0.0,False,False,meta-llama/Meta-Llama-3.1-8B-Instruct,0e9e39f249a16976918f6564b8830bc894c89659
40,heldout,9,66,2,29,answer_position,1.375,-2.125,1.375,3.5,False,True,meta-llama/Meta-Llama-3.1-8B-Instruct,0e9e39f249a16976918f6564b8830bc894c89659
40,heldout,9,66,2,29,number_tokens,1.375,-2.125,-2.125,0.0,False,False,meta-llama/Meta-Llama-3.1-8B-Instruct,0e9e39f249a16976918f6564b8830bc894c89659
40,heldout,9,66,2,29,random_positions,1.375,-2.125,-2.125,0.0,False,False,meta-llama/Meta-Llama-3.1-8B-Instruct,0e9e39f249a16976918f6564b8830bc894c89659
40,heldout,9,66,2,30,answer_position,1.375,-2.125,1.375,3.5,False,True,meta-llama/Meta-Llama-3.1-8B-Instruct,0e9e39f249a16976918f6564b8830bc894c89659
40,heldout,9,66,2,30,number_tokens,1.375,-2.125,-2.0,0.125,False,False,meta-llama/Meta-Llama-3.1-8B-Instruct,0e9e39f249a16976918f6564b8830bc894c89659
40,heldout,9,66,2,30,random_positions,1.375,-2.125,-2.125,0.0,False,False,meta-llama/Meta-Llama-3.1-8B-Instruct,0e9e39f249a16976918f6564b8830bc894c89659
40,heldout,9,66,2,31,answer_position,1.375,-2.125,1.375,3.5,False,True,meta-llama/Meta-Llama-3.1-8B-Instruct,0e9e39f249a16976918f6564b8830bc894c89659
40,heldout,9,66,2,31,number_tokens,1.375,-2.125,-2.125,0.0,False,False,meta-llama/Meta-Llama-3.1-8B-Instruct,0e9e39f249a16976918f6564b8830bc894c89659
40,heldout,9,66,2,31,random_positions,1.375,-2.125,-2.125,0.0,False,False,meta-llama/Meta-Llama-3.1-8B-Instruct,0e9e39f249a16976918f6564b8830bc894c89659
41,heldout,9,67,3,0,answer_position,1.875,-1.5,-1.5,0.0,False,False,meta-llama/Meta-Llama-3.1-8B-Instruct,0e9e39f249a16976918f6564b8830bc894c89659
41,heldout,9,67,3,0,number_tokens,1.875,-1.5,-1.5,0.0,False,False,meta-llama/Meta-Llama-3.1-8B-Instruct,0e9e39f249a16976918f6564b8830bc894c89659
41,heldout,9,67,3,0,random_positions,1.875,-1.5,-1.375,0.125,False,False,meta-llama/Meta-Llama-3.1-8B-Instruct,0e9e39f249a16976918f6564b8830bc894c89659
41,heldout,9,67,3,1,answer_position,1.875,-1.5,-1.5,0.0,False,False,meta-llama/Meta-Llama-3.1-8B-Instruct,0e9e39f249a16976918f6564b8830bc894c89659
41,heldout,9,67,3,1,number_tokens,1.875,-1.5,-1.5,0.0,False,False,meta-llama/Meta-Llama-3.1-8B-Instruct,0e9e39f249a16976918f6564b8830bc894c89659
41,heldout,9,67,3,1,random_positions,1.875,-1.5,-0.875,0.625,False,False,meta-llama/Meta-Llama-3.1-8B-Instruct,0e9e39f249a16976918f6564b8830bc894c89659
41,heldout,9,67,3,2,answer_position,1.875,-1.5,-1.5,0.0,False,False,meta-llama/Meta-Llama-3.1-8B-Instruct,0e9e39f249a16976918f6564b8830bc894c89659
41,heldout,9,67,3,2,number_tokens,1.875,-1.5,-2.875,-1.375,False,False,meta-llama/Meta-Llama-3.1-8B-Instruct,0e9e39f249a16976918f6564b8830bc894c89659
41,heldout,9,67,3,2,random_positions,1.875,-1.5,-0.75,0.75,False,False,meta-llama/Meta-Llama-3.1-8B-Instruct,0e9e39f249a16976918f6564b8830bc894c89659
41,heldout,9,67,3,3,answer_position,1.875,-1.5,-1.375,0.125,False,False,meta-llama/Meta-Llama-3.1-8B-Instruct,0e9e39f249a16976918f6564b8830bc894c89659
41,heldout,9,67,3,3,number_tokens,1.875,-1.5,-2.875,-1.375,False,False,meta-llama/Meta-Llama-3.1-8B-Instruct,0e9e39f249a16976918f6564b8830bc894c89659
41,heldout,9,67,3,3,random_positions,1.875,-1.5,-0.375,1.125,False,False,meta-llama/Meta-Llama-3.1-8B-Instruct,0e9e39f249a16976918f6564b8830bc894c89659
41,heldout,9,67,3,4,answer_position,1.875,-1.5,-1.5,0.0,False,False,meta-llama/Meta-Llama-3.1-8B-Instruct,0e9e39f249a16976918f6564b8830bc894c89659
41,heldout,9,67,3,4,number_tokens,1.875,-1.5,-3.25,-1.75,False,False,meta-llama/Meta-Llama-3.1-8B-Instruct,0e9e39f249a16976918f6564b8830bc894c89659
41,heldout,9,67,3,4,random_positions,1.875,-1.5,0.125,1.625,False,True,meta-llama/Meta-Llama-3.1-8B-Instruct,0e9e39f249a16976918f6564b8830bc894c89659
41,heldout,9,67,3,5,answer_position,1.875,-1.5,-1.5,0.0,False,False,meta-llama/Meta-Llama-3.1-8B-Instruct,0e9e39f249a16976918f6564b8830bc894c89659
41,heldout,9,67,3,5,number_tokens,1.875,-1.5,-6.375,-4.875,False,False,meta-llama/Meta-Llama-3.1-8B-Instruct,0e9e39f249a16976918f6564b8830bc894c89659
41,heldout,9,67,3,5,random_positions,1.875,-1.5,-0.125,1.375,False,False,meta-llama/Meta-Llama-3.1-8B-Instruct,0e9e39f249a16976918f6564b8830bc894c89659
41,heldout,9,67,3,6,answer_position,1.875,-1.5,-1.5,0.0,False,False,meta-llama/Meta-Llama-3.1-8B-Instruct,0e9e39f249a16976918f6564b8830bc894c89659
41,heldout,9,67,3,6,number_tokens,1.875,-1.5,-5.125,-3.625,False,False,meta-llama/Meta-Llama-3.1-8B-Instruct,0e9e39f249a16976918f6564b8830bc894c89659
41,heldout,9,67,3,6,random_positions,1.875,-1.5,0.0,1.5,False,False,meta-llama/Meta-Llama-3.1-8B-Instruct,0e9e39f249a16976918f6564b8830bc894c89659
41,heldout,9,67,3,7,answer_position,1.875,-1.5,-1.5,0.0,False,False,meta-llama/Meta-Llama-3.1-8B-Instruct,0e9e39f249a16976918f6564b8830bc894c89659
41,heldout,9,67,3,7,number_tokens,1.875,-1.5,-3.75,-2.25,False,False,meta-llama/Meta-Llama-3.1-8B-Instruct,0e9e39f249a16976918f6564b8830bc894c89659
41,heldout,9,67,3,7,random_positions,1.875,-1.5,0.5,2.0,False,True,meta-llama/Meta-Llama-3.1-8B-Instruct,0e9e39f249a16976918f6564b8830bc894c89659
41,heldout,9,67,3,8,answer_position,1.875,-1.5,-1.5,0.0,False,False,meta-llama/Meta-Llama-3.1-8B-Instruct,0e9e39f249a16976918f6564b8830bc894c89659
41,heldout,9,67,3,8,number_tokens,1.875,-1.5,-1.875,-0.375,False,False,meta-llama/Meta-Llama-3.1-8B-Instruct,0e9e39f249a16976918f6564b8830bc894c89659
41,heldout,9,67,3,8,random_positions,1.875,-1.5,0.75,2.25,False,True,meta-llama/Meta-Llama-3.1-8B-Instruct,0e9e39f249a16976918f6564b8830bc894c89659
41,heldout,9,67,3,9,answer_position,1.875,-1.5,-1.5,0.0,False,False,meta-llama/Meta-Llama-3.1-8B-Instruct,0e9e39f249a16976918f6564b8830bc894c89659
41,heldout,9,67,3,9,number_tokens,1.875,-1.5,-1.75,-0.25,False,False,meta-llama/Meta-Llama-3.1-8B-Instruct,0e9e39f249a16976918f6564b8830bc894c89659
41,heldout,9,67,3,9,random_positions,1.875,-1.5,0.25,1.75,False,True,meta-llama/Meta-Llama-3.1-8B-Instruct,0e9e39f249a16976918f6564b8830bc894c89659
41,heldout,9,67,3,10,answer_position,1.875,-1.5,-1.5,0.0,False,False,meta-llama/Meta-Llama-3.1-8B-Instruct,0e9e39f249a16976918f6564b8830bc894c89659
41,heldout,9,67,3,10,number_tokens,1.875,-1.5,-1.25,0.25,False,False,meta-llama/Meta-Llama-3.1-8B-Instruct,0e9e39f249a16976918f6564b8830bc894c89659
41,heldout,9,67,3,10,random_positions,1.875,-1.5,0.0,1.5,False,False,meta-llama/Meta-Llama-3.1-8B-Instruct,0e9e39f249a16976918f6564b8830bc894c89659
41,heldout,9,67,3,11,answer_position,1.875,-1.5,-1.5,0.0,False,False,meta-llama/Meta-Llama-3.1-8B-Instruct,0e9e39f249a16976918f6564b8830bc894c89659
41,heldout,9,67,3,11,number_tokens,1.875,-1.5,-0.875,0.625,False,False,meta-llama/Meta-Llama-3.1-8B-Instruct,0e9e39f249a16976918f6564b8830bc894c89659
41,heldout,9,67,3,11,random_positions,1.875,-1.5,0.375,1.875,False,True,meta-llama/Meta-Llama-3.1-8B-Instruct,0e9e39f249a16976918f6564b8830bc894c89659
41,heldout,9,67,3,12,answer_position,1.875,-1.5,-1.5,0.0,False,False,meta-llama/Meta-Llama-3.1-8B-Instruct,0e9e39f249a16976918f6564b8830bc894c89659
41,heldout,9,67,3,12,number_tokens,1.875,-1.5,-1.125,0.375,False,False,meta-llama/Meta-Llama-3.1-8B-Instruct,0e9e39f249a16976918f6564b8830bc894c89659
41,heldout,9,67,3,12,random_positions,1.875,-1.5,-0.125,1.375,False,False,meta-llama/Meta-Llama-3.1-8B-Instruct,0e9e39f249a16976918f6564b8830bc894c89659
41,heldout,9,67,3,13,answer_position,1.875,-1.5,-1.125,0.375,False,False,meta-llama/Meta-Llama-3.1-8B-Instruct,0e9e39f249a16976918f6564b8830bc894c89659
41,heldout,9,67,3,13,number_tokens,1.875,-1.5,-1.375,0.125,False,False,meta-llama/Meta-Llama-3.1-8B-Instruct,0e9e39f249a16976918f6564b8830bc894c89659
41,heldout,9,67,3,13,random_positions,1.875,-1.5,-0.5,1.0,False,False,meta-llama/Meta-Llama-3.1-8B-Instruct,0e9e39f249a16976918f6564b8830bc894c89659
41,heldout,9,67,3,14,answer_position,1.875,-1.5,-0.625,0.875,False,False,meta-llama/Meta-Llama-3.1-8B-Instruct,0e9e39f249a16976918f6564b8830bc894c89659
41,heldout,9,67,3,14,number_tokens,1.875,-1.5,-1.5,0.0,False,False,meta-llama/Meta-Llama-3.1-8B-Instruct,0e9e39f249a16976918f6564b8830bc894c89659
41,heldout,9,67,3,14,random_positions,1.875,-1.5,-1.0,0.5,False,False,meta-llama/Meta-Llama-3.1-8B-Instruct,0e9e39f249a16976918f6564b8830bc894c89659
41,heldout,9,67,3,15,answer_position,1.875,-1.5,-0.375,1.125,False,False,meta-llama/Meta-Llama-3.1-8B-Instruct,0e9e39f249a16976918f6564b8830bc894c89659
41,heldout,9,67,3,15,number_tokens,1.875,-1.5,-1.75,-0.25,False,False,meta-llama/Meta-Llama-3.1-8B-Instruct,0e9e39f249a16976918f6564b8830bc894c89659
41,heldout,9,67,3,15,random_positions,1.875,-1.5,-0.75,0.75,False,False,meta-llama/Meta-Llama-3.1-8B-Instruct,0e9e39f249a16976918f6564b8830bc894c89659
41,heldout,9,67,3,16,answer_position,1.875,-1.5,-1.0,0.5,False,False,meta-llama/Meta-Llama-3.1-8B-Instruct,0e9e39f249a16976918f6564b8830bc894c89659
41,heldout,9,67,3,16,number_tokens,1.875,-1.5,-1.5,0.0,False,False,meta-llama/Meta-Llama-3.1-8B-Instruct,0e9e39f249a16976918f6564b8830bc894c89659
41,heldout,9,67,3,16,random_positions,1.875,-1.5,-0.625,0.875,False,False,meta-llama/Meta-Llama-3.1-8B-Instruct,0e9e39f249a16976918f6564b8830bc894c89659
41,heldout,9,67,3,17,answer_position,1.875,-1.5,1.75,3.25,False,True,meta-llama/Meta-Llama-3.1-8B-Instruct,0e9e39f249a16976918f6564b8830bc894c89659
41,heldout,9,67,3,17,number_tokens,1.875,-1.5,-1.5,0.0,False,False,meta-llama/Meta-Llama-3.1-8B-Instruct,0e9e39f249a16976918f6564b8830bc894c89659
41,heldout,9,67,3,17,random_positions,1.875,-1.5,-1.25,0.25,False,False,meta-llama/Meta-Llama-3.1-8B-Instruct,0e9e39f249a16976918f6564b8830bc894c89659
41,heldout,9,67,3,18,answer_position,1.875,-1.5,1.75,3.25,False,True,meta-llama/Meta-Llama-3.1-8B-Instruct,0e9e39f249a16976918f6564b8830bc894c89659
41,heldout,9,67,3,18,number_tokens,1.875,-1.5,-1.5,0.0,False,False,meta-llama/Meta-Llama-3.1-8B-Instruct,0e9e39f249a16976918f6564b8830bc894c89659
41,heldout,9,67,3,18,random_positions,1.875,-1.5,-1.25,0.25,False,False,meta-llama/Meta-Llama-3.1-8B-Instruct,0e9e39f249a16976918f6564b8830bc894c89659
41,heldout,9,67,3,19,answer_position,1.875,-1.5,1.75,3.25,False,True,meta-llama/Meta-Llama-3.1-8B-Instruct,0e9e39f249a16976918f6564b8830bc894c89659
41,heldout,9,67,3,19,number_tokens,1.875,-1.5,-1.5,0.0,False,False,meta-llama/Meta-Llama-3.1-8B-Instruct,0e9e39f249a16976918f6564b8830bc894c89659
41,heldout,9,67,3,19,random_positions,1.875,-1.5,-1.25,0.25,False,False,meta-llama/Meta-Llama-3.1-8B-Instruct,0e9e39f249a16976918f6564b8830bc894c89659
41,heldout,9,67,3,20,answer_position,1.875,-1.5,1.875,3.375,False,True,meta-llama/Meta-Llama-3.1-8B-Instruct,0e9e39f249a16976918f6564b8830bc894c89659
41,heldout,9,67,3,20,number_tokens,1.875,-1.5,-1.625,-0.125,False,False,meta-llama/Meta-Llama-3.1-8B-Instruct,0e9e39f249a16976918f6564b8830bc894c89659
41,heldout,9,67,3,20,random_positions,1.875,-1.5,-1.125,0.375,False,False,meta-llama/Meta-Llama-3.1-8B-Instruct,0e9e39f249a16976918f6564b8830bc894c89659
41,heldout,9,67,3,21,answer_position,1.875,-1.5,1.875,3.375,False,True,meta-llama/Meta-Llama-3.1-8B-Instruct,0e9e39f249a16976918f6564b8830bc894c89659
41,heldout,9,67,3,21,number_tokens,1.875,-1.5,-1.5,0.0,False,False,meta-llama/Meta-Llama-3.1-8B-Instruct,0e9e39f249a16976918f6564b8830bc894c89659
41,heldout,9,67,3,21,random_positions,1.875,-1.5,-1.125,0.375,False,False,meta-llama/Meta-Llama-3.1-8B-Instruct,0e9e39f249a16976918f6564b8830bc894c89659
41,heldout,9,67,3,22,answer_position,1.875,-1.5,1.875,3.375,False,True,meta-llama/Meta-Llama-3.1-8B-Instruct,0e9e39f249a16976918f6564b8830bc894c89659
41,heldout,9,67,3,22,number_tokens,1.875,-1.5,-1.5,0.0,False,False,meta-llama/Meta-Llama-3.1-8B-Instruct,0e9e39f249a16976918f6564b8830bc894c89659
41,heldout,9,67,3,22,random_positions,1.875,-1.5,-1.375,0.125,False,False,meta-llama/Meta-Llama-3.1-8B-Instruct,0e9e39f249a16976918f6564b8830bc894c89659
41,heldout,9,67,3,23,answer_position,1.875,-1.5,1.875,3.375,False,True,meta-llama/Meta-Llama-3.1-8B-Instruct,0e9e39f249a16976918f6564b8830bc894c89659
41,heldout,9,67,3,23,number_tokens,1.875,-1.5,-1.5,0.0,False,False,meta-llama/Meta-Llama-3.1-8B-Instruct,0e9e39f249a16976918f6564b8830bc894c89659
41,heldout,9,67,3,23,random_positions,1.875,-1.5,-1.375,0.125,False,False,meta-llama/Meta-Llama-3.1-8B-Instruct,0e9e39f249a16976918f6564b8830bc894c89659
41,heldout,9,67,3,24,answer_position,1.875,-1.5,1.875,3.375,False,True,meta-llama/Meta-Llama-3.1-8B-Instruct,0e9e39f249a16976918f6564b8830bc894c89659
41,heldout,9,67,3,24,number_tokens,1.875,-1.5,-1.5,0.0,False,False,meta-llama/Meta-Llama-3.1-8B-Instruct,0e9e39f249a16976918f6564b8830bc894c89659
41,heldout,9,67,3,24,random_positions,1.875,-1.5,-1.5,0.0,False,False,meta-llama/Meta-Llama-3.1-8B-Instruct,0e9e39f249a16976918f6564b8830bc894c89659
41,heldout,9,67,3,25,answer_position,1.875,-1.5,1.875,3.375,False,True,meta-llama/Meta-Llama-3.1-8B-Instruct,0e9e39f249a16976918f6564b8830bc894c89659
41,heldout,9,67,3,25,number_tokens,1.875,-1.5,-1.5,0.0,False,False,meta-llama/Meta-Llama-3.1-8B-Instruct,0e9e39f249a16976918f6564b8830bc894c89659
41,heldout,9,67,3,25,random_positions,1.875,-1.5,-1.5,0.0,False,False,meta-llama/Meta-Llama-3.1-8B-Instruct,0e9e39f249a16976918f6564b8830bc894c89659
41,heldout,9,67,3,26,answer_position,1.875,-1.5,1.75,3.25,False,True,meta-llama/Meta-Llama-3.1-8B-Instruct,0e9e39f249a16976918f6564b8830bc894c89659
41,heldout,9,67,3,26,number_tokens,1.875,-1.5,-1.375,0.125,False,False,meta-llama/Meta-Llama-3.1-8B-Instruct,0e9e39f249a16976918f6564b8830bc894c89659
41,heldout,9,67,3,26,random_positions,1.875,-1.5,-1.5,0.0,False,False,meta-llama/Meta-Llama-3.1-8B-Instruct,0e9e39f249a16976918f6564b8830bc894c89659
41,heldout,9,67,3,27,answer_position,1.875,-1.5,1.875,3.375,False,True,meta-llama/Meta-Llama-3.1-8B-Instruct,0e9e39f249a16976918f6564b8830bc894c89659
41,heldout,9,67,3,27,number_tokens,1.875,-1.5,-1.5,0.0,False,False,meta-llama/Meta-Llama-3.1-8B-Instruct,0e9e39f249a16976918f6564b8830bc894c89659
41,heldout,9,67,3,27,random_positions,1.875,-1.5,-1.5,0.0,False,False,meta-llama/Meta-Llama-3.1-8B-Instruct,0e9e39f249a16976918f6564b8830bc894c89659
41,heldout,9,67,3,28,answer_position,1.875,-1.5,2.0,3.5,False,True,meta-llama/Meta-Llama-3.1-8B-Instruct,0e9e39f249a16976918f6564b8830bc894c89659
41,heldout,9,67,3,28,number_tokens,1.875,-1.5,-1.5,0.0,False,False,meta-llama/Meta-Llama-3.1-8B-Instruct,0e9e39f249a16976918f6564b8830bc894c89659
41,heldout,9,67,3,28,random_positions,1.875,-1.5,-1.5,0.0,False,False,meta-llama/Meta-Llama-3.1-8B-Instruct,0e9e39f249a16976918f6564b8830bc894c89659
41,heldout,9,67,3,29,answer_position,1.875,-1.5,1.875,3.375,False,True,meta-llama/Meta-Llama-3.1-8B-Instruct,0e9e39f249a16976918f6564b8830bc894c89659
41,heldout,9,67,3,29,number_tokens,1.875,-1.5,-1.5,0.0,False,False,meta-llama/Meta-Llama-3.1-8B-Instruct,0e9e39f249a16976918f6564b8830bc894c89659
41,heldout,9,67,3,29,random_positions,1.875,-1.5,-1.5,0.0,False,False,meta-llama/Meta-Llama-3.1-8B-Instruct,0e9e39f249a16976918f6564b8830bc894c89659
41,heldout,9,67,3,30,answer_position,1.875,-1.5,2.0,3.5,False,True,meta-llama/Meta-Llama-3.1-8B-Instruct,0e9e39f249a16976918f6564b8830bc894c89659
41,heldout,9,67,3,30,number_tokens,1.875,-1.5,-1.5,0.0,False,False,meta-llama/Meta-Llama-3.1-8B-Instruct,0e9e39f249a16976918f6564b8830bc894c89659
41,heldout,9,67,3,30,random_positions,1.875,-1.5,-1.5,0.0,False,False,meta-llama/Meta-Llama-3.1-8B-Instruct,0e9e39f249a16976918f6564b8830bc894c89659
41,heldout,9,67,3,31,answer_position,1.875,-1.5,1.875,3.375,False,True,meta-llama/Meta-Llama-3.1-8B-Instruct,0e9e39f249a16976918f6564b8830bc894c89659
41,heldout,9,67,3,31,number_tokens,1.875,-1.5,-1.5,0.0,False,False,meta-llama/Meta-Llama-3.1-8B-Instruct,0e9e39f249a16976918f6564b8830bc894c89659
41,heldout,9,67,3,31,random_positions,1.875,-1.5,-1.5,0.0,False,False,meta-llama/Meta-Llama-3.1-8B-Instruct,0e9e39f249a16976918f6564b8830bc894c89659
42,heldout,9,68,4,0,answer_position,2.125,-1.125,-1.125,0.0,False,False,meta-llama/Meta-Llama-3.1-8B-Instruct,0e9e39f249a16976918f6564b8830bc894c89659
42,heldout,9,68,4,0,number_tokens,2.125,-1.125,-1.0,0.125,False,False,meta-llama/Meta-Llama-3.1-8B-Instruct,0e9e39f249a16976918f6564b8830bc894c89659
42,heldout,9,68,4,0,random_positions,2.125,-1.125,-1.25,-0.125,False,False,meta-llama/Meta-Llama-3.1-8B-Instruct,0e9e39f249a16976918f6564b8830bc894c89659
42,heldout,9,68,4,1,answer_position,2.125,-1.125,-1.125,0.0,False,False,meta-llama/Meta-Llama-3.1-8B-Instruct,0e9e39f249a16976918f6564b8830bc894c89659
42,heldout,9,68,4,1,number_tokens,2.125,-1.125,-1.125,0.0,False,False,meta-llama/Meta-Llama-3.1-8B-Instruct,0e9e39f249a16976918f6564b8830bc894c89659
42,heldout,9,68,4,1,random_positions,2.125,-1.125,-1.125,0.0,False,False,meta-llama/Meta-Llama-3.1-8B-Instruct,0e9e39f249a16976918f6564b8830bc894c89659
42,heldout,9,68,4,2,answer_position,2.125,-1.125,-1.125,0.0,False,False,meta-llama/Meta-Llama-3.1-8B-Instruct,0e9e39f249a16976918f6564b8830bc894c89659
42,heldout,9,68,4,2,number_tokens,2.125,-1.125,-2.75,-1.625,False,False,meta-llama/Meta-Llama-3.1-8B-Instruct,0e9e39f249a16976918f6564b8830bc894c89659
42,heldout,9,68,4,2,random_positions,2.125,-1.125,-1.125,0.0,False,False,meta-llama/Meta-Llama-3.1-8B-Instruct,0e9e39f249a16976918f6564b8830bc894c89659
42,heldout,9,68,4,3,answer_position,2.125,-1.125,-1.125,0.0,False,False,meta-llama/Meta-Llama-3.1-8B-Instruct,0e9e39f249a16976918f6564b8830bc894c89659
42,heldout,9,68,4,3,number_tokens,2.125,-1.125,-2.625,-1.5,False,False,meta-llama/Meta-Llama-3.1-8B-Instruct,0e9e39f249a16976918f6564b8830bc894c89659
42,heldout,9,68,4,3,random_positions,2.125,-1.125,-1.125,0.0,False,False,meta-llama/Meta-Llama-3.1-8B-Instruct,0e9e39f249a16976918f6564b8830bc894c89659
42,heldout,9,68,4,4,answer_position,2.125,-1.125,-1.125,0.0,False,False,meta-llama/Meta-Llama-3.1-8B-Instruct,0e9e39f249a16976918f6564b8830bc894c89659
42,heldout,9,68,4,4,number_tokens,2.125,-1.125,-2.875,-1.75,False,False,meta-llama/Meta-Llama-3.1-8B-Instruct,0e9e39f249a16976918f6564b8830bc894c89659
42,heldout,9,68,4,4,random_positions,2.125,-1.125,-1.25,-0.125,False,False,meta-llama/Meta-Llama-3.1-8B-Instruct,0e9e39f249a16976918f6564b8830bc894c89659
42,heldout,9,68,4,5,answer_position,2.125,-1.125,-1.125,0.0,False,False,meta-llama/Meta-Llama-3.1-8B-Instruct,0e9e39f249a16976918f6564b8830bc894c89659
42,heldout,9,68,4,5,number_tokens,2.125,-1.125,-6.0,-4.875,False,False,meta-llama/Meta-Llama-3.1-8B-Instruct,0e9e39f249a16976918f6564b8830bc894c89659
42,heldout,9,68,4,5,random_positions,2.125,-1.125,-1.25,-0.125,False,False,meta-llama/Meta-Llama-3.1-8B-Instruct,0e9e39f249a16976918f6564b8830bc894c89659
42,heldout,9,68,4,6,answer_position,2.125,-1.125,-1.125,0.0,False,False,meta-llama/Meta-Llama-3.1-8B-Instruct,0e9e39f249a16976918f6564b8830bc894c89659
42,heldout,9,68,4,6,number_tokens,2.125,-1.125,-4.75,-3.625,False,False,meta-llama/Meta-Llama-3.1-8B-Instruct,0e9e39f249a16976918f6564b8830bc894c89659
42,heldout,9,68,4,6,random_positions,2.125,-1.125,-1.375,-0.25,False,False,meta-llama/Meta-Llama-3.1-8B-Instruct,0e9e39f249a16976918f6564b8830bc894c89659
42,heldout,9,68,4,7,answer_position,2.125,-1.125,-1.125,0.0,False,False,meta-llama/Meta-Llama-3.1-8B-Instruct,0e9e39f249a16976918f6564b8830bc894c89659
42,heldout,9,68,4,7,number_tokens,2.125,-1.125,-2.75,-1.625,False,False,meta-llama/Meta-Llama-3.1-8B-Instruct,0e9e39f249a16976918f6564b8830bc894c89659
42,heldout,9,68,4,7,random_positions,2.125,-1.125,-1.25,-0.125,False,False,meta-llama/Meta-Llama-3.1-8B-Instruct,0e9e39f249a16976918f6564b8830bc894c89659
42,heldout,9,68,4,8,answer_position,2.125,-1.125,-1.125,0.0,False,False,meta-llama/Meta-Llama-3.1-8B-Instruct,0e9e39f249a16976918f6564b8830bc894c89659
42,heldout,9,68,4,8,number_tokens,2.125,-1.125,-0.875,0.25,False,False,meta-llama/Meta-Llama-3.1-8B-Instruct,0e9e39f249a16976918f6564b8830bc894c89659
42,heldout,9,68,4,8,random_positions,2.125,-1.125,-1.125,0.0,False,False,meta-llama/Meta-Llama-3.1-8B-Instruct,0e9e39f249a16976918f6564b8830bc894c89659
42,heldout,9,68,4,9,answer_position,2.125,-1.125,-1.125,0.0,False,False,meta-llama/Meta-Llama-3.1-8B-Instruct,0e9e39f249a16976918f6564b8830bc894c89659
42,heldout,9,68,4,9,number_tokens,2.125,-1.125,-1.0,0.125,False,False,meta-llama/Meta-Llama-3.1-8B-Instruct,0e9e39f249a16976918f6564b8830bc894c89659
42,heldout,9,68,4,9,random_positions,2.125,-1.125,-1.125,0.0,False,False,meta-llama/Meta-Llama-3.1-8B-Instruct,0e9e39f249a16976918f6564b8830bc894c89659
42,heldout,9,68,4,10,answer_position,2.125,-1.125,-1.125,0.0,False,False,meta-llama/Meta-Llama-3.1-8B-Instruct,0e9e39f249a16976918f6564b8830bc894c89659
42,heldout,9,68,4,10,number_tokens,2.125,-1.125,-0.875,0.25,False,False,meta-llama/Meta-Llama-3.1-8B-Instruct,0e9e39f249a16976918f6564b8830bc894c89659
42,heldout,9,68,4,10,random_positions,2.125,-1.125,-1.125,0.0,False,False,meta-llama/Meta-Llama-3.1-8B-Instruct,0e9e39f249a16976918f6564b8830bc894c89659
42,heldout,9,68,4,11,answer_position,2.125,-1.125,-1.125,0.0,False,False,meta-llama/Meta-Llama-3.1-8B-Instruct,0e9e39f249a16976918f6564b8830bc894c89659
42,heldout,9,68,4,11,number_tokens,2.125,-1.125,-0.875,0.25,False,False,meta-llama/Meta-Llama-3.1-8B-Instruct,0e9e39f249a16976918f6564b8830bc894c89659
42,heldout,9,68,4,11,random_positions,2.125,-1.125,-1.125,0.0,False,False,meta-llama/Meta-Llama-3.1-8B-Instruct,0e9e39f249a16976918f6564b8830bc894c89659
42,heldout,9,68,4,12,answer_position,2.125,-1.125,-1.125,0.0,False,False,meta-llama/Meta-Llama-3.1-8B-Instruct,0e9e39f249a16976918f6564b8830bc894c89659
42,heldout,9,68,4,12,number_tokens,2.125,-1.125,-0.875,0.25,False,False,meta-llama/Meta-Llama-3.1-8B-Instruct,0e9e39f249a16976918f6564b8830bc894c89659
42,heldout,9,68,4,12,random_positions,2.125,-1.125,-1.0,0.125,False,False,meta-llama/Meta-Llama-3.1-8B-Instruct,0e9e39f249a16976918f6564b8830bc894c89659
42,heldout,9,68,4,13,answer_position,2.125,-1.125,-0.75,0.375,False,False,meta-llama/Meta-Llama-3.1-8B-Instruct,0e9e39f249a16976918f6564b8830bc894c89659
42,heldout,9,68,4,13,number_tokens,2.125,-1.125,-1.0,0.125,False,False,meta-llama/Meta-Llama-3.1-8B-Instruct,0e9e39f249a16976918f6564b8830bc894c89659
42,heldout,9,68,4,13,random_positions,2.125,-1.125,-1.125,0.0,False,False,meta-llama/Meta-Llama-3.1-8B-Instruct,0e9e39f249a16976918f6564b8830bc894c89659
42,heldout,9,68,4,14,answer_position,2.125,-1.125,-0.25,0.875,False,False,meta-llama/Meta-Llama-3.1-8B-Instruct,0e9e39f249a16976918f6564b8830bc894c89659
42,heldout,9,68,4,14,number_tokens,2.125,-1.125,-1.125,0.0,False,False,meta-llama/Meta-Llama-3.1-8B-Instruct,0e9e39f249a16976918f6564b8830bc894c89659
42,heldout,9,68,4,14,random_positions,2.125,-1.125,-1.125,0.0,False,False,meta-llama/Meta-Llama-3.1-8B-Instruct,0e9e39f249a16976918f6564b8830bc894c89659
42,heldout,9,68,4,15,answer_position,2.125,-1.125,0.125,1.25,False,True,meta-llama/Meta-Llama-3.1-8B-Instruct,0e9e39f249a16976918f6564b8830bc894c89659
42,heldout,9,68,4,15,number_tokens,2.125,-1.125,-1.25,-0.125,False,False,meta-llama/Meta-Llama-3.1-8B-Instruct,0e9e39f249a16976918f6564b8830bc894c89659
42,heldout,9,68,4,15,random_positions,2.125,-1.125,-1.25,-0.125,False,False,meta-llama/Meta-Llama-3.1-8B-Instruct,0e9e39f249a16976918f6564b8830bc894c89659
42,heldout,9,68,4,16,answer_position,2.125,-1.125,-0.875,0.25,False,False,meta-llama/Meta-Llama-3.1-8B-Instruct,0e9e39f249a16976918f6564b8830bc894c89659
42,heldout,9,68,4,16,number_tokens,2.125,-1.125,-1.125,0.0,False,False,meta-llama/Meta-Llama-3.1-8B-Instruct,0e9e39f249a16976918f6564b8830bc894c89659
42,heldout,9,68,4,16,random_positions,2.125,-1.125,-1.125,0.0,False,False,meta-llama/Meta-Llama-3.1-8B-Instruct,0e9e39f249a16976918f6564b8830bc894c89659
42,heldout,9,68,4,17,answer_position,2.125,-1.125,2.0,3.125,False,True,meta-llama/Meta-Llama-3.1-8B-Instruct,0e9e39f249a16976918f6564b8830bc894c89659
42,heldout,9,68,4,17,number_tokens,2.125,-1.125,-1.125,0.0,False,False,meta-llama/Meta-Llama-3.1-8B-Instruct,0e9e39f249a16976918f6564b8830bc894c89659
42,heldout,9,68,4,17,random_positions,2.125,-1.125,-1.25,-0.125,False,False,meta-llama/Meta-Llama-3.1-8B-Instruct,0e9e39f249a16976918f6564b8830bc894c89659
42,heldout,9,68,4,18,answer_position,2.125,-1.125,1.875,3.0,False,True,meta-llama/Meta-Llama-3.1-8B-Instruct,0e9e39f249a16976918f6564b8830bc894c89659
42,heldout,9,68,4,18,number_tokens,2.125,-1.125,-1.25,-0.125,False,False,meta-llama/Meta-Llama-3.1-8B-Instruct,0e9e39f249a16976918f6564b8830bc894c89659
42,heldout,9,68,4,18,random_positions,2.125,-1.125,-1.25,-0.125,False,False,meta-llama/Meta-Llama-3.1-8B-Instruct,0e9e39f249a16976918f6564b8830bc894c89659
42,heldout,9,68,4,19,answer_position,2.125,-1.125,2.0,3.125,False,True,meta-llama/Meta-Llama-3.1-8B-Instruct,0e9e39f249a16976918f6564b8830bc894c89659
42,heldout,9,68,4,19,number_tokens,2.125,-1.125,-1.125,0.0,False,False,meta-llama/Meta-Llama-3.1-8B-Instruct,0e9e39f249a16976918f6564b8830bc894c89659
42,heldout,9,68,4,19,random_positions,2.125,-1.125,-1.25,-0.125,False,False,meta-llama/Meta-Llama-3.1-8B-Instruct,0e9e39f249a16976918f6564b8830bc894c89659
42,heldout,9,68,4,20,answer_position,2.125,-1.125,2.0,3.125,False,True,meta-llama/Meta-Llama-3.1-8B-Instruct,0e9e39f249a16976918f6564b8830bc894c89659
42,heldout,9,68,4,20,number_tokens,2.125,-1.125,-1.125,0.0,False,False,meta-llama/Meta-Llama-3.1-8B-Instruct,0e9e39f249a16976918f6564b8830bc894c89659
42,heldout,9,68,4,20,random_positions,2.125,-1.125,-1.25,-0.125,False,False,meta-llama/Meta-Llama-3.1-8B-Instruct,0e9e39f249a16976918f6564b8830bc894c89659
42,heldout,9,68,4,21,answer_position,2.125,-1.125,2.125,3.25,False,True,meta-llama/Meta-Llama-3.1-8B-Instruct,0e9e39f249a16976918f6564b8830bc894c89659
42,heldout,9,68,4,21,number_tokens,2.125,-1.125,-1.125,0.0,False,False,meta-llama/Meta-Llama-3.1-8B-Instruct,0e9e39f249a16976918f6564b8830bc894c89659
42,heldout,9,68,4,21,random_positions,2.125,-1.125,-1.25,-0.125,False,False,meta-llama/Meta-Llama-3.1-8B-Instruct,0e9e39f249a16976918f6564b8830bc894c89659
42,heldout,9,68,4,22,answer_position,2.125,-1.125,2.125,3.25,False,True,meta-llama/Meta-Llama-3.1-8B-Instruct,0e9e39f249a16976918f6564b8830bc894c89659
42,heldout,9,68,4,22,number_tokens,2.125,-1.125,-1.125,0.0,False,False,meta-llama/Meta-Llama-3.1-8B-Instruct,0e9e39f249a16976918f6564b8830bc894c89659
42,heldout,9,68,4,22,random_positions,2.125,-1.125,-1.125,0.0,False,False,meta-llama/Meta-Llama-3.1-8B-Instruct,0e9e39f249a16976918f6564b8830bc894c89659
42,heldout,9,68,4,23,answer_position,2.125,-1.125,2.0,3.125,False,True,meta-llama/Meta-Llama-3.1-8B-Instruct,0e9e39f249a16976918f6564b8830bc894c89659
42,heldout,9,68,4,23,number_tokens,2.125,-1.125,-1.125,0.0,False,False,meta-llama/Meta-Llama-3.1-8B-Instruct,0e9e39f249a16976918f6564b8830bc894c89659
42,heldout,9,68,4,23,random_positions,2.125,-1.125,-1.125,0.0,False,False,meta-llama/Meta-Llama-3.1-8B-Instruct,0e9e39f249a16976918f6564b8830bc894c89659
42,heldout,9,68,4,24,answer_position,2.125,-1.125,2.0,3.125,False,True,meta-llama/Meta-Llama-3.1-8B-Instruct,0e9e39f249a16976918f6564b8830bc894c89659
42,heldout,9,68,4,24,number_tokens,2.125,-1.125,-1.125,0.0,False,False,meta-llama/Meta-Llama-3.1-8B-Instruct,0e9e39f249a16976918f6564b8830bc894c89659
42,heldout,9,68,4,24,random_positions,2.125,-1.125,-1.0,0.125,False,False,meta-llama/Meta-Llama-3.1-8B-Instruct,0e9e39f249a16976918f6564b8830bc894c89659
42,heldout,9,68,4,25,answer_position,2.125,-1.125,2.0,3.125,False,True,meta-llama/Meta-Llama-3.1-8B-Instruct,0e9e39f249a16976918f6564b8830bc894c89659
42,heldout,9,68,4,25,number_tokens,2.125,-1.125,-1.125,0.0,False,False,meta-llama/Meta-Llama-3.1-8B-Instruct,0e9e39f249a16976918f6564b8830bc894c89659
42,heldout,9,68,4,25,random_positions,2.125,-1.125,-1.125,0.0,False,False,meta-llama/Meta-Llama-3.1-8B-Instruct,0e9e39f249a16976918f6564b8830bc894c89659
42,heldout,9,68,4,26,answer_position,2.125,-1.125,2.0,3.125,False,True,meta-llama/Meta-Llama-3.1-8B-Instruct,0e9e39f249a16976918f6564b8830bc894c89659
42,heldout,9,68,4,26,number_tokens,2.125,-1.125,-1.125,0.0,False,False,meta-llama/Meta-Llama-3.1-8B-Instruct,0e9e39f249a16976918f6564b8830bc894c89659
42,heldout,9,68,4,26,random_positions,2.125,-1.125,-1.125,0.0,False,False,meta-llama/Meta-Llama-3.1-8B-Instruct,0e9e39f249a16976918f6564b8830bc894c89659
42,heldout,9,68,4,27,answer_position,2.125,-1.125,2.0,3.125,False,True,meta-llama/Meta-Llama-3.1-8B-Instruct,0e9e39f249a16976918f6564b8830bc894c89659
42,heldout,9,68,4,27,number_tokens,2.125,-1.125,-1.125,0.0,False,False,meta-llama/Meta-Llama-3.1-8B-Instruct,0e9e39f249a16976918f6564b8830bc894c89659
42,heldout,9,68,4,27,random_positions,2.125,-1.125,-1.125,0.0,False,False,meta-llama/Meta-Llama-3.1-8B-Instruct,0e9e39f249a16976918f6564b8830bc894c89659
42,heldout,9,68,4,28,answer_position,2.125,-1.125,2.125,3.25,False,True,meta-llama/Meta-Llama-3.1-8B-Instruct,0e9e39f249a16976918f6564b8830bc894c89659
42,heldout,9,68,4,28,number_tokens,2.125,-1.125,-1.125,0.0,False,False,meta-llama/Meta-Llama-3.1-8B-Instruct,0e9e39f249a16976918f6564b8830bc894c89659
42,heldout,9,68,4,28,random_positions,2.125,-1.125,-1.0,0.125,False,False,meta-llama/Meta-Llama-3.1-8B-Instruct,0e9e39f249a16976918f6564b8830bc894c89659
42,heldout,9,68,4,29,answer_position,2.125,-1.125,2.125,3.25,False,True,meta-llama/Meta-Llama-3.1-8B-Instruct,0e9e39f249a16976918f6564b8830bc894c89659
42,heldout,9,68,4,29,number_tokens,2.125,-1.125,-1.125,0.0,False,False,meta-llama/Meta-Llama-3.1-8B-Instruct,0e9e39f249a16976918f6564b8830bc894c89659
42,heldout,9,68,4,29,random_positions,2.125,-1.125,-1.125,0.0,False,False,meta-llama/Meta-Llama-3.1-8B-Instruct,0e9e39f249a16976918f6564b8830bc894c89659
42,heldout,9,68,4,30,answer_position,2.125,-1.125,2.25,3.375,False,True,meta-llama/Meta-Llama-3.1-8B-Instruct,0e9e39f249a16976918f6564b8830bc894c89659
42,heldout,9,68,4,30,number_tokens,2.125,-1.125,-1.0,0.125,False,False,meta-llama/Meta-Llama-3.1-8B-Instruct,0e9e39f249a16976918f6564b8830bc894c89659
42,heldout,9,68,4,30,random_positions,2.125,-1.125,-1.125,0.0,False,False,meta-llama/Meta-Llama-3.1-8B-Instruct,0e9e39f249a16976918f6564b8830bc894c89659
42,heldout,9,68,4,31,answer_position,2.125,-1.125,2.125,3.25,False,True,meta-llama/Meta-Llama-3.1-8B-Instruct,0e9e39f249a16976918f6564b8830bc894c89659
42,heldout,9,68,4,31,number_tokens,2.125,-1.125,-1.125,0.0,False,False,meta-llama/Meta-Llama-3.1-8B-Instruct,0e9e39f249a16976918f6564b8830bc894c89659
42,heldout,9,68,4,31,random_positions,2.125,-1.125,-1.125,0.0,False,False,meta-llama/Meta-Llama-3.1-8B-Instruct,0e9e39f249a16976918f6564b8830bc894c89659
43,heldout,9,69,2,0,answer_position,0.75,-2.875,-2.75,0.125,False,False,meta-llama/Meta-Llama-3.1-8B-Instruct,0e9e39f249a16976918f6564b8830bc894c89659
43,heldout,9,69,2,0,number_tokens,0.75,-2.875,-2.75,0.125,False,False,meta-llama/Meta-Llama-3.1-8B-Instruct,0e9e39f249a16976918f6564b8830bc894c89659
43,heldout,9,69,2,0,random_positions,0.75,-2.875,-2.625,0.25,False,False,meta-llama/Meta-Llama-3.1-8B-Instruct,0e9e39f249a16976918f6564b8830bc894c89659
43,heldout,9,69,2,1,answer_position,0.75,-2.875,-2.75,0.125,False,False,meta-llama/Meta-Llama-3.1-8B-Instruct,0e9e39f249a16976918f6564b8830bc894c89659
43,heldout,9,69,2,1,number_tokens,0.75,-2.875,-3.5,-0.625,False,False,meta-llama/Meta-Llama-3.1-8B-Instruct,0e9e39f249a16976918f6564b8830bc894c89659
43,heldout,9,69,2,1,random_positions,0.75,-2.875,-2.75,0.125,False,False,meta-llama/Meta-Llama-3.1-8B-Instruct,0e9e39f249a16976918f6564b8830bc894c89659
43,heldout,9,69,2,2,answer_position,0.75,-2.875,-2.75,0.125,False,False,meta-llama/Meta-Llama-3.1-8B-Instruct,0e9e39f249a16976918f6564b8830bc894c89659
43,heldout,9,69,2,2,number_tokens,0.75,-2.875,-6.625,-3.75,False,False,meta-llama/Meta-Llama-3.1-8B-Instruct,0e9e39f249a16976918f6564b8830bc894c89659
43,heldout,9,69,2,2,random_positions,0.75,-2.875,-2.75,0.125,False,False,meta-llama/Meta-Llama-3.1-8B-Instruct,0e9e39f249a16976918f6564b8830bc894c89659
43,heldout,9,69,2,3,answer_position,0.75,-2.875,-2.75,0.125,False,False,meta-llama/Meta-Llama-3.1-8B-Instruct,0e9e39f249a16976918f6564b8830bc894c89659
43,heldout,9,69,2,3,number_tokens,0.75,-2.875,-6.0,-3.125,False,False,meta-llama/Meta-Llama-3.1-8B-Instruct,0e9e39f249a16976918f6564b8830bc894c89659
43,heldout,9,69,2,3,random_positions,0.75,-2.875,-2.75,0.125,False,False,meta-llama/Meta-Llama-3.1-8B-Instruct,0e9e39f249a16976918f6564b8830bc894c89659
43,heldout,9,69,2,4,answer_position,0.75,-2.875,-2.75,0.125,False,False,meta-llama/Meta-Llama-3.1-8B-Instruct,0e9e39f249a16976918f6564b8830bc894c89659
43,heldout,9,69,2,4,number_tokens,0.75,-2.875,-6.875,-4.0,False,False,meta-llama/Meta-Llama-3.1-8B-Instruct,0e9e39f249a16976918f6564b8830bc894c89659
43,heldout,9,69,2,4,random_positions,0.75,-2.875,-2.625,0.25,False,False,meta-llama/Meta-Llama-3.1-8B-Instruct,0e9e39f249a16976918f6564b8830bc894c89659
43,heldout,9,69,2,5,answer_position,0.75,-2.875,-2.75,0.125,False,False,meta-llama/Meta-Llama-3.1-8B-Instruct,0e9e39f249a16976918f6564b8830bc894c89659
43,heldout,9,69,2,5,number_tokens,0.75,-2.875,-7.625,-4.75,False,False,meta-llama/Meta-Llama-3.1-8B-Instruct,0e9e39f249a16976918f6564b8830bc894c89659
43,heldout,9,69,2,5,random_positions,0.75,-2.875,-2.75,0.125,False,False,meta-llama/Meta-Llama-3.1-8B-Instruct,0e9e39f249a16976918f6564b8830bc894c89659
43,heldout,9,69,2,6,answer_position,0.75,-2.875,-2.75,0.125,False,False,meta-llama/Meta-Llama-3.1-8B-Instruct,0e9e39f249a16976918f6564b8830bc894c89659
43,heldout,9,69,2,6,number_tokens,0.75,-2.875,-6.125,-3.25,False,False,meta-llama/Meta-Llama-3.1-8B-Instruct,0e9e39f249a16976918f6564b8830bc894c89659
43,heldout,9,69,2,6,random_positions,0.75,-2.875,-2.75,0.125,False,False,meta-llama/Meta-Llama-3.1-8B-Instruct,0e9e39f249a16976918f6564b8830bc894c89659
43,heldout,9,69,2,7,answer_position,0.75,-2.875,-2.75,0.125,False,False,meta-llama/Meta-Llama-3.1-8B-Instruct,0e9e39f249a16976918f6564b8830bc894c89659
43,heldout,9,69,2,7,number_tokens,0.75,-2.875,-5.0,-2.125,False,False,meta-llama/Meta-Llama-3.1-8B-Instruct,0e9e39f249a16976918f6564b8830bc894c89659
43,heldout,9,69,2,7,random_positions,0.75,-2.875,-2.75,0.125,False,False,meta-llama/Meta-Llama-3.1-8B-Instruct,0e9e39f249a16976918f6564b8830bc894c89659
43,heldout,9,69,2,8,answer_position,0.75,-2.875,-2.75,0.125,False,False,meta-llama/Meta-Llama-3.1-8B-Instruct,0e9e39f249a16976918f6564b8830bc894c89659
43,heldout,9,69,2,8,number_tokens,0.75,-2.875,-3.25,-0.375,False,False,meta-llama/Meta-Llama-3.1-8B-Instruct,0e9e39f249a16976918f6564b8830bc894c89659
43,heldout,9,69,2,8,random_positions,0.75,-2.875,-2.75,0.125,False,False,meta-llama/Meta-Llama-3.1-8B-Instruct,0e9e39f249a16976918f6564b8830bc894c89659
43,heldout,9,69,2,9,answer_position,0.75,-2.875,-2.75,0.125,False,False,meta-llama/Meta-Llama-3.1-8B-Instruct,0e9e39f249a16976918f6564b8830bc894c89659
43,heldout,9,69,2,9,number_tokens,0.75,-2.875,-3.375,-0.5,False,False,meta-llama/Meta-Llama-3.1-8B-Instruct,0e9e39f249a16976918f6564b8830bc894c89659
43,heldout,9,69,2,9,random_positions,0.75,-2.875,-2.625,0.25,False,False,meta-llama/Meta-Llama-3.1-8B-Instruct,0e9e39f249a16976918f6564b8830bc894c89659
43,heldout,9,69,2,10,answer_position,0.75,-2.875,-2.875,0.0,False,False,meta-llama/Meta-Llama-3.1-8B-Instruct,0e9e39f249a16976918f6564b8830bc894c89659
43,heldout,9,69,2,10,number_tokens,0.75,-2.875,-3.375,-0.5,False,False,meta-llama/Meta-Llama-3.1-8B-Instruct,0e9e39f249a16976918f6564b8830bc894c89659
43,heldout,9,69,2,10,random_positions,0.75,-2.875,-2.75,0.125,False,False,meta-llama/Meta-Llama-3.1-8B-Instruct,0e9e39f249a16976918f6564b8830bc894c89659
43,heldout,9,69,2,11,answer_position,0.75,-2.875,-2.75,0.125,False,False,meta-llama/Meta-Llama-3.1-8B-Instruct,0e9e39f249a16976918f6564b8830bc894c89659
43,heldout,9,69,2,11,number_tokens,0.75,-2.875,-2.875,0.0,False,False,meta-llama/Meta-Llama-3.1-8B-Instruct,0e9e39f249a16976918f6564b8830bc894c89659
43,heldout,9,69,2,11,random_positions,0.75,-2.875,-2.75,0.125,False,False,meta-llama/Meta-Llama-3.1-8B-Instruct,0e9e39f249a16976918f6564b8830bc894c89659
43,heldout,9,69,2,12,answer_position,0.75,-2.875,-2.75,0.125,False,False,meta-llama/Meta-Llama-3.1-8B-Instruct,0e9e39f249a16976918f6564b8830bc894c89659
43,heldout,9,69,2,12,number_tokens,0.75,-2.875,-2.875,0.0,False,False,meta-llama/Meta-Llama-3.1-8B-Instruct,0e9e39f249a16976918f6564b8830bc894c89659
43,heldout,9,69,2,12,random_positions,0.75,-2.875,-2.75,0.125,False,False,meta-llama/Meta-Llama-3.1-8B-Instruct,0e9e39f249a16976918f6564b8830bc894c89659
43,heldout,9,69,2,13,answer_position,0.75,-2.875,-2.25,0.625,False,False,meta-llama/Meta-Llama-3.1-8B-Instruct,0e9e39f249a16976918f6564b8830bc894c89659
43,heldout,9,69,2,13,number_tokens,0.75,-2.875,-2.625,0.25,False,False,meta-llama/Meta-Llama-3.1-8B-Instruct,0e9e39f249a16976918f6564b8830bc894c89659
43,heldout,9,69,2,13,random_positions,0.75,-2.875,-2.875,0.0,False,False,meta-llama/Meta-Llama-3.1-8B-Instruct,0e9e39f249a16976918f6564b8830bc894c89659
43,heldout,9,69,2,14,answer_position,0.75,-2.875,-1.25,1.625,False,False,meta-llama/Meta-Llama-3.1-8B-Instruct,0e9e39f249a16976918f6564b8830bc894c89659
43,heldout,9,69,2,14,number_tokens,0.75,-2.875,-2.75,0.125,False,False,meta-llama/Meta-Llama-3.1-8B-Instruct,0e9e39f249a16976918f6564b8830bc894c89659
43,heldout,9,69,2,14,random_positions,0.75,-2.875,-2.875,0.0,False,False,meta-llama/Meta-Llama-3.1-8B-Instruct,0e9e39f249a16976918f6564b8830bc894c89659
43,heldout,9,69,2,15,answer_position,0.75,-2.875,-1.125,1.75,False,False,meta-llama/Meta-Llama-3.1-8B-Instruct,0e9e39f249a16976918f6564b8830bc894c89659
43,heldout,9,69,2,15,number_tokens,0.75,-2.875,-2.875,0.0,False,False,meta-llama/Meta-Llama-3.1-8B-Instruct,0e9e39f249a16976918f6564b8830bc894c89659
43,heldout,9,69,2,15,random_positions,0.75,-2.875,-2.875,0.0,False,False,meta-llama/Meta-Llama-3.1-8B-Instruct,0e9e39f249a16976918f6564b8830bc894c89659
43,heldout,9,69,2,16,answer_position,0.75,-2.875,-1.5,1.375,False,False,meta-llama/Meta-Llama-3.1-8B-Instruct,0e9e39f249a16976918f6564b8830bc894c89659
43,heldout,9,69,2,16,number_tokens,0.75,-2.875,-2.75,0.125,False,False,meta-llama/Meta-Llama-3.1-8B-Instruct,0e9e39f249a16976918f6564b8830bc894c89659
43,heldout,9,69,2,16,random_positions,0.75,-2.875,-2.75,0.125,False,False,meta-llama/Meta-Llama-3.1-8B-Instruct,0e9e39f249a16976918f6564b8830bc894c89659
43,heldout,9,69,2,17,answer_position,0.75,-2.875,0.125,3.0,False,True,meta-llama/Meta-Llama-3.1-8B-Instruct,0e9e39f249a16976918f6564b8830bc894c89659
43,heldout,9,69,2,17,number_tokens,0.75,-2.875,-2.875,0.0,False,False,meta-llama/Meta-Llama-3.1-8B-Instruct,0e9e39f249a16976918f6564b8830bc894c89659
43,heldout,9,69,2,17,random_positions,0.75,-2.875,-2.75,0.125,False,False,meta-llama/Meta-Llama-3.1-8B-Instruct,0e9e39f249a16976918f6564b8830bc894c89659
43,heldout,9,69,2,18,answer_position,0.75,-2.875,0.875,3.75,False,True,meta-llama/Meta-Llama-3.1-8B-Instruct,0e9e39f249a16976918f6564b8830bc894c89659
43,heldout,9,69,2,18,number_tokens,0.75,-2.875,-2.75,0.125,False,False,meta-llama/Meta-Llama-3.1-8B-Instruct,0e9e39f249a16976918f6564b8830bc894c89659
43,heldout,9,69,2,18,random_positions,0.75,-2.875,-2.75,0.125,False,False,meta-llama/Meta-Llama-3.1-8B-Instruct,0e9e39f249a16976918f6564b8830bc894c89659
43,heldout,9,69,2,19,answer_position,0.75,-2.875,0.75,3.625,False,True,meta-llama/Meta-Llama-3.1-8B-Instruct,0e9e39f249a16976918f6564b8830bc894c89659
43,heldout,9,69,2,19,number_tokens,0.75,-2.875,-2.75,0.125,False,False,meta-llama/Meta-Llama-3.1-8B-Instruct,0e9e39f249a16976918f6564b8830bc894c89659
43,heldout,9,69,2,19,random_positions,0.75,-2.875,-2.75,0.125,False,False,meta-llama/Meta-Llama-3.1-8B-Instruct,0e9e39f249a16976918f6564b8830bc894c89659
43,heldout,9,69,2,20,answer_position,0.75,-2.875,0.875,3.75,False,True,meta-llama/Meta-Llama-3.1-8B-Instruct,0e9e39f249a16976918f6564b8830bc894c89659
43,heldout,9,69,2,20,number_tokens,0.75,-2.875,-2.75,0.125,False,False,meta-llama/Meta-Llama-3.1-8B-Instruct,0e9e39f249a16976918f6564b8830bc894c89659
43,heldout,9,69,2,20,random_positions,0.75,-2.875,-2.75,0.125,False,False,meta-llama/Meta-Llama-3.1-8B-Instruct,0e9e39f249a16976918f6564b8830bc894c89659
43,heldout,9,69,2,21,answer_position,0.75,-2.875,0.875,3.75,False,True,meta-llama/Meta-Llama-3.1-8B-Instruct,0e9e39f249a16976918f6564b8830bc894c89659
43,heldout,9,69,2,21,number_tokens,0.75,-2.875,-2.875,0.0,False,False,meta-llama/Meta-Llama-3.1-8B-Instruct,0e9e39f249a16976918f6564b8830bc894c89659
43,heldout,9,69,2,21,random_positions,0.75,-2.875,-2.75,0.125,False,False,meta-llama/Meta-Llama-3.1-8B-Instruct,0e9e39f249a16976918f6564b8830bc894c89659
43,heldout,9,69,2,22,answer_position,0.75,-2.875,0.75,3.625,False,True,meta-llama/Meta-Llama-3.1-8B-Instruct,0e9e39f249a16976918f6564b8830bc894c89659
43,heldout,9,69,2,22,number_tokens,0.75,-2.875,-2.75,0.125,False,False,meta-llama/Meta-Llama-3.1-8B-Instruct,0e9e39f249a16976918f6564b8830bc894c89659
43,heldout,9,69,2,22,random_positions,0.75,-2.875,-2.75,0.125,False,False,meta-llama/Meta-Llama-3.1-8B-Instruct,0e9e39f249a16976918f6564b8830bc894c89659
43,heldout,9,69,2,23,answer_position,0.75,-2.875,0.875,3.75,False,True,meta-llama/Meta-Llama-3.1-8B-Instruct,0e9e39f249a16976918f6564b8830bc894c89659
43,heldout,9,69,2,23,number_tokens,0.75,-2.875,-2.75,0.125,False,False,meta-llama/Meta-Llama-3.1-8B-Instruct,0e9e39f249a16976918f6564b8830bc894c89659
43,heldout,9,69,2,23,random_positions,0.75,-2.875,-2.75,0.125,False,False,meta-llama/Meta-Llama-3.1-8B-Instruct,0e9e39f249a16976918f6564b8830bc894c89659
43,heldout,9,69,2,24,answer_position,0.75,-2.875,0.75,3.625,False,True,meta-llama/Meta-Llama-3.1-8B-Instruct,0e9e39f249a16976918f6564b8830bc894c89659
43,heldout,9,69,2,24,number_tokens,0.75,-2.875,-2.75,0.125,False,False,meta-llama/Meta-Llama-3.1-8B-Instruct,0e9e39f249a16976918f6564b8830bc894c89659
43,heldout,9,69,2,24,random_positions,0.75,-2.875,-2.75,0.125,False,False,meta-llama/Meta-Llama-3.1-8B-Instruct,0e9e39f249a16976918f6564b8830bc894c89659
43,heldout,9,69,2,25,answer_position,0.75,-2.875,0.75,3.625,False,True,meta-llama/Meta-Llama-3.1-8B-Instruct,0e9e39f249a16976918f6564b8830bc894c89659
43,heldout,9,69,2,25,number_tokens,0.75,-2.875,-2.75,0.125,False,False,meta-llama/Meta-Llama-3.1-8B-Instruct,0e9e39f249a16976918f6564b8830bc894c89659
43,heldout,9,69,2,25,random_positions,0.75,-2.875,-2.75,0.125,False,False,meta-llama/Meta-Llama-3.1-8B-Instruct,0e9e39f249a16976918f6564b8830bc894c89659
43,heldout,9,69,2,26,answer_position,0.75,-2.875,0.75,3.625,False,True,meta-llama/Meta-Llama-3.1-8B-Instruct,0e9e39f249a16976918f6564b8830bc894c89659
43,heldout,9,69,2,26,number_tokens,0.75,-2.875,-2.75,0.125,False,False,meta-llama/Meta-Llama-3.1-8B-Instruct,0e9e39f249a16976918f6564b8830bc894c89659
43,heldout,9,69,2,26,random_positions,0.75,-2.875,-2.75,0.125,False,False,meta-llama/Meta-Llama-3.1-8B-Instruct,0e9e39f249a16976918f6564b8830bc894c89659
43,heldout,9,69,2,27,answer_position,0.75,-2.875,0.75,3.625,False,True,meta-llama/Meta-Llama-3.1-8B-Instruct,0e9e39f249a16976918f6564b8830bc894c89659
43,heldout,9,69,2,27,number_tokens,0.75,-2.875,-2.75,0.125,False,False,meta-llama/Meta-Llama-3.1-8B-Instruct,0e9e39f249a16976918f6564b8830bc894c89659
43,heldout,9,69,2,27,random_positions,0.75,-2.875,-2.75,0.125,False,False,meta-llama/Meta-Llama-3.1-8B-Instruct,0e9e39f249a16976918f6564b8830bc894c89659
43,heldout,9,69,2,28,answer_position,0.75,-2.875,0.75,3.625,False,True,meta-llama/Meta-Llama-3.1-8B-Instruct,0e9e39f249a16976918f6564b8830bc894c89659
43,heldout,9,69,2,28,number_tokens,0.75,-2.875,-2.75,0.125,False,False,meta-llama/Meta-Llama-3.1-8B-Instruct,0e9e39f249a16976918f6564b8830bc894c89659
43,heldout,9,69,2,28,random_positions,0.75,-2.875,-2.75,0.125,False,False,meta-llama/Meta-Llama-3.1-8B-Instruct,0e9e39f249a16976918f6564b8830bc894c89659
43,heldout,9,69,2,29,answer_position,0.75,-2.875,0.625,3.5,False,True,meta-llama/Meta-Llama-3.1-8B-Instruct,0e9e39f249a16976918f6564b8830bc894c89659
43,heldout,9,69,2,29,number_tokens,0.75,-2.875,-2.875,0.0,False,False,meta-llama/Meta-Llama-3.1-8B-Instruct,0e9e39f249a16976918f6564b8830bc894c89659
43,heldout,9,69,2,29,random_positions,0.75,-2.875,-2.75,0.125,False,False,meta-llama/Meta-Llama-3.1-8B-Instruct,0e9e39f249a16976918f6564b8830bc894c89659
43,heldout,9,69,2,30,answer_position,0.75,-2.875,0.75,3.625,False,True,meta-llama/Meta-Llama-3.1-8B-Instruct,0e9e39f249a16976918f6564b8830bc894c89659
43,heldout,9,69,2,30,number_tokens,0.75,-2.875,-2.75,0.125,False,False,meta-llama/Meta-Llama-3.1-8B-Instruct,0e9e39f249a16976918f6564b8830bc894c89659
43,heldout,9,69,2,30,random_positions,0.75,-2.875,-2.875,0.0,False,False,meta-llama/Meta-Llama-3.1-8B-Instruct,0e9e39f249a16976918f6564b8830bc894c89659
43,heldout,9,69,2,31,answer_position,0.75,-2.875,0.75,3.625,False,True,meta-llama/Meta-Llama-3.1-8B-Instruct,0e9e39f249a16976918f6564b8830bc894c89659
43,heldout,9,69,2,31,number_tokens,0.75,-2.875,-2.875,0.0,False,False,meta-llama/Meta-Llama-3.1-8B-Instruct,0e9e39f249a16976918f6564b8830bc894c89659
43,heldout,9,69,2,31,random_positions,0.75,-2.875,-2.875,0.0,False,False,meta-llama/Meta-Llama-3.1-8B-Instruct,0e9e39f249a16976918f6564b8830bc894c89659
44,heldout,9,70,3,0,answer_position,1.625,-1.875,-1.875,0.0,False,False,meta-llama/Meta-Llama-3.1-8B-Instruct,0e9e39f249a16976918f6564b8830bc894c89659
44,heldout,9,70,3,0,number_tokens,1.625,-1.875,-1.875,0.0,False,False,meta-llama/Meta-Llama-3.1-8B-Instruct,0e9e39f249a16976918f6564b8830bc894c89659
44,heldout,9,70,3,0,random_positions,1.625,-1.875,-1.75,0.125,False,False,meta-llama/Meta-Llama-3.1-8B-Instruct,0e9e39f249a16976918f6564b8830bc894c89659
44,heldout,9,70,3,1,answer_position,1.625,-1.875,-1.875,0.0,False,False,meta-llama/Meta-Llama-3.1-8B-Instruct,0e9e39f249a16976918f6564b8830bc894c89659
44,heldout,9,70,3,1,number_tokens,1.625,-1.875,-2.0,-0.125,False,False,meta-llama/Meta-Llama-3.1-8B-Instruct,0e9e39f249a16976918f6564b8830bc894c89659
44,heldout,9,70,3,1,random_positions,1.625,-1.875,-1.75,0.125,False,False,meta-llama/Meta-Llama-3.1-8B-Instruct,0e9e39f249a16976918f6564b8830bc894c89659
44,heldout,9,70,3,2,answer_position,1.625,-1.875,-1.75,0.125,False,False,meta-llama/Meta-Llama-3.1-8B-Instruct,0e9e39f249a16976918f6564b8830bc894c89659
44,heldout,9,70,3,2,number_tokens,1.625,-1.875,-3.375,-1.5,False,False,meta-llama/Meta-Llama-3.1-8B-Instruct,0e9e39f249a16976918f6564b8830bc894c89659
44,heldout,9,70,3,2,random_positions,1.625,-1.875,-1.5,0.375,False,False,meta-llama/Meta-Llama-3.1-8B-Instruct,0e9e39f249a16976918f6564b8830bc894c89659
44,heldout,9,70,3,3,answer_position,1.625,-1.875,-1.875,0.0,False,False,meta-llama/Meta-Llama-3.1-8B-Instruct,0e9e39f249a16976918f6564b8830bc894c89659
44,heldout,9,70,3,3,number_tokens,1.625,-1.875,-4.0,-2.125,False,False,meta-llama/Meta-Llama-3.1-8B-Instruct,0e9e39f249a16976918f6564b8830bc894c89659
44,heldout,9,70,3,3,random_positions,1.625,-1.875,-1.625,0.25,False,False,meta-llama/Meta-Llama-3.1-8B-Instruct,0e9e39f249a16976918f6564b8830bc894c89659
44,heldout,9,70,3,4,answer_position,1.625,-1.875,-1.875,0.0,False,False,meta-llama/Meta-Llama-3.1-8B-Instruct,0e9e39f249a16976918f6564b8830bc894c89659
44,heldout,9,70,3,4,number_tokens,1.625,-1.875,-4.25,-2.375,False,False,meta-llama/Meta-Llama-3.1-8B-Instruct,0e9e39f249a16976918f6564b8830bc894c89659
44,heldout,9,70,3,4,random_positions,1.625,-1.875,-1.125,0.75,False,False,meta-llama/Meta-Llama-3.1-8B-Instruct,0e9e39f249a16976918f6564b8830bc894c89659
44,heldout,9,70,3,5,answer_position,1.625,-1.875,-1.75,0.125,False,False,meta-llama/Meta-Llama-3.1-8B-Instruct,0e9e39f249a16976918f6564b8830bc894c89659
44,heldout,9,70,3,5,number_tokens,1.625,-1.875,-7.875,-6.0,False,False,meta-llama/Meta-Llama-3.1-8B-Instruct,0e9e39f249a16976918f6564b8830bc894c89659
44,heldout,9,70,3,5,random_positions,1.625,-1.875,-1.0,0.875,False,False,meta-llama/Meta-Llama-3.1-8B-Instruct,0e9e39f249a16976918f6564b8830bc894c89659
44,heldout,9,70,3,6,answer_position,1.625,-1.875,-1.875,0.0,False,False,meta-llama/Meta-Llama-3.1-8B-Instruct,0e9e39f249a16976918f6564b8830bc894c89659
44,heldout,9,70,3,6,number_tokens,1.625,-1.875,-6.25,-4.375,False,False,meta-llama/Meta-Llama-3.1-8B-Instruct,0e9e39f249a16976918f6564b8830bc894c89659
44,heldout,9,70,3,6,random_positions,1.625,-1.875,-0.5,1.375,False,False,meta-llama/Meta-Llama-3.1-8B-Instruct,0e9e39f249a16976918f6564b8830bc894c89659
44,heldout,9,70,3,7,answer_position,1.625,-1.875,-1.875,0.0,False,False,meta-llama/Meta-Llama-3.1-8B-Instruct,0e9e39f249a16976918f6564b8830bc894c89659
44,heldout,9,70,3,7,number_tokens,1.625,-1.875,-4.25,-2.375,False,False,meta-llama/Meta-Llama-3.1-8B-Instruct,0e9e39f249a16976918f6564b8830bc894c89659
44,heldout,9,70,3,7,random_positions,1.625,-1.875,0.125,2.0,False,True,meta-llama/Meta-Llama-3.1-8B-Instruct,0e9e39f249a16976918f6564b8830bc894c89659
44,heldout,9,70,3,8,answer_position,1.625,-1.875,-1.75,0.125,False,False,meta-llama/Meta-Llama-3.1-8B-Instruct,0e9e39f249a16976918f6564b8830bc894c89659
44,heldout,9,70,3,8,number_tokens,1.625,-1.875,-2.25,-0.375,False,False,meta-llama/Meta-Llama-3.1-8B-Instruct,0e9e39f249a16976918f6564b8830bc894c89659
44,heldout,9,70,3,8,random_positions,1.625,-1.875,0.5,2.375,False,True,meta-llama/Meta-Llama-3.1-8B-Instruct,0e9e39f249a16976918f6564b8830bc894c89659
44,heldout,9,70,3,9,answer_position,1.625,-1.875,-1.875,0.0,False,False,meta-llama/Meta-Llama-3.1-8B-Instruct,0e9e39f249a16976918f6564b8830bc894c89659
44,heldout,9,70,3,9,number_tokens,1.625,-1.875,-2.25,-0.375,False,False,meta-llama/Meta-Llama-3.1-8B-Instruct,0e9e39f249a16976918f6564b8830bc894c89659
44,heldout,9,70,3,9,random_positions,1.625,-1.875,0.0,1.875,False,False,meta-llama/Meta-Llama-3.1-8B-Instruct,0e9e39f249a16976918f6564b8830bc894c89659
44,heldout,9,70,3,10,answer_position,1.625,-1.875,-1.75,0.125,False,False,meta-llama/Meta-Llama-3.1-8B-Instruct,0e9e39f249a16976918f6564b8830bc894c89659
44,heldout,9,70,3,10,number_tokens,1.625,-1.875,-1.625,0.25,False,False,meta-llama/Meta-Llama-3.1-8B-Instruct,0e9e39f249a16976918f6564b8830bc894c89659
44,heldout,9,70,3,10,random_positions,1.625,-1.875,0.0,1.875,False,False,meta-llama/Meta-Llama-3.1-8B-Instruct,0e9e39f249a16976918f6564b8830bc894c89659
44,heldout,9,70,3,11,answer_position,1.625,-1.875,-1.875,0.0,False,False,meta-llama/Meta-Llama-3.1-8B-Instruct,0e9e39f249a16976918f6564b8830bc894c89659
44,heldout,9,70,3,11,number_tokens,1.625,-1.875,-1.625,0.25,False,False,meta-llama/Meta-Llama-3.1-8B-Instruct,0e9e39f249a16976918f6564b8830bc894c89659
44,heldout,9,70,3,11,random_positions,1.625,-1.875,0.25,2.125,False,True,meta-llama/Meta-Llama-3.1-8B-Instruct,0e9e39f249a16976918f6564b8830bc894c89659
44,heldout,9,70,3,12,answer_position,1.625,-1.875,-1.75,0.125,False,False,meta-llama/Meta-Llama-3.1-8B-Instruct,0e9e39f249a16976918f6564b8830bc894c89659
44,heldout,9,70,3,12,number_tokens,1.625,-1.875,-1.75,0.125,False,False,meta-llama/Meta-Llama-3.1-8B-Instruct,0e9e39f249a16976918f6564b8830bc894c89659
44,heldout,9,70,3,12,random_positions,1.625,-1.875,-0.5,1.375,False,False,meta-llama/Meta-Llama-3.1-8B-Instruct,0e9e39f249a16976918f6564b8830bc894c89659
44,heldout,9,70,3,13,answer_position,1.625,-1.875,-1.5,0.375,False,False,meta-llama/Meta-Llama-3.1-8B-Instruct,0e9e39f249a16976918f6564b8830bc894c89659
44,heldout,9,70,3,13,number_tokens,1.625,-1.875,-1.75,0.125,False,False,meta-llama/Meta-Llama-3.1-8B-Instruct,0e9e39f249a16976918f6564b8830bc894c89659
44,heldout,9,70,3,13,random_positions,1.625,-1.875,-0.875,1.0,False,False,meta-llama/Meta-Llama-3.1-8B-Instruct,0e9e39f249a16976918f6564b8830bc894c89659
44,heldout,9,70,3,14,answer_position,1.625,-1.875,-1.25,0.625,False,False,meta-llama/Meta-Llama-3.1-8B-Instruct,0e9e39f249a16976918f6564b8830bc894c89659
44,heldout,9,70,3,14,number_tokens,1.625,-1.875,-1.75,0.125,False,False,meta-llama/Meta-Llama-3.1-8B-Instruct,0e9e39f249a16976918f6564b8830bc894c89659
44,heldout,9,70,3,14,random_positions,1.625,-1.875,-1.75,0.125,False,False,meta-llama/Meta-Llama-3.1-8B-Instruct,0e9e39f249a16976918f6564b8830bc894c89659
44,heldout,9,70,3,15,answer_position,1.625,-1.875,-0.875,1.0,False,False,meta-llama/Meta-Llama-3.1-8B-Instruct,0e9e39f249a16976918f6564b8830bc894c89659
44,heldout,9,70,3,15,number_tokens,1.625,-1.875,-1.875,0.0,False,False,meta-llama/Meta-Llama-3.1-8B-Instruct,0e9e39f249a16976918f6564b8830bc894c89659
44,heldout,9,70,3,15,random_positions,1.625,-1.875,-1.75,0.125,False,False,meta-llama/Meta-Llama-3.1-8B-Instruct,0e9e39f249a16976918f6564b8830bc894c89659
44,heldout,9,70,3,16,answer_position,1.625,-1.875,-1.625,0.25,False,False,meta-llama/Meta-Llama-3.1-8B-Instruct,0e9e39f249a16976918f6564b8830bc894c89659
44,heldout,9,70,3,16,number_tokens,1.625,-1.875,-1.875,0.0,False,False,meta-llama/Meta-Llama-3.1-8B-Instruct,0e9e39f249a16976918f6564b8830bc894c89659
44,heldout,9,70,3,16,random_positions,1.625,-1.875,-1.625,0.25,False,False,meta-llama/Meta-Llama-3.1-8B-Instruct,0e9e39f249a16976918f6564b8830bc894c89659
44,heldout,9,70,3,17,answer_position,1.625,-1.875,1.375,3.25,False,True,meta-llama/Meta-Llama-3.1-8B-Instruct,0e9e39f249a16976918f6564b8830bc894c89659
44,heldout,9,70,3,17,number_tokens,1.625,-1.875,-1.875,0.0,False,False,meta-llama/Meta-Llama-3.1-8B-Instruct,0e9e39f249a16976918f6564b8830bc894c89659
44,heldout,9,70,3,17,random_positions,1.625,-1.875,-1.75,0.125,False,False,meta-llama/Meta-Llama-3.1-8B-Instruct,0e9e39f249a16976918f6564b8830bc894c89659
44,heldout,9,70,3,18,answer_position,1.625,-1.875,1.5,3.375,False,True,meta-llama/Meta-Llama-3.1-8B-Instruct,0e9e39f249a16976918f6564b8830bc894c89659
44,heldout,9,70,3,18,number_tokens,1.625,-1.875,-1.875,0.0,False,False,meta-llama/Meta-Llama-3.1-8B-Instruct,0e9e39f249a16976918f6564b8830bc894c89659
44,heldout,9,70,3,18,random_positions,1.625,-1.875,-1.75,0.125,False,False,meta-llama/Meta-Llama-3.1-8B-Instruct,0e9e39f249a16976918f6564b8830bc894c89659
44,heldout,9,70,3,19,answer_position,1.625,-1.875,1.5,3.375,False,True,meta-llama/Meta-Llama-3.1-8B-Instruct,0e9e39f249a16976918f6564b8830bc894c89659
44,heldout,9,70,3,19,number_tokens,1.625,-1.875,-1.75,0.125,False,False,meta-llama/Meta-Llama-3.1-8B-Instruct,0e9e39f249a16976918f6564b8830bc894c89659
44,heldout,9,70,3,19,random_positions,1.625,-1.875,-1.75,0.125,False,False,meta-llama/Meta-Llama-3.1-8B-Instruct,0e9e39f249a16976918f6564b8830bc894c89659
44,heldout,9,70,3,20,answer_position,1.625,-1.875,1.5,3.375,False,True,meta-llama/Meta-Llama-3.1-8B-Instruct,0e9e39f249a16976918f6564b8830bc894c89659
44,heldout,9,70,3,20,number_tokens,1.625,-1.875,-1.875,0.0,False,False,meta-llama/Meta-Llama-3.1-8B-Instruct,0e9e39f249a16976918f6564b8830bc894c89659
44,heldout,9,70,3,20,random_positions,1.625,-1.875,-1.75,0.125,False,False,meta-llama/Meta-Llama-3.1-8B-Instruct,0e9e39f249a16976918f6564b8830bc894c89659
44,heldout,9,70,3,21,answer_position,1.625,-1.875,1.625,3.5,False,True,meta-llama/Meta-Llama-3.1-8B-Instruct,0e9e39f249a16976918f6564b8830bc894c89659
44,heldout,9,70,3,21,number_tokens,1.625,-1.875,-1.875,0.0,False,False,meta-llama/Meta-Llama-3.1-8B-Instruct,0e9e39f249a16976918f6564b8830bc894c89659
44,heldout,9,70,3,21,random_positions,1.625,-1.875,-1.875,0.0,False,False,meta-llama/Meta-Llama-3.1-8B-Instruct,0e9e39f249a16976918f6564b8830bc894c89659
44,heldout,9,70,3,22,answer_position,1.625,-1.875,1.5,3.375,False,True,meta-llama/Meta-Llama-3.1-8B-Instruct,0e9e39f249a16976918f6564b8830bc894c89659
44,heldout,9,70,3,22,number_tokens,1.625,-1.875,-1.875,0.0,False,False,meta-llama/Meta-Llama-3.1-8B-Instruct,0e9e39f249a16976918f6564b8830bc894c89659
44,heldout,9,70,3,22,random_positions,1.625,-1.875,-1.75,0.125,False,False,meta-llama/Meta-Llama-3.1-8B-Instruct,0e9e39f249a16976918f6564b8830bc894c89659
44,heldout,9,70,3,23,answer_position,1.625,-1.875,1.5,3.375,False,True,meta-llama/Meta-Llama-3.1-8B-Instruct,0e9e39f249a16976918f6564b8830bc894c89659
44,heldout,9,70,3,23,number_tokens,1.625,-1.875,-1.875,0.0,False,False,meta-llama/Meta-Llama-3.1-8B-Instruct,0e9e39f249a16976918f6564b8830bc894c89659
44,heldout,9,70,3,23,random_positions,1.625,-1.875,-1.75,0.125,False,False,meta-llama/Meta-Llama-3.1-8B-Instruct,0e9e39f249a16976918f6564b8830bc894c89659
44,heldout,9,70,3,24,answer_position,1.625,-1.875,1.5,3.375,False,True,meta-llama/Meta-Llama-3.1-8B-Instruct,0e9e39f249a16976918f6564b8830bc894c89659
44,heldout,9,70,3,24,number_tokens,1.625,-1.875,-1.75,0.125,False,False,meta-llama/Meta-Llama-3.1-8B-Instruct,0e9e39f249a16976918f6564b8830bc894c89659
44,heldout,9,70,3,24,random_positions,1.625,-1.875,-1.875,0.0,False,False,meta-llama/Meta-Llama-3.1-8B-Instruct,0e9e39f249a16976918f6564b8830bc894c89659
44,heldout,9,70,3,25,answer_position,1.625,-1.875,1.5,3.375,False,True,meta-llama/Meta-Llama-3.1-8B-Instruct,0e9e39f249a16976918f6564b8830bc894c89659
44,heldout,9,70,3,25,number_tokens,1.625,-1.875,-1.875,0.0,False,False,meta-llama/Meta-Llama-3.1-8B-Instruct,0e9e39f249a16976918f6564b8830bc894c89659
44,heldout,9,70,3,25,random_positions,1.625,-1.875,-1.75,0.125,False,False,meta-llama/Meta-Llama-3.1-8B-Instruct,0e9e39f249a16976918f6564b8830bc894c89659
44,heldout,9,70,3,26,answer_position,1.625,-1.875,1.625,3.5,False,True,meta-llama/Meta-Llama-3.1-8B-Instruct,0e9e39f249a16976918f6564b8830bc894c89659
44,heldout,9,70,3,26,number_tokens,1.625,-1.875,-1.875,0.0,False,False,meta-llama/Meta-Llama-3.1-8B-Instruct,0e9e39f249a16976918f6564b8830bc894c89659
44,heldout,9,70,3,26,random_positions,1.625,-1.875,-1.875,0.0,False,False,meta-llama/Meta-Llama-3.1-8B-Instruct,0e9e39f249a16976918f6564b8830bc894c89659
44,heldout,9,70,3,27,answer_position,1.625,-1.875,1.5,3.375,False,True,meta-llama/Meta-Llama-3.1-8B-Instruct,0e9e39f249a16976918f6564b8830bc894c89659
44,heldout,9,70,3,27,number_tokens,1.625,-1.875,-1.875,0.0,False,False,meta-llama/Meta-Llama-3.1-8B-Instruct,0e9e39f249a16976918f6564b8830bc894c89659
44,heldout,9,70,3,27,random_positions,1.625,-1.875,-1.75,0.125,False,False,meta-llama/Meta-Llama-3.1-8B-Instruct,0e9e39f249a16976918f6564b8830bc894c89659
44,heldout,9,70,3,28,answer_position,1.625,-1.875,1.625,3.5,False,True,meta-llama/Meta-Llama-3.1-8B-Instruct,0e9e39f249a16976918f6564b8830bc894c89659
44,heldout,9,70,3,28,number_tokens,1.625,-1.875,-1.875,0.0,False,False,meta-llama/Meta-Llama-3.1-8B-Instruct,0e9e39f249a16976918f6564b8830bc894c89659
44,heldout,9,70,3,28,random_positions,1.625,-1.875,-1.75,0.125,False,False,meta-llama/Meta-Llama-3.1-8B-Instruct,0e9e39f249a16976918f6564b8830bc894c89659
44,heldout,9,70,3,29,answer_position,1.625,-1.875,1.625,3.5,False,True,meta-llama/Meta-Llama-3.1-8B-Instruct,0e9e39f249a16976918f6564b8830bc894c89659
44,heldout,9,70,3,29,number_tokens,1.625,-1.875,-1.875,0.0,False,False,meta-llama/Meta-Llama-3.1-8B-Instruct,0e9e39f249a16976918f6564b8830bc894c89659
44,heldout,9,70,3,29,random_positions,1.625,-1.875,-1.875,0.0,False,False,meta-llama/Meta-Llama-3.1-8B-Instruct,0e9e39f249a16976918f6564b8830bc894c89659
44,heldout,9,70,3,30,answer_position,1.625,-1.875,1.625,3.5,False,True,meta-llama/Meta-Llama-3.1-8B-Instruct,0e9e39f249a16976918f6564b8830bc894c89659
44,heldout,9,70,3,30,number_tokens,1.625,-1.875,-1.875,0.0,False,False,meta-llama/Meta-Llama-3.1-8B-Instruct,0e9e39f249a16976918f6564b8830bc894c89659
44,heldout,9,70,3,30,random_positions,1.625,-1.875,-1.875,0.0,False,False,meta-llama/Meta-Llama-3.1-8B-Instruct,0e9e39f249a16976918f6564b8830bc894c89659
44,heldout,9,70,3,31,answer_position,1.625,-1.875,1.625,3.5,False,True,meta-llama/Meta-Llama-3.1-8B-Instruct,0e9e39f249a16976918f6564b8830bc894c89659
44,heldout,9,70,3,31,number_tokens,1.625,-1.875,-1.875,0.0,False,False,meta-llama/Meta-Llama-3.1-8B-Instruct,0e9e39f249a16976918f6564b8830bc894c89659
44,heldout,9,70,3,31,random_positions,1.625,-1.875,-1.875,0.0,False,False,meta-llama/Meta-Llama-3.1-8B-Instruct,0e9e39f249a16976918f6564b8830bc894c89659
