id,case,template,whole,digit,zeros,control,layer,model,revision,template_mode,sequence_length,numeral_token_count,hard_margin,easy_margin,donor_margin,patched_margin,margin_effect,hard_correct,patched_correct,target_positions,source_positions,random_positions
causal-gen-000,0,relation_statements,101,0,1,easy_number_tokens,2,Qwen/Qwen3-4B-Instruct-2507,cdbee75f17c01a7cc42f958dc650907174af0554,system-role,87,11,25.25,27.625,-23.375,25.125,-0.125,True,True,"[26, 27, 28, 29, 30, 31, 37, 38, 39, 40, 41]","[36, 37, 38, 39, 40, 41, 26, 27, 28, 29, 30]","[69, 57, 16, 67, 10, 33, 76, 79, 9, 77, 20]"
causal-gen-000,0,relation_statements,101,0,1,easy_random_positions,2,Qwen/Qwen3-4B-Instruct-2507,cdbee75f17c01a7cc42f958dc650907174af0554,system-role,87,11,25.25,27.625,-23.375,24.0,-1.25,True,True,"[26, 27, 28, 29, 30, 31, 37, 38, 39, 40, 41]","[69, 57, 16, 67, 10, 33, 76, 79, 9, 77, 20]","[69, 57, 16, 67, 10, 33, 76, 79, 9, 77, 20]"
causal-gen-000,0,relation_statements,101,0,1,easy_answer_position,2,Qwen/Qwen3-4B-Instruct-2507,cdbee75f17c01a7cc42f958dc650907174af0554,system-role,87,11,25.25,27.625,-23.375,25.25,0.0,True,True,"[26, 27, 28, 29, 30, 31, 37, 38, 39, 40, 41]",[86],"[69, 57, 16, 67, 10, 33, 76, 79, 9, 77, 20]"
causal-gen-000,0,relation_statements,101,0,1,donor_number_tokens,2,Qwen/Qwen3-4B-Instruct-2507,cdbee75f17c01a7cc42f958dc650907174af0554,system-role,87,11,25.25,27.625,-23.375,-23.125,-48.375,True,False,"[26, 27, 28, 29, 30, 31, 37, 38, 39, 40, 41]","[26, 27, 28, 29, 30, 31, 37, 38, 39, 40, 41]","[69, 57, 16, 67, 10, 33, 76, 79, 9, 77, 20]"
causal-gen-000,0,relation_statements,101,0,1,donor_random_positions,2,Qwen/Qwen3-4B-Instruct-2507,cdbee75f17c01a7cc42f958dc650907174af0554,system-role,87,11,25.25,27.625,-23.375,25.25,0.0,True,True,"[26, 27, 28, 29, 30, 31, 37, 38, 39, 40, 41]","[69, 57, 16, 67, 10, 33, 76, 79, 9, 77, 20]","[69, 57, 16, 67, 10, 33, 76, 79, 9, 77, 20]"
causal-gen-000,0,relation_statements,101,0,1,donor_answer_position,2,Qwen/Qwen3-4B-Instruct-2507,cdbee75f17c01a7cc42f958dc650907174af0554,system-role,87,11,25.25,27.625,-23.375,25.25,0.0,True,True,"[26, 27, 28, 29, 30, 31, 37, 38, 39, 40, 41]",[86],"[69, 57, 16, 67, 10, 33, 76, 79, 9, 77, 20]"
causal-gen-001,1,relation_statements,102,1,1,easy_number_tokens,2,Qwen/Qwen3-4B-Instruct-2507,cdbee75f17c01a7cc42f958dc650907174af0554,system-role,87,11,19.0,25.75,-23.0,18.5,-0.5,True,True,"[26, 27, 28, 29, 30, 31, 37, 38, 39, 40, 41]","[36, 37, 38, 39, 40, 41, 26, 27, 28, 29, 30]","[4, 13, 75, 80, 61, 8, 33, 32, 54, 3, 77]"
causal-gen-001,1,relation_statements,102,1,1,easy_random_positions,2,Qwen/Qwen3-4B-Instruct-2507,cdbee75f17c01a7cc42f958dc650907174af0554,system-role,87,11,19.0,25.75,-23.0,21.625,2.625,True,True,"[26, 27, 28, 29, 30, 31, 37, 38, 39, 40, 41]","[4, 13, 75, 80, 61, 8, 33, 32, 54, 3, 77]","[4, 13, 75, 80, 61, 8, 33, 32, 54, 3, 77]"
causal-gen-001,1,relation_statements,102,1,1,easy_answer_position,2,Qwen/Qwen3-4B-Instruct-2507,cdbee75f17c01a7cc42f958dc650907174af0554,system-role,87,11,19.0,25.75,-23.0,19.0,0.0,True,True,"[26, 27, 28, 29, 30, 31, 37, 38, 39, 40, 41]",[86],"[4, 13, 75, 80, 61, 8, 33, 32, 54, 3, 77]"
causal-gen-001,1,relation_statements,102,1,1,donor_number_tokens,2,Qwen/Qwen3-4B-Instruct-2507,cdbee75f17c01a7cc42f958dc650907174af0554,system-role,87,11,19.0,25.75,-23.0,-23.125,-42.125,True,False,"[26, 27, 28, 29, 30, 31, 37, 38, 39, 40, 41]","[26, 27, 28, 29, 30, 31, 37, 38, 39, 40, 41]","[4, 13, 75, 80, 61, 8, 33, 32, 54, 3, 77]"
causal-gen-001,1,relation_statements,102,1,1,donor_random_positions,2,Qwen/Qwen3-4B-Instruct-2507,cdbee75f17c01a7cc42f958dc650907174af0554,system-role,87,11,19.0,25.75,-23.0,19.25,0.25,True,True,"[26, 27, 28, 29, 30, 31, 37, 38, 39, 40, 41]","[4, 13, 75, 80, 61, 8, 33, 32, 54, 3, 77]","[4, 13, 75, 80, 61, 8, 33, 32, 54, 3, 77]"
causal-gen-001,1,relation_statements,102,1,1,donor_answer_position,2,Qwen/Qwen3-4B-Instruct-2507,cdbee75f17c01a7cc42f958dc650907174af0554,system-role,87,11,19.0,25.75,-23.0,18.75,-0.25,True,True,"[26, 27, 28, 29, 30, 31, 37, 38, 39, 40, 41]",[86],"[4, 13, 75, 80, 61, 8, 33, 32, 54, 3, 77]"
causal-gen-002,2,relation_statements,103,2,1,easy_number_tokens,2,Qwen/Qwen3-4B-Instruct-2507,cdbee75f17c01a7cc42f958dc650907174af0554,system-role,87,11,22.375,26.75,-21.75,21.375,-1.0,True,True,"[26, 27, 28, 29, 30, 31, 37, 38, 39, 40, 41]","[36, 37, 38, 39, 40, 41, 26, 27, 28, 29, 30]","[84, 73, 7, 42, 80, 79, 47, 22, 56, 71, 58]"
causal-gen-002,2,relation_statements,103,2,1,easy_random_positions,2,Qwen/Qwen3-4B-Instruct-2507,cdbee75f17c01a7cc42f958dc650907174af0554,system-role,87,11,22.375,26.75,-21.75,22.625,0.25,True,True,"[26, 27, 28, 29, 30, 31, 37, 38, 39, 40, 41]","[84, 73, 7, 42, 80, 79, 47, 22, 56, 71, 58]","[84, 73, 7, 42, 80, 79, 47, 22, 56, 71, 58]"
causal-gen-002,2,relation_statements,103,2,1,easy_answer_position,2,Qwen/Qwen3-4B-Instruct-2507,cdbee75f17c01a7cc42f958dc650907174af0554,system-role,87,11,22.375,26.75,-21.75,22.5,0.125,True,True,"[26, 27, 28, 29, 30, 31, 37, 38, 39, 40, 41]",[86],"[84, 73, 7, 42, 80, 79, 47, 22, 56, 71, 58]"
causal-gen-002,2,relation_statements,103,2,1,donor_number_tokens,2,Qwen/Qwen3-4B-Instruct-2507,cdbee75f17c01a7cc42f958dc650907174af0554,system-role,87,11,22.375,26.75,-21.75,-21.875,-44.25,True,False,"[26, 27, 28, 29, 30, 31, 37, 38, 39, 40, 41]","[26, 27, 28, 29, 30, 31, 37, 38, 39, 40, 41]","[84, 73, 7, 42, 80, 79, 47, 22, 56, 71, 58]"
causal-gen-002,2,relation_statements,103,2,1,donor_random_positions,2,Qwen/Qwen3-4B-Instruct-2507,cdbee75f17c01a7cc42f958dc650907174af0554,system-role,87,11,22.375,26.75,-21.75,22.5,0.125,True,True,"[26, 27, 28, 29, 30, 31, 37, 38, 39, 40, 41]","[84, 73, 7, 42, 80, 79, 47, 22, 56, 71, 58]","[84, 73, 7, 42, 80, 79, 47, 22, 56, 71, 58]"
causal-gen-002,2,relation_statements,103,2,1,donor_answer_position,2,Qwen/Qwen3-4B-Instruct-2507,cdbee75f17c01a7cc42f958dc650907174af0554,system-role,87,11,22.375,26.75,-21.75,22.5,0.125,True,True,"[26, 27, 28, 29, 30, 31, 37, 38, 39, 40, 41]",[86],"[84, 73, 7, 42, 80, 79, 47, 22, 56, 71, 58]"
causal-gen-003,3,relation_statements,104,3,1,easy_number_tokens,2,Qwen/Qwen3-4B-Instruct-2507,cdbee75f17c01a7cc42f958dc650907174af0554,system-role,87,11,20.875,26.375,-24.0,20.25,-0.625,True,True,"[26, 27, 28, 29, 30, 31, 37, 38, 39, 40, 41]","[36, 37, 38, 39, 40, 41, 26, 27, 28, 29, 30]","[20, 45, 67, 77, 17, 42, 54, 57, 73, 80, 53]"
causal-gen-003,3,relation_statements,104,3,1,easy_random_positions,2,Qwen/Qwen3-4B-Instruct-2507,cdbee75f17c01a7cc42f958dc650907174af0554,system-role,87,11,20.875,26.375,-24.0,21.0,0.125,True,True,"[26, 27, 28, 29, 30, 31, 37, 38, 39, 40, 41]","[20, 45, 67, 77, 17, 42, 54, 57, 73, 80, 53]","[20, 45, 67, 77, 17, 42, 54, 57, 73, 80, 53]"
causal-gen-003,3,relation_statements,104,3,1,easy_answer_position,2,Qwen/Qwen3-4B-Instruct-2507,cdbee75f17c01a7cc42f958dc650907174af0554,system-role,87,11,20.875,26.375,-24.0,20.875,0.0,True,True,"[26, 27, 28, 29, 30, 31, 37, 38, 39, 40, 41]",[86],"[20, 45, 67, 77, 17, 42, 54, 57, 73, 80, 53]"
causal-gen-003,3,relation_statements,104,3,1,donor_number_tokens,2,Qwen/Qwen3-4B-Instruct-2507,cdbee75f17c01a7cc42f958dc650907174af0554,system-role,87,11,20.875,26.375,-24.0,-24.125,-45.0,True,False,"[26, 27, 28, 29, 30, 31, 37, 38, 39, 40, 41]","[26, 27, 28, 29, 30, 31, 37, 38, 39, 40, 41]","[20, 45, 67, 77, 17, 42, 54, 57, 73, 80, 53]"
causal-gen-003,3,relation_statements,104,3,1,donor_random_positions,2,Qwen/Qwen3-4B-Instruct-2507,cdbee75f17c01a7cc42f958dc650907174af0554,system-role,87,11,20.875,26.375,-24.0,20.625,-0.25,True,True,"[26, 27, 28, 29, 30, 31, 37, 38, 39, 40, 41]","[20, 45, 67, 77, 17, 42, 54, 57, 73, 80, 53]","[20, 45, 67, 77, 17, 42, 54, 57, 73, 80, 53]"
causal-gen-003,3,relation_statements,104,3,1,donor_answer_position,2,Qwen/Qwen3-4B-Instruct-2507,cdbee75f17c01a7cc42f958dc650907174af0554,system-role,87,11,20.875,26.375,-24.0,20.875,0.0,True,True,"[26, 27, 28, 29, 30, 31, 37, 38, 39, 40, 41]",[86],"[20, 45, 67, 77, 17, 42, 54, 57, 73, 80, 53]"
causal-gen-004,4,relation_statements,105,4,1,easy_number_tokens,2,Qwen/Qwen3-4B-Instruct-2507,cdbee75f17c01a7cc42f958dc650907174af0554,system-role,87,11,22.375,26.75,-24.0,22.75,0.375,True,True,"[26, 27, 28, 29, 30, 31, 37, 38, 39, 40, 41]","[36, 37, 38, 39, 40, 41, 26, 27, 28, 29, 30]","[12, 55, 43, 67, 23, 2, 24, 61, 16, 8, 19]"
causal-gen-004,4,relation_statements,105,4,1,easy_random_positions,2,Qwen/Qwen3-4B-Instruct-2507,cdbee75f17c01a7cc42f958dc650907174af0554,system-role,87,11,22.375,26.75,-24.0,21.875,-0.5,True,True,"[26, 27, 28, 29, 30, 31, 37, 38, 39, 40, 41]","[12, 55, 43, 67, 23, 2, 24, 61, 16, 8, 19]","[12, 55, 43, 67, 23, 2, 24, 61, 16, 8, 19]"
causal-gen-004,4,relation_statements,105,4,1,easy_answer_position,2,Qwen/Qwen3-4B-Instruct-2507,cdbee75f17c01a7cc42f958dc650907174af0554,system-role,87,11,22.375,26.75,-24.0,22.5,0.125,True,True,"[26, 27, 28, 29, 30, 31, 37, 38, 39, 40, 41]",[86],"[12, 55, 43, 67, 23, 2, 24, 61, 16, 8, 19]"
causal-gen-004,4,relation_statements,105,4,1,donor_number_tokens,2,Qwen/Qwen3-4B-Instruct-2507,cdbee75f17c01a7cc42f958dc650907174af0554,system-role,87,11,22.375,26.75,-24.0,-24.125,-46.5,True,False,"[26, 27, 28, 29, 30, 31, 37, 38, 39, 40, 41]","[26, 27, 28, 29, 30, 31, 37, 38, 39, 40, 41]","[12, 55, 43, 67, 23, 2, 24, 61, 16, 8, 19]"
causal-gen-004,4,relation_statements,105,4,1,donor_random_positions,2,Qwen/Qwen3-4B-Instruct-2507,cdbee75f17c01a7cc42f958dc650907174af0554,system-role,87,11,22.375,26.75,-24.0,22.25,-0.125,True,True,"[26, 27, 28, 29, 30, 31, 37, 38, 39, 40, 41]","[12, 55, 43, 67, 23, 2, 24, 61, 16, 8, 19]","[12, 55, 43, 67, 23, 2, 24, 61, 16, 8, 19]"
causal-gen-004,4,relation_statements,105,4,1,donor_answer_position,2,Qwen/Qwen3-4B-Instruct-2507,cdbee75f17c01a7cc42f958dc650907174af0554,system-role,87,11,22.375,26.75,-24.0,22.5,0.125,True,True,"[26, 27, 28, 29, 30, 31, 37, 38, 39, 40, 41]",[86],"[12, 55, 43, 67, 23, 2, 24, 61, 16, 8, 19]"
causal-gen-005,5,relation_statements,106,5,1,easy_number_tokens,2,Qwen/Qwen3-4B-Instruct-2507,cdbee75f17c01a7cc42f958dc650907174af0554,system-role,87,11,24.25,27.25,-23.5,23.75,-0.5,True,True,"[26, 27, 28, 29, 30, 31, 37, 38, 39, 40, 41]","[36, 37, 38, 39, 40, 41, 26, 27, 28, 29, 30]","[51, 33, 5, 10, 13, 18, 23, 49, 75, 85, 62]"
causal-gen-005,5,relation_statements,106,5,1,easy_random_positions,2,Qwen/Qwen3-4B-Instruct-2507,cdbee75f17c01a7cc42f958dc650907174af0554,system-role,87,11,24.25,27.25,-23.5,23.75,-0.5,True,True,"[26, 27, 28, 29, 30, 31, 37, 38, 39, 40, 41]","[51, 33, 5, 10, 13, 18, 23, 49, 75, 85, 62]","[51, 33, 5, 10, 13, 18, 23, 49, 75, 85, 62]"
causal-gen-005,5,relation_statements,106,5,1,easy_answer_position,2,Qwen/Qwen3-4B-Instruct-2507,cdbee75f17c01a7cc42f958dc650907174af0554,system-role,87,11,24.25,27.25,-23.5,24.125,-0.125,True,True,"[26, 27, 28, 29, 30, 31, 37, 38, 39, 40, 41]",[86],"[51, 33, 5, 10, 13, 18, 23, 49, 75, 85, 62]"
causal-gen-005,5,relation_statements,106,5,1,donor_number_tokens,2,Qwen/Qwen3-4B-Instruct-2507,cdbee75f17c01a7cc42f958dc650907174af0554,system-role,87,11,24.25,27.25,-23.5,-23.375,-47.625,True,False,"[26, 27, 28, 29, 30, 31, 37, 38, 39, 40, 41]","[26, 27, 28, 29, 30, 31, 37, 38, 39, 40, 41]","[51, 33, 5, 10, 13, 18, 23, 49, 75, 85, 62]"
causal-gen-005,5,relation_statements,106,5,1,donor_random_positions,2,Qwen/Qwen3-4B-Instruct-2507,cdbee75f17c01a7cc42f958dc650907174af0554,system-role,87,11,24.25,27.25,-23.5,24.625,0.375,True,True,"[26, 27, 28, 29, 30, 31, 37, 38, 39, 40, 41]","[51, 33, 5, 10, 13, 18, 23, 49, 75, 85, 62]","[51, 33, 5, 10, 13, 18, 23, 49, 75, 85, 62]"
causal-gen-005,5,relation_statements,106,5,1,donor_answer_position,2,Qwen/Qwen3-4B-Instruct-2507,cdbee75f17c01a7cc42f958dc650907174af0554,system-role,87,11,24.25,27.25,-23.5,24.25,0.0,True,True,"[26, 27, 28, 29, 30, 31, 37, 38, 39, 40, 41]",[86],"[51, 33, 5, 10, 13, 18, 23, 49, 75, 85, 62]"
causal-gen-006,6,relation_statements,107,6,1,easy_number_tokens,2,Qwen/Qwen3-4B-Instruct-2507,cdbee75f17c01a7cc42f958dc650907174af0554,system-role,87,11,23.125,26.625,-22.625,23.375,0.25,True,True,"[26, 27, 28, 29, 30, 31, 37, 38, 39, 40, 41]","[36, 37, 38, 39, 40, 41, 26, 27, 28, 29, 30]","[62, 72, 75, 25, 44, 19, 12, 74, 10, 49, 80]"
causal-gen-006,6,relation_statements,107,6,1,easy_random_positions,2,Qwen/Qwen3-4B-Instruct-2507,cdbee75f17c01a7cc42f958dc650907174af0554,system-role,87,11,23.125,26.625,-22.625,23.0,-0.125,True,True,"[26, 27, 28, 29, 30, 31, 37, 38, 39, 40, 41]","[62, 72, 75, 25, 44, 19, 12, 74, 10, 49, 80]","[62, 72, 75, 25, 44, 19, 12, 74, 10, 49, 80]"
causal-gen-006,6,relation_statements,107,6,1,easy_answer_position,2,Qwen/Qwen3-4B-Instruct-2507,cdbee75f17c01a7cc42f958dc650907174af0554,system-role,87,11,23.125,26.625,-22.625,22.875,-0.25,True,True,"[26, 27, 28, 29, 30, 31, 37, 38, 39, 40, 41]",[86],"[62, 72, 75, 25, 44, 19, 12, 74, 10, 49, 80]"
causal-gen-006,6,relation_statements,107,6,1,donor_number_tokens,2,Qwen/Qwen3-4B-Instruct-2507,cdbee75f17c01a7cc42f958dc650907174af0554,system-role,87,11,23.125,26.625,-22.625,-22.875,-46.0,True,False,"[26, 27, 28, 29, 30, 31, 37, 38, 39, 40, 41]","[26, 27, 28, 29, 30, 31, 37, 38, 39, 40, 41]","[62, 72, 75, 25, 44, 19, 12, 74, 10, 49, 80]"
causal-gen-006,6,relation_statements,107,6,1,donor_random_positions,2,Qwen/Qwen3-4B-Instruct-2507,cdbee75f17c01a7cc42f958dc650907174af0554,system-role,87,11,23.125,26.625,-22.625,23.25,0.125,True,True,"[26, 27, 28, 29, 30, 31, 37, 38, 39, 40, 41]","[62, 72, 75, 25, 44, 19, 12, 74, 10, 49, 80]","[62, 72, 75, 25, 44, 19, 12, 74, 10, 49, 80]"
causal-gen-006,6,relation_statements,107,6,1,donor_answer_position,2,Qwen/Qwen3-4B-Instruct-2507,cdbee75f17c01a7cc42f958dc650907174af0554,system-role,87,11,23.125,26.625,-22.625,23.0,-0.125,True,True,"[26, 27, 28, 29, 30, 31, 37, 38, 39, 40, 41]",[86],"[62, 72, 75, 25, 44, 19, 12, 74, 10, 49, 80]"
causal-gen-007,7,relation_statements,108,7,1,easy_number_tokens,2,Qwen/Qwen3-4B-Instruct-2507,cdbee75f17c01a7cc42f958dc650907174af0554,system-role,87,11,22.25,26.5,-25.375,22.5,0.25,True,True,"[26, 27, 28, 29, 30, 31, 37, 38, 39, 40, 41]","[36, 37, 38, 39, 40, 41, 26, 27, 28, 29, 30]","[75, 12, 32, 20, 3, 66, 23, 71, 50, 80, 43]"
causal-gen-007,7,relation_statements,108,7,1,easy_random_positions,2,Qwen/Qwen3-4B-Instruct-2507,cdbee75f17c01a7cc42f958dc650907174af0554,system-role,87,11,22.25,26.5,-25.375,23.0,0.75,True,True,"[26, 27, 28, 29, 30, 31, 37, 38, 39, 40, 41]","[75, 12, 32, 20, 3, 66, 23, 71, 50, 80, 43]","[75, 12, 32, 20, 3, 66, 23, 71, 50, 80, 43]"
causal-gen-007,7,relation_statements,108,7,1,easy_answer_position,2,Qwen/Qwen3-4B-Instruct-2507,cdbee75f17c01a7cc42f958dc650907174af0554,system-role,87,11,22.25,26.5,-25.375,22.25,0.0,True,True,"[26, 27, 28, 29, 30, 31, 37, 38, 39, 40, 41]",[86],"[75, 12, 32, 20, 3, 66, 23, 71, 50, 80, 43]"
causal-gen-007,7,relation_statements,108,7,1,donor_number_tokens,2,Qwen/Qwen3-4B-Instruct-2507,cdbee75f17c01a7cc42f958dc650907174af0554,system-role,87,11,22.25,26.5,-25.375,-25.375,-47.625,True,False,"[26, 27, 28, 29, 30, 31, 37, 38, 39, 40, 41]","[26, 27, 28, 29, 30, 31, 37, 38, 39, 40, 41]","[75, 12, 32, 20, 3, 66, 23, 71, 50, 80, 43]"
causal-gen-007,7,relation_statements,108,7,1,donor_random_positions,2,Qwen/Qwen3-4B-Instruct-2507,cdbee75f17c01a7cc42f958dc650907174af0554,system-role,87,11,22.25,26.5,-25.375,22.125,-0.125,True,True,"[26, 27, 28, 29, 30, 31, 37, 38, 39, 40, 41]","[75, 12, 32, 20, 3, 66, 23, 71, 50, 80, 43]","[75, 12, 32, 20, 3, 66, 23, 71, 50, 80, 43]"
causal-gen-007,7,relation_statements,108,7,1,donor_answer_position,2,Qwen/Qwen3-4B-Instruct-2507,cdbee75f17c01a7cc42f958dc650907174af0554,system-role,87,11,22.25,26.5,-25.375,22.25,0.0,True,True,"[26, 27, 28, 29, 30, 31, 37, 38, 39, 40, 41]",[86],"[75, 12, 32, 20, 3, 66, 23, 71, 50, 80, 43]"
causal-gen-008,8,relation_statements,109,8,1,easy_number_tokens,2,Qwen/Qwen3-4B-Instruct-2507,cdbee75f17c01a7cc42f958dc650907174af0554,system-role,87,11,20.875,26.125,-29.375,22.5,1.625,True,True,"[26, 27, 28, 29, 30, 31, 37, 38, 39, 40, 41]","[36, 37, 38, 39, 40, 41, 26, 27, 28, 29, 30]","[44, 72, 55, 71, 49, 12, 25, 42, 24, 43, 80]"
causal-gen-008,8,relation_statements,109,8,1,easy_random_positions,2,Qwen/Qwen3-4B-Instruct-2507,cdbee75f17c01a7cc42f958dc650907174af0554,system-role,87,11,20.875,26.125,-29.375,21.0,0.125,True,True,"[26, 27, 28, 29, 30, 31, 37, 38, 39, 40, 41]","[44, 72, 55, 71, 49, 12, 25, 42, 24, 43, 80]","[44, 72, 55, 71, 49, 12, 25, 42, 24, 43, 80]"
causal-gen-008,8,relation_statements,109,8,1,easy_answer_position,2,Qwen/Qwen3-4B-Instruct-2507,cdbee75f17c01a7cc42f958dc650907174af0554,system-role,87,11,20.875,26.125,-29.375,20.875,0.0,True,True,"[26, 27, 28, 29, 30, 31, 37, 38, 39, 40, 41]",[86],"[44, 72, 55, 71, 49, 12, 25, 42, 24, 43, 80]"
causal-gen-008,8,relation_statements,109,8,1,donor_number_tokens,2,Qwen/Qwen3-4B-Instruct-2507,cdbee75f17c01a7cc42f958dc650907174af0554,system-role,87,11,20.875,26.125,-29.375,-29.25,-50.125,True,False,"[26, 27, 28, 29, 30, 31, 37, 38, 39, 40, 41]","[26, 27, 28, 29, 30, 31, 37, 38, 39, 40, 41]","[44, 72, 55, 71, 49, 12, 25, 42, 24, 43, 80]"
causal-gen-008,8,relation_statements,109,8,1,donor_random_positions,2,Qwen/Qwen3-4B-Instruct-2507,cdbee75f17c01a7cc42f958dc650907174af0554,system-role,87,11,20.875,26.125,-29.375,20.5,-0.375,True,True,"[26, 27, 28, 29, 30, 31, 37, 38, 39, 40, 41]","[44, 72, 55, 71, 49, 12, 25, 42, 24, 43, 80]","[44, 72, 55, 71, 49, 12, 25, 42, 24, 43, 80]"
causal-gen-008,8,relation_statements,109,8,1,donor_answer_position,2,Qwen/Qwen3-4B-Instruct-2507,cdbee75f17c01a7cc42f958dc650907174af0554,system-role,87,11,20.875,26.125,-29.375,20.875,0.0,True,True,"[26, 27, 28, 29, 30, 31, 37, 38, 39, 40, 41]",[86],"[44, 72, 55, 71, 49, 12, 25, 42, 24, 43, 80]"
causal-gen-009,9,relation_statements,110,9,1,easy_number_tokens,2,Qwen/Qwen3-4B-Instruct-2507,cdbee75f17c01a7cc42f958dc650907174af0554,system-role,87,11,20.875,26.25,-29.875,21.5,0.625,True,True,"[26, 27, 28, 29, 30, 31, 37, 38, 39, 40, 41]","[36, 37, 38, 39, 40, 41, 26, 27, 28, 29, 30]","[19, 66, 81, 83, 67, 11, 48, 45, 2, 23, 18]"
causal-gen-009,9,relation_statements,110,9,1,easy_random_positions,2,Qwen/Qwen3-4B-Instruct-2507,cdbee75f17c01a7cc42f958dc650907174af0554,system-role,87,11,20.875,26.25,-29.875,20.5,-0.375,True,True,"[26, 27, 28, 29, 30, 31, 37, 38, 39, 40, 41]","[19, 66, 81, 83, 67, 11, 48, 45, 2, 23, 18]","[19, 66, 81, 83, 67, 11, 48, 45, 2, 23, 18]"
causal-gen-009,9,relation_statements,110,9,1,easy_answer_position,2,Qwen/Qwen3-4B-Instruct-2507,cdbee75f17c01a7cc42f958dc650907174af0554,system-role,87,11,20.875,26.25,-29.875,20.75,-0.125,True,True,"[26, 27, 28, 29, 30, 31, 37, 38, 39, 40, 41]",[86],"[19, 66, 81, 83, 67, 11, 48, 45, 2, 23, 18]"
causal-gen-009,9,relation_statements,110,9,1,donor_number_tokens,2,Qwen/Qwen3-4B-Instruct-2507,cdbee75f17c01a7cc42f958dc650907174af0554,system-role,87,11,20.875,26.25,-29.875,-30.125,-51.0,True,False,"[26, 27, 28, 29, 30, 31, 37, 38, 39, 40, 41]","[26, 27, 28, 29, 30, 31, 37, 38, 39, 40, 41]","[19, 66, 81, 83, 67, 11, 48, 45, 2, 23, 18]"
causal-gen-009,9,relation_statements,110,9,1,donor_random_positions,2,Qwen/Qwen3-4B-Instruct-2507,cdbee75f17c01a7cc42f958dc650907174af0554,system-role,87,11,20.875,26.25,-29.875,20.875,0.0,True,True,"[26, 27, 28, 29, 30, 31, 37, 38, 39, 40, 41]","[19, 66, 81, 83, 67, 11, 48, 45, 2, 23, 18]","[19, 66, 81, 83, 67, 11, 48, 45, 2, 23, 18]"
causal-gen-009,9,relation_statements,110,9,1,donor_answer_position,2,Qwen/Qwen3-4B-Instruct-2507,cdbee75f17c01a7cc42f958dc650907174af0554,system-role,87,11,20.875,26.25,-29.875,20.625,-0.25,True,True,"[26, 27, 28, 29, 30, 31, 37, 38, 39, 40, 41]",[86],"[19, 66, 81, 83, 67, 11, 48, 45, 2, 23, 18]"
causal-gen-010,10,relation_statements,111,0,2,easy_number_tokens,2,Qwen/Qwen3-4B-Instruct-2507,cdbee75f17c01a7cc42f958dc650907174af0554,system-role,88,12,23.25,27.125,-22.25,24.0,0.75,True,True,"[26, 27, 28, 29, 30, 31, 32, 38, 39, 40, 41, 42]","[36, 37, 38, 39, 40, 41, 42, 26, 27, 28, 29, 30]","[59, 4, 51, 37, 57, 6, 69, 1, 66, 50, 75, 52]"
causal-gen-010,10,relation_statements,111,0,2,easy_random_positions,2,Qwen/Qwen3-4B-Instruct-2507,cdbee75f17c01a7cc42f958dc650907174af0554,system-role,88,12,23.25,27.125,-22.25,23.5,0.25,True,True,"[26, 27, 28, 29, 30, 31, 32, 38, 39, 40, 41, 42]","[59, 4, 51, 37, 57, 6, 69, 1, 66, 50, 75, 52]","[59, 4, 51, 37, 57, 6, 69, 1, 66, 50, 75, 52]"
causal-gen-010,10,relation_statements,111,0,2,easy_answer_position,2,Qwen/Qwen3-4B-Instruct-2507,cdbee75f17c01a7cc42f958dc650907174af0554,system-role,88,12,23.25,27.125,-22.25,23.0,-0.25,True,True,"[26, 27, 28, 29, 30, 31, 32, 38, 39, 40, 41, 42]",[87],"[59, 4, 51, 37, 57, 6, 69, 1, 66, 50, 75, 52]"
causal-gen-010,10,relation_statements,111,0,2,donor_number_tokens,2,Qwen/Qwen3-4B-Instruct-2507,cdbee75f17c01a7cc42f958dc650907174af0554,system-role,88,12,23.25,27.125,-22.25,-22.375,-45.625,True,False,"[26, 27, 28, 29, 30, 31, 32, 38, 39, 40, 41, 42]","[26, 27, 28, 29, 30, 31, 32, 38, 39, 40, 41, 42]","[59, 4, 51, 37, 57, 6, 69, 1, 66, 50, 75, 52]"
causal-gen-010,10,relation_statements,111,0,2,donor_random_positions,2,Qwen/Qwen3-4B-Instruct-2507,cdbee75f17c01a7cc42f958dc650907174af0554,system-role,88,12,23.25,27.125,-22.25,23.25,0.0,True,True,"[26, 27, 28, 29, 30, 31, 32, 38, 39, 40, 41, 42]","[59, 4, 51, 37, 57, 6, 69, 1, 66, 50, 75, 52]","[59, 4, 51, 37, 57, 6, 69, 1, 66, 50, 75, 52]"
causal-gen-010,10,relation_statements,111,0,2,donor_answer_position,2,Qwen/Qwen3-4B-Instruct-2507,cdbee75f17c01a7cc42f958dc650907174af0554,system-role,88,12,23.25,27.125,-22.25,23.25,0.0,True,True,"[26, 27, 28, 29, 30, 31, 32, 38, 39, 40, 41, 42]",[87],"[59, 4, 51, 37, 57, 6, 69, 1, 66, 50, 75, 52]"
causal-gen-011,11,relation_statements,112,1,2,easy_number_tokens,2,Qwen/Qwen3-4B-Instruct-2507,cdbee75f17c01a7cc42f958dc650907174af0554,system-role,88,12,18.75,25.625,-21.625,22.0,3.25,True,True,"[26, 27, 28, 29, 30, 31, 32, 38, 39, 40, 41, 42]","[36, 37, 38, 39, 40, 41, 42, 26, 27, 28, 29, 30]","[19, 46, 72, 35, 78, 70, 59, 6, 64, 37, 83, 25]"
causal-gen-011,11,relation_statements,112,1,2,easy_random_positions,2,Qwen/Qwen3-4B-Instruct-2507,cdbee75f17c01a7cc42f958dc650907174af0554,system-role,88,12,18.75,25.625,-21.625,19.75,1.0,True,True,"[26, 27, 28, 29, 30, 31, 32, 38, 39, 40, 41, 42]","[19, 46, 72, 35, 78, 70, 59, 6, 64, 37, 83, 25]","[19, 46, 72, 35, 78, 70, 59, 6, 64, 37, 83, 25]"
causal-gen-011,11,relation_statements,112,1,2,easy_answer_position,2,Qwen/Qwen3-4B-Instruct-2507,cdbee75f17c01a7cc42f958dc650907174af0554,system-role,88,12,18.75,25.625,-21.625,19.0,0.25,True,True,"[26, 27, 28, 29, 30, 31, 32, 38, 39, 40, 41, 42]",[87],"[19, 46, 72, 35, 78, 70, 59, 6, 64, 37, 83, 25]"
causal-gen-011,11,relation_statements,112,1,2,donor_number_tokens,2,Qwen/Qwen3-4B-Instruct-2507,cdbee75f17c01a7cc42f958dc650907174af0554,system-role,88,12,18.75,25.625,-21.625,-21.5,-40.25,True,False,"[26, 27, 28, 29, 30, 31, 32, 38, 39, 40, 41, 42]","[26, 27, 28, 29, 30, 31, 32, 38, 39, 40, 41, 42]","[19, 46, 72, 35, 78, 70, 59, 6, 64, 37, 83, 25]"
causal-gen-011,11,relation_statements,112,1,2,donor_random_positions,2,Qwen/Qwen3-4B-Instruct-2507,cdbee75f17c01a7cc42f958dc650907174af0554,system-role,88,12,18.75,25.625,-21.625,19.25,0.5,True,True,"[26, 27, 28, 29, 30, 31, 32, 38, 39, 40, 41, 42]","[19, 46, 72, 35, 78, 70, 59, 6, 64, 37, 83, 25]","[19, 46, 72, 35, 78, 70, 59, 6, 64, 37, 83, 25]"
causal-gen-011,11,relation_statements,112,1,2,donor_answer_position,2,Qwen/Qwen3-4B-Instruct-2507,cdbee75f17c01a7cc42f958dc650907174af0554,system-role,88,12,18.75,25.625,-21.625,19.25,0.5,True,True,"[26, 27, 28, 29, 30, 31, 32, 38, 39, 40, 41, 42]",[87],"[19, 46, 72, 35, 78, 70, 59, 6, 64, 37, 83, 25]"
causal-gen-012,12,relation_statements,113,2,2,easy_number_tokens,2,Qwen/Qwen3-4B-Instruct-2507,cdbee75f17c01a7cc42f958dc650907174af0554,system-role,88,12,22.0,26.5,-19.25,23.0,1.0,True,True,"[26, 27, 28, 29, 30, 31, 32, 38, 39, 40, 41, 42]","[36, 37, 38, 39, 40, 41, 42, 26, 27, 28, 29, 30]","[81, 2, 73, 58, 55, 69, 78, 21, 56, 77, 65, 86]"
causal-gen-012,12,relation_statements,113,2,2,easy_random_positions,2,Qwen/Qwen3-4B-Instruct-2507,cdbee75f17c01a7cc42f958dc650907174af0554,system-role,88,12,22.0,26.5,-19.25,22.0,0.0,True,True,"[26, 27, 28, 29, 30, 31, 32, 38, 39, 40, 41, 42]","[81, 2, 73, 58, 55, 69, 78, 21, 56, 77, 65, 86]","[81, 2, 73, 58, 55, 69, 78, 21, 56, 77, 65, 86]"
causal-gen-012,12,relation_statements,113,2,2,easy_answer_position,2,Qwen/Qwen3-4B-Instruct-2507,cdbee75f17c01a7cc42f958dc650907174af0554,system-role,88,12,22.0,26.5,-19.25,22.0,0.0,True,True,"[26, 27, 28, 29, 30, 31, 32, 38, 39, 40, 41, 42]",[87],"[81, 2, 73, 58, 55, 69, 78, 21, 56, 77, 65, 86]"
causal-gen-012,12,relation_statements,113,2,2,donor_number_tokens,2,Qwen/Qwen3-4B-Instruct-2507,cdbee75f17c01a7cc42f958dc650907174af0554,system-role,88,12,22.0,26.5,-19.25,-19.625,-41.625,True,False,"[26, 27, 28, 29, 30, 31, 32, 38, 39, 40, 41, 42]","[26, 27, 28, 29, 30, 31, 32, 38, 39, 40, 41, 42]","[81, 2, 73, 58, 55, 69, 78, 21, 56, 77, 65, 86]"
causal-gen-012,12,relation_statements,113,2,2,donor_random_positions,2,Qwen/Qwen3-4B-Instruct-2507,cdbee75f17c01a7cc42f958dc650907174af0554,system-role,88,12,22.0,26.5,-19.25,22.25,0.25,True,True,"[26, 27, 28, 29, 30, 31, 32, 38, 39, 40, 41, 42]","[81, 2, 73, 58, 55, 69, 78, 21, 56, 77, 65, 86]","[81, 2, 73, 58, 55, 69, 78, 21, 56, 77, 65, 86]"
causal-gen-012,12,relation_statements,113,2,2,donor_answer_position,2,Qwen/Qwen3-4B-Instruct-2507,cdbee75f17c01a7cc42f958dc650907174af0554,system-role,88,12,22.0,26.5,-19.25,21.875,-0.125,True,True,"[26, 27, 28, 29, 30, 31, 32, 38, 39, 40, 41, 42]",[87],"[81, 2, 73, 58, 55, 69, 78, 21, 56, 77, 65, 86]"
causal-gen-013,13,relation_statements,114,3,2,easy_number_tokens,2,Qwen/Qwen3-4B-Instruct-2507,cdbee75f17c01a7cc42f958dc650907174af0554,system-role,88,12,21.5,26.5,-21.625,22.5,1.0,True,True,"[26, 27, 28, 29, 30, 31, 32, 38, 39, 40, 41, 42]","[36, 37, 38, 39, 40, 41, 42, 26, 27, 28, 29, 30]","[78, 46, 2, 24, 10, 63, 1, 60, 14, 4, 51, 25]"
causal-gen-013,13,relation_statements,114,3,2,easy_random_positions,2,Qwen/Qwen3-4B-Instruct-2507,cdbee75f17c01a7cc42f958dc650907174af0554,system-role,88,12,21.5,26.5,-21.625,21.375,-0.125,True,True,"[26, 27, 28, 29, 30, 31, 32, 38, 39, 40, 41, 42]","[78, 46, 2, 24, 10, 63, 1, 60, 14, 4, 51, 25]","[78, 46, 2, 24, 10, 63, 1, 60, 14, 4, 51, 25]"
causal-gen-013,13,relation_statements,114,3,2,easy_answer_position,2,Qwen/Qwen3-4B-Instruct-2507,cdbee75f17c01a7cc42f958dc650907174af0554,system-role,88,12,21.5,26.5,-21.625,21.375,-0.125,True,True,"[26, 27, 28, 29, 30, 31, 32, 38, 39, 40, 41, 42]",[87],"[78, 46, 2, 24, 10, 63, 1, 60, 14, 4, 51, 25]"
causal-gen-013,13,relation_statements,114,3,2,donor_number_tokens,2,Qwen/Qwen3-4B-Instruct-2507,cdbee75f17c01a7cc42f958dc650907174af0554,system-role,88,12,21.5,26.5,-21.625,-21.625,-43.125,True,False,"[26, 27, 28, 29, 30, 31, 32, 38, 39, 40, 41, 42]","[26, 27, 28, 29, 30, 31, 32, 38, 39, 40, 41, 42]","[78, 46, 2, 24, 10, 63, 1, 60, 14, 4, 51, 25]"
causal-gen-013,13,relation_statements,114,3,2,donor_random_positions,2,Qwen/Qwen3-4B-Instruct-2507,cdbee75f17c01a7cc42f958dc650907174af0554,system-role,88,12,21.5,26.5,-21.625,21.5,0.0,True,True,"[26, 27, 28, 29, 30, 31, 32, 38, 39, 40, 41, 42]","[78, 46, 2, 24, 10, 63, 1, 60, 14, 4, 51, 25]","[78, 46, 2, 24, 10, 63, 1, 60, 14, 4, 51, 25]"
causal-gen-013,13,relation_statements,114,3,2,donor_answer_position,2,Qwen/Qwen3-4B-Instruct-2507,cdbee75f17c01a7cc42f958dc650907174af0554,system-role,88,12,21.5,26.5,-21.625,21.375,-0.125,True,True,"[26, 27, 28, 29, 30, 31, 32, 38, 39, 40, 41, 42]",[87],"[78, 46, 2, 24, 10, 63, 1, 60, 14, 4, 51, 25]"
causal-gen-014,14,relation_statements,115,4,2,easy_number_tokens,2,Qwen/Qwen3-4B-Instruct-2507,cdbee75f17c01a7cc42f958dc650907174af0554,system-role,88,12,22.875,26.625,-22.125,23.625,0.75,True,True,"[26, 27, 28, 29, 30, 31, 32, 38, 39, 40, 41, 42]","[36, 37, 38, 39, 40, 41, 42, 26, 27, 28, 29, 30]","[37, 46, 2, 1, 4, 44, 16, 33, 83, 55, 84, 17]"
causal-gen-014,14,relation_statements,115,4,2,easy_random_positions,2,Qwen/Qwen3-4B-Instruct-2507,cdbee75f17c01a7cc42f958dc650907174af0554,system-role,88,12,22.875,26.625,-22.125,23.0,0.125,True,True,"[26, 27, 28, 29, 30, 31, 32, 38, 39, 40, 41, 42]","[37, 46, 2, 1, 4, 44, 16, 33, 83, 55, 84, 17]","[37, 46, 2, 1, 4, 44, 16, 33, 83, 55, 84, 17]"
causal-gen-014,14,relation_statements,115,4,2,easy_answer_position,2,Qwen/Qwen3-4B-Instruct-2507,cdbee75f17c01a7cc42f958dc650907174af0554,system-role,88,12,22.875,26.625,-22.125,22.875,0.0,True,True,"[26, 27, 28, 29, 30, 31, 32, 38, 39, 40, 41, 42]",[87],"[37, 46, 2, 1, 4, 44, 16, 33, 83, 55, 84, 17]"
causal-gen-014,14,relation_statements,115,4,2,donor_number_tokens,2,Qwen/Qwen3-4B-Instruct-2507,cdbee75f17c01a7cc42f958dc650907174af0554,system-role,88,12,22.875,26.625,-22.125,-22.125,-45.0,True,False,"[26, 27, 28, 29, 30, 31, 32, 38, 39, 40, 41, 42]","[26, 27, 28, 29, 30, 31, 32, 38, 39, 40, 41, 42]","[37, 46, 2, 1, 4, 44, 16, 33, 83, 55, 84, 17]"
causal-gen-014,14,relation_statements,115,4,2,donor_random_positions,2,Qwen/Qwen3-4B-Instruct-2507,cdbee75f17c01a7cc42f958dc650907174af0554,system-role,88,12,22.875,26.625,-22.125,22.75,-0.125,True,True,"[26, 27, 28, 29, 30, 31, 32, 38, 39, 40, 41, 42]","[37, 46, 2, 1, 4, 44, 16, 33, 83, 55, 84, 17]","[37, 46, 2, 1, 4, 44, 16, 33, 83, 55, 84, 17]"
causal-gen-014,14,relation_statements,115,4,2,donor_answer_position,2,Qwen/Qwen3-4B-Instruct-2507,cdbee75f17c01a7cc42f958dc650907174af0554,system-role,88,12,22.875,26.625,-22.125,22.625,-0.25,True,True,"[26, 27, 28, 29, 30, 31, 32, 38, 39, 40, 41, 42]",[87],"[37, 46, 2, 1, 4, 44, 16, 33, 83, 55, 84, 17]"
causal-gen-015,15,relation_statements,116,5,2,easy_number_tokens,2,Qwen/Qwen3-4B-Instruct-2507,cdbee75f17c01a7cc42f958dc650907174af0554,system-role,88,12,24.25,26.5,-22.0,24.875,0.625,True,True,"[26, 27, 28, 29, 30, 31, 32, 38, 39, 40, 41, 42]","[36, 37, 38, 39, 40, 41, 42, 26, 27, 28, 29, 30]","[55, 69, 62, 2, 33, 5, 10, 13, 68, 9, 18, 4]"
causal-gen-015,15,relation_statements,116,5,2,easy_random_positions,2,Qwen/Qwen3-4B-Instruct-2507,cdbee75f17c01a7cc42f958dc650907174af0554,system-role,88,12,24.25,26.5,-22.0,24.875,0.625,True,True,"[26, 27, 28, 29, 30, 31, 32, 38, 39, 40, 41, 42]","[55, 69, 62, 2, 33, 5, 10, 13, 68, 9, 18, 4]","[55, 69, 62, 2, 33, 5, 10, 13, 68, 9, 18, 4]"
causal-gen-015,15,relation_statements,116,5,2,easy_answer_position,2,Qwen/Qwen3-4B-Instruct-2507,cdbee75f17c01a7cc42f958dc650907174af0554,system-role,88,12,24.25,26.5,-22.0,24.5,0.25,True,True,"[26, 27, 28, 29, 30, 31, 32, 38, 39, 40, 41, 42]",[87],"[55, 69, 62, 2, 33, 5, 10, 13, 68, 9, 18, 4]"
causal-gen-015,15,relation_statements,116,5,2,donor_number_tokens,2,Qwen/Qwen3-4B-Instruct-2507,cdbee75f17c01a7cc42f958dc650907174af0554,system-role,88,12,24.25,26.5,-22.0,-22.0,-46.25,True,False,"[26, 27, 28, 29, 30, 31, 32, 38, 39, 40, 41, 42]","[26, 27, 28, 29, 30, 31, 32, 38, 39, 40, 41, 42]","[55, 69, 62, 2, 33, 5, 10, 13, 68, 9, 18, 4]"
causal-gen-015,15,relation_statements,116,5,2,donor_random_positions,2,Qwen/Qwen3-4B-Instruct-2507,cdbee75f17c01a7cc42f958dc650907174af0554,system-role,88,12,24.25,26.5,-22.0,24.375,0.125,True,True,"[26, 27, 28, 29, 30, 31, 32, 38, 39, 40, 41, 42]","[55, 69, 62, 2, 33, 5, 10, 13, 68, 9, 18, 4]","[55, 69, 62, 2, 33, 5, 10, 13, 68, 9, 18, 4]"
causal-gen-015,15,relation_statements,116,5,2,donor_answer_position,2,Qwen/Qwen3-4B-Instruct-2507,cdbee75f17c01a7cc42f958dc650907174af0554,system-role,88,12,24.25,26.5,-22.0,24.25,0.0,True,True,"[26, 27, 28, 29, 30, 31, 32, 38, 39, 40, 41, 42]",[87],"[55, 69, 62, 2, 33, 5, 10, 13, 68, 9, 18, 4]"
causal-gen-016,16,relation_statements,117,6,2,easy_number_tokens,2,Qwen/Qwen3-4B-Instruct-2507,cdbee75f17c01a7cc42f958dc650907174af0554,system-role,88,12,23.625,27.0,-19.5,24.25,0.625,True,True,"[26, 27, 28, 29, 30, 31, 32, 38, 39, 40, 41, 42]","[36, 37, 38, 39, 40, 41, 42, 26, 27, 28, 29, 30]","[47, 82, 71, 60, 72, 15, 48, 14, 22, 83, 16, 7]"
causal-gen-016,16,relation_statements,117,6,2,easy_random_positions,2,Qwen/Qwen3-4B-Instruct-2507,cdbee75f17c01a7cc42f958dc650907174af0554,system-role,88,12,23.625,27.0,-19.5,23.75,0.125,True,True,"[26, 27, 28, 29, 30, 31, 32, 38, 39, 40, 41, 42]","[47, 82, 71, 60, 72, 15, 48, 14, 22, 83, 16, 7]","[47, 82, 71, 60, 72, 15, 48, 14, 22, 83, 16, 7]"
causal-gen-016,16,relation_statements,117,6,2,easy_answer_position,2,Qwen/Qwen3-4B-Instruct-2507,cdbee75f17c01a7cc42f958dc650907174af0554,system-role,88,12,23.625,27.0,-19.5,23.625,0.0,True,True,"[26, 27, 28, 29, 30, 31, 32, 38, 39, 40, 41, 42]",[87],"[47, 82, 71, 60, 72, 15, 48, 14, 22, 83, 16, 7]"
causal-gen-016,16,relation_statements,117,6,2,donor_number_tokens,2,Qwen/Qwen3-4B-Instruct-2507,cdbee75f17c01a7cc42f958dc650907174af0554,system-role,88,12,23.625,27.0,-19.5,-19.5,-43.125,True,False,"[26, 27, 28, 29, 30, 31, 32, 38, 39, 40, 41, 42]","[26, 27, 28, 29, 30, 31, 32, 38, 39, 40, 41, 42]","[47, 82, 71, 60, 72, 15, 48, 14, 22, 83, 16, 7]"
causal-gen-016,16,relation_statements,117,6,2,donor_random_positions,2,Qwen/Qwen3-4B-Instruct-2507,cdbee75f17c01a7cc42f958dc650907174af0554,system-role,88,12,23.625,27.0,-19.5,23.75,0.125,True,True,"[26, 27, 28, 29, 30, 31, 32, 38, 39, 40, 41, 42]","[47, 82, 71, 60, 72, 15, 48, 14, 22, 83, 16, 7]","[47, 82, 71, 60, 72, 15, 48, 14, 22, 83, 16, 7]"
causal-gen-016,16,relation_statements,117,6,2,donor_answer_position,2,Qwen/Qwen3-4B-Instruct-2507,cdbee75f17c01a7cc42f958dc650907174af0554,system-role,88,12,23.625,27.0,-19.5,23.625,0.0,True,True,"[26, 27, 28, 29, 30, 31, 32, 38, 39, 40, 41, 42]",[87],"[47, 82, 71, 60, 72, 15, 48, 14, 22, 83, 16, 7]"
causal-gen-017,17,relation_statements,118,7,2,easy_number_tokens,2,Qwen/Qwen3-4B-Instruct-2507,cdbee75f17c01a7cc42f958dc650907174af0554,system-role,88,12,22.625,26.5,-24.125,23.125,0.5,True,True,"[26, 27, 28, 29, 30, 31, 32, 38, 39, 40, 41, 42]","[36, 37, 38, 39, 40, 41, 42, 26, 27, 28, 29, 30]","[64, 3, 47, 76, 73, 54, 7, 33, 9, 69, 13, 49]"
causal-gen-017,17,relation_statements,118,7,2,easy_random_positions,2,Qwen/Qwen3-4B-Instruct-2507,cdbee75f17c01a7cc42f958dc650907174af0554,system-role,88,12,22.625,26.5,-24.125,23.0,0.375,True,True,"[26, 27, 28, 29, 30, 31, 32, 38, 39, 40, 41, 42]","[64, 3, 47, 76, 73, 54, 7, 33, 9, 69, 13, 49]","[64, 3, 47, 76, 73, 54, 7, 33, 9, 69, 13, 49]"
causal-gen-017,17,relation_statements,118,7,2,easy_answer_position,2,Qwen/Qwen3-4B-Instruct-2507,cdbee75f17c01a7cc42f958dc650907174af0554,system-role,88,12,22.625,26.5,-24.125,22.5,-0.125,True,True,"[26, 27, 28, 29, 30, 31, 32, 38, 39, 40, 41, 42]",[87],"[64, 3, 47, 76, 73, 54, 7, 33, 9, 69, 13, 49]"
causal-gen-017,17,relation_statements,118,7,2,donor_number_tokens,2,Qwen/Qwen3-4B-Instruct-2507,cdbee75f17c01a7cc42f958dc650907174af0554,system-role,88,12,22.625,26.5,-24.125,-24.25,-46.875,True,False,"[26, 27, 28, 29, 30, 31, 32, 38, 39, 40, 41, 42]","[26, 27, 28, 29, 30, 31, 32, 38, 39, 40, 41, 42]","[64, 3, 47, 76, 73, 54, 7, 33, 9, 69, 13, 49]"
causal-gen-017,17,relation_statements,118,7,2,donor_random_positions,2,Qwen/Qwen3-4B-Instruct-2507,cdbee75f17c01a7cc42f958dc650907174af0554,system-role,88,12,22.625,26.5,-24.125,22.375,-0.25,True,True,"[26, 27, 28, 29, 30, 31, 32, 38, 39, 40, 41, 42]","[64, 3, 47, 76, 73, 54, 7, 33, 9, 69, 13, 49]","[64, 3, 47, 76, 73, 54, 7, 33, 9, 69, 13, 49]"
causal-gen-017,17,relation_statements,118,7,2,donor_answer_position,2,Qwen/Qwen3-4B-Instruct-2507,cdbee75f17c01a7cc42f958dc650907174af0554,system-role,88,12,22.625,26.5,-24.125,22.75,0.125,True,True,"[26, 27, 28, 29, 30, 31, 32, 38, 39, 40, 41, 42]",[87],"[64, 3, 47, 76, 73, 54, 7, 33, 9, 69, 13, 49]"
causal-gen-018,18,relation_statements,119,8,2,easy_number_tokens,2,Qwen/Qwen3-4B-Instruct-2507,cdbee75f17c01a7cc42f958dc650907174af0554,system-role,88,12,22.0,26.625,-27.875,23.625,1.625,True,True,"[26, 27, 28, 29, 30, 31, 32, 38, 39, 40, 41, 42]","[36, 37, 38, 39, 40, 41, 42, 26, 27, 28, 29, 30]","[10, 67, 33, 1, 83, 3, 12, 14, 65, 51, 16, 37]"
causal-gen-018,18,relation_statements,119,8,2,easy_random_positions,2,Qwen/Qwen3-4B-Instruct-2507,cdbee75f17c01a7cc42f958dc650907174af0554,system-role,88,12,22.0,26.625,-27.875,22.25,0.25,True,True,"[26, 27, 28, 29, 30, 31, 32, 38, 39, 40, 41, 42]","[10, 67, 33, 1, 83, 3, 12, 14, 65, 51, 16, 37]","[10, 67, 33, 1, 83, 3, 12, 14, 65, 51, 16, 37]"
causal-gen-018,18,relation_statements,119,8,2,easy_answer_position,2,Qwen/Qwen3-4B-Instruct-2507,cdbee75f17c01a7cc42f958dc650907174af0554,system-role,88,12,22.0,26.625,-27.875,21.875,-0.125,True,True,"[26, 27, 28, 29, 30, 31, 32, 38, 39, 40, 41, 42]",[87],"[10, 67, 33, 1, 83, 3, 12, 14, 65, 51, 16, 37]"
causal-gen-018,18,relation_statements,119,8,2,donor_number_tokens,2,Qwen/Qwen3-4B-Instruct-2507,cdbee75f17c01a7cc42f958dc650907174af0554,system-role,88,12,22.0,26.625,-27.875,-27.75,-49.75,True,False,"[26, 27, 28, 29, 30, 31, 32, 38, 39, 40, 41, 42]","[26, 27, 28, 29, 30, 31, 32, 38, 39, 40, 41, 42]","[10, 67, 33, 1, 83, 3, 12, 14, 65, 51, 16, 37]"
causal-gen-018,18,relation_statements,119,8,2,donor_random_positions,2,Qwen/Qwen3-4B-Instruct-2507,cdbee75f17c01a7cc42f958dc650907174af0554,system-role,88,12,22.0,26.625,-27.875,22.0,0.0,True,True,"[26, 27, 28, 29, 30, 31, 32, 38, 39, 40, 41, 42]","[10, 67, 33, 1, 83, 3, 12, 14, 65, 51, 16, 37]","[10, 67, 33, 1, 83, 3, 12, 14, 65, 51, 16, 37]"
causal-gen-018,18,relation_statements,119,8,2,donor_answer_position,2,Qwen/Qwen3-4B-Instruct-2507,cdbee75f17c01a7cc42f958dc650907174af0554,system-role,88,12,22.0,26.625,-27.875,22.0,0.0,True,True,"[26, 27, 28, 29, 30, 31, 32, 38, 39, 40, 41, 42]",[87],"[10, 67, 33, 1, 83, 3, 12, 14, 65, 51, 16, 37]"
causal-gen-019,19,relation_statements,120,9,2,easy_number_tokens,2,Qwen/Qwen3-4B-Instruct-2507,cdbee75f17c01a7cc42f958dc650907174af0554,system-role,88,12,19.75,26.625,-28.125,22.5,2.75,True,True,"[26, 27, 28, 29, 30, 31, 32, 38, 39, 40, 41, 42]","[36, 37, 38, 39, 40, 41, 42, 26, 27, 28, 29, 30]","[86, 9, 84, 46, 77, 24, 14, 17, 43, 18, 72, 6]"
causal-gen-019,19,relation_statements,120,9,2,easy_random_positions,2,Qwen/Qwen3-4B-Instruct-2507,cdbee75f17c01a7cc42f958dc650907174af0554,system-role,88,12,19.75,26.625,-28.125,20.625,0.875,True,True,"[26, 27, 28, 29, 30, 31, 32, 38, 39, 40, 41, 42]","[86, 9, 84, 46, 77, 24, 14, 17, 43, 18, 72, 6]","[86, 9, 84, 46, 77, 24, 14, 17, 43, 18, 72, 6]"
causal-gen-019,19,relation_statements,120,9,2,easy_answer_position,2,Qwen/Qwen3-4B-Instruct-2507,cdbee75f17c01a7cc42f958dc650907174af0554,system-role,88,12,19.75,26.625,-28.125,19.75,0.0,True,True,"[26, 27, 28, 29, 30, 31, 32, 38, 39, 40, 41, 42]",[87],"[86, 9, 84, 46, 77, 24, 14, 17, 43, 18, 72, 6]"
causal-gen-019,19,relation_statements,120,9,2,donor_number_tokens,2,Qwen/Qwen3-4B-Instruct-2507,cdbee75f17c01a7cc42f958dc650907174af0554,system-role,88,12,19.75,26.625,-28.125,-28.25,-48.0,True,False,"[26, 27, 28, 29, 30, 31, 32, 38, 39, 40, 41, 42]","[26, 27, 28, 29, 30, 31, 32, 38, 39, 40, 41, 42]","[86, 9, 84, 46, 77, 24, 14, 17, 43, 18, 72, 6]"
causal-gen-019,19,relation_statements,120,9,2,donor_random_positions,2,Qwen/Qwen3-4B-Instruct-2507,cdbee75f17c01a7cc42f958dc650907174af0554,system-role,88,12,19.75,26.625,-28.125,20.0,0.25,True,True,"[26, 27, 28, 29, 30, 31, 32, 38, 39, 40, 41, 42]","[86, 9, 84, 46, 77, 24, 14, 17, 43, 18, 72, 6]","[86, 9, 84, 46, 77, 24, 14, 17, 43, 18, 72, 6]"
causal-gen-019,19,relation_statements,120,9,2,donor_answer_position,2,Qwen/Qwen3-4B-Instruct-2507,cdbee75f17c01a7cc42f958dc650907174af0554,system-role,88,12,19.75,26.625,-28.125,19.75,0.0,True,True,"[26, 27, 28, 29, 30, 31, 32, 38, 39, 40, 41, 42]",[87],"[86, 9, 84, 46, 77, 24, 14, 17, 43, 18, 72, 6]"
causal-gen-020,20,relation_statements,121,0,3,easy_number_tokens,2,Qwen/Qwen3-4B-Instruct-2507,cdbee75f17c01a7cc42f958dc650907174af0554,system-role,89,13,25.125,27.625,-21.625,25.375,0.25,True,True,"[26, 27, 28, 29, 30, 31, 32, 33, 39, 40, 41, 42, 43]","[36, 37, 38, 39, 40, 41, 42, 43, 26, 27, 28, 29, 30]","[18, 84, 34, 74, 13, 67, 83, 59, 23, 17, 70, 50, 16]"
causal-gen-020,20,relation_statements,121,0,3,easy_random_positions,2,Qwen/Qwen3-4B-Instruct-2507,cdbee75f17c01a7cc42f958dc650907174af0554,system-role,89,13,25.125,27.625,-21.625,24.5,-0.625,True,True,"[26, 27, 28, 29, 30, 31, 32, 33, 39, 40, 41, 42, 43]","[18, 84, 34, 74, 13, 67, 83, 59, 23, 17, 70, 50, 16]","[18, 84, 34, 74, 13, 67, 83, 59, 23, 17, 70, 50, 16]"
causal-gen-020,20,relation_statements,121,0,3,easy_answer_position,2,Qwen/Qwen3-4B-Instruct-2507,cdbee75f17c01a7cc42f958dc650907174af0554,system-role,89,13,25.125,27.625,-21.625,25.125,0.0,True,True,"[26, 27, 28, 29, 30, 31, 32, 33, 39, 40, 41, 42, 43]",[88],"[18, 84, 34, 74, 13, 67, 83, 59, 23, 17, 70, 50, 16]"
causal-gen-020,20,relation_statements,121,0,3,donor_number_tokens,2,Qwen/Qwen3-4B-Instruct-2507,cdbee75f17c01a7cc42f958dc650907174af0554,system-role,89,13,25.125,27.625,-21.625,-21.375,-46.5,True,False,"[26, 27, 28, 29, 30, 31, 32, 33, 39, 40, 41, 42, 43]","[26, 27, 28, 29, 30, 31, 32, 33, 39, 40, 41, 42, 43]","[18, 84, 34, 74, 13, 67, 83, 59, 23, 17, 70, 50, 16]"
causal-gen-020,20,relation_statements,121,0,3,donor_random_positions,2,Qwen/Qwen3-4B-Instruct-2507,cdbee75f17c01a7cc42f958dc650907174af0554,system-role,89,13,25.125,27.625,-21.625,25.125,0.0,True,True,"[26, 27, 28, 29, 30, 31, 32, 33, 39, 40, 41, 42, 43]","[18, 84, 34, 74, 13, 67, 83, 59, 23, 17, 70, 50, 16]","[18, 84, 34, 74, 13, 67, 83, 59, 23, 17, 70, 50, 16]"
causal-gen-020,20,relation_statements,121,0,3,donor_answer_position,2,Qwen/Qwen3-4B-Instruct-2507,cdbee75f17c01a7cc42f958dc650907174af0554,system-role,89,13,25.125,27.625,-21.625,24.875,-0.25,True,True,"[26, 27, 28, 29, 30, 31, 32, 33, 39, 40, 41, 42, 43]",[88],"[18, 84, 34, 74, 13, 67, 83, 59, 23, 17, 70, 50, 16]"
causal-gen-021,21,relation_statements,122,1,3,easy_number_tokens,2,Qwen/Qwen3-4B-Instruct-2507,cdbee75f17c01a7cc42f958dc650907174af0554,system-role,89,13,23.0,26.25,-17.75,23.25,0.25,True,True,"[26, 27, 28, 29, 30, 31, 32, 33, 39, 40, 41, 42, 43]","[36, 37, 38, 39, 40, 41, 42, 43, 26, 27, 28, 29, 30]","[14, 65, 58, 20, 21, 10, 86, 62, 68, 46, 53, 85, 61]"
causal-gen-021,21,relation_statements,122,1,3,easy_random_positions,2,Qwen/Qwen3-4B-Instruct-2507,cdbee75f17c01a7cc42f958dc650907174af0554,system-role,89,13,23.0,26.25,-17.75,22.5,-0.5,True,True,"[26, 27, 28, 29, 30, 31, 32, 33, 39, 40, 41, 42, 43]","[14, 65, 58, 20, 21, 10, 86, 62, 68, 46, 53, 85, 61]","[14, 65, 58, 20, 21, 10, 86, 62, 68, 46, 53, 85, 61]"
causal-gen-021,21,relation_statements,122,1,3,easy_answer_position,2,Qwen/Qwen3-4B-Instruct-2507,cdbee75f17c01a7cc42f958dc650907174af0554,system-role,89,13,23.0,26.25,-17.75,22.75,-0.25,True,True,"[26, 27, 28, 29, 30, 31, 32, 33, 39, 40, 41, 42, 43]",[88],"[14, 65, 58, 20, 21, 10, 86, 62, 68, 46, 53, 85, 61]"
causal-gen-021,21,relation_statements,122,1,3,donor_number_tokens,2,Qwen/Qwen3-4B-Instruct-2507,cdbee75f17c01a7cc42f958dc650907174af0554,system-role,89,13,23.0,26.25,-17.75,-18.5,-41.5,True,False,"[26, 27, 28, 29, 30, 31, 32, 33, 39, 40, 41, 42, 43]","[26, 27, 28, 29, 30, 31, 32, 33, 39, 40, 41, 42, 43]","[14, 65, 58, 20, 21, 10, 86, 62, 68, 46, 53, 85, 61]"
causal-gen-021,21,relation_statements,122,1,3,donor_random_positions,2,Qwen/Qwen3-4B-Instruct-2507,cdbee75f17c01a7cc42f958dc650907174af0554,system-role,89,13,23.0,26.25,-17.75,22.75,-0.25,True,True,"[26, 27, 28, 29, 30, 31, 32, 33, 39, 40, 41, 42, 43]","[14, 65, 58, 20, 21, 10, 86, 62, 68, 46, 53, 85, 61]","[14, 65, 58, 20, 21, 10, 86, 62, 68, 46, 53, 85, 61]"
causal-gen-021,21,relation_statements,122,1,3,donor_answer_position,2,Qwen/Qwen3-4B-Instruct-2507,cdbee75f17c01a7cc42f958dc650907174af0554,system-role,89,13,23.0,26.25,-17.75,22.75,-0.25,True,True,"[26, 27, 28, 29, 30, 31, 32, 33, 39, 40, 41, 42, 43]",[88],"[14, 65, 58, 20, 21, 10, 86, 62, 68, 46, 53, 85, 61]"
causal-gen-022,22,relation_statements,123,2,3,easy_number_tokens,2,Qwen/Qwen3-4B-Instruct-2507,cdbee75f17c01a7cc42f958dc650907174af0554,system-role,89,13,24.75,26.375,-11.0,25.25,0.5,True,True,"[26, 27, 28, 29, 30, 31, 32, 33, 39, 40, 41, 42, 43]","[36, 37, 38, 39, 40, 41, 42, 43, 26, 27, 28, 29, 30]","[54, 20, 4, 64, 38, 85, 65, 17, 67, 73, 51, 5, 80]"
causal-gen-022,22,relation_statements,123,2,3,easy_random_positions,2,Qwen/Qwen3-4B-Instruct-2507,cdbee75f17c01a7cc42f958dc650907174af0554,system-role,89,13,24.75,26.375,-11.0,23.5,-1.25,True,True,"[26, 27, 28, 29, 30, 31, 32, 33, 39, 40, 41, 42, 43]","[54, 20, 4, 64, 38, 85, 65, 17, 67, 73, 51, 5, 80]","[54, 20, 4, 64, 38, 85, 65, 17, 67, 73, 51, 5, 80]"
causal-gen-022,22,relation_statements,123,2,3,easy_answer_position,2,Qwen/Qwen3-4B-Instruct-2507,cdbee75f17c01a7cc42f958dc650907174af0554,system-role,89,13,24.75,26.375,-11.0,25.125,0.375,True,True,"[26, 27, 28, 29, 30, 31, 32, 33, 39, 40, 41, 42, 43]",[88],"[54, 20, 4, 64, 38, 85, 65, 17, 67, 73, 51, 5, 80]"
causal-gen-022,22,relation_statements,123,2,3,donor_number_tokens,2,Qwen/Qwen3-4B-Instruct-2507,cdbee75f17c01a7cc42f958dc650907174af0554,system-role,89,13,24.75,26.375,-11.0,-12.0,-36.75,True,False,"[26, 27, 28, 29, 30, 31, 32, 33, 39, 40, 41, 42, 43]","[26, 27, 28, 29, 30, 31, 32, 33, 39, 40, 41, 42, 43]","[54, 20, 4, 64, 38, 85, 65, 17, 67, 73, 51, 5, 80]"
causal-gen-022,22,relation_statements,123,2,3,donor_random_positions,2,Qwen/Qwen3-4B-Instruct-2507,cdbee75f17c01a7cc42f958dc650907174af0554,system-role,89,13,24.75,26.375,-11.0,25.125,0.375,True,True,"[26, 27, 28, 29, 30, 31, 32, 33, 39, 40, 41, 42, 43]","[54, 20, 4, 64, 38, 85, 65, 17, 67, 73, 51, 5, 80]","[54, 20, 4, 64, 38, 85, 65, 17, 67, 73, 51, 5, 80]"
causal-gen-022,22,relation_statements,123,2,3,donor_answer_position,2,Qwen/Qwen3-4B-Instruct-2507,cdbee75f17c01a7cc42f958dc650907174af0554,system-role,89,13,24.75,26.375,-11.0,24.75,0.0,True,True,"[26, 27, 28, 29, 30, 31, 32, 33, 39, 40, 41, 42, 43]",[88],"[54, 20, 4, 64, 38, 85, 65, 17, 67, 73, 51, 5, 80]"
causal-gen-023,23,relation_statements,124,3,3,easy_number_tokens,2,Qwen/Qwen3-4B-Instruct-2507,cdbee75f17c01a7cc42f958dc650907174af0554,system-role,89,13,24.5,26.875,-19.75,24.125,-0.375,True,True,"[26, 27, 28, 29, 30, 31, 32, 33, 39, 40, 41, 42, 43]","[36, 37, 38, 39, 40, 41, 42, 43, 26, 27, 28, 29, 30]","[68, 6, 67, 5, 73, 56, 62, 69, 66, 60, 85, 53, 12]"
causal-gen-023,23,relation_statements,124,3,3,easy_random_positions,2,Qwen/Qwen3-4B-Instruct-2507,cdbee75f17c01a7cc42f958dc650907174af0554,system-role,89,13,24.5,26.875,-19.75,24.75,0.25,True,True,"[26, 27, 28, 29, 30, 31, 32, 33, 39, 40, 41, 42, 43]","[68, 6, 67, 5, 73, 56, 62, 69, 66, 60, 85, 53, 12]","[68, 6, 67, 5, 73, 56, 62, 69, 66, 60, 85, 53, 12]"
causal-gen-023,23,relation_statements,124,3,3,easy_answer_position,2,Qwen/Qwen3-4B-Instruct-2507,cdbee75f17c01a7cc42f958dc650907174af0554,system-role,89,13,24.5,26.875,-19.75,24.375,-0.125,True,True,"[26, 27, 28, 29, 30, 31, 32, 33, 39, 40, 41, 42, 43]",[88],"[68, 6, 67, 5, 73, 56, 62, 69, 66, 60, 85, 53, 12]"
causal-gen-023,23,relation_statements,124,3,3,donor_number_tokens,2,Qwen/Qwen3-4B-Instruct-2507,cdbee75f17c01a7cc42f958dc650907174af0554,system-role,89,13,24.5,26.875,-19.75,-19.875,-44.375,True,False,"[26, 27, 28, 29, 30, 31, 32, 33, 39, 40, 41, 42, 43]","[26, 27, 28, 29, 30, 31, 32, 33, 39, 40, 41, 42, 43]","[68, 6, 67, 5, 73, 56, 62, 69, 66, 60, 85, 53, 12]"
causal-gen-023,23,relation_statements,124,3,3,donor_random_positions,2,Qwen/Qwen3-4B-Instruct-2507,cdbee75f17c01a7cc42f958dc650907174af0554,system-role,89,13,24.5,26.875,-19.75,24.5,0.0,True,True,"[26, 27, 28, 29, 30, 31, 32, 33, 39, 40, 41, 42, 43]","[68, 6, 67, 5, 73, 56, 62, 69, 66, 60, 85, 53, 12]","[68, 6, 67, 5, 73, 56, 62, 69, 66, 60, 85, 53, 12]"
causal-gen-023,23,relation_statements,124,3,3,donor_answer_position,2,Qwen/Qwen3-4B-Instruct-2507,cdbee75f17c01a7cc42f958dc650907174af0554,system-role,89,13,24.5,26.875,-19.75,24.625,0.125,True,True,"[26, 27, 28, 29, 30, 31, 32, 33, 39, 40, 41, 42, 43]",[88],"[68, 6, 67, 5, 73, 56, 62, 69, 66, 60, 85, 53, 12]"
causal-gen-024,24,relation_statements,125,4,3,easy_number_tokens,2,Qwen/Qwen3-4B-Instruct-2507,cdbee75f17c01a7cc42f958dc650907174af0554,system-role,89,13,24.375,27.125,-17.5,24.625,0.25,True,True,"[26, 27, 28, 29, 30, 31, 32, 33, 39, 40, 41, 42, 43]","[36, 37, 38, 39, 40, 41, 42, 43, 26, 27, 28, 29, 30]","[38, 79, 14, 2, 50, 7, 70, 12, 6, 53, 82, 76, 59]"
causal-gen-024,24,relation_statements,125,4,3,easy_random_positions,2,Qwen/Qwen3-4B-Instruct-2507,cdbee75f17c01a7cc42f958dc650907174af0554,system-role,89,13,24.375,27.125,-17.5,22.5,-1.875,True,True,"[26, 27, 28, 29, 30, 31, 32, 33, 39, 40, 41, 42, 43]","[38, 79, 14, 2, 50, 7, 70, 12, 6, 53, 82, 76, 59]","[38, 79, 14, 2, 50, 7, 70, 12, 6, 53, 82, 76, 59]"
causal-gen-024,24,relation_statements,125,4,3,easy_answer_position,2,Qwen/Qwen3-4B-Instruct-2507,cdbee75f17c01a7cc42f958dc650907174af0554,system-role,89,13,24.375,27.125,-17.5,24.75,0.375,True,True,"[26, 27, 28, 29, 30, 31, 32, 33, 39, 40, 41, 42, 43]",[88],"[38, 79, 14, 2, 50, 7, 70, 12, 6, 53, 82, 76, 59]"
causal-gen-024,24,relation_statements,125,4,3,donor_number_tokens,2,Qwen/Qwen3-4B-Instruct-2507,cdbee75f17c01a7cc42f958dc650907174af0554,system-role,89,13,24.375,27.125,-17.5,-18.375,-42.75,True,False,"[26, 27, 28, 29, 30, 31, 32, 33, 39, 40, 41, 42, 43]","[26, 27, 28, 29, 30, 31, 32, 33, 39, 40, 41, 42, 43]","[38, 79, 14, 2, 50, 7, 70, 12, 6, 53, 82, 76, 59]"
causal-gen-024,24,relation_statements,125,4,3,donor_random_positions,2,Qwen/Qwen3-4B-Instruct-2507,cdbee75f17c01a7cc42f958dc650907174af0554,system-role,89,13,24.375,27.125,-17.5,24.625,0.25,True,True,"[26, 27, 28, 29, 30, 31, 32, 33, 39, 40, 41, 42, 43]","[38, 79, 14, 2, 50, 7, 70, 12, 6, 53, 82, 76, 59]","[38, 79, 14, 2, 50, 7, 70, 12, 6, 53, 82, 76, 59]"
causal-gen-024,24,relation_statements,125,4,3,donor_answer_position,2,Qwen/Qwen3-4B-Instruct-2507,cdbee75f17c01a7cc42f958dc650907174af0554,system-role,89,13,24.375,27.125,-17.5,24.5,0.125,True,True,"[26, 27, 28, 29, 30, 31, 32, 33, 39, 40, 41, 42, 43]",[88],"[38, 79, 14, 2, 50, 7, 70, 12, 6, 53, 82, 76, 59]"
causal-gen-025,25,relation_statements,126,5,3,easy_number_tokens,2,Qwen/Qwen3-4B-Instruct-2507,cdbee75f17c01a7cc42f958dc650907174af0554,system-role,89,13,25.75,27.375,-20.25,25.125,-0.625,True,True,"[26, 27, 28, 29, 30, 31, 32, 33, 39, 40, 41, 42, 43]","[36, 37, 38, 39, 40, 41, 42, 43, 26, 27, 28, 29, 30]","[65, 60, 76, 5, 82, 48, 70, 55, 35, 15, 23, 47, 8]"
causal-gen-025,25,relation_statements,126,5,3,easy_random_positions,2,Qwen/Qwen3-4B-Instruct-2507,cdbee75f17c01a7cc42f958dc650907174af0554,system-role,89,13,25.75,27.375,-20.25,25.375,-0.375,True,True,"[26, 27, 28, 29, 30, 31, 32, 33, 39, 40, 41, 42, 43]","[65, 60, 76, 5, 82, 48, 70, 55, 35, 15, 23, 47, 8]","[65, 60, 76, 5, 82, 48, 70, 55, 35, 15, 23, 47, 8]"
causal-gen-025,25,relation_statements,126,5,3,easy_answer_position,2,Qwen/Qwen3-4B-Instruct-2507,cdbee75f17c01a7cc42f958dc650907174af0554,system-role,89,13,25.75,27.375,-20.25,25.625,-0.125,True,True,"[26, 27, 28, 29, 30, 31, 32, 33, 39, 40, 41, 42, 43]",[88],"[65, 60, 76, 5, 82, 48, 70, 55, 35, 15, 23, 47, 8]"
causal-gen-025,25,relation_statements,126,5,3,donor_number_tokens,2,Qwen/Qwen3-4B-Instruct-2507,cdbee75f17c01a7cc42f958dc650907174af0554,system-role,89,13,25.75,27.375,-20.25,-20.375,-46.125,True,False,"[26, 27, 28, 29, 30, 31, 32, 33, 39, 40, 41, 42, 43]","[26, 27, 28, 29, 30, 31, 32, 33, 39, 40, 41, 42, 43]","[65, 60, 76, 5, 82, 48, 70, 55, 35, 15, 23, 47, 8]"
causal-gen-025,25,relation_statements,126,5,3,donor_random_positions,2,Qwen/Qwen3-4B-Instruct-2507,cdbee75f17c01a7cc42f958dc650907174af0554,system-role,89,13,25.75,27.375,-20.25,25.875,0.125,True,True,"[26, 27, 28, 29, 30, 31, 32, 33, 39, 40, 41, 42, 43]","[65, 60, 76, 5, 82, 48, 70, 55, 35, 15, 23, 47, 8]","[65, 60, 76, 5, 82, 48, 70, 55, 35, 15, 23, 47, 8]"
causal-gen-025,25,relation_statements,126,5,3,donor_answer_position,2,Qwen/Qwen3-4B-Instruct-2507,cdbee75f17c01a7cc42f958dc650907174af0554,system-role,89,13,25.75,27.375,-20.25,26.0,0.25,True,True,"[26, 27, 28, 29, 30, 31, 32, 33, 39, 40, 41, 42, 43]",[88],"[65, 60, 76, 5, 82, 48, 70, 55, 35, 15, 23, 47, 8]"
causal-gen-026,26,relation_statements,127,6,3,easy_number_tokens,2,Qwen/Qwen3-4B-Instruct-2507,cdbee75f17c01a7cc42f958dc650907174af0554,system-role,89,13,25.25,27.0,-16.875,24.625,-0.625,True,True,"[26, 27, 28, 29, 30, 31, 32, 33, 39, 40, 41, 42, 43]","[36, 37, 38, 39, 40, 41, 42, 43, 26, 27, 28, 29, 30]","[46, 36, 68, 52, 15, 16, 59, 87, 21, 81, 69, 2, 48]"
causal-gen-026,26,relation_statements,127,6,3,easy_random_positions,2,Qwen/Qwen3-4B-Instruct-2507,cdbee75f17c01a7cc42f958dc650907174af0554,system-role,89,13,25.25,27.0,-16.875,23.125,-2.125,True,True,"[26, 27, 28, 29, 30, 31, 32, 33, 39, 40, 41, 42, 43]","[46, 36, 68, 52, 15, 16, 59, 87, 21, 81, 69, 2, 48]","[46, 36, 68, 52, 15, 16, 59, 87, 21, 81, 69, 2, 48]"
causal-gen-026,26,relation_statements,127,6,3,easy_answer_position,2,Qwen/Qwen3-4B-Instruct-2507,cdbee75f17c01a7cc42f958dc650907174af0554,system-role,89,13,25.25,27.0,-16.875,25.25,0.0,True,True,"[26, 27, 28, 29, 30, 31, 32, 33, 39, 40, 41, 42, 43]",[88],"[46, 36, 68, 52, 15, 16, 59, 87, 21, 81, 69, 2, 48]"
causal-gen-026,26,relation_statements,127,6,3,donor_number_tokens,2,Qwen/Qwen3-4B-Instruct-2507,cdbee75f17c01a7cc42f958dc650907174af0554,system-role,89,13,25.25,27.0,-16.875,-16.5,-41.75,True,False,"[26, 27, 28, 29, 30, 31, 32, 33, 39, 40, 41, 42, 43]","[26, 27, 28, 29, 30, 31, 32, 33, 39, 40, 41, 42, 43]","[46, 36, 68, 52, 15, 16, 59, 87, 21, 81, 69, 2, 48]"
causal-gen-026,26,relation_statements,127,6,3,donor_random_positions,2,Qwen/Qwen3-4B-Instruct-2507,cdbee75f17c01a7cc42f958dc650907174af0554,system-role,89,13,25.25,27.0,-16.875,25.5,0.25,True,True,"[26, 27, 28, 29, 30, 31, 32, 33, 39, 40, 41, 42, 43]","[46, 36, 68, 52, 15, 16, 59, 87, 21, 81, 69, 2, 48]","[46, 36, 68, 52, 15, 16, 59, 87, 21, 81, 69, 2, 48]"
causal-gen-026,26,relation_statements,127,6,3,donor_answer_position,2,Qwen/Qwen3-4B-Instruct-2507,cdbee75f17c01a7cc42f958dc650907174af0554,system-role,89,13,25.25,27.0,-16.875,25.25,0.0,True,True,"[26, 27, 28, 29, 30, 31, 32, 33, 39, 40, 41, 42, 43]",[88],"[46, 36, 68, 52, 15, 16, 59, 87, 21, 81, 69, 2, 48]"
causal-gen-027,27,relation_statements,128,7,3,easy_number_tokens,2,Qwen/Qwen3-4B-Instruct-2507,cdbee75f17c01a7cc42f958dc650907174af0554,system-role,89,13,23.625,26.75,-20.75,23.5,-0.125,True,True,"[26, 27, 28, 29, 30, 31, 32, 33, 39, 40, 41, 42, 43]","[36, 37, 38, 39, 40, 41, 42, 43, 26, 27, 28, 29, 30]","[3, 21, 75, 80, 76, 44, 65, 6, 55, 37, 61, 57, 1]"
causal-gen-027,27,relation_statements,128,7,3,easy_random_positions,2,Qwen/Qwen3-4B-Instruct-2507,cdbee75f17c01a7cc42f958dc650907174af0554,system-role,89,13,23.625,26.75,-20.75,23.0,-0.625,True,True,"[26, 27, 28, 29, 30, 31, 32, 33, 39, 40, 41, 42, 43]","[3, 21, 75, 80, 76, 44, 65, 6, 55, 37, 61, 57, 1]","[3, 21, 75, 80, 76, 44, 65, 6, 55, 37, 61, 57, 1]"
causal-gen-027,27,relation_statements,128,7,3,easy_answer_position,2,Qwen/Qwen3-4B-Instruct-2507,cdbee75f17c01a7cc42f958dc650907174af0554,system-role,89,13,23.625,26.75,-20.75,23.75,0.125,True,True,"[26, 27, 28, 29, 30, 31, 32, 33, 39, 40, 41, 42, 43]",[88],"[3, 21, 75, 80, 76, 44, 65, 6, 55, 37, 61, 57, 1]"
causal-gen-027,27,relation_statements,128,7,3,donor_number_tokens,2,Qwen/Qwen3-4B-Instruct-2507,cdbee75f17c01a7cc42f958dc650907174af0554,system-role,89,13,23.625,26.75,-20.75,-20.5,-44.125,True,False,"[26, 27, 28, 29, 30, 31, 32, 33, 39, 40, 41, 42, 43]","[26, 27, 28, 29, 30, 31, 32, 33, 39, 40, 41, 42, 43]","[3, 21, 75, 80, 76, 44, 65, 6, 55, 37, 61, 57, 1]"
causal-gen-027,27,relation_statements,128,7,3,donor_random_positions,2,Qwen/Qwen3-4B-Instruct-2507,cdbee75f17c01a7cc42f958dc650907174af0554,system-role,89,13,23.625,26.75,-20.75,23.75,0.125,True,True,"[26, 27, 28, 29, 30, 31, 32, 33, 39, 40, 41, 42, 43]","[3, 21, 75, 80, 76, 44, 65, 6, 55, 37, 61, 57, 1]","[3, 21, 75, 80, 76, 44, 65, 6, 55, 37, 61, 57, 1]"
causal-gen-027,27,relation_statements,128,7,3,donor_answer_position,2,Qwen/Qwen3-4B-Instruct-2507,cdbee75f17c01a7cc42f958dc650907174af0554,system-role,89,13,23.625,26.75,-20.75,23.75,0.125,True,True,"[26, 27, 28, 29, 30, 31, 32, 33, 39, 40, 41, 42, 43]",[88],"[3, 21, 75, 80, 76, 44, 65, 6, 55, 37, 61, 57, 1]"
causal-gen-028,28,relation_statements,129,8,3,easy_number_tokens,2,Qwen/Qwen3-4B-Instruct-2507,cdbee75f17c01a7cc42f958dc650907174af0554,system-role,89,13,24.25,26.75,-26.75,24.25,0.0,True,True,"[26, 27, 28, 29, 30, 31, 32, 33, 39, 40, 41, 42, 43]","[36, 37, 38, 39, 40, 41, 42, 43, 26, 27, 28, 29, 30]","[57, 7, 3, 1, 80, 18, 68, 61, 35, 81, 79, 67, 16]"
causal-gen-028,28,relation_statements,129,8,3,easy_random_positions,2,Qwen/Qwen3-4B-Instruct-2507,cdbee75f17c01a7cc42f958dc650907174af0554,system-role,89,13,24.25,26.75,-26.75,24.125,-0.125,True,True,"[26, 27, 28, 29, 30, 31, 32, 33, 39, 40, 41, 42, 43]","[57, 7, 3, 1, 80, 18, 68, 61, 35, 81, 79, 67, 16]","[57, 7, 3, 1, 80, 18, 68, 61, 35, 81, 79, 67, 16]"
causal-gen-028,28,relation_statements,129,8,3,easy_answer_position,2,Qwen/Qwen3-4B-Instruct-2507,cdbee75f17c01a7cc42f958dc650907174af0554,system-role,89,13,24.25,26.75,-26.75,24.25,0.0,True,True,"[26, 27, 28, 29, 30, 31, 32, 33, 39, 40, 41, 42, 43]",[88],"[57, 7, 3, 1, 80, 18, 68, 61, 35, 81, 79, 67, 16]"
causal-gen-028,28,relation_statements,129,8,3,donor_number_tokens,2,Qwen/Qwen3-4B-Instruct-2507,cdbee75f17c01a7cc42f958dc650907174af0554,system-role,89,13,24.25,26.75,-26.75,-26.625,-50.875,True,False,"[26, 27, 28, 29, 30, 31, 32, 33, 39, 40, 41, 42, 43]","[26, 27, 28, 29, 30, 31, 32, 33, 39, 40, 41, 42, 43]","[57, 7, 3, 1, 80, 18, 68, 61, 35, 81, 79, 67, 16]"
causal-gen-028,28,relation_statements,129,8,3,donor_random_positions,2,Qwen/Qwen3-4B-Instruct-2507,cdbee75f17c01a7cc42f958dc650907174af0554,system-role,89,13,24.25,26.75,-26.75,24.5,0.25,True,True,"[26, 27, 28, 29, 30, 31, 32, 33, 39, 40, 41, 42, 43]","[57, 7, 3, 1, 80, 18, 68, 61, 35, 81, 79, 67, 16]","[57, 7, 3, 1, 80, 18, 68, 61, 35, 81, 79, 67, 16]"
causal-gen-028,28,relation_statements,129,8,3,donor_answer_position,2,Qwen/Qwen3-4B-Instruct-2507,cdbee75f17c01a7cc42f958dc650907174af0554,system-role,89,13,24.25,26.75,-26.75,24.625,0.375,True,True,"[26, 27, 28, 29, 30, 31, 32, 33, 39, 40, 41, 42, 43]",[88],"[57, 7, 3, 1, 80, 18, 68, 61, 35, 81, 79, 67, 16]"
causal-gen-029,29,relation_statements,130,9,3,easy_number_tokens,2,Qwen/Qwen3-4B-Instruct-2507,cdbee75f17c01a7cc42f958dc650907174af0554,system-role,89,13,22.25,27.25,-27.5,23.625,1.375,True,True,"[26, 27, 28, 29, 30, 31, 32, 33, 39, 40, 41, 42, 43]","[36, 37, 38, 39, 40, 41, 42, 43, 26, 27, 28, 29, 30]","[5, 18, 85, 81, 70, 2, 59, 11, 64, 74, 46, 14, 19]"
causal-gen-029,29,relation_statements,130,9,3,easy_random_positions,2,Qwen/Qwen3-4B-Instruct-2507,cdbee75f17c01a7cc42f958dc650907174af0554,system-role,89,13,22.25,27.25,-27.5,22.5,0.25,True,True,"[26, 27, 28, 29, 30, 31, 32, 33, 39, 40, 41, 42, 43]","[5, 18, 85, 81, 70, 2, 59, 11, 64, 74, 46, 14, 19]","[5, 18, 85, 81, 70, 2, 59, 11, 64, 74, 46, 14, 19]"
causal-gen-029,29,relation_statements,130,9,3,easy_answer_position,2,Qwen/Qwen3-4B-Instruct-2507,cdbee75f17c01a7cc42f958dc650907174af0554,system-role,89,13,22.25,27.25,-27.5,22.25,0.0,True,True,"[26, 27, 28, 29, 30, 31, 32, 33, 39, 40, 41, 42, 43]",[88],"[5, 18, 85, 81, 70, 2, 59, 11, 64, 74, 46, 14, 19]"
causal-gen-029,29,relation_statements,130,9,3,donor_number_tokens,2,Qwen/Qwen3-4B-Instruct-2507,cdbee75f17c01a7cc42f958dc650907174af0554,system-role,89,13,22.25,27.25,-27.5,-27.75,-50.0,True,False,"[26, 27, 28, 29, 30, 31, 32, 33, 39, 40, 41, 42, 43]","[26, 27, 28, 29, 30, 31, 32, 33, 39, 40, 41, 42, 43]","[5, 18, 85, 81, 70, 2, 59, 11, 64, 74, 46, 14, 19]"
causal-gen-029,29,relation_statements,130,9,3,donor_random_positions,2,Qwen/Qwen3-4B-Instruct-2507,cdbee75f17c01a7cc42f958dc650907174af0554,system-role,89,13,22.25,27.25,-27.5,22.5,0.25,True,True,"[26, 27, 28, 29, 30, 31, 32, 33, 39, 40, 41, 42, 43]","[5, 18, 85, 81, 70, 2, 59, 11, 64, 74, 46, 14, 19]","[5, 18, 85, 81, 70, 2, 59, 11, 64, 74, 46, 14, 19]"
causal-gen-029,29,relation_statements,130,9,3,donor_answer_position,2,Qwen/Qwen3-4B-Instruct-2507,cdbee75f17c01a7cc42f958dc650907174af0554,system-role,89,13,22.25,27.25,-27.5,22.25,0.0,True,True,"[26, 27, 28, 29, 30, 31, 32, 33, 39, 40, 41, 42, 43]",[88],"[5, 18, 85, 81, 70, 2, 59, 11, 64, 74, 46, 14, 19]"
causal-gen-030,30,relation_statements,131,0,4,easy_number_tokens,2,Qwen/Qwen3-4B-Instruct-2507,cdbee75f17c01a7cc42f958dc650907174af0554,system-role,90,14,25.5,27.875,-21.5,26.125,0.625,True,True,"[26, 27, 28, 29, 30, 31, 32, 33, 34, 40, 41, 42, 43, 44]","[36, 37, 38, 39, 40, 41, 42, 43, 44, 26, 27, 28, 29, 30]","[68, 49, 2, 52, 45, 51, 53, 38, 22, 7, 50, 61, 39, 21]"
causal-gen-030,30,relation_statements,131,0,4,easy_random_positions,2,Qwen/Qwen3-4B-Instruct-2507,cdbee75f17c01a7cc42f958dc650907174af0554,system-role,90,14,25.5,27.875,-21.5,22.5,-3.0,True,True,"[26, 27, 28, 29, 30, 31, 32, 33, 34, 40, 41, 42, 43, 44]","[68, 49, 2, 52, 45, 51, 53, 38, 22, 7, 50, 61, 39, 21]","[68, 49, 2, 52, 45, 51, 53, 38, 22, 7, 50, 61, 39, 21]"
causal-gen-030,30,relation_statements,131,0,4,easy_answer_position,2,Qwen/Qwen3-4B-Instruct-2507,cdbee75f17c01a7cc42f958dc650907174af0554,system-role,90,14,25.5,27.875,-21.5,25.625,0.125,True,True,"[26, 27, 28, 29, 30, 31, 32, 33, 34, 40, 41, 42, 43, 44]",[89],"[68, 49, 2, 52, 45, 51, 53, 38, 22, 7, 50, 61, 39, 21]"
causal-gen-030,30,relation_statements,131,0,4,donor_number_tokens,2,Qwen/Qwen3-4B-Instruct-2507,cdbee75f17c01a7cc42f958dc650907174af0554,system-role,90,14,25.5,27.875,-21.5,-21.5,-47.0,True,False,"[26, 27, 28, 29, 30, 31, 32, 33, 34, 40, 41, 42, 43, 44]","[26, 27, 28, 29, 30, 31, 32, 33, 34, 40, 41, 42, 43, 44]","[68, 49, 2, 52, 45, 51, 53, 38, 22, 7, 50, 61, 39, 21]"
causal-gen-030,30,relation_statements,131,0,4,donor_random_positions,2,Qwen/Qwen3-4B-Instruct-2507,cdbee75f17c01a7cc42f958dc650907174af0554,system-role,90,14,25.5,27.875,-21.5,25.125,-0.375,True,True,"[26, 27, 28, 29, 30, 31, 32, 33, 34, 40, 41, 42, 43, 44]","[68, 49, 2, 52, 45, 51, 53, 38, 22, 7, 50, 61, 39, 21]","[68, 49, 2, 52, 45, 51, 53, 38, 22, 7, 50, 61, 39, 21]"
causal-gen-030,30,relation_statements,131,0,4,donor_answer_position,2,Qwen/Qwen3-4B-Instruct-2507,cdbee75f17c01a7cc42f958dc650907174af0554,system-role,90,14,25.5,27.875,-21.5,25.625,0.125,True,True,"[26, 27, 28, 29, 30, 31, 32, 33, 34, 40, 41, 42, 43, 44]",[89],"[68, 49, 2, 52, 45, 51, 53, 38, 22, 7, 50, 61, 39, 21]"
causal-gen-031,31,relation_statements,132,1,4,easy_number_tokens,2,Qwen/Qwen3-4B-Instruct-2507,cdbee75f17c01a7cc42f958dc650907174af0554,system-role,90,14,23.75,26.5,-18.0,24.5,0.75,True,True,"[26, 27, 28, 29, 30, 31, 32, 33, 34, 40, 41, 42, 43, 44]","[36, 37, 38, 39, 40, 41, 42, 43, 44, 26, 27, 28, 29, 30]","[38, 87, 7, 12, 59, 84, 14, 39, 45, 56, 81, 9, 54, 46]"
causal-gen-031,31,relation_statements,132,1,4,easy_random_positions,2,Qwen/Qwen3-4B-Instruct-2507,cdbee75f17c01a7cc42f958dc650907174af0554,system-role,90,14,23.75,26.5,-18.0,19.875,-3.875,True,True,"[26, 27, 28, 29, 30, 31, 32, 33, 34, 40, 41, 42, 43, 44]","[38, 87, 7, 12, 59, 84, 14, 39, 45, 56, 81, 9, 54, 46]","[38, 87, 7, 12, 59, 84, 14, 39, 45, 56, 81, 9, 54, 46]"
causal-gen-031,31,relation_statements,132,1,4,easy_answer_position,2,Qwen/Qwen3-4B-Instruct-2507,cdbee75f17c01a7cc42f958dc650907174af0554,system-role,90,14,23.75,26.5,-18.0,23.625,-0.125,True,True,"[26, 27, 28, 29, 30, 31, 32, 33, 34, 40, 41, 42, 43, 44]",[89],"[38, 87, 7, 12, 59, 84, 14, 39, 45, 56, 81, 9, 54, 46]"
causal-gen-031,31,relation_statements,132,1,4,donor_number_tokens,2,Qwen/Qwen3-4B-Instruct-2507,cdbee75f17c01a7cc42f958dc650907174af0554,system-role,90,14,23.75,26.5,-18.0,-18.25,-42.0,True,False,"[26, 27, 28, 29, 30, 31, 32, 33, 34, 40, 41, 42, 43, 44]","[26, 27, 28, 29, 30, 31, 32, 33, 34, 40, 41, 42, 43, 44]","[38, 87, 7, 12, 59, 84, 14, 39, 45, 56, 81, 9, 54, 46]"
causal-gen-031,31,relation_statements,132,1,4,donor_random_positions,2,Qwen/Qwen3-4B-Instruct-2507,cdbee75f17c01a7cc42f958dc650907174af0554,system-role,90,14,23.75,26.5,-18.0,24.25,0.5,True,True,"[26, 27, 28, 29, 30, 31, 32, 33, 34, 40, 41, 42, 43, 44]","[38, 87, 7, 12, 59, 84, 14, 39, 45, 56, 81, 9, 54, 46]","[38, 87, 7, 12, 59, 84, 14, 39, 45, 56, 81, 9, 54, 46]"
causal-gen-031,31,relation_statements,132,1,4,donor_answer_position,2,Qwen/Qwen3-4B-Instruct-2507,cdbee75f17c01a7cc42f958dc650907174af0554,system-role,90,14,23.75,26.5,-18.0,23.75,0.0,True,True,"[26, 27, 28, 29, 30, 31, 32, 33, 34, 40, 41, 42, 43, 44]",[89],"[38, 87, 7, 12, 59, 84, 14, 39, 45, 56, 81, 9, 54, 46]"
causal-gen-032,32,relation_statements,133,2,4,easy_number_tokens,2,Qwen/Qwen3-4B-Instruct-2507,cdbee75f17c01a7cc42f958dc650907174af0554,system-role,90,14,24.25,27.375,-17.5,24.375,0.125,True,True,"[26, 27, 28, 29, 30, 31, 32, 33, 34, 40, 41, 42, 43, 44]","[36, 37, 38, 39, 40, 41, 42, 43, 44, 26, 27, 28, 29, 30]","[86, 63, 49, 51, 22, 74, 13, 17, 57, 54, 66, 36, 75, 14]"
causal-gen-032,32,relation_statements,133,2,4,easy_random_positions,2,Qwen/Qwen3-4B-Instruct-2507,cdbee75f17c01a7cc42f958dc650907174af0554,system-role,90,14,24.25,27.375,-17.5,24.0,-0.25,True,True,"[26, 27, 28, 29, 30, 31, 32, 33, 34, 40, 41, 42, 43, 44]","[86, 63, 49, 51, 22, 74, 13, 17, 57, 54, 66, 36, 75, 14]","[86, 63, 49, 51, 22, 74, 13, 17, 57, 54, 66, 36, 75, 14]"
causal-gen-032,32,relation_statements,133,2,4,easy_answer_position,2,Qwen/Qwen3-4B-Instruct-2507,cdbee75f17c01a7cc42f958dc650907174af0554,system-role,90,14,24.25,27.375,-17.5,24.375,0.125,True,True,"[26, 27, 28, 29, 30, 31, 32, 33, 34, 40, 41, 42, 43, 44]",[89],"[86, 63, 49, 51, 22, 74, 13, 17, 57, 54, 66, 36, 75, 14]"
causal-gen-032,32,relation_statements,133,2,4,donor_number_tokens,2,Qwen/Qwen3-4B-Instruct-2507,cdbee75f17c01a7cc42f958dc650907174af0554,system-role,90,14,24.25,27.375,-17.5,-17.5,-41.75,True,False,"[26, 27, 28, 29, 30, 31, 32, 33, 34, 40, 41, 42, 43, 44]","[26, 27, 28, 29, 30, 31, 32, 33, 34, 40, 41, 42, 43, 44]","[86, 63, 49, 51, 22, 74, 13, 17, 57, 54, 66, 36, 75, 14]"
causal-gen-032,32,relation_statements,133,2,4,donor_random_positions,2,Qwen/Qwen3-4B-Instruct-2507,cdbee75f17c01a7cc42f958dc650907174af0554,system-role,90,14,24.25,27.375,-17.5,24.375,0.125,True,True,"[26, 27, 28, 29, 30, 31, 32, 33, 34, 40, 41, 42, 43, 44]","[86, 63, 49, 51, 22, 74, 13, 17, 57, 54, 66, 36, 75, 14]","[86, 63, 49, 51, 22, 74, 13, 17, 57, 54, 66, 36, 75, 14]"
causal-gen-032,32,relation_statements,133,2,4,donor_answer_position,2,Qwen/Qwen3-4B-Instruct-2507,cdbee75f17c01a7cc42f958dc650907174af0554,system-role,90,14,24.25,27.375,-17.5,24.375,0.125,True,True,"[26, 27, 28, 29, 30, 31, 32, 33, 34, 40, 41, 42, 43, 44]",[89],"[86, 63, 49, 51, 22, 74, 13, 17, 57, 54, 66, 36, 75, 14]"
causal-gen-033,33,relation_statements,134,3,4,easy_number_tokens,2,Qwen/Qwen3-4B-Instruct-2507,cdbee75f17c01a7cc42f958dc650907174af0554,system-role,90,14,24.0,27.0,-20.0,24.375,0.375,True,True,"[26, 27, 28, 29, 30, 31, 32, 33, 34, 40, 41, 42, 43, 44]","[36, 37, 38, 39, 40, 41, 42, 43, 44, 26, 27, 28, 29, 30]","[75, 88, 71, 78, 15, 55, 62, 12, 64, 5, 6, 69, 50, 38]"
causal-gen-033,33,relation_statements,134,3,4,easy_random_positions,2,Qwen/Qwen3-4B-Instruct-2507,cdbee75f17c01a7cc42f958dc650907174af0554,system-role,90,14,24.0,27.0,-20.0,23.125,-0.875,True,True,"[26, 27, 28, 29, 30, 31, 32, 33, 34, 40, 41, 42, 43, 44]","[75, 88, 71, 78, 15, 55, 62, 12, 64, 5, 6, 69, 50, 38]","[75, 88, 71, 78, 15, 55, 62, 12, 64, 5, 6, 69, 50, 38]"
causal-gen-033,33,relation_statements,134,3,4,easy_answer_position,2,Qwen/Qwen3-4B-Instruct-2507,cdbee75f17c01a7cc42f958dc650907174af0554,system-role,90,14,24.0,27.0,-20.0,24.0,0.0,True,True,"[26, 27, 28, 29, 30, 31, 32, 33, 34, 40, 41, 42, 43, 44]",[89],"[75, 88, 71, 78, 15, 55, 62, 12, 64, 5, 6, 69, 50, 38]"
causal-gen-033,33,relation_statements,134,3,4,donor_number_tokens,2,Qwen/Qwen3-4B-Instruct-2507,cdbee75f17c01a7cc42f958dc650907174af0554,system-role,90,14,24.0,27.0,-20.0,-20.25,-44.25,True,False,"[26, 27, 28, 29, 30, 31, 32, 33, 34, 40, 41, 42, 43, 44]","[26, 27, 28, 29, 30, 31, 32, 33, 34, 40, 41, 42, 43, 44]","[75, 88, 71, 78, 15, 55, 62, 12, 64, 5, 6, 69, 50, 38]"
causal-gen-033,33,relation_statements,134,3,4,donor_random_positions,2,Qwen/Qwen3-4B-Instruct-2507,cdbee75f17c01a7cc42f958dc650907174af0554,system-role,90,14,24.0,27.0,-20.0,23.75,-0.25,True,True,"[26, 27, 28, 29, 30, 31, 32, 33, 34, 40, 41, 42, 43, 44]","[75, 88, 71, 78, 15, 55, 62, 12, 64, 5, 6, 69, 50, 38]","[75, 88, 71, 78, 15, 55, 62, 12, 64, 5, 6, 69, 50, 38]"
causal-gen-033,33,relation_statements,134,3,4,donor_answer_position,2,Qwen/Qwen3-4B-Instruct-2507,cdbee75f17c01a7cc42f958dc650907174af0554,system-role,90,14,24.0,27.0,-20.0,24.0,0.0,True,True,"[26, 27, 28, 29, 30, 31, 32, 33, 34, 40, 41, 42, 43, 44]",[89],"[75, 88, 71, 78, 15, 55, 62, 12, 64, 5, 6, 69, 50, 38]"
causal-gen-034,34,relation_statements,135,4,4,easy_number_tokens,2,Qwen/Qwen3-4B-Instruct-2507,cdbee75f17c01a7cc42f958dc650907174af0554,system-role,90,14,24.375,27.375,-19.75,24.625,0.25,True,True,"[26, 27, 28, 29, 30, 31, 32, 33, 34, 40, 41, 42, 43, 44]","[36, 37, 38, 39, 40, 41, 42, 43, 44, 26, 27, 28, 29, 30]","[85, 56, 84, 70, 55, 1, 69, 50, 38, 47, 2, 36, 48, 75]"
causal-gen-034,34,relation_statements,135,4,4,easy_random_positions,2,Qwen/Qwen3-4B-Instruct-2507,cdbee75f17c01a7cc42f958dc650907174af0554,system-role,90,14,24.375,27.375,-19.75,17.0,-7.375,True,True,"[26, 27, 28, 29, 30, 31, 32, 33, 34, 40, 41, 42, 43, 44]","[85, 56, 84, 70, 55, 1, 69, 50, 38, 47, 2, 36, 48, 75]","[85, 56, 84, 70, 55, 1, 69, 50, 38, 47, 2, 36, 48, 75]"
causal-gen-034,34,relation_statements,135,4,4,easy_answer_position,2,Qwen/Qwen3-4B-Instruct-2507,cdbee75f17c01a7cc42f958dc650907174af0554,system-role,90,14,24.375,27.375,-19.75,24.625,0.25,True,True,"[26, 27, 28, 29, 30, 31, 32, 33, 34, 40, 41, 42, 43, 44]",[89],"[85, 56, 84, 70, 55, 1, 69, 50, 38, 47, 2, 36, 48, 75]"
causal-gen-034,34,relation_statements,135,4,4,donor_number_tokens,2,Qwen/Qwen3-4B-Instruct-2507,cdbee75f17c01a7cc42f958dc650907174af0554,system-role,90,14,24.375,27.375,-19.75,-19.875,-44.25,True,False,"[26, 27, 28, 29, 30, 31, 32, 33, 34, 40, 41, 42, 43, 44]","[26, 27, 28, 29, 30, 31, 32, 33, 34, 40, 41, 42, 43, 44]","[85, 56, 84, 70, 55, 1, 69, 50, 38, 47, 2, 36, 48, 75]"
causal-gen-034,34,relation_statements,135,4,4,donor_random_positions,2,Qwen/Qwen3-4B-Instruct-2507,cdbee75f17c01a7cc42f958dc650907174af0554,system-role,90,14,24.375,27.375,-19.75,24.625,0.25,True,True,"[26, 27, 28, 29, 30, 31, 32, 33, 34, 40, 41, 42, 43, 44]","[85, 56, 84, 70, 55, 1, 69, 50, 38, 47, 2, 36, 48, 75]","[85, 56, 84, 70, 55, 1, 69, 50, 38, 47, 2, 36, 48, 75]"
causal-gen-034,34,relation_statements,135,4,4,donor_answer_position,2,Qwen/Qwen3-4B-Instruct-2507,cdbee75f17c01a7cc42f958dc650907174af0554,system-role,90,14,24.375,27.375,-19.75,24.625,0.25,True,True,"[26, 27, 28, 29, 30, 31, 32, 33, 34, 40, 41, 42, 43, 44]",[89],"[85, 56, 84, 70, 55, 1, 69, 50, 38, 47, 2, 36, 48, 75]"
causal-gen-035,35,relation_statements,136,5,4,easy_number_tokens,2,Qwen/Qwen3-4B-Instruct-2507,cdbee75f17c01a7cc42f958dc650907174af0554,system-role,90,14,26.0,27.625,-20.25,25.25,-0.75,True,True,"[26, 27, 28, 29, 30, 31, 32, 33, 34, 40, 41, 42, 43, 44]","[36, 37, 38, 39, 40, 41, 42, 43, 44, 26, 27, 28, 29, 30]","[13, 62, 63, 16, 86, 10, 58, 69, 20, 56, 73, 85, 88, 55]"
causal-gen-035,35,relation_statements,136,5,4,easy_random_positions,2,Qwen/Qwen3-4B-Instruct-2507,cdbee75f17c01a7cc42f958dc650907174af0554,system-role,90,14,26.0,27.625,-20.25,25.875,-0.125,True,True,"[26, 27, 28, 29, 30, 31, 32, 33, 34, 40, 41, 42, 43, 44]","[13, 62, 63, 16, 86, 10, 58, 69, 20, 56, 73, 85, 88, 55]","[13, 62, 63, 16, 86, 10, 58, 69, 20, 56, 73, 85, 88, 55]"
causal-gen-035,35,relation_statements,136,5,4,easy_answer_position,2,Qwen/Qwen3-4B-Instruct-2507,cdbee75f17c01a7cc42f958dc650907174af0554,system-role,90,14,26.0,27.625,-20.25,25.875,-0.125,True,True,"[26, 27, 28, 29, 30, 31, 32, 33, 34, 40, 41, 42, 43, 44]",[89],"[13, 62, 63, 16, 86, 10, 58, 69, 20, 56, 73, 85, 88, 55]"
causal-gen-035,35,relation_statements,136,5,4,donor_number_tokens,2,Qwen/Qwen3-4B-Instruct-2507,cdbee75f17c01a7cc42f958dc650907174af0554,system-role,90,14,26.0,27.625,-20.25,-20.25,-46.25,True,False,"[26, 27, 28, 29, 30, 31, 32, 33, 34, 40, 41, 42, 43, 44]","[26, 27, 28, 29, 30, 31, 32, 33, 34, 40, 41, 42, 43, 44]","[13, 62, 63, 16, 86, 10, 58, 69, 20, 56, 73, 85, 88, 55]"
causal-gen-035,35,relation_statements,136,5,4,donor_random_positions,2,Qwen/Qwen3-4B-Instruct-2507,cdbee75f17c01a7cc42f958dc650907174af0554,system-role,90,14,26.0,27.625,-20.25,25.75,-0.25,True,True,"[26, 27, 28, 29, 30, 31, 32, 33, 34, 40, 41, 42, 43, 44]","[13, 62, 63, 16, 86, 10, 58, 69, 20, 56, 73, 85, 88, 55]","[13, 62, 63, 16, 86, 10, 58, 69, 20, 56, 73, 85, 88, 55]"
causal-gen-035,35,relation_statements,136,5,4,donor_answer_position,2,Qwen/Qwen3-4B-Instruct-2507,cdbee75f17c01a7cc42f958dc650907174af0554,system-role,90,14,26.0,27.625,-20.25,25.875,-0.125,True,True,"[26, 27, 28, 29, 30, 31, 32, 33, 34, 40, 41, 42, 43, 44]",[89],"[13, 62, 63, 16, 86, 10, 58, 69, 20, 56, 73, 85, 88, 55]"
causal-gen-036,36,relation_statements,137,6,4,easy_number_tokens,2,Qwen/Qwen3-4B-Instruct-2507,cdbee75f17c01a7cc42f958dc650907174af0554,system-role,90,14,25.375,27.375,-18.125,25.25,-0.125,True,True,"[26, 27, 28, 29, 30, 31, 32, 33, 34, 40, 41, 42, 43, 44]","[36, 37, 38, 39, 40, 41, 42, 43, 44, 26, 27, 28, 29, 30]","[12, 7, 73, 63, 45, 46, 1, 62, 69, 70, 50, 22, 16, 47]"
causal-gen-036,36,relation_statements,137,6,4,easy_random_positions,2,Qwen/Qwen3-4B-Instruct-2507,cdbee75f17c01a7cc42f958dc650907174af0554,system-role,90,14,25.375,27.375,-18.125,25.5,0.125,True,True,"[26, 27, 28, 29, 30, 31, 32, 33, 34, 40, 41, 42, 43, 44]","[12, 7, 73, 63, 45, 46, 1, 62, 69, 70, 50, 22, 16, 47]","[12, 7, 73, 63, 45, 46, 1, 62, 69, 70, 50, 22, 16, 47]"
causal-gen-036,36,relation_statements,137,6,4,easy_answer_position,2,Qwen/Qwen3-4B-Instruct-2507,cdbee75f17c01a7cc42f958dc650907174af0554,system-role,90,14,25.375,27.375,-18.125,25.625,0.25,True,True,"[26, 27, 28, 29, 30, 31, 32, 33, 34, 40, 41, 42, 43, 44]",[89],"[12, 7, 73, 63, 45, 46, 1, 62, 69, 70, 50, 22, 16, 47]"
causal-gen-036,36,relation_statements,137,6,4,donor_number_tokens,2,Qwen/Qwen3-4B-Instruct-2507,cdbee75f17c01a7cc42f958dc650907174af0554,system-role,90,14,25.375,27.375,-18.125,-18.625,-44.0,True,False,"[26, 27, 28, 29, 30, 31, 32, 33, 34, 40, 41, 42, 43, 44]","[26, 27, 28, 29, 30, 31, 32, 33, 34, 40, 41, 42, 43, 44]","[12, 7, 73, 63, 45, 46, 1, 62, 69, 70, 50, 22, 16, 47]"
causal-gen-036,36,relation_statements,137,6,4,donor_random_positions,2,Qwen/Qwen3-4B-Instruct-2507,cdbee75f17c01a7cc42f958dc650907174af0554,system-role,90,14,25.375,27.375,-18.125,25.625,0.25,True,True,"[26, 27, 28, 29, 30, 31, 32, 33, 34, 40, 41, 42, 43, 44]","[12, 7, 73, 63, 45, 46, 1, 62, 69, 70, 50, 22, 16, 47]","[12, 7, 73, 63, 45, 46, 1, 62, 69, 70, 50, 22, 16, 47]"
causal-gen-036,36,relation_statements,137,6,4,donor_answer_position,2,Qwen/Qwen3-4B-Instruct-2507,cdbee75f17c01a7cc42f958dc650907174af0554,system-role,90,14,25.375,27.375,-18.125,25.25,-0.125,True,True,"[26, 27, 28, 29, 30, 31, 32, 33, 34, 40, 41, 42, 43, 44]",[89],"[12, 7, 73, 63, 45, 46, 1, 62, 69, 70, 50, 22, 16, 47]"
causal-gen-037,37,relation_statements,138,7,4,easy_number_tokens,2,Qwen/Qwen3-4B-Instruct-2507,cdbee75f17c01a7cc42f958dc650907174af0554,system-role,90,14,23.625,27.0,-23.75,24.125,0.5,True,True,"[26, 27, 28, 29, 30, 31, 32, 33, 34, 40, 41, 42, 43, 44]","[36, 37, 38, 39, 40, 41, 42, 43, 44, 26, 27, 28, 29, 30]","[46, 55, 87, 63, 17, 16, 72, 39, 12, 3, 9, 77, 78, 10]"
causal-gen-037,37,relation_statements,138,7,4,easy_random_positions,2,Qwen/Qwen3-4B-Instruct-2507,cdbee75f17c01a7cc42f958dc650907174af0554,system-role,90,14,23.625,27.0,-23.75,21.25,-2.375,True,True,"[26, 27, 28, 29, 30, 31, 32, 33, 34, 40, 41, 42, 43, 44]","[46, 55, 87, 63, 17, 16, 72, 39, 12, 3, 9, 77, 78, 10]","[46, 55, 87, 63, 17, 16, 72, 39, 12, 3, 9, 77, 78, 10]"
causal-gen-037,37,relation_statements,138,7,4,easy_answer_position,2,Qwen/Qwen3-4B-Instruct-2507,cdbee75f17c01a7cc42f958dc650907174af0554,system-role,90,14,23.625,27.0,-23.75,23.625,0.0,True,True,"[26, 27, 28, 29, 30, 31, 32, 33, 34, 40, 41, 42, 43, 44]",[89],"[46, 55, 87, 63, 17, 16, 72, 39, 12, 3, 9, 77, 78, 10]"
causal-gen-037,37,relation_statements,138,7,4,donor_number_tokens,2,Qwen/Qwen3-4B-Instruct-2507,cdbee75f17c01a7cc42f958dc650907174af0554,system-role,90,14,23.625,27.0,-23.75,-23.375,-47.0,True,False,"[26, 27, 28, 29, 30, 31, 32, 33, 34, 40, 41, 42, 43, 44]","[26, 27, 28, 29, 30, 31, 32, 33, 34, 40, 41, 42, 43, 44]","[46, 55, 87, 63, 17, 16, 72, 39, 12, 3, 9, 77, 78, 10]"
causal-gen-037,37,relation_statements,138,7,4,donor_random_positions,2,Qwen/Qwen3-4B-Instruct-2507,cdbee75f17c01a7cc42f958dc650907174af0554,system-role,90,14,23.625,27.0,-23.75,23.625,0.0,True,True,"[26, 27, 28, 29, 30, 31, 32, 33, 34, 40, 41, 42, 43, 44]","[46, 55, 87, 63, 17, 16, 72, 39, 12, 3, 9, 77, 78, 10]","[46, 55, 87, 63, 17, 16, 72, 39, 12, 3, 9, 77, 78, 10]"
causal-gen-037,37,relation_statements,138,7,4,donor_answer_position,2,Qwen/Qwen3-4B-Instruct-2507,cdbee75f17c01a7cc42f958dc650907174af0554,system-role,90,14,23.625,27.0,-23.75,23.625,0.0,True,True,"[26, 27, 28, 29, 30, 31, 32, 33, 34, 40, 41, 42, 43, 44]",[89],"[46, 55, 87, 63, 17, 16, 72, 39, 12, 3, 9, 77, 78, 10]"
causal-gen-038,38,relation_statements,139,8,4,easy_number_tokens,2,Qwen/Qwen3-4B-Instruct-2507,cdbee75f17c01a7cc42f958dc650907174af0554,system-role,90,14,23.625,27.0,-26.375,24.375,0.75,True,True,"[26, 27, 28, 29, 30, 31, 32, 33, 34, 40, 41, 42, 43, 44]","[36, 37, 38, 39, 40, 41, 42, 43, 44, 26, 27, 28, 29, 30]","[20, 7, 16, 23, 70, 35, 54, 24, 62, 36, 76, 18, 71, 15]"
causal-gen-038,38,relation_statements,139,8,4,easy_random_positions,2,Qwen/Qwen3-4B-Instruct-2507,cdbee75f17c01a7cc42f958dc650907174af0554,system-role,90,14,23.625,27.0,-26.375,24.5,0.875,True,True,"[26, 27, 28, 29, 30, 31, 32, 33, 34, 40, 41, 42, 43, 44]","[20, 7, 16, 23, 70, 35, 54, 24, 62, 36, 76, 18, 71, 15]","[20, 7, 16, 23, 70, 35, 54, 24, 62, 36, 76, 18, 71, 15]"
causal-gen-038,38,relation_statements,139,8,4,easy_answer_position,2,Qwen/Qwen3-4B-Instruct-2507,cdbee75f17c01a7cc42f958dc650907174af0554,system-role,90,14,23.625,27.0,-26.375,23.875,0.25,True,True,"[26, 27, 28, 29, 30, 31, 32, 33, 34, 40, 41, 42, 43, 44]",[89],"[20, 7, 16, 23, 70, 35, 54, 24, 62, 36, 76, 18, 71, 15]"
causal-gen-038,38,relation_statements,139,8,4,donor_number_tokens,2,Qwen/Qwen3-4B-Instruct-2507,cdbee75f17c01a7cc42f958dc650907174af0554,system-role,90,14,23.625,27.0,-26.375,-26.625,-50.25,True,False,"[26, 27, 28, 29, 30, 31, 32, 33, 34, 40, 41, 42, 43, 44]","[26, 27, 28, 29, 30, 31, 32, 33, 34, 40, 41, 42, 43, 44]","[20, 7, 16, 23, 70, 35, 54, 24, 62, 36, 76, 18, 71, 15]"
causal-gen-038,38,relation_statements,139,8,4,donor_random_positions,2,Qwen/Qwen3-4B-Instruct-2507,cdbee75f17c01a7cc42f958dc650907174af0554,system-role,90,14,23.625,27.0,-26.375,24.125,0.5,True,True,"[26, 27, 28, 29, 30, 31, 32, 33, 34, 40, 41, 42, 43, 44]","[20, 7, 16, 23, 70, 35, 54, 24, 62, 36, 76, 18, 71, 15]","[20, 7, 16, 23, 70, 35, 54, 24, 62, 36, 76, 18, 71, 15]"
causal-gen-038,38,relation_statements,139,8,4,donor_answer_position,2,Qwen/Qwen3-4B-Instruct-2507,cdbee75f17c01a7cc42f958dc650907174af0554,system-role,90,14,23.625,27.0,-26.375,24.0,0.375,True,True,"[26, 27, 28, 29, 30, 31, 32, 33, 34, 40, 41, 42, 43, 44]",[89],"[20, 7, 16, 23, 70, 35, 54, 24, 62, 36, 76, 18, 71, 15]"
causal-gen-039,39,relation_statements,140,9,4,easy_number_tokens,2,Qwen/Qwen3-4B-Instruct-2507,cdbee75f17c01a7cc42f958dc650907174af0554,system-role,90,14,21.25,27.25,-27.375,23.375,2.125,True,True,"[26, 27, 28, 29, 30, 31, 32, 33, 34, 40, 41, 42, 43, 44]","[36, 37, 38, 39, 40, 41, 42, 43, 44, 26, 27, 28, 29, 30]","[66, 16, 17, 82, 7, 51, 9, 74, 12, 11, 35, 79, 37, 84]"
causal-gen-039,39,relation_statements,140,9,4,easy_random_positions,2,Qwen/Qwen3-4B-Instruct-2507,cdbee75f17c01a7cc42f958dc650907174af0554,system-role,90,14,21.25,27.25,-27.375,21.0,-0.25,True,True,"[26, 27, 28, 29, 30, 31, 32, 33, 34, 40, 41, 42, 43, 44]","[66, 16, 17, 82, 7, 51, 9, 74, 12, 11, 35, 79, 37, 84]","[66, 16, 17, 82, 7, 51, 9, 74, 12, 11, 35, 79, 37, 84]"
causal-gen-039,39,relation_statements,140,9,4,easy_answer_position,2,Qwen/Qwen3-4B-Instruct-2507,cdbee75f17c01a7cc42f958dc650907174af0554,system-role,90,14,21.25,27.25,-27.375,21.5,0.25,True,True,"[26, 27, 28, 29, 30, 31, 32, 33, 34, 40, 41, 42, 43, 44]",[89],"[66, 16, 17, 82, 7, 51, 9, 74, 12, 11, 35, 79, 37, 84]"
causal-gen-039,39,relation_statements,140,9,4,donor_number_tokens,2,Qwen/Qwen3-4B-Instruct-2507,cdbee75f17c01a7cc42f958dc650907174af0554,system-role,90,14,21.25,27.25,-27.375,-27.25,-48.5,True,False,"[26, 27, 28, 29, 30, 31, 32, 33, 34, 40, 41, 42, 43, 44]","[26, 27, 28, 29, 30, 31, 32, 33, 34, 40, 41, 42, 43, 44]","[66, 16, 17, 82, 7, 51, 9, 74, 12, 11, 35, 79, 37, 84]"
causal-gen-039,39,relation_statements,140,9,4,donor_random_positions,2,Qwen/Qwen3-4B-Instruct-2507,cdbee75f17c01a7cc42f958dc650907174af0554,system-role,90,14,21.25,27.25,-27.375,21.375,0.125,True,True,"[26, 27, 28, 29, 30, 31, 32, 33, 34, 40, 41, 42, 43, 44]","[66, 16, 17, 82, 7, 51, 9, 74, 12, 11, 35, 79, 37, 84]","[66, 16, 17, 82, 7, 51, 9, 74, 12, 11, 35, 79, 37, 84]"
causal-gen-039,39,relation_statements,140,9,4,donor_answer_position,2,Qwen/Qwen3-4B-Instruct-2507,cdbee75f17c01a7cc42f958dc650907174af0554,system-role,90,14,21.25,27.25,-27.375,21.625,0.375,True,True,"[26, 27, 28, 29, 30, 31, 32, 33, 34, 40, 41, 42, 43, 44]",[89],"[66, 16, 17, 82, 7, 51, 9, 74, 12, 11, 35, 79, 37, 84]"
causal-gen-040,40,relation_statements,141,0,5,easy_number_tokens,2,Qwen/Qwen3-4B-Instruct-2507,cdbee75f17c01a7cc42f958dc650907174af0554,system-role,91,15,25.625,27.625,-21.25,25.875,0.25,True,True,"[26, 27, 28, 29, 30, 31, 32, 33, 34, 35, 41, 42, 43, 44, 45]","[36, 37, 38, 39, 40, 41, 42, 43, 44, 45, 26, 27, 28, 29, 30]","[66, 14, 64, 17, 9, 60, 77, 61, 51, 73, 8, 1, 88, 87, 38]"
causal-gen-040,40,relation_statements,141,0,5,easy_random_positions,2,Qwen/Qwen3-4B-Instruct-2507,cdbee75f17c01a7cc42f958dc650907174af0554,system-role,91,15,25.625,27.625,-21.25,23.875,-1.75,True,True,"[26, 27, 28, 29, 30, 31, 32, 33, 34, 35, 41, 42, 43, 44, 45]","[66, 14, 64, 17, 9, 60, 77, 61, 51, 73, 8, 1, 88, 87, 38]","[66, 14, 64, 17, 9, 60, 77, 61, 51, 73, 8, 1, 88, 87, 38]"
causal-gen-040,40,relation_statements,141,0,5,easy_answer_position,2,Qwen/Qwen3-4B-Instruct-2507,cdbee75f17c01a7cc42f958dc650907174af0554,system-role,91,15,25.625,27.625,-21.25,25.25,-0.375,True,True,"[26, 27, 28, 29, 30, 31, 32, 33, 34, 35, 41, 42, 43, 44, 45]",[90],"[66, 14, 64, 17, 9, 60, 77, 61, 51, 73, 8, 1, 88, 87, 38]"
causal-gen-040,40,relation_statements,141,0,5,donor_number_tokens,2,Qwen/Qwen3-4B-Instruct-2507,cdbee75f17c01a7cc42f958dc650907174af0554,system-role,91,15,25.625,27.625,-21.25,-21.25,-46.875,True,False,"[26, 27, 28, 29, 30, 31, 32, 33, 34, 35, 41, 42, 43, 44, 45]","[26, 27, 28, 29, 30, 31, 32, 33, 34, 35, 41, 42, 43, 44, 45]","[66, 14, 64, 17, 9, 60, 77, 61, 51, 73, 8, 1, 88, 87, 38]"
causal-gen-040,40,relation_statements,141,0,5,donor_random_positions,2,Qwen/Qwen3-4B-Instruct-2507,cdbee75f17c01a7cc42f958dc650907174af0554,system-role,91,15,25.625,27.625,-21.25,25.375,-0.25,True,True,"[26, 27, 28, 29, 30, 31, 32, 33, 34, 35, 41, 42, 43, 44, 45]","[66, 14, 64, 17, 9, 60, 77, 61, 51, 73, 8, 1, 88, 87, 38]","[66, 14, 64, 17, 9, 60, 77, 61, 51, 73, 8, 1, 88, 87, 38]"
causal-gen-040,40,relation_statements,141,0,5,donor_answer_position,2,Qwen/Qwen3-4B-Instruct-2507,cdbee75f17c01a7cc42f958dc650907174af0554,system-role,91,15,25.625,27.625,-21.25,25.25,-0.375,True,True,"[26, 27, 28, 29, 30, 31, 32, 33, 34, 35, 41, 42, 43, 44, 45]",[90],"[66, 14, 64, 17, 9, 60, 77, 61, 51, 73, 8, 1, 88, 87, 38]"
causal-gen-041,41,relation_statements,142,1,5,easy_number_tokens,2,Qwen/Qwen3-4B-Instruct-2507,cdbee75f17c01a7cc42f958dc650907174af0554,system-role,91,15,23.75,26.625,-18.125,24.375,0.625,True,True,"[26, 27, 28, 29, 30, 31, 32, 33, 34, 35, 41, 42, 43, 44, 45]","[36, 37, 38, 39, 40, 41, 42, 43, 44, 45, 26, 27, 28, 29, 30]","[82, 61, 46, 9, 14, 59, 86, 20, 1, 76, 40, 75, 79, 7, 55]"
causal-gen-041,41,relation_statements,142,1,5,easy_random_positions,2,Qwen/Qwen3-4B-Instruct-2507,cdbee75f17c01a7cc42f958dc650907174af0554,system-role,91,15,23.75,26.625,-18.125,23.375,-0.375,True,True,"[26, 27, 28, 29, 30, 31, 32, 33, 34, 35, 41, 42, 43, 44, 45]","[82, 61, 46, 9, 14, 59, 86, 20, 1, 76, 40, 75, 79, 7, 55]","[82, 61, 46, 9, 14, 59, 86, 20, 1, 76, 40, 75, 79, 7, 55]"
causal-gen-041,41,relation_statements,142,1,5,easy_answer_position,2,Qwen/Qwen3-4B-Instruct-2507,cdbee75f17c01a7cc42f958dc650907174af0554,system-role,91,15,23.75,26.625,-18.125,23.625,-0.125,True,True,"[26, 27, 28, 29, 30, 31, 32, 33, 34, 35, 41, 42, 43, 44, 45]",[90],"[82, 61, 46, 9, 14, 59, 86, 20, 1, 76, 40, 75, 79, 7, 55]"
causal-gen-041,41,relation_statements,142,1,5,donor_number_tokens,2,Qwen/Qwen3-4B-Instruct-2507,cdbee75f17c01a7cc42f958dc650907174af0554,system-role,91,15,23.75,26.625,-18.125,-18.375,-42.125,True,False,"[26, 27, 28, 29, 30, 31, 32, 33, 34, 35, 41, 42, 43, 44, 45]","[26, 27, 28, 29, 30, 31, 32, 33, 34, 35, 41, 42, 43, 44, 45]","[82, 61, 46, 9, 14, 59, 86, 20, 1, 76, 40, 75, 79, 7, 55]"
causal-gen-041,41,relation_statements,142,1,5,donor_random_positions,2,Qwen/Qwen3-4B-Instruct-2507,cdbee75f17c01a7cc42f958dc650907174af0554,system-role,91,15,23.75,26.625,-18.125,23.75,0.0,True,True,"[26, 27, 28, 29, 30, 31, 32, 33, 34, 35, 41, 42, 43, 44, 45]","[82, 61, 46, 9, 14, 59, 86, 20, 1, 76, 40, 75, 79, 7, 55]","[82, 61, 46, 9, 14, 59, 86, 20, 1, 76, 40, 75, 79, 7, 55]"
causal-gen-041,41,relation_statements,142,1,5,donor_answer_position,2,Qwen/Qwen3-4B-Instruct-2507,cdbee75f17c01a7cc42f958dc650907174af0554,system-role,91,15,23.75,26.625,-18.125,23.75,0.0,True,True,"[26, 27, 28, 29, 30, 31, 32, 33, 34, 35, 41, 42, 43, 44, 45]",[90],"[82, 61, 46, 9, 14, 59, 86, 20, 1, 76, 40, 75, 79, 7, 55]"
causal-gen-042,42,relation_statements,143,2,5,easy_number_tokens,2,Qwen/Qwen3-4B-Instruct-2507,cdbee75f17c01a7cc42f958dc650907174af0554,system-role,91,15,25.5,27.125,-17.25,25.625,0.125,True,True,"[26, 27, 28, 29, 30, 31, 32, 33, 34, 35, 41, 42, 43, 44, 45]","[36, 37, 38, 39, 40, 41, 42, 43, 44, 45, 26, 27, 28, 29, 30]","[54, 10, 17, 62, 89, 63, 15, 59, 86, 60, 6, 75, 51, 53, 2]"
causal-gen-042,42,relation_statements,143,2,5,easy_random_positions,2,Qwen/Qwen3-4B-Instruct-2507,cdbee75f17c01a7cc42f958dc650907174af0554,system-role,91,15,25.5,27.125,-17.25,25.125,-0.375,True,True,"[26, 27, 28, 29, 30, 31, 32, 33, 34, 35, 41, 42, 43, 44, 45]","[54, 10, 17, 62, 89, 63, 15, 59, 86, 60, 6, 75, 51, 53, 2]","[54, 10, 17, 62, 89, 63, 15, 59, 86, 60, 6, 75, 51, 53, 2]"
causal-gen-042,42,relation_statements,143,2,5,easy_answer_position,2,Qwen/Qwen3-4B-Instruct-2507,cdbee75f17c01a7cc42f958dc650907174af0554,system-role,91,15,25.5,27.125,-17.25,25.5,0.0,True,True,"[26, 27, 28, 29, 30, 31, 32, 33, 34, 35, 41, 42, 43, 44, 45]",[90],"[54, 10, 17, 62, 89, 63, 15, 59, 86, 60, 6, 75, 51, 53, 2]"
causal-gen-042,42,relation_statements,143,2,5,donor_number_tokens,2,Qwen/Qwen3-4B-Instruct-2507,cdbee75f17c01a7cc42f958dc650907174af0554,system-role,91,15,25.5,27.125,-17.25,-17.75,-43.25,True,False,"[26, 27, 28, 29, 30, 31, 32, 33, 34, 35, 41, 42, 43, 44, 45]","[26, 27, 28, 29, 30, 31, 32, 33, 34, 35, 41, 42, 43, 44, 45]","[54, 10, 17, 62, 89, 63, 15, 59, 86, 60, 6, 75, 51, 53, 2]"
causal-gen-042,42,relation_statements,143,2,5,donor_random_positions,2,Qwen/Qwen3-4B-Instruct-2507,cdbee75f17c01a7cc42f958dc650907174af0554,system-role,91,15,25.5,27.125,-17.25,25.5,0.0,True,True,"[26, 27, 28, 29, 30, 31, 32, 33, 34, 35, 41, 42, 43, 44, 45]","[54, 10, 17, 62, 89, 63, 15, 59, 86, 60, 6, 75, 51, 53, 2]","[54, 10, 17, 62, 89, 63, 15, 59, 86, 60, 6, 75, 51, 53, 2]"
causal-gen-042,42,relation_statements,143,2,5,donor_answer_position,2,Qwen/Qwen3-4B-Instruct-2507,cdbee75f17c01a7cc42f958dc650907174af0554,system-role,91,15,25.5,27.125,-17.25,25.375,-0.125,True,True,"[26, 27, 28, 29, 30, 31, 32, 33, 34, 35, 41, 42, 43, 44, 45]",[90],"[54, 10, 17, 62, 89, 63, 15, 59, 86, 60, 6, 75, 51, 53, 2]"
causal-gen-043,43,relation_statements,144,3,5,easy_number_tokens,2,Qwen/Qwen3-4B-Instruct-2507,cdbee75f17c01a7cc42f958dc650907174af0554,system-role,91,15,24.375,26.875,-20.25,24.375,0.0,True,True,"[26, 27, 28, 29, 30, 31, 32, 33, 34, 35, 41, 42, 43, 44, 45]","[36, 37, 38, 39, 40, 41, 42, 43, 44, 45, 26, 27, 28, 29, 30]","[76, 46, 89, 60, 79, 84, 75, 36, 22, 61, 81, 73, 21, 86, 11]"
causal-gen-043,43,relation_statements,144,3,5,easy_random_positions,2,Qwen/Qwen3-4B-Instruct-2507,cdbee75f17c01a7cc42f958dc650907174af0554,system-role,91,15,24.375,26.875,-20.25,24.75,0.375,True,True,"[26, 27, 28, 29, 30, 31, 32, 33, 34, 35, 41, 42, 43, 44, 45]","[76, 46, 89, 60, 79, 84, 75, 36, 22, 61, 81, 73, 21, 86, 11]","[76, 46, 89, 60, 79, 84, 75, 36, 22, 61, 81, 73, 21, 86, 11]"
causal-gen-043,43,relation_statements,144,3,5,easy_answer_position,2,Qwen/Qwen3-4B-Instruct-2507,cdbee75f17c01a7cc42f958dc650907174af0554,system-role,91,15,24.375,26.875,-20.25,24.125,-0.25,True,True,"[26, 27, 28, 29, 30, 31, 32, 33, 34, 35, 41, 42, 43, 44, 45]",[90],"[76, 46, 89, 60, 79, 84, 75, 36, 22, 61, 81, 73, 21, 86, 11]"
causal-gen-043,43,relation_statements,144,3,5,donor_number_tokens,2,Qwen/Qwen3-4B-Instruct-2507,cdbee75f17c01a7cc42f958dc650907174af0554,system-role,91,15,24.375,26.875,-20.25,-20.5,-44.875,True,False,"[26, 27, 28, 29, 30, 31, 32, 33, 34, 35, 41, 42, 43, 44, 45]","[26, 27, 28, 29, 30, 31, 32, 33, 34, 35, 41, 42, 43, 44, 45]","[76, 46, 89, 60, 79, 84, 75, 36, 22, 61, 81, 73, 21, 86, 11]"
causal-gen-043,43,relation_statements,144,3,5,donor_random_positions,2,Qwen/Qwen3-4B-Instruct-2507,cdbee75f17c01a7cc42f958dc650907174af0554,system-role,91,15,24.375,26.875,-20.25,24.625,0.25,True,True,"[26, 27, 28, 29, 30, 31, 32, 33, 34, 35, 41, 42, 43, 44, 45]","[76, 46, 89, 60, 79, 84, 75, 36, 22, 61, 81, 73, 21, 86, 11]","[76, 46, 89, 60, 79, 84, 75, 36, 22, 61, 81, 73, 21, 86, 11]"
causal-gen-043,43,relation_statements,144,3,5,donor_answer_position,2,Qwen/Qwen3-4B-Instruct-2507,cdbee75f17c01a7cc42f958dc650907174af0554,system-role,91,15,24.375,26.875,-20.25,24.0,-0.375,True,True,"[26, 27, 28, 29, 30, 31, 32, 33, 34, 35, 41, 42, 43, 44, 45]",[90],"[76, 46, 89, 60, 79, 84, 75, 36, 22, 61, 81, 73, 21, 86, 11]"
causal-gen-044,44,relation_statements,145,4,5,easy_number_tokens,2,Qwen/Qwen3-4B-Instruct-2507,cdbee75f17c01a7cc42f958dc650907174af0554,system-role,91,15,24.875,27.0,-20.0,25.5,0.625,True,True,"[26, 27, 28, 29, 30, 31, 32, 33, 34, 35, 41, 42, 43, 44, 45]","[36, 37, 38, 39, 40, 41, 42, 43, 44, 45, 26, 27, 28, 29, 30]","[60, 19, 76, 22, 12, 38, 11, 6, 80, 87, 61, 64, 51, 57, 78]"
causal-gen-044,44,relation_statements,145,4,5,easy_random_positions,2,Qwen/Qwen3-4B-Instruct-2507,cdbee75f17c01a7cc42f958dc650907174af0554,system-role,91,15,24.875,27.0,-20.0,23.875,-1.0,True,True,"[26, 27, 28, 29, 30, 31, 32, 33, 34, 35, 41, 42, 43, 44, 45]","[60, 19, 76, 22, 12, 38, 11, 6, 80, 87, 61, 64, 51, 57, 78]","[60, 19, 76, 22, 12, 38, 11, 6, 80, 87, 61, 64, 51, 57, 78]"
causal-gen-044,44,relation_statements,145,4,5,easy_answer_position,2,Qwen/Qwen3-4B-Instruct-2507,cdbee75f17c01a7cc42f958dc650907174af0554,system-role,91,15,24.875,27.0,-20.0,25.125,0.25,True,True,"[26, 27, 28, 29, 30, 31, 32, 33, 34, 35, 41, 42, 43, 44, 45]",[90],"[60, 19, 76, 22, 12, 38, 11, 6, 80, 87, 61, 64, 51, 57, 78]"
causal-gen-044,44,relation_statements,145,4,5,donor_number_tokens,2,Qwen/Qwen3-4B-Instruct-2507,cdbee75f17c01a7cc42f958dc650907174af0554,system-role,91,15,24.875,27.0,-20.0,-20.375,-45.25,True,False,"[26, 27, 28, 29, 30, 31, 32, 33, 34, 35, 41, 42, 43, 44, 45]","[26, 27, 28, 29, 30, 31, 32, 33, 34, 35, 41, 42, 43, 44, 45]","[60, 19, 76, 22, 12, 38, 11, 6, 80, 87, 61, 64, 51, 57, 78]"
causal-gen-044,44,relation_statements,145,4,5,donor_random_positions,2,Qwen/Qwen3-4B-Instruct-2507,cdbee75f17c01a7cc42f958dc650907174af0554,system-role,91,15,24.875,27.0,-20.0,25.125,0.25,True,True,"[26, 27, 28, 29, 30, 31, 32, 33, 34, 35, 41, 42, 43, 44, 45]","[60, 19, 76, 22, 12, 38, 11, 6, 80, 87, 61, 64, 51, 57, 78]","[60, 19, 76, 22, 12, 38, 11, 6, 80, 87, 61, 64, 51, 57, 78]"
causal-gen-044,44,relation_statements,145,4,5,donor_answer_position,2,Qwen/Qwen3-4B-Instruct-2507,cdbee75f17c01a7cc42f958dc650907174af0554,system-role,91,15,24.875,27.0,-20.0,25.0,0.125,True,True,"[26, 27, 28, 29, 30, 31, 32, 33, 34, 35, 41, 42, 43, 44, 45]",[90],"[60, 19, 76, 22, 12, 38, 11, 6, 80, 87, 61, 64, 51, 57, 78]"
causal-gen-045,45,relation_statements,146,5,5,easy_number_tokens,2,Qwen/Qwen3-4B-Instruct-2507,cdbee75f17c01a7cc42f958dc650907174af0554,system-role,91,15,26.375,27.375,-20.5,26.0,-0.375,True,True,"[26, 27, 28, 29, 30, 31, 32, 33, 34, 35, 41, 42, 43, 44, 45]","[36, 37, 38, 39, 40, 41, 42, 43, 44, 45, 26, 27, 28, 29, 30]","[40, 67, 55, 64, 77, 51, 89, 69, 6, 49, 52, 84, 25, 76, 38]"
causal-gen-045,45,relation_statements,146,5,5,easy_random_positions,2,Qwen/Qwen3-4B-Instruct-2507,cdbee75f17c01a7cc42f958dc650907174af0554,system-role,91,15,26.375,27.375,-20.5,25.0,-1.375,True,True,"[26, 27, 28, 29, 30, 31, 32, 33, 34, 35, 41, 42, 43, 44, 45]","[40, 67, 55, 64, 77, 51, 89, 69, 6, 49, 52, 84, 25, 76, 38]","[40, 67, 55, 64, 77, 51, 89, 69, 6, 49, 52, 84, 25, 76, 38]"
causal-gen-045,45,relation_statements,146,5,5,easy_answer_position,2,Qwen/Qwen3-4B-Instruct-2507,cdbee75f17c01a7cc42f958dc650907174af0554,system-role,91,15,26.375,27.375,-20.5,26.375,0.0,True,True,"[26, 27, 28, 29, 30, 31, 32, 33, 34, 35, 41, 42, 43, 44, 45]",[90],"[40, 67, 55, 64, 77, 51, 89, 69, 6, 49, 52, 84, 25, 76, 38]"
causal-gen-045,45,relation_statements,146,5,5,donor_number_tokens,2,Qwen/Qwen3-4B-Instruct-2507,cdbee75f17c01a7cc42f958dc650907174af0554,system-role,91,15,26.375,27.375,-20.5,-20.375,-46.75,True,False,"[26, 27, 28, 29, 30, 31, 32, 33, 34, 35, 41, 42, 43, 44, 45]","[26, 27, 28, 29, 30, 31, 32, 33, 34, 35, 41, 42, 43, 44, 45]","[40, 67, 55, 64, 77, 51, 89, 69, 6, 49, 52, 84, 25, 76, 38]"
causal-gen-045,45,relation_statements,146,5,5,donor_random_positions,2,Qwen/Qwen3-4B-Instruct-2507,cdbee75f17c01a7cc42f958dc650907174af0554,system-role,91,15,26.375,27.375,-20.5,26.375,0.0,True,True,"[26, 27, 28, 29, 30, 31, 32, 33, 34, 35, 41, 42, 43, 44, 45]","[40, 67, 55, 64, 77, 51, 89, 69, 6, 49, 52, 84, 25, 76, 38]","[40, 67, 55, 64, 77, 51, 89, 69, 6, 49, 52, 84, 25, 76, 38]"
causal-gen-045,45,relation_statements,146,5,5,donor_answer_position,2,Qwen/Qwen3-4B-Instruct-2507,cdbee75f17c01a7cc42f958dc650907174af0554,system-role,91,15,26.375,27.375,-20.5,26.375,0.0,True,True,"[26, 27, 28, 29, 30, 31, 32, 33, 34, 35, 41, 42, 43, 44, 45]",[90],"[40, 67, 55, 64, 77, 51, 89, 69, 6, 49, 52, 84, 25, 76, 38]"
causal-gen-046,46,relation_statements,147,6,5,easy_number_tokens,2,Qwen/Qwen3-4B-Instruct-2507,cdbee75f17c01a7cc42f958dc650907174af0554,system-role,91,15,25.375,26.875,-18.0,25.375,0.0,True,True,"[26, 27, 28, 29, 30, 31, 32, 33, 34, 35, 41, 42, 43, 44, 45]","[36, 37, 38, 39, 40, 41, 42, 43, 44, 45, 26, 27, 28, 29, 30]","[55, 87, 50, 16, 38, 52, 79, 53, 54, 65, 82, 9, 23, 58, 66]"
causal-gen-046,46,relation_statements,147,6,5,easy_random_positions,2,Qwen/Qwen3-4B-Instruct-2507,cdbee75f17c01a7cc42f958dc650907174af0554,system-role,91,15,25.375,26.875,-18.0,24.375,-1.0,True,True,"[26, 27, 28, 29, 30, 31, 32, 33, 34, 35, 41, 42, 43, 44, 45]","[55, 87, 50, 16, 38, 52, 79, 53, 54, 65, 82, 9, 23, 58, 66]","[55, 87, 50, 16, 38, 52, 79, 53, 54, 65, 82, 9, 23, 58, 66]"
causal-gen-046,46,relation_statements,147,6,5,easy_answer_position,2,Qwen/Qwen3-4B-Instruct-2507,cdbee75f17c01a7cc42f958dc650907174af0554,system-role,91,15,25.375,26.875,-18.0,25.625,0.25,True,True,"[26, 27, 28, 29, 30, 31, 32, 33, 34, 35, 41, 42, 43, 44, 45]",[90],"[55, 87, 50, 16, 38, 52, 79, 53, 54, 65, 82, 9, 23, 58, 66]"
causal-gen-046,46,relation_statements,147,6,5,donor_number_tokens,2,Qwen/Qwen3-4B-Instruct-2507,cdbee75f17c01a7cc42f958dc650907174af0554,system-role,91,15,25.375,26.875,-18.0,-18.875,-44.25,True,False,"[26, 27, 28, 29, 30, 31, 32, 33, 34, 35, 41, 42, 43, 44, 45]","[26, 27, 28, 29, 30, 31, 32, 33, 34, 35, 41, 42, 43, 44, 45]","[55, 87, 50, 16, 38, 52, 79, 53, 54, 65, 82, 9, 23, 58, 66]"
causal-gen-046,46,relation_statements,147,6,5,donor_random_positions,2,Qwen/Qwen3-4B-Instruct-2507,cdbee75f17c01a7cc42f958dc650907174af0554,system-role,91,15,25.375,26.875,-18.0,25.625,0.25,True,True,"[26, 27, 28, 29, 30, 31, 32, 33, 34, 35, 41, 42, 43, 44, 45]","[55, 87, 50, 16, 38, 52, 79, 53, 54, 65, 82, 9, 23, 58, 66]","[55, 87, 50, 16, 38, 52, 79, 53, 54, 65, 82, 9, 23, 58, 66]"
causal-gen-046,46,relation_statements,147,6,5,donor_answer_position,2,Qwen/Qwen3-4B-Instruct-2507,cdbee75f17c01a7cc42f958dc650907174af0554,system-role,91,15,25.375,26.875,-18.0,25.375,0.0,True,True,"[26, 27, 28, 29, 30, 31, 32, 33, 34, 35, 41, 42, 43, 44, 45]",[90],"[55, 87, 50, 16, 38, 52, 79, 53, 54, 65, 82, 9, 23, 58, 66]"
causal-gen-047,47,relation_statements,148,7,5,easy_number_tokens,2,Qwen/Qwen3-4B-Instruct-2507,cdbee75f17c01a7cc42f958dc650907174af0554,system-role,91,15,24.125,26.875,-22.75,24.5,0.375,True,True,"[26, 27, 28, 29, 30, 31, 32, 33, 34, 35, 41, 42, 43, 44, 45]","[36, 37, 38, 39, 40, 41, 42, 43, 44, 45, 26, 27, 28, 29, 30]","[54, 62, 36, 40, 75, 73, 3, 16, 66, 2, 65, 1, 85, 50, 20]"
causal-gen-047,47,relation_statements,148,7,5,easy_random_positions,2,Qwen/Qwen3-4B-Instruct-2507,cdbee75f17c01a7cc42f958dc650907174af0554,system-role,91,15,24.125,26.875,-22.75,22.375,-1.75,True,True,"[26, 27, 28, 29, 30, 31, 32, 33, 34, 35, 41, 42, 43, 44, 45]","[54, 62, 36, 40, 75, 73, 3, 16, 66, 2, 65, 1, 85, 50, 20]","[54, 62, 36, 40, 75, 73, 3, 16, 66, 2, 65, 1, 85, 50, 20]"
causal-gen-047,47,relation_statements,148,7,5,easy_answer_position,2,Qwen/Qwen3-4B-Instruct-2507,cdbee75f17c01a7cc42f958dc650907174af0554,system-role,91,15,24.125,26.875,-22.75,24.25,0.125,True,True,"[26, 27, 28, 29, 30, 31, 32, 33, 34, 35, 41, 42, 43, 44, 45]",[90],"[54, 62, 36, 40, 75, 73, 3, 16, 66, 2, 65, 1, 85, 50, 20]"
causal-gen-047,47,relation_statements,148,7,5,donor_number_tokens,2,Qwen/Qwen3-4B-Instruct-2507,cdbee75f17c01a7cc42f958dc650907174af0554,system-role,91,15,24.125,26.875,-22.75,-22.75,-46.875,True,False,"[26, 27, 28, 29, 30, 31, 32, 33, 34, 35, 41, 42, 43, 44, 45]","[26, 27, 28, 29, 30, 31, 32, 33, 34, 35, 41, 42, 43, 44, 45]","[54, 62, 36, 40, 75, 73, 3, 16, 66, 2, 65, 1, 85, 50, 20]"
causal-gen-047,47,relation_statements,148,7,5,donor_random_positions,2,Qwen/Qwen3-4B-Instruct-2507,cdbee75f17c01a7cc42f958dc650907174af0554,system-role,91,15,24.125,26.875,-22.75,24.375,0.25,True,True,"[26, 27, 28, 29, 30, 31, 32, 33, 34, 35, 41, 42, 43, 44, 45]","[54, 62, 36, 40, 75, 73, 3, 16, 66, 2, 65, 1, 85, 50, 20]","[54, 62, 36, 40, 75, 73, 3, 16, 66, 2, 65, 1, 85, 50, 20]"
causal-gen-047,47,relation_statements,148,7,5,donor_answer_position,2,Qwen/Qwen3-4B-Instruct-2507,cdbee75f17c01a7cc42f958dc650907174af0554,system-role,91,15,24.125,26.875,-22.75,24.25,0.125,True,True,"[26, 27, 28, 29, 30, 31, 32, 33, 34, 35, 41, 42, 43, 44, 45]",[90],"[54, 62, 36, 40, 75, 73, 3, 16, 66, 2, 65, 1, 85, 50, 20]"
causal-gen-048,48,relation_statements,149,8,5,easy_number_tokens,2,Qwen/Qwen3-4B-Instruct-2507,cdbee75f17c01a7cc42f958dc650907174af0554,system-role,91,15,24.625,26.875,-27.375,24.875,0.25,True,True,"[26, 27, 28, 29, 30, 31, 32, 33, 34, 35, 41, 42, 43, 44, 45]","[36, 37, 38, 39, 40, 41, 42, 43, 44, 45, 26, 27, 28, 29, 30]","[11, 59, 7, 4, 60, 61, 74, 15, 72, 64, 85, 53, 84, 54, 68]"
causal-gen-048,48,relation_statements,149,8,5,easy_random_positions,2,Qwen/Qwen3-4B-Instruct-2507,cdbee75f17c01a7cc42f958dc650907174af0554,system-role,91,15,24.625,26.875,-27.375,24.625,0.0,True,True,"[26, 27, 28, 29, 30, 31, 32, 33, 34, 35, 41, 42, 43, 44, 45]","[11, 59, 7, 4, 60, 61, 74, 15, 72, 64, 85, 53, 84, 54, 68]","[11, 59, 7, 4, 60, 61, 74, 15, 72, 64, 85, 53, 84, 54, 68]"
causal-gen-048,48,relation_statements,149,8,5,easy_answer_position,2,Qwen/Qwen3-4B-Instruct-2507,cdbee75f17c01a7cc42f958dc650907174af0554,system-role,91,15,24.625,26.875,-27.375,24.375,-0.25,True,True,"[26, 27, 28, 29, 30, 31, 32, 33, 34, 35, 41, 42, 43, 44, 45]",[90],"[11, 59, 7, 4, 60, 61, 74, 15, 72, 64, 85, 53, 84, 54, 68]"
causal-gen-048,48,relation_statements,149,8,5,donor_number_tokens,2,Qwen/Qwen3-4B-Instruct-2507,cdbee75f17c01a7cc42f958dc650907174af0554,system-role,91,15,24.625,26.875,-27.375,-27.125,-51.75,True,False,"[26, 27, 28, 29, 30, 31, 32, 33, 34, 35, 41, 42, 43, 44, 45]","[26, 27, 28, 29, 30, 31, 32, 33, 34, 35, 41, 42, 43, 44, 45]","[11, 59, 7, 4, 60, 61, 74, 15, 72, 64, 85, 53, 84, 54, 68]"
causal-gen-048,48,relation_statements,149,8,5,donor_random_positions,2,Qwen/Qwen3-4B-Instruct-2507,cdbee75f17c01a7cc42f958dc650907174af0554,system-role,91,15,24.625,26.875,-27.375,24.5,-0.125,True,True,"[26, 27, 28, 29, 30, 31, 32, 33, 34, 35, 41, 42, 43, 44, 45]","[11, 59, 7, 4, 60, 61, 74, 15, 72, 64, 85, 53, 84, 54, 68]","[11, 59, 7, 4, 60, 61, 74, 15, 72, 64, 85, 53, 84, 54, 68]"
causal-gen-048,48,relation_statements,149,8,5,donor_answer_position,2,Qwen/Qwen3-4B-Instruct-2507,cdbee75f17c01a7cc42f958dc650907174af0554,system-role,91,15,24.625,26.875,-27.375,24.625,0.0,True,True,"[26, 27, 28, 29, 30, 31, 32, 33, 34, 35, 41, 42, 43, 44, 45]",[90],"[11, 59, 7, 4, 60, 61, 74, 15, 72, 64, 85, 53, 84, 54, 68]"
causal-gen-049,49,relation_statements,150,9,5,easy_number_tokens,2,Qwen/Qwen3-4B-Instruct-2507,cdbee75f17c01a7cc42f958dc650907174af0554,system-role,91,15,24.25,26.875,-27.0,24.625,0.375,True,True,"[26, 27, 28, 29, 30, 31, 32, 33, 34, 35, 41, 42, 43, 44, 45]","[36, 37, 38, 39, 40, 41, 42, 43, 44, 45, 26, 27, 28, 29, 30]","[24, 51, 67, 87, 76, 36, 25, 73, 4, 14, 22, 46, 9, 72, 64]"
causal-gen-049,49,relation_statements,150,9,5,easy_random_positions,2,Qwen/Qwen3-4B-Instruct-2507,cdbee75f17c01a7cc42f958dc650907174af0554,system-role,91,15,24.25,26.875,-27.0,23.875,-0.375,True,True,"[26, 27, 28, 29, 30, 31, 32, 33, 34, 35, 41, 42, 43, 44, 45]","[24, 51, 67, 87, 76, 36, 25, 73, 4, 14, 22, 46, 9, 72, 64]","[24, 51, 67, 87, 76, 36, 25, 73, 4, 14, 22, 46, 9, 72, 64]"
causal-gen-049,49,relation_statements,150,9,5,easy_answer_position,2,Qwen/Qwen3-4B-Instruct-2507,cdbee75f17c01a7cc42f958dc650907174af0554,system-role,91,15,24.25,26.875,-27.0,24.375,0.125,True,True,"[26, 27, 28, 29, 30, 31, 32, 33, 34, 35, 41, 42, 43, 44, 45]",[90],"[24, 51, 67, 87, 76, 36, 25, 73, 4, 14, 22, 46, 9, 72, 64]"
causal-gen-049,49,relation_statements,150,9,5,donor_number_tokens,2,Qwen/Qwen3-4B-Instruct-2507,cdbee75f17c01a7cc42f958dc650907174af0554,system-role,91,15,24.25,26.875,-27.0,-27.125,-51.375,True,False,"[26, 27, 28, 29, 30, 31, 32, 33, 34, 35, 41, 42, 43, 44, 45]","[26, 27, 28, 29, 30, 31, 32, 33, 34, 35, 41, 42, 43, 44, 45]","[24, 51, 67, 87, 76, 36, 25, 73, 4, 14, 22, 46, 9, 72, 64]"
causal-gen-049,49,relation_statements,150,9,5,donor_random_positions,2,Qwen/Qwen3-4B-Instruct-2507,cdbee75f17c01a7cc42f958dc650907174af0554,system-role,91,15,24.25,26.875,-27.0,24.625,0.375,True,True,"[26, 27, 28, 29, 30, 31, 32, 33, 34, 35, 41, 42, 43, 44, 45]","[24, 51, 67, 87, 76, 36, 25, 73, 4, 14, 22, 46, 9, 72, 64]","[24, 51, 67, 87, 76, 36, 25, 73, 4, 14, 22, 46, 9, 72, 64]"
causal-gen-049,49,relation_statements,150,9,5,donor_answer_position,2,Qwen/Qwen3-4B-Instruct-2507,cdbee75f17c01a7cc42f958dc650907174af0554,system-role,91,15,24.25,26.875,-27.0,24.375,0.125,True,True,"[26, 27, 28, 29, 30, 31, 32, 33, 34, 35, 41, 42, 43, 44, 45]",[90],"[24, 51, 67, 87, 76, 36, 25, 73, 4, 14, 22, 46, 9, 72, 64]"
causal-gen-050,50,direct_choice,151,0,1,easy_number_tokens,2,Qwen/Qwen3-4B-Instruct-2507,cdbee75f17c01a7cc42f958dc650907174af0554,system-role,81,11,25.75,30.625,-25.375,25.625,-0.125,True,True,"[23, 24, 25, 26, 27, 28, 36, 37, 38, 39, 40]","[35, 36, 37, 38, 39, 40, 23, 24, 25, 26, 27]","[17, 64, 70, 14, 18, 2, 45, 65, 52, 54, 15]"
causal-gen-050,50,direct_choice,151,0,1,easy_random_positions,2,Qwen/Qwen3-4B-Instruct-2507,cdbee75f17c01a7cc42f958dc650907174af0554,system-role,81,11,25.75,30.625,-25.375,25.625,-0.125,True,True,"[23, 24, 25, 26, 27, 28, 36, 37, 38, 39, 40]","[17, 64, 70, 14, 18, 2, 45, 65, 52, 54, 15]","[17, 64, 70, 14, 18, 2, 45, 65, 52, 54, 15]"
causal-gen-050,50,direct_choice,151,0,1,easy_answer_position,2,Qwen/Qwen3-4B-Instruct-2507,cdbee75f17c01a7cc42f958dc650907174af0554,system-role,81,11,25.75,30.625,-25.375,25.75,0.0,True,True,"[23, 24, 25, 26, 27, 28, 36, 37, 38, 39, 40]",[80],"[17, 64, 70, 14, 18, 2, 45, 65, 52, 54, 15]"
causal-gen-050,50,direct_choice,151,0,1,donor_number_tokens,2,Qwen/Qwen3-4B-Instruct-2507,cdbee75f17c01a7cc42f958dc650907174af0554,system-role,81,11,25.75,30.625,-25.375,-25.25,-51.0,True,False,"[23, 24, 25, 26, 27, 28, 36, 37, 38, 39, 40]","[23, 24, 25, 26, 27, 28, 36, 37, 38, 39, 40]","[17, 64, 70, 14, 18, 2, 45, 65, 52, 54, 15]"
causal-gen-050,50,direct_choice,151,0,1,donor_random_positions,2,Qwen/Qwen3-4B-Instruct-2507,cdbee75f17c01a7cc42f958dc650907174af0554,system-role,81,11,25.75,30.625,-25.375,25.625,-0.125,True,True,"[23, 24, 25, 26, 27, 28, 36, 37, 38, 39, 40]","[17, 64, 70, 14, 18, 2, 45, 65, 52, 54, 15]","[17, 64, 70, 14, 18, 2, 45, 65, 52, 54, 15]"
causal-gen-050,50,direct_choice,151,0,1,donor_answer_position,2,Qwen/Qwen3-4B-Instruct-2507,cdbee75f17c01a7cc42f958dc650907174af0554,system-role,81,11,25.75,30.625,-25.375,25.5,-0.25,True,True,"[23, 24, 25, 26, 27, 28, 36, 37, 38, 39, 40]",[80],"[17, 64, 70, 14, 18, 2, 45, 65, 52, 54, 15]"
causal-gen-051,51,direct_choice,152,1,1,easy_number_tokens,2,Qwen/Qwen3-4B-Instruct-2507,cdbee75f17c01a7cc42f958dc650907174af0554,system-role,81,11,-18.25,28.75,-24.625,4.25,22.5,False,True,"[23, 24, 25, 26, 27, 28, 36, 37, 38, 39, 40]","[35, 36, 37, 38, 39, 40, 23, 24, 25, 26, 27]","[1, 58, 32, 14, 29, 56, 67, 64, 20, 16, 9]"
causal-gen-051,51,direct_choice,152,1,1,easy_random_positions,2,Qwen/Qwen3-4B-Instruct-2507,cdbee75f17c01a7cc42f958dc650907174af0554,system-role,81,11,-18.25,28.75,-24.625,-1.75,16.5,False,False,"[23, 24, 25, 26, 27, 28, 36, 37, 38, 39, 40]","[1, 58, 32, 14, 29, 56, 67, 64, 20, 16, 9]","[1, 58, 32, 14, 29, 56, 67, 64, 20, 16, 9]"
causal-gen-051,51,direct_choice,152,1,1,easy_answer_position,2,Qwen/Qwen3-4B-Instruct-2507,cdbee75f17c01a7cc42f958dc650907174af0554,system-role,81,11,-18.25,28.75,-24.625,-18.25,0.0,False,False,"[23, 24, 25, 26, 27, 28, 36, 37, 38, 39, 40]",[80],"[1, 58, 32, 14, 29, 56, 67, 64, 20, 16, 9]"
causal-gen-051,51,direct_choice,152,1,1,donor_number_tokens,2,Qwen/Qwen3-4B-Instruct-2507,cdbee75f17c01a7cc42f958dc650907174af0554,system-role,81,11,-18.25,28.75,-24.625,-24.5,-6.25,False,False,"[23, 24, 25, 26, 27, 28, 36, 37, 38, 39, 40]","[23, 24, 25, 26, 27, 28, 36, 37, 38, 39, 40]","[1, 58, 32, 14, 29, 56, 67, 64, 20, 16, 9]"
causal-gen-051,51,direct_choice,152,1,1,donor_random_positions,2,Qwen/Qwen3-4B-Instruct-2507,cdbee75f17c01a7cc42f958dc650907174af0554,system-role,81,11,-18.25,28.75,-24.625,-18.25,0.0,False,False,"[23, 24, 25, 26, 27, 28, 36, 37, 38, 39, 40]","[1, 58, 32, 14, 29, 56, 67, 64, 20, 16, 9]","[1, 58, 32, 14, 29, 56, 67, 64, 20, 16, 9]"
causal-gen-051,51,direct_choice,152,1,1,donor_answer_position,2,Qwen/Qwen3-4B-Instruct-2507,cdbee75f17c01a7cc42f958dc650907174af0554,system-role,81,11,-18.25,28.75,-24.625,-18.25,0.0,False,False,"[23, 24, 25, 26, 27, 28, 36, 37, 38, 39, 40]",[80],"[1, 58, 32, 14, 29, 56, 67, 64, 20, 16, 9]"
causal-gen-052,52,direct_choice,153,2,1,easy_number_tokens,2,Qwen/Qwen3-4B-Instruct-2507,cdbee75f17c01a7cc42f958dc650907174af0554,system-role,81,11,-0.75,29.75,-24.625,4.75,5.5,False,True,"[23, 24, 25, 26, 27, 28, 36, 37, 38, 39, 40]","[35, 36, 37, 38, 39, 40, 23, 24, 25, 26, 27]","[66, 14, 52, 78, 49, 71, 32, 72, 34, 10, 2]"
causal-gen-052,52,direct_choice,153,2,1,easy_random_positions,2,Qwen/Qwen3-4B-Instruct-2507,cdbee75f17c01a7cc42f958dc650907174af0554,system-role,81,11,-0.75,29.75,-24.625,14.75,15.5,False,True,"[23, 24, 25, 26, 27, 28, 36, 37, 38, 39, 40]","[66, 14, 52, 78, 49, 71, 32, 72, 34, 10, 2]","[66, 14, 52, 78, 49, 71, 32, 72, 34, 10, 2]"
causal-gen-052,52,direct_choice,153,2,1,easy_answer_position,2,Qwen/Qwen3-4B-Instruct-2507,cdbee75f17c01a7cc42f958dc650907174af0554,system-role,81,11,-0.75,29.75,-24.625,-0.75,0.0,False,False,"[23, 24, 25, 26, 27, 28, 36, 37, 38, 39, 40]",[80],"[66, 14, 52, 78, 49, 71, 32, 72, 34, 10, 2]"
causal-gen-052,52,direct_choice,153,2,1,donor_number_tokens,2,Qwen/Qwen3-4B-Instruct-2507,cdbee75f17c01a7cc42f958dc650907174af0554,system-role,81,11,-0.75,29.75,-24.625,-24.5,-23.75,False,False,"[23, 24, 25, 26, 27, 28, 36, 37, 38, 39, 40]","[23, 24, 25, 26, 27, 28, 36, 37, 38, 39, 40]","[66, 14, 52, 78, 49, 71, 32, 72, 34, 10, 2]"
causal-gen-052,52,direct_choice,153,2,1,donor_random_positions,2,Qwen/Qwen3-4B-Instruct-2507,cdbee75f17c01a7cc42f958dc650907174af0554,system-role,81,11,-0.75,29.75,-24.625,0.0,0.75,False,False,"[23, 24, 25, 26, 27, 28, 36, 37, 38, 39, 40]","[66, 14, 52, 78, 49, 71, 32, 72, 34, 10, 2]","[66, 14, 52, 78, 49, 71, 32, 72, 34, 10, 2]"
causal-gen-052,52,direct_choice,153,2,1,donor_answer_position,2,Qwen/Qwen3-4B-Instruct-2507,cdbee75f17c01a7cc42f958dc650907174af0554,system-role,81,11,-0.75,29.75,-24.625,-0.75,0.0,False,False,"[23, 24, 25, 26, 27, 28, 36, 37, 38, 39, 40]",[80],"[66, 14, 52, 78, 49, 71, 32, 72, 34, 10, 2]"
causal-gen-053,53,direct_choice,154,3,1,easy_number_tokens,2,Qwen/Qwen3-4B-Instruct-2507,cdbee75f17c01a7cc42f958dc650907174af0554,system-role,81,11,-12.5,28.875,-25.0,-0.75,11.75,False,False,"[23, 24, 25, 26, 27, 28, 36, 37, 38, 39, 40]","[35, 36, 37, 38, 39, 40, 23, 24, 25, 26, 27]","[69, 65, 31, 71, 76, 53, 2, 52, 9, 12, 29]"
causal-gen-053,53,direct_choice,154,3,1,easy_random_positions,2,Qwen/Qwen3-4B-Instruct-2507,cdbee75f17c01a7cc42f958dc650907174af0554,system-role,81,11,-12.5,28.875,-25.0,-9.75,2.75,False,False,"[23, 24, 25, 26, 27, 28, 36, 37, 38, 39, 40]","[69, 65, 31, 71, 76, 53, 2, 52, 9, 12, 29]","[69, 65, 31, 71, 76, 53, 2, 52, 9, 12, 29]"
causal-gen-053,53,direct_choice,154,3,1,easy_answer_position,2,Qwen/Qwen3-4B-Instruct-2507,cdbee75f17c01a7cc42f958dc650907174af0554,system-role,81,11,-12.5,28.875,-25.0,-12.5,0.0,False,False,"[23, 24, 25, 26, 27, 28, 36, 37, 38, 39, 40]",[80],"[69, 65, 31, 71, 76, 53, 2, 52, 9, 12, 29]"
causal-gen-053,53,direct_choice,154,3,1,donor_number_tokens,2,Qwen/Qwen3-4B-Instruct-2507,cdbee75f17c01a7cc42f958dc650907174af0554,system-role,81,11,-12.5,28.875,-25.0,-25.0,-12.5,False,False,"[23, 24, 25, 26, 27, 28, 36, 37, 38, 39, 40]","[23, 24, 25, 26, 27, 28, 36, 37, 38, 39, 40]","[69, 65, 31, 71, 76, 53, 2, 52, 9, 12, 29]"
causal-gen-053,53,direct_choice,154,3,1,donor_random_positions,2,Qwen/Qwen3-4B-Instruct-2507,cdbee75f17c01a7cc42f958dc650907174af0554,system-role,81,11,-12.5,28.875,-25.0,-13.0,-0.5,False,False,"[23, 24, 25, 26, 27, 28, 36, 37, 38, 39, 40]","[69, 65, 31, 71, 76, 53, 2, 52, 9, 12, 29]","[69, 65, 31, 71, 76, 53, 2, 52, 9, 12, 29]"
causal-gen-053,53,direct_choice,154,3,1,donor_answer_position,2,Qwen/Qwen3-4B-Instruct-2507,cdbee75f17c01a7cc42f958dc650907174af0554,system-role,81,11,-12.5,28.875,-25.0,-12.5,0.0,False,False,"[23, 24, 25, 26, 27, 28, 36, 37, 38, 39, 40]",[80],"[69, 65, 31, 71, 76, 53, 2, 52, 9, 12, 29]"
causal-gen-054,54,direct_choice,155,4,1,easy_number_tokens,2,Qwen/Qwen3-4B-Instruct-2507,cdbee75f17c01a7cc42f958dc650907174af0554,system-role,81,11,-9.75,29.625,-25.125,-2.5,7.25,False,False,"[23, 24, 25, 26, 27, 28, 36, 37, 38, 39, 40]","[35, 36, 37, 38, 39, 40, 23, 24, 25, 26, 27]","[78, 17, 41, 32, 22, 75, 52, 42, 55, 48, 51]"
causal-gen-054,54,direct_choice,155,4,1,easy_random_positions,2,Qwen/Qwen3-4B-Instruct-2507,cdbee75f17c01a7cc42f958dc650907174af0554,system-role,81,11,-9.75,29.625,-25.125,3.75,13.5,False,True,"[23, 24, 25, 26, 27, 28, 36, 37, 38, 39, 40]","[78, 17, 41, 32, 22, 75, 52, 42, 55, 48, 51]","[78, 17, 41, 32, 22, 75, 52, 42, 55, 48, 51]"
causal-gen-054,54,direct_choice,155,4,1,easy_answer_position,2,Qwen/Qwen3-4B-Instruct-2507,cdbee75f17c01a7cc42f958dc650907174af0554,system-role,81,11,-9.75,29.625,-25.125,-9.75,0.0,False,False,"[23, 24, 25, 26, 27, 28, 36, 37, 38, 39, 40]",[80],"[78, 17, 41, 32, 22, 75, 52, 42, 55, 48, 51]"
causal-gen-054,54,direct_choice,155,4,1,donor_number_tokens,2,Qwen/Qwen3-4B-Instruct-2507,cdbee75f17c01a7cc42f958dc650907174af0554,system-role,81,11,-9.75,29.625,-25.125,-24.875,-15.125,False,False,"[23, 24, 25, 26, 27, 28, 36, 37, 38, 39, 40]","[23, 24, 25, 26, 27, 28, 36, 37, 38, 39, 40]","[78, 17, 41, 32, 22, 75, 52, 42, 55, 48, 51]"
causal-gen-054,54,direct_choice,155,4,1,donor_random_positions,2,Qwen/Qwen3-4B-Instruct-2507,cdbee75f17c01a7cc42f958dc650907174af0554,system-role,81,11,-9.75,29.625,-25.125,-8.25,1.5,False,False,"[23, 24, 25, 26, 27, 28, 36, 37, 38, 39, 40]","[78, 17, 41, 32, 22, 75, 52, 42, 55, 48, 51]","[78, 17, 41, 32, 22, 75, 52, 42, 55, 48, 51]"
causal-gen-054,54,direct_choice,155,4,1,donor_answer_position,2,Qwen/Qwen3-4B-Instruct-2507,cdbee75f17c01a7cc42f958dc650907174af0554,system-role,81,11,-9.75,29.625,-25.125,-9.5,0.25,False,False,"[23, 24, 25, 26, 27, 28, 36, 37, 38, 39, 40]",[80],"[78, 17, 41, 32, 22, 75, 52, 42, 55, 48, 51]"
causal-gen-055,55,direct_choice,156,5,1,easy_number_tokens,2,Qwen/Qwen3-4B-Instruct-2507,cdbee75f17c01a7cc42f958dc650907174af0554,system-role,81,11,20.75,30.0,-25.125,20.375,-0.375,True,True,"[23, 24, 25, 26, 27, 28, 36, 37, 38, 39, 40]","[35, 36, 37, 38, 39, 40, 23, 24, 25, 26, 27]","[61, 71, 8, 20, 48, 60, 66, 75, 14, 4, 57]"
causal-gen-055,55,direct_choice,156,5,1,easy_random_positions,2,Qwen/Qwen3-4B-Instruct-2507,cdbee75f17c01a7cc42f958dc650907174af0554,system-role,81,11,20.75,30.0,-25.125,20.875,0.125,True,True,"[23, 24, 25, 26, 27, 28, 36, 37, 38, 39, 40]","[61, 71, 8, 20, 48, 60, 66, 75, 14, 4, 57]","[61, 71, 8, 20, 48, 60, 66, 75, 14, 4, 57]"
causal-gen-055,55,direct_choice,156,5,1,easy_answer_position,2,Qwen/Qwen3-4B-Instruct-2507,cdbee75f17c01a7cc42f958dc650907174af0554,system-role,81,11,20.75,30.0,-25.125,20.875,0.125,True,True,"[23, 24, 25, 26, 27, 28, 36, 37, 38, 39, 40]",[80],"[61, 71, 8, 20, 48, 60, 66, 75, 14, 4, 57]"
causal-gen-055,55,direct_choice,156,5,1,donor_number_tokens,2,Qwen/Qwen3-4B-Instruct-2507,cdbee75f17c01a7cc42f958dc650907174af0554,system-role,81,11,20.75,30.0,-25.125,-25.25,-46.0,True,False,"[23, 24, 25, 26, 27, 28, 36, 37, 38, 39, 40]","[23, 24, 25, 26, 27, 28, 36, 37, 38, 39, 40]","[61, 71, 8, 20, 48, 60, 66, 75, 14, 4, 57]"
causal-gen-055,55,direct_choice,156,5,1,donor_random_positions,2,Qwen/Qwen3-4B-Instruct-2507,cdbee75f17c01a7cc42f958dc650907174af0554,system-role,81,11,20.75,30.0,-25.125,21.0,0.25,True,True,"[23, 24, 25, 26, 27, 28, 36, 37, 38, 39, 40]","[61, 71, 8, 20, 48, 60, 66, 75, 14, 4, 57]","[61, 71, 8, 20, 48, 60, 66, 75, 14, 4, 57]"
causal-gen-055,55,direct_choice,156,5,1,donor_answer_position,2,Qwen/Qwen3-4B-Instruct-2507,cdbee75f17c01a7cc42f958dc650907174af0554,system-role,81,11,20.75,30.0,-25.125,20.5,-0.25,True,True,"[23, 24, 25, 26, 27, 28, 36, 37, 38, 39, 40]",[80],"[61, 71, 8, 20, 48, 60, 66, 75, 14, 4, 57]"
causal-gen-056,56,direct_choice,157,6,1,easy_number_tokens,2,Qwen/Qwen3-4B-Instruct-2507,cdbee75f17c01a7cc42f958dc650907174af0554,system-role,81,11,1.5,29.625,-24.625,13.25,11.75,True,True,"[23, 24, 25, 26, 27, 28, 36, 37, 38, 39, 40]","[35, 36, 37, 38, 39, 40, 23, 24, 25, 26, 27]","[8, 77, 44, 20, 52, 32, 78, 74, 19, 17, 67]"
causal-gen-056,56,direct_choice,157,6,1,easy_random_positions,2,Qwen/Qwen3-4B-Instruct-2507,cdbee75f17c01a7cc42f958dc650907174af0554,system-role,81,11,1.5,29.625,-24.625,12.75,11.25,True,True,"[23, 24, 25, 26, 27, 28, 36, 37, 38, 39, 40]","[8, 77, 44, 20, 52, 32, 78, 74, 19, 17, 67]","[8, 77, 44, 20, 52, 32, 78, 74, 19, 17, 67]"
causal-gen-056,56,direct_choice,157,6,1,easy_answer_position,2,Qwen/Qwen3-4B-Instruct-2507,cdbee75f17c01a7cc42f958dc650907174af0554,system-role,81,11,1.5,29.625,-24.625,1.75,0.25,True,True,"[23, 24, 25, 26, 27, 28, 36, 37, 38, 39, 40]",[80],"[8, 77, 44, 20, 52, 32, 78, 74, 19, 17, 67]"
causal-gen-056,56,direct_choice,157,6,1,donor_number_tokens,2,Qwen/Qwen3-4B-Instruct-2507,cdbee75f17c01a7cc42f958dc650907174af0554,system-role,81,11,1.5,29.625,-24.625,-24.5,-26.0,True,False,"[23, 24, 25, 26, 27, 28, 36, 37, 38, 39, 40]","[23, 24, 25, 26, 27, 28, 36, 37, 38, 39, 40]","[8, 77, 44, 20, 52, 32, 78, 74, 19, 17, 67]"
causal-gen-056,56,direct_choice,157,6,1,donor_random_positions,2,Qwen/Qwen3-4B-Instruct-2507,cdbee75f17c01a7cc42f958dc650907174af0554,system-role,81,11,1.5,29.625,-24.625,1.75,0.25,True,True,"[23, 24, 25, 26, 27, 28, 36, 37, 38, 39, 40]","[8, 77, 44, 20, 52, 32, 78, 74, 19, 17, 67]","[8, 77, 44, 20, 52, 32, 78, 74, 19, 17, 67]"
causal-gen-056,56,direct_choice,157,6,1,donor_answer_position,2,Qwen/Qwen3-4B-Instruct-2507,cdbee75f17c01a7cc42f958dc650907174af0554,system-role,81,11,1.5,29.625,-24.625,1.75,0.25,True,True,"[23, 24, 25, 26, 27, 28, 36, 37, 38, 39, 40]",[80],"[8, 77, 44, 20, 52, 32, 78, 74, 19, 17, 67]"
causal-gen-057,57,direct_choice,158,7,1,easy_number_tokens,2,Qwen/Qwen3-4B-Instruct-2507,cdbee75f17c01a7cc42f958dc650907174af0554,system-role,81,11,4.5,28.75,-30.625,8.75,4.25,True,True,"[23, 24, 25, 26, 27, 28, 36, 37, 38, 39, 40]","[35, 36, 37, 38, 39, 40, 23, 24, 25, 26, 27]","[60, 9, 46, 77, 35, 58, 55, 51, 17, 21, 69]"
causal-gen-057,57,direct_choice,158,7,1,easy_random_positions,2,Qwen/Qwen3-4B-Instruct-2507,cdbee75f17c01a7cc42f958dc650907174af0554,system-role,81,11,4.5,28.75,-30.625,2.75,-1.75,True,True,"[23, 24, 25, 26, 27, 28, 36, 37, 38, 39, 40]","[60, 9, 46, 77, 35, 58, 55, 51, 17, 21, 69]","[60, 9, 46, 77, 35, 58, 55, 51, 17, 21, 69]"
causal-gen-057,57,direct_choice,158,7,1,easy_answer_position,2,Qwen/Qwen3-4B-Instruct-2507,cdbee75f17c01a7cc42f958dc650907174af0554,system-role,81,11,4.5,28.75,-30.625,4.0,-0.5,True,True,"[23, 24, 25, 26, 27, 28, 36, 37, 38, 39, 40]",[80],"[60, 9, 46, 77, 35, 58, 55, 51, 17, 21, 69]"
causal-gen-057,57,direct_choice,158,7,1,donor_number_tokens,2,Qwen/Qwen3-4B-Instruct-2507,cdbee75f17c01a7cc42f958dc650907174af0554,system-role,81,11,4.5,28.75,-30.625,-30.5,-35.0,True,False,"[23, 24, 25, 26, 27, 28, 36, 37, 38, 39, 40]","[23, 24, 25, 26, 27, 28, 36, 37, 38, 39, 40]","[60, 9, 46, 77, 35, 58, 55, 51, 17, 21, 69]"
causal-gen-057,57,direct_choice,158,7,1,donor_random_positions,2,Qwen/Qwen3-4B-Instruct-2507,cdbee75f17c01a7cc42f958dc650907174af0554,system-role,81,11,4.5,28.75,-30.625,3.75,-0.75,True,True,"[23, 24, 25, 26, 27, 28, 36, 37, 38, 39, 40]","[60, 9, 46, 77, 35, 58, 55, 51, 17, 21, 69]","[60, 9, 46, 77, 35, 58, 55, 51, 17, 21, 69]"
causal-gen-057,57,direct_choice,158,7,1,donor_answer_position,2,Qwen/Qwen3-4B-Instruct-2507,cdbee75f17c01a7cc42f958dc650907174af0554,system-role,81,11,4.5,28.75,-30.625,4.25,-0.25,True,True,"[23, 24, 25, 26, 27, 28, 36, 37, 38, 39, 40]",[80],"[60, 9, 46, 77, 35, 58, 55, 51, 17, 21, 69]"
causal-gen-058,58,direct_choice,159,8,1,easy_number_tokens,2,Qwen/Qwen3-4B-Instruct-2507,cdbee75f17c01a7cc42f958dc650907174af0554,system-role,81,11,2.0,29.5,-30.875,8.25,6.25,True,True,"[23, 24, 25, 26, 27, 28, 36, 37, 38, 39, 40]","[35, 36, 37, 38, 39, 40, 23, 24, 25, 26, 27]","[50, 45, 15, 74, 77, 69, 43, 3, 2, 75, 11]"
causal-gen-058,58,direct_choice,159,8,1,easy_random_positions,2,Qwen/Qwen3-4B-Instruct-2507,cdbee75f17c01a7cc42f958dc650907174af0554,system-role,81,11,2.0,29.5,-30.875,2.25,0.25,True,True,"[23, 24, 25, 26, 27, 28, 36, 37, 38, 39, 40]","[50, 45, 15, 74, 77, 69, 43, 3, 2, 75, 11]","[50, 45, 15, 74, 77, 69, 43, 3, 2, 75, 11]"
causal-gen-058,58,direct_choice,159,8,1,easy_answer_position,2,Qwen/Qwen3-4B-Instruct-2507,cdbee75f17c01a7cc42f958dc650907174af0554,system-role,81,11,2.0,29.5,-30.875,1.75,-0.25,True,True,"[23, 24, 25, 26, 27, 28, 36, 37, 38, 39, 40]",[80],"[50, 45, 15, 74, 77, 69, 43, 3, 2, 75, 11]"
causal-gen-058,58,direct_choice,159,8,1,donor_number_tokens,2,Qwen/Qwen3-4B-Instruct-2507,cdbee75f17c01a7cc42f958dc650907174af0554,system-role,81,11,2.0,29.5,-30.875,-31.0,-33.0,True,False,"[23, 24, 25, 26, 27, 28, 36, 37, 38, 39, 40]","[23, 24, 25, 26, 27, 28, 36, 37, 38, 39, 40]","[50, 45, 15, 74, 77, 69, 43, 3, 2, 75, 11]"
causal-gen-058,58,direct_choice,159,8,1,donor_random_positions,2,Qwen/Qwen3-4B-Instruct-2507,cdbee75f17c01a7cc42f958dc650907174af0554,system-role,81,11,2.0,29.5,-30.875,1.5,-0.5,True,True,"[23, 24, 25, 26, 27, 28, 36, 37, 38, 39, 40]","[50, 45, 15, 74, 77, 69, 43, 3, 2, 75, 11]","[50, 45, 15, 74, 77, 69, 43, 3, 2, 75, 11]"
causal-gen-058,58,direct_choice,159,8,1,donor_answer_position,2,Qwen/Qwen3-4B-Instruct-2507,cdbee75f17c01a7cc42f958dc650907174af0554,system-role,81,11,2.0,29.5,-30.875,1.75,-0.25,True,True,"[23, 24, 25, 26, 27, 28, 36, 37, 38, 39, 40]",[80],"[50, 45, 15, 74, 77, 69, 43, 3, 2, 75, 11]"
causal-gen-059,59,direct_choice,160,9,1,easy_number_tokens,2,Qwen/Qwen3-4B-Instruct-2507,cdbee75f17c01a7cc42f958dc650907174af0554,system-role,81,11,13.75,29.375,-31.0,10.25,-3.5,True,True,"[23, 24, 25, 26, 27, 28, 36, 37, 38, 39, 40]","[35, 36, 37, 38, 39, 40, 23, 24, 25, 26, 27]","[64, 13, 62, 31, 79, 34, 46, 59, 74, 69, 7]"
causal-gen-059,59,direct_choice,160,9,1,easy_random_positions,2,Qwen/Qwen3-4B-Instruct-2507,cdbee75f17c01a7cc42f958dc650907174af0554,system-role,81,11,13.75,29.375,-31.0,10.25,-3.5,True,True,"[23, 24, 25, 26, 27, 28, 36, 37, 38, 39, 40]","[64, 13, 62, 31, 79, 34, 46, 59, 74, 69, 7]","[64, 13, 62, 31, 79, 34, 46, 59, 74, 69, 7]"
causal-gen-059,59,direct_choice,160,9,1,easy_answer_position,2,Qwen/Qwen3-4B-Instruct-2507,cdbee75f17c01a7cc42f958dc650907174af0554,system-role,81,11,13.75,29.375,-31.0,13.5,-0.25,True,True,"[23, 24, 25, 26, 27, 28, 36, 37, 38, 39, 40]",[80],"[64, 13, 62, 31, 79, 34, 46, 59, 74, 69, 7]"
causal-gen-059,59,direct_choice,160,9,1,donor_number_tokens,2,Qwen/Qwen3-4B-Instruct-2507,cdbee75f17c01a7cc42f958dc650907174af0554,system-role,81,11,13.75,29.375,-31.0,-31.0,-44.75,True,False,"[23, 24, 25, 26, 27, 28, 36, 37, 38, 39, 40]","[23, 24, 25, 26, 27, 28, 36, 37, 38, 39, 40]","[64, 13, 62, 31, 79, 34, 46, 59, 74, 69, 7]"
causal-gen-059,59,direct_choice,160,9,1,donor_random_positions,2,Qwen/Qwen3-4B-Instruct-2507,cdbee75f17c01a7cc42f958dc650907174af0554,system-role,81,11,13.75,29.375,-31.0,13.75,0.0,True,True,"[23, 24, 25, 26, 27, 28, 36, 37, 38, 39, 40]","[64, 13, 62, 31, 79, 34, 46, 59, 74, 69, 7]","[64, 13, 62, 31, 79, 34, 46, 59, 74, 69, 7]"
causal-gen-059,59,direct_choice,160,9,1,donor_answer_position,2,Qwen/Qwen3-4B-Instruct-2507,cdbee75f17c01a7cc42f958dc650907174af0554,system-role,81,11,13.75,29.375,-31.0,13.75,0.0,True,True,"[23, 24, 25, 26, 27, 28, 36, 37, 38, 39, 40]",[80],"[64, 13, 62, 31, 79, 34, 46, 59, 74, 69, 7]"
causal-gen-060,60,direct_choice,161,0,2,easy_number_tokens,2,Qwen/Qwen3-4B-Instruct-2507,cdbee75f17c01a7cc42f958dc650907174af0554,system-role,82,12,20.875,30.75,-24.625,23.5,2.625,True,True,"[23, 24, 25, 26, 27, 28, 29, 37, 38, 39, 40, 41]","[35, 36, 37, 38, 39, 40, 41, 23, 24, 25, 26, 27]","[73, 1, 17, 22, 51, 70, 16, 3, 78, 5, 6, 68]"
causal-gen-060,60,direct_choice,161,0,2,easy_random_positions,2,Qwen/Qwen3-4B-Instruct-2507,cdbee75f17c01a7cc42f958dc650907174af0554,system-role,82,12,20.875,30.75,-24.625,21.125,0.25,True,True,"[23, 24, 25, 26, 27, 28, 29, 37, 38, 39, 40, 41]","[73, 1, 17, 22, 51, 70, 16, 3, 78, 5, 6, 68]","[73, 1, 17, 22, 51, 70, 16, 3, 78, 5, 6, 68]"
causal-gen-060,60,direct_choice,161,0,2,easy_answer_position,2,Qwen/Qwen3-4B-Instruct-2507,cdbee75f17c01a7cc42f958dc650907174af0554,system-role,82,12,20.875,30.75,-24.625,21.0,0.125,True,True,"[23, 24, 25, 26, 27, 28, 29, 37, 38, 39, 40, 41]",[81],"[73, 1, 17, 22, 51, 70, 16, 3, 78, 5, 6, 68]"
causal-gen-060,60,direct_choice,161,0,2,donor_number_tokens,2,Qwen/Qwen3-4B-Instruct-2507,cdbee75f17c01a7cc42f958dc650907174af0554,system-role,82,12,20.875,30.75,-24.625,-24.5,-45.375,True,False,"[23, 24, 25, 26, 27, 28, 29, 37, 38, 39, 40, 41]","[23, 24, 25, 26, 27, 28, 29, 37, 38, 39, 40, 41]","[73, 1, 17, 22, 51, 70, 16, 3, 78, 5, 6, 68]"
causal-gen-060,60,direct_choice,161,0,2,donor_random_positions,2,Qwen/Qwen3-4B-Instruct-2507,cdbee75f17c01a7cc42f958dc650907174af0554,system-role,82,12,20.875,30.75,-24.625,21.0,0.125,True,True,"[23, 24, 25, 26, 27, 28, 29, 37, 38, 39, 40, 41]","[73, 1, 17, 22, 51, 70, 16, 3, 78, 5, 6, 68]","[73, 1, 17, 22, 51, 70, 16, 3, 78, 5, 6, 68]"
causal-gen-060,60,direct_choice,161,0,2,donor_answer_position,2,Qwen/Qwen3-4B-Instruct-2507,cdbee75f17c01a7cc42f958dc650907174af0554,system-role,82,12,20.875,30.75,-24.625,21.0,0.125,True,True,"[23, 24, 25, 26, 27, 28, 29, 37, 38, 39, 40, 41]",[81],"[73, 1, 17, 22, 51, 70, 16, 3, 78, 5, 6, 68]"
causal-gen-061,61,direct_choice,162,1,2,easy_number_tokens,2,Qwen/Qwen3-4B-Instruct-2507,cdbee75f17c01a7cc42f958dc650907174af0554,system-role,82,12,-2.5,29.625,-23.875,12.25,14.75,False,True,"[23, 24, 25, 26, 27, 28, 29, 37, 38, 39, 40, 41]","[35, 36, 37, 38, 39, 40, 41, 23, 24, 25, 26, 27]","[20, 71, 64, 78, 69, 47, 32, 50, 72, 1, 7, 57]"
causal-gen-061,61,direct_choice,162,1,2,easy_random_positions,2,Qwen/Qwen3-4B-Instruct-2507,cdbee75f17c01a7cc42f958dc650907174af0554,system-role,82,12,-2.5,29.625,-23.875,2.75,5.25,False,True,"[23, 24, 25, 26, 27, 28, 29, 37, 38, 39, 40, 41]","[20, 71, 64, 78, 69, 47, 32, 50, 72, 1, 7, 57]","[20, 71, 64, 78, 69, 47, 32, 50, 72, 1, 7, 57]"
causal-gen-061,61,direct_choice,162,1,2,easy_answer_position,2,Qwen/Qwen3-4B-Instruct-2507,cdbee75f17c01a7cc42f958dc650907174af0554,system-role,82,12,-2.5,29.625,-23.875,-2.5,0.0,False,False,"[23, 24, 25, 26, 27, 28, 29, 37, 38, 39, 40, 41]",[81],"[20, 71, 64, 78, 69, 47, 32, 50, 72, 1, 7, 57]"
causal-gen-061,61,direct_choice,162,1,2,donor_number_tokens,2,Qwen/Qwen3-4B-Instruct-2507,cdbee75f17c01a7cc42f958dc650907174af0554,system-role,82,12,-2.5,29.625,-23.875,-24.0,-21.5,False,False,"[23, 24, 25, 26, 27, 28, 29, 37, 38, 39, 40, 41]","[23, 24, 25, 26, 27, 28, 29, 37, 38, 39, 40, 41]","[20, 71, 64, 78, 69, 47, 32, 50, 72, 1, 7, 57]"
causal-gen-061,61,direct_choice,162,1,2,donor_random_positions,2,Qwen/Qwen3-4B-Instruct-2507,cdbee75f17c01a7cc42f958dc650907174af0554,system-role,82,12,-2.5,29.625,-23.875,-2.5,0.0,False,False,"[23, 24, 25, 26, 27, 28, 29, 37, 38, 39, 40, 41]","[20, 71, 64, 78, 69, 47, 32, 50, 72, 1, 7, 57]","[20, 71, 64, 78, 69, 47, 32, 50, 72, 1, 7, 57]"
causal-gen-061,61,direct_choice,162,1,2,donor_answer_position,2,Qwen/Qwen3-4B-Instruct-2507,cdbee75f17c01a7cc42f958dc650907174af0554,system-role,82,12,-2.5,29.625,-23.875,-2.25,0.25,False,False,"[23, 24, 25, 26, 27, 28, 29, 37, 38, 39, 40, 41]",[81],"[20, 71, 64, 78, 69, 47, 32, 50, 72, 1, 7, 57]"
causal-gen-062,62,direct_choice,163,2,2,easy_number_tokens,2,Qwen/Qwen3-4B-Instruct-2507,cdbee75f17c01a7cc42f958dc650907174af0554,system-role,82,12,15.5,30.0,-23.75,20.75,5.25,True,True,"[23, 24, 25, 26, 27, 28, 29, 37, 38, 39, 40, 41]","[35, 36, 37, 38, 39, 40, 41, 23, 24, 25, 26, 27]","[61, 75, 7, 5, 12, 65, 56, 14, 73, 3, 8, 79]"
causal-gen-062,62,direct_choice,163,2,2,easy_random_positions,2,Qwen/Qwen3-4B-Instruct-2507,cdbee75f17c01a7cc42f958dc650907174af0554,system-role,82,12,15.5,30.0,-23.75,15.5,0.0,True,True,"[23, 24, 25, 26, 27, 28, 29, 37, 38, 39, 40, 41]","[61, 75, 7, 5, 12, 65, 56, 14, 73, 3, 8, 79]","[61, 75, 7, 5, 12, 65, 56, 14, 73, 3, 8, 79]"
causal-gen-062,62,direct_choice,163,2,2,easy_answer_position,2,Qwen/Qwen3-4B-Instruct-2507,cdbee75f17c01a7cc42f958dc650907174af0554,system-role,82,12,15.5,30.0,-23.75,15.75,0.25,True,True,"[23, 24, 25, 26, 27, 28, 29, 37, 38, 39, 40, 41]",[81],"[61, 75, 7, 5, 12, 65, 56, 14, 73, 3, 8, 79]"
causal-gen-062,62,direct_choice,163,2,2,donor_number_tokens,2,Qwen/Qwen3-4B-Instruct-2507,cdbee75f17c01a7cc42f958dc650907174af0554,system-role,82,12,15.5,30.0,-23.75,-23.75,-39.25,True,False,"[23, 24, 25, 26, 27, 28, 29, 37, 38, 39, 40, 41]","[23, 24, 25, 26, 27, 28, 29, 37, 38, 39, 40, 41]","[61, 75, 7, 5, 12, 65, 56, 14, 73, 3, 8, 79]"
causal-gen-062,62,direct_choice,163,2,2,donor_random_positions,2,Qwen/Qwen3-4B-Instruct-2507,cdbee75f17c01a7cc42f958dc650907174af0554,system-role,82,12,15.5,30.0,-23.75,15.5,0.0,True,True,"[23, 24, 25, 26, 27, 28, 29, 37, 38, 39, 40, 41]","[61, 75, 7, 5, 12, 65, 56, 14, 73, 3, 8, 79]","[61, 75, 7, 5, 12, 65, 56, 14, 73, 3, 8, 79]"
causal-gen-062,62,direct_choice,163,2,2,donor_answer_position,2,Qwen/Qwen3-4B-Instruct-2507,cdbee75f17c01a7cc42f958dc650907174af0554,system-role,82,12,15.5,30.0,-23.75,15.75,0.25,True,True,"[23, 24, 25, 26, 27, 28, 29, 37, 38, 39, 40, 41]",[81],"[61, 75, 7, 5, 12, 65, 56, 14, 73, 3, 8, 79]"
causal-gen-063,63,direct_choice,164,3,2,easy_number_tokens,2,Qwen/Qwen3-4B-Instruct-2507,cdbee75f17c01a7cc42f958dc650907174af0554,system-role,82,12,9.25,29.625,-24.25,13.75,4.5,True,True,"[23, 24, 25, 26, 27, 28, 29, 37, 38, 39, 40, 41]","[35, 36, 37, 38, 39, 40, 41, 23, 24, 25, 26, 27]","[43, 56, 44, 1, 2, 58, 15, 75, 36, 48, 47, 3]"
causal-gen-063,63,direct_choice,164,3,2,easy_random_positions,2,Qwen/Qwen3-4B-Instruct-2507,cdbee75f17c01a7cc42f958dc650907174af0554,system-role,82,12,9.25,29.625,-24.25,9.25,0.0,True,True,"[23, 24, 25, 26, 27, 28, 29, 37, 38, 39, 40, 41]","[43, 56, 44, 1, 2, 58, 15, 75, 36, 48, 47, 3]","[43, 56, 44, 1, 2, 58, 15, 75, 36, 48, 47, 3]"
causal-gen-063,63,direct_choice,164,3,2,easy_answer_position,2,Qwen/Qwen3-4B-Instruct-2507,cdbee75f17c01a7cc42f958dc650907174af0554,system-role,82,12,9.25,29.625,-24.25,9.0,-0.25,True,True,"[23, 24, 25, 26, 27, 28, 29, 37, 38, 39, 40, 41]",[81],"[43, 56, 44, 1, 2, 58, 15, 75, 36, 48, 47, 3]"
causal-gen-063,63,direct_choice,164,3,2,donor_number_tokens,2,Qwen/Qwen3-4B-Instruct-2507,cdbee75f17c01a7cc42f958dc650907174af0554,system-role,82,12,9.25,29.625,-24.25,-24.625,-33.875,True,False,"[23, 24, 25, 26, 27, 28, 29, 37, 38, 39, 40, 41]","[23, 24, 25, 26, 27, 28, 29, 37, 38, 39, 40, 41]","[43, 56, 44, 1, 2, 58, 15, 75, 36, 48, 47, 3]"
causal-gen-063,63,direct_choice,164,3,2,donor_random_positions,2,Qwen/Qwen3-4B-Instruct-2507,cdbee75f17c01a7cc42f958dc650907174af0554,system-role,82,12,9.25,29.625,-24.25,8.25,-1.0,True,True,"[23, 24, 25, 26, 27, 28, 29, 37, 38, 39, 40, 41]","[43, 56, 44, 1, 2, 58, 15, 75, 36, 48, 47, 3]","[43, 56, 44, 1, 2, 58, 15, 75, 36, 48, 47, 3]"
causal-gen-063,63,direct_choice,164,3,2,donor_answer_position,2,Qwen/Qwen3-4B-Instruct-2507,cdbee75f17c01a7cc42f958dc650907174af0554,system-role,82,12,9.25,29.625,-24.25,9.0,-0.25,True,True,"[23, 24, 25, 26, 27, 28, 29, 37, 38, 39, 40, 41]",[81],"[43, 56, 44, 1, 2, 58, 15, 75, 36, 48, 47, 3]"
causal-gen-064,64,direct_choice,165,4,2,easy_number_tokens,2,Qwen/Qwen3-4B-Instruct-2507,cdbee75f17c01a7cc42f958dc650907174af0554,system-role,82,12,7.25,30.0,-24.125,16.25,9.0,True,True,"[23, 24, 25, 26, 27, 28, 29, 37, 38, 39, 40, 41]","[35, 36, 37, 38, 39, 40, 41, 23, 24, 25, 26, 27]","[49, 2, 47, 18, 7, 65, 53, 50, 76, 43, 11, 58]"
causal-gen-064,64,direct_choice,165,4,2,easy_random_positions,2,Qwen/Qwen3-4B-Instruct-2507,cdbee75f17c01a7cc42f958dc650907174af0554,system-role,82,12,7.25,30.0,-24.125,7.75,0.5,True,True,"[23, 24, 25, 26, 27, 28, 29, 37, 38, 39, 40, 41]","[49, 2, 47, 18, 7, 65, 53, 50, 76, 43, 11, 58]","[49, 2, 47, 18, 7, 65, 53, 50, 76, 43, 11, 58]"
causal-gen-064,64,direct_choice,165,4,2,easy_answer_position,2,Qwen/Qwen3-4B-Instruct-2507,cdbee75f17c01a7cc42f958dc650907174af0554,system-role,82,12,7.25,30.0,-24.125,7.0,-0.25,True,True,"[23, 24, 25, 26, 27, 28, 29, 37, 38, 39, 40, 41]",[81],"[49, 2, 47, 18, 7, 65, 53, 50, 76, 43, 11, 58]"
causal-gen-064,64,direct_choice,165,4,2,donor_number_tokens,2,Qwen/Qwen3-4B-Instruct-2507,cdbee75f17c01a7cc42f958dc650907174af0554,system-role,82,12,7.25,30.0,-24.125,-24.125,-31.375,True,False,"[23, 24, 25, 26, 27, 28, 29, 37, 38, 39, 40, 41]","[23, 24, 25, 26, 27, 28, 29, 37, 38, 39, 40, 41]","[49, 2, 47, 18, 7, 65, 53, 50, 76, 43, 11, 58]"
causal-gen-064,64,direct_choice,165,4,2,donor_random_positions,2,Qwen/Qwen3-4B-Instruct-2507,cdbee75f17c01a7cc42f958dc650907174af0554,system-role,82,12,7.25,30.0,-24.125,7.5,0.25,True,True,"[23, 24, 25, 26, 27, 28, 29, 37, 38, 39, 40, 41]","[49, 2, 47, 18, 7, 65, 53, 50, 76, 43, 11, 58]","[49, 2, 47, 18, 7, 65, 53, 50, 76, 43, 11, 58]"
causal-gen-064,64,direct_choice,165,4,2,donor_answer_position,2,Qwen/Qwen3-4B-Instruct-2507,cdbee75f17c01a7cc42f958dc650907174af0554,system-role,82,12,7.25,30.0,-24.125,7.0,-0.25,True,True,"[23, 24, 25, 26, 27, 28, 29, 37, 38, 39, 40, 41]",[81],"[49, 2, 47, 18, 7, 65, 53, 50, 76, 43, 11, 58]"
causal-gen-065,65,direct_choice,166,5,2,easy_number_tokens,2,Qwen/Qwen3-4B-Instruct-2507,cdbee75f17c01a7cc42f958dc650907174af0554,system-role,82,12,24.25,30.125,-24.625,23.375,-0.875,True,True,"[23, 24, 25, 26, 27, 28, 29, 37, 38, 39, 40, 41]","[35, 36, 37, 38, 39, 40, 41, 23, 24, 25, 26, 27]","[14, 33, 10, 71, 13, 7, 50, 77, 18, 35, 60, 53]"
causal-gen-065,65,direct_choice,166,5,2,easy_random_positions,2,Qwen/Qwen3-4B-Instruct-2507,cdbee75f17c01a7cc42f958dc650907174af0554,system-role,82,12,24.25,30.125,-24.625,14.0,-10.25,True,True,"[23, 24, 25, 26, 27, 28, 29, 37, 38, 39, 40, 41]","[14, 33, 10, 71, 13, 7, 50, 77, 18, 35, 60, 53]","[14, 33, 10, 71, 13, 7, 50, 77, 18, 35, 60, 53]"
causal-gen-065,65,direct_choice,166,5,2,easy_answer_position,2,Qwen/Qwen3-4B-Instruct-2507,cdbee75f17c01a7cc42f958dc650907174af0554,system-role,82,12,24.25,30.125,-24.625,24.125,-0.125,True,True,"[23, 24, 25, 26, 27, 28, 29, 37, 38, 39, 40, 41]",[81],"[14, 33, 10, 71, 13, 7, 50, 77, 18, 35, 60, 53]"
causal-gen-065,65,direct_choice,166,5,2,donor_number_tokens,2,Qwen/Qwen3-4B-Instruct-2507,cdbee75f17c01a7cc42f958dc650907174af0554,system-role,82,12,24.25,30.125,-24.625,-24.625,-48.875,True,False,"[23, 24, 25, 26, 27, 28, 29, 37, 38, 39, 40, 41]","[23, 24, 25, 26, 27, 28, 29, 37, 38, 39, 40, 41]","[14, 33, 10, 71, 13, 7, 50, 77, 18, 35, 60, 53]"
causal-gen-065,65,direct_choice,166,5,2,donor_random_positions,2,Qwen/Qwen3-4B-Instruct-2507,cdbee75f17c01a7cc42f958dc650907174af0554,system-role,82,12,24.25,30.125,-24.625,24.125,-0.125,True,True,"[23, 24, 25, 26, 27, 28, 29, 37, 38, 39, 40, 41]","[14, 33, 10, 71, 13, 7, 50, 77, 18, 35, 60, 53]","[14, 33, 10, 71, 13, 7, 50, 77, 18, 35, 60, 53]"
causal-gen-065,65,direct_choice,166,5,2,donor_answer_position,2,Qwen/Qwen3-4B-Instruct-2507,cdbee75f17c01a7cc42f958dc650907174af0554,system-role,82,12,24.25,30.125,-24.625,24.125,-0.125,True,True,"[23, 24, 25, 26, 27, 28, 29, 37, 38, 39, 40, 41]",[81],"[14, 33, 10, 71, 13, 7, 50, 77, 18, 35, 60, 53]"
causal-gen-066,66,direct_choice,167,6,2,easy_number_tokens,2,Qwen/Qwen3-4B-Instruct-2507,cdbee75f17c01a7cc42f958dc650907174af0554,system-role,82,12,9.5,29.75,-24.0,16.75,7.25,True,True,"[23, 24, 25, 26, 27, 28, 29, 37, 38, 39, 40, 41]","[35, 36, 37, 38, 39, 40, 41, 23, 24, 25, 26, 27]","[53, 11, 79, 9, 59, 49, 74, 48, 62, 69, 12, 52]"
causal-gen-066,66,direct_choice,167,6,2,easy_random_positions,2,Qwen/Qwen3-4B-Instruct-2507,cdbee75f17c01a7cc42f958dc650907174af0554,system-role,82,12,9.5,29.75,-24.0,10.5,1.0,True,True,"[23, 24, 25, 26, 27, 28, 29, 37, 38, 39, 40, 41]","[53, 11, 79, 9, 59, 49, 74, 48, 62, 69, 12, 52]","[53, 11, 79, 9, 59, 49, 74, 48, 62, 69, 12, 52]"
causal-gen-066,66,direct_choice,167,6,2,easy_answer_position,2,Qwen/Qwen3-4B-Instruct-2507,cdbee75f17c01a7cc42f958dc650907174af0554,system-role,82,12,9.5,29.75,-24.0,9.75,0.25,True,True,"[23, 24, 25, 26, 27, 28, 29, 37, 38, 39, 40, 41]",[81],"[53, 11, 79, 9, 59, 49, 74, 48, 62, 69, 12, 52]"
causal-gen-066,66,direct_choice,167,6,2,donor_number_tokens,2,Qwen/Qwen3-4B-Instruct-2507,cdbee75f17c01a7cc42f958dc650907174af0554,system-role,82,12,9.5,29.75,-24.0,-24.25,-33.75,True,False,"[23, 24, 25, 26, 27, 28, 29, 37, 38, 39, 40, 41]","[23, 24, 25, 26, 27, 28, 29, 37, 38, 39, 40, 41]","[53, 11, 79, 9, 59, 49, 74, 48, 62, 69, 12, 52]"
causal-gen-066,66,direct_choice,167,6,2,donor_random_positions,2,Qwen/Qwen3-4B-Instruct-2507,cdbee75f17c01a7cc42f958dc650907174af0554,system-role,82,12,9.5,29.75,-24.0,10.0,0.5,True,True,"[23, 24, 25, 26, 27, 28, 29, 37, 38, 39, 40, 41]","[53, 11, 79, 9, 59, 49, 74, 48, 62, 69, 12, 52]","[53, 11, 79, 9, 59, 49, 74, 48, 62, 69, 12, 52]"
causal-gen-066,66,direct_choice,167,6,2,donor_answer_position,2,Qwen/Qwen3-4B-Instruct-2507,cdbee75f17c01a7cc42f958dc650907174af0554,system-role,82,12,9.5,29.75,-24.0,9.75,0.25,True,True,"[23, 24, 25, 26, 27, 28, 29, 37, 38, 39, 40, 41]",[81],"[53, 11, 79, 9, 59, 49, 74, 48, 62, 69, 12, 52]"
causal-gen-067,67,direct_choice,168,7,2,easy_number_tokens,2,Qwen/Qwen3-4B-Instruct-2507,cdbee75f17c01a7cc42f958dc650907174af0554,system-role,82,12,14.5,29.875,-30.25,18.25,3.75,True,True,"[23, 24, 25, 26, 27, 28, 29, 37, 38, 39, 40, 41]","[35, 36, 37, 38, 39, 40, 41, 23, 24, 25, 26, 27]","[43, 18, 64, 22, 4, 71, 65, 42, 69, 36, 63, 73]"
causal-gen-067,67,direct_choice,168,7,2,easy_random_positions,2,Qwen/Qwen3-4B-Instruct-2507,cdbee75f17c01a7cc42f958dc650907174af0554,system-role,82,12,14.5,29.875,-30.25,17.0,2.5,True,True,"[23, 24, 25, 26, 27, 28, 29, 37, 38, 39, 40, 41]","[43, 18, 64, 22, 4, 71, 65, 42, 69, 36, 63, 73]","[43, 18, 64, 22, 4, 71, 65, 42, 69, 36, 63, 73]"
causal-gen-067,67,direct_choice,168,7,2,easy_answer_position,2,Qwen/Qwen3-4B-Instruct-2507,cdbee75f17c01a7cc42f958dc650907174af0554,system-role,82,12,14.5,29.875,-30.25,14.5,0.0,True,True,"[23, 24, 25, 26, 27, 28, 29, 37, 38, 39, 40, 41]",[81],"[43, 18, 64, 22, 4, 71, 65, 42, 69, 36, 63, 73]"
causal-gen-067,67,direct_choice,168,7,2,donor_number_tokens,2,Qwen/Qwen3-4B-Instruct-2507,cdbee75f17c01a7cc42f958dc650907174af0554,system-role,82,12,14.5,29.875,-30.25,-30.375,-44.875,True,False,"[23, 24, 25, 26, 27, 28, 29, 37, 38, 39, 40, 41]","[23, 24, 25, 26, 27, 28, 29, 37, 38, 39, 40, 41]","[43, 18, 64, 22, 4, 71, 65, 42, 69, 36, 63, 73]"
causal-gen-067,67,direct_choice,168,7,2,donor_random_positions,2,Qwen/Qwen3-4B-Instruct-2507,cdbee75f17c01a7cc42f958dc650907174af0554,system-role,82,12,14.5,29.875,-30.25,15.0,0.5,True,True,"[23, 24, 25, 26, 27, 28, 29, 37, 38, 39, 40, 41]","[43, 18, 64, 22, 4, 71, 65, 42, 69, 36, 63, 73]","[43, 18, 64, 22, 4, 71, 65, 42, 69, 36, 63, 73]"
causal-gen-067,67,direct_choice,168,7,2,donor_answer_position,2,Qwen/Qwen3-4B-Instruct-2507,cdbee75f17c01a7cc42f958dc650907174af0554,system-role,82,12,14.5,29.875,-30.25,14.5,0.0,True,True,"[23, 24, 25, 26, 27, 28, 29, 37, 38, 39, 40, 41]",[81],"[43, 18, 64, 22, 4, 71, 65, 42, 69, 36, 63, 73]"
causal-gen-068,68,direct_choice,169,8,2,easy_number_tokens,2,Qwen/Qwen3-4B-Instruct-2507,cdbee75f17c01a7cc42f958dc650907174af0554,system-role,82,12,-0.75,30.0,-30.375,16.25,17.0,False,True,"[23, 24, 25, 26, 27, 28, 29, 37, 38, 39, 40, 41]","[35, 36, 37, 38, 39, 40, 41, 23, 24, 25, 26, 27]","[51, 7, 74, 43, 4, 9, 16, 57, 71, 45, 11, 79]"
causal-gen-068,68,direct_choice,169,8,2,easy_random_positions,2,Qwen/Qwen3-4B-Instruct-2507,cdbee75f17c01a7cc42f958dc650907174af0554,system-role,82,12,-0.75,30.0,-30.375,-0.5,0.25,False,False,"[23, 24, 25, 26, 27, 28, 29, 37, 38, 39, 40, 41]","[51, 7, 74, 43, 4, 9, 16, 57, 71, 45, 11, 79]","[51, 7, 74, 43, 4, 9, 16, 57, 71, 45, 11, 79]"
causal-gen-068,68,direct_choice,169,8,2,easy_answer_position,2,Qwen/Qwen3-4B-Instruct-2507,cdbee75f17c01a7cc42f958dc650907174af0554,system-role,82,12,-0.75,30.0,-30.375,-0.5,0.25,False,False,"[23, 24, 25, 26, 27, 28, 29, 37, 38, 39, 40, 41]",[81],"[51, 7, 74, 43, 4, 9, 16, 57, 71, 45, 11, 79]"
causal-gen-068,68,direct_choice,169,8,2,donor_number_tokens,2,Qwen/Qwen3-4B-Instruct-2507,cdbee75f17c01a7cc42f958dc650907174af0554,system-role,82,12,-0.75,30.0,-30.375,-30.5,-29.75,False,False,"[23, 24, 25, 26, 27, 28, 29, 37, 38, 39, 40, 41]","[23, 24, 25, 26, 27, 28, 29, 37, 38, 39, 40, 41]","[51, 7, 74, 43, 4, 9, 16, 57, 71, 45, 11, 79]"
causal-gen-068,68,direct_choice,169,8,2,donor_random_positions,2,Qwen/Qwen3-4B-Instruct-2507,cdbee75f17c01a7cc42f958dc650907174af0554,system-role,82,12,-0.75,30.0,-30.375,0.25,1.0,False,True,"[23, 24, 25, 26, 27, 28, 29, 37, 38, 39, 40, 41]","[51, 7, 74, 43, 4, 9, 16, 57, 71, 45, 11, 79]","[51, 7, 74, 43, 4, 9, 16, 57, 71, 45, 11, 79]"
causal-gen-068,68,direct_choice,169,8,2,donor_answer_position,2,Qwen/Qwen3-4B-Instruct-2507,cdbee75f17c01a7cc42f958dc650907174af0554,system-role,82,12,-0.75,30.0,-30.375,-0.5,0.25,False,False,"[23, 24, 25, 26, 27, 28, 29, 37, 38, 39, 40, 41]",[81],"[51, 7, 74, 43, 4, 9, 16, 57, 71, 45, 11, 79]"
causal-gen-069,69,direct_choice,170,9,2,easy_number_tokens,2,Qwen/Qwen3-4B-Instruct-2507,cdbee75f17c01a7cc42f958dc650907174af0554,system-role,82,12,2.25,30.125,-30.5,19.0,16.75,True,True,"[23, 24, 25, 26, 27, 28, 29, 37, 38, 39, 40, 41]","[35, 36, 37, 38, 39, 40, 41, 23, 24, 25, 26, 27]","[62, 6, 35, 17, 78, 33, 19, 49, 74, 54, 22, 10]"
causal-gen-069,69,direct_choice,170,9,2,easy_random_positions,2,Qwen/Qwen3-4B-Instruct-2507,cdbee75f17c01a7cc42f958dc650907174af0554,system-role,82,12,2.25,30.125,-30.5,-4.75,-7.0,True,False,"[23, 24, 25, 26, 27, 28, 29, 37, 38, 39, 40, 41]","[62, 6, 35, 17, 78, 33, 19, 49, 74, 54, 22, 10]","[62, 6, 35, 17, 78, 33, 19, 49, 74, 54, 22, 10]"
causal-gen-069,69,direct_choice,170,9,2,easy_answer_position,2,Qwen/Qwen3-4B-Instruct-2507,cdbee75f17c01a7cc42f958dc650907174af0554,system-role,82,12,2.25,30.125,-30.5,2.25,0.0,True,True,"[23, 24, 25, 26, 27, 28, 29, 37, 38, 39, 40, 41]",[81],"[62, 6, 35, 17, 78, 33, 19, 49, 74, 54, 22, 10]"
causal-gen-069,69,direct_choice,170,9,2,donor_number_tokens,2,Qwen/Qwen3-4B-Instruct-2507,cdbee75f17c01a7cc42f958dc650907174af0554,system-role,82,12,2.25,30.125,-30.5,-30.75,-33.0,True,False,"[23, 24, 25, 26, 27, 28, 29, 37, 38, 39, 40, 41]","[23, 24, 25, 26, 27, 28, 29, 37, 38, 39, 40, 41]","[62, 6, 35, 17, 78, 33, 19, 49, 74, 54, 22, 10]"
causal-gen-069,69,direct_choice,170,9,2,donor_random_positions,2,Qwen/Qwen3-4B-Instruct-2507,cdbee75f17c01a7cc42f958dc650907174af0554,system-role,82,12,2.25,30.125,-30.5,3.25,1.0,True,True,"[23, 24, 25, 26, 27, 28, 29, 37, 38, 39, 40, 41]","[62, 6, 35, 17, 78, 33, 19, 49, 74, 54, 22, 10]","[62, 6, 35, 17, 78, 33, 19, 49, 74, 54, 22, 10]"
causal-gen-069,69,direct_choice,170,9,2,donor_answer_position,2,Qwen/Qwen3-4B-Instruct-2507,cdbee75f17c01a7cc42f958dc650907174af0554,system-role,82,12,2.25,30.125,-30.5,2.0,-0.25,True,True,"[23, 24, 25, 26, 27, 28, 29, 37, 38, 39, 40, 41]",[81],"[62, 6, 35, 17, 78, 33, 19, 49, 74, 54, 22, 10]"
causal-gen-070,70,direct_choice,171,0,3,easy_number_tokens,2,Qwen/Qwen3-4B-Instruct-2507,cdbee75f17c01a7cc42f958dc650907174af0554,system-role,83,13,24.5,30.875,-25.25,25.125,0.625,True,True,"[23, 24, 25, 26, 27, 28, 29, 30, 38, 39, 40, 41, 42]","[35, 36, 37, 38, 39, 40, 41, 42, 23, 24, 25, 26, 27]","[55, 79, 4, 76, 37, 9, 10, 50, 32, 45, 1, 81, 14]"
causal-gen-070,70,direct_choice,171,0,3,easy_random_positions,2,Qwen/Qwen3-4B-Instruct-2507,cdbee75f17c01a7cc42f958dc650907174af0554,system-role,83,13,24.5,30.875,-25.25,20.125,-4.375,True,True,"[23, 24, 25, 26, 27, 28, 29, 30, 38, 39, 40, 41, 42]","[55, 79, 4, 76, 37, 9, 10, 50, 32, 45, 1, 81, 14]","[55, 79, 4, 76, 37, 9, 10, 50, 32, 45, 1, 81, 14]"
causal-gen-070,70,direct_choice,171,0,3,easy_answer_position,2,Qwen/Qwen3-4B-Instruct-2507,cdbee75f17c01a7cc42f958dc650907174af0554,system-role,83,13,24.5,30.875,-25.25,24.625,0.125,True,True,"[23, 24, 25, 26, 27, 28, 29, 30, 38, 39, 40, 41, 42]",[82],"[55, 79, 4, 76, 37, 9, 10, 50, 32, 45, 1, 81, 14]"
causal-gen-070,70,direct_choice,171,0,3,donor_number_tokens,2,Qwen/Qwen3-4B-Instruct-2507,cdbee75f17c01a7cc42f958dc650907174af0554,system-role,83,13,24.5,30.875,-25.25,-25.25,-49.75,True,False,"[23, 24, 25, 26, 27, 28, 29, 30, 38, 39, 40, 41, 42]","[23, 24, 25, 26, 27, 28, 29, 30, 38, 39, 40, 41, 42]","[55, 79, 4, 76, 37, 9, 10, 50, 32, 45, 1, 81, 14]"
causal-gen-070,70,direct_choice,171,0,3,donor_random_positions,2,Qwen/Qwen3-4B-Instruct-2507,cdbee75f17c01a7cc42f958dc650907174af0554,system-role,83,13,24.5,30.875,-25.25,24.625,0.125,True,True,"[23, 24, 25, 26, 27, 28, 29, 30, 38, 39, 40, 41, 42]","[55, 79, 4, 76, 37, 9, 10, 50, 32, 45, 1, 81, 14]","[55, 79, 4, 76, 37, 9, 10, 50, 32, 45, 1, 81, 14]"
causal-gen-070,70,direct_choice,171,0,3,donor_answer_position,2,Qwen/Qwen3-4B-Instruct-2507,cdbee75f17c01a7cc42f958dc650907174af0554,system-role,83,13,24.5,30.875,-25.25,24.625,0.125,True,True,"[23, 24, 25, 26, 27, 28, 29, 30, 38, 39, 40, 41, 42]",[82],"[55, 79, 4, 76, 37, 9, 10, 50, 32, 45, 1, 81, 14]"
causal-gen-071,71,direct_choice,172,1,3,easy_number_tokens,2,Qwen/Qwen3-4B-Instruct-2507,cdbee75f17c01a7cc42f958dc650907174af0554,system-role,83,13,14.75,29.625,-24.0,19.75,5.0,True,True,"[23, 24, 25, 26, 27, 28, 29, 30, 38, 39, 40, 41, 42]","[35, 36, 37, 38, 39, 40, 41, 42, 23, 24, 25, 26, 27]","[4, 43, 35, 49, 45, 15, 34, 69, 7, 77, 65, 9, 32]"
causal-gen-071,71,direct_choice,172,1,3,easy_random_positions,2,Qwen/Qwen3-4B-Instruct-2507,cdbee75f17c01a7cc42f958dc650907174af0554,system-role,83,13,14.75,29.625,-24.0,16.75,2.0,True,True,"[23, 24, 25, 26, 27, 28, 29, 30, 38, 39, 40, 41, 42]","[4, 43, 35, 49, 45, 15, 34, 69, 7, 77, 65, 9, 32]","[4, 43, 35, 49, 45, 15, 34, 69, 7, 77, 65, 9, 32]"
causal-gen-071,71,direct_choice,172,1,3,easy_answer_position,2,Qwen/Qwen3-4B-Instruct-2507,cdbee75f17c01a7cc42f958dc650907174af0554,system-role,83,13,14.75,29.625,-24.0,15.0,0.25,True,True,"[23, 24, 25, 26, 27, 28, 29, 30, 38, 39, 40, 41, 42]",[82],"[4, 43, 35, 49, 45, 15, 34, 69, 7, 77, 65, 9, 32]"
causal-gen-071,71,direct_choice,172,1,3,donor_number_tokens,2,Qwen/Qwen3-4B-Instruct-2507,cdbee75f17c01a7cc42f958dc650907174af0554,system-role,83,13,14.75,29.625,-24.0,-24.125,-38.875,True,False,"[23, 24, 25, 26, 27, 28, 29, 30, 38, 39, 40, 41, 42]","[23, 24, 25, 26, 27, 28, 29, 30, 38, 39, 40, 41, 42]","[4, 43, 35, 49, 45, 15, 34, 69, 7, 77, 65, 9, 32]"
causal-gen-071,71,direct_choice,172,1,3,donor_random_positions,2,Qwen/Qwen3-4B-Instruct-2507,cdbee75f17c01a7cc42f958dc650907174af0554,system-role,83,13,14.75,29.625,-24.0,15.25,0.5,True,True,"[23, 24, 25, 26, 27, 28, 29, 30, 38, 39, 40, 41, 42]","[4, 43, 35, 49, 45, 15, 34, 69, 7, 77, 65, 9, 32]","[4, 43, 35, 49, 45, 15, 34, 69, 7, 77, 65, 9, 32]"
causal-gen-071,71,direct_choice,172,1,3,donor_answer_position,2,Qwen/Qwen3-4B-Instruct-2507,cdbee75f17c01a7cc42f958dc650907174af0554,system-role,83,13,14.75,29.625,-24.0,14.5,-0.25,True,True,"[23, 24, 25, 26, 27, 28, 29, 30, 38, 39, 40, 41, 42]",[82],"[4, 43, 35, 49, 45, 15, 34, 69, 7, 77, 65, 9, 32]"
causal-gen-072,72,direct_choice,173,2,3,easy_number_tokens,2,Qwen/Qwen3-4B-Instruct-2507,cdbee75f17c01a7cc42f958dc650907174af0554,system-role,83,13,6.25,29.875,-24.375,20.0,13.75,True,True,"[23, 24, 25, 26, 27, 28, 29, 30, 38, 39, 40, 41, 42]","[35, 36, 37, 38, 39, 40, 41, 42, 23, 24, 25, 26, 27]","[14, 53, 43, 56, 72, 50, 16, 66, 22, 19, 47, 61, 2]"
causal-gen-072,72,direct_choice,173,2,3,easy_random_positions,2,Qwen/Qwen3-4B-Instruct-2507,cdbee75f17c01a7cc42f958dc650907174af0554,system-role,83,13,6.25,29.875,-24.375,8.5,2.25,True,True,"[23, 24, 25, 26, 27, 28, 29, 30, 38, 39, 40, 41, 42]","[14, 53, 43, 56, 72, 50, 16, 66, 22, 19, 47, 61, 2]","[14, 53, 43, 56, 72, 50, 16, 66, 22, 19, 47, 61, 2]"
causal-gen-072,72,direct_choice,173,2,3,easy_answer_position,2,Qwen/Qwen3-4B-Instruct-2507,cdbee75f17c01a7cc42f958dc650907174af0554,system-role,83,13,6.25,29.875,-24.375,6.0,-0.25,True,True,"[23, 24, 25, 26, 27, 28, 29, 30, 38, 39, 40, 41, 42]",[82],"[14, 53, 43, 56, 72, 50, 16, 66, 22, 19, 47, 61, 2]"
causal-gen-072,72,direct_choice,173,2,3,donor_number_tokens,2,Qwen/Qwen3-4B-Instruct-2507,cdbee75f17c01a7cc42f958dc650907174af0554,system-role,83,13,6.25,29.875,-24.375,-24.375,-30.625,True,False,"[23, 24, 25, 26, 27, 28, 29, 30, 38, 39, 40, 41, 42]","[23, 24, 25, 26, 27, 28, 29, 30, 38, 39, 40, 41, 42]","[14, 53, 43, 56, 72, 50, 16, 66, 22, 19, 47, 61, 2]"
causal-gen-072,72,direct_choice,173,2,3,donor_random_positions,2,Qwen/Qwen3-4B-Instruct-2507,cdbee75f17c01a7cc42f958dc650907174af0554,system-role,83,13,6.25,29.875,-24.375,6.75,0.5,True,True,"[23, 24, 25, 26, 27, 28, 29, 30, 38, 39, 40, 41, 42]","[14, 53, 43, 56, 72, 50, 16, 66, 22, 19, 47, 61, 2]","[14, 53, 43, 56, 72, 50, 16, 66, 22, 19, 47, 61, 2]"
causal-gen-072,72,direct_choice,173,2,3,donor_answer_position,2,Qwen/Qwen3-4B-Instruct-2507,cdbee75f17c01a7cc42f958dc650907174af0554,system-role,83,13,6.25,29.875,-24.375,6.25,0.0,True,True,"[23, 24, 25, 26, 27, 28, 29, 30, 38, 39, 40, 41, 42]",[82],"[14, 53, 43, 56, 72, 50, 16, 66, 22, 19, 47, 61, 2]"
causal-gen-073,73,direct_choice,174,3,3,easy_number_tokens,2,Qwen/Qwen3-4B-Instruct-2507,cdbee75f17c01a7cc42f958dc650907174af0554,system-role,83,13,20.25,30.125,-24.5,21.0,0.75,True,True,"[23, 24, 25, 26, 27, 28, 29, 30, 38, 39, 40, 41, 42]","[35, 36, 37, 38, 39, 40, 41, 42, 23, 24, 25, 26, 27]","[3, 20, 68, 16, 63, 53, 70, 45, 43, 61, 11, 67, 36]"
causal-gen-073,73,direct_choice,174,3,3,easy_random_positions,2,Qwen/Qwen3-4B-Instruct-2507,cdbee75f17c01a7cc42f958dc650907174af0554,system-role,83,13,20.25,30.125,-24.5,20.75,0.5,True,True,"[23, 24, 25, 26, 27, 28, 29, 30, 38, 39, 40, 41, 42]","[3, 20, 68, 16, 63, 53, 70, 45, 43, 61, 11, 67, 36]","[3, 20, 68, 16, 63, 53, 70, 45, 43, 61, 11, 67, 36]"
causal-gen-073,73,direct_choice,174,3,3,easy_answer_position,2,Qwen/Qwen3-4B-Instruct-2507,cdbee75f17c01a7cc42f958dc650907174af0554,system-role,83,13,20.25,30.125,-24.5,20.25,0.0,True,True,"[23, 24, 25, 26, 27, 28, 29, 30, 38, 39, 40, 41, 42]",[82],"[3, 20, 68, 16, 63, 53, 70, 45, 43, 61, 11, 67, 36]"
causal-gen-073,73,direct_choice,174,3,3,donor_number_tokens,2,Qwen/Qwen3-4B-Instruct-2507,cdbee75f17c01a7cc42f958dc650907174af0554,system-role,83,13,20.25,30.125,-24.5,-24.5,-44.75,True,False,"[23, 24, 25, 26, 27, 28, 29, 30, 38, 39, 40, 41, 42]","[23, 24, 25, 26, 27, 28, 29, 30, 38, 39, 40, 41, 42]","[3, 20, 68, 16, 63, 53, 70, 45, 43, 61, 11, 67, 36]"
causal-gen-073,73,direct_choice,174,3,3,donor_random_positions,2,Qwen/Qwen3-4B-Instruct-2507,cdbee75f17c01a7cc42f958dc650907174af0554,system-role,83,13,20.25,30.125,-24.5,20.25,0.0,True,True,"[23, 24, 25, 26, 27, 28, 29, 30, 38, 39, 40, 41, 42]","[3, 20, 68, 16, 63, 53, 70, 45, 43, 61, 11, 67, 36]","[3, 20, 68, 16, 63, 53, 70, 45, 43, 61, 11, 67, 36]"
causal-gen-073,73,direct_choice,174,3,3,donor_answer_position,2,Qwen/Qwen3-4B-Instruct-2507,cdbee75f17c01a7cc42f958dc650907174af0554,system-role,83,13,20.25,30.125,-24.5,20.25,0.0,True,True,"[23, 24, 25, 26, 27, 28, 29, 30, 38, 39, 40, 41, 42]",[82],"[3, 20, 68, 16, 63, 53, 70, 45, 43, 61, 11, 67, 36]"
causal-gen-074,74,direct_choice,175,4,3,easy_number_tokens,2,Qwen/Qwen3-4B-Instruct-2507,cdbee75f17c01a7cc42f958dc650907174af0554,system-role,83,13,21.0,30.0,-24.75,22.75,1.75,True,True,"[23, 24, 25, 26, 27, 28, 29, 30, 38, 39, 40, 41, 42]","[35, 36, 37, 38, 39, 40, 41, 42, 23, 24, 25, 26, 27]","[6, 33, 60, 76, 9, 55, 34, 20, 45, 11, 4, 36, 80]"
causal-gen-074,74,direct_choice,175,4,3,easy_random_positions,2,Qwen/Qwen3-4B-Instruct-2507,cdbee75f17c01a7cc42f958dc650907174af0554,system-role,83,13,21.0,30.0,-24.75,4.0,-17.0,True,True,"[23, 24, 25, 26, 27, 28, 29, 30, 38, 39, 40, 41, 42]","[6, 33, 60, 76, 9, 55, 34, 20, 45, 11, 4, 36, 80]","[6, 33, 60, 76, 9, 55, 34, 20, 45, 11, 4, 36, 80]"
causal-gen-074,74,direct_choice,175,4,3,easy_answer_position,2,Qwen/Qwen3-4B-Instruct-2507,cdbee75f17c01a7cc42f958dc650907174af0554,system-role,83,13,21.0,30.0,-24.75,21.125,0.125,True,True,"[23, 24, 25, 26, 27, 28, 29, 30, 38, 39, 40, 41, 42]",[82],"[6, 33, 60, 76, 9, 55, 34, 20, 45, 11, 4, 36, 80]"
causal-gen-074,74,direct_choice,175,4,3,donor_number_tokens,2,Qwen/Qwen3-4B-Instruct-2507,cdbee75f17c01a7cc42f958dc650907174af0554,system-role,83,13,21.0,30.0,-24.75,-24.75,-45.75,True,False,"[23, 24, 25, 26, 27, 28, 29, 30, 38, 39, 40, 41, 42]","[23, 24, 25, 26, 27, 28, 29, 30, 38, 39, 40, 41, 42]","[6, 33, 60, 76, 9, 55, 34, 20, 45, 11, 4, 36, 80]"
causal-gen-074,74,direct_choice,175,4,3,donor_random_positions,2,Qwen/Qwen3-4B-Instruct-2507,cdbee75f17c01a7cc42f958dc650907174af0554,system-role,83,13,21.0,30.0,-24.75,21.0,0.0,True,True,"[23, 24, 25, 26, 27, 28, 29, 30, 38, 39, 40, 41, 42]","[6, 33, 60, 76, 9, 55, 34, 20, 45, 11, 4, 36, 80]","[6, 33, 60, 76, 9, 55, 34, 20, 45, 11, 4, 36, 80]"
causal-gen-074,74,direct_choice,175,4,3,donor_answer_position,2,Qwen/Qwen3-4B-Instruct-2507,cdbee75f17c01a7cc42f958dc650907174af0554,system-role,83,13,21.0,30.0,-24.75,21.375,0.375,True,True,"[23, 24, 25, 26, 27, 28, 29, 30, 38, 39, 40, 41, 42]",[82],"[6, 33, 60, 76, 9, 55, 34, 20, 45, 11, 4, 36, 80]"
causal-gen-075,75,direct_choice,176,5,3,easy_number_tokens,2,Qwen/Qwen3-4B-Instruct-2507,cdbee75f17c01a7cc42f958dc650907174af0554,system-role,83,13,24.875,30.125,-24.625,24.125,-0.75,True,True,"[23, 24, 25, 26, 27, 28, 29, 30, 38, 39, 40, 41, 42]","[35, 36, 37, 38, 39, 40, 41, 42, 23, 24, 25, 26, 27]","[54, 32, 66, 77, 2, 64, 67, 55, 68, 33, 58, 47, 78]"
causal-gen-075,75,direct_choice,176,5,3,easy_random_positions,2,Qwen/Qwen3-4B-Instruct-2507,cdbee75f17c01a7cc42f958dc650907174af0554,system-role,83,13,24.875,30.125,-24.625,26.25,1.375,True,True,"[23, 24, 25, 26, 27, 28, 29, 30, 38, 39, 40, 41, 42]","[54, 32, 66, 77, 2, 64, 67, 55, 68, 33, 58, 47, 78]","[54, 32, 66, 77, 2, 64, 67, 55, 68, 33, 58, 47, 78]"
causal-gen-075,75,direct_choice,176,5,3,easy_answer_position,2,Qwen/Qwen3-4B-Instruct-2507,cdbee75f17c01a7cc42f958dc650907174af0554,system-role,83,13,24.875,30.125,-24.625,25.25,0.375,True,True,"[23, 24, 25, 26, 27, 28, 29, 30, 38, 39, 40, 41, 42]",[82],"[54, 32, 66, 77, 2, 64, 67, 55, 68, 33, 58, 47, 78]"
causal-gen-075,75,direct_choice,176,5,3,donor_number_tokens,2,Qwen/Qwen3-4B-Instruct-2507,cdbee75f17c01a7cc42f958dc650907174af0554,system-role,83,13,24.875,30.125,-24.625,-24.625,-49.5,True,False,"[23, 24, 25, 26, 27, 28, 29, 30, 38, 39, 40, 41, 42]","[23, 24, 25, 26, 27, 28, 29, 30, 38, 39, 40, 41, 42]","[54, 32, 66, 77, 2, 64, 67, 55, 68, 33, 58, 47, 78]"
causal-gen-075,75,direct_choice,176,5,3,donor_random_positions,2,Qwen/Qwen3-4B-Instruct-2507,cdbee75f17c01a7cc42f958dc650907174af0554,system-role,83,13,24.875,30.125,-24.625,25.0,0.125,True,True,"[23, 24, 25, 26, 27, 28, 29, 30, 38, 39, 40, 41, 42]","[54, 32, 66, 77, 2, 64, 67, 55, 68, 33, 58, 47, 78]","[54, 32, 66, 77, 2, 64, 67, 55, 68, 33, 58, 47, 78]"
causal-gen-075,75,direct_choice,176,5,3,donor_answer_position,2,Qwen/Qwen3-4B-Instruct-2507,cdbee75f17c01a7cc42f958dc650907174af0554,system-role,83,13,24.875,30.125,-24.625,25.0,0.125,True,True,"[23, 24, 25, 26, 27, 28, 29, 30, 38, 39, 40, 41, 42]",[82],"[54, 32, 66, 77, 2, 64, 67, 55, 68, 33, 58, 47, 78]"
causal-gen-076,76,direct_choice,177,6,3,easy_number_tokens,2,Qwen/Qwen3-4B-Instruct-2507,cdbee75f17c01a7cc42f958dc650907174af0554,system-role,83,13,23.125,30.25,-24.75,23.375,0.25,True,True,"[23, 24, 25, 26, 27, 28, 29, 30, 38, 39, 40, 41, 42]","[35, 36, 37, 38, 39, 40, 41, 42, 23, 24, 25, 26, 27]","[74, 44, 73, 58, 3, 54, 66, 75, 47, 8, 9, 13, 52]"
causal-gen-076,76,direct_choice,177,6,3,easy_random_positions,2,Qwen/Qwen3-4B-Instruct-2507,cdbee75f17c01a7cc42f958dc650907174af0554,system-role,83,13,23.125,30.25,-24.75,23.125,0.0,True,True,"[23, 24, 25, 26, 27, 28, 29, 30, 38, 39, 40, 41, 42]","[74, 44, 73, 58, 3, 54, 66, 75, 47, 8, 9, 13, 52]","[74, 44, 73, 58, 3, 54, 66, 75, 47, 8, 9, 13, 52]"
causal-gen-076,76,direct_choice,177,6,3,easy_answer_position,2,Qwen/Qwen3-4B-Instruct-2507,cdbee75f17c01a7cc42f958dc650907174af0554,system-role,83,13,23.125,30.25,-24.75,23.125,0.0,True,True,"[23, 24, 25, 26, 27, 28, 29, 30, 38, 39, 40, 41, 42]",[82],"[74, 44, 73, 58, 3, 54, 66, 75, 47, 8, 9, 13, 52]"
causal-gen-076,76,direct_choice,177,6,3,donor_number_tokens,2,Qwen/Qwen3-4B-Instruct-2507,cdbee75f17c01a7cc42f958dc650907174af0554,system-role,83,13,23.125,30.25,-24.75,-24.375,-47.5,True,False,"[23, 24, 25, 26, 27, 28, 29, 30, 38, 39, 40, 41, 42]","[23, 24, 25, 26, 27, 28, 29, 30, 38, 39, 40, 41, 42]","[74, 44, 73, 58, 3, 54, 66, 75, 47, 8, 9, 13, 52]"
causal-gen-076,76,direct_choice,177,6,3,donor_random_positions,2,Qwen/Qwen3-4B-Instruct-2507,cdbee75f17c01a7cc42f958dc650907174af0554,system-role,83,13,23.125,30.25,-24.75,23.0,-0.125,True,True,"[23, 24, 25, 26, 27, 28, 29, 30, 38, 39, 40, 41, 42]","[74, 44, 73, 58, 3, 54, 66, 75, 47, 8, 9, 13, 52]","[74, 44, 73, 58, 3, 54, 66, 75, 47, 8, 9, 13, 52]"
causal-gen-076,76,direct_choice,177,6,3,donor_answer_position,2,Qwen/Qwen3-4B-Instruct-2507,cdbee75f17c01a7cc42f958dc650907174af0554,system-role,83,13,23.125,30.25,-24.75,22.875,-0.25,True,True,"[23, 24, 25, 26, 27, 28, 29, 30, 38, 39, 40, 41, 42]",[82],"[74, 44, 73, 58, 3, 54, 66, 75, 47, 8, 9, 13, 52]"
causal-gen-077,77,direct_choice,178,7,3,easy_number_tokens,2,Qwen/Qwen3-4B-Instruct-2507,cdbee75f17c01a7cc42f958dc650907174af0554,system-role,83,13,22.0,30.125,-29.125,23.25,1.25,True,True,"[23, 24, 25, 26, 27, 28, 29, 30, 38, 39, 40, 41, 42]","[35, 36, 37, 38, 39, 40, 41, 42, 23, 24, 25, 26, 27]","[17, 15, 11, 47, 55, 5, 79, 1, 37, 16, 67, 45, 46]"
causal-gen-077,77,direct_choice,178,7,3,easy_random_positions,2,Qwen/Qwen3-4B-Instruct-2507,cdbee75f17c01a7cc42f958dc650907174af0554,system-role,83,13,22.0,30.125,-29.125,9.25,-12.75,True,True,"[23, 24, 25, 26, 27, 28, 29, 30, 38, 39, 40, 41, 42]","[17, 15, 11, 47, 55, 5, 79, 1, 37, 16, 67, 45, 46]","[17, 15, 11, 47, 55, 5, 79, 1, 37, 16, 67, 45, 46]"
causal-gen-077,77,direct_choice,178,7,3,easy_answer_position,2,Qwen/Qwen3-4B-Instruct-2507,cdbee75f17c01a7cc42f958dc650907174af0554,system-role,83,13,22.0,30.125,-29.125,22.0,0.0,True,True,"[23, 24, 25, 26, 27, 28, 29, 30, 38, 39, 40, 41, 42]",[82],"[17, 15, 11, 47, 55, 5, 79, 1, 37, 16, 67, 45, 46]"
causal-gen-077,77,direct_choice,178,7,3,donor_number_tokens,2,Qwen/Qwen3-4B-Instruct-2507,cdbee75f17c01a7cc42f958dc650907174af0554,system-role,83,13,22.0,30.125,-29.125,-29.375,-51.375,True,False,"[23, 24, 25, 26, 27, 28, 29, 30, 38, 39, 40, 41, 42]","[23, 24, 25, 26, 27, 28, 29, 30, 38, 39, 40, 41, 42]","[17, 15, 11, 47, 55, 5, 79, 1, 37, 16, 67, 45, 46]"
causal-gen-077,77,direct_choice,178,7,3,donor_random_positions,2,Qwen/Qwen3-4B-Instruct-2507,cdbee75f17c01a7cc42f958dc650907174af0554,system-role,83,13,22.0,30.125,-29.125,22.125,0.125,True,True,"[23, 24, 25, 26, 27, 28, 29, 30, 38, 39, 40, 41, 42]","[17, 15, 11, 47, 55, 5, 79, 1, 37, 16, 67, 45, 46]","[17, 15, 11, 47, 55, 5, 79, 1, 37, 16, 67, 45, 46]"
causal-gen-077,77,direct_choice,178,7,3,donor_answer_position,2,Qwen/Qwen3-4B-Instruct-2507,cdbee75f17c01a7cc42f958dc650907174af0554,system-role,83,13,22.0,30.125,-29.125,22.0,0.0,True,True,"[23, 24, 25, 26, 27, 28, 29, 30, 38, 39, 40, 41, 42]",[82],"[17, 15, 11, 47, 55, 5, 79, 1, 37, 16, 67, 45, 46]"
causal-gen-078,78,direct_choice,179,8,3,easy_number_tokens,2,Qwen/Qwen3-4B-Instruct-2507,cdbee75f17c01a7cc42f958dc650907174af0554,system-role,83,13,20.375,30.125,-30.375,23.125,2.75,True,True,"[23, 24, 25, 26, 27, 28, 29, 30, 38, 39, 40, 41, 42]","[35, 36, 37, 38, 39, 40, 41, 42, 23, 24, 25, 26, 27]","[44, 78, 16, 3, 56, 32, 15, 60, 33, 5, 76, 2, 18]"
causal-gen-078,78,direct_choice,179,8,3,easy_random_positions,2,Qwen/Qwen3-4B-Instruct-2507,cdbee75f17c01a7cc42f958dc650907174af0554,system-role,83,13,20.375,30.125,-30.375,22.0,1.625,True,True,"[23, 24, 25, 26, 27, 28, 29, 30, 38, 39, 40, 41, 42]","[44, 78, 16, 3, 56, 32, 15, 60, 33, 5, 76, 2, 18]","[44, 78, 16, 3, 56, 32, 15, 60, 33, 5, 76, 2, 18]"
causal-gen-078,78,direct_choice,179,8,3,easy_answer_position,2,Qwen/Qwen3-4B-Instruct-2507,cdbee75f17c01a7cc42f958dc650907174af0554,system-role,83,13,20.375,30.125,-30.375,20.375,0.0,True,True,"[23, 24, 25, 26, 27, 28, 29, 30, 38, 39, 40, 41, 42]",[82],"[44, 78, 16, 3, 56, 32, 15, 60, 33, 5, 76, 2, 18]"
causal-gen-078,78,direct_choice,179,8,3,donor_number_tokens,2,Qwen/Qwen3-4B-Instruct-2507,cdbee75f17c01a7cc42f958dc650907174af0554,system-role,83,13,20.375,30.125,-30.375,-30.375,-50.75,True,False,"[23, 24, 25, 26, 27, 28, 29, 30, 38, 39, 40, 41, 42]","[23, 24, 25, 26, 27, 28, 29, 30, 38, 39, 40, 41, 42]","[44, 78, 16, 3, 56, 32, 15, 60, 33, 5, 76, 2, 18]"
causal-gen-078,78,direct_choice,179,8,3,donor_random_positions,2,Qwen/Qwen3-4B-Instruct-2507,cdbee75f17c01a7cc42f958dc650907174af0554,system-role,83,13,20.375,30.125,-30.375,20.0,-0.375,True,True,"[23, 24, 25, 26, 27, 28, 29, 30, 38, 39, 40, 41, 42]","[44, 78, 16, 3, 56, 32, 15, 60, 33, 5, 76, 2, 18]","[44, 78, 16, 3, 56, 32, 15, 60, 33, 5, 76, 2, 18]"
causal-gen-078,78,direct_choice,179,8,3,donor_answer_position,2,Qwen/Qwen3-4B-Instruct-2507,cdbee75f17c01a7cc42f958dc650907174af0554,system-role,83,13,20.375,30.125,-30.375,20.375,0.0,True,True,"[23, 24, 25, 26, 27, 28, 29, 30, 38, 39, 40, 41, 42]",[82],"[44, 78, 16, 3, 56, 32, 15, 60, 33, 5, 76, 2, 18]"
causal-gen-079,79,direct_choice,180,9,3,easy_number_tokens,2,Qwen/Qwen3-4B-Instruct-2507,cdbee75f17c01a7cc42f958dc650907174af0554,system-role,83,13,15.25,30.0,-30.5,19.125,3.875,True,True,"[23, 24, 25, 26, 27, 28, 29, 30, 38, 39, 40, 41, 42]","[35, 36, 37, 38, 39, 40, 41, 42, 23, 24, 25, 26, 27]","[31, 54, 20, 3, 65, 14, 16, 52, 77, 4, 13, 78, 69]"
causal-gen-079,79,direct_choice,180,9,3,easy_random_positions,2,Qwen/Qwen3-4B-Instruct-2507,cdbee75f17c01a7cc42f958dc650907174af0554,system-role,83,13,15.25,30.0,-30.5,19.875,4.625,True,True,"[23, 24, 25, 26, 27, 28, 29, 30, 38, 39, 40, 41, 42]","[31, 54, 20, 3, 65, 14, 16, 52, 77, 4, 13, 78, 69]","[31, 54, 20, 3, 65, 14, 16, 52, 77, 4, 13, 78, 69]"
causal-gen-079,79,direct_choice,180,9,3,easy_answer_position,2,Qwen/Qwen3-4B-Instruct-2507,cdbee75f17c01a7cc42f958dc650907174af0554,system-role,83,13,15.25,30.0,-30.5,15.25,0.0,True,True,"[23, 24, 25, 26, 27, 28, 29, 30, 38, 39, 40, 41, 42]",[82],"[31, 54, 20, 3, 65, 14, 16, 52, 77, 4, 13, 78, 69]"
causal-gen-079,79,direct_choice,180,9,3,donor_number_tokens,2,Qwen/Qwen3-4B-Instruct-2507,cdbee75f17c01a7cc42f958dc650907174af0554,system-role,83,13,15.25,30.0,-30.5,-30.625,-45.875,True,False,"[23, 24, 25, 26, 27, 28, 29, 30, 38, 39, 40, 41, 42]","[23, 24, 25, 26, 27, 28, 29, 30, 38, 39, 40, 41, 42]","[31, 54, 20, 3, 65, 14, 16, 52, 77, 4, 13, 78, 69]"
causal-gen-079,79,direct_choice,180,9,3,donor_random_positions,2,Qwen/Qwen3-4B-Instruct-2507,cdbee75f17c01a7cc42f958dc650907174af0554,system-role,83,13,15.25,30.0,-30.5,14.75,-0.5,True,True,"[23, 24, 25, 26, 27, 28, 29, 30, 38, 39, 40, 41, 42]","[31, 54, 20, 3, 65, 14, 16, 52, 77, 4, 13, 78, 69]","[31, 54, 20, 3, 65, 14, 16, 52, 77, 4, 13, 78, 69]"
causal-gen-079,79,direct_choice,180,9,3,donor_answer_position,2,Qwen/Qwen3-4B-Instruct-2507,cdbee75f17c01a7cc42f958dc650907174af0554,system-role,83,13,15.25,30.0,-30.5,15.25,0.0,True,True,"[23, 24, 25, 26, 27, 28, 29, 30, 38, 39, 40, 41, 42]",[82],"[31, 54, 20, 3, 65, 14, 16, 52, 77, 4, 13, 78, 69]"
causal-gen-080,80,direct_choice,181,0,4,easy_number_tokens,2,Qwen/Qwen3-4B-Instruct-2507,cdbee75f17c01a7cc42f958dc650907174af0554,system-role,84,14,24.625,31.125,-24.75,25.75,1.125,True,True,"[23, 24, 25, 26, 27, 28, 29, 30, 31, 39, 40, 41, 42, 43]","[35, 36, 37, 38, 39, 40, 41, 42, 43, 23, 24, 25, 26, 27]","[46, 54, 50, 18, 16, 44, 5, 19, 80, 20, 48, 60, 2, 34]"
causal-gen-080,80,direct_choice,181,0,4,easy_random_positions,2,Qwen/Qwen3-4B-Instruct-2507,cdbee75f17c01a7cc42f958dc650907174af0554,system-role,84,14,24.625,31.125,-24.75,24.875,0.25,True,True,"[23, 24, 25, 26, 27, 28, 29, 30, 31, 39, 40, 41, 42, 43]","[46, 54, 50, 18, 16, 44, 5, 19, 80, 20, 48, 60, 2, 34]","[46, 54, 50, 18, 16, 44, 5, 19, 80, 20, 48, 60, 2, 34]"
causal-gen-080,80,direct_choice,181,0,4,easy_answer_position,2,Qwen/Qwen3-4B-Instruct-2507,cdbee75f17c01a7cc42f958dc650907174af0554,system-role,84,14,24.625,31.125,-24.75,24.5,-0.125,True,True,"[23, 24, 25, 26, 27, 28, 29, 30, 31, 39, 40, 41, 42, 43]",[83],"[46, 54, 50, 18, 16, 44, 5, 19, 80, 20, 48, 60, 2, 34]"
causal-gen-080,80,direct_choice,181,0,4,donor_number_tokens,2,Qwen/Qwen3-4B-Instruct-2507,cdbee75f17c01a7cc42f958dc650907174af0554,system-role,84,14,24.625,31.125,-24.75,-24.75,-49.375,True,False,"[23, 24, 25, 26, 27, 28, 29, 30, 31, 39, 40, 41, 42, 43]","[23, 24, 25, 26, 27, 28, 29, 30, 31, 39, 40, 41, 42, 43]","[46, 54, 50, 18, 16, 44, 5, 19, 80, 20, 48, 60, 2, 34]"
causal-gen-080,80,direct_choice,181,0,4,donor_random_positions,2,Qwen/Qwen3-4B-Instruct-2507,cdbee75f17c01a7cc42f958dc650907174af0554,system-role,84,14,24.625,31.125,-24.75,24.75,0.125,True,True,"[23, 24, 25, 26, 27, 28, 29, 30, 31, 39, 40, 41, 42, 43]","[46, 54, 50, 18, 16, 44, 5, 19, 80, 20, 48, 60, 2, 34]","[46, 54, 50, 18, 16, 44, 5, 19, 80, 20, 48, 60, 2, 34]"
causal-gen-080,80,direct_choice,181,0,4,donor_answer_position,2,Qwen/Qwen3-4B-Instruct-2507,cdbee75f17c01a7cc42f958dc650907174af0554,system-role,84,14,24.625,31.125,-24.75,24.625,0.0,True,True,"[23, 24, 25, 26, 27, 28, 29, 30, 31, 39, 40, 41, 42, 43]",[83],"[46, 54, 50, 18, 16, 44, 5, 19, 80, 20, 48, 60, 2, 34]"
causal-gen-081,81,direct_choice,182,1,4,easy_number_tokens,2,Qwen/Qwen3-4B-Instruct-2507,cdbee75f17c01a7cc42f958dc650907174af0554,system-role,84,14,9.75,30.0,-24.0,20.5,10.75,True,True,"[23, 24, 25, 26, 27, 28, 29, 30, 31, 39, 40, 41, 42, 43]","[35, 36, 37, 38, 39, 40, 41, 42, 43, 23, 24, 25, 26, 27]","[63, 68, 14, 64, 72, 38, 45, 55, 12, 15, 5, 74, 82, 37]"
causal-gen-081,81,direct_choice,182,1,4,easy_random_positions,2,Qwen/Qwen3-4B-Instruct-2507,cdbee75f17c01a7cc42f958dc650907174af0554,system-role,84,14,9.75,30.0,-24.0,-0.25,-10.0,True,False,"[23, 24, 25, 26, 27, 28, 29, 30, 31, 39, 40, 41, 42, 43]","[63, 68, 14, 64, 72, 38, 45, 55, 12, 15, 5, 74, 82, 37]","[63, 68, 14, 64, 72, 38, 45, 55, 12, 15, 5, 74, 82, 37]"
causal-gen-081,81,direct_choice,182,1,4,easy_answer_position,2,Qwen/Qwen3-4B-Instruct-2507,cdbee75f17c01a7cc42f958dc650907174af0554,system-role,84,14,9.75,30.0,-24.0,10.0,0.25,True,True,"[23, 24, 25, 26, 27, 28, 29, 30, 31, 39, 40, 41, 42, 43]",[83],"[63, 68, 14, 64, 72, 38, 45, 55, 12, 15, 5, 74, 82, 37]"
causal-gen-081,81,direct_choice,182,1,4,donor_number_tokens,2,Qwen/Qwen3-4B-Instruct-2507,cdbee75f17c01a7cc42f958dc650907174af0554,system-role,84,14,9.75,30.0,-24.0,-24.0,-33.75,True,False,"[23, 24, 25, 26, 27, 28, 29, 30, 31, 39, 40, 41, 42, 43]","[23, 24, 25, 26, 27, 28, 29, 30, 31, 39, 40, 41, 42, 43]","[63, 68, 14, 64, 72, 38, 45, 55, 12, 15, 5, 74, 82, 37]"
causal-gen-081,81,direct_choice,182,1,4,donor_random_positions,2,Qwen/Qwen3-4B-Instruct-2507,cdbee75f17c01a7cc42f958dc650907174af0554,system-role,84,14,9.75,30.0,-24.0,9.5,-0.25,True,True,"[23, 24, 25, 26, 27, 28, 29, 30, 31, 39, 40, 41, 42, 43]","[63, 68, 14, 64, 72, 38, 45, 55, 12, 15, 5, 74, 82, 37]","[63, 68, 14, 64, 72, 38, 45, 55, 12, 15, 5, 74, 82, 37]"
causal-gen-081,81,direct_choice,182,1,4,donor_answer_position,2,Qwen/Qwen3-4B-Instruct-2507,cdbee75f17c01a7cc42f958dc650907174af0554,system-role,84,14,9.75,30.0,-24.0,9.25,-0.5,True,True,"[23, 24, 25, 26, 27, 28, 29, 30, 31, 39, 40, 41, 42, 43]",[83],"[63, 68, 14, 64, 72, 38, 45, 55, 12, 15, 5, 74, 82, 37]"
causal-gen-082,82,direct_choice,183,2,4,easy_number_tokens,2,Qwen/Qwen3-4B-Instruct-2507,cdbee75f17c01a7cc42f958dc650907174af0554,system-role,84,14,21.75,30.625,-24.0,23.625,1.875,True,True,"[23, 24, 25, 26, 27, 28, 29, 30, 31, 39, 40, 41, 42, 43]","[35, 36, 37, 38, 39, 40, 41, 42, 43, 23, 24, 25, 26, 27]","[55, 17, 18, 56, 76, 80, 33, 32, 48, 9, 12, 63, 19, 13]"
causal-gen-082,82,direct_choice,183,2,4,easy_random_positions,2,Qwen/Qwen3-4B-Instruct-2507,cdbee75f17c01a7cc42f958dc650907174af0554,system-role,84,14,21.75,30.625,-24.0,24.875,3.125,True,True,"[23, 24, 25, 26, 27, 28, 29, 30, 31, 39, 40, 41, 42, 43]","[55, 17, 18, 56, 76, 80, 33, 32, 48, 9, 12, 63, 19, 13]","[55, 17, 18, 56, 76, 80, 33, 32, 48, 9, 12, 63, 19, 13]"
causal-gen-082,82,direct_choice,183,2,4,easy_answer_position,2,Qwen/Qwen3-4B-Instruct-2507,cdbee75f17c01a7cc42f958dc650907174af0554,system-role,84,14,21.75,30.625,-24.0,21.625,-0.125,True,True,"[23, 24, 25, 26, 27, 28, 29, 30, 31, 39, 40, 41, 42, 43]",[83],"[55, 17, 18, 56, 76, 80, 33, 32, 48, 9, 12, 63, 19, 13]"
causal-gen-082,82,direct_choice,183,2,4,donor_number_tokens,2,Qwen/Qwen3-4B-Instruct-2507,cdbee75f17c01a7cc42f958dc650907174af0554,system-role,84,14,21.75,30.625,-24.0,-23.875,-45.625,True,False,"[23, 24, 25, 26, 27, 28, 29, 30, 31, 39, 40, 41, 42, 43]","[23, 24, 25, 26, 27, 28, 29, 30, 31, 39, 40, 41, 42, 43]","[55, 17, 18, 56, 76, 80, 33, 32, 48, 9, 12, 63, 19, 13]"
causal-gen-082,82,direct_choice,183,2,4,donor_random_positions,2,Qwen/Qwen3-4B-Instruct-2507,cdbee75f17c01a7cc42f958dc650907174af0554,system-role,84,14,21.75,30.625,-24.0,22.0,0.25,True,True,"[23, 24, 25, 26, 27, 28, 29, 30, 31, 39, 40, 41, 42, 43]","[55, 17, 18, 56, 76, 80, 33, 32, 48, 9, 12, 63, 19, 13]","[55, 17, 18, 56, 76, 80, 33, 32, 48, 9, 12, 63, 19, 13]"
causal-gen-082,82,direct_choice,183,2,4,donor_answer_position,2,Qwen/Qwen3-4B-Instruct-2507,cdbee75f17c01a7cc42f958dc650907174af0554,system-role,84,14,21.75,30.625,-24.0,22.0,0.25,True,True,"[23, 24, 25, 26, 27, 28, 29, 30, 31, 39, 40, 41, 42, 43]",[83],"[55, 17, 18, 56, 76, 80, 33, 32, 48, 9, 12, 63, 19, 13]"
causal-gen-083,83,direct_choice,184,3,4,easy_number_tokens,2,Qwen/Qwen3-4B-Instruct-2507,cdbee75f17c01a7cc42f958dc650907174af0554,system-role,84,14,19.625,30.25,-24.25,20.5,0.875,True,True,"[23, 24, 25, 26, 27, 28, 29, 30, 31, 39, 40, 41, 42, 43]","[35, 36, 37, 38, 39, 40, 41, 42, 43, 23, 24, 25, 26, 27]","[21, 74, 37, 16, 18, 54, 62, 15, 64, 33, 78, 58, 79, 5]"
causal-gen-083,83,direct_choice,184,3,4,easy_random_positions,2,Qwen/Qwen3-4B-Instruct-2507,cdbee75f17c01a7cc42f958dc650907174af0554,system-role,84,14,19.625,30.25,-24.25,18.75,-0.875,True,True,"[23, 24, 25, 26, 27, 28, 29, 30, 31, 39, 40, 41, 42, 43]","[21, 74, 37, 16, 18, 54, 62, 15, 64, 33, 78, 58, 79, 5]","[21, 74, 37, 16, 18, 54, 62, 15, 64, 33, 78, 58, 79, 5]"
causal-gen-083,83,direct_choice,184,3,4,easy_answer_position,2,Qwen/Qwen3-4B-Instruct-2507,cdbee75f17c01a7cc42f958dc650907174af0554,system-role,84,14,19.625,30.25,-24.25,19.625,0.0,True,True,"[23, 24, 25, 26, 27, 28, 29, 30, 31, 39, 40, 41, 42, 43]",[83],"[21, 74, 37, 16, 18, 54, 62, 15, 64, 33, 78, 58, 79, 5]"
causal-gen-083,83,direct_choice,184,3,4,donor_number_tokens,2,Qwen/Qwen3-4B-Instruct-2507,cdbee75f17c01a7cc42f958dc650907174af0554,system-role,84,14,19.625,30.25,-24.25,-24.5,-44.125,True,False,"[23, 24, 25, 26, 27, 28, 29, 30, 31, 39, 40, 41, 42, 43]","[23, 24, 25, 26, 27, 28, 29, 30, 31, 39, 40, 41, 42, 43]","[21, 74, 37, 16, 18, 54, 62, 15, 64, 33, 78, 58, 79, 5]"
causal-gen-083,83,direct_choice,184,3,4,donor_random_positions,2,Qwen/Qwen3-4B-Instruct-2507,cdbee75f17c01a7cc42f958dc650907174af0554,system-role,84,14,19.625,30.25,-24.25,19.75,0.125,True,True,"[23, 24, 25, 26, 27, 28, 29, 30, 31, 39, 40, 41, 42, 43]","[21, 74, 37, 16, 18, 54, 62, 15, 64, 33, 78, 58, 79, 5]","[21, 74, 37, 16, 18, 54, 62, 15, 64, 33, 78, 58, 79, 5]"
causal-gen-083,83,direct_choice,184,3,4,donor_answer_position,2,Qwen/Qwen3-4B-Instruct-2507,cdbee75f17c01a7cc42f958dc650907174af0554,system-role,84,14,19.625,30.25,-24.25,19.625,0.0,True,True,"[23, 24, 25, 26, 27, 28, 29, 30, 31, 39, 40, 41, 42, 43]",[83],"[21, 74, 37, 16, 18, 54, 62, 15, 64, 33, 78, 58, 79, 5]"
causal-gen-084,84,direct_choice,185,4,4,easy_number_tokens,2,Qwen/Qwen3-4B-Instruct-2507,cdbee75f17c01a7cc42f958dc650907174af0554,system-role,84,14,21.5,30.375,-24.5,23.25,1.75,True,True,"[23, 24, 25, 26, 27, 28, 29, 30, 31, 39, 40, 41, 42, 43]","[35, 36, 37, 38, 39, 40, 41, 42, 43, 23, 24, 25, 26, 27]","[80, 61, 76, 64, 4, 22, 17, 62, 51, 34, 57, 38, 7, 71]"
causal-gen-084,84,direct_choice,185,4,4,easy_random_positions,2,Qwen/Qwen3-4B-Instruct-2507,cdbee75f17c01a7cc42f958dc650907174af0554,system-role,84,14,21.5,30.375,-24.5,18.0,-3.5,True,True,"[23, 24, 25, 26, 27, 28, 29, 30, 31, 39, 40, 41, 42, 43]","[80, 61, 76, 64, 4, 22, 17, 62, 51, 34, 57, 38, 7, 71]","[80, 61, 76, 64, 4, 22, 17, 62, 51, 34, 57, 38, 7, 71]"
causal-gen-084,84,direct_choice,185,4,4,easy_answer_position,2,Qwen/Qwen3-4B-Instruct-2507,cdbee75f17c01a7cc42f958dc650907174af0554,system-role,84,14,21.5,30.375,-24.5,21.5,0.0,True,True,"[23, 24, 25, 26, 27, 28, 29, 30, 31, 39, 40, 41, 42, 43]",[83],"[80, 61, 76, 64, 4, 22, 17, 62, 51, 34, 57, 38, 7, 71]"
causal-gen-084,84,direct_choice,185,4,4,donor_number_tokens,2,Qwen/Qwen3-4B-Instruct-2507,cdbee75f17c01a7cc42f958dc650907174af0554,system-role,84,14,21.5,30.375,-24.5,-24.5,-46.0,True,False,"[23, 24, 25, 26, 27, 28, 29, 30, 31, 39, 40, 41, 42, 43]","[23, 24, 25, 26, 27, 28, 29, 30, 31, 39, 40, 41, 42, 43]","[80, 61, 76, 64, 4, 22, 17, 62, 51, 34, 57, 38, 7, 71]"
causal-gen-084,84,direct_choice,185,4,4,donor_random_positions,2,Qwen/Qwen3-4B-Instruct-2507,cdbee75f17c01a7cc42f958dc650907174af0554,system-role,84,14,21.5,30.375,-24.5,21.5,0.0,True,True,"[23, 24, 25, 26, 27, 28, 29, 30, 31, 39, 40, 41, 42, 43]","[80, 61, 76, 64, 4, 22, 17, 62, 51, 34, 57, 38, 7, 71]","[80, 61, 76, 64, 4, 22, 17, 62, 51, 34, 57, 38, 7, 71]"
causal-gen-084,84,direct_choice,185,4,4,donor_answer_position,2,Qwen/Qwen3-4B-Instruct-2507,cdbee75f17c01a7cc42f958dc650907174af0554,system-role,84,14,21.5,30.375,-24.5,21.25,-0.25,True,True,"[23, 24, 25, 26, 27, 28, 29, 30, 31, 39, 40, 41, 42, 43]",[83],"[80, 61, 76, 64, 4, 22, 17, 62, 51, 34, 57, 38, 7, 71]"
causal-gen-085,85,direct_choice,186,5,4,easy_number_tokens,2,Qwen/Qwen3-4B-Instruct-2507,cdbee75f17c01a7cc42f958dc650907174af0554,system-role,84,14,25.5,30.5,-24.75,24.75,-0.75,True,True,"[23, 24, 25, 26, 27, 28, 29, 30, 31, 39, 40, 41, 42, 43]","[35, 36, 37, 38, 39, 40, 41, 42, 43, 23, 24, 25, 26, 27]","[71, 3, 61, 14, 72, 18, 13, 63, 70, 65, 44, 21, 78, 20]"
causal-gen-085,85,direct_choice,186,5,4,easy_random_positions,2,Qwen/Qwen3-4B-Instruct-2507,cdbee75f17c01a7cc42f958dc650907174af0554,system-role,84,14,25.5,30.5,-24.75,25.25,-0.25,True,True,"[23, 24, 25, 26, 27, 28, 29, 30, 31, 39, 40, 41, 42, 43]","[71, 3, 61, 14, 72, 18, 13, 63, 70, 65, 44, 21, 78, 20]","[71, 3, 61, 14, 72, 18, 13, 63, 70, 65, 44, 21, 78, 20]"
causal-gen-085,85,direct_choice,186,5,4,easy_answer_position,2,Qwen/Qwen3-4B-Instruct-2507,cdbee75f17c01a7cc42f958dc650907174af0554,system-role,84,14,25.5,30.5,-24.75,25.625,0.125,True,True,"[23, 24, 25, 26, 27, 28, 29, 30, 31, 39, 40, 41, 42, 43]",[83],"[71, 3, 61, 14, 72, 18, 13, 63, 70, 65, 44, 21, 78, 20]"
causal-gen-085,85,direct_choice,186,5,4,donor_number_tokens,2,Qwen/Qwen3-4B-Instruct-2507,cdbee75f17c01a7cc42f958dc650907174af0554,system-role,84,14,25.5,30.5,-24.75,-24.5,-50.0,True,False,"[23, 24, 25, 26, 27, 28, 29, 30, 31, 39, 40, 41, 42, 43]","[23, 24, 25, 26, 27, 28, 29, 30, 31, 39, 40, 41, 42, 43]","[71, 3, 61, 14, 72, 18, 13, 63, 70, 65, 44, 21, 78, 20]"
causal-gen-085,85,direct_choice,186,5,4,donor_random_positions,2,Qwen/Qwen3-4B-Instruct-2507,cdbee75f17c01a7cc42f958dc650907174af0554,system-role,84,14,25.5,30.5,-24.75,25.375,-0.125,True,True,"[23, 24, 25, 26, 27, 28, 29, 30, 31, 39, 40, 41, 42, 43]","[71, 3, 61, 14, 72, 18, 13, 63, 70, 65, 44, 21, 78, 20]","[71, 3, 61, 14, 72, 18, 13, 63, 70, 65, 44, 21, 78, 20]"
causal-gen-085,85,direct_choice,186,5,4,donor_answer_position,2,Qwen/Qwen3-4B-Instruct-2507,cdbee75f17c01a7cc42f958dc650907174af0554,system-role,84,14,25.5,30.5,-24.75,25.375,-0.125,True,True,"[23, 24, 25, 26, 27, 28, 29, 30, 31, 39, 40, 41, 42, 43]",[83],"[71, 3, 61, 14, 72, 18, 13, 63, 70, 65, 44, 21, 78, 20]"
causal-gen-086,86,direct_choice,187,6,4,easy_number_tokens,2,Qwen/Qwen3-4B-Instruct-2507,cdbee75f17c01a7cc42f958dc650907174af0554,system-role,84,14,23.125,30.25,-24.375,23.0,-0.125,True,True,"[23, 24, 25, 26, 27, 28, 29, 30, 31, 39, 40, 41, 42, 43]","[35, 36, 37, 38, 39, 40, 41, 42, 43, 23, 24, 25, 26, 27]","[53, 11, 38, 32, 36, 20, 2, 13, 33, 65, 50, 81, 79, 62]"
causal-gen-086,86,direct_choice,187,6,4,easy_random_positions,2,Qwen/Qwen3-4B-Instruct-2507,cdbee75f17c01a7cc42f958dc650907174af0554,system-role,84,14,23.125,30.25,-24.375,-20.5,-43.625,True,False,"[23, 24, 25, 26, 27, 28, 29, 30, 31, 39, 40, 41, 42, 43]","[53, 11, 38, 32, 36, 20, 2, 13, 33, 65, 50, 81, 79, 62]","[53, 11, 38, 32, 36, 20, 2, 13, 33, 65, 50, 81, 79, 62]"
causal-gen-086,86,direct_choice,187,6,4,easy_answer_position,2,Qwen/Qwen3-4B-Instruct-2507,cdbee75f17c01a7cc42f958dc650907174af0554,system-role,84,14,23.125,30.25,-24.375,23.125,0.0,True,True,"[23, 24, 25, 26, 27, 28, 29, 30, 31, 39, 40, 41, 42, 43]",[83],"[53, 11, 38, 32, 36, 20, 2, 13, 33, 65, 50, 81, 79, 62]"
causal-gen-086,86,direct_choice,187,6,4,donor_number_tokens,2,Qwen/Qwen3-4B-Instruct-2507,cdbee75f17c01a7cc42f958dc650907174af0554,system-role,84,14,23.125,30.25,-24.375,-24.0,-47.125,True,False,"[23, 24, 25, 26, 27, 28, 29, 30, 31, 39, 40, 41, 42, 43]","[23, 24, 25, 26, 27, 28, 29, 30, 31, 39, 40, 41, 42, 43]","[53, 11, 38, 32, 36, 20, 2, 13, 33, 65, 50, 81, 79, 62]"
causal-gen-086,86,direct_choice,187,6,4,donor_random_positions,2,Qwen/Qwen3-4B-Instruct-2507,cdbee75f17c01a7cc42f958dc650907174af0554,system-role,84,14,23.125,30.25,-24.375,23.25,0.125,True,True,"[23, 24, 25, 26, 27, 28, 29, 30, 31, 39, 40, 41, 42, 43]","[53, 11, 38, 32, 36, 20, 2, 13, 33, 65, 50, 81, 79, 62]","[53, 11, 38, 32, 36, 20, 2, 13, 33, 65, 50, 81, 79, 62]"
causal-gen-086,86,direct_choice,187,6,4,donor_answer_position,2,Qwen/Qwen3-4B-Instruct-2507,cdbee75f17c01a7cc42f958dc650907174af0554,system-role,84,14,23.125,30.25,-24.375,23.125,0.0,True,True,"[23, 24, 25, 26, 27, 28, 29, 30, 31, 39, 40, 41, 42, 43]",[83],"[53, 11, 38, 32, 36, 20, 2, 13, 33, 65, 50, 81, 79, 62]"
causal-gen-087,87,direct_choice,188,7,4,easy_number_tokens,2,Qwen/Qwen3-4B-Instruct-2507,cdbee75f17c01a7cc42f958dc650907174af0554,system-role,84,14,19.875,30.125,-29.375,21.5,1.625,True,True,"[23, 24, 25, 26, 27, 28, 29, 30, 31, 39, 40, 41, 42, 43]","[35, 36, 37, 38, 39, 40, 41, 42, 43, 23, 24, 25, 26, 27]","[14, 37, 13, 73, 21, 81, 80, 64, 35, 54, 79, 61, 56, 55]"
causal-gen-087,87,direct_choice,188,7,4,easy_random_positions,2,Qwen/Qwen3-4B-Instruct-2507,cdbee75f17c01a7cc42f958dc650907174af0554,system-role,84,14,19.875,30.125,-29.375,21.75,1.875,True,True,"[23, 24, 25, 26, 27, 28, 29, 30, 31, 39, 40, 41, 42, 43]","[14, 37, 13, 73, 21, 81, 80, 64, 35, 54, 79, 61, 56, 55]","[14, 37, 13, 73, 21, 81, 80, 64, 35, 54, 79, 61, 56, 55]"
causal-gen-087,87,direct_choice,188,7,4,easy_answer_position,2,Qwen/Qwen3-4B-Instruct-2507,cdbee75f17c01a7cc42f958dc650907174af0554,system-role,84,14,19.875,30.125,-29.375,19.75,-0.125,True,True,"[23, 24, 25, 26, 27, 28, 29, 30, 31, 39, 40, 41, 42, 43]",[83],"[14, 37, 13, 73, 21, 81, 80, 64, 35, 54, 79, 61, 56, 55]"
causal-gen-087,87,direct_choice,188,7,4,donor_number_tokens,2,Qwen/Qwen3-4B-Instruct-2507,cdbee75f17c01a7cc42f958dc650907174af0554,system-role,84,14,19.875,30.125,-29.375,-29.75,-49.625,True,False,"[23, 24, 25, 26, 27, 28, 29, 30, 31, 39, 40, 41, 42, 43]","[23, 24, 25, 26, 27, 28, 29, 30, 31, 39, 40, 41, 42, 43]","[14, 37, 13, 73, 21, 81, 80, 64, 35, 54, 79, 61, 56, 55]"
causal-gen-087,87,direct_choice,188,7,4,donor_random_positions,2,Qwen/Qwen3-4B-Instruct-2507,cdbee75f17c01a7cc42f958dc650907174af0554,system-role,84,14,19.875,30.125,-29.375,20.0,0.125,True,True,"[23, 24, 25, 26, 27, 28, 29, 30, 31, 39, 40, 41, 42, 43]","[14, 37, 13, 73, 21, 81, 80, 64, 35, 54, 79, 61, 56, 55]","[14, 37, 13, 73, 21, 81, 80, 64, 35, 54, 79, 61, 56, 55]"
causal-gen-087,87,direct_choice,188,7,4,donor_answer_position,2,Qwen/Qwen3-4B-Instruct-2507,cdbee75f17c01a7cc42f958dc650907174af0554,system-role,84,14,19.875,30.125,-29.375,20.0,0.125,True,True,"[23, 24, 25, 26, 27, 28, 29, 30, 31, 39, 40, 41, 42, 43]",[83],"[14, 37, 13, 73, 21, 81, 80, 64, 35, 54, 79, 61, 56, 55]"
causal-gen-088,88,direct_choice,189,8,4,easy_number_tokens,2,Qwen/Qwen3-4B-Instruct-2507,cdbee75f17c01a7cc42f958dc650907174af0554,system-role,84,14,18.125,30.25,-30.625,22.5,4.375,True,True,"[23, 24, 25, 26, 27, 28, 29, 30, 31, 39, 40, 41, 42, 43]","[35, 36, 37, 38, 39, 40, 41, 42, 43, 23, 24, 25, 26, 27]","[50, 45, 75, 63, 14, 52, 80, 74, 18, 49, 72, 66, 81, 20]"
causal-gen-088,88,direct_choice,189,8,4,easy_random_positions,2,Qwen/Qwen3-4B-Instruct-2507,cdbee75f17c01a7cc42f958dc650907174af0554,system-role,84,14,18.125,30.25,-30.625,18.375,0.25,True,True,"[23, 24, 25, 26, 27, 28, 29, 30, 31, 39, 40, 41, 42, 43]","[50, 45, 75, 63, 14, 52, 80, 74, 18, 49, 72, 66, 81, 20]","[50, 45, 75, 63, 14, 52, 80, 74, 18, 49, 72, 66, 81, 20]"
causal-gen-088,88,direct_choice,189,8,4,easy_answer_position,2,Qwen/Qwen3-4B-Instruct-2507,cdbee75f17c01a7cc42f958dc650907174af0554,system-role,84,14,18.125,30.25,-30.625,18.25,0.125,True,True,"[23, 24, 25, 26, 27, 28, 29, 30, 31, 39, 40, 41, 42, 43]",[83],"[50, 45, 75, 63, 14, 52, 80, 74, 18, 49, 72, 66, 81, 20]"
causal-gen-088,88,direct_choice,189,8,4,donor_number_tokens,2,Qwen/Qwen3-4B-Instruct-2507,cdbee75f17c01a7cc42f958dc650907174af0554,system-role,84,14,18.125,30.25,-30.625,-30.625,-48.75,True,False,"[23, 24, 25, 26, 27, 28, 29, 30, 31, 39, 40, 41, 42, 43]","[23, 24, 25, 26, 27, 28, 29, 30, 31, 39, 40, 41, 42, 43]","[50, 45, 75, 63, 14, 52, 80, 74, 18, 49, 72, 66, 81, 20]"
causal-gen-088,88,direct_choice,189,8,4,donor_random_positions,2,Qwen/Qwen3-4B-Instruct-2507,cdbee75f17c01a7cc42f958dc650907174af0554,system-role,84,14,18.125,30.25,-30.625,18.125,0.0,True,True,"[23, 24, 25, 26, 27, 28, 29, 30, 31, 39, 40, 41, 42, 43]","[50, 45, 75, 63, 14, 52, 80, 74, 18, 49, 72, 66, 81, 20]","[50, 45, 75, 63, 14, 52, 80, 74, 18, 49, 72, 66, 81, 20]"
causal-gen-088,88,direct_choice,189,8,4,donor_answer_position,2,Qwen/Qwen3-4B-Instruct-2507,cdbee75f17c01a7cc42f958dc650907174af0554,system-role,84,14,18.125,30.25,-30.625,18.5,0.375,True,True,"[23, 24, 25, 26, 27, 28, 29, 30, 31, 39, 40, 41, 42, 43]",[83],"[50, 45, 75, 63, 14, 52, 80, 74, 18, 49, 72, 66, 81, 20]"
causal-gen-089,89,direct_choice,190,9,4,easy_number_tokens,2,Qwen/Qwen3-4B-Instruct-2507,cdbee75f17c01a7cc42f958dc650907174af0554,system-role,84,14,14.75,30.375,-30.5,21.25,6.5,True,True,"[23, 24, 25, 26, 27, 28, 29, 30, 31, 39, 40, 41, 42, 43]","[35, 36, 37, 38, 39, 40, 41, 42, 43, 23, 24, 25, 26, 27]","[32, 70, 37, 35, 68, 11, 2, 1, 76, 62, 46, 19, 51, 18]"
causal-gen-089,89,direct_choice,190,9,4,easy_random_positions,2,Qwen/Qwen3-4B-Instruct-2507,cdbee75f17c01a7cc42f958dc650907174af0554,system-role,84,14,14.75,30.375,-30.5,-6.0,-20.75,True,False,"[23, 24, 25, 26, 27, 28, 29, 30, 31, 39, 40, 41, 42, 43]","[32, 70, 37, 35, 68, 11, 2, 1, 76, 62, 46, 19, 51, 18]","[32, 70, 37, 35, 68, 11, 2, 1, 76, 62, 46, 19, 51, 18]"
causal-gen-089,89,direct_choice,190,9,4,easy_answer_position,2,Qwen/Qwen3-4B-Instruct-2507,cdbee75f17c01a7cc42f958dc650907174af0554,system-role,84,14,14.75,30.375,-30.5,15.0,0.25,True,True,"[23, 24, 25, 26, 27, 28, 29, 30, 31, 39, 40, 41, 42, 43]",[83],"[32, 70, 37, 35, 68, 11, 2, 1, 76, 62, 46, 19, 51, 18]"
causal-gen-089,89,direct_choice,190,9,4,donor_number_tokens,2,Qwen/Qwen3-4B-Instruct-2507,cdbee75f17c01a7cc42f958dc650907174af0554,system-role,84,14,14.75,30.375,-30.5,-30.5,-45.25,True,False,"[23, 24, 25, 26, 27, 28, 29, 30, 31, 39, 40, 41, 42, 43]","[23, 24, 25, 26, 27, 28, 29, 30, 31, 39, 40, 41, 42, 43]","[32, 70, 37, 35, 68, 11, 2, 1, 76, 62, 46, 19, 51, 18]"
causal-gen-089,89,direct_choice,190,9,4,donor_random_positions,2,Qwen/Qwen3-4B-Instruct-2507,cdbee75f17c01a7cc42f958dc650907174af0554,system-role,84,14,14.75,30.375,-30.5,14.75,0.0,True,True,"[23, 24, 25, 26, 27, 28, 29, 30, 31, 39, 40, 41, 42, 43]","[32, 70, 37, 35, 68, 11, 2, 1, 76, 62, 46, 19, 51, 18]","[32, 70, 37, 35, 68, 11, 2, 1, 76, 62, 46, 19, 51, 18]"
causal-gen-089,89,direct_choice,190,9,4,donor_answer_position,2,Qwen/Qwen3-4B-Instruct-2507,cdbee75f17c01a7cc42f958dc650907174af0554,system-role,84,14,14.75,30.375,-30.5,14.75,0.0,True,True,"[23, 24, 25, 26, 27, 28, 29, 30, 31, 39, 40, 41, 42, 43]",[83],"[32, 70, 37, 35, 68, 11, 2, 1, 76, 62, 46, 19, 51, 18]"
causal-gen-090,90,direct_choice,191,0,5,easy_number_tokens,2,Qwen/Qwen3-4B-Instruct-2507,cdbee75f17c01a7cc42f958dc650907174af0554,system-role,85,15,24.875,31.25,-25.125,25.75,0.875,True,True,"[23, 24, 25, 26, 27, 28, 29, 30, 31, 32, 40, 41, 42, 43, 44]","[35, 36, 37, 38, 39, 40, 41, 42, 43, 44, 23, 24, 25, 26, 27]","[38, 16, 13, 48, 6, 1, 15, 2, 82, 17, 52, 39, 60, 53, 19]"
causal-gen-090,90,direct_choice,191,0,5,easy_random_positions,2,Qwen/Qwen3-4B-Instruct-2507,cdbee75f17c01a7cc42f958dc650907174af0554,system-role,85,15,24.875,31.25,-25.125,24.125,-0.75,True,True,"[23, 24, 25, 26, 27, 28, 29, 30, 31, 32, 40, 41, 42, 43, 44]","[38, 16, 13, 48, 6, 1, 15, 2, 82, 17, 52, 39, 60, 53, 19]","[38, 16, 13, 48, 6, 1, 15, 2, 82, 17, 52, 39, 60, 53, 19]"
causal-gen-090,90,direct_choice,191,0,5,easy_answer_position,2,Qwen/Qwen3-4B-Instruct-2507,cdbee75f17c01a7cc42f958dc650907174af0554,system-role,85,15,24.875,31.25,-25.125,24.875,0.0,True,True,"[23, 24, 25, 26, 27, 28, 29, 30, 31, 32, 40, 41, 42, 43, 44]",[84],"[38, 16, 13, 48, 6, 1, 15, 2, 82, 17, 52, 39, 60, 53, 19]"
causal-gen-090,90,direct_choice,191,0,5,donor_number_tokens,2,Qwen/Qwen3-4B-Instruct-2507,cdbee75f17c01a7cc42f958dc650907174af0554,system-role,85,15,24.875,31.25,-25.125,-25.25,-50.125,True,False,"[23, 24, 25, 26, 27, 28, 29, 30, 31, 32, 40, 41, 42, 43, 44]","[23, 24, 25, 26, 27, 28, 29, 30, 31, 32, 40, 41, 42, 43, 44]","[38, 16, 13, 48, 6, 1, 15, 2, 82, 17, 52, 39, 60, 53, 19]"
causal-gen-090,90,direct_choice,191,0,5,donor_random_positions,2,Qwen/Qwen3-4B-Instruct-2507,cdbee75f17c01a7cc42f958dc650907174af0554,system-role,85,15,24.875,31.25,-25.125,24.875,0.0,True,True,"[23, 24, 25, 26, 27, 28, 29, 30, 31, 32, 40, 41, 42, 43, 44]","[38, 16, 13, 48, 6, 1, 15, 2, 82, 17, 52, 39, 60, 53, 19]","[38, 16, 13, 48, 6, 1, 15, 2, 82, 17, 52, 39, 60, 53, 19]"
causal-gen-090,90,direct_choice,191,0,5,donor_answer_position,2,Qwen/Qwen3-4B-Instruct-2507,cdbee75f17c01a7cc42f958dc650907174af0554,system-role,85,15,24.875,31.25,-25.125,25.125,0.25,True,True,"[23, 24, 25, 26, 27, 28, 29, 30, 31, 32, 40, 41, 42, 43, 44]",[84],"[38, 16, 13, 48, 6, 1, 15, 2, 82, 17, 52, 39, 60, 53, 19]"
causal-gen-091,91,direct_choice,192,1,5,easy_number_tokens,2,Qwen/Qwen3-4B-Instruct-2507,cdbee75f17c01a7cc42f958dc650907174af0554,system-role,85,15,7.5,29.875,-24.375,19.625,12.125,True,True,"[23, 24, 25, 26, 27, 28, 29, 30, 31, 32, 40, 41, 42, 43, 44]","[35, 36, 37, 38, 39, 40, 41, 42, 43, 44, 23, 24, 25, 26, 27]","[59, 63, 21, 16, 77, 20, 10, 78, 34, 72, 64, 66, 49, 7, 74]"
causal-gen-091,91,direct_choice,192,1,5,easy_random_positions,2,Qwen/Qwen3-4B-Instruct-2507,cdbee75f17c01a7cc42f958dc650907174af0554,system-role,85,15,7.5,29.875,-24.375,6.25,-1.25,True,True,"[23, 24, 25, 26, 27, 28, 29, 30, 31, 32, 40, 41, 42, 43, 44]","[59, 63, 21, 16, 77, 20, 10, 78, 34, 72, 64, 66, 49, 7, 74]","[59, 63, 21, 16, 77, 20, 10, 78, 34, 72, 64, 66, 49, 7, 74]"
causal-gen-091,91,direct_choice,192,1,5,easy_answer_position,2,Qwen/Qwen3-4B-Instruct-2507,cdbee75f17c01a7cc42f958dc650907174af0554,system-role,85,15,7.5,29.875,-24.375,7.25,-0.25,True,True,"[23, 24, 25, 26, 27, 28, 29, 30, 31, 32, 40, 41, 42, 43, 44]",[84],"[59, 63, 21, 16, 77, 20, 10, 78, 34, 72, 64, 66, 49, 7, 74]"
causal-gen-091,91,direct_choice,192,1,5,donor_number_tokens,2,Qwen/Qwen3-4B-Instruct-2507,cdbee75f17c01a7cc42f958dc650907174af0554,system-role,85,15,7.5,29.875,-24.375,-24.375,-31.875,True,False,"[23, 24, 25, 26, 27, 28, 29, 30, 31, 32, 40, 41, 42, 43, 44]","[23, 24, 25, 26, 27, 28, 29, 30, 31, 32, 40, 41, 42, 43, 44]","[59, 63, 21, 16, 77, 20, 10, 78, 34, 72, 64, 66, 49, 7, 74]"
causal-gen-091,91,direct_choice,192,1,5,donor_random_positions,2,Qwen/Qwen3-4B-Instruct-2507,cdbee75f17c01a7cc42f958dc650907174af0554,system-role,85,15,7.5,29.875,-24.375,7.5,0.0,True,True,"[23, 24, 25, 26, 27, 28, 29, 30, 31, 32, 40, 41, 42, 43, 44]","[59, 63, 21, 16, 77, 20, 10, 78, 34, 72, 64, 66, 49, 7, 74]","[59, 63, 21, 16, 77, 20, 10, 78, 34, 72, 64, 66, 49, 7, 74]"
causal-gen-091,91,direct_choice,192,1,5,donor_answer_position,2,Qwen/Qwen3-4B-Instruct-2507,cdbee75f17c01a7cc42f958dc650907174af0554,system-role,85,15,7.5,29.875,-24.375,7.75,0.25,True,True,"[23, 24, 25, 26, 27, 28, 29, 30, 31, 32, 40, 41, 42, 43, 44]",[84],"[59, 63, 21, 16, 77, 20, 10, 78, 34, 72, 64, 66, 49, 7, 74]"
causal-gen-092,92,direct_choice,193,2,5,easy_number_tokens,2,Qwen/Qwen3-4B-Instruct-2507,cdbee75f17c01a7cc42f958dc650907174af0554,system-role,85,15,23.625,30.375,-24.5,24.75,1.125,True,True,"[23, 24, 25, 26, 27, 28, 29, 30, 31, 32, 40, 41, 42, 43, 44]","[35, 36, 37, 38, 39, 40, 41, 42, 43, 44, 23, 24, 25, 26, 27]","[12, 53, 37, 83, 14, 9, 18, 79, 45, 57, 2, 10, 69, 58, 20]"
causal-gen-092,92,direct_choice,193,2,5,easy_random_positions,2,Qwen/Qwen3-4B-Instruct-2507,cdbee75f17c01a7cc42f958dc650907174af0554,system-role,85,15,23.625,30.375,-24.5,19.375,-4.25,True,True,"[23, 24, 25, 26, 27, 28, 29, 30, 31, 32, 40, 41, 42, 43, 44]","[12, 53, 37, 83, 14, 9, 18, 79, 45, 57, 2, 10, 69, 58, 20]","[12, 53, 37, 83, 14, 9, 18, 79, 45, 57, 2, 10, 69, 58, 20]"
causal-gen-092,92,direct_choice,193,2,5,easy_answer_position,2,Qwen/Qwen3-4B-Instruct-2507,cdbee75f17c01a7cc42f958dc650907174af0554,system-role,85,15,23.625,30.375,-24.5,23.75,0.125,True,True,"[23, 24, 25, 26, 27, 28, 29, 30, 31, 32, 40, 41, 42, 43, 44]",[84],"[12, 53, 37, 83, 14, 9, 18, 79, 45, 57, 2, 10, 69, 58, 20]"
causal-gen-092,92,direct_choice,193,2,5,donor_number_tokens,2,Qwen/Qwen3-4B-Instruct-2507,cdbee75f17c01a7cc42f958dc650907174af0554,system-role,85,15,23.625,30.375,-24.5,-24.375,-48.0,True,False,"[23, 24, 25, 26, 27, 28, 29, 30, 31, 32, 40, 41, 42, 43, 44]","[23, 24, 25, 26, 27, 28, 29, 30, 31, 32, 40, 41, 42, 43, 44]","[12, 53, 37, 83, 14, 9, 18, 79, 45, 57, 2, 10, 69, 58, 20]"
causal-gen-092,92,direct_choice,193,2,5,donor_random_positions,2,Qwen/Qwen3-4B-Instruct-2507,cdbee75f17c01a7cc42f958dc650907174af0554,system-role,85,15,23.625,30.375,-24.5,23.875,0.25,True,True,"[23, 24, 25, 26, 27, 28, 29, 30, 31, 32, 40, 41, 42, 43, 44]","[12, 53, 37, 83, 14, 9, 18, 79, 45, 57, 2, 10, 69, 58, 20]","[12, 53, 37, 83, 14, 9, 18, 79, 45, 57, 2, 10, 69, 58, 20]"
causal-gen-092,92,direct_choice,193,2,5,donor_answer_position,2,Qwen/Qwen3-4B-Instruct-2507,cdbee75f17c01a7cc42f958dc650907174af0554,system-role,85,15,23.625,30.375,-24.5,23.75,0.125,True,True,"[23, 24, 25, 26, 27, 28, 29, 30, 31, 32, 40, 41, 42, 43, 44]",[84],"[12, 53, 37, 83, 14, 9, 18, 79, 45, 57, 2, 10, 69, 58, 20]"
causal-gen-093,93,direct_choice,194,3,5,easy_number_tokens,2,Qwen/Qwen3-4B-Instruct-2507,cdbee75f17c01a7cc42f958dc650907174af0554,system-role,85,15,20.625,30.25,-24.75,22.625,2.0,True,True,"[23, 24, 25, 26, 27, 28, 29, 30, 31, 32, 40, 41, 42, 43, 44]","[35, 36, 37, 38, 39, 40, 41, 42, 43, 44, 23, 24, 25, 26, 27]","[65, 13, 58, 49, 71, 64, 46, 80, 63, 50, 33, 38, 55, 5, 61]"
causal-gen-093,93,direct_choice,194,3,5,easy_random_positions,2,Qwen/Qwen3-4B-Instruct-2507,cdbee75f17c01a7cc42f958dc650907174af0554,system-role,85,15,20.625,30.25,-24.75,23.25,2.625,True,True,"[23, 24, 25, 26, 27, 28, 29, 30, 31, 32, 40, 41, 42, 43, 44]","[65, 13, 58, 49, 71, 64, 46, 80, 63, 50, 33, 38, 55, 5, 61]","[65, 13, 58, 49, 71, 64, 46, 80, 63, 50, 33, 38, 55, 5, 61]"
causal-gen-093,93,direct_choice,194,3,5,easy_answer_position,2,Qwen/Qwen3-4B-Instruct-2507,cdbee75f17c01a7cc42f958dc650907174af0554,system-role,85,15,20.625,30.25,-24.75,20.75,0.125,True,True,"[23, 24, 25, 26, 27, 28, 29, 30, 31, 32, 40, 41, 42, 43, 44]",[84],"[65, 13, 58, 49, 71, 64, 46, 80, 63, 50, 33, 38, 55, 5, 61]"
causal-gen-093,93,direct_choice,194,3,5,donor_number_tokens,2,Qwen/Qwen3-4B-Instruct-2507,cdbee75f17c01a7cc42f958dc650907174af0554,system-role,85,15,20.625,30.25,-24.75,-24.75,-45.375,True,False,"[23, 24, 25, 26, 27, 28, 29, 30, 31, 32, 40, 41, 42, 43, 44]","[23, 24, 25, 26, 27, 28, 29, 30, 31, 32, 40, 41, 42, 43, 44]","[65, 13, 58, 49, 71, 64, 46, 80, 63, 50, 33, 38, 55, 5, 61]"
causal-gen-093,93,direct_choice,194,3,5,donor_random_positions,2,Qwen/Qwen3-4B-Instruct-2507,cdbee75f17c01a7cc42f958dc650907174af0554,system-role,85,15,20.625,30.25,-24.75,20.75,0.125,True,True,"[23, 24, 25, 26, 27, 28, 29, 30, 31, 32, 40, 41, 42, 43, 44]","[65, 13, 58, 49, 71, 64, 46, 80, 63, 50, 33, 38, 55, 5, 61]","[65, 13, 58, 49, 71, 64, 46, 80, 63, 50, 33, 38, 55, 5, 61]"
causal-gen-093,93,direct_choice,194,3,5,donor_answer_position,2,Qwen/Qwen3-4B-Instruct-2507,cdbee75f17c01a7cc42f958dc650907174af0554,system-role,85,15,20.625,30.25,-24.75,20.75,0.125,True,True,"[23, 24, 25, 26, 27, 28, 29, 30, 31, 32, 40, 41, 42, 43, 44]",[84],"[65, 13, 58, 49, 71, 64, 46, 80, 63, 50, 33, 38, 55, 5, 61]"
causal-gen-094,94,direct_choice,195,4,5,easy_number_tokens,2,Qwen/Qwen3-4B-Instruct-2507,cdbee75f17c01a7cc42f958dc650907174af0554,system-role,85,15,21.75,30.25,-24.875,23.0,1.25,True,True,"[23, 24, 25, 26, 27, 28, 29, 30, 31, 32, 40, 41, 42, 43, 44]","[35, 36, 37, 38, 39, 40, 41, 42, 43, 44, 23, 24, 25, 26, 27]","[66, 13, 70, 7, 73, 62, 35, 37, 64, 1, 10, 16, 83, 21, 50]"
causal-gen-094,94,direct_choice,195,4,5,easy_random_positions,2,Qwen/Qwen3-4B-Instruct-2507,cdbee75f17c01a7cc42f958dc650907174af0554,system-role,85,15,21.75,30.25,-24.875,8.75,-13.0,True,True,"[23, 24, 25, 26, 27, 28, 29, 30, 31, 32, 40, 41, 42, 43, 44]","[66, 13, 70, 7, 73, 62, 35, 37, 64, 1, 10, 16, 83, 21, 50]","[66, 13, 70, 7, 73, 62, 35, 37, 64, 1, 10, 16, 83, 21, 50]"
causal-gen-094,94,direct_choice,195,4,5,easy_answer_position,2,Qwen/Qwen3-4B-Instruct-2507,cdbee75f17c01a7cc42f958dc650907174af0554,system-role,85,15,21.75,30.25,-24.875,21.625,-0.125,True,True,"[23, 24, 25, 26, 27, 28, 29, 30, 31, 32, 40, 41, 42, 43, 44]",[84],"[66, 13, 70, 7, 73, 62, 35, 37, 64, 1, 10, 16, 83, 21, 50]"
causal-gen-094,94,direct_choice,195,4,5,donor_number_tokens,2,Qwen/Qwen3-4B-Instruct-2507,cdbee75f17c01a7cc42f958dc650907174af0554,system-role,85,15,21.75,30.25,-24.875,-25.0,-46.75,True,False,"[23, 24, 25, 26, 27, 28, 29, 30, 31, 32, 40, 41, 42, 43, 44]","[23, 24, 25, 26, 27, 28, 29, 30, 31, 32, 40, 41, 42, 43, 44]","[66, 13, 70, 7, 73, 62, 35, 37, 64, 1, 10, 16, 83, 21, 50]"
causal-gen-094,94,direct_choice,195,4,5,donor_random_positions,2,Qwen/Qwen3-4B-Instruct-2507,cdbee75f17c01a7cc42f958dc650907174af0554,system-role,85,15,21.75,30.25,-24.875,21.75,0.0,True,True,"[23, 24, 25, 26, 27, 28, 29, 30, 31, 32, 40, 41, 42, 43, 44]","[66, 13, 70, 7, 73, 62, 35, 37, 64, 1, 10, 16, 83, 21, 50]","[66, 13, 70, 7, 73, 62, 35, 37, 64, 1, 10, 16, 83, 21, 50]"
causal-gen-094,94,direct_choice,195,4,5,donor_answer_position,2,Qwen/Qwen3-4B-Instruct-2507,cdbee75f17c01a7cc42f958dc650907174af0554,system-role,85,15,21.75,30.25,-24.875,21.625,-0.125,True,True,"[23, 24, 25, 26, 27, 28, 29, 30, 31, 32, 40, 41, 42, 43, 44]",[84],"[66, 13, 70, 7, 73, 62, 35, 37, 64, 1, 10, 16, 83, 21, 50]"
causal-gen-095,95,direct_choice,196,5,5,easy_number_tokens,2,Qwen/Qwen3-4B-Instruct-2507,cdbee75f17c01a7cc42f958dc650907174af0554,system-role,85,15,25.625,30.625,-25.0,25.625,0.0,True,True,"[23, 24, 25, 26, 27, 28, 29, 30, 31, 32, 40, 41, 42, 43, 44]","[35, 36, 37, 38, 39, 40, 41, 42, 43, 44, 23, 24, 25, 26, 27]","[18, 16, 69, 67, 64, 58, 4, 38, 3, 47, 20, 39, 65, 82, 59]"
causal-gen-095,95,direct_choice,196,5,5,easy_random_positions,2,Qwen/Qwen3-4B-Instruct-2507,cdbee75f17c01a7cc42f958dc650907174af0554,system-role,85,15,25.625,30.625,-25.0,25.5,-0.125,True,True,"[23, 24, 25, 26, 27, 28, 29, 30, 31, 32, 40, 41, 42, 43, 44]","[18, 16, 69, 67, 64, 58, 4, 38, 3, 47, 20, 39, 65, 82, 59]","[18, 16, 69, 67, 64, 58, 4, 38, 3, 47, 20, 39, 65, 82, 59]"
causal-gen-095,95,direct_choice,196,5,5,easy_answer_position,2,Qwen/Qwen3-4B-Instruct-2507,cdbee75f17c01a7cc42f958dc650907174af0554,system-role,85,15,25.625,30.625,-25.0,25.875,0.25,True,True,"[23, 24, 25, 26, 27, 28, 29, 30, 31, 32, 40, 41, 42, 43, 44]",[84],"[18, 16, 69, 67, 64, 58, 4, 38, 3, 47, 20, 39, 65, 82, 59]"
causal-gen-095,95,direct_choice,196,5,5,donor_number_tokens,2,Qwen/Qwen3-4B-Instruct-2507,cdbee75f17c01a7cc42f958dc650907174af0554,system-role,85,15,25.625,30.625,-25.0,-25.0,-50.625,True,False,"[23, 24, 25, 26, 27, 28, 29, 30, 31, 32, 40, 41, 42, 43, 44]","[23, 24, 25, 26, 27, 28, 29, 30, 31, 32, 40, 41, 42, 43, 44]","[18, 16, 69, 67, 64, 58, 4, 38, 3, 47, 20, 39, 65, 82, 59]"
causal-gen-095,95,direct_choice,196,5,5,donor_random_positions,2,Qwen/Qwen3-4B-Instruct-2507,cdbee75f17c01a7cc42f958dc650907174af0554,system-role,85,15,25.625,30.625,-25.0,25.75,0.125,True,True,"[23, 24, 25, 26, 27, 28, 29, 30, 31, 32, 40, 41, 42, 43, 44]","[18, 16, 69, 67, 64, 58, 4, 38, 3, 47, 20, 39, 65, 82, 59]","[18, 16, 69, 67, 64, 58, 4, 38, 3, 47, 20, 39, 65, 82, 59]"
causal-gen-095,95,direct_choice,196,5,5,donor_answer_position,2,Qwen/Qwen3-4B-Instruct-2507,cdbee75f17c01a7cc42f958dc650907174af0554,system-role,85,15,25.625,30.625,-25.0,25.875,0.25,True,True,"[23, 24, 25, 26, 27, 28, 29, 30, 31, 32, 40, 41, 42, 43, 44]",[84],"[18, 16, 69, 67, 64, 58, 4, 38, 3, 47, 20, 39, 65, 82, 59]"
causal-gen-096,96,direct_choice,197,6,5,easy_number_tokens,2,Qwen/Qwen3-4B-Instruct-2507,cdbee75f17c01a7cc42f958dc650907174af0554,system-role,85,15,24.75,30.125,-24.625,24.125,-0.625,True,True,"[23, 24, 25, 26, 27, 28, 29, 30, 31, 32, 40, 41, 42, 43, 44]","[35, 36, 37, 38, 39, 40, 41, 42, 43, 44, 23, 24, 25, 26, 27]","[60, 81, 53, 45, 36, 56, 1, 74, 47, 64, 83, 17, 77, 37, 63]"
causal-gen-096,96,direct_choice,197,6,5,easy_random_positions,2,Qwen/Qwen3-4B-Instruct-2507,cdbee75f17c01a7cc42f958dc650907174af0554,system-role,85,15,24.75,30.125,-24.625,-3.0,-27.75,True,False,"[23, 24, 25, 26, 27, 28, 29, 30, 31, 32, 40, 41, 42, 43, 44]","[60, 81, 53, 45, 36, 56, 1, 74, 47, 64, 83, 17, 77, 37, 63]","[60, 81, 53, 45, 36, 56, 1, 74, 47, 64, 83, 17, 77, 37, 63]"
causal-gen-096,96,direct_choice,197,6,5,easy_answer_position,2,Qwen/Qwen3-4B-Instruct-2507,cdbee75f17c01a7cc42f958dc650907174af0554,system-role,85,15,24.75,30.125,-24.625,24.625,-0.125,True,True,"[23, 24, 25, 26, 27, 28, 29, 30, 31, 32, 40, 41, 42, 43, 44]",[84],"[60, 81, 53, 45, 36, 56, 1, 74, 47, 64, 83, 17, 77, 37, 63]"
causal-gen-096,96,direct_choice,197,6,5,donor_number_tokens,2,Qwen/Qwen3-4B-Instruct-2507,cdbee75f17c01a7cc42f958dc650907174af0554,system-role,85,15,24.75,30.125,-24.625,-24.5,-49.25,True,False,"[23, 24, 25, 26, 27, 28, 29, 30, 31, 32, 40, 41, 42, 43, 44]","[23, 24, 25, 26, 27, 28, 29, 30, 31, 32, 40, 41, 42, 43, 44]","[60, 81, 53, 45, 36, 56, 1, 74, 47, 64, 83, 17, 77, 37, 63]"
causal-gen-096,96,direct_choice,197,6,5,donor_random_positions,2,Qwen/Qwen3-4B-Instruct-2507,cdbee75f17c01a7cc42f958dc650907174af0554,system-role,85,15,24.75,30.125,-24.625,24.625,-0.125,True,True,"[23, 24, 25, 26, 27, 28, 29, 30, 31, 32, 40, 41, 42, 43, 44]","[60, 81, 53, 45, 36, 56, 1, 74, 47, 64, 83, 17, 77, 37, 63]","[60, 81, 53, 45, 36, 56, 1, 74, 47, 64, 83, 17, 77, 37, 63]"
causal-gen-096,96,direct_choice,197,6,5,donor_answer_position,2,Qwen/Qwen3-4B-Instruct-2507,cdbee75f17c01a7cc42f958dc650907174af0554,system-role,85,15,24.75,30.125,-24.625,24.625,-0.125,True,True,"[23, 24, 25, 26, 27, 28, 29, 30, 31, 32, 40, 41, 42, 43, 44]",[84],"[60, 81, 53, 45, 36, 56, 1, 74, 47, 64, 83, 17, 77, 37, 63]"
causal-gen-097,97,direct_choice,198,7,5,easy_number_tokens,2,Qwen/Qwen3-4B-Instruct-2507,cdbee75f17c01a7cc42f958dc650907174af0554,system-role,85,15,22.5,30.0,-29.375,23.625,1.125,True,True,"[23, 24, 25, 26, 27, 28, 29, 30, 31, 32, 40, 41, 42, 43, 44]","[35, 36, 37, 38, 39, 40, 41, 42, 43, 44, 23, 24, 25, 26, 27]","[9, 34, 52, 66, 83, 61, 51, 82, 75, 54, 39, 1, 67, 74, 11]"
causal-gen-097,97,direct_choice,198,7,5,easy_random_positions,2,Qwen/Qwen3-4B-Instruct-2507,cdbee75f17c01a7cc42f958dc650907174af0554,system-role,85,15,22.5,30.0,-29.375,18.25,-4.25,True,True,"[23, 24, 25, 26, 27, 28, 29, 30, 31, 32, 40, 41, 42, 43, 44]","[9, 34, 52, 66, 83, 61, 51, 82, 75, 54, 39, 1, 67, 74, 11]","[9, 34, 52, 66, 83, 61, 51, 82, 75, 54, 39, 1, 67, 74, 11]"
causal-gen-097,97,direct_choice,198,7,5,easy_answer_position,2,Qwen/Qwen3-4B-Instruct-2507,cdbee75f17c01a7cc42f958dc650907174af0554,system-role,85,15,22.5,30.0,-29.375,22.5,0.0,True,True,"[23, 24, 25, 26, 27, 28, 29, 30, 31, 32, 40, 41, 42, 43, 44]",[84],"[9, 34, 52, 66, 83, 61, 51, 82, 75, 54, 39, 1, 67, 74, 11]"
causal-gen-097,97,direct_choice,198,7,5,donor_number_tokens,2,Qwen/Qwen3-4B-Instruct-2507,cdbee75f17c01a7cc42f958dc650907174af0554,system-role,85,15,22.5,30.0,-29.375,-29.625,-52.125,True,False,"[23, 24, 25, 26, 27, 28, 29, 30, 31, 32, 40, 41, 42, 43, 44]","[23, 24, 25, 26, 27, 28, 29, 30, 31, 32, 40, 41, 42, 43, 44]","[9, 34, 52, 66, 83, 61, 51, 82, 75, 54, 39, 1, 67, 74, 11]"
causal-gen-097,97,direct_choice,198,7,5,donor_random_positions,2,Qwen/Qwen3-4B-Instruct-2507,cdbee75f17c01a7cc42f958dc650907174af0554,system-role,85,15,22.5,30.0,-29.375,22.625,0.125,True,True,"[23, 24, 25, 26, 27, 28, 29, 30, 31, 32, 40, 41, 42, 43, 44]","[9, 34, 52, 66, 83, 61, 51, 82, 75, 54, 39, 1, 67, 74, 11]","[9, 34, 52, 66, 83, 61, 51, 82, 75, 54, 39, 1, 67, 74, 11]"
causal-gen-097,97,direct_choice,198,7,5,donor_answer_position,2,Qwen/Qwen3-4B-Instruct-2507,cdbee75f17c01a7cc42f958dc650907174af0554,system-role,85,15,22.5,30.0,-29.375,22.375,-0.125,True,True,"[23, 24, 25, 26, 27, 28, 29, 30, 31, 32, 40, 41, 42, 43, 44]",[84],"[9, 34, 52, 66, 83, 61, 51, 82, 75, 54, 39, 1, 67, 74, 11]"
causal-gen-098,98,direct_choice,199,8,5,easy_number_tokens,2,Qwen/Qwen3-4B-Instruct-2507,cdbee75f17c01a7cc42f958dc650907174af0554,system-role,85,15,19.375,30.125,-30.875,23.375,4.0,True,True,"[23, 24, 25, 26, 27, 28, 29, 30, 31, 32, 40, 41, 42, 43, 44]","[35, 36, 37, 38, 39, 40, 41, 42, 43, 44, 23, 24, 25, 26, 27]","[12, 50, 22, 20, 76, 60, 58, 8, 39, 62, 4, 18, 48, 82, 56]"
causal-gen-098,98,direct_choice,199,8,5,easy_random_positions,2,Qwen/Qwen3-4B-Instruct-2507,cdbee75f17c01a7cc42f958dc650907174af0554,system-role,85,15,19.375,30.125,-30.875,12.5,-6.875,True,True,"[23, 24, 25, 26, 27, 28, 29, 30, 31, 32, 40, 41, 42, 43, 44]","[12, 50, 22, 20, 76, 60, 58, 8, 39, 62, 4, 18, 48, 82, 56]","[12, 50, 22, 20, 76, 60, 58, 8, 39, 62, 4, 18, 48, 82, 56]"
causal-gen-098,98,direct_choice,199,8,5,easy_answer_position,2,Qwen/Qwen3-4B-Instruct-2507,cdbee75f17c01a7cc42f958dc650907174af0554,system-role,85,15,19.375,30.125,-30.875,19.25,-0.125,True,True,"[23, 24, 25, 26, 27, 28, 29, 30, 31, 32, 40, 41, 42, 43, 44]",[84],"[12, 50, 22, 20, 76, 60, 58, 8, 39, 62, 4, 18, 48, 82, 56]"
causal-gen-098,98,direct_choice,199,8,5,donor_number_tokens,2,Qwen/Qwen3-4B-Instruct-2507,cdbee75f17c01a7cc42f958dc650907174af0554,system-role,85,15,19.375,30.125,-30.875,-30.625,-50.0,True,False,"[23, 24, 25, 26, 27, 28, 29, 30, 31, 32, 40, 41, 42, 43, 44]","[23, 24, 25, 26, 27, 28, 29, 30, 31, 32, 40, 41, 42, 43, 44]","[12, 50, 22, 20, 76, 60, 58, 8, 39, 62, 4, 18, 48, 82, 56]"
causal-gen-098,98,direct_choice,199,8,5,donor_random_positions,2,Qwen/Qwen3-4B-Instruct-2507,cdbee75f17c01a7cc42f958dc650907174af0554,system-role,85,15,19.375,30.125,-30.875,19.5,0.125,True,True,"[23, 24, 25, 26, 27, 28, 29, 30, 31, 32, 40, 41, 42, 43, 44]","[12, 50, 22, 20, 76, 60, 58, 8, 39, 62, 4, 18, 48, 82, 56]","[12, 50, 22, 20, 76, 60, 58, 8, 39, 62, 4, 18, 48, 82, 56]"
causal-gen-098,98,direct_choice,199,8,5,donor_answer_position,2,Qwen/Qwen3-4B-Instruct-2507,cdbee75f17c01a7cc42f958dc650907174af0554,system-role,85,15,19.375,30.125,-30.875,19.25,-0.125,True,True,"[23, 24, 25, 26, 27, 28, 29, 30, 31, 32, 40, 41, 42, 43, 44]",[84],"[12, 50, 22, 20, 76, 60, 58, 8, 39, 62, 4, 18, 48, 82, 56]"
causal-gen-099,99,direct_choice,200,9,5,easy_number_tokens,2,Qwen/Qwen3-4B-Instruct-2507,cdbee75f17c01a7cc42f958dc650907174af0554,system-role,85,15,21.375,30.0,-30.25,22.25,0.875,True,True,"[23, 24, 25, 26, 27, 28, 29, 30, 31, 32, 40, 41, 42, 43, 44]","[35, 36, 37, 38, 39, 40, 41, 42, 43, 44, 23, 24, 25, 26, 27]","[21, 59, 12, 2, 80, 78, 19, 20, 17, 5, 72, 33, 46, 71, 36]"
causal-gen-099,99,direct_choice,200,9,5,easy_random_positions,2,Qwen/Qwen3-4B-Instruct-2507,cdbee75f17c01a7cc42f958dc650907174af0554,system-role,85,15,21.375,30.0,-30.25,23.0,1.625,True,True,"[23, 24, 25, 26, 27, 28, 29, 30, 31, 32, 40, 41, 42, 43, 44]","[21, 59, 12, 2, 80, 78, 19, 20, 17, 5, 72, 33, 46, 71, 36]","[21, 59, 12, 2, 80, 78, 19, 20, 17, 5, 72, 33, 46, 71, 36]"
causal-gen-099,99,direct_choice,200,9,5,easy_answer_position,2,Qwen/Qwen3-4B-Instruct-2507,cdbee75f17c01a7cc42f958dc650907174af0554,system-role,85,15,21.375,30.0,-30.25,21.5,0.125,True,True,"[23, 24, 25, 26, 27, 28, 29, 30, 31, 32, 40, 41, 42, 43, 44]",[84],"[21, 59, 12, 2, 80, 78, 19, 20, 17, 5, 72, 33, 46, 71, 36]"
causal-gen-099,99,direct_choice,200,9,5,donor_number_tokens,2,Qwen/Qwen3-4B-Instruct-2507,cdbee75f17c01a7cc42f958dc650907174af0554,system-role,85,15,21.375,30.0,-30.25,-30.125,-51.5,True,False,"[23, 24, 25, 26, 27, 28, 29, 30, 31, 32, 40, 41, 42, 43, 44]","[23, 24, 25, 26, 27, 28, 29, 30, 31, 32, 40, 41, 42, 43, 44]","[21, 59, 12, 2, 80, 78, 19, 20, 17, 5, 72, 33, 46, 71, 36]"
causal-gen-099,99,direct_choice,200,9,5,donor_random_positions,2,Qwen/Qwen3-4B-Instruct-2507,cdbee75f17c01a7cc42f958dc650907174af0554,system-role,85,15,21.375,30.0,-30.25,21.0,-0.375,True,True,"[23, 24, 25, 26, 27, 28, 29, 30, 31, 32, 40, 41, 42, 43, 44]","[21, 59, 12, 2, 80, 78, 19, 20, 17, 5, 72, 33, 46, 71, 36]","[21, 59, 12, 2, 80, 78, 19, 20, 17, 5, 72, 33, 46, 71, 36]"
causal-gen-099,99,direct_choice,200,9,5,donor_answer_position,2,Qwen/Qwen3-4B-Instruct-2507,cdbee75f17c01a7cc42f958dc650907174af0554,system-role,85,15,21.375,30.0,-30.25,21.625,0.25,True,True,"[23, 24, 25, 26, 27, 28, 29, 30, 31, 32, 40, 41, 42, 43, 44]",[84],"[21, 59, 12, 2, 80, 78, 19, 20, 17, 5, 72, 33, 46, 71, 36]"
