case,split,digit,whole,zeros,layer,control,source_margin,target_margin,patched_margin,margin_effect,target_correct,patched_correct,model,revision
0,discovery,1,34,3,0,answer_position,8.75,4.5,4.5,0.0,True,True,google/gemma-2-9b-it,11c9b309abf73637e4b6f9a3fa1e92e615547819
0,discovery,1,34,3,0,number_tokens,8.75,4.5,4.625,0.125,True,True,google/gemma-2-9b-it,11c9b309abf73637e4b6f9a3fa1e92e615547819
0,discovery,1,34,3,0,random_positions,8.75,4.5,-3.75,-8.25,True,False,google/gemma-2-9b-it,11c9b309abf73637e4b6f9a3fa1e92e615547819
0,discovery,1,34,3,1,answer_position,8.75,4.5,4.5,0.0,True,True,google/gemma-2-9b-it,11c9b309abf73637e4b6f9a3fa1e92e615547819
0,discovery,1,34,3,1,number_tokens,8.75,4.5,4.75,0.25,True,True,google/gemma-2-9b-it,11c9b309abf73637e4b6f9a3fa1e92e615547819
0,discovery,1,34,3,1,random_positions,8.75,4.5,1.25,-3.25,True,True,google/gemma-2-9b-it,11c9b309abf73637e4b6f9a3fa1e92e615547819
0,discovery,1,34,3,2,answer_position,8.75,4.5,4.5,0.0,True,True,google/gemma-2-9b-it,11c9b309abf73637e4b6f9a3fa1e92e615547819
0,discovery,1,34,3,2,number_tokens,8.75,4.5,4.75,0.25,True,True,google/gemma-2-9b-it,11c9b309abf73637e4b6f9a3fa1e92e615547819
0,discovery,1,34,3,2,random_positions,8.75,4.5,1.375,-3.125,True,True,google/gemma-2-9b-it,11c9b309abf73637e4b6f9a3fa1e92e615547819
0,discovery,1,34,3,3,answer_position,8.75,4.5,4.5,0.0,True,True,google/gemma-2-9b-it,11c9b309abf73637e4b6f9a3fa1e92e615547819
0,discovery,1,34,3,3,number_tokens,8.75,4.5,5.25,0.75,True,True,google/gemma-2-9b-it,11c9b309abf73637e4b6f9a3fa1e92e615547819
0,discovery,1,34,3,3,random_positions,8.75,4.5,3.125,-1.375,True,True,google/gemma-2-9b-it,11c9b309abf73637e4b6f9a3fa1e92e615547819
0,discovery,1,34,3,4,answer_position,8.75,4.5,4.5,0.0,True,True,google/gemma-2-9b-it,11c9b309abf73637e4b6f9a3fa1e92e615547819
0,discovery,1,34,3,4,number_tokens,8.75,4.5,5.375,0.875,True,True,google/gemma-2-9b-it,11c9b309abf73637e4b6f9a3fa1e92e615547819
0,discovery,1,34,3,4,random_positions,8.75,4.5,2.875,-1.625,True,True,google/gemma-2-9b-it,11c9b309abf73637e4b6f9a3fa1e92e615547819
0,discovery,1,34,3,5,answer_position,8.75,4.5,4.5,0.0,True,True,google/gemma-2-9b-it,11c9b309abf73637e4b6f9a3fa1e92e615547819
0,discovery,1,34,3,5,number_tokens,8.75,4.5,4.5,0.0,True,True,google/gemma-2-9b-it,11c9b309abf73637e4b6f9a3fa1e92e615547819
0,discovery,1,34,3,5,random_positions,8.75,4.5,3.0,-1.5,True,True,google/gemma-2-9b-it,11c9b309abf73637e4b6f9a3fa1e92e615547819
0,discovery,1,34,3,6,answer_position,8.75,4.5,4.5,0.0,True,True,google/gemma-2-9b-it,11c9b309abf73637e4b6f9a3fa1e92e615547819
0,discovery,1,34,3,6,number_tokens,8.75,4.5,5.875,1.375,True,True,google/gemma-2-9b-it,11c9b309abf73637e4b6f9a3fa1e92e615547819
0,discovery,1,34,3,6,random_positions,8.75,4.5,4.625,0.125,True,True,google/gemma-2-9b-it,11c9b309abf73637e4b6f9a3fa1e92e615547819
0,discovery,1,34,3,7,answer_position,8.75,4.5,4.375,-0.125,True,True,google/gemma-2-9b-it,11c9b309abf73637e4b6f9a3fa1e92e615547819
0,discovery,1,34,3,7,number_tokens,8.75,4.5,7.75,3.25,True,True,google/gemma-2-9b-it,11c9b309abf73637e4b6f9a3fa1e92e615547819
0,discovery,1,34,3,7,random_positions,8.75,4.5,4.625,0.125,True,True,google/gemma-2-9b-it,11c9b309abf73637e4b6f9a3fa1e92e615547819
0,discovery,1,34,3,8,answer_position,8.75,4.5,4.375,-0.125,True,True,google/gemma-2-9b-it,11c9b309abf73637e4b6f9a3fa1e92e615547819
0,discovery,1,34,3,8,number_tokens,8.75,4.5,7.875,3.375,True,True,google/gemma-2-9b-it,11c9b309abf73637e4b6f9a3fa1e92e615547819
0,discovery,1,34,3,8,random_positions,8.75,4.5,4.75,0.25,True,True,google/gemma-2-9b-it,11c9b309abf73637e4b6f9a3fa1e92e615547819
0,discovery,1,34,3,9,answer_position,8.75,4.5,4.5,0.0,True,True,google/gemma-2-9b-it,11c9b309abf73637e4b6f9a3fa1e92e615547819
0,discovery,1,34,3,9,number_tokens,8.75,4.5,7.8125,3.3125,True,True,google/gemma-2-9b-it,11c9b309abf73637e4b6f9a3fa1e92e615547819
0,discovery,1,34,3,9,random_positions,8.75,4.5,4.75,0.25,True,True,google/gemma-2-9b-it,11c9b309abf73637e4b6f9a3fa1e92e615547819
0,discovery,1,34,3,10,answer_position,8.75,4.5,4.625,0.125,True,True,google/gemma-2-9b-it,11c9b309abf73637e4b6f9a3fa1e92e615547819
0,discovery,1,34,3,10,number_tokens,8.75,4.5,8.0,3.5,True,True,google/gemma-2-9b-it,11c9b309abf73637e4b6f9a3fa1e92e615547819
0,discovery,1,34,3,10,random_positions,8.75,4.5,4.625,0.125,True,True,google/gemma-2-9b-it,11c9b309abf73637e4b6f9a3fa1e92e615547819
0,discovery,1,34,3,11,answer_position,8.75,4.5,4.5,0.0,True,True,google/gemma-2-9b-it,11c9b309abf73637e4b6f9a3fa1e92e615547819
0,discovery,1,34,3,11,number_tokens,8.75,4.5,5.375,0.875,True,True,google/gemma-2-9b-it,11c9b309abf73637e4b6f9a3fa1e92e615547819
0,discovery,1,34,3,11,random_positions,8.75,4.5,4.625,0.125,True,True,google/gemma-2-9b-it,11c9b309abf73637e4b6f9a3fa1e92e615547819
0,discovery,1,34,3,12,answer_position,8.75,4.5,4.375,-0.125,True,True,google/gemma-2-9b-it,11c9b309abf73637e4b6f9a3fa1e92e615547819
0,discovery,1,34,3,12,number_tokens,8.75,4.5,-3.375,-7.875,True,False,google/gemma-2-9b-it,11c9b309abf73637e4b6f9a3fa1e92e615547819
0,discovery,1,34,3,12,random_positions,8.75,4.5,4.75,0.25,True,True,google/gemma-2-9b-it,11c9b309abf73637e4b6f9a3fa1e92e615547819
0,discovery,1,34,3,13,answer_position,8.75,4.5,4.5,0.0,True,True,google/gemma-2-9b-it,11c9b309abf73637e4b6f9a3fa1e92e615547819
0,discovery,1,34,3,13,number_tokens,8.75,4.5,-0.5,-5.0,True,False,google/gemma-2-9b-it,11c9b309abf73637e4b6f9a3fa1e92e615547819
0,discovery,1,34,3,13,random_positions,8.75,4.5,4.625,0.125,True,True,google/gemma-2-9b-it,11c9b309abf73637e4b6f9a3fa1e92e615547819
0,discovery,1,34,3,14,answer_position,8.75,4.5,4.375,-0.125,True,True,google/gemma-2-9b-it,11c9b309abf73637e4b6f9a3fa1e92e615547819
0,discovery,1,34,3,14,number_tokens,8.75,4.5,3.375,-1.125,True,True,google/gemma-2-9b-it,11c9b309abf73637e4b6f9a3fa1e92e615547819
0,discovery,1,34,3,14,random_positions,8.75,4.5,4.75,0.25,True,True,google/gemma-2-9b-it,11c9b309abf73637e4b6f9a3fa1e92e615547819
0,discovery,1,34,3,15,answer_position,8.75,4.5,4.5,0.0,True,True,google/gemma-2-9b-it,11c9b309abf73637e4b6f9a3fa1e92e615547819
0,discovery,1,34,3,15,number_tokens,8.75,4.5,5.75,1.25,True,True,google/gemma-2-9b-it,11c9b309abf73637e4b6f9a3fa1e92e615547819
0,discovery,1,34,3,15,random_positions,8.75,4.5,4.875,0.375,True,True,google/gemma-2-9b-it,11c9b309abf73637e4b6f9a3fa1e92e615547819
0,discovery,1,34,3,16,answer_position,8.75,4.5,4.375,-0.125,True,True,google/gemma-2-9b-it,11c9b309abf73637e4b6f9a3fa1e92e615547819
0,discovery,1,34,3,16,number_tokens,8.75,4.5,6.4375,1.9375,True,True,google/gemma-2-9b-it,11c9b309abf73637e4b6f9a3fa1e92e615547819
0,discovery,1,34,3,16,random_positions,8.75,4.5,4.625,0.125,True,True,google/gemma-2-9b-it,11c9b309abf73637e4b6f9a3fa1e92e615547819
0,discovery,1,34,3,17,answer_position,8.75,4.5,4.5,0.0,True,True,google/gemma-2-9b-it,11c9b309abf73637e4b6f9a3fa1e92e615547819
0,discovery,1,34,3,17,number_tokens,8.75,4.5,6.6875,2.1875,True,True,google/gemma-2-9b-it,11c9b309abf73637e4b6f9a3fa1e92e615547819
0,discovery,1,34,3,17,random_positions,8.75,4.5,4.625,0.125,True,True,google/gemma-2-9b-it,11c9b309abf73637e4b6f9a3fa1e92e615547819
0,discovery,1,34,3,18,answer_position,8.75,4.5,4.5,0.0,True,True,google/gemma-2-9b-it,11c9b309abf73637e4b6f9a3fa1e92e615547819
0,discovery,1,34,3,18,number_tokens,8.75,4.5,6.125,1.625,True,True,google/gemma-2-9b-it,11c9b309abf73637e4b6f9a3fa1e92e615547819
0,discovery,1,34,3,18,random_positions,8.75,4.5,5.125,0.625,True,True,google/gemma-2-9b-it,11c9b309abf73637e4b6f9a3fa1e92e615547819
0,discovery,1,34,3,19,answer_position,8.75,4.5,4.5,0.0,True,True,google/gemma-2-9b-it,11c9b309abf73637e4b6f9a3fa1e92e615547819
0,discovery,1,34,3,19,number_tokens,8.75,4.5,6.5625,2.0625,True,True,google/gemma-2-9b-it,11c9b309abf73637e4b6f9a3fa1e92e615547819
0,discovery,1,34,3,19,random_positions,8.75,4.5,5.0,0.5,True,True,google/gemma-2-9b-it,11c9b309abf73637e4b6f9a3fa1e92e615547819
0,discovery,1,34,3,20,answer_position,8.75,4.5,5.0,0.5,True,True,google/gemma-2-9b-it,11c9b309abf73637e4b6f9a3fa1e92e615547819
0,discovery,1,34,3,20,number_tokens,8.75,4.5,5.75,1.25,True,True,google/gemma-2-9b-it,11c9b309abf73637e4b6f9a3fa1e92e615547819
0,discovery,1,34,3,20,random_positions,8.75,4.5,4.875,0.375,True,True,google/gemma-2-9b-it,11c9b309abf73637e4b6f9a3fa1e92e615547819
0,discovery,1,34,3,21,answer_position,8.75,4.5,5.5,1.0,True,True,google/gemma-2-9b-it,11c9b309abf73637e4b6f9a3fa1e92e615547819
0,discovery,1,34,3,21,number_tokens,8.75,4.5,5.375,0.875,True,True,google/gemma-2-9b-it,11c9b309abf73637e4b6f9a3fa1e92e615547819
0,discovery,1,34,3,21,random_positions,8.75,4.5,5.25,0.75,True,True,google/gemma-2-9b-it,11c9b309abf73637e4b6f9a3fa1e92e615547819
0,discovery,1,34,3,22,answer_position,8.75,4.5,6.125,1.625,True,True,google/gemma-2-9b-it,11c9b309abf73637e4b6f9a3fa1e92e615547819
0,discovery,1,34,3,22,number_tokens,8.75,4.5,5.125,0.625,True,True,google/gemma-2-9b-it,11c9b309abf73637e4b6f9a3fa1e92e615547819
0,discovery,1,34,3,22,random_positions,8.75,4.5,4.75,0.25,True,True,google/gemma-2-9b-it,11c9b309abf73637e4b6f9a3fa1e92e615547819
0,discovery,1,34,3,23,answer_position,8.75,4.5,6.9375,2.4375,True,True,google/gemma-2-9b-it,11c9b309abf73637e4b6f9a3fa1e92e615547819
0,discovery,1,34,3,23,number_tokens,8.75,4.5,4.5,0.0,True,True,google/gemma-2-9b-it,11c9b309abf73637e4b6f9a3fa1e92e615547819
0,discovery,1,34,3,23,random_positions,8.75,4.5,4.75,0.25,True,True,google/gemma-2-9b-it,11c9b309abf73637e4b6f9a3fa1e92e615547819
0,discovery,1,34,3,24,answer_position,8.75,4.5,7.0,2.5,True,True,google/gemma-2-9b-it,11c9b309abf73637e4b6f9a3fa1e92e615547819
0,discovery,1,34,3,24,number_tokens,8.75,4.5,4.5,0.0,True,True,google/gemma-2-9b-it,11c9b309abf73637e4b6f9a3fa1e92e615547819
0,discovery,1,34,3,24,random_positions,8.75,4.5,4.875,0.375,True,True,google/gemma-2-9b-it,11c9b309abf73637e4b6f9a3fa1e92e615547819
0,discovery,1,34,3,25,answer_position,8.75,4.5,7.375,2.875,True,True,google/gemma-2-9b-it,11c9b309abf73637e4b6f9a3fa1e92e615547819
0,discovery,1,34,3,25,number_tokens,8.75,4.5,4.5,0.0,True,True,google/gemma-2-9b-it,11c9b309abf73637e4b6f9a3fa1e92e615547819
0,discovery,1,34,3,25,random_positions,8.75,4.5,4.625,0.125,True,True,google/gemma-2-9b-it,11c9b309abf73637e4b6f9a3fa1e92e615547819
0,discovery,1,34,3,26,answer_position,8.75,4.5,7.875,3.375,True,True,google/gemma-2-9b-it,11c9b309abf73637e4b6f9a3fa1e92e615547819
0,discovery,1,34,3,26,number_tokens,8.75,4.5,4.5,0.0,True,True,google/gemma-2-9b-it,11c9b309abf73637e4b6f9a3fa1e92e615547819
0,discovery,1,34,3,26,random_positions,8.75,4.5,4.625,0.125,True,True,google/gemma-2-9b-it,11c9b309abf73637e4b6f9a3fa1e92e615547819
0,discovery,1,34,3,27,answer_position,8.75,4.5,7.8125,3.3125,True,True,google/gemma-2-9b-it,11c9b309abf73637e4b6f9a3fa1e92e615547819
0,discovery,1,34,3,27,number_tokens,8.75,4.5,4.5,0.0,True,True,google/gemma-2-9b-it,11c9b309abf73637e4b6f9a3fa1e92e615547819
0,discovery,1,34,3,27,random_positions,8.75,4.5,4.625,0.125,True,True,google/gemma-2-9b-it,11c9b309abf73637e4b6f9a3fa1e92e615547819
0,discovery,1,34,3,28,answer_position,8.75,4.5,7.875,3.375,True,True,google/gemma-2-9b-it,11c9b309abf73637e4b6f9a3fa1e92e615547819
0,discovery,1,34,3,28,number_tokens,8.75,4.5,4.625,0.125,True,True,google/gemma-2-9b-it,11c9b309abf73637e4b6f9a3fa1e92e615547819
0,discovery,1,34,3,28,random_positions,8.75,4.5,4.625,0.125,True,True,google/gemma-2-9b-it,11c9b309abf73637e4b6f9a3fa1e92e615547819
0,discovery,1,34,3,29,answer_position,8.75,4.5,7.875,3.375,True,True,google/gemma-2-9b-it,11c9b309abf73637e4b6f9a3fa1e92e615547819
0,discovery,1,34,3,29,number_tokens,8.75,4.5,4.5,0.0,True,True,google/gemma-2-9b-it,11c9b309abf73637e4b6f9a3fa1e92e615547819
0,discovery,1,34,3,29,random_positions,8.75,4.5,4.625,0.125,True,True,google/gemma-2-9b-it,11c9b309abf73637e4b6f9a3fa1e92e615547819
0,discovery,1,34,3,30,answer_position,8.75,4.5,7.9375,3.4375,True,True,google/gemma-2-9b-it,11c9b309abf73637e4b6f9a3fa1e92e615547819
0,discovery,1,34,3,30,number_tokens,8.75,4.5,4.5,0.0,True,True,google/gemma-2-9b-it,11c9b309abf73637e4b6f9a3fa1e92e615547819
0,discovery,1,34,3,30,random_positions,8.75,4.5,4.625,0.125,True,True,google/gemma-2-9b-it,11c9b309abf73637e4b6f9a3fa1e92e615547819
0,discovery,1,34,3,31,answer_position,8.75,4.5,7.9375,3.4375,True,True,google/gemma-2-9b-it,11c9b309abf73637e4b6f9a3fa1e92e615547819
0,discovery,1,34,3,31,number_tokens,8.75,4.5,4.625,0.125,True,True,google/gemma-2-9b-it,11c9b309abf73637e4b6f9a3fa1e92e615547819
0,discovery,1,34,3,31,random_positions,8.75,4.5,4.625,0.125,True,True,google/gemma-2-9b-it,11c9b309abf73637e4b6f9a3fa1e92e615547819
0,discovery,1,34,3,32,answer_position,8.75,4.5,7.9375,3.4375,True,True,google/gemma-2-9b-it,11c9b309abf73637e4b6f9a3fa1e92e615547819
0,discovery,1,34,3,32,number_tokens,8.75,4.5,4.625,0.125,True,True,google/gemma-2-9b-it,11c9b309abf73637e4b6f9a3fa1e92e615547819
0,discovery,1,34,3,32,random_positions,8.75,4.5,4.5,0.0,True,True,google/gemma-2-9b-it,11c9b309abf73637e4b6f9a3fa1e92e615547819
0,discovery,1,34,3,33,answer_position,8.75,4.5,8.0,3.5,True,True,google/gemma-2-9b-it,11c9b309abf73637e4b6f9a3fa1e92e615547819
0,discovery,1,34,3,33,number_tokens,8.75,4.5,4.5,0.0,True,True,google/gemma-2-9b-it,11c9b309abf73637e4b6f9a3fa1e92e615547819
0,discovery,1,34,3,33,random_positions,8.75,4.5,4.5,0.0,True,True,google/gemma-2-9b-it,11c9b309abf73637e4b6f9a3fa1e92e615547819
0,discovery,1,34,3,34,answer_position,8.75,4.5,8.0,3.5,True,True,google/gemma-2-9b-it,11c9b309abf73637e4b6f9a3fa1e92e615547819
0,discovery,1,34,3,34,number_tokens,8.75,4.5,4.5,0.0,True,True,google/gemma-2-9b-it,11c9b309abf73637e4b6f9a3fa1e92e615547819
0,discovery,1,34,3,34,random_positions,8.75,4.5,4.5,0.0,True,True,google/gemma-2-9b-it,11c9b309abf73637e4b6f9a3fa1e92e615547819
0,discovery,1,34,3,35,answer_position,8.75,4.5,8.125,3.625,True,True,google/gemma-2-9b-it,11c9b309abf73637e4b6f9a3fa1e92e615547819
0,discovery,1,34,3,35,number_tokens,8.75,4.5,4.5,0.0,True,True,google/gemma-2-9b-it,11c9b309abf73637e4b6f9a3fa1e92e615547819
0,discovery,1,34,3,35,random_positions,8.75,4.5,4.5,0.0,True,True,google/gemma-2-9b-it,11c9b309abf73637e4b6f9a3fa1e92e615547819
0,discovery,1,34,3,36,answer_position,8.75,4.5,8.0,3.5,True,True,google/gemma-2-9b-it,11c9b309abf73637e4b6f9a3fa1e92e615547819
0,discovery,1,34,3,36,number_tokens,8.75,4.5,4.5,0.0,True,True,google/gemma-2-9b-it,11c9b309abf73637e4b6f9a3fa1e92e615547819
0,discovery,1,34,3,36,random_positions,8.75,4.5,4.5,0.0,True,True,google/gemma-2-9b-it,11c9b309abf73637e4b6f9a3fa1e92e615547819
0,discovery,1,34,3,37,answer_position,8.75,4.5,8.0,3.5,True,True,google/gemma-2-9b-it,11c9b309abf73637e4b6f9a3fa1e92e615547819
0,discovery,1,34,3,37,number_tokens,8.75,4.5,4.5,0.0,True,True,google/gemma-2-9b-it,11c9b309abf73637e4b6f9a3fa1e92e615547819
0,discovery,1,34,3,37,random_positions,8.75,4.5,4.5,0.0,True,True,google/gemma-2-9b-it,11c9b309abf73637e4b6f9a3fa1e92e615547819
0,discovery,1,34,3,38,answer_position,8.75,4.5,8.125,3.625,True,True,google/gemma-2-9b-it,11c9b309abf73637e4b6f9a3fa1e92e615547819
0,discovery,1,34,3,38,number_tokens,8.75,4.5,4.5,0.0,True,True,google/gemma-2-9b-it,11c9b309abf73637e4b6f9a3fa1e92e615547819
0,discovery,1,34,3,38,random_positions,8.75,4.5,4.5,0.0,True,True,google/gemma-2-9b-it,11c9b309abf73637e4b6f9a3fa1e92e615547819
0,discovery,1,34,3,39,answer_position,8.75,4.5,8.375,3.875,True,True,google/gemma-2-9b-it,11c9b309abf73637e4b6f9a3fa1e92e615547819
0,discovery,1,34,3,39,number_tokens,8.75,4.5,4.5,0.0,True,True,google/gemma-2-9b-it,11c9b309abf73637e4b6f9a3fa1e92e615547819
0,discovery,1,34,3,39,random_positions,8.75,4.5,4.5,0.0,True,True,google/gemma-2-9b-it,11c9b309abf73637e4b6f9a3fa1e92e615547819
0,discovery,1,34,3,40,answer_position,8.75,4.5,8.5625,4.0625,True,True,google/gemma-2-9b-it,11c9b309abf73637e4b6f9a3fa1e92e615547819
0,discovery,1,34,3,40,number_tokens,8.75,4.5,4.5,0.0,True,True,google/gemma-2-9b-it,11c9b309abf73637e4b6f9a3fa1e92e615547819
0,discovery,1,34,3,40,random_positions,8.75,4.5,4.625,0.125,True,True,google/gemma-2-9b-it,11c9b309abf73637e4b6f9a3fa1e92e615547819
0,discovery,1,34,3,41,answer_position,8.75,4.5,8.75,4.25,True,True,google/gemma-2-9b-it,11c9b309abf73637e4b6f9a3fa1e92e615547819
0,discovery,1,34,3,41,number_tokens,8.75,4.5,4.5,0.0,True,True,google/gemma-2-9b-it,11c9b309abf73637e4b6f9a3fa1e92e615547819
0,discovery,1,34,3,41,random_positions,8.75,4.5,4.5,0.0,True,True,google/gemma-2-9b-it,11c9b309abf73637e4b6f9a3fa1e92e615547819
1,discovery,1,35,4,0,answer_position,8.3125,3.75,3.75,0.0,True,True,google/gemma-2-9b-it,11c9b309abf73637e4b6f9a3fa1e92e615547819
1,discovery,1,35,4,0,number_tokens,8.3125,3.75,3.875,0.125,True,True,google/gemma-2-9b-it,11c9b309abf73637e4b6f9a3fa1e92e615547819
1,discovery,1,35,4,0,random_positions,8.3125,3.75,4.0,0.25,True,True,google/gemma-2-9b-it,11c9b309abf73637e4b6f9a3fa1e92e615547819
1,discovery,1,35,4,1,answer_position,8.3125,3.75,3.75,0.0,True,True,google/gemma-2-9b-it,11c9b309abf73637e4b6f9a3fa1e92e615547819
1,discovery,1,35,4,1,number_tokens,8.3125,3.75,3.625,-0.125,True,True,google/gemma-2-9b-it,11c9b309abf73637e4b6f9a3fa1e92e615547819
1,discovery,1,35,4,1,random_positions,8.3125,3.75,3.75,0.0,True,True,google/gemma-2-9b-it,11c9b309abf73637e4b6f9a3fa1e92e615547819
1,discovery,1,35,4,2,answer_position,8.3125,3.75,3.75,0.0,True,True,google/gemma-2-9b-it,11c9b309abf73637e4b6f9a3fa1e92e615547819
1,discovery,1,35,4,2,number_tokens,8.3125,3.75,4.0,0.25,True,True,google/gemma-2-9b-it,11c9b309abf73637e4b6f9a3fa1e92e615547819
1,discovery,1,35,4,2,random_positions,8.3125,3.75,3.75,0.0,True,True,google/gemma-2-9b-it,11c9b309abf73637e4b6f9a3fa1e92e615547819
1,discovery,1,35,4,3,answer_position,8.3125,3.75,3.875,0.125,True,True,google/gemma-2-9b-it,11c9b309abf73637e4b6f9a3fa1e92e615547819
1,discovery,1,35,4,3,number_tokens,8.3125,3.75,4.125,0.375,True,True,google/gemma-2-9b-it,11c9b309abf73637e4b6f9a3fa1e92e615547819
1,discovery,1,35,4,3,random_positions,8.3125,3.75,4.0,0.25,True,True,google/gemma-2-9b-it,11c9b309abf73637e4b6f9a3fa1e92e615547819
1,discovery,1,35,4,4,answer_position,8.3125,3.75,3.625,-0.125,True,True,google/gemma-2-9b-it,11c9b309abf73637e4b6f9a3fa1e92e615547819
1,discovery,1,35,4,4,number_tokens,8.3125,3.75,4.5,0.75,True,True,google/gemma-2-9b-it,11c9b309abf73637e4b6f9a3fa1e92e615547819
1,discovery,1,35,4,4,random_positions,8.3125,3.75,3.75,0.0,True,True,google/gemma-2-9b-it,11c9b309abf73637e4b6f9a3fa1e92e615547819
1,discovery,1,35,4,5,answer_position,8.3125,3.75,3.75,0.0,True,True,google/gemma-2-9b-it,11c9b309abf73637e4b6f9a3fa1e92e615547819
1,discovery,1,35,4,5,number_tokens,8.3125,3.75,5.625,1.875,True,True,google/gemma-2-9b-it,11c9b309abf73637e4b6f9a3fa1e92e615547819
1,discovery,1,35,4,5,random_positions,8.3125,3.75,4.0,0.25,True,True,google/gemma-2-9b-it,11c9b309abf73637e4b6f9a3fa1e92e615547819
1,discovery,1,35,4,6,answer_position,8.3125,3.75,3.75,0.0,True,True,google/gemma-2-9b-it,11c9b309abf73637e4b6f9a3fa1e92e615547819
1,discovery,1,35,4,6,number_tokens,8.3125,3.75,6.625,2.875,True,True,google/gemma-2-9b-it,11c9b309abf73637e4b6f9a3fa1e92e615547819
1,discovery,1,35,4,6,random_positions,8.3125,3.75,3.875,0.125,True,True,google/gemma-2-9b-it,11c9b309abf73637e4b6f9a3fa1e92e615547819
1,discovery,1,35,4,7,answer_position,8.3125,3.75,3.75,0.0,True,True,google/gemma-2-9b-it,11c9b309abf73637e4b6f9a3fa1e92e615547819
1,discovery,1,35,4,7,number_tokens,8.3125,3.75,7.8125,4.0625,True,True,google/gemma-2-9b-it,11c9b309abf73637e4b6f9a3fa1e92e615547819
1,discovery,1,35,4,7,random_positions,8.3125,3.75,4.0,0.25,True,True,google/gemma-2-9b-it,11c9b309abf73637e4b6f9a3fa1e92e615547819
1,discovery,1,35,4,8,answer_position,8.3125,3.75,3.875,0.125,True,True,google/gemma-2-9b-it,11c9b309abf73637e4b6f9a3fa1e92e615547819
1,discovery,1,35,4,8,number_tokens,8.3125,3.75,7.8125,4.0625,True,True,google/gemma-2-9b-it,11c9b309abf73637e4b6f9a3fa1e92e615547819
1,discovery,1,35,4,8,random_positions,8.3125,3.75,3.875,0.125,True,True,google/gemma-2-9b-it,11c9b309abf73637e4b6f9a3fa1e92e615547819
1,discovery,1,35,4,9,answer_position,8.3125,3.75,3.625,-0.125,True,True,google/gemma-2-9b-it,11c9b309abf73637e4b6f9a3fa1e92e615547819
1,discovery,1,35,4,9,number_tokens,8.3125,3.75,8.125,4.375,True,True,google/gemma-2-9b-it,11c9b309abf73637e4b6f9a3fa1e92e615547819
1,discovery,1,35,4,9,random_positions,8.3125,3.75,4.25,0.5,True,True,google/gemma-2-9b-it,11c9b309abf73637e4b6f9a3fa1e92e615547819
1,discovery,1,35,4,10,answer_position,8.3125,3.75,3.75,0.0,True,True,google/gemma-2-9b-it,11c9b309abf73637e4b6f9a3fa1e92e615547819
1,discovery,1,35,4,10,number_tokens,8.3125,3.75,7.75,4.0,True,True,google/gemma-2-9b-it,11c9b309abf73637e4b6f9a3fa1e92e615547819
1,discovery,1,35,4,10,random_positions,8.3125,3.75,3.875,0.125,True,True,google/gemma-2-9b-it,11c9b309abf73637e4b6f9a3fa1e92e615547819
1,discovery,1,35,4,11,answer_position,8.3125,3.75,3.625,-0.125,True,True,google/gemma-2-9b-it,11c9b309abf73637e4b6f9a3fa1e92e615547819
1,discovery,1,35,4,11,number_tokens,8.3125,3.75,6.25,2.5,True,True,google/gemma-2-9b-it,11c9b309abf73637e4b6f9a3fa1e92e615547819
1,discovery,1,35,4,11,random_positions,8.3125,3.75,3.75,0.0,True,True,google/gemma-2-9b-it,11c9b309abf73637e4b6f9a3fa1e92e615547819
1,discovery,1,35,4,12,answer_position,8.3125,3.75,3.75,0.0,True,True,google/gemma-2-9b-it,11c9b309abf73637e4b6f9a3fa1e92e615547819
1,discovery,1,35,4,12,number_tokens,8.3125,3.75,1.0,-2.75,True,True,google/gemma-2-9b-it,11c9b309abf73637e4b6f9a3fa1e92e615547819
1,discovery,1,35,4,12,random_positions,8.3125,3.75,3.625,-0.125,True,True,google/gemma-2-9b-it,11c9b309abf73637e4b6f9a3fa1e92e615547819
1,discovery,1,35,4,13,answer_position,8.3125,3.75,3.75,0.0,True,True,google/gemma-2-9b-it,11c9b309abf73637e4b6f9a3fa1e92e615547819
1,discovery,1,35,4,13,number_tokens,8.3125,3.75,1.625,-2.125,True,True,google/gemma-2-9b-it,11c9b309abf73637e4b6f9a3fa1e92e615547819
1,discovery,1,35,4,13,random_positions,8.3125,3.75,4.0,0.25,True,True,google/gemma-2-9b-it,11c9b309abf73637e4b6f9a3fa1e92e615547819
1,discovery,1,35,4,14,answer_position,8.3125,3.75,3.75,0.0,True,True,google/gemma-2-9b-it,11c9b309abf73637e4b6f9a3fa1e92e615547819
1,discovery,1,35,4,14,number_tokens,8.3125,3.75,2.375,-1.375,True,True,google/gemma-2-9b-it,11c9b309abf73637e4b6f9a3fa1e92e615547819
1,discovery,1,35,4,14,random_positions,8.3125,3.75,4.25,0.5,True,True,google/gemma-2-9b-it,11c9b309abf73637e4b6f9a3fa1e92e615547819
1,discovery,1,35,4,15,answer_position,8.3125,3.75,3.75,0.0,True,True,google/gemma-2-9b-it,11c9b309abf73637e4b6f9a3fa1e92e615547819
1,discovery,1,35,4,15,number_tokens,8.3125,3.75,5.625,1.875,True,True,google/gemma-2-9b-it,11c9b309abf73637e4b6f9a3fa1e92e615547819
1,discovery,1,35,4,15,random_positions,8.3125,3.75,4.125,0.375,True,True,google/gemma-2-9b-it,11c9b309abf73637e4b6f9a3fa1e92e615547819
1,discovery,1,35,4,16,answer_position,8.3125,3.75,3.75,0.0,True,True,google/gemma-2-9b-it,11c9b309abf73637e4b6f9a3fa1e92e615547819
1,discovery,1,35,4,16,number_tokens,8.3125,3.75,6.125,2.375,True,True,google/gemma-2-9b-it,11c9b309abf73637e4b6f9a3fa1e92e615547819
1,discovery,1,35,4,16,random_positions,8.3125,3.75,4.375,0.625,True,True,google/gemma-2-9b-it,11c9b309abf73637e4b6f9a3fa1e92e615547819
1,discovery,1,35,4,17,answer_position,8.3125,3.75,3.75,0.0,True,True,google/gemma-2-9b-it,11c9b309abf73637e4b6f9a3fa1e92e615547819
1,discovery,1,35,4,17,number_tokens,8.3125,3.75,6.125,2.375,True,True,google/gemma-2-9b-it,11c9b309abf73637e4b6f9a3fa1e92e615547819
1,discovery,1,35,4,17,random_positions,8.3125,3.75,4.5,0.75,True,True,google/gemma-2-9b-it,11c9b309abf73637e4b6f9a3fa1e92e615547819
1,discovery,1,35,4,18,answer_position,8.3125,3.75,3.75,0.0,True,True,google/gemma-2-9b-it,11c9b309abf73637e4b6f9a3fa1e92e615547819
1,discovery,1,35,4,18,number_tokens,8.3125,3.75,5.125,1.375,True,True,google/gemma-2-9b-it,11c9b309abf73637e4b6f9a3fa1e92e615547819
1,discovery,1,35,4,18,random_positions,8.3125,3.75,4.5,0.75,True,True,google/gemma-2-9b-it,11c9b309abf73637e4b6f9a3fa1e92e615547819
1,discovery,1,35,4,19,answer_position,8.3125,3.75,3.75,0.0,True,True,google/gemma-2-9b-it,11c9b309abf73637e4b6f9a3fa1e92e615547819
1,discovery,1,35,4,19,number_tokens,8.3125,3.75,5.75,2.0,True,True,google/gemma-2-9b-it,11c9b309abf73637e4b6f9a3fa1e92e615547819
1,discovery,1,35,4,19,random_positions,8.3125,3.75,4.375,0.625,True,True,google/gemma-2-9b-it,11c9b309abf73637e4b6f9a3fa1e92e615547819
1,discovery,1,35,4,20,answer_position,8.3125,3.75,4.375,0.625,True,True,google/gemma-2-9b-it,11c9b309abf73637e4b6f9a3fa1e92e615547819
1,discovery,1,35,4,20,number_tokens,8.3125,3.75,4.75,1.0,True,True,google/gemma-2-9b-it,11c9b309abf73637e4b6f9a3fa1e92e615547819
1,discovery,1,35,4,20,random_positions,8.3125,3.75,3.875,0.125,True,True,google/gemma-2-9b-it,11c9b309abf73637e4b6f9a3fa1e92e615547819
1,discovery,1,35,4,21,answer_position,8.3125,3.75,4.75,1.0,True,True,google/gemma-2-9b-it,11c9b309abf73637e4b6f9a3fa1e92e615547819
1,discovery,1,35,4,21,number_tokens,8.3125,3.75,4.375,0.625,True,True,google/gemma-2-9b-it,11c9b309abf73637e4b6f9a3fa1e92e615547819
1,discovery,1,35,4,21,random_positions,8.3125,3.75,3.875,0.125,True,True,google/gemma-2-9b-it,11c9b309abf73637e4b6f9a3fa1e92e615547819
1,discovery,1,35,4,22,answer_position,8.3125,3.75,5.75,2.0,True,True,google/gemma-2-9b-it,11c9b309abf73637e4b6f9a3fa1e92e615547819
1,discovery,1,35,4,22,number_tokens,8.3125,3.75,4.375,0.625,True,True,google/gemma-2-9b-it,11c9b309abf73637e4b6f9a3fa1e92e615547819
1,discovery,1,35,4,22,random_positions,8.3125,3.75,4.0,0.25,True,True,google/gemma-2-9b-it,11c9b309abf73637e4b6f9a3fa1e92e615547819
1,discovery,1,35,4,23,answer_position,8.3125,3.75,6.5625,2.8125,True,True,google/gemma-2-9b-it,11c9b309abf73637e4b6f9a3fa1e92e615547819
1,discovery,1,35,4,23,number_tokens,8.3125,3.75,3.875,0.125,True,True,google/gemma-2-9b-it,11c9b309abf73637e4b6f9a3fa1e92e615547819
1,discovery,1,35,4,23,random_positions,8.3125,3.75,3.875,0.125,True,True,google/gemma-2-9b-it,11c9b309abf73637e4b6f9a3fa1e92e615547819
1,discovery,1,35,4,24,answer_position,8.3125,3.75,6.5625,2.8125,True,True,google/gemma-2-9b-it,11c9b309abf73637e4b6f9a3fa1e92e615547819
1,discovery,1,35,4,24,number_tokens,8.3125,3.75,3.75,0.0,True,True,google/gemma-2-9b-it,11c9b309abf73637e4b6f9a3fa1e92e615547819
1,discovery,1,35,4,24,random_positions,8.3125,3.75,3.875,0.125,True,True,google/gemma-2-9b-it,11c9b309abf73637e4b6f9a3fa1e92e615547819
1,discovery,1,35,4,25,answer_position,8.3125,3.75,7.0,3.25,True,True,google/gemma-2-9b-it,11c9b309abf73637e4b6f9a3fa1e92e615547819
1,discovery,1,35,4,25,number_tokens,8.3125,3.75,3.75,0.0,True,True,google/gemma-2-9b-it,11c9b309abf73637e4b6f9a3fa1e92e615547819
1,discovery,1,35,4,25,random_positions,8.3125,3.75,3.875,0.125,True,True,google/gemma-2-9b-it,11c9b309abf73637e4b6f9a3fa1e92e615547819
1,discovery,1,35,4,26,answer_position,8.3125,3.75,7.25,3.5,True,True,google/gemma-2-9b-it,11c9b309abf73637e4b6f9a3fa1e92e615547819
1,discovery,1,35,4,26,number_tokens,8.3125,3.75,3.625,-0.125,True,True,google/gemma-2-9b-it,11c9b309abf73637e4b6f9a3fa1e92e615547819
1,discovery,1,35,4,26,random_positions,8.3125,3.75,3.75,0.0,True,True,google/gemma-2-9b-it,11c9b309abf73637e4b6f9a3fa1e92e615547819
1,discovery,1,35,4,27,answer_position,8.3125,3.75,7.375,3.625,True,True,google/gemma-2-9b-it,11c9b309abf73637e4b6f9a3fa1e92e615547819
1,discovery,1,35,4,27,number_tokens,8.3125,3.75,3.75,0.0,True,True,google/gemma-2-9b-it,11c9b309abf73637e4b6f9a3fa1e92e615547819
1,discovery,1,35,4,27,random_positions,8.3125,3.75,3.75,0.0,True,True,google/gemma-2-9b-it,11c9b309abf73637e4b6f9a3fa1e92e615547819
1,discovery,1,35,4,28,answer_position,8.3125,3.75,7.375,3.625,True,True,google/gemma-2-9b-it,11c9b309abf73637e4b6f9a3fa1e92e615547819
1,discovery,1,35,4,28,number_tokens,8.3125,3.75,3.75,0.0,True,True,google/gemma-2-9b-it,11c9b309abf73637e4b6f9a3fa1e92e615547819
1,discovery,1,35,4,28,random_positions,8.3125,3.75,3.75,0.0,True,True,google/gemma-2-9b-it,11c9b309abf73637e4b6f9a3fa1e92e615547819
1,discovery,1,35,4,29,answer_position,8.3125,3.75,7.375,3.625,True,True,google/gemma-2-9b-it,11c9b309abf73637e4b6f9a3fa1e92e615547819
1,discovery,1,35,4,29,number_tokens,8.3125,3.75,3.75,0.0,True,True,google/gemma-2-9b-it,11c9b309abf73637e4b6f9a3fa1e92e615547819
1,discovery,1,35,4,29,random_positions,8.3125,3.75,3.75,0.0,True,True,google/gemma-2-9b-it,11c9b309abf73637e4b6f9a3fa1e92e615547819
1,discovery,1,35,4,30,answer_position,8.3125,3.75,7.5,3.75,True,True,google/gemma-2-9b-it,11c9b309abf73637e4b6f9a3fa1e92e615547819
1,discovery,1,35,4,30,number_tokens,8.3125,3.75,3.75,0.0,True,True,google/gemma-2-9b-it,11c9b309abf73637e4b6f9a3fa1e92e615547819
1,discovery,1,35,4,30,random_positions,8.3125,3.75,3.625,-0.125,True,True,google/gemma-2-9b-it,11c9b309abf73637e4b6f9a3fa1e92e615547819
1,discovery,1,35,4,31,answer_position,8.3125,3.75,7.5,3.75,True,True,google/gemma-2-9b-it,11c9b309abf73637e4b6f9a3fa1e92e615547819
1,discovery,1,35,4,31,number_tokens,8.3125,3.75,3.875,0.125,True,True,google/gemma-2-9b-it,11c9b309abf73637e4b6f9a3fa1e92e615547819
1,discovery,1,35,4,31,random_positions,8.3125,3.75,3.75,0.0,True,True,google/gemma-2-9b-it,11c9b309abf73637e4b6f9a3fa1e92e615547819
1,discovery,1,35,4,32,answer_position,8.3125,3.75,7.625,3.875,True,True,google/gemma-2-9b-it,11c9b309abf73637e4b6f9a3fa1e92e615547819
1,discovery,1,35,4,32,number_tokens,8.3125,3.75,3.75,0.0,True,True,google/gemma-2-9b-it,11c9b309abf73637e4b6f9a3fa1e92e615547819
1,discovery,1,35,4,32,random_positions,8.3125,3.75,3.625,-0.125,True,True,google/gemma-2-9b-it,11c9b309abf73637e4b6f9a3fa1e92e615547819
1,discovery,1,35,4,33,answer_position,8.3125,3.75,7.625,3.875,True,True,google/gemma-2-9b-it,11c9b309abf73637e4b6f9a3fa1e92e615547819
1,discovery,1,35,4,33,number_tokens,8.3125,3.75,3.75,0.0,True,True,google/gemma-2-9b-it,11c9b309abf73637e4b6f9a3fa1e92e615547819
1,discovery,1,35,4,33,random_positions,8.3125,3.75,3.75,0.0,True,True,google/gemma-2-9b-it,11c9b309abf73637e4b6f9a3fa1e92e615547819
1,discovery,1,35,4,34,answer_position,8.3125,3.75,7.625,3.875,True,True,google/gemma-2-9b-it,11c9b309abf73637e4b6f9a3fa1e92e615547819
1,discovery,1,35,4,34,number_tokens,8.3125,3.75,3.75,0.0,True,True,google/gemma-2-9b-it,11c9b309abf73637e4b6f9a3fa1e92e615547819
1,discovery,1,35,4,34,random_positions,8.3125,3.75,3.875,0.125,True,True,google/gemma-2-9b-it,11c9b309abf73637e4b6f9a3fa1e92e615547819
1,discovery,1,35,4,35,answer_position,8.3125,3.75,7.625,3.875,True,True,google/gemma-2-9b-it,11c9b309abf73637e4b6f9a3fa1e92e615547819
1,discovery,1,35,4,35,number_tokens,8.3125,3.75,3.75,0.0,True,True,google/gemma-2-9b-it,11c9b309abf73637e4b6f9a3fa1e92e615547819
1,discovery,1,35,4,35,random_positions,8.3125,3.75,3.625,-0.125,True,True,google/gemma-2-9b-it,11c9b309abf73637e4b6f9a3fa1e92e615547819
1,discovery,1,35,4,36,answer_position,8.3125,3.75,7.75,4.0,True,True,google/gemma-2-9b-it,11c9b309abf73637e4b6f9a3fa1e92e615547819
1,discovery,1,35,4,36,number_tokens,8.3125,3.75,3.75,0.0,True,True,google/gemma-2-9b-it,11c9b309abf73637e4b6f9a3fa1e92e615547819
1,discovery,1,35,4,36,random_positions,8.3125,3.75,3.875,0.125,True,True,google/gemma-2-9b-it,11c9b309abf73637e4b6f9a3fa1e92e615547819
1,discovery,1,35,4,37,answer_position,8.3125,3.75,7.625,3.875,True,True,google/gemma-2-9b-it,11c9b309abf73637e4b6f9a3fa1e92e615547819
1,discovery,1,35,4,37,number_tokens,8.3125,3.75,3.75,0.0,True,True,google/gemma-2-9b-it,11c9b309abf73637e4b6f9a3fa1e92e615547819
1,discovery,1,35,4,37,random_positions,8.3125,3.75,3.75,0.0,True,True,google/gemma-2-9b-it,11c9b309abf73637e4b6f9a3fa1e92e615547819
1,discovery,1,35,4,38,answer_position,8.3125,3.75,7.75,4.0,True,True,google/gemma-2-9b-it,11c9b309abf73637e4b6f9a3fa1e92e615547819
1,discovery,1,35,4,38,number_tokens,8.3125,3.75,3.875,0.125,True,True,google/gemma-2-9b-it,11c9b309abf73637e4b6f9a3fa1e92e615547819
1,discovery,1,35,4,38,random_positions,8.3125,3.75,3.75,0.0,True,True,google/gemma-2-9b-it,11c9b309abf73637e4b6f9a3fa1e92e615547819
1,discovery,1,35,4,39,answer_position,8.3125,3.75,7.875,4.125,True,True,google/gemma-2-9b-it,11c9b309abf73637e4b6f9a3fa1e92e615547819
1,discovery,1,35,4,39,number_tokens,8.3125,3.75,3.75,0.0,True,True,google/gemma-2-9b-it,11c9b309abf73637e4b6f9a3fa1e92e615547819
1,discovery,1,35,4,39,random_positions,8.3125,3.75,3.75,0.0,True,True,google/gemma-2-9b-it,11c9b309abf73637e4b6f9a3fa1e92e615547819
1,discovery,1,35,4,40,answer_position,8.3125,3.75,8.125,4.375,True,True,google/gemma-2-9b-it,11c9b309abf73637e4b6f9a3fa1e92e615547819
1,discovery,1,35,4,40,number_tokens,8.3125,3.75,3.75,0.0,True,True,google/gemma-2-9b-it,11c9b309abf73637e4b6f9a3fa1e92e615547819
1,discovery,1,35,4,40,random_positions,8.3125,3.75,3.75,0.0,True,True,google/gemma-2-9b-it,11c9b309abf73637e4b6f9a3fa1e92e615547819
1,discovery,1,35,4,41,answer_position,8.3125,3.75,8.3125,4.5625,True,True,google/gemma-2-9b-it,11c9b309abf73637e4b6f9a3fa1e92e615547819
1,discovery,1,35,4,41,number_tokens,8.3125,3.75,3.75,0.0,True,True,google/gemma-2-9b-it,11c9b309abf73637e4b6f9a3fa1e92e615547819
1,discovery,1,35,4,41,random_positions,8.3125,3.75,3.75,0.0,True,True,google/gemma-2-9b-it,11c9b309abf73637e4b6f9a3fa1e92e615547819
2,discovery,1,36,2,0,answer_position,7.5,2.25,2.125,-0.125,True,True,google/gemma-2-9b-it,11c9b309abf73637e4b6f9a3fa1e92e615547819
2,discovery,1,36,2,0,number_tokens,7.5,2.25,2.375,0.125,True,True,google/gemma-2-9b-it,11c9b309abf73637e4b6f9a3fa1e92e615547819
2,discovery,1,36,2,0,random_positions,7.5,2.25,4.25,2.0,True,True,google/gemma-2-9b-it,11c9b309abf73637e4b6f9a3fa1e92e615547819
2,discovery,1,36,2,1,answer_position,7.5,2.25,2.125,-0.125,True,True,google/gemma-2-9b-it,11c9b309abf73637e4b6f9a3fa1e92e615547819
2,discovery,1,36,2,1,number_tokens,7.5,2.25,2.625,0.375,True,True,google/gemma-2-9b-it,11c9b309abf73637e4b6f9a3fa1e92e615547819
2,discovery,1,36,2,1,random_positions,7.5,2.25,3.75,1.5,True,True,google/gemma-2-9b-it,11c9b309abf73637e4b6f9a3fa1e92e615547819
2,discovery,1,36,2,2,answer_position,7.5,2.25,2.25,0.0,True,True,google/gemma-2-9b-it,11c9b309abf73637e4b6f9a3fa1e92e615547819
2,discovery,1,36,2,2,number_tokens,7.5,2.25,2.375,0.125,True,True,google/gemma-2-9b-it,11c9b309abf73637e4b6f9a3fa1e92e615547819
2,discovery,1,36,2,2,random_positions,7.5,2.25,3.5,1.25,True,True,google/gemma-2-9b-it,11c9b309abf73637e4b6f9a3fa1e92e615547819
2,discovery,1,36,2,3,answer_position,7.5,2.25,2.125,-0.125,True,True,google/gemma-2-9b-it,11c9b309abf73637e4b6f9a3fa1e92e615547819
2,discovery,1,36,2,3,number_tokens,7.5,2.25,2.375,0.125,True,True,google/gemma-2-9b-it,11c9b309abf73637e4b6f9a3fa1e92e615547819
2,discovery,1,36,2,3,random_positions,7.5,2.25,3.625,1.375,True,True,google/gemma-2-9b-it,11c9b309abf73637e4b6f9a3fa1e92e615547819
2,discovery,1,36,2,4,answer_position,7.5,2.25,2.0,-0.25,True,True,google/gemma-2-9b-it,11c9b309abf73637e4b6f9a3fa1e92e615547819
2,discovery,1,36,2,4,number_tokens,7.5,2.25,3.125,0.875,True,True,google/gemma-2-9b-it,11c9b309abf73637e4b6f9a3fa1e92e615547819
2,discovery,1,36,2,4,random_positions,7.5,2.25,3.0,0.75,True,True,google/gemma-2-9b-it,11c9b309abf73637e4b6f9a3fa1e92e615547819
2,discovery,1,36,2,5,answer_position,7.5,2.25,2.25,0.0,True,True,google/gemma-2-9b-it,11c9b309abf73637e4b6f9a3fa1e92e615547819
2,discovery,1,36,2,5,number_tokens,7.5,2.25,4.625,2.375,True,True,google/gemma-2-9b-it,11c9b309abf73637e4b6f9a3fa1e92e615547819
2,discovery,1,36,2,5,random_positions,7.5,2.25,3.375,1.125,True,True,google/gemma-2-9b-it,11c9b309abf73637e4b6f9a3fa1e92e615547819
2,discovery,1,36,2,6,answer_position,7.5,2.25,2.0,-0.25,True,True,google/gemma-2-9b-it,11c9b309abf73637e4b6f9a3fa1e92e615547819
2,discovery,1,36,2,6,number_tokens,7.5,2.25,5.125,2.875,True,True,google/gemma-2-9b-it,11c9b309abf73637e4b6f9a3fa1e92e615547819
2,discovery,1,36,2,6,random_positions,7.5,2.25,4.375,2.125,True,True,google/gemma-2-9b-it,11c9b309abf73637e4b6f9a3fa1e92e615547819
2,discovery,1,36,2,7,answer_position,7.5,2.25,2.125,-0.125,True,True,google/gemma-2-9b-it,11c9b309abf73637e4b6f9a3fa1e92e615547819
2,discovery,1,36,2,7,number_tokens,7.5,2.25,6.8125,4.5625,True,True,google/gemma-2-9b-it,11c9b309abf73637e4b6f9a3fa1e92e615547819
2,discovery,1,36,2,7,random_positions,7.5,2.25,4.25,2.0,True,True,google/gemma-2-9b-it,11c9b309abf73637e4b6f9a3fa1e92e615547819
2,discovery,1,36,2,8,answer_position,7.5,2.25,2.125,-0.125,True,True,google/gemma-2-9b-it,11c9b309abf73637e4b6f9a3fa1e92e615547819
2,discovery,1,36,2,8,number_tokens,7.5,2.25,7.625,5.375,True,True,google/gemma-2-9b-it,11c9b309abf73637e4b6f9a3fa1e92e615547819
2,discovery,1,36,2,8,random_positions,7.5,2.25,5.375,3.125,True,True,google/gemma-2-9b-it,11c9b309abf73637e4b6f9a3fa1e92e615547819
2,discovery,1,36,2,9,answer_position,7.5,2.25,2.125,-0.125,True,True,google/gemma-2-9b-it,11c9b309abf73637e4b6f9a3fa1e92e615547819
2,discovery,1,36,2,9,number_tokens,7.5,2.25,7.25,5.0,True,True,google/gemma-2-9b-it,11c9b309abf73637e4b6f9a3fa1e92e615547819
2,discovery,1,36,2,9,random_positions,7.5,2.25,5.125,2.875,True,True,google/gemma-2-9b-it,11c9b309abf73637e4b6f9a3fa1e92e615547819
2,discovery,1,36,2,10,answer_position,7.5,2.25,2.125,-0.125,True,True,google/gemma-2-9b-it,11c9b309abf73637e4b6f9a3fa1e92e615547819
2,discovery,1,36,2,10,number_tokens,7.5,2.25,7.0625,4.8125,True,True,google/gemma-2-9b-it,11c9b309abf73637e4b6f9a3fa1e92e615547819
2,discovery,1,36,2,10,random_positions,7.5,2.25,7.125,4.875,True,True,google/gemma-2-9b-it,11c9b309abf73637e4b6f9a3fa1e92e615547819
2,discovery,1,36,2,11,answer_position,7.5,2.25,2.0,-0.25,True,True,google/gemma-2-9b-it,11c9b309abf73637e4b6f9a3fa1e92e615547819
2,discovery,1,36,2,11,number_tokens,7.5,2.25,6.0,3.75,True,True,google/gemma-2-9b-it,11c9b309abf73637e4b6f9a3fa1e92e615547819
2,discovery,1,36,2,11,random_positions,7.5,2.25,7.375,5.125,True,True,google/gemma-2-9b-it,11c9b309abf73637e4b6f9a3fa1e92e615547819
2,discovery,1,36,2,12,answer_position,7.5,2.25,2.0,-0.25,True,True,google/gemma-2-9b-it,11c9b309abf73637e4b6f9a3fa1e92e615547819
2,discovery,1,36,2,12,number_tokens,7.5,2.25,1.5,-0.75,True,True,google/gemma-2-9b-it,11c9b309abf73637e4b6f9a3fa1e92e615547819
2,discovery,1,36,2,12,random_positions,7.5,2.25,7.6875,5.4375,True,True,google/gemma-2-9b-it,11c9b309abf73637e4b6f9a3fa1e92e615547819
2,discovery,1,36,2,13,answer_position,7.5,2.25,2.0,-0.25,True,True,google/gemma-2-9b-it,11c9b309abf73637e4b6f9a3fa1e92e615547819
2,discovery,1,36,2,13,number_tokens,7.5,2.25,-1.75,-4.0,True,False,google/gemma-2-9b-it,11c9b309abf73637e4b6f9a3fa1e92e615547819
2,discovery,1,36,2,13,random_positions,7.5,2.25,8.0,5.75,True,True,google/gemma-2-9b-it,11c9b309abf73637e4b6f9a3fa1e92e615547819
2,discovery,1,36,2,14,answer_position,7.5,2.25,2.125,-0.125,True,True,google/gemma-2-9b-it,11c9b309abf73637e4b6f9a3fa1e92e615547819
2,discovery,1,36,2,14,number_tokens,7.5,2.25,2.0,-0.25,True,True,google/gemma-2-9b-it,11c9b309abf73637e4b6f9a3fa1e92e615547819
2,discovery,1,36,2,14,random_positions,7.5,2.25,7.5,5.25,True,True,google/gemma-2-9b-it,11c9b309abf73637e4b6f9a3fa1e92e615547819
2,discovery,1,36,2,15,answer_position,7.5,2.25,2.0,-0.25,True,True,google/gemma-2-9b-it,11c9b309abf73637e4b6f9a3fa1e92e615547819
2,discovery,1,36,2,15,number_tokens,7.5,2.25,4.625,2.375,True,True,google/gemma-2-9b-it,11c9b309abf73637e4b6f9a3fa1e92e615547819
2,discovery,1,36,2,15,random_positions,7.5,2.25,7.4375,5.1875,True,True,google/gemma-2-9b-it,11c9b309abf73637e4b6f9a3fa1e92e615547819
2,discovery,1,36,2,16,answer_position,7.5,2.25,2.0,-0.25,True,True,google/gemma-2-9b-it,11c9b309abf73637e4b6f9a3fa1e92e615547819
2,discovery,1,36,2,16,number_tokens,7.5,2.25,5.25,3.0,True,True,google/gemma-2-9b-it,11c9b309abf73637e4b6f9a3fa1e92e615547819
2,discovery,1,36,2,16,random_positions,7.5,2.25,6.5625,4.3125,True,True,google/gemma-2-9b-it,11c9b309abf73637e4b6f9a3fa1e92e615547819
2,discovery,1,36,2,17,answer_position,7.5,2.25,2.25,0.0,True,True,google/gemma-2-9b-it,11c9b309abf73637e4b6f9a3fa1e92e615547819
2,discovery,1,36,2,17,number_tokens,7.5,2.25,5.375,3.125,True,True,google/gemma-2-9b-it,11c9b309abf73637e4b6f9a3fa1e92e615547819
2,discovery,1,36,2,17,random_positions,7.5,2.25,5.75,3.5,True,True,google/gemma-2-9b-it,11c9b309abf73637e4b6f9a3fa1e92e615547819
2,discovery,1,36,2,18,answer_position,7.5,2.25,2.25,0.0,True,True,google/gemma-2-9b-it,11c9b309abf73637e4b6f9a3fa1e92e615547819
2,discovery,1,36,2,18,number_tokens,7.5,2.25,4.0,1.75,True,True,google/gemma-2-9b-it,11c9b309abf73637e4b6f9a3fa1e92e615547819
2,discovery,1,36,2,18,random_positions,7.5,2.25,5.75,3.5,True,True,google/gemma-2-9b-it,11c9b309abf73637e4b6f9a3fa1e92e615547819
2,discovery,1,36,2,19,answer_position,7.5,2.25,2.0,-0.25,True,True,google/gemma-2-9b-it,11c9b309abf73637e4b6f9a3fa1e92e615547819
2,discovery,1,36,2,19,number_tokens,7.5,2.25,4.375,2.125,True,True,google/gemma-2-9b-it,11c9b309abf73637e4b6f9a3fa1e92e615547819
2,discovery,1,36,2,19,random_positions,7.5,2.25,6.4375,4.1875,True,True,google/gemma-2-9b-it,11c9b309abf73637e4b6f9a3fa1e92e615547819
2,discovery,1,36,2,20,answer_position,7.5,2.25,2.75,0.5,True,True,google/gemma-2-9b-it,11c9b309abf73637e4b6f9a3fa1e92e615547819
2,discovery,1,36,2,20,number_tokens,7.5,2.25,2.75,0.5,True,True,google/gemma-2-9b-it,11c9b309abf73637e4b6f9a3fa1e92e615547819
2,discovery,1,36,2,20,random_positions,7.5,2.25,6.4375,4.1875,True,True,google/gemma-2-9b-it,11c9b309abf73637e4b6f9a3fa1e92e615547819
2,discovery,1,36,2,21,answer_position,7.5,2.25,3.75,1.5,True,True,google/gemma-2-9b-it,11c9b309abf73637e4b6f9a3fa1e92e615547819
2,discovery,1,36,2,21,number_tokens,7.5,2.25,3.125,0.875,True,True,google/gemma-2-9b-it,11c9b309abf73637e4b6f9a3fa1e92e615547819
2,discovery,1,36,2,21,random_positions,7.5,2.25,5.125,2.875,True,True,google/gemma-2-9b-it,11c9b309abf73637e4b6f9a3fa1e92e615547819
2,discovery,1,36,2,22,answer_position,7.5,2.25,4.25,2.0,True,True,google/gemma-2-9b-it,11c9b309abf73637e4b6f9a3fa1e92e615547819
2,discovery,1,36,2,22,number_tokens,7.5,2.25,3.0,0.75,True,True,google/gemma-2-9b-it,11c9b309abf73637e4b6f9a3fa1e92e615547819
2,discovery,1,36,2,22,random_positions,7.5,2.25,5.125,2.875,True,True,google/gemma-2-9b-it,11c9b309abf73637e4b6f9a3fa1e92e615547819
2,discovery,1,36,2,23,answer_position,7.5,2.25,5.375,3.125,True,True,google/gemma-2-9b-it,11c9b309abf73637e4b6f9a3fa1e92e615547819
2,discovery,1,36,2,23,number_tokens,7.5,2.25,2.125,-0.125,True,True,google/gemma-2-9b-it,11c9b309abf73637e4b6f9a3fa1e92e615547819
2,discovery,1,36,2,23,random_positions,7.5,2.25,1.25,-1.0,True,True,google/gemma-2-9b-it,11c9b309abf73637e4b6f9a3fa1e92e615547819
2,discovery,1,36,2,24,answer_position,7.5,2.25,5.5,3.25,True,True,google/gemma-2-9b-it,11c9b309abf73637e4b6f9a3fa1e92e615547819
2,discovery,1,36,2,24,number_tokens,7.5,2.25,2.0,-0.25,True,True,google/gemma-2-9b-it,11c9b309abf73637e4b6f9a3fa1e92e615547819
2,discovery,1,36,2,24,random_positions,7.5,2.25,1.625,-0.625,True,True,google/gemma-2-9b-it,11c9b309abf73637e4b6f9a3fa1e92e615547819
2,discovery,1,36,2,25,answer_position,7.5,2.25,6.25,4.0,True,True,google/gemma-2-9b-it,11c9b309abf73637e4b6f9a3fa1e92e615547819
2,discovery,1,36,2,25,number_tokens,7.5,2.25,2.0,-0.25,True,True,google/gemma-2-9b-it,11c9b309abf73637e4b6f9a3fa1e92e615547819
2,discovery,1,36,2,25,random_positions,7.5,2.25,1.625,-0.625,True,True,google/gemma-2-9b-it,11c9b309abf73637e4b6f9a3fa1e92e615547819
2,discovery,1,36,2,26,answer_position,7.5,2.25,6.5625,4.3125,True,True,google/gemma-2-9b-it,11c9b309abf73637e4b6f9a3fa1e92e615547819
2,discovery,1,36,2,26,number_tokens,7.5,2.25,2.0,-0.25,True,True,google/gemma-2-9b-it,11c9b309abf73637e4b6f9a3fa1e92e615547819
2,discovery,1,36,2,26,random_positions,7.5,2.25,2.125,-0.125,True,True,google/gemma-2-9b-it,11c9b309abf73637e4b6f9a3fa1e92e615547819
2,discovery,1,36,2,27,answer_position,7.5,2.25,6.8125,4.5625,True,True,google/gemma-2-9b-it,11c9b309abf73637e4b6f9a3fa1e92e615547819
2,discovery,1,36,2,27,number_tokens,7.5,2.25,2.125,-0.125,True,True,google/gemma-2-9b-it,11c9b309abf73637e4b6f9a3fa1e92e615547819
2,discovery,1,36,2,27,random_positions,7.5,2.25,2.125,-0.125,True,True,google/gemma-2-9b-it,11c9b309abf73637e4b6f9a3fa1e92e615547819
2,discovery,1,36,2,28,answer_position,7.5,2.25,6.6875,4.4375,True,True,google/gemma-2-9b-it,11c9b309abf73637e4b6f9a3fa1e92e615547819
2,discovery,1,36,2,28,number_tokens,7.5,2.25,2.25,0.0,True,True,google/gemma-2-9b-it,11c9b309abf73637e4b6f9a3fa1e92e615547819
2,discovery,1,36,2,28,random_positions,7.5,2.25,2.375,0.125,True,True,google/gemma-2-9b-it,11c9b309abf73637e4b6f9a3fa1e92e615547819
2,discovery,1,36,2,29,answer_position,7.5,2.25,6.8125,4.5625,True,True,google/gemma-2-9b-it,11c9b309abf73637e4b6f9a3fa1e92e615547819
2,discovery,1,36,2,29,number_tokens,7.5,2.25,2.25,0.0,True,True,google/gemma-2-9b-it,11c9b309abf73637e4b6f9a3fa1e92e615547819
2,discovery,1,36,2,29,random_positions,7.5,2.25,2.375,0.125,True,True,google/gemma-2-9b-it,11c9b309abf73637e4b6f9a3fa1e92e615547819
2,discovery,1,36,2,30,answer_position,7.5,2.25,6.8125,4.5625,True,True,google/gemma-2-9b-it,11c9b309abf73637e4b6f9a3fa1e92e615547819
2,discovery,1,36,2,30,number_tokens,7.5,2.25,2.25,0.0,True,True,google/gemma-2-9b-it,11c9b309abf73637e4b6f9a3fa1e92e615547819
2,discovery,1,36,2,30,random_positions,7.5,2.25,2.375,0.125,True,True,google/gemma-2-9b-it,11c9b309abf73637e4b6f9a3fa1e92e615547819
2,discovery,1,36,2,31,answer_position,7.5,2.25,6.9375,4.6875,True,True,google/gemma-2-9b-it,11c9b309abf73637e4b6f9a3fa1e92e615547819
2,discovery,1,36,2,31,number_tokens,7.5,2.25,2.25,0.0,True,True,google/gemma-2-9b-it,11c9b309abf73637e4b6f9a3fa1e92e615547819
2,discovery,1,36,2,31,random_positions,7.5,2.25,2.375,0.125,True,True,google/gemma-2-9b-it,11c9b309abf73637e4b6f9a3fa1e92e615547819
2,discovery,1,36,2,32,answer_position,7.5,2.25,6.875,4.625,True,True,google/gemma-2-9b-it,11c9b309abf73637e4b6f9a3fa1e92e615547819
2,discovery,1,36,2,32,number_tokens,7.5,2.25,2.25,0.0,True,True,google/gemma-2-9b-it,11c9b309abf73637e4b6f9a3fa1e92e615547819
2,discovery,1,36,2,32,random_positions,7.5,2.25,2.25,0.0,True,True,google/gemma-2-9b-it,11c9b309abf73637e4b6f9a3fa1e92e615547819
2,discovery,1,36,2,33,answer_position,7.5,2.25,6.8125,4.5625,True,True,google/gemma-2-9b-it,11c9b309abf73637e4b6f9a3fa1e92e615547819
2,discovery,1,36,2,33,number_tokens,7.5,2.25,2.25,0.0,True,True,google/gemma-2-9b-it,11c9b309abf73637e4b6f9a3fa1e92e615547819
2,discovery,1,36,2,33,random_positions,7.5,2.25,2.25,0.0,True,True,google/gemma-2-9b-it,11c9b309abf73637e4b6f9a3fa1e92e615547819
2,discovery,1,36,2,34,answer_position,7.5,2.25,6.8125,4.5625,True,True,google/gemma-2-9b-it,11c9b309abf73637e4b6f9a3fa1e92e615547819
2,discovery,1,36,2,34,number_tokens,7.5,2.25,2.25,0.0,True,True,google/gemma-2-9b-it,11c9b309abf73637e4b6f9a3fa1e92e615547819
2,discovery,1,36,2,34,random_positions,7.5,2.25,2.25,0.0,True,True,google/gemma-2-9b-it,11c9b309abf73637e4b6f9a3fa1e92e615547819
2,discovery,1,36,2,35,answer_position,7.5,2.25,6.9375,4.6875,True,True,google/gemma-2-9b-it,11c9b309abf73637e4b6f9a3fa1e92e615547819
2,discovery,1,36,2,35,number_tokens,7.5,2.25,2.25,0.0,True,True,google/gemma-2-9b-it,11c9b309abf73637e4b6f9a3fa1e92e615547819
2,discovery,1,36,2,35,random_positions,7.5,2.25,2.25,0.0,True,True,google/gemma-2-9b-it,11c9b309abf73637e4b6f9a3fa1e92e615547819
2,discovery,1,36,2,36,answer_position,7.5,2.25,6.9375,4.6875,True,True,google/gemma-2-9b-it,11c9b309abf73637e4b6f9a3fa1e92e615547819
2,discovery,1,36,2,36,number_tokens,7.5,2.25,2.25,0.0,True,True,google/gemma-2-9b-it,11c9b309abf73637e4b6f9a3fa1e92e615547819
2,discovery,1,36,2,36,random_positions,7.5,2.25,2.25,0.0,True,True,google/gemma-2-9b-it,11c9b309abf73637e4b6f9a3fa1e92e615547819
2,discovery,1,36,2,37,answer_position,7.5,2.25,6.9375,4.6875,True,True,google/gemma-2-9b-it,11c9b309abf73637e4b6f9a3fa1e92e615547819
2,discovery,1,36,2,37,number_tokens,7.5,2.25,2.25,0.0,True,True,google/gemma-2-9b-it,11c9b309abf73637e4b6f9a3fa1e92e615547819
2,discovery,1,36,2,37,random_positions,7.5,2.25,2.25,0.0,True,True,google/gemma-2-9b-it,11c9b309abf73637e4b6f9a3fa1e92e615547819
2,discovery,1,36,2,38,answer_position,7.5,2.25,7.0,4.75,True,True,google/gemma-2-9b-it,11c9b309abf73637e4b6f9a3fa1e92e615547819
2,discovery,1,36,2,38,number_tokens,7.5,2.25,2.25,0.0,True,True,google/gemma-2-9b-it,11c9b309abf73637e4b6f9a3fa1e92e615547819
2,discovery,1,36,2,38,random_positions,7.5,2.25,2.25,0.0,True,True,google/gemma-2-9b-it,11c9b309abf73637e4b6f9a3fa1e92e615547819
2,discovery,1,36,2,39,answer_position,7.5,2.25,7.125,4.875,True,True,google/gemma-2-9b-it,11c9b309abf73637e4b6f9a3fa1e92e615547819
2,discovery,1,36,2,39,number_tokens,7.5,2.25,2.25,0.0,True,True,google/gemma-2-9b-it,11c9b309abf73637e4b6f9a3fa1e92e615547819
2,discovery,1,36,2,39,random_positions,7.5,2.25,2.25,0.0,True,True,google/gemma-2-9b-it,11c9b309abf73637e4b6f9a3fa1e92e615547819
2,discovery,1,36,2,40,answer_position,7.5,2.25,7.25,5.0,True,True,google/gemma-2-9b-it,11c9b309abf73637e4b6f9a3fa1e92e615547819
2,discovery,1,36,2,40,number_tokens,7.5,2.25,2.25,0.0,True,True,google/gemma-2-9b-it,11c9b309abf73637e4b6f9a3fa1e92e615547819
2,discovery,1,36,2,40,random_positions,7.5,2.25,2.25,0.0,True,True,google/gemma-2-9b-it,11c9b309abf73637e4b6f9a3fa1e92e615547819
2,discovery,1,36,2,41,answer_position,7.5,2.25,7.5,5.25,True,True,google/gemma-2-9b-it,11c9b309abf73637e4b6f9a3fa1e92e615547819
2,discovery,1,36,2,41,number_tokens,7.5,2.25,2.25,0.0,True,True,google/gemma-2-9b-it,11c9b309abf73637e4b6f9a3fa1e92e615547819
2,discovery,1,36,2,41,random_positions,7.5,2.25,2.25,0.0,True,True,google/gemma-2-9b-it,11c9b309abf73637e4b6f9a3fa1e92e615547819
3,discovery,1,37,3,0,answer_position,8.875,5.0,5.0,0.0,True,True,google/gemma-2-9b-it,11c9b309abf73637e4b6f9a3fa1e92e615547819
3,discovery,1,37,3,0,number_tokens,8.875,5.0,5.125,0.125,True,True,google/gemma-2-9b-it,11c9b309abf73637e4b6f9a3fa1e92e615547819
3,discovery,1,37,3,0,random_positions,8.875,5.0,5.0,0.0,True,True,google/gemma-2-9b-it,11c9b309abf73637e4b6f9a3fa1e92e615547819
3,discovery,1,37,3,1,answer_position,8.875,5.0,5.0,0.0,True,True,google/gemma-2-9b-it,11c9b309abf73637e4b6f9a3fa1e92e615547819
3,discovery,1,37,3,1,number_tokens,8.875,5.0,5.25,0.25,True,True,google/gemma-2-9b-it,11c9b309abf73637e4b6f9a3fa1e92e615547819
3,discovery,1,37,3,1,random_positions,8.875,5.0,5.0,0.0,True,True,google/gemma-2-9b-it,11c9b309abf73637e4b6f9a3fa1e92e615547819
3,discovery,1,37,3,2,answer_position,8.875,5.0,5.0,0.0,True,True,google/gemma-2-9b-it,11c9b309abf73637e4b6f9a3fa1e92e615547819
3,discovery,1,37,3,2,number_tokens,8.875,5.0,5.625,0.625,True,True,google/gemma-2-9b-it,11c9b309abf73637e4b6f9a3fa1e92e615547819
3,discovery,1,37,3,2,random_positions,8.875,5.0,5.0,0.0,True,True,google/gemma-2-9b-it,11c9b309abf73637e4b6f9a3fa1e92e615547819
3,discovery,1,37,3,3,answer_position,8.875,5.0,5.0,0.0,True,True,google/gemma-2-9b-it,11c9b309abf73637e4b6f9a3fa1e92e615547819
3,discovery,1,37,3,3,number_tokens,8.875,5.0,5.875,0.875,True,True,google/gemma-2-9b-it,11c9b309abf73637e4b6f9a3fa1e92e615547819
3,discovery,1,37,3,3,random_positions,8.875,5.0,5.0,0.0,True,True,google/gemma-2-9b-it,11c9b309abf73637e4b6f9a3fa1e92e615547819
3,discovery,1,37,3,4,answer_position,8.875,5.0,5.0,0.0,True,True,google/gemma-2-9b-it,11c9b309abf73637e4b6f9a3fa1e92e615547819
3,discovery,1,37,3,4,number_tokens,8.875,5.0,6.125,1.125,True,True,google/gemma-2-9b-it,11c9b309abf73637e4b6f9a3fa1e92e615547819
3,discovery,1,37,3,4,random_positions,8.875,5.0,5.0,0.0,True,True,google/gemma-2-9b-it,11c9b309abf73637e4b6f9a3fa1e92e615547819
3,discovery,1,37,3,5,answer_position,8.875,5.0,4.875,-0.125,True,True,google/gemma-2-9b-it,11c9b309abf73637e4b6f9a3fa1e92e615547819
3,discovery,1,37,3,5,number_tokens,8.875,5.0,6.5625,1.5625,True,True,google/gemma-2-9b-it,11c9b309abf73637e4b6f9a3fa1e92e615547819
3,discovery,1,37,3,5,random_positions,8.875,5.0,5.0,0.0,True,True,google/gemma-2-9b-it,11c9b309abf73637e4b6f9a3fa1e92e615547819
3,discovery,1,37,3,6,answer_position,8.875,5.0,5.0,0.0,True,True,google/gemma-2-9b-it,11c9b309abf73637e4b6f9a3fa1e92e615547819
3,discovery,1,37,3,6,number_tokens,8.875,5.0,5.5,0.5,True,True,google/gemma-2-9b-it,11c9b309abf73637e4b6f9a3fa1e92e615547819
3,discovery,1,37,3,6,random_positions,8.875,5.0,5.0,0.0,True,True,google/gemma-2-9b-it,11c9b309abf73637e4b6f9a3fa1e92e615547819
3,discovery,1,37,3,7,answer_position,8.875,5.0,5.0,0.0,True,True,google/gemma-2-9b-it,11c9b309abf73637e4b6f9a3fa1e92e615547819
3,discovery,1,37,3,7,number_tokens,8.875,5.0,6.8125,1.8125,True,True,google/gemma-2-9b-it,11c9b309abf73637e4b6f9a3fa1e92e615547819
3,discovery,1,37,3,7,random_positions,8.875,5.0,5.0,0.0,True,True,google/gemma-2-9b-it,11c9b309abf73637e4b6f9a3fa1e92e615547819
3,discovery,1,37,3,8,answer_position,8.875,5.0,5.0,0.0,True,True,google/gemma-2-9b-it,11c9b309abf73637e4b6f9a3fa1e92e615547819
3,discovery,1,37,3,8,number_tokens,8.875,5.0,6.9375,1.9375,True,True,google/gemma-2-9b-it,11c9b309abf73637e4b6f9a3fa1e92e615547819
3,discovery,1,37,3,8,random_positions,8.875,5.0,5.0,0.0,True,True,google/gemma-2-9b-it,11c9b309abf73637e4b6f9a3fa1e92e615547819
3,discovery,1,37,3,9,answer_position,8.875,5.0,5.0,0.0,True,True,google/gemma-2-9b-it,11c9b309abf73637e4b6f9a3fa1e92e615547819
3,discovery,1,37,3,9,number_tokens,8.875,5.0,7.0,2.0,True,True,google/gemma-2-9b-it,11c9b309abf73637e4b6f9a3fa1e92e615547819
3,discovery,1,37,3,9,random_positions,8.875,5.0,5.0,0.0,True,True,google/gemma-2-9b-it,11c9b309abf73637e4b6f9a3fa1e92e615547819
3,discovery,1,37,3,10,answer_position,8.875,5.0,5.0,0.0,True,True,google/gemma-2-9b-it,11c9b309abf73637e4b6f9a3fa1e92e615547819
3,discovery,1,37,3,10,number_tokens,8.875,5.0,7.6875,2.6875,True,True,google/gemma-2-9b-it,11c9b309abf73637e4b6f9a3fa1e92e615547819
3,discovery,1,37,3,10,random_positions,8.875,5.0,4.875,-0.125,True,True,google/gemma-2-9b-it,11c9b309abf73637e4b6f9a3fa1e92e615547819
3,discovery,1,37,3,11,answer_position,8.875,5.0,4.875,-0.125,True,True,google/gemma-2-9b-it,11c9b309abf73637e4b6f9a3fa1e92e615547819
3,discovery,1,37,3,11,number_tokens,8.875,5.0,2.25,-2.75,True,True,google/gemma-2-9b-it,11c9b309abf73637e4b6f9a3fa1e92e615547819
3,discovery,1,37,3,11,random_positions,8.875,5.0,5.0,0.0,True,True,google/gemma-2-9b-it,11c9b309abf73637e4b6f9a3fa1e92e615547819
3,discovery,1,37,3,12,answer_position,8.875,5.0,4.875,-0.125,True,True,google/gemma-2-9b-it,11c9b309abf73637e4b6f9a3fa1e92e615547819
3,discovery,1,37,3,12,number_tokens,8.875,5.0,-2.5,-7.5,True,False,google/gemma-2-9b-it,11c9b309abf73637e4b6f9a3fa1e92e615547819
3,discovery,1,37,3,12,random_positions,8.875,5.0,4.875,-0.125,True,True,google/gemma-2-9b-it,11c9b309abf73637e4b6f9a3fa1e92e615547819
3,discovery,1,37,3,13,answer_position,8.875,5.0,5.0,0.0,True,True,google/gemma-2-9b-it,11c9b309abf73637e4b6f9a3fa1e92e615547819
3,discovery,1,37,3,13,number_tokens,8.875,5.0,1.75,-3.25,True,True,google/gemma-2-9b-it,11c9b309abf73637e4b6f9a3fa1e92e615547819
3,discovery,1,37,3,13,random_positions,8.875,5.0,4.875,-0.125,True,True,google/gemma-2-9b-it,11c9b309abf73637e4b6f9a3fa1e92e615547819
3,discovery,1,37,3,14,answer_position,8.875,5.0,5.0,0.0,True,True,google/gemma-2-9b-it,11c9b309abf73637e4b6f9a3fa1e92e615547819
3,discovery,1,37,3,14,number_tokens,8.875,5.0,4.0,-1.0,True,True,google/gemma-2-9b-it,11c9b309abf73637e4b6f9a3fa1e92e615547819
3,discovery,1,37,3,14,random_positions,8.875,5.0,4.625,-0.375,True,True,google/gemma-2-9b-it,11c9b309abf73637e4b6f9a3fa1e92e615547819
3,discovery,1,37,3,15,answer_position,8.875,5.0,5.0,0.0,True,True,google/gemma-2-9b-it,11c9b309abf73637e4b6f9a3fa1e92e615547819
3,discovery,1,37,3,15,number_tokens,8.875,5.0,6.0,1.0,True,True,google/gemma-2-9b-it,11c9b309abf73637e4b6f9a3fa1e92e615547819
3,discovery,1,37,3,15,random_positions,8.875,5.0,4.875,-0.125,True,True,google/gemma-2-9b-it,11c9b309abf73637e4b6f9a3fa1e92e615547819
3,discovery,1,37,3,16,answer_position,8.875,5.0,5.0,0.0,True,True,google/gemma-2-9b-it,11c9b309abf73637e4b6f9a3fa1e92e615547819
3,discovery,1,37,3,16,number_tokens,8.875,5.0,6.8125,1.8125,True,True,google/gemma-2-9b-it,11c9b309abf73637e4b6f9a3fa1e92e615547819
3,discovery,1,37,3,16,random_positions,8.875,5.0,4.75,-0.25,True,True,google/gemma-2-9b-it,11c9b309abf73637e4b6f9a3fa1e92e615547819
3,discovery,1,37,3,17,answer_position,8.875,5.0,5.0,0.0,True,True,google/gemma-2-9b-it,11c9b309abf73637e4b6f9a3fa1e92e615547819
3,discovery,1,37,3,17,number_tokens,8.875,5.0,7.125,2.125,True,True,google/gemma-2-9b-it,11c9b309abf73637e4b6f9a3fa1e92e615547819
3,discovery,1,37,3,17,random_positions,8.875,5.0,4.875,-0.125,True,True,google/gemma-2-9b-it,11c9b309abf73637e4b6f9a3fa1e92e615547819
3,discovery,1,37,3,18,answer_position,8.875,5.0,5.0,0.0,True,True,google/gemma-2-9b-it,11c9b309abf73637e4b6f9a3fa1e92e615547819
3,discovery,1,37,3,18,number_tokens,8.875,5.0,6.25,1.25,True,True,google/gemma-2-9b-it,11c9b309abf73637e4b6f9a3fa1e92e615547819
3,discovery,1,37,3,18,random_positions,8.875,5.0,4.625,-0.375,True,True,google/gemma-2-9b-it,11c9b309abf73637e4b6f9a3fa1e92e615547819
3,discovery,1,37,3,19,answer_position,8.875,5.0,5.0,0.0,True,True,google/gemma-2-9b-it,11c9b309abf73637e4b6f9a3fa1e92e615547819
3,discovery,1,37,3,19,number_tokens,8.875,5.0,7.0,2.0,True,True,google/gemma-2-9b-it,11c9b309abf73637e4b6f9a3fa1e92e615547819
3,discovery,1,37,3,19,random_positions,8.875,5.0,5.0,0.0,True,True,google/gemma-2-9b-it,11c9b309abf73637e4b6f9a3fa1e92e615547819
3,discovery,1,37,3,20,answer_position,8.875,5.0,5.375,0.375,True,True,google/gemma-2-9b-it,11c9b309abf73637e4b6f9a3fa1e92e615547819
3,discovery,1,37,3,20,number_tokens,8.875,5.0,6.0,1.0,True,True,google/gemma-2-9b-it,11c9b309abf73637e4b6f9a3fa1e92e615547819
3,discovery,1,37,3,20,random_positions,8.875,5.0,5.25,0.25,True,True,google/gemma-2-9b-it,11c9b309abf73637e4b6f9a3fa1e92e615547819
3,discovery,1,37,3,21,answer_position,8.875,5.0,5.75,0.75,True,True,google/gemma-2-9b-it,11c9b309abf73637e4b6f9a3fa1e92e615547819
3,discovery,1,37,3,21,number_tokens,8.875,5.0,5.625,0.625,True,True,google/gemma-2-9b-it,11c9b309abf73637e4b6f9a3fa1e92e615547819
3,discovery,1,37,3,21,random_positions,8.875,5.0,5.5,0.5,True,True,google/gemma-2-9b-it,11c9b309abf73637e4b6f9a3fa1e92e615547819
3,discovery,1,37,3,22,answer_position,8.875,5.0,6.5625,1.5625,True,True,google/gemma-2-9b-it,11c9b309abf73637e4b6f9a3fa1e92e615547819
3,discovery,1,37,3,22,number_tokens,8.875,5.0,5.5,0.5,True,True,google/gemma-2-9b-it,11c9b309abf73637e4b6f9a3fa1e92e615547819
3,discovery,1,37,3,22,random_positions,8.875,5.0,5.375,0.375,True,True,google/gemma-2-9b-it,11c9b309abf73637e4b6f9a3fa1e92e615547819
3,discovery,1,37,3,23,answer_position,8.875,5.0,7.125,2.125,True,True,google/gemma-2-9b-it,11c9b309abf73637e4b6f9a3fa1e92e615547819
3,discovery,1,37,3,23,number_tokens,8.875,5.0,5.125,0.125,True,True,google/gemma-2-9b-it,11c9b309abf73637e4b6f9a3fa1e92e615547819
3,discovery,1,37,3,23,random_positions,8.875,5.0,5.25,0.25,True,True,google/gemma-2-9b-it,11c9b309abf73637e4b6f9a3fa1e92e615547819
3,discovery,1,37,3,24,answer_position,8.875,5.0,7.25,2.25,True,True,google/gemma-2-9b-it,11c9b309abf73637e4b6f9a3fa1e92e615547819
3,discovery,1,37,3,24,number_tokens,8.875,5.0,5.125,0.125,True,True,google/gemma-2-9b-it,11c9b309abf73637e4b6f9a3fa1e92e615547819
3,discovery,1,37,3,24,random_positions,8.875,5.0,5.25,0.25,True,True,google/gemma-2-9b-it,11c9b309abf73637e4b6f9a3fa1e92e615547819
3,discovery,1,37,3,25,answer_position,8.875,5.0,7.75,2.75,True,True,google/gemma-2-9b-it,11c9b309abf73637e4b6f9a3fa1e92e615547819
3,discovery,1,37,3,25,number_tokens,8.875,5.0,5.0,0.0,True,True,google/gemma-2-9b-it,11c9b309abf73637e4b6f9a3fa1e92e615547819
3,discovery,1,37,3,25,random_positions,8.875,5.0,5.125,0.125,True,True,google/gemma-2-9b-it,11c9b309abf73637e4b6f9a3fa1e92e615547819
3,discovery,1,37,3,26,answer_position,8.875,5.0,7.9375,2.9375,True,True,google/gemma-2-9b-it,11c9b309abf73637e4b6f9a3fa1e92e615547819
3,discovery,1,37,3,26,number_tokens,8.875,5.0,5.0,0.0,True,True,google/gemma-2-9b-it,11c9b309abf73637e4b6f9a3fa1e92e615547819
3,discovery,1,37,3,26,random_positions,8.875,5.0,5.125,0.125,True,True,google/gemma-2-9b-it,11c9b309abf73637e4b6f9a3fa1e92e615547819
3,discovery,1,37,3,27,answer_position,8.875,5.0,8.0625,3.0625,True,True,google/gemma-2-9b-it,11c9b309abf73637e4b6f9a3fa1e92e615547819
3,discovery,1,37,3,27,number_tokens,8.875,5.0,5.0,0.0,True,True,google/gemma-2-9b-it,11c9b309abf73637e4b6f9a3fa1e92e615547819
3,discovery,1,37,3,27,random_positions,8.875,5.0,5.0,0.0,True,True,google/gemma-2-9b-it,11c9b309abf73637e4b6f9a3fa1e92e615547819
3,discovery,1,37,3,28,answer_position,8.875,5.0,7.9375,2.9375,True,True,google/gemma-2-9b-it,11c9b309abf73637e4b6f9a3fa1e92e615547819
3,discovery,1,37,3,28,number_tokens,8.875,5.0,5.0,0.0,True,True,google/gemma-2-9b-it,11c9b309abf73637e4b6f9a3fa1e92e615547819
3,discovery,1,37,3,28,random_positions,8.875,5.0,5.125,0.125,True,True,google/gemma-2-9b-it,11c9b309abf73637e4b6f9a3fa1e92e615547819
3,discovery,1,37,3,29,answer_position,8.875,5.0,8.0625,3.0625,True,True,google/gemma-2-9b-it,11c9b309abf73637e4b6f9a3fa1e92e615547819
3,discovery,1,37,3,29,number_tokens,8.875,5.0,5.0,0.0,True,True,google/gemma-2-9b-it,11c9b309abf73637e4b6f9a3fa1e92e615547819
3,discovery,1,37,3,29,random_positions,8.875,5.0,5.0,0.0,True,True,google/gemma-2-9b-it,11c9b309abf73637e4b6f9a3fa1e92e615547819
3,discovery,1,37,3,30,answer_position,8.875,5.0,8.0,3.0,True,True,google/gemma-2-9b-it,11c9b309abf73637e4b6f9a3fa1e92e615547819
3,discovery,1,37,3,30,number_tokens,8.875,5.0,5.125,0.125,True,True,google/gemma-2-9b-it,11c9b309abf73637e4b6f9a3fa1e92e615547819
3,discovery,1,37,3,30,random_positions,8.875,5.0,5.0,0.0,True,True,google/gemma-2-9b-it,11c9b309abf73637e4b6f9a3fa1e92e615547819
3,discovery,1,37,3,31,answer_position,8.875,5.0,8.125,3.125,True,True,google/gemma-2-9b-it,11c9b309abf73637e4b6f9a3fa1e92e615547819
3,discovery,1,37,3,31,number_tokens,8.875,5.0,5.0,0.0,True,True,google/gemma-2-9b-it,11c9b309abf73637e4b6f9a3fa1e92e615547819
3,discovery,1,37,3,31,random_positions,8.875,5.0,5.0,0.0,True,True,google/gemma-2-9b-it,11c9b309abf73637e4b6f9a3fa1e92e615547819
3,discovery,1,37,3,32,answer_position,8.875,5.0,8.125,3.125,True,True,google/gemma-2-9b-it,11c9b309abf73637e4b6f9a3fa1e92e615547819
3,discovery,1,37,3,32,number_tokens,8.875,5.0,5.0,0.0,True,True,google/gemma-2-9b-it,11c9b309abf73637e4b6f9a3fa1e92e615547819
3,discovery,1,37,3,32,random_positions,8.875,5.0,5.0,0.0,True,True,google/gemma-2-9b-it,11c9b309abf73637e4b6f9a3fa1e92e615547819
3,discovery,1,37,3,33,answer_position,8.875,5.0,8.25,3.25,True,True,google/gemma-2-9b-it,11c9b309abf73637e4b6f9a3fa1e92e615547819
3,discovery,1,37,3,33,number_tokens,8.875,5.0,5.125,0.125,True,True,google/gemma-2-9b-it,11c9b309abf73637e4b6f9a3fa1e92e615547819
3,discovery,1,37,3,33,random_positions,8.875,5.0,5.0,0.0,True,True,google/gemma-2-9b-it,11c9b309abf73637e4b6f9a3fa1e92e615547819
3,discovery,1,37,3,34,answer_position,8.875,5.0,8.25,3.25,True,True,google/gemma-2-9b-it,11c9b309abf73637e4b6f9a3fa1e92e615547819
3,discovery,1,37,3,34,number_tokens,8.875,5.0,5.0,0.0,True,True,google/gemma-2-9b-it,11c9b309abf73637e4b6f9a3fa1e92e615547819
3,discovery,1,37,3,34,random_positions,8.875,5.0,5.0,0.0,True,True,google/gemma-2-9b-it,11c9b309abf73637e4b6f9a3fa1e92e615547819
3,discovery,1,37,3,35,answer_position,8.875,5.0,8.25,3.25,True,True,google/gemma-2-9b-it,11c9b309abf73637e4b6f9a3fa1e92e615547819
3,discovery,1,37,3,35,number_tokens,8.875,5.0,5.0,0.0,True,True,google/gemma-2-9b-it,11c9b309abf73637e4b6f9a3fa1e92e615547819
3,discovery,1,37,3,35,random_positions,8.875,5.0,5.125,0.125,True,True,google/gemma-2-9b-it,11c9b309abf73637e4b6f9a3fa1e92e615547819
3,discovery,1,37,3,36,answer_position,8.875,5.0,8.25,3.25,True,True,google/gemma-2-9b-it,11c9b309abf73637e4b6f9a3fa1e92e615547819
3,discovery,1,37,3,36,number_tokens,8.875,5.0,5.0,0.0,True,True,google/gemma-2-9b-it,11c9b309abf73637e4b6f9a3fa1e92e615547819
3,discovery,1,37,3,36,random_positions,8.875,5.0,5.0,0.0,True,True,google/gemma-2-9b-it,11c9b309abf73637e4b6f9a3fa1e92e615547819
3,discovery,1,37,3,37,answer_position,8.875,5.0,8.3125,3.3125,True,True,google/gemma-2-9b-it,11c9b309abf73637e4b6f9a3fa1e92e615547819
3,discovery,1,37,3,37,number_tokens,8.875,5.0,5.0,0.0,True,True,google/gemma-2-9b-it,11c9b309abf73637e4b6f9a3fa1e92e615547819
3,discovery,1,37,3,37,random_positions,8.875,5.0,5.0,0.0,True,True,google/gemma-2-9b-it,11c9b309abf73637e4b6f9a3fa1e92e615547819
3,discovery,1,37,3,38,answer_position,8.875,5.0,8.4375,3.4375,True,True,google/gemma-2-9b-it,11c9b309abf73637e4b6f9a3fa1e92e615547819
3,discovery,1,37,3,38,number_tokens,8.875,5.0,5.0,0.0,True,True,google/gemma-2-9b-it,11c9b309abf73637e4b6f9a3fa1e92e615547819
3,discovery,1,37,3,38,random_positions,8.875,5.0,5.0,0.0,True,True,google/gemma-2-9b-it,11c9b309abf73637e4b6f9a3fa1e92e615547819
3,discovery,1,37,3,39,answer_position,8.875,5.0,8.6875,3.6875,True,True,google/gemma-2-9b-it,11c9b309abf73637e4b6f9a3fa1e92e615547819
3,discovery,1,37,3,39,number_tokens,8.875,5.0,5.0,0.0,True,True,google/gemma-2-9b-it,11c9b309abf73637e4b6f9a3fa1e92e615547819
3,discovery,1,37,3,39,random_positions,8.875,5.0,5.0,0.0,True,True,google/gemma-2-9b-it,11c9b309abf73637e4b6f9a3fa1e92e615547819
3,discovery,1,37,3,40,answer_position,8.875,5.0,8.6875,3.6875,True,True,google/gemma-2-9b-it,11c9b309abf73637e4b6f9a3fa1e92e615547819
3,discovery,1,37,3,40,number_tokens,8.875,5.0,5.0,0.0,True,True,google/gemma-2-9b-it,11c9b309abf73637e4b6f9a3fa1e92e615547819
3,discovery,1,37,3,40,random_positions,8.875,5.0,5.0,0.0,True,True,google/gemma-2-9b-it,11c9b309abf73637e4b6f9a3fa1e92e615547819
3,discovery,1,37,3,41,answer_position,8.875,5.0,8.875,3.875,True,True,google/gemma-2-9b-it,11c9b309abf73637e4b6f9a3fa1e92e615547819
3,discovery,1,37,3,41,number_tokens,8.875,5.0,5.0,0.0,True,True,google/gemma-2-9b-it,11c9b309abf73637e4b6f9a3fa1e92e615547819
3,discovery,1,37,3,41,random_positions,8.875,5.0,5.0,0.0,True,True,google/gemma-2-9b-it,11c9b309abf73637e4b6f9a3fa1e92e615547819
4,discovery,1,38,4,0,answer_position,8.875,6.6875,6.6875,0.0,True,True,google/gemma-2-9b-it,11c9b309abf73637e4b6f9a3fa1e92e615547819
4,discovery,1,38,4,0,number_tokens,8.875,6.6875,6.9375,0.25,True,True,google/gemma-2-9b-it,11c9b309abf73637e4b6f9a3fa1e92e615547819
4,discovery,1,38,4,0,random_positions,8.875,6.6875,6.6875,0.0,True,True,google/gemma-2-9b-it,11c9b309abf73637e4b6f9a3fa1e92e615547819
4,discovery,1,38,4,1,answer_position,8.875,6.6875,6.6875,0.0,True,True,google/gemma-2-9b-it,11c9b309abf73637e4b6f9a3fa1e92e615547819
4,discovery,1,38,4,1,number_tokens,8.875,6.6875,6.9375,0.25,True,True,google/gemma-2-9b-it,11c9b309abf73637e4b6f9a3fa1e92e615547819
4,discovery,1,38,4,1,random_positions,8.875,6.6875,6.6875,0.0,True,True,google/gemma-2-9b-it,11c9b309abf73637e4b6f9a3fa1e92e615547819
4,discovery,1,38,4,2,answer_position,8.875,6.6875,6.6875,0.0,True,True,google/gemma-2-9b-it,11c9b309abf73637e4b6f9a3fa1e92e615547819
4,discovery,1,38,4,2,number_tokens,8.875,6.6875,6.9375,0.25,True,True,google/gemma-2-9b-it,11c9b309abf73637e4b6f9a3fa1e92e615547819
4,discovery,1,38,4,2,random_positions,8.875,6.6875,6.6875,0.0,True,True,google/gemma-2-9b-it,11c9b309abf73637e4b6f9a3fa1e92e615547819
4,discovery,1,38,4,3,answer_position,8.875,6.6875,6.6875,0.0,True,True,google/gemma-2-9b-it,11c9b309abf73637e4b6f9a3fa1e92e615547819
4,discovery,1,38,4,3,number_tokens,8.875,6.6875,7.125,0.4375,True,True,google/gemma-2-9b-it,11c9b309abf73637e4b6f9a3fa1e92e615547819
4,discovery,1,38,4,3,random_positions,8.875,6.6875,6.6875,0.0,True,True,google/gemma-2-9b-it,11c9b309abf73637e4b6f9a3fa1e92e615547819
4,discovery,1,38,4,4,answer_position,8.875,6.6875,6.6875,0.0,True,True,google/gemma-2-9b-it,11c9b309abf73637e4b6f9a3fa1e92e615547819
4,discovery,1,38,4,4,number_tokens,8.875,6.6875,7.125,0.4375,True,True,google/gemma-2-9b-it,11c9b309abf73637e4b6f9a3fa1e92e615547819
4,discovery,1,38,4,4,random_positions,8.875,6.6875,6.6875,0.0,True,True,google/gemma-2-9b-it,11c9b309abf73637e4b6f9a3fa1e92e615547819
4,discovery,1,38,4,5,answer_position,8.875,6.6875,6.6875,0.0,True,True,google/gemma-2-9b-it,11c9b309abf73637e4b6f9a3fa1e92e615547819
4,discovery,1,38,4,5,number_tokens,8.875,6.6875,6.6875,0.0,True,True,google/gemma-2-9b-it,11c9b309abf73637e4b6f9a3fa1e92e615547819
4,discovery,1,38,4,5,random_positions,8.875,6.6875,6.6875,0.0,True,True,google/gemma-2-9b-it,11c9b309abf73637e4b6f9a3fa1e92e615547819
4,discovery,1,38,4,6,answer_position,8.875,6.6875,6.6875,0.0,True,True,google/gemma-2-9b-it,11c9b309abf73637e4b6f9a3fa1e92e615547819
4,discovery,1,38,4,6,number_tokens,8.875,6.6875,7.125,0.4375,True,True,google/gemma-2-9b-it,11c9b309abf73637e4b6f9a3fa1e92e615547819
4,discovery,1,38,4,6,random_positions,8.875,6.6875,6.6875,0.0,True,True,google/gemma-2-9b-it,11c9b309abf73637e4b6f9a3fa1e92e615547819
4,discovery,1,38,4,7,answer_position,8.875,6.6875,6.8125,0.125,True,True,google/gemma-2-9b-it,11c9b309abf73637e4b6f9a3fa1e92e615547819
4,discovery,1,38,4,7,number_tokens,8.875,6.6875,7.5,0.8125,True,True,google/gemma-2-9b-it,11c9b309abf73637e4b6f9a3fa1e92e615547819
4,discovery,1,38,4,7,random_positions,8.875,6.6875,6.6875,0.0,True,True,google/gemma-2-9b-it,11c9b309abf73637e4b6f9a3fa1e92e615547819
4,discovery,1,38,4,8,answer_position,8.875,6.6875,6.6875,0.0,True,True,google/gemma-2-9b-it,11c9b309abf73637e4b6f9a3fa1e92e615547819
4,discovery,1,38,4,8,number_tokens,8.875,6.6875,7.8125,1.125,True,True,google/gemma-2-9b-it,11c9b309abf73637e4b6f9a3fa1e92e615547819
4,discovery,1,38,4,8,random_positions,8.875,6.6875,6.8125,0.125,True,True,google/gemma-2-9b-it,11c9b309abf73637e4b6f9a3fa1e92e615547819
4,discovery,1,38,4,9,answer_position,8.875,6.6875,6.6875,0.0,True,True,google/gemma-2-9b-it,11c9b309abf73637e4b6f9a3fa1e92e615547819
4,discovery,1,38,4,9,number_tokens,8.875,6.6875,7.0,0.3125,True,True,google/gemma-2-9b-it,11c9b309abf73637e4b6f9a3fa1e92e615547819
4,discovery,1,38,4,9,random_positions,8.875,6.6875,6.6875,0.0,True,True,google/gemma-2-9b-it,11c9b309abf73637e4b6f9a3fa1e92e615547819
4,discovery,1,38,4,10,answer_position,8.875,6.6875,6.6875,0.0,True,True,google/gemma-2-9b-it,11c9b309abf73637e4b6f9a3fa1e92e615547819
4,discovery,1,38,4,10,number_tokens,8.875,6.6875,6.375,-0.3125,True,True,google/gemma-2-9b-it,11c9b309abf73637e4b6f9a3fa1e92e615547819
4,discovery,1,38,4,10,random_positions,8.875,6.6875,6.6875,0.0,True,True,google/gemma-2-9b-it,11c9b309abf73637e4b6f9a3fa1e92e615547819
4,discovery,1,38,4,11,answer_position,8.875,6.6875,6.6875,0.0,True,True,google/gemma-2-9b-it,11c9b309abf73637e4b6f9a3fa1e92e615547819
4,discovery,1,38,4,11,number_tokens,8.875,6.6875,2.25,-4.4375,True,True,google/gemma-2-9b-it,11c9b309abf73637e4b6f9a3fa1e92e615547819
4,discovery,1,38,4,11,random_positions,8.875,6.6875,6.6875,0.0,True,True,google/gemma-2-9b-it,11c9b309abf73637e4b6f9a3fa1e92e615547819
4,discovery,1,38,4,12,answer_position,8.875,6.6875,6.6875,0.0,True,True,google/gemma-2-9b-it,11c9b309abf73637e4b6f9a3fa1e92e615547819
4,discovery,1,38,4,12,number_tokens,8.875,6.6875,1.5,-5.1875,True,True,google/gemma-2-9b-it,11c9b309abf73637e4b6f9a3fa1e92e615547819
4,discovery,1,38,4,12,random_positions,8.875,6.6875,6.8125,0.125,True,True,google/gemma-2-9b-it,11c9b309abf73637e4b6f9a3fa1e92e615547819
4,discovery,1,38,4,13,answer_position,8.875,6.6875,6.8125,0.125,True,True,google/gemma-2-9b-it,11c9b309abf73637e4b6f9a3fa1e92e615547819
4,discovery,1,38,4,13,number_tokens,8.875,6.6875,2.125,-4.5625,True,True,google/gemma-2-9b-it,11c9b309abf73637e4b6f9a3fa1e92e615547819
4,discovery,1,38,4,13,random_positions,8.875,6.6875,6.6875,0.0,True,True,google/gemma-2-9b-it,11c9b309abf73637e4b6f9a3fa1e92e615547819
4,discovery,1,38,4,14,answer_position,8.875,6.6875,6.6875,0.0,True,True,google/gemma-2-9b-it,11c9b309abf73637e4b6f9a3fa1e92e615547819
4,discovery,1,38,4,14,number_tokens,8.875,6.6875,4.75,-1.9375,True,True,google/gemma-2-9b-it,11c9b309abf73637e4b6f9a3fa1e92e615547819
4,discovery,1,38,4,14,random_positions,8.875,6.6875,6.6875,0.0,True,True,google/gemma-2-9b-it,11c9b309abf73637e4b6f9a3fa1e92e615547819
4,discovery,1,38,4,15,answer_position,8.875,6.6875,6.8125,0.125,True,True,google/gemma-2-9b-it,11c9b309abf73637e4b6f9a3fa1e92e615547819
4,discovery,1,38,4,15,number_tokens,8.875,6.6875,7.25,0.5625,True,True,google/gemma-2-9b-it,11c9b309abf73637e4b6f9a3fa1e92e615547819
4,discovery,1,38,4,15,random_positions,8.875,6.6875,6.6875,0.0,True,True,google/gemma-2-9b-it,11c9b309abf73637e4b6f9a3fa1e92e615547819
4,discovery,1,38,4,16,answer_position,8.875,6.6875,6.6875,0.0,True,True,google/gemma-2-9b-it,11c9b309abf73637e4b6f9a3fa1e92e615547819
4,discovery,1,38,4,16,number_tokens,8.875,6.6875,7.6875,1.0,True,True,google/gemma-2-9b-it,11c9b309abf73637e4b6f9a3fa1e92e615547819
4,discovery,1,38,4,16,random_positions,8.875,6.6875,6.6875,0.0,True,True,google/gemma-2-9b-it,11c9b309abf73637e4b6f9a3fa1e92e615547819
4,discovery,1,38,4,17,answer_position,8.875,6.6875,6.8125,0.125,True,True,google/gemma-2-9b-it,11c9b309abf73637e4b6f9a3fa1e92e615547819
4,discovery,1,38,4,17,number_tokens,8.875,6.6875,7.875,1.1875,True,True,google/gemma-2-9b-it,11c9b309abf73637e4b6f9a3fa1e92e615547819
4,discovery,1,38,4,17,random_positions,8.875,6.6875,6.9375,0.25,True,True,google/gemma-2-9b-it,11c9b309abf73637e4b6f9a3fa1e92e615547819
4,discovery,1,38,4,18,answer_position,8.875,6.6875,6.8125,0.125,True,True,google/gemma-2-9b-it,11c9b309abf73637e4b6f9a3fa1e92e615547819
4,discovery,1,38,4,18,number_tokens,8.875,6.6875,7.125,0.4375,True,True,google/gemma-2-9b-it,11c9b309abf73637e4b6f9a3fa1e92e615547819
4,discovery,1,38,4,18,random_positions,8.875,6.6875,6.8125,0.125,True,True,google/gemma-2-9b-it,11c9b309abf73637e4b6f9a3fa1e92e615547819
4,discovery,1,38,4,19,answer_position,8.875,6.6875,6.9375,0.25,True,True,google/gemma-2-9b-it,11c9b309abf73637e4b6f9a3fa1e92e615547819
4,discovery,1,38,4,19,number_tokens,8.875,6.6875,7.5,0.8125,True,True,google/gemma-2-9b-it,11c9b309abf73637e4b6f9a3fa1e92e615547819
4,discovery,1,38,4,19,random_positions,8.875,6.6875,6.8125,0.125,True,True,google/gemma-2-9b-it,11c9b309abf73637e4b6f9a3fa1e92e615547819
4,discovery,1,38,4,20,answer_position,8.875,6.6875,6.9375,0.25,True,True,google/gemma-2-9b-it,11c9b309abf73637e4b6f9a3fa1e92e615547819
4,discovery,1,38,4,20,number_tokens,8.875,6.6875,7.125,0.4375,True,True,google/gemma-2-9b-it,11c9b309abf73637e4b6f9a3fa1e92e615547819
4,discovery,1,38,4,20,random_positions,8.875,6.6875,6.6875,0.0,True,True,google/gemma-2-9b-it,11c9b309abf73637e4b6f9a3fa1e92e615547819
4,discovery,1,38,4,21,answer_position,8.875,6.6875,7.125,0.4375,True,True,google/gemma-2-9b-it,11c9b309abf73637e4b6f9a3fa1e92e615547819
4,discovery,1,38,4,21,number_tokens,8.875,6.6875,6.8125,0.125,True,True,google/gemma-2-9b-it,11c9b309abf73637e4b6f9a3fa1e92e615547819
4,discovery,1,38,4,21,random_positions,8.875,6.6875,6.6875,0.0,True,True,google/gemma-2-9b-it,11c9b309abf73637e4b6f9a3fa1e92e615547819
4,discovery,1,38,4,22,answer_position,8.875,6.6875,7.5,0.8125,True,True,google/gemma-2-9b-it,11c9b309abf73637e4b6f9a3fa1e92e615547819
4,discovery,1,38,4,22,number_tokens,8.875,6.6875,6.9375,0.25,True,True,google/gemma-2-9b-it,11c9b309abf73637e4b6f9a3fa1e92e615547819
4,discovery,1,38,4,22,random_positions,8.875,6.6875,6.8125,0.125,True,True,google/gemma-2-9b-it,11c9b309abf73637e4b6f9a3fa1e92e615547819
4,discovery,1,38,4,23,answer_position,8.875,6.6875,7.75,1.0625,True,True,google/gemma-2-9b-it,11c9b309abf73637e4b6f9a3fa1e92e615547819
4,discovery,1,38,4,23,number_tokens,8.875,6.6875,6.8125,0.125,True,True,google/gemma-2-9b-it,11c9b309abf73637e4b6f9a3fa1e92e615547819
4,discovery,1,38,4,23,random_positions,8.875,6.6875,6.9375,0.25,True,True,google/gemma-2-9b-it,11c9b309abf73637e4b6f9a3fa1e92e615547819
4,discovery,1,38,4,24,answer_position,8.875,6.6875,7.875,1.1875,True,True,google/gemma-2-9b-it,11c9b309abf73637e4b6f9a3fa1e92e615547819
4,discovery,1,38,4,24,number_tokens,8.875,6.6875,6.6875,0.0,True,True,google/gemma-2-9b-it,11c9b309abf73637e4b6f9a3fa1e92e615547819
4,discovery,1,38,4,24,random_positions,8.875,6.6875,6.9375,0.25,True,True,google/gemma-2-9b-it,11c9b309abf73637e4b6f9a3fa1e92e615547819
4,discovery,1,38,4,25,answer_position,8.875,6.6875,8.125,1.4375,True,True,google/gemma-2-9b-it,11c9b309abf73637e4b6f9a3fa1e92e615547819
4,discovery,1,38,4,25,number_tokens,8.875,6.6875,6.8125,0.125,True,True,google/gemma-2-9b-it,11c9b309abf73637e4b6f9a3fa1e92e615547819
4,discovery,1,38,4,25,random_positions,8.875,6.6875,6.6875,0.0,True,True,google/gemma-2-9b-it,11c9b309abf73637e4b6f9a3fa1e92e615547819
4,discovery,1,38,4,26,answer_position,8.875,6.6875,8.125,1.4375,True,True,google/gemma-2-9b-it,11c9b309abf73637e4b6f9a3fa1e92e615547819
4,discovery,1,38,4,26,number_tokens,8.875,6.6875,6.8125,0.125,True,True,google/gemma-2-9b-it,11c9b309abf73637e4b6f9a3fa1e92e615547819
4,discovery,1,38,4,26,random_positions,8.875,6.6875,6.8125,0.125,True,True,google/gemma-2-9b-it,11c9b309abf73637e4b6f9a3fa1e92e615547819
4,discovery,1,38,4,27,answer_position,8.875,6.6875,8.3125,1.625,True,True,google/gemma-2-9b-it,11c9b309abf73637e4b6f9a3fa1e92e615547819
4,discovery,1,38,4,27,number_tokens,8.875,6.6875,6.8125,0.125,True,True,google/gemma-2-9b-it,11c9b309abf73637e4b6f9a3fa1e92e615547819
4,discovery,1,38,4,27,random_positions,8.875,6.6875,6.6875,0.0,True,True,google/gemma-2-9b-it,11c9b309abf73637e4b6f9a3fa1e92e615547819
4,discovery,1,38,4,28,answer_position,8.875,6.6875,8.25,1.5625,True,True,google/gemma-2-9b-it,11c9b309abf73637e4b6f9a3fa1e92e615547819
4,discovery,1,38,4,28,number_tokens,8.875,6.6875,6.8125,0.125,True,True,google/gemma-2-9b-it,11c9b309abf73637e4b6f9a3fa1e92e615547819
4,discovery,1,38,4,28,random_positions,8.875,6.6875,6.6875,0.0,True,True,google/gemma-2-9b-it,11c9b309abf73637e4b6f9a3fa1e92e615547819
4,discovery,1,38,4,29,answer_position,8.875,6.6875,8.3125,1.625,True,True,google/gemma-2-9b-it,11c9b309abf73637e4b6f9a3fa1e92e615547819
4,discovery,1,38,4,29,number_tokens,8.875,6.6875,6.8125,0.125,True,True,google/gemma-2-9b-it,11c9b309abf73637e4b6f9a3fa1e92e615547819
4,discovery,1,38,4,29,random_positions,8.875,6.6875,6.6875,0.0,True,True,google/gemma-2-9b-it,11c9b309abf73637e4b6f9a3fa1e92e615547819
4,discovery,1,38,4,30,answer_position,8.875,6.6875,8.4375,1.75,True,True,google/gemma-2-9b-it,11c9b309abf73637e4b6f9a3fa1e92e615547819
4,discovery,1,38,4,30,number_tokens,8.875,6.6875,6.8125,0.125,True,True,google/gemma-2-9b-it,11c9b309abf73637e4b6f9a3fa1e92e615547819
4,discovery,1,38,4,30,random_positions,8.875,6.6875,6.6875,0.0,True,True,google/gemma-2-9b-it,11c9b309abf73637e4b6f9a3fa1e92e615547819
4,discovery,1,38,4,31,answer_position,8.875,6.6875,8.3125,1.625,True,True,google/gemma-2-9b-it,11c9b309abf73637e4b6f9a3fa1e92e615547819
4,discovery,1,38,4,31,number_tokens,8.875,6.6875,6.8125,0.125,True,True,google/gemma-2-9b-it,11c9b309abf73637e4b6f9a3fa1e92e615547819
4,discovery,1,38,4,31,random_positions,8.875,6.6875,6.6875,0.0,True,True,google/gemma-2-9b-it,11c9b309abf73637e4b6f9a3fa1e92e615547819
4,discovery,1,38,4,32,answer_position,8.875,6.6875,8.4375,1.75,True,True,google/gemma-2-9b-it,11c9b309abf73637e4b6f9a3fa1e92e615547819
4,discovery,1,38,4,32,number_tokens,8.875,6.6875,6.8125,0.125,True,True,google/gemma-2-9b-it,11c9b309abf73637e4b6f9a3fa1e92e615547819
4,discovery,1,38,4,32,random_positions,8.875,6.6875,6.8125,0.125,True,True,google/gemma-2-9b-it,11c9b309abf73637e4b6f9a3fa1e92e615547819
4,discovery,1,38,4,33,answer_position,8.875,6.6875,8.5,1.8125,True,True,google/gemma-2-9b-it,11c9b309abf73637e4b6f9a3fa1e92e615547819
4,discovery,1,38,4,33,number_tokens,8.875,6.6875,6.8125,0.125,True,True,google/gemma-2-9b-it,11c9b309abf73637e4b6f9a3fa1e92e615547819
4,discovery,1,38,4,33,random_positions,8.875,6.6875,6.6875,0.0,True,True,google/gemma-2-9b-it,11c9b309abf73637e4b6f9a3fa1e92e615547819
4,discovery,1,38,4,34,answer_position,8.875,6.6875,8.5,1.8125,True,True,google/gemma-2-9b-it,11c9b309abf73637e4b6f9a3fa1e92e615547819
4,discovery,1,38,4,34,number_tokens,8.875,6.6875,6.8125,0.125,True,True,google/gemma-2-9b-it,11c9b309abf73637e4b6f9a3fa1e92e615547819
4,discovery,1,38,4,34,random_positions,8.875,6.6875,6.6875,0.0,True,True,google/gemma-2-9b-it,11c9b309abf73637e4b6f9a3fa1e92e615547819
4,discovery,1,38,4,35,answer_position,8.875,6.6875,8.5,1.8125,True,True,google/gemma-2-9b-it,11c9b309abf73637e4b6f9a3fa1e92e615547819
4,discovery,1,38,4,35,number_tokens,8.875,6.6875,6.8125,0.125,True,True,google/gemma-2-9b-it,11c9b309abf73637e4b6f9a3fa1e92e615547819
4,discovery,1,38,4,35,random_positions,8.875,6.6875,6.6875,0.0,True,True,google/gemma-2-9b-it,11c9b309abf73637e4b6f9a3fa1e92e615547819
4,discovery,1,38,4,36,answer_position,8.875,6.6875,8.5,1.8125,True,True,google/gemma-2-9b-it,11c9b309abf73637e4b6f9a3fa1e92e615547819
4,discovery,1,38,4,36,number_tokens,8.875,6.6875,6.6875,0.0,True,True,google/gemma-2-9b-it,11c9b309abf73637e4b6f9a3fa1e92e615547819
4,discovery,1,38,4,36,random_positions,8.875,6.6875,6.8125,0.125,True,True,google/gemma-2-9b-it,11c9b309abf73637e4b6f9a3fa1e92e615547819
4,discovery,1,38,4,37,answer_position,8.875,6.6875,8.5,1.8125,True,True,google/gemma-2-9b-it,11c9b309abf73637e4b6f9a3fa1e92e615547819
4,discovery,1,38,4,37,number_tokens,8.875,6.6875,6.6875,0.0,True,True,google/gemma-2-9b-it,11c9b309abf73637e4b6f9a3fa1e92e615547819
4,discovery,1,38,4,37,random_positions,8.875,6.6875,6.8125,0.125,True,True,google/gemma-2-9b-it,11c9b309abf73637e4b6f9a3fa1e92e615547819
4,discovery,1,38,4,38,answer_position,8.875,6.6875,8.6875,2.0,True,True,google/gemma-2-9b-it,11c9b309abf73637e4b6f9a3fa1e92e615547819
4,discovery,1,38,4,38,number_tokens,8.875,6.6875,6.8125,0.125,True,True,google/gemma-2-9b-it,11c9b309abf73637e4b6f9a3fa1e92e615547819
4,discovery,1,38,4,38,random_positions,8.875,6.6875,6.6875,0.0,True,True,google/gemma-2-9b-it,11c9b309abf73637e4b6f9a3fa1e92e615547819
4,discovery,1,38,4,39,answer_position,8.875,6.6875,8.6875,2.0,True,True,google/gemma-2-9b-it,11c9b309abf73637e4b6f9a3fa1e92e615547819
4,discovery,1,38,4,39,number_tokens,8.875,6.6875,6.8125,0.125,True,True,google/gemma-2-9b-it,11c9b309abf73637e4b6f9a3fa1e92e615547819
4,discovery,1,38,4,39,random_positions,8.875,6.6875,6.6875,0.0,True,True,google/gemma-2-9b-it,11c9b309abf73637e4b6f9a3fa1e92e615547819
4,discovery,1,38,4,40,answer_position,8.875,6.6875,8.875,2.1875,True,True,google/gemma-2-9b-it,11c9b309abf73637e4b6f9a3fa1e92e615547819
4,discovery,1,38,4,40,number_tokens,8.875,6.6875,6.6875,0.0,True,True,google/gemma-2-9b-it,11c9b309abf73637e4b6f9a3fa1e92e615547819
4,discovery,1,38,4,40,random_positions,8.875,6.6875,6.6875,0.0,True,True,google/gemma-2-9b-it,11c9b309abf73637e4b6f9a3fa1e92e615547819
4,discovery,1,38,4,41,answer_position,8.875,6.6875,8.875,2.1875,True,True,google/gemma-2-9b-it,11c9b309abf73637e4b6f9a3fa1e92e615547819
4,discovery,1,38,4,41,number_tokens,8.875,6.6875,6.6875,0.0,True,True,google/gemma-2-9b-it,11c9b309abf73637e4b6f9a3fa1e92e615547819
4,discovery,1,38,4,41,random_positions,8.875,6.6875,6.6875,0.0,True,True,google/gemma-2-9b-it,11c9b309abf73637e4b6f9a3fa1e92e615547819
5,discovery,2,38,4,0,answer_position,9.0,6.25,6.375,0.125,True,True,google/gemma-2-9b-it,11c9b309abf73637e4b6f9a3fa1e92e615547819
5,discovery,2,38,4,0,number_tokens,9.0,6.25,6.375,0.125,True,True,google/gemma-2-9b-it,11c9b309abf73637e4b6f9a3fa1e92e615547819
5,discovery,2,38,4,0,random_positions,9.0,6.25,6.875,0.625,True,True,google/gemma-2-9b-it,11c9b309abf73637e4b6f9a3fa1e92e615547819
5,discovery,2,38,4,1,answer_position,9.0,6.25,6.375,0.125,True,True,google/gemma-2-9b-it,11c9b309abf73637e4b6f9a3fa1e92e615547819
5,discovery,2,38,4,1,number_tokens,9.0,6.25,6.4375,0.1875,True,True,google/gemma-2-9b-it,11c9b309abf73637e4b6f9a3fa1e92e615547819
5,discovery,2,38,4,1,random_positions,9.0,6.25,6.8125,0.5625,True,True,google/gemma-2-9b-it,11c9b309abf73637e4b6f9a3fa1e92e615547819
5,discovery,2,38,4,2,answer_position,9.0,6.25,6.375,0.125,True,True,google/gemma-2-9b-it,11c9b309abf73637e4b6f9a3fa1e92e615547819
5,discovery,2,38,4,2,number_tokens,9.0,6.25,6.5625,0.3125,True,True,google/gemma-2-9b-it,11c9b309abf73637e4b6f9a3fa1e92e615547819
5,discovery,2,38,4,2,random_positions,9.0,6.25,6.6875,0.4375,True,True,google/gemma-2-9b-it,11c9b309abf73637e4b6f9a3fa1e92e615547819
5,discovery,2,38,4,3,answer_position,9.0,6.25,6.375,0.125,True,True,google/gemma-2-9b-it,11c9b309abf73637e4b6f9a3fa1e92e615547819
5,discovery,2,38,4,3,number_tokens,9.0,6.25,6.6875,0.4375,True,True,google/gemma-2-9b-it,11c9b309abf73637e4b6f9a3fa1e92e615547819
5,discovery,2,38,4,3,random_positions,9.0,6.25,6.5625,0.3125,True,True,google/gemma-2-9b-it,11c9b309abf73637e4b6f9a3fa1e92e615547819
5,discovery,2,38,4,4,answer_position,9.0,6.25,6.375,0.125,True,True,google/gemma-2-9b-it,11c9b309abf73637e4b6f9a3fa1e92e615547819
5,discovery,2,38,4,4,number_tokens,9.0,6.25,7.0,0.75,True,True,google/gemma-2-9b-it,11c9b309abf73637e4b6f9a3fa1e92e615547819
5,discovery,2,38,4,4,random_positions,9.0,6.25,6.5625,0.3125,True,True,google/gemma-2-9b-it,11c9b309abf73637e4b6f9a3fa1e92e615547819
5,discovery,2,38,4,5,answer_position,9.0,6.25,6.375,0.125,True,True,google/gemma-2-9b-it,11c9b309abf73637e4b6f9a3fa1e92e615547819
5,discovery,2,38,4,5,number_tokens,9.0,6.25,7.875,1.625,True,True,google/gemma-2-9b-it,11c9b309abf73637e4b6f9a3fa1e92e615547819
5,discovery,2,38,4,5,random_positions,9.0,6.25,6.25,0.0,True,True,google/gemma-2-9b-it,11c9b309abf73637e4b6f9a3fa1e92e615547819
5,discovery,2,38,4,6,answer_position,9.0,6.25,6.375,0.125,True,True,google/gemma-2-9b-it,11c9b309abf73637e4b6f9a3fa1e92e615547819
5,discovery,2,38,4,6,number_tokens,9.0,6.25,7.625,1.375,True,True,google/gemma-2-9b-it,11c9b309abf73637e4b6f9a3fa1e92e615547819
5,discovery,2,38,4,6,random_positions,9.0,6.25,6.5625,0.3125,True,True,google/gemma-2-9b-it,11c9b309abf73637e4b6f9a3fa1e92e615547819
5,discovery,2,38,4,7,answer_position,9.0,6.25,6.375,0.125,True,True,google/gemma-2-9b-it,11c9b309abf73637e4b6f9a3fa1e92e615547819
5,discovery,2,38,4,7,number_tokens,9.0,6.25,7.8125,1.5625,True,True,google/gemma-2-9b-it,11c9b309abf73637e4b6f9a3fa1e92e615547819
5,discovery,2,38,4,7,random_positions,9.0,6.25,6.8125,0.5625,True,True,google/gemma-2-9b-it,11c9b309abf73637e4b6f9a3fa1e92e615547819
5,discovery,2,38,4,8,answer_position,9.0,6.25,6.375,0.125,True,True,google/gemma-2-9b-it,11c9b309abf73637e4b6f9a3fa1e92e615547819
5,discovery,2,38,4,8,number_tokens,9.0,6.25,7.875,1.625,True,True,google/gemma-2-9b-it,11c9b309abf73637e4b6f9a3fa1e92e615547819
5,discovery,2,38,4,8,random_positions,9.0,6.25,6.8125,0.5625,True,True,google/gemma-2-9b-it,11c9b309abf73637e4b6f9a3fa1e92e615547819
5,discovery,2,38,4,9,answer_position,9.0,6.25,6.375,0.125,True,True,google/gemma-2-9b-it,11c9b309abf73637e4b6f9a3fa1e92e615547819
5,discovery,2,38,4,9,number_tokens,9.0,6.25,6.25,0.0,True,True,google/gemma-2-9b-it,11c9b309abf73637e4b6f9a3fa1e92e615547819
5,discovery,2,38,4,9,random_positions,9.0,6.25,6.8125,0.5625,True,True,google/gemma-2-9b-it,11c9b309abf73637e4b6f9a3fa1e92e615547819
5,discovery,2,38,4,10,answer_position,9.0,6.25,6.375,0.125,True,True,google/gemma-2-9b-it,11c9b309abf73637e4b6f9a3fa1e92e615547819
5,discovery,2,38,4,10,number_tokens,9.0,6.25,6.125,-0.125,True,True,google/gemma-2-9b-it,11c9b309abf73637e4b6f9a3fa1e92e615547819
5,discovery,2,38,4,10,random_positions,9.0,6.25,6.9375,0.6875,True,True,google/gemma-2-9b-it,11c9b309abf73637e4b6f9a3fa1e92e615547819
5,discovery,2,38,4,11,answer_position,9.0,6.25,6.375,0.125,True,True,google/gemma-2-9b-it,11c9b309abf73637e4b6f9a3fa1e92e615547819
5,discovery,2,38,4,11,number_tokens,9.0,6.25,0.5,-5.75,True,True,google/gemma-2-9b-it,11c9b309abf73637e4b6f9a3fa1e92e615547819
5,discovery,2,38,4,11,random_positions,9.0,6.25,7.25,1.0,True,True,google/gemma-2-9b-it,11c9b309abf73637e4b6f9a3fa1e92e615547819
5,discovery,2,38,4,12,answer_position,9.0,6.25,6.375,0.125,True,True,google/gemma-2-9b-it,11c9b309abf73637e4b6f9a3fa1e92e615547819
5,discovery,2,38,4,12,number_tokens,9.0,6.25,-0.875,-7.125,True,False,google/gemma-2-9b-it,11c9b309abf73637e4b6f9a3fa1e92e615547819
5,discovery,2,38,4,12,random_positions,9.0,6.25,7.5,1.25,True,True,google/gemma-2-9b-it,11c9b309abf73637e4b6f9a3fa1e92e615547819
5,discovery,2,38,4,13,answer_position,9.0,6.25,6.375,0.125,True,True,google/gemma-2-9b-it,11c9b309abf73637e4b6f9a3fa1e92e615547819
5,discovery,2,38,4,13,number_tokens,9.0,6.25,-0.375,-6.625,True,False,google/gemma-2-9b-it,11c9b309abf73637e4b6f9a3fa1e92e615547819
5,discovery,2,38,4,13,random_positions,9.0,6.25,7.125,0.875,True,True,google/gemma-2-9b-it,11c9b309abf73637e4b6f9a3fa1e92e615547819
5,discovery,2,38,4,14,answer_position,9.0,6.25,6.375,0.125,True,True,google/gemma-2-9b-it,11c9b309abf73637e4b6f9a3fa1e92e615547819
5,discovery,2,38,4,14,number_tokens,9.0,6.25,3.375,-2.875,True,True,google/gemma-2-9b-it,11c9b309abf73637e4b6f9a3fa1e92e615547819
5,discovery,2,38,4,14,random_positions,9.0,6.25,7.5,1.25,True,True,google/gemma-2-9b-it,11c9b309abf73637e4b6f9a3fa1e92e615547819
5,discovery,2,38,4,15,answer_position,9.0,6.25,6.375,0.125,True,True,google/gemma-2-9b-it,11c9b309abf73637e4b6f9a3fa1e92e615547819
5,discovery,2,38,4,15,number_tokens,9.0,6.25,6.5625,0.3125,True,True,google/gemma-2-9b-it,11c9b309abf73637e4b6f9a3fa1e92e615547819
5,discovery,2,38,4,15,random_positions,9.0,6.25,7.5,1.25,True,True,google/gemma-2-9b-it,11c9b309abf73637e4b6f9a3fa1e92e615547819
5,discovery,2,38,4,16,answer_position,9.0,6.25,6.375,0.125,True,True,google/gemma-2-9b-it,11c9b309abf73637e4b6f9a3fa1e92e615547819
5,discovery,2,38,4,16,number_tokens,9.0,6.25,7.5,1.25,True,True,google/gemma-2-9b-it,11c9b309abf73637e4b6f9a3fa1e92e615547819
5,discovery,2,38,4,16,random_positions,9.0,6.25,7.5,1.25,True,True,google/gemma-2-9b-it,11c9b309abf73637e4b6f9a3fa1e92e615547819
5,discovery,2,38,4,17,answer_position,9.0,6.25,6.4375,0.1875,True,True,google/gemma-2-9b-it,11c9b309abf73637e4b6f9a3fa1e92e615547819
5,discovery,2,38,4,17,number_tokens,9.0,6.25,7.8125,1.5625,True,True,google/gemma-2-9b-it,11c9b309abf73637e4b6f9a3fa1e92e615547819
5,discovery,2,38,4,17,random_positions,9.0,6.25,7.625,1.375,True,True,google/gemma-2-9b-it,11c9b309abf73637e4b6f9a3fa1e92e615547819
5,discovery,2,38,4,18,answer_position,9.0,6.25,6.375,0.125,True,True,google/gemma-2-9b-it,11c9b309abf73637e4b6f9a3fa1e92e615547819
5,discovery,2,38,4,18,number_tokens,9.0,6.25,7.25,1.0,True,True,google/gemma-2-9b-it,11c9b309abf73637e4b6f9a3fa1e92e615547819
5,discovery,2,38,4,18,random_positions,9.0,6.25,7.625,1.375,True,True,google/gemma-2-9b-it,11c9b309abf73637e4b6f9a3fa1e92e615547819
5,discovery,2,38,4,19,answer_position,9.0,6.25,6.4375,0.1875,True,True,google/gemma-2-9b-it,11c9b309abf73637e4b6f9a3fa1e92e615547819
5,discovery,2,38,4,19,number_tokens,9.0,6.25,7.875,1.625,True,True,google/gemma-2-9b-it,11c9b309abf73637e4b6f9a3fa1e92e615547819
5,discovery,2,38,4,19,random_positions,9.0,6.25,7.375,1.125,True,True,google/gemma-2-9b-it,11c9b309abf73637e4b6f9a3fa1e92e615547819
5,discovery,2,38,4,20,answer_position,9.0,6.25,6.6875,0.4375,True,True,google/gemma-2-9b-it,11c9b309abf73637e4b6f9a3fa1e92e615547819
5,discovery,2,38,4,20,number_tokens,9.0,6.25,7.0,0.75,True,True,google/gemma-2-9b-it,11c9b309abf73637e4b6f9a3fa1e92e615547819
5,discovery,2,38,4,20,random_positions,9.0,6.25,7.0,0.75,True,True,google/gemma-2-9b-it,11c9b309abf73637e4b6f9a3fa1e92e615547819
5,discovery,2,38,4,21,answer_position,9.0,6.25,6.9375,0.6875,True,True,google/gemma-2-9b-it,11c9b309abf73637e4b6f9a3fa1e92e615547819
5,discovery,2,38,4,21,number_tokens,9.0,6.25,6.9375,0.6875,True,True,google/gemma-2-9b-it,11c9b309abf73637e4b6f9a3fa1e92e615547819
5,discovery,2,38,4,21,random_positions,9.0,6.25,7.0,0.75,True,True,google/gemma-2-9b-it,11c9b309abf73637e4b6f9a3fa1e92e615547819
5,discovery,2,38,4,22,answer_position,9.0,6.25,7.25,1.0,True,True,google/gemma-2-9b-it,11c9b309abf73637e4b6f9a3fa1e92e615547819
5,discovery,2,38,4,22,number_tokens,9.0,6.25,6.8125,0.5625,True,True,google/gemma-2-9b-it,11c9b309abf73637e4b6f9a3fa1e92e615547819
5,discovery,2,38,4,22,random_positions,9.0,6.25,7.0,0.75,True,True,google/gemma-2-9b-it,11c9b309abf73637e4b6f9a3fa1e92e615547819
5,discovery,2,38,4,23,answer_position,9.0,6.25,7.75,1.5,True,True,google/gemma-2-9b-it,11c9b309abf73637e4b6f9a3fa1e92e615547819
5,discovery,2,38,4,23,number_tokens,9.0,6.25,6.375,0.125,True,True,google/gemma-2-9b-it,11c9b309abf73637e4b6f9a3fa1e92e615547819
5,discovery,2,38,4,23,random_positions,9.0,6.25,6.25,0.0,True,True,google/gemma-2-9b-it,11c9b309abf73637e4b6f9a3fa1e92e615547819
5,discovery,2,38,4,24,answer_position,9.0,6.25,8.0,1.75,True,True,google/gemma-2-9b-it,11c9b309abf73637e4b6f9a3fa1e92e615547819
5,discovery,2,38,4,24,number_tokens,9.0,6.25,6.25,0.0,True,True,google/gemma-2-9b-it,11c9b309abf73637e4b6f9a3fa1e92e615547819
5,discovery,2,38,4,24,random_positions,9.0,6.25,6.125,-0.125,True,True,google/gemma-2-9b-it,11c9b309abf73637e4b6f9a3fa1e92e615547819
5,discovery,2,38,4,25,answer_position,9.0,6.25,8.3125,2.0625,True,True,google/gemma-2-9b-it,11c9b309abf73637e4b6f9a3fa1e92e615547819
5,discovery,2,38,4,25,number_tokens,9.0,6.25,6.375,0.125,True,True,google/gemma-2-9b-it,11c9b309abf73637e4b6f9a3fa1e92e615547819
5,discovery,2,38,4,25,random_positions,9.0,6.25,6.25,0.0,True,True,google/gemma-2-9b-it,11c9b309abf73637e4b6f9a3fa1e92e615547819
5,discovery,2,38,4,26,answer_position,9.0,6.25,8.4375,2.1875,True,True,google/gemma-2-9b-it,11c9b309abf73637e4b6f9a3fa1e92e615547819
5,discovery,2,38,4,26,number_tokens,9.0,6.25,6.375,0.125,True,True,google/gemma-2-9b-it,11c9b309abf73637e4b6f9a3fa1e92e615547819
5,discovery,2,38,4,26,random_positions,9.0,6.25,6.25,0.0,True,True,google/gemma-2-9b-it,11c9b309abf73637e4b6f9a3fa1e92e615547819
5,discovery,2,38,4,27,answer_position,9.0,6.25,8.4375,2.1875,True,True,google/gemma-2-9b-it,11c9b309abf73637e4b6f9a3fa1e92e615547819
5,discovery,2,38,4,27,number_tokens,9.0,6.25,6.375,0.125,True,True,google/gemma-2-9b-it,11c9b309abf73637e4b6f9a3fa1e92e615547819
5,discovery,2,38,4,27,random_positions,9.0,6.25,6.375,0.125,True,True,google/gemma-2-9b-it,11c9b309abf73637e4b6f9a3fa1e92e615547819
5,discovery,2,38,4,28,answer_position,9.0,6.25,8.25,2.0,True,True,google/gemma-2-9b-it,11c9b309abf73637e4b6f9a3fa1e92e615547819
5,discovery,2,38,4,28,number_tokens,9.0,6.25,6.375,0.125,True,True,google/gemma-2-9b-it,11c9b309abf73637e4b6f9a3fa1e92e615547819
5,discovery,2,38,4,28,random_positions,9.0,6.25,6.375,0.125,True,True,google/gemma-2-9b-it,11c9b309abf73637e4b6f9a3fa1e92e615547819
5,discovery,2,38,4,29,answer_position,9.0,6.25,8.3125,2.0625,True,True,google/gemma-2-9b-it,11c9b309abf73637e4b6f9a3fa1e92e615547819
5,discovery,2,38,4,29,number_tokens,9.0,6.25,6.375,0.125,True,True,google/gemma-2-9b-it,11c9b309abf73637e4b6f9a3fa1e92e615547819
5,discovery,2,38,4,29,random_positions,9.0,6.25,6.375,0.125,True,True,google/gemma-2-9b-it,11c9b309abf73637e4b6f9a3fa1e92e615547819
5,discovery,2,38,4,30,answer_position,9.0,6.25,8.4375,2.1875,True,True,google/gemma-2-9b-it,11c9b309abf73637e4b6f9a3fa1e92e615547819
5,discovery,2,38,4,30,number_tokens,9.0,6.25,6.375,0.125,True,True,google/gemma-2-9b-it,11c9b309abf73637e4b6f9a3fa1e92e615547819
5,discovery,2,38,4,30,random_positions,9.0,6.25,6.375,0.125,True,True,google/gemma-2-9b-it,11c9b309abf73637e4b6f9a3fa1e92e615547819
5,discovery,2,38,4,31,answer_position,9.0,6.25,8.5625,2.3125,True,True,google/gemma-2-9b-it,11c9b309abf73637e4b6f9a3fa1e92e615547819
5,discovery,2,38,4,31,number_tokens,9.0,6.25,6.375,0.125,True,True,google/gemma-2-9b-it,11c9b309abf73637e4b6f9a3fa1e92e615547819
5,discovery,2,38,4,31,random_positions,9.0,6.25,6.375,0.125,True,True,google/gemma-2-9b-it,11c9b309abf73637e4b6f9a3fa1e92e615547819
5,discovery,2,38,4,32,answer_position,9.0,6.25,8.5,2.25,True,True,google/gemma-2-9b-it,11c9b309abf73637e4b6f9a3fa1e92e615547819
5,discovery,2,38,4,32,number_tokens,9.0,6.25,6.375,0.125,True,True,google/gemma-2-9b-it,11c9b309abf73637e4b6f9a3fa1e92e615547819
5,discovery,2,38,4,32,random_positions,9.0,6.25,6.375,0.125,True,True,google/gemma-2-9b-it,11c9b309abf73637e4b6f9a3fa1e92e615547819
5,discovery,2,38,4,33,answer_position,9.0,6.25,8.5,2.25,True,True,google/gemma-2-9b-it,11c9b309abf73637e4b6f9a3fa1e92e615547819
5,discovery,2,38,4,33,number_tokens,9.0,6.25,6.375,0.125,True,True,google/gemma-2-9b-it,11c9b309abf73637e4b6f9a3fa1e92e615547819
5,discovery,2,38,4,33,random_positions,9.0,6.25,6.375,0.125,True,True,google/gemma-2-9b-it,11c9b309abf73637e4b6f9a3fa1e92e615547819
5,discovery,2,38,4,34,answer_position,9.0,6.25,8.625,2.375,True,True,google/gemma-2-9b-it,11c9b309abf73637e4b6f9a3fa1e92e615547819
5,discovery,2,38,4,34,number_tokens,9.0,6.25,6.375,0.125,True,True,google/gemma-2-9b-it,11c9b309abf73637e4b6f9a3fa1e92e615547819
5,discovery,2,38,4,34,random_positions,9.0,6.25,6.375,0.125,True,True,google/gemma-2-9b-it,11c9b309abf73637e4b6f9a3fa1e92e615547819
5,discovery,2,38,4,35,answer_position,9.0,6.25,8.5625,2.3125,True,True,google/gemma-2-9b-it,11c9b309abf73637e4b6f9a3fa1e92e615547819
5,discovery,2,38,4,35,number_tokens,9.0,6.25,6.375,0.125,True,True,google/gemma-2-9b-it,11c9b309abf73637e4b6f9a3fa1e92e615547819
5,discovery,2,38,4,35,random_positions,9.0,6.25,6.375,0.125,True,True,google/gemma-2-9b-it,11c9b309abf73637e4b6f9a3fa1e92e615547819
5,discovery,2,38,4,36,answer_position,9.0,6.25,8.625,2.375,True,True,google/gemma-2-9b-it,11c9b309abf73637e4b6f9a3fa1e92e615547819
5,discovery,2,38,4,36,number_tokens,9.0,6.25,6.375,0.125,True,True,google/gemma-2-9b-it,11c9b309abf73637e4b6f9a3fa1e92e615547819
5,discovery,2,38,4,36,random_positions,9.0,6.25,6.375,0.125,True,True,google/gemma-2-9b-it,11c9b309abf73637e4b6f9a3fa1e92e615547819
5,discovery,2,38,4,37,answer_position,9.0,6.25,8.625,2.375,True,True,google/gemma-2-9b-it,11c9b309abf73637e4b6f9a3fa1e92e615547819
5,discovery,2,38,4,37,number_tokens,9.0,6.25,6.375,0.125,True,True,google/gemma-2-9b-it,11c9b309abf73637e4b6f9a3fa1e92e615547819
5,discovery,2,38,4,37,random_positions,9.0,6.25,6.375,0.125,True,True,google/gemma-2-9b-it,11c9b309abf73637e4b6f9a3fa1e92e615547819
5,discovery,2,38,4,38,answer_position,9.0,6.25,8.6875,2.4375,True,True,google/gemma-2-9b-it,11c9b309abf73637e4b6f9a3fa1e92e615547819
5,discovery,2,38,4,38,number_tokens,9.0,6.25,6.25,0.0,True,True,google/gemma-2-9b-it,11c9b309abf73637e4b6f9a3fa1e92e615547819
5,discovery,2,38,4,38,random_positions,9.0,6.25,6.375,0.125,True,True,google/gemma-2-9b-it,11c9b309abf73637e4b6f9a3fa1e92e615547819
5,discovery,2,38,4,39,answer_position,9.0,6.25,8.75,2.5,True,True,google/gemma-2-9b-it,11c9b309abf73637e4b6f9a3fa1e92e615547819
5,discovery,2,38,4,39,number_tokens,9.0,6.25,6.25,0.0,True,True,google/gemma-2-9b-it,11c9b309abf73637e4b6f9a3fa1e92e615547819
5,discovery,2,38,4,39,random_positions,9.0,6.25,6.25,0.0,True,True,google/gemma-2-9b-it,11c9b309abf73637e4b6f9a3fa1e92e615547819
5,discovery,2,38,4,40,answer_position,9.0,6.25,9.0,2.75,True,True,google/gemma-2-9b-it,11c9b309abf73637e4b6f9a3fa1e92e615547819
5,discovery,2,38,4,40,number_tokens,9.0,6.25,6.25,0.0,True,True,google/gemma-2-9b-it,11c9b309abf73637e4b6f9a3fa1e92e615547819
5,discovery,2,38,4,40,random_positions,9.0,6.25,6.375,0.125,True,True,google/gemma-2-9b-it,11c9b309abf73637e4b6f9a3fa1e92e615547819
5,discovery,2,38,4,41,answer_position,9.0,6.25,9.0,2.75,True,True,google/gemma-2-9b-it,11c9b309abf73637e4b6f9a3fa1e92e615547819
5,discovery,2,38,4,41,number_tokens,9.0,6.25,6.25,0.0,True,True,google/gemma-2-9b-it,11c9b309abf73637e4b6f9a3fa1e92e615547819
5,discovery,2,38,4,41,random_positions,9.0,6.25,6.25,0.0,True,True,google/gemma-2-9b-it,11c9b309abf73637e4b6f9a3fa1e92e615547819
6,discovery,2,39,2,0,answer_position,9.1875,3.75,3.625,-0.125,True,True,google/gemma-2-9b-it,11c9b309abf73637e4b6f9a3fa1e92e615547819
6,discovery,2,39,2,0,number_tokens,9.1875,3.75,3.75,0.0,True,True,google/gemma-2-9b-it,11c9b309abf73637e4b6f9a3fa1e92e615547819
6,discovery,2,39,2,0,random_positions,9.1875,3.75,3.75,0.0,True,True,google/gemma-2-9b-it,11c9b309abf73637e4b6f9a3fa1e92e615547819
6,discovery,2,39,2,1,answer_position,9.1875,3.75,3.5,-0.25,True,True,google/gemma-2-9b-it,11c9b309abf73637e4b6f9a3fa1e92e615547819
6,discovery,2,39,2,1,number_tokens,9.1875,3.75,3.875,0.125,True,True,google/gemma-2-9b-it,11c9b309abf73637e4b6f9a3fa1e92e615547819
6,discovery,2,39,2,1,random_positions,9.1875,3.75,3.75,0.0,True,True,google/gemma-2-9b-it,11c9b309abf73637e4b6f9a3fa1e92e615547819
6,discovery,2,39,2,2,answer_position,9.1875,3.75,3.625,-0.125,True,True,google/gemma-2-9b-it,11c9b309abf73637e4b6f9a3fa1e92e615547819
6,discovery,2,39,2,2,number_tokens,9.1875,3.75,4.0,0.25,True,True,google/gemma-2-9b-it,11c9b309abf73637e4b6f9a3fa1e92e615547819
6,discovery,2,39,2,2,random_positions,9.1875,3.75,3.75,0.0,True,True,google/gemma-2-9b-it,11c9b309abf73637e4b6f9a3fa1e92e615547819
6,discovery,2,39,2,3,answer_position,9.1875,3.75,3.75,0.0,True,True,google/gemma-2-9b-it,11c9b309abf73637e4b6f9a3fa1e92e615547819
6,discovery,2,39,2,3,number_tokens,9.1875,3.75,4.375,0.625,True,True,google/gemma-2-9b-it,11c9b309abf73637e4b6f9a3fa1e92e615547819
6,discovery,2,39,2,3,random_positions,9.1875,3.75,3.125,-0.625,True,True,google/gemma-2-9b-it,11c9b309abf73637e4b6f9a3fa1e92e615547819
6,discovery,2,39,2,4,answer_position,9.1875,3.75,3.75,0.0,True,True,google/gemma-2-9b-it,11c9b309abf73637e4b6f9a3fa1e92e615547819
6,discovery,2,39,2,4,number_tokens,9.1875,3.75,5.125,1.375,True,True,google/gemma-2-9b-it,11c9b309abf73637e4b6f9a3fa1e92e615547819
6,discovery,2,39,2,4,random_positions,9.1875,3.75,3.0,-0.75,True,True,google/gemma-2-9b-it,11c9b309abf73637e4b6f9a3fa1e92e615547819
6,discovery,2,39,2,5,answer_position,9.1875,3.75,3.75,0.0,True,True,google/gemma-2-9b-it,11c9b309abf73637e4b6f9a3fa1e92e615547819
6,discovery,2,39,2,5,number_tokens,9.1875,3.75,6.9375,3.1875,True,True,google/gemma-2-9b-it,11c9b309abf73637e4b6f9a3fa1e92e615547819
6,discovery,2,39,2,5,random_positions,9.1875,3.75,2.75,-1.0,True,True,google/gemma-2-9b-it,11c9b309abf73637e4b6f9a3fa1e92e615547819
6,discovery,2,39,2,6,answer_position,9.1875,3.75,3.875,0.125,True,True,google/gemma-2-9b-it,11c9b309abf73637e4b6f9a3fa1e92e615547819
6,discovery,2,39,2,6,number_tokens,9.1875,3.75,7.125,3.375,True,True,google/gemma-2-9b-it,11c9b309abf73637e4b6f9a3fa1e92e615547819
6,discovery,2,39,2,6,random_positions,9.1875,3.75,2.5,-1.25,True,True,google/gemma-2-9b-it,11c9b309abf73637e4b6f9a3fa1e92e615547819
6,discovery,2,39,2,7,answer_position,9.1875,3.75,3.625,-0.125,True,True,google/gemma-2-9b-it,11c9b309abf73637e4b6f9a3fa1e92e615547819
6,discovery,2,39,2,7,number_tokens,9.1875,3.75,8.0625,4.3125,True,True,google/gemma-2-9b-it,11c9b309abf73637e4b6f9a3fa1e92e615547819
6,discovery,2,39,2,7,random_positions,9.1875,3.75,2.375,-1.375,True,True,google/gemma-2-9b-it,11c9b309abf73637e4b6f9a3fa1e92e615547819
6,discovery,2,39,2,8,answer_position,9.1875,3.75,3.625,-0.125,True,True,google/gemma-2-9b-it,11c9b309abf73637e4b6f9a3fa1e92e615547819
6,discovery,2,39,2,8,number_tokens,9.1875,3.75,8.0,4.25,True,True,google/gemma-2-9b-it,11c9b309abf73637e4b6f9a3fa1e92e615547819
6,discovery,2,39,2,8,random_positions,9.1875,3.75,3.875,0.125,True,True,google/gemma-2-9b-it,11c9b309abf73637e4b6f9a3fa1e92e615547819
6,discovery,2,39,2,9,answer_position,9.1875,3.75,3.5,-0.25,True,True,google/gemma-2-9b-it,11c9b309abf73637e4b6f9a3fa1e92e615547819
6,discovery,2,39,2,9,number_tokens,9.1875,3.75,7.1875,3.4375,True,True,google/gemma-2-9b-it,11c9b309abf73637e4b6f9a3fa1e92e615547819
6,discovery,2,39,2,9,random_positions,9.1875,3.75,4.25,0.5,True,True,google/gemma-2-9b-it,11c9b309abf73637e4b6f9a3fa1e92e615547819
6,discovery,2,39,2,10,answer_position,9.1875,3.75,3.75,0.0,True,True,google/gemma-2-9b-it,11c9b309abf73637e4b6f9a3fa1e92e615547819
6,discovery,2,39,2,10,number_tokens,9.1875,3.75,7.5,3.75,True,True,google/gemma-2-9b-it,11c9b309abf73637e4b6f9a3fa1e92e615547819
6,discovery,2,39,2,10,random_positions,9.1875,3.75,5.875,2.125,True,True,google/gemma-2-9b-it,11c9b309abf73637e4b6f9a3fa1e92e615547819
6,discovery,2,39,2,11,answer_position,9.1875,3.75,3.75,0.0,True,True,google/gemma-2-9b-it,11c9b309abf73637e4b6f9a3fa1e92e615547819
6,discovery,2,39,2,11,number_tokens,9.1875,3.75,4.625,0.875,True,True,google/gemma-2-9b-it,11c9b309abf73637e4b6f9a3fa1e92e615547819
6,discovery,2,39,2,11,random_positions,9.1875,3.75,6.125,2.375,True,True,google/gemma-2-9b-it,11c9b309abf73637e4b6f9a3fa1e92e615547819
6,discovery,2,39,2,12,answer_position,9.1875,3.75,3.625,-0.125,True,True,google/gemma-2-9b-it,11c9b309abf73637e4b6f9a3fa1e92e615547819
6,discovery,2,39,2,12,number_tokens,9.1875,3.75,-1.875,-5.625,True,False,google/gemma-2-9b-it,11c9b309abf73637e4b6f9a3fa1e92e615547819
6,discovery,2,39,2,12,random_positions,9.1875,3.75,6.6875,2.9375,True,True,google/gemma-2-9b-it,11c9b309abf73637e4b6f9a3fa1e92e615547819
6,discovery,2,39,2,13,answer_position,9.1875,3.75,3.625,-0.125,True,True,google/gemma-2-9b-it,11c9b309abf73637e4b6f9a3fa1e92e615547819
6,discovery,2,39,2,13,number_tokens,9.1875,3.75,-3.25,-7.0,True,False,google/gemma-2-9b-it,11c9b309abf73637e4b6f9a3fa1e92e615547819
6,discovery,2,39,2,13,random_positions,9.1875,3.75,7.125,3.375,True,True,google/gemma-2-9b-it,11c9b309abf73637e4b6f9a3fa1e92e615547819
6,discovery,2,39,2,14,answer_position,9.1875,3.75,3.75,0.0,True,True,google/gemma-2-9b-it,11c9b309abf73637e4b6f9a3fa1e92e615547819
6,discovery,2,39,2,14,number_tokens,9.1875,3.75,1.625,-2.125,True,True,google/gemma-2-9b-it,11c9b309abf73637e4b6f9a3fa1e92e615547819
6,discovery,2,39,2,14,random_positions,9.1875,3.75,7.8125,4.0625,True,True,google/gemma-2-9b-it,11c9b309abf73637e4b6f9a3fa1e92e615547819
6,discovery,2,39,2,15,answer_position,9.1875,3.75,3.75,0.0,True,True,google/gemma-2-9b-it,11c9b309abf73637e4b6f9a3fa1e92e615547819
6,discovery,2,39,2,15,number_tokens,9.1875,3.75,5.625,1.875,True,True,google/gemma-2-9b-it,11c9b309abf73637e4b6f9a3fa1e92e615547819
6,discovery,2,39,2,15,random_positions,9.1875,3.75,7.5,3.75,True,True,google/gemma-2-9b-it,11c9b309abf73637e4b6f9a3fa1e92e615547819
6,discovery,2,39,2,16,answer_position,9.1875,3.75,3.625,-0.125,True,True,google/gemma-2-9b-it,11c9b309abf73637e4b6f9a3fa1e92e615547819
6,discovery,2,39,2,16,number_tokens,9.1875,3.75,6.875,3.125,True,True,google/gemma-2-9b-it,11c9b309abf73637e4b6f9a3fa1e92e615547819
6,discovery,2,39,2,16,random_positions,9.1875,3.75,7.125,3.375,True,True,google/gemma-2-9b-it,11c9b309abf73637e4b6f9a3fa1e92e615547819
6,discovery,2,39,2,17,answer_position,9.1875,3.75,3.75,0.0,True,True,google/gemma-2-9b-it,11c9b309abf73637e4b6f9a3fa1e92e615547819
6,discovery,2,39,2,17,number_tokens,9.1875,3.75,6.875,3.125,True,True,google/gemma-2-9b-it,11c9b309abf73637e4b6f9a3fa1e92e615547819
6,discovery,2,39,2,17,random_positions,9.1875,3.75,6.4375,2.6875,True,True,google/gemma-2-9b-it,11c9b309abf73637e4b6f9a3fa1e92e615547819
6,discovery,2,39,2,18,answer_position,9.1875,3.75,3.75,0.0,True,True,google/gemma-2-9b-it,11c9b309abf73637e4b6f9a3fa1e92e615547819
6,discovery,2,39,2,18,number_tokens,9.1875,3.75,6.0,2.25,True,True,google/gemma-2-9b-it,11c9b309abf73637e4b6f9a3fa1e92e615547819
6,discovery,2,39,2,18,random_positions,9.1875,3.75,6.5625,2.8125,True,True,google/gemma-2-9b-it,11c9b309abf73637e4b6f9a3fa1e92e615547819
6,discovery,2,39,2,19,answer_position,9.1875,3.75,3.5,-0.25,True,True,google/gemma-2-9b-it,11c9b309abf73637e4b6f9a3fa1e92e615547819
6,discovery,2,39,2,19,number_tokens,9.1875,3.75,6.6875,2.9375,True,True,google/gemma-2-9b-it,11c9b309abf73637e4b6f9a3fa1e92e615547819
6,discovery,2,39,2,19,random_positions,9.1875,3.75,7.0,3.25,True,True,google/gemma-2-9b-it,11c9b309abf73637e4b6f9a3fa1e92e615547819
6,discovery,2,39,2,20,answer_position,9.1875,3.75,4.125,0.375,True,True,google/gemma-2-9b-it,11c9b309abf73637e4b6f9a3fa1e92e615547819
6,discovery,2,39,2,20,number_tokens,9.1875,3.75,5.5,1.75,True,True,google/gemma-2-9b-it,11c9b309abf73637e4b6f9a3fa1e92e615547819
6,discovery,2,39,2,20,random_positions,9.1875,3.75,7.25,3.5,True,True,google/gemma-2-9b-it,11c9b309abf73637e4b6f9a3fa1e92e615547819
6,discovery,2,39,2,21,answer_position,9.1875,3.75,5.0,1.25,True,True,google/gemma-2-9b-it,11c9b309abf73637e4b6f9a3fa1e92e615547819
6,discovery,2,39,2,21,number_tokens,9.1875,3.75,5.0,1.25,True,True,google/gemma-2-9b-it,11c9b309abf73637e4b6f9a3fa1e92e615547819
6,discovery,2,39,2,21,random_positions,9.1875,3.75,6.3125,2.5625,True,True,google/gemma-2-9b-it,11c9b309abf73637e4b6f9a3fa1e92e615547819
6,discovery,2,39,2,22,answer_position,9.1875,3.75,6.0,2.25,True,True,google/gemma-2-9b-it,11c9b309abf73637e4b6f9a3fa1e92e615547819
6,discovery,2,39,2,22,number_tokens,9.1875,3.75,4.625,0.875,True,True,google/gemma-2-9b-it,11c9b309abf73637e4b6f9a3fa1e92e615547819
6,discovery,2,39,2,22,random_positions,9.1875,3.75,5.875,2.125,True,True,google/gemma-2-9b-it,11c9b309abf73637e4b6f9a3fa1e92e615547819
6,discovery,2,39,2,23,answer_position,9.1875,3.75,6.8125,3.0625,True,True,google/gemma-2-9b-it,11c9b309abf73637e4b6f9a3fa1e92e615547819
6,discovery,2,39,2,23,number_tokens,9.1875,3.75,3.75,0.0,True,True,google/gemma-2-9b-it,11c9b309abf73637e4b6f9a3fa1e92e615547819
6,discovery,2,39,2,23,random_positions,9.1875,3.75,3.375,-0.375,True,True,google/gemma-2-9b-it,11c9b309abf73637e4b6f9a3fa1e92e615547819
6,discovery,2,39,2,24,answer_position,9.1875,3.75,7.0,3.25,True,True,google/gemma-2-9b-it,11c9b309abf73637e4b6f9a3fa1e92e615547819
6,discovery,2,39,2,24,number_tokens,9.1875,3.75,3.75,0.0,True,True,google/gemma-2-9b-it,11c9b309abf73637e4b6f9a3fa1e92e615547819
6,discovery,2,39,2,24,random_positions,9.1875,3.75,3.5,-0.25,True,True,google/gemma-2-9b-it,11c9b309abf73637e4b6f9a3fa1e92e615547819
6,discovery,2,39,2,25,answer_position,9.1875,3.75,7.625,3.875,True,True,google/gemma-2-9b-it,11c9b309abf73637e4b6f9a3fa1e92e615547819
6,discovery,2,39,2,25,number_tokens,9.1875,3.75,3.625,-0.125,True,True,google/gemma-2-9b-it,11c9b309abf73637e4b6f9a3fa1e92e615547819
6,discovery,2,39,2,25,random_positions,9.1875,3.75,3.375,-0.375,True,True,google/gemma-2-9b-it,11c9b309abf73637e4b6f9a3fa1e92e615547819
6,discovery,2,39,2,26,answer_position,9.1875,3.75,8.0,4.25,True,True,google/gemma-2-9b-it,11c9b309abf73637e4b6f9a3fa1e92e615547819
6,discovery,2,39,2,26,number_tokens,9.1875,3.75,3.5,-0.25,True,True,google/gemma-2-9b-it,11c9b309abf73637e4b6f9a3fa1e92e615547819
6,discovery,2,39,2,26,random_positions,9.1875,3.75,3.625,-0.125,True,True,google/gemma-2-9b-it,11c9b309abf73637e4b6f9a3fa1e92e615547819
6,discovery,2,39,2,27,answer_position,9.1875,3.75,8.125,4.375,True,True,google/gemma-2-9b-it,11c9b309abf73637e4b6f9a3fa1e92e615547819
6,discovery,2,39,2,27,number_tokens,9.1875,3.75,3.625,-0.125,True,True,google/gemma-2-9b-it,11c9b309abf73637e4b6f9a3fa1e92e615547819
6,discovery,2,39,2,27,random_positions,9.1875,3.75,3.625,-0.125,True,True,google/gemma-2-9b-it,11c9b309abf73637e4b6f9a3fa1e92e615547819
6,discovery,2,39,2,28,answer_position,9.1875,3.75,7.9375,4.1875,True,True,google/gemma-2-9b-it,11c9b309abf73637e4b6f9a3fa1e92e615547819
6,discovery,2,39,2,28,number_tokens,9.1875,3.75,3.75,0.0,True,True,google/gemma-2-9b-it,11c9b309abf73637e4b6f9a3fa1e92e615547819
6,discovery,2,39,2,28,random_positions,9.1875,3.75,3.75,0.0,True,True,google/gemma-2-9b-it,11c9b309abf73637e4b6f9a3fa1e92e615547819
6,discovery,2,39,2,29,answer_position,9.1875,3.75,8.0,4.25,True,True,google/gemma-2-9b-it,11c9b309abf73637e4b6f9a3fa1e92e615547819
6,discovery,2,39,2,29,number_tokens,9.1875,3.75,3.625,-0.125,True,True,google/gemma-2-9b-it,11c9b309abf73637e4b6f9a3fa1e92e615547819
6,discovery,2,39,2,29,random_positions,9.1875,3.75,3.625,-0.125,True,True,google/gemma-2-9b-it,11c9b309abf73637e4b6f9a3fa1e92e615547819
6,discovery,2,39,2,30,answer_position,9.1875,3.75,8.125,4.375,True,True,google/gemma-2-9b-it,11c9b309abf73637e4b6f9a3fa1e92e615547819
6,discovery,2,39,2,30,number_tokens,9.1875,3.75,3.625,-0.125,True,True,google/gemma-2-9b-it,11c9b309abf73637e4b6f9a3fa1e92e615547819
6,discovery,2,39,2,30,random_positions,9.1875,3.75,3.75,0.0,True,True,google/gemma-2-9b-it,11c9b309abf73637e4b6f9a3fa1e92e615547819
6,discovery,2,39,2,31,answer_position,9.1875,3.75,8.1875,4.4375,True,True,google/gemma-2-9b-it,11c9b309abf73637e4b6f9a3fa1e92e615547819
6,discovery,2,39,2,31,number_tokens,9.1875,3.75,3.625,-0.125,True,True,google/gemma-2-9b-it,11c9b309abf73637e4b6f9a3fa1e92e615547819
6,discovery,2,39,2,31,random_positions,9.1875,3.75,3.625,-0.125,True,True,google/gemma-2-9b-it,11c9b309abf73637e4b6f9a3fa1e92e615547819
6,discovery,2,39,2,32,answer_position,9.1875,3.75,8.1875,4.4375,True,True,google/gemma-2-9b-it,11c9b309abf73637e4b6f9a3fa1e92e615547819
6,discovery,2,39,2,32,number_tokens,9.1875,3.75,3.625,-0.125,True,True,google/gemma-2-9b-it,11c9b309abf73637e4b6f9a3fa1e92e615547819
6,discovery,2,39,2,32,random_positions,9.1875,3.75,3.625,-0.125,True,True,google/gemma-2-9b-it,11c9b309abf73637e4b6f9a3fa1e92e615547819
6,discovery,2,39,2,33,answer_position,9.1875,3.75,8.1875,4.4375,True,True,google/gemma-2-9b-it,11c9b309abf73637e4b6f9a3fa1e92e615547819
6,discovery,2,39,2,33,number_tokens,9.1875,3.75,3.625,-0.125,True,True,google/gemma-2-9b-it,11c9b309abf73637e4b6f9a3fa1e92e615547819
6,discovery,2,39,2,33,random_positions,9.1875,3.75,3.625,-0.125,True,True,google/gemma-2-9b-it,11c9b309abf73637e4b6f9a3fa1e92e615547819
6,discovery,2,39,2,34,answer_position,9.1875,3.75,8.3125,4.5625,True,True,google/gemma-2-9b-it,11c9b309abf73637e4b6f9a3fa1e92e615547819
6,discovery,2,39,2,34,number_tokens,9.1875,3.75,3.625,-0.125,True,True,google/gemma-2-9b-it,11c9b309abf73637e4b6f9a3fa1e92e615547819
6,discovery,2,39,2,34,random_positions,9.1875,3.75,3.625,-0.125,True,True,google/gemma-2-9b-it,11c9b309abf73637e4b6f9a3fa1e92e615547819
6,discovery,2,39,2,35,answer_position,9.1875,3.75,8.3125,4.5625,True,True,google/gemma-2-9b-it,11c9b309abf73637e4b6f9a3fa1e92e615547819
6,discovery,2,39,2,35,number_tokens,9.1875,3.75,3.625,-0.125,True,True,google/gemma-2-9b-it,11c9b309abf73637e4b6f9a3fa1e92e615547819
6,discovery,2,39,2,35,random_positions,9.1875,3.75,3.625,-0.125,True,True,google/gemma-2-9b-it,11c9b309abf73637e4b6f9a3fa1e92e615547819
6,discovery,2,39,2,36,answer_position,9.1875,3.75,8.375,4.625,True,True,google/gemma-2-9b-it,11c9b309abf73637e4b6f9a3fa1e92e615547819
6,discovery,2,39,2,36,number_tokens,9.1875,3.75,3.75,0.0,True,True,google/gemma-2-9b-it,11c9b309abf73637e4b6f9a3fa1e92e615547819
6,discovery,2,39,2,36,random_positions,9.1875,3.75,3.625,-0.125,True,True,google/gemma-2-9b-it,11c9b309abf73637e4b6f9a3fa1e92e615547819
6,discovery,2,39,2,37,answer_position,9.1875,3.75,8.5,4.75,True,True,google/gemma-2-9b-it,11c9b309abf73637e4b6f9a3fa1e92e615547819
6,discovery,2,39,2,37,number_tokens,9.1875,3.75,3.75,0.0,True,True,google/gemma-2-9b-it,11c9b309abf73637e4b6f9a3fa1e92e615547819
6,discovery,2,39,2,37,random_positions,9.1875,3.75,3.625,-0.125,True,True,google/gemma-2-9b-it,11c9b309abf73637e4b6f9a3fa1e92e615547819
6,discovery,2,39,2,38,answer_position,9.1875,3.75,8.5625,4.8125,True,True,google/gemma-2-9b-it,11c9b309abf73637e4b6f9a3fa1e92e615547819
6,discovery,2,39,2,38,number_tokens,9.1875,3.75,3.625,-0.125,True,True,google/gemma-2-9b-it,11c9b309abf73637e4b6f9a3fa1e92e615547819
6,discovery,2,39,2,38,random_positions,9.1875,3.75,3.625,-0.125,True,True,google/gemma-2-9b-it,11c9b309abf73637e4b6f9a3fa1e92e615547819
6,discovery,2,39,2,39,answer_position,9.1875,3.75,8.75,5.0,True,True,google/gemma-2-9b-it,11c9b309abf73637e4b6f9a3fa1e92e615547819
6,discovery,2,39,2,39,number_tokens,9.1875,3.75,3.75,0.0,True,True,google/gemma-2-9b-it,11c9b309abf73637e4b6f9a3fa1e92e615547819
6,discovery,2,39,2,39,random_positions,9.1875,3.75,3.75,0.0,True,True,google/gemma-2-9b-it,11c9b309abf73637e4b6f9a3fa1e92e615547819
6,discovery,2,39,2,40,answer_position,9.1875,3.75,9.0,5.25,True,True,google/gemma-2-9b-it,11c9b309abf73637e4b6f9a3fa1e92e615547819
6,discovery,2,39,2,40,number_tokens,9.1875,3.75,3.75,0.0,True,True,google/gemma-2-9b-it,11c9b309abf73637e4b6f9a3fa1e92e615547819
6,discovery,2,39,2,40,random_positions,9.1875,3.75,3.75,0.0,True,True,google/gemma-2-9b-it,11c9b309abf73637e4b6f9a3fa1e92e615547819
6,discovery,2,39,2,41,answer_position,9.1875,3.75,9.1875,5.4375,True,True,google/gemma-2-9b-it,11c9b309abf73637e4b6f9a3fa1e92e615547819
6,discovery,2,39,2,41,number_tokens,9.1875,3.75,3.75,0.0,True,True,google/gemma-2-9b-it,11c9b309abf73637e4b6f9a3fa1e92e615547819
6,discovery,2,39,2,41,random_positions,9.1875,3.75,3.75,0.0,True,True,google/gemma-2-9b-it,11c9b309abf73637e4b6f9a3fa1e92e615547819
7,discovery,2,40,3,0,answer_position,8.1875,2.875,2.875,0.0,True,True,google/gemma-2-9b-it,11c9b309abf73637e4b6f9a3fa1e92e615547819
7,discovery,2,40,3,0,number_tokens,8.1875,2.875,2.875,0.0,True,True,google/gemma-2-9b-it,11c9b309abf73637e4b6f9a3fa1e92e615547819
7,discovery,2,40,3,0,random_positions,8.1875,2.875,2.875,0.0,True,True,google/gemma-2-9b-it,11c9b309abf73637e4b6f9a3fa1e92e615547819
7,discovery,2,40,3,1,answer_position,8.1875,2.875,3.125,0.25,True,True,google/gemma-2-9b-it,11c9b309abf73637e4b6f9a3fa1e92e615547819
7,discovery,2,40,3,1,number_tokens,8.1875,2.875,2.875,0.0,True,True,google/gemma-2-9b-it,11c9b309abf73637e4b6f9a3fa1e92e615547819
7,discovery,2,40,3,1,random_positions,8.1875,2.875,2.5,-0.375,True,True,google/gemma-2-9b-it,11c9b309abf73637e4b6f9a3fa1e92e615547819
7,discovery,2,40,3,2,answer_position,8.1875,2.875,3.125,0.25,True,True,google/gemma-2-9b-it,11c9b309abf73637e4b6f9a3fa1e92e615547819
7,discovery,2,40,3,2,number_tokens,8.1875,2.875,3.125,0.25,True,True,google/gemma-2-9b-it,11c9b309abf73637e4b6f9a3fa1e92e615547819
7,discovery,2,40,3,2,random_positions,8.1875,2.875,2.75,-0.125,True,True,google/gemma-2-9b-it,11c9b309abf73637e4b6f9a3fa1e92e615547819
7,discovery,2,40,3,3,answer_position,8.1875,2.875,3.0,0.125,True,True,google/gemma-2-9b-it,11c9b309abf73637e4b6f9a3fa1e92e615547819
7,discovery,2,40,3,3,number_tokens,8.1875,2.875,3.75,0.875,True,True,google/gemma-2-9b-it,11c9b309abf73637e4b6f9a3fa1e92e615547819
7,discovery,2,40,3,3,random_positions,8.1875,2.875,2.25,-0.625,True,True,google/gemma-2-9b-it,11c9b309abf73637e4b6f9a3fa1e92e615547819
7,discovery,2,40,3,4,answer_position,8.1875,2.875,3.0,0.125,True,True,google/gemma-2-9b-it,11c9b309abf73637e4b6f9a3fa1e92e615547819
7,discovery,2,40,3,4,number_tokens,8.1875,2.875,4.125,1.25,True,True,google/gemma-2-9b-it,11c9b309abf73637e4b6f9a3fa1e92e615547819
7,discovery,2,40,3,4,random_positions,8.1875,2.875,2.0,-0.875,True,True,google/gemma-2-9b-it,11c9b309abf73637e4b6f9a3fa1e92e615547819
7,discovery,2,40,3,5,answer_position,8.1875,2.875,3.0,0.125,True,True,google/gemma-2-9b-it,11c9b309abf73637e4b6f9a3fa1e92e615547819
7,discovery,2,40,3,5,number_tokens,8.1875,2.875,5.25,2.375,True,True,google/gemma-2-9b-it,11c9b309abf73637e4b6f9a3fa1e92e615547819
7,discovery,2,40,3,5,random_positions,8.1875,2.875,2.125,-0.75,True,True,google/gemma-2-9b-it,11c9b309abf73637e4b6f9a3fa1e92e615547819
7,discovery,2,40,3,6,answer_position,8.1875,2.875,3.0,0.125,True,True,google/gemma-2-9b-it,11c9b309abf73637e4b6f9a3fa1e92e615547819
7,discovery,2,40,3,6,number_tokens,8.1875,2.875,6.0,3.125,True,True,google/gemma-2-9b-it,11c9b309abf73637e4b6f9a3fa1e92e615547819
7,discovery,2,40,3,6,random_positions,8.1875,2.875,2.75,-0.125,True,True,google/gemma-2-9b-it,11c9b309abf73637e4b6f9a3fa1e92e615547819
7,discovery,2,40,3,7,answer_position,8.1875,2.875,2.875,0.0,True,True,google/gemma-2-9b-it,11c9b309abf73637e4b6f9a3fa1e92e615547819
7,discovery,2,40,3,7,number_tokens,8.1875,2.875,7.625,4.75,True,True,google/gemma-2-9b-it,11c9b309abf73637e4b6f9a3fa1e92e615547819
7,discovery,2,40,3,7,random_positions,8.1875,2.875,2.5,-0.375,True,True,google/gemma-2-9b-it,11c9b309abf73637e4b6f9a3fa1e92e615547819
7,discovery,2,40,3,8,answer_position,8.1875,2.875,3.125,0.25,True,True,google/gemma-2-9b-it,11c9b309abf73637e4b6f9a3fa1e92e615547819
7,discovery,2,40,3,8,number_tokens,8.1875,2.875,7.8125,4.9375,True,True,google/gemma-2-9b-it,11c9b309abf73637e4b6f9a3fa1e92e615547819
7,discovery,2,40,3,8,random_positions,8.1875,2.875,3.0,0.125,True,True,google/gemma-2-9b-it,11c9b309abf73637e4b6f9a3fa1e92e615547819
7,discovery,2,40,3,9,answer_position,8.1875,2.875,3.0,0.125,True,True,google/gemma-2-9b-it,11c9b309abf73637e4b6f9a3fa1e92e615547819
7,discovery,2,40,3,9,number_tokens,8.1875,2.875,7.5,4.625,True,True,google/gemma-2-9b-it,11c9b309abf73637e4b6f9a3fa1e92e615547819
7,discovery,2,40,3,9,random_positions,8.1875,2.875,3.25,0.375,True,True,google/gemma-2-9b-it,11c9b309abf73637e4b6f9a3fa1e92e615547819
7,discovery,2,40,3,10,answer_position,8.1875,2.875,3.125,0.25,True,True,google/gemma-2-9b-it,11c9b309abf73637e4b6f9a3fa1e92e615547819
7,discovery,2,40,3,10,number_tokens,8.1875,2.875,7.375,4.5,True,True,google/gemma-2-9b-it,11c9b309abf73637e4b6f9a3fa1e92e615547819
7,discovery,2,40,3,10,random_positions,8.1875,2.875,6.5625,3.6875,True,True,google/gemma-2-9b-it,11c9b309abf73637e4b6f9a3fa1e92e615547819
7,discovery,2,40,3,11,answer_position,8.1875,2.875,3.0,0.125,True,True,google/gemma-2-9b-it,11c9b309abf73637e4b6f9a3fa1e92e615547819
7,discovery,2,40,3,11,number_tokens,8.1875,2.875,5.125,2.25,True,True,google/gemma-2-9b-it,11c9b309abf73637e4b6f9a3fa1e92e615547819
7,discovery,2,40,3,11,random_positions,8.1875,2.875,6.5625,3.6875,True,True,google/gemma-2-9b-it,11c9b309abf73637e4b6f9a3fa1e92e615547819
7,discovery,2,40,3,12,answer_position,8.1875,2.875,3.0,0.125,True,True,google/gemma-2-9b-it,11c9b309abf73637e4b6f9a3fa1e92e615547819
7,discovery,2,40,3,12,number_tokens,8.1875,2.875,0.75,-2.125,True,True,google/gemma-2-9b-it,11c9b309abf73637e4b6f9a3fa1e92e615547819
7,discovery,2,40,3,12,random_positions,8.1875,2.875,6.8125,3.9375,True,True,google/gemma-2-9b-it,11c9b309abf73637e4b6f9a3fa1e92e615547819
7,discovery,2,40,3,13,answer_position,8.1875,2.875,3.0,0.125,True,True,google/gemma-2-9b-it,11c9b309abf73637e4b6f9a3fa1e92e615547819
7,discovery,2,40,3,13,number_tokens,8.1875,2.875,0.5,-2.375,True,True,google/gemma-2-9b-it,11c9b309abf73637e4b6f9a3fa1e92e615547819
7,discovery,2,40,3,13,random_positions,8.1875,2.875,7.5,4.625,True,True,google/gemma-2-9b-it,11c9b309abf73637e4b6f9a3fa1e92e615547819
7,discovery,2,40,3,14,answer_position,8.1875,2.875,3.0,0.125,True,True,google/gemma-2-9b-it,11c9b309abf73637e4b6f9a3fa1e92e615547819
7,discovery,2,40,3,14,number_tokens,8.1875,2.875,2.0,-0.875,True,True,google/gemma-2-9b-it,11c9b309abf73637e4b6f9a3fa1e92e615547819
7,discovery,2,40,3,14,random_positions,8.1875,2.875,7.6875,4.8125,True,True,google/gemma-2-9b-it,11c9b309abf73637e4b6f9a3fa1e92e615547819
7,discovery,2,40,3,15,answer_position,8.1875,2.875,2.875,0.0,True,True,google/gemma-2-9b-it,11c9b309abf73637e4b6f9a3fa1e92e615547819
7,discovery,2,40,3,15,number_tokens,8.1875,2.875,5.25,2.375,True,True,google/gemma-2-9b-it,11c9b309abf73637e4b6f9a3fa1e92e615547819
7,discovery,2,40,3,15,random_positions,8.1875,2.875,7.4375,4.5625,True,True,google/gemma-2-9b-it,11c9b309abf73637e4b6f9a3fa1e92e615547819
7,discovery,2,40,3,16,answer_position,8.1875,2.875,3.125,0.25,True,True,google/gemma-2-9b-it,11c9b309abf73637e4b6f9a3fa1e92e615547819
7,discovery,2,40,3,16,number_tokens,8.1875,2.875,5.625,2.75,True,True,google/gemma-2-9b-it,11c9b309abf73637e4b6f9a3fa1e92e615547819
7,discovery,2,40,3,16,random_positions,8.1875,2.875,6.875,4.0,True,True,google/gemma-2-9b-it,11c9b309abf73637e4b6f9a3fa1e92e615547819
7,discovery,2,40,3,17,answer_position,8.1875,2.875,2.875,0.0,True,True,google/gemma-2-9b-it,11c9b309abf73637e4b6f9a3fa1e92e615547819
7,discovery,2,40,3,17,number_tokens,8.1875,2.875,6.125,3.25,True,True,google/gemma-2-9b-it,11c9b309abf73637e4b6f9a3fa1e92e615547819
7,discovery,2,40,3,17,random_positions,8.1875,2.875,6.125,3.25,True,True,google/gemma-2-9b-it,11c9b309abf73637e4b6f9a3fa1e92e615547819
7,discovery,2,40,3,18,answer_position,8.1875,2.875,2.875,0.0,True,True,google/gemma-2-9b-it,11c9b309abf73637e4b6f9a3fa1e92e615547819
7,discovery,2,40,3,18,number_tokens,8.1875,2.875,4.875,2.0,True,True,google/gemma-2-9b-it,11c9b309abf73637e4b6f9a3fa1e92e615547819
7,discovery,2,40,3,18,random_positions,8.1875,2.875,6.25,3.375,True,True,google/gemma-2-9b-it,11c9b309abf73637e4b6f9a3fa1e92e615547819
7,discovery,2,40,3,19,answer_position,8.1875,2.875,3.125,0.25,True,True,google/gemma-2-9b-it,11c9b309abf73637e4b6f9a3fa1e92e615547819
7,discovery,2,40,3,19,number_tokens,8.1875,2.875,5.75,2.875,True,True,google/gemma-2-9b-it,11c9b309abf73637e4b6f9a3fa1e92e615547819
7,discovery,2,40,3,19,random_positions,8.1875,2.875,6.5625,3.6875,True,True,google/gemma-2-9b-it,11c9b309abf73637e4b6f9a3fa1e92e615547819
7,discovery,2,40,3,20,answer_position,8.1875,2.875,3.75,0.875,True,True,google/gemma-2-9b-it,11c9b309abf73637e4b6f9a3fa1e92e615547819
7,discovery,2,40,3,20,number_tokens,8.1875,2.875,4.625,1.75,True,True,google/gemma-2-9b-it,11c9b309abf73637e4b6f9a3fa1e92e615547819
7,discovery,2,40,3,20,random_positions,8.1875,2.875,6.6875,3.8125,True,True,google/gemma-2-9b-it,11c9b309abf73637e4b6f9a3fa1e92e615547819
7,discovery,2,40,3,21,answer_position,8.1875,2.875,4.25,1.375,True,True,google/gemma-2-9b-it,11c9b309abf73637e4b6f9a3fa1e92e615547819
7,discovery,2,40,3,21,number_tokens,8.1875,2.875,4.125,1.25,True,True,google/gemma-2-9b-it,11c9b309abf73637e4b6f9a3fa1e92e615547819
7,discovery,2,40,3,21,random_positions,8.1875,2.875,5.875,3.0,True,True,google/gemma-2-9b-it,11c9b309abf73637e4b6f9a3fa1e92e615547819
7,discovery,2,40,3,22,answer_position,8.1875,2.875,5.125,2.25,True,True,google/gemma-2-9b-it,11c9b309abf73637e4b6f9a3fa1e92e615547819
7,discovery,2,40,3,22,number_tokens,8.1875,2.875,4.0,1.125,True,True,google/gemma-2-9b-it,11c9b309abf73637e4b6f9a3fa1e92e615547819
7,discovery,2,40,3,22,random_positions,8.1875,2.875,5.625,2.75,True,True,google/gemma-2-9b-it,11c9b309abf73637e4b6f9a3fa1e92e615547819
7,discovery,2,40,3,23,answer_position,8.1875,2.875,6.3125,3.4375,True,True,google/gemma-2-9b-it,11c9b309abf73637e4b6f9a3fa1e92e615547819
7,discovery,2,40,3,23,number_tokens,8.1875,2.875,3.0,0.125,True,True,google/gemma-2-9b-it,11c9b309abf73637e4b6f9a3fa1e92e615547819
7,discovery,2,40,3,23,random_positions,8.1875,2.875,3.0,0.125,True,True,google/gemma-2-9b-it,11c9b309abf73637e4b6f9a3fa1e92e615547819
7,discovery,2,40,3,24,answer_position,8.1875,2.875,6.4375,3.5625,True,True,google/gemma-2-9b-it,11c9b309abf73637e4b6f9a3fa1e92e615547819
7,discovery,2,40,3,24,number_tokens,8.1875,2.875,2.875,0.0,True,True,google/gemma-2-9b-it,11c9b309abf73637e4b6f9a3fa1e92e615547819
7,discovery,2,40,3,24,random_positions,8.1875,2.875,3.25,0.375,True,True,google/gemma-2-9b-it,11c9b309abf73637e4b6f9a3fa1e92e615547819
7,discovery,2,40,3,25,answer_position,8.1875,2.875,6.9375,4.0625,True,True,google/gemma-2-9b-it,11c9b309abf73637e4b6f9a3fa1e92e615547819
7,discovery,2,40,3,25,number_tokens,8.1875,2.875,2.875,0.0,True,True,google/gemma-2-9b-it,11c9b309abf73637e4b6f9a3fa1e92e615547819
7,discovery,2,40,3,25,random_positions,8.1875,2.875,3.25,0.375,True,True,google/gemma-2-9b-it,11c9b309abf73637e4b6f9a3fa1e92e615547819
7,discovery,2,40,3,26,answer_position,8.1875,2.875,7.375,4.5,True,True,google/gemma-2-9b-it,11c9b309abf73637e4b6f9a3fa1e92e615547819
7,discovery,2,40,3,26,number_tokens,8.1875,2.875,2.75,-0.125,True,True,google/gemma-2-9b-it,11c9b309abf73637e4b6f9a3fa1e92e615547819
7,discovery,2,40,3,26,random_positions,8.1875,2.875,3.25,0.375,True,True,google/gemma-2-9b-it,11c9b309abf73637e4b6f9a3fa1e92e615547819
7,discovery,2,40,3,27,answer_position,8.1875,2.875,7.375,4.5,True,True,google/gemma-2-9b-it,11c9b309abf73637e4b6f9a3fa1e92e615547819
7,discovery,2,40,3,27,number_tokens,8.1875,2.875,2.875,0.0,True,True,google/gemma-2-9b-it,11c9b309abf73637e4b6f9a3fa1e92e615547819
7,discovery,2,40,3,27,random_positions,8.1875,2.875,3.25,0.375,True,True,google/gemma-2-9b-it,11c9b309abf73637e4b6f9a3fa1e92e615547819
7,discovery,2,40,3,28,answer_position,8.1875,2.875,7.25,4.375,True,True,google/gemma-2-9b-it,11c9b309abf73637e4b6f9a3fa1e92e615547819
7,discovery,2,40,3,28,number_tokens,8.1875,2.875,3.0,0.125,True,True,google/gemma-2-9b-it,11c9b309abf73637e4b6f9a3fa1e92e615547819
7,discovery,2,40,3,28,random_positions,8.1875,2.875,3.125,0.25,True,True,google/gemma-2-9b-it,11c9b309abf73637e4b6f9a3fa1e92e615547819
7,discovery,2,40,3,29,answer_position,8.1875,2.875,7.375,4.5,True,True,google/gemma-2-9b-it,11c9b309abf73637e4b6f9a3fa1e92e615547819
7,discovery,2,40,3,29,number_tokens,8.1875,2.875,3.125,0.25,True,True,google/gemma-2-9b-it,11c9b309abf73637e4b6f9a3fa1e92e615547819
7,discovery,2,40,3,29,random_positions,8.1875,2.875,3.0,0.125,True,True,google/gemma-2-9b-it,11c9b309abf73637e4b6f9a3fa1e92e615547819
7,discovery,2,40,3,30,answer_position,8.1875,2.875,7.5,4.625,True,True,google/gemma-2-9b-it,11c9b309abf73637e4b6f9a3fa1e92e615547819
7,discovery,2,40,3,30,number_tokens,8.1875,2.875,3.0,0.125,True,True,google/gemma-2-9b-it,11c9b309abf73637e4b6f9a3fa1e92e615547819
7,discovery,2,40,3,30,random_positions,8.1875,2.875,2.875,0.0,True,True,google/gemma-2-9b-it,11c9b309abf73637e4b6f9a3fa1e92e615547819
7,discovery,2,40,3,31,answer_position,8.1875,2.875,7.5,4.625,True,True,google/gemma-2-9b-it,11c9b309abf73637e4b6f9a3fa1e92e615547819
7,discovery,2,40,3,31,number_tokens,8.1875,2.875,3.0,0.125,True,True,google/gemma-2-9b-it,11c9b309abf73637e4b6f9a3fa1e92e615547819
7,discovery,2,40,3,31,random_positions,8.1875,2.875,2.875,0.0,True,True,google/gemma-2-9b-it,11c9b309abf73637e4b6f9a3fa1e92e615547819
7,discovery,2,40,3,32,answer_position,8.1875,2.875,7.625,4.75,True,True,google/gemma-2-9b-it,11c9b309abf73637e4b6f9a3fa1e92e615547819
7,discovery,2,40,3,32,number_tokens,8.1875,2.875,3.0,0.125,True,True,google/gemma-2-9b-it,11c9b309abf73637e4b6f9a3fa1e92e615547819
7,discovery,2,40,3,32,random_positions,8.1875,2.875,3.0,0.125,True,True,google/gemma-2-9b-it,11c9b309abf73637e4b6f9a3fa1e92e615547819
7,discovery,2,40,3,33,answer_position,8.1875,2.875,7.75,4.875,True,True,google/gemma-2-9b-it,11c9b309abf73637e4b6f9a3fa1e92e615547819
7,discovery,2,40,3,33,number_tokens,8.1875,2.875,3.0,0.125,True,True,google/gemma-2-9b-it,11c9b309abf73637e4b6f9a3fa1e92e615547819
7,discovery,2,40,3,33,random_positions,8.1875,2.875,3.0,0.125,True,True,google/gemma-2-9b-it,11c9b309abf73637e4b6f9a3fa1e92e615547819
7,discovery,2,40,3,34,answer_position,8.1875,2.875,7.625,4.75,True,True,google/gemma-2-9b-it,11c9b309abf73637e4b6f9a3fa1e92e615547819
7,discovery,2,40,3,34,number_tokens,8.1875,2.875,2.875,0.0,True,True,google/gemma-2-9b-it,11c9b309abf73637e4b6f9a3fa1e92e615547819
7,discovery,2,40,3,34,random_positions,8.1875,2.875,2.875,0.0,True,True,google/gemma-2-9b-it,11c9b309abf73637e4b6f9a3fa1e92e615547819
7,discovery,2,40,3,35,answer_position,8.1875,2.875,7.625,4.75,True,True,google/gemma-2-9b-it,11c9b309abf73637e4b6f9a3fa1e92e615547819
7,discovery,2,40,3,35,number_tokens,8.1875,2.875,3.125,0.25,True,True,google/gemma-2-9b-it,11c9b309abf73637e4b6f9a3fa1e92e615547819
7,discovery,2,40,3,35,random_positions,8.1875,2.875,2.875,0.0,True,True,google/gemma-2-9b-it,11c9b309abf73637e4b6f9a3fa1e92e615547819
7,discovery,2,40,3,36,answer_position,8.1875,2.875,7.75,4.875,True,True,google/gemma-2-9b-it,11c9b309abf73637e4b6f9a3fa1e92e615547819
7,discovery,2,40,3,36,number_tokens,8.1875,2.875,2.875,0.0,True,True,google/gemma-2-9b-it,11c9b309abf73637e4b6f9a3fa1e92e615547819
7,discovery,2,40,3,36,random_positions,8.1875,2.875,2.875,0.0,True,True,google/gemma-2-9b-it,11c9b309abf73637e4b6f9a3fa1e92e615547819
7,discovery,2,40,3,37,answer_position,8.1875,2.875,7.75,4.875,True,True,google/gemma-2-9b-it,11c9b309abf73637e4b6f9a3fa1e92e615547819
7,discovery,2,40,3,37,number_tokens,8.1875,2.875,3.0,0.125,True,True,google/gemma-2-9b-it,11c9b309abf73637e4b6f9a3fa1e92e615547819
7,discovery,2,40,3,37,random_positions,8.1875,2.875,2.875,0.0,True,True,google/gemma-2-9b-it,11c9b309abf73637e4b6f9a3fa1e92e615547819
7,discovery,2,40,3,38,answer_position,8.1875,2.875,7.8125,4.9375,True,True,google/gemma-2-9b-it,11c9b309abf73637e4b6f9a3fa1e92e615547819
7,discovery,2,40,3,38,number_tokens,8.1875,2.875,2.875,0.0,True,True,google/gemma-2-9b-it,11c9b309abf73637e4b6f9a3fa1e92e615547819
7,discovery,2,40,3,38,random_positions,8.1875,2.875,2.875,0.0,True,True,google/gemma-2-9b-it,11c9b309abf73637e4b6f9a3fa1e92e615547819
7,discovery,2,40,3,39,answer_position,8.1875,2.875,7.875,5.0,True,True,google/gemma-2-9b-it,11c9b309abf73637e4b6f9a3fa1e92e615547819
7,discovery,2,40,3,39,number_tokens,8.1875,2.875,2.875,0.0,True,True,google/gemma-2-9b-it,11c9b309abf73637e4b6f9a3fa1e92e615547819
7,discovery,2,40,3,39,random_positions,8.1875,2.875,3.0,0.125,True,True,google/gemma-2-9b-it,11c9b309abf73637e4b6f9a3fa1e92e615547819
7,discovery,2,40,3,40,answer_position,8.1875,2.875,8.125,5.25,True,True,google/gemma-2-9b-it,11c9b309abf73637e4b6f9a3fa1e92e615547819
7,discovery,2,40,3,40,number_tokens,8.1875,2.875,3.0,0.125,True,True,google/gemma-2-9b-it,11c9b309abf73637e4b6f9a3fa1e92e615547819
7,discovery,2,40,3,40,random_positions,8.1875,2.875,3.0,0.125,True,True,google/gemma-2-9b-it,11c9b309abf73637e4b6f9a3fa1e92e615547819
7,discovery,2,40,3,41,answer_position,8.1875,2.875,8.1875,5.3125,True,True,google/gemma-2-9b-it,11c9b309abf73637e4b6f9a3fa1e92e615547819
7,discovery,2,40,3,41,number_tokens,8.1875,2.875,2.875,0.0,True,True,google/gemma-2-9b-it,11c9b309abf73637e4b6f9a3fa1e92e615547819
7,discovery,2,40,3,41,random_positions,8.1875,2.875,2.875,0.0,True,True,google/gemma-2-9b-it,11c9b309abf73637e4b6f9a3fa1e92e615547819
8,discovery,2,41,4,0,answer_position,8.875,5.5,5.5,0.0,True,True,google/gemma-2-9b-it,11c9b309abf73637e4b6f9a3fa1e92e615547819
8,discovery,2,41,4,0,number_tokens,8.875,5.5,5.625,0.125,True,True,google/gemma-2-9b-it,11c9b309abf73637e4b6f9a3fa1e92e615547819
8,discovery,2,41,4,0,random_positions,8.875,5.5,4.375,-1.125,True,True,google/gemma-2-9b-it,11c9b309abf73637e4b6f9a3fa1e92e615547819
8,discovery,2,41,4,1,answer_position,8.875,5.5,5.5,0.0,True,True,google/gemma-2-9b-it,11c9b309abf73637e4b6f9a3fa1e92e615547819
8,discovery,2,41,4,1,number_tokens,8.875,5.5,5.625,0.125,True,True,google/gemma-2-9b-it,11c9b309abf73637e4b6f9a3fa1e92e615547819
8,discovery,2,41,4,1,random_positions,8.875,5.5,4.875,-0.625,True,True,google/gemma-2-9b-it,11c9b309abf73637e4b6f9a3fa1e92e615547819
8,discovery,2,41,4,2,answer_position,8.875,5.5,5.5,0.0,True,True,google/gemma-2-9b-it,11c9b309abf73637e4b6f9a3fa1e92e615547819
8,discovery,2,41,4,2,number_tokens,8.875,5.5,5.75,0.25,True,True,google/gemma-2-9b-it,11c9b309abf73637e4b6f9a3fa1e92e615547819
8,discovery,2,41,4,2,random_positions,8.875,5.5,5.25,-0.25,True,True,google/gemma-2-9b-it,11c9b309abf73637e4b6f9a3fa1e92e615547819
8,discovery,2,41,4,3,answer_position,8.875,5.5,5.5,0.0,True,True,google/gemma-2-9b-it,11c9b309abf73637e4b6f9a3fa1e92e615547819
8,discovery,2,41,4,3,number_tokens,8.875,5.5,6.375,0.875,True,True,google/gemma-2-9b-it,11c9b309abf73637e4b6f9a3fa1e92e615547819
8,discovery,2,41,4,3,random_positions,8.875,5.5,5.0,-0.5,True,True,google/gemma-2-9b-it,11c9b309abf73637e4b6f9a3fa1e92e615547819
8,discovery,2,41,4,4,answer_position,8.875,5.5,5.5,0.0,True,True,google/gemma-2-9b-it,11c9b309abf73637e4b6f9a3fa1e92e615547819
8,discovery,2,41,4,4,number_tokens,8.875,5.5,6.6875,1.1875,True,True,google/gemma-2-9b-it,11c9b309abf73637e4b6f9a3fa1e92e615547819
8,discovery,2,41,4,4,random_positions,8.875,5.5,5.25,-0.25,True,True,google/gemma-2-9b-it,11c9b309abf73637e4b6f9a3fa1e92e615547819
8,discovery,2,41,4,5,answer_position,8.875,5.5,5.5,0.0,True,True,google/gemma-2-9b-it,11c9b309abf73637e4b6f9a3fa1e92e615547819
8,discovery,2,41,4,5,number_tokens,8.875,5.5,7.5,2.0,True,True,google/gemma-2-9b-it,11c9b309abf73637e4b6f9a3fa1e92e615547819
8,discovery,2,41,4,5,random_positions,8.875,5.5,5.125,-0.375,True,True,google/gemma-2-9b-it,11c9b309abf73637e4b6f9a3fa1e92e615547819
8,discovery,2,41,4,6,answer_position,8.875,5.5,5.5,0.0,True,True,google/gemma-2-9b-it,11c9b309abf73637e4b6f9a3fa1e92e615547819
8,discovery,2,41,4,6,number_tokens,8.875,5.5,7.625,2.125,True,True,google/gemma-2-9b-it,11c9b309abf73637e4b6f9a3fa1e92e615547819
8,discovery,2,41,4,6,random_positions,8.875,5.5,5.125,-0.375,True,True,google/gemma-2-9b-it,11c9b309abf73637e4b6f9a3fa1e92e615547819
8,discovery,2,41,4,7,answer_position,8.875,5.5,5.625,0.125,True,True,google/gemma-2-9b-it,11c9b309abf73637e4b6f9a3fa1e92e615547819
8,discovery,2,41,4,7,number_tokens,8.875,5.5,8.4375,2.9375,True,True,google/gemma-2-9b-it,11c9b309abf73637e4b6f9a3fa1e92e615547819
8,discovery,2,41,4,7,random_positions,8.875,5.5,5.375,-0.125,True,True,google/gemma-2-9b-it,11c9b309abf73637e4b6f9a3fa1e92e615547819
8,discovery,2,41,4,8,answer_position,8.875,5.5,5.5,0.0,True,True,google/gemma-2-9b-it,11c9b309abf73637e4b6f9a3fa1e92e615547819
8,discovery,2,41,4,8,number_tokens,8.875,5.5,8.5,3.0,True,True,google/gemma-2-9b-it,11c9b309abf73637e4b6f9a3fa1e92e615547819
8,discovery,2,41,4,8,random_positions,8.875,5.5,5.375,-0.125,True,True,google/gemma-2-9b-it,11c9b309abf73637e4b6f9a3fa1e92e615547819
8,discovery,2,41,4,9,answer_position,8.875,5.5,5.5,0.0,True,True,google/gemma-2-9b-it,11c9b309abf73637e4b6f9a3fa1e92e615547819
8,discovery,2,41,4,9,number_tokens,8.875,5.5,8.375,2.875,True,True,google/gemma-2-9b-it,11c9b309abf73637e4b6f9a3fa1e92e615547819
8,discovery,2,41,4,9,random_positions,8.875,5.5,5.375,-0.125,True,True,google/gemma-2-9b-it,11c9b309abf73637e4b6f9a3fa1e92e615547819
8,discovery,2,41,4,10,answer_position,8.875,5.5,5.625,0.125,True,True,google/gemma-2-9b-it,11c9b309abf73637e4b6f9a3fa1e92e615547819
8,discovery,2,41,4,10,number_tokens,8.875,5.5,8.5625,3.0625,True,True,google/gemma-2-9b-it,11c9b309abf73637e4b6f9a3fa1e92e615547819
8,discovery,2,41,4,10,random_positions,8.875,5.5,6.25,0.75,True,True,google/gemma-2-9b-it,11c9b309abf73637e4b6f9a3fa1e92e615547819
8,discovery,2,41,4,11,answer_position,8.875,5.5,5.5,0.0,True,True,google/gemma-2-9b-it,11c9b309abf73637e4b6f9a3fa1e92e615547819
8,discovery,2,41,4,11,number_tokens,8.875,5.5,5.0,-0.5,True,True,google/gemma-2-9b-it,11c9b309abf73637e4b6f9a3fa1e92e615547819
8,discovery,2,41,4,11,random_positions,8.875,5.5,6.9375,1.4375,True,True,google/gemma-2-9b-it,11c9b309abf73637e4b6f9a3fa1e92e615547819
8,discovery,2,41,4,12,answer_position,8.875,5.5,5.5,0.0,True,True,google/gemma-2-9b-it,11c9b309abf73637e4b6f9a3fa1e92e615547819
8,discovery,2,41,4,12,number_tokens,8.875,5.5,-1.125,-6.625,True,False,google/gemma-2-9b-it,11c9b309abf73637e4b6f9a3fa1e92e615547819
8,discovery,2,41,4,12,random_positions,8.875,5.5,6.9375,1.4375,True,True,google/gemma-2-9b-it,11c9b309abf73637e4b6f9a3fa1e92e615547819
8,discovery,2,41,4,13,answer_position,8.875,5.5,5.625,0.125,True,True,google/gemma-2-9b-it,11c9b309abf73637e4b6f9a3fa1e92e615547819
8,discovery,2,41,4,13,number_tokens,8.875,5.5,-2.25,-7.75,True,False,google/gemma-2-9b-it,11c9b309abf73637e4b6f9a3fa1e92e615547819
8,discovery,2,41,4,13,random_positions,8.875,5.5,6.375,0.875,True,True,google/gemma-2-9b-it,11c9b309abf73637e4b6f9a3fa1e92e615547819
8,discovery,2,41,4,14,answer_position,8.875,5.5,5.5,0.0,True,True,google/gemma-2-9b-it,11c9b309abf73637e4b6f9a3fa1e92e615547819
8,discovery,2,41,4,14,number_tokens,8.875,5.5,0.75,-4.75,True,True,google/gemma-2-9b-it,11c9b309abf73637e4b6f9a3fa1e92e615547819
8,discovery,2,41,4,14,random_positions,8.875,5.5,6.5625,1.0625,True,True,google/gemma-2-9b-it,11c9b309abf73637e4b6f9a3fa1e92e615547819
8,discovery,2,41,4,15,answer_position,8.875,5.5,5.5,0.0,True,True,google/gemma-2-9b-it,11c9b309abf73637e4b6f9a3fa1e92e615547819
8,discovery,2,41,4,15,number_tokens,8.875,5.5,5.875,0.375,True,True,google/gemma-2-9b-it,11c9b309abf73637e4b6f9a3fa1e92e615547819
8,discovery,2,41,4,15,random_positions,8.875,5.5,6.9375,1.4375,True,True,google/gemma-2-9b-it,11c9b309abf73637e4b6f9a3fa1e92e615547819
8,discovery,2,41,4,16,answer_position,8.875,5.5,5.5,0.0,True,True,google/gemma-2-9b-it,11c9b309abf73637e4b6f9a3fa1e92e615547819
8,discovery,2,41,4,16,number_tokens,8.875,5.5,6.8125,1.3125,True,True,google/gemma-2-9b-it,11c9b309abf73637e4b6f9a3fa1e92e615547819
8,discovery,2,41,4,16,random_positions,8.875,5.5,6.9375,1.4375,True,True,google/gemma-2-9b-it,11c9b309abf73637e4b6f9a3fa1e92e615547819
8,discovery,2,41,4,17,answer_position,8.875,5.5,5.625,0.125,True,True,google/gemma-2-9b-it,11c9b309abf73637e4b6f9a3fa1e92e615547819
8,discovery,2,41,4,17,number_tokens,8.875,5.5,7.25,1.75,True,True,google/gemma-2-9b-it,11c9b309abf73637e4b6f9a3fa1e92e615547819
8,discovery,2,41,4,17,random_positions,8.875,5.5,6.9375,1.4375,True,True,google/gemma-2-9b-it,11c9b309abf73637e4b6f9a3fa1e92e615547819
8,discovery,2,41,4,18,answer_position,8.875,5.5,5.5,0.0,True,True,google/gemma-2-9b-it,11c9b309abf73637e4b6f9a3fa1e92e615547819
8,discovery,2,41,4,18,number_tokens,8.875,5.5,6.6875,1.1875,True,True,google/gemma-2-9b-it,11c9b309abf73637e4b6f9a3fa1e92e615547819
8,discovery,2,41,4,18,random_positions,8.875,5.5,6.9375,1.4375,True,True,google/gemma-2-9b-it,11c9b309abf73637e4b6f9a3fa1e92e615547819
8,discovery,2,41,4,19,answer_position,8.875,5.5,5.625,0.125,True,True,google/gemma-2-9b-it,11c9b309abf73637e4b6f9a3fa1e92e615547819
8,discovery,2,41,4,19,number_tokens,8.875,5.5,7.375,1.875,True,True,google/gemma-2-9b-it,11c9b309abf73637e4b6f9a3fa1e92e615547819
8,discovery,2,41,4,19,random_positions,8.875,5.5,7.125,1.625,True,True,google/gemma-2-9b-it,11c9b309abf73637e4b6f9a3fa1e92e615547819
8,discovery,2,41,4,20,answer_position,8.875,5.5,6.0,0.5,True,True,google/gemma-2-9b-it,11c9b309abf73637e4b6f9a3fa1e92e615547819
8,discovery,2,41,4,20,number_tokens,8.875,5.5,6.5625,1.0625,True,True,google/gemma-2-9b-it,11c9b309abf73637e4b6f9a3fa1e92e615547819
8,discovery,2,41,4,20,random_positions,8.875,5.5,7.0,1.5,True,True,google/gemma-2-9b-it,11c9b309abf73637e4b6f9a3fa1e92e615547819
8,discovery,2,41,4,21,answer_position,8.875,5.5,6.25,0.75,True,True,google/gemma-2-9b-it,11c9b309abf73637e4b6f9a3fa1e92e615547819
8,discovery,2,41,4,21,number_tokens,8.875,5.5,6.25,0.75,True,True,google/gemma-2-9b-it,11c9b309abf73637e4b6f9a3fa1e92e615547819
8,discovery,2,41,4,21,random_positions,8.875,5.5,7.8125,2.3125,True,True,google/gemma-2-9b-it,11c9b309abf73637e4b6f9a3fa1e92e615547819
8,discovery,2,41,4,22,answer_position,8.875,5.5,6.9375,1.4375,True,True,google/gemma-2-9b-it,11c9b309abf73637e4b6f9a3fa1e92e615547819
8,discovery,2,41,4,22,number_tokens,8.875,5.5,6.125,0.625,True,True,google/gemma-2-9b-it,11c9b309abf73637e4b6f9a3fa1e92e615547819
8,discovery,2,41,4,22,random_positions,8.875,5.5,7.5,2.0,True,True,google/gemma-2-9b-it,11c9b309abf73637e4b6f9a3fa1e92e615547819
8,discovery,2,41,4,23,answer_position,8.875,5.5,7.625,2.125,True,True,google/gemma-2-9b-it,11c9b309abf73637e4b6f9a3fa1e92e615547819
8,discovery,2,41,4,23,number_tokens,8.875,5.5,5.75,0.25,True,True,google/gemma-2-9b-it,11c9b309abf73637e4b6f9a3fa1e92e615547819
8,discovery,2,41,4,23,random_positions,8.875,5.5,7.625,2.125,True,True,google/gemma-2-9b-it,11c9b309abf73637e4b6f9a3fa1e92e615547819
8,discovery,2,41,4,24,answer_position,8.875,5.5,7.75,2.25,True,True,google/gemma-2-9b-it,11c9b309abf73637e4b6f9a3fa1e92e615547819
8,discovery,2,41,4,24,number_tokens,8.875,5.5,5.625,0.125,True,True,google/gemma-2-9b-it,11c9b309abf73637e4b6f9a3fa1e92e615547819
8,discovery,2,41,4,24,random_positions,8.875,5.5,7.25,1.75,True,True,google/gemma-2-9b-it,11c9b309abf73637e4b6f9a3fa1e92e615547819
8,discovery,2,41,4,25,answer_position,8.875,5.5,7.9375,2.4375,True,True,google/gemma-2-9b-it,11c9b309abf73637e4b6f9a3fa1e92e615547819
8,discovery,2,41,4,25,number_tokens,8.875,5.5,5.625,0.125,True,True,google/gemma-2-9b-it,11c9b309abf73637e4b6f9a3fa1e92e615547819
8,discovery,2,41,4,25,random_positions,8.875,5.5,6.9375,1.4375,True,True,google/gemma-2-9b-it,11c9b309abf73637e4b6f9a3fa1e92e615547819
8,discovery,2,41,4,26,answer_position,8.875,5.5,8.0,2.5,True,True,google/gemma-2-9b-it,11c9b309abf73637e4b6f9a3fa1e92e615547819
8,discovery,2,41,4,26,number_tokens,8.875,5.5,5.5,0.0,True,True,google/gemma-2-9b-it,11c9b309abf73637e4b6f9a3fa1e92e615547819
8,discovery,2,41,4,26,random_positions,8.875,5.5,6.4375,0.9375,True,True,google/gemma-2-9b-it,11c9b309abf73637e4b6f9a3fa1e92e615547819
8,discovery,2,41,4,27,answer_position,8.875,5.5,8.125,2.625,True,True,google/gemma-2-9b-it,11c9b309abf73637e4b6f9a3fa1e92e615547819
8,discovery,2,41,4,27,number_tokens,8.875,5.5,5.5,0.0,True,True,google/gemma-2-9b-it,11c9b309abf73637e4b6f9a3fa1e92e615547819
8,discovery,2,41,4,27,random_positions,8.875,5.5,5.875,0.375,True,True,google/gemma-2-9b-it,11c9b309abf73637e4b6f9a3fa1e92e615547819
8,discovery,2,41,4,28,answer_position,8.875,5.5,8.0625,2.5625,True,True,google/gemma-2-9b-it,11c9b309abf73637e4b6f9a3fa1e92e615547819
8,discovery,2,41,4,28,number_tokens,8.875,5.5,5.5,0.0,True,True,google/gemma-2-9b-it,11c9b309abf73637e4b6f9a3fa1e92e615547819
8,discovery,2,41,4,28,random_positions,8.875,5.5,6.0,0.5,True,True,google/gemma-2-9b-it,11c9b309abf73637e4b6f9a3fa1e92e615547819
8,discovery,2,41,4,29,answer_position,8.875,5.5,8.125,2.625,True,True,google/gemma-2-9b-it,11c9b309abf73637e4b6f9a3fa1e92e615547819
8,discovery,2,41,4,29,number_tokens,8.875,5.5,5.625,0.125,True,True,google/gemma-2-9b-it,11c9b309abf73637e4b6f9a3fa1e92e615547819
8,discovery,2,41,4,29,random_positions,8.875,5.5,6.0,0.5,True,True,google/gemma-2-9b-it,11c9b309abf73637e4b6f9a3fa1e92e615547819
8,discovery,2,41,4,30,answer_position,8.875,5.5,8.125,2.625,True,True,google/gemma-2-9b-it,11c9b309abf73637e4b6f9a3fa1e92e615547819
8,discovery,2,41,4,30,number_tokens,8.875,5.5,5.5,0.0,True,True,google/gemma-2-9b-it,11c9b309abf73637e4b6f9a3fa1e92e615547819
8,discovery,2,41,4,30,random_positions,8.875,5.5,6.0,0.5,True,True,google/gemma-2-9b-it,11c9b309abf73637e4b6f9a3fa1e92e615547819
8,discovery,2,41,4,31,answer_position,8.875,5.5,8.125,2.625,True,True,google/gemma-2-9b-it,11c9b309abf73637e4b6f9a3fa1e92e615547819
8,discovery,2,41,4,31,number_tokens,8.875,5.5,5.5,0.0,True,True,google/gemma-2-9b-it,11c9b309abf73637e4b6f9a3fa1e92e615547819
8,discovery,2,41,4,31,random_positions,8.875,5.5,5.875,0.375,True,True,google/gemma-2-9b-it,11c9b309abf73637e4b6f9a3fa1e92e615547819
8,discovery,2,41,4,32,answer_position,8.875,5.5,8.125,2.625,True,True,google/gemma-2-9b-it,11c9b309abf73637e4b6f9a3fa1e92e615547819
8,discovery,2,41,4,32,number_tokens,8.875,5.5,5.5,0.0,True,True,google/gemma-2-9b-it,11c9b309abf73637e4b6f9a3fa1e92e615547819
8,discovery,2,41,4,32,random_positions,8.875,5.5,5.875,0.375,True,True,google/gemma-2-9b-it,11c9b309abf73637e4b6f9a3fa1e92e615547819
8,discovery,2,41,4,33,answer_position,8.875,5.5,8.25,2.75,True,True,google/gemma-2-9b-it,11c9b309abf73637e4b6f9a3fa1e92e615547819
8,discovery,2,41,4,33,number_tokens,8.875,5.5,5.5,0.0,True,True,google/gemma-2-9b-it,11c9b309abf73637e4b6f9a3fa1e92e615547819
8,discovery,2,41,4,33,random_positions,8.875,5.5,5.75,0.25,True,True,google/gemma-2-9b-it,11c9b309abf73637e4b6f9a3fa1e92e615547819
8,discovery,2,41,4,34,answer_position,8.875,5.5,8.3125,2.8125,True,True,google/gemma-2-9b-it,11c9b309abf73637e4b6f9a3fa1e92e615547819
8,discovery,2,41,4,34,number_tokens,8.875,5.5,5.5,0.0,True,True,google/gemma-2-9b-it,11c9b309abf73637e4b6f9a3fa1e92e615547819
8,discovery,2,41,4,34,random_positions,8.875,5.5,5.75,0.25,True,True,google/gemma-2-9b-it,11c9b309abf73637e4b6f9a3fa1e92e615547819
8,discovery,2,41,4,35,answer_position,8.875,5.5,8.3125,2.8125,True,True,google/gemma-2-9b-it,11c9b309abf73637e4b6f9a3fa1e92e615547819
8,discovery,2,41,4,35,number_tokens,8.875,5.5,5.5,0.0,True,True,google/gemma-2-9b-it,11c9b309abf73637e4b6f9a3fa1e92e615547819
8,discovery,2,41,4,35,random_positions,8.875,5.5,5.875,0.375,True,True,google/gemma-2-9b-it,11c9b309abf73637e4b6f9a3fa1e92e615547819
8,discovery,2,41,4,36,answer_position,8.875,5.5,8.3125,2.8125,True,True,google/gemma-2-9b-it,11c9b309abf73637e4b6f9a3fa1e92e615547819
8,discovery,2,41,4,36,number_tokens,8.875,5.5,5.5,0.0,True,True,google/gemma-2-9b-it,11c9b309abf73637e4b6f9a3fa1e92e615547819
8,discovery,2,41,4,36,random_positions,8.875,5.5,5.875,0.375,True,True,google/gemma-2-9b-it,11c9b309abf73637e4b6f9a3fa1e92e615547819
8,discovery,2,41,4,37,answer_position,8.875,5.5,8.25,2.75,True,True,google/gemma-2-9b-it,11c9b309abf73637e4b6f9a3fa1e92e615547819
8,discovery,2,41,4,37,number_tokens,8.875,5.5,5.5,0.0,True,True,google/gemma-2-9b-it,11c9b309abf73637e4b6f9a3fa1e92e615547819
8,discovery,2,41,4,37,random_positions,8.875,5.5,5.875,0.375,True,True,google/gemma-2-9b-it,11c9b309abf73637e4b6f9a3fa1e92e615547819
8,discovery,2,41,4,38,answer_position,8.875,5.5,8.625,3.125,True,True,google/gemma-2-9b-it,11c9b309abf73637e4b6f9a3fa1e92e615547819
8,discovery,2,41,4,38,number_tokens,8.875,5.5,5.5,0.0,True,True,google/gemma-2-9b-it,11c9b309abf73637e4b6f9a3fa1e92e615547819
8,discovery,2,41,4,38,random_positions,8.875,5.5,5.75,0.25,True,True,google/gemma-2-9b-it,11c9b309abf73637e4b6f9a3fa1e92e615547819
8,discovery,2,41,4,39,answer_position,8.875,5.5,8.625,3.125,True,True,google/gemma-2-9b-it,11c9b309abf73637e4b6f9a3fa1e92e615547819
8,discovery,2,41,4,39,number_tokens,8.875,5.5,5.5,0.0,True,True,google/gemma-2-9b-it,11c9b309abf73637e4b6f9a3fa1e92e615547819
8,discovery,2,41,4,39,random_positions,8.875,5.5,5.625,0.125,True,True,google/gemma-2-9b-it,11c9b309abf73637e4b6f9a3fa1e92e615547819
8,discovery,2,41,4,40,answer_position,8.875,5.5,8.8125,3.3125,True,True,google/gemma-2-9b-it,11c9b309abf73637e4b6f9a3fa1e92e615547819
8,discovery,2,41,4,40,number_tokens,8.875,5.5,5.5,0.0,True,True,google/gemma-2-9b-it,11c9b309abf73637e4b6f9a3fa1e92e615547819
8,discovery,2,41,4,40,random_positions,8.875,5.5,5.5,0.0,True,True,google/gemma-2-9b-it,11c9b309abf73637e4b6f9a3fa1e92e615547819
8,discovery,2,41,4,41,answer_position,8.875,5.5,8.875,3.375,True,True,google/gemma-2-9b-it,11c9b309abf73637e4b6f9a3fa1e92e615547819
8,discovery,2,41,4,41,number_tokens,8.875,5.5,5.5,0.0,True,True,google/gemma-2-9b-it,11c9b309abf73637e4b6f9a3fa1e92e615547819
8,discovery,2,41,4,41,random_positions,8.875,5.5,5.5,0.0,True,True,google/gemma-2-9b-it,11c9b309abf73637e4b6f9a3fa1e92e615547819
9,discovery,2,42,2,0,answer_position,8.875,2.25,2.25,0.0,True,True,google/gemma-2-9b-it,11c9b309abf73637e4b6f9a3fa1e92e615547819
9,discovery,2,42,2,0,number_tokens,8.875,2.25,2.5,0.25,True,True,google/gemma-2-9b-it,11c9b309abf73637e4b6f9a3fa1e92e615547819
9,discovery,2,42,2,0,random_positions,8.875,2.25,2.125,-0.125,True,True,google/gemma-2-9b-it,11c9b309abf73637e4b6f9a3fa1e92e615547819
9,discovery,2,42,2,1,answer_position,8.875,2.25,2.25,0.0,True,True,google/gemma-2-9b-it,11c9b309abf73637e4b6f9a3fa1e92e615547819
9,discovery,2,42,2,1,number_tokens,8.875,2.25,2.5,0.25,True,True,google/gemma-2-9b-it,11c9b309abf73637e4b6f9a3fa1e92e615547819
9,discovery,2,42,2,1,random_positions,8.875,2.25,2.0,-0.25,True,True,google/gemma-2-9b-it,11c9b309abf73637e4b6f9a3fa1e92e615547819
9,discovery,2,42,2,2,answer_position,8.875,2.25,2.25,0.0,True,True,google/gemma-2-9b-it,11c9b309abf73637e4b6f9a3fa1e92e615547819
9,discovery,2,42,2,2,number_tokens,8.875,2.25,2.625,0.375,True,True,google/gemma-2-9b-it,11c9b309abf73637e4b6f9a3fa1e92e615547819
9,discovery,2,42,2,2,random_positions,8.875,2.25,2.375,0.125,True,True,google/gemma-2-9b-it,11c9b309abf73637e4b6f9a3fa1e92e615547819
9,discovery,2,42,2,3,answer_position,8.875,2.25,2.125,-0.125,True,True,google/gemma-2-9b-it,11c9b309abf73637e4b6f9a3fa1e92e615547819
9,discovery,2,42,2,3,number_tokens,8.875,2.25,4.0,1.75,True,True,google/gemma-2-9b-it,11c9b309abf73637e4b6f9a3fa1e92e615547819
9,discovery,2,42,2,3,random_positions,8.875,2.25,1.125,-1.125,True,True,google/gemma-2-9b-it,11c9b309abf73637e4b6f9a3fa1e92e615547819
9,discovery,2,42,2,4,answer_position,8.875,2.25,2.125,-0.125,True,True,google/gemma-2-9b-it,11c9b309abf73637e4b6f9a3fa1e92e615547819
9,discovery,2,42,2,4,number_tokens,8.875,2.25,4.5,2.25,True,True,google/gemma-2-9b-it,11c9b309abf73637e4b6f9a3fa1e92e615547819
9,discovery,2,42,2,4,random_positions,8.875,2.25,0.875,-1.375,True,True,google/gemma-2-9b-it,11c9b309abf73637e4b6f9a3fa1e92e615547819
9,discovery,2,42,2,5,answer_position,8.875,2.25,2.125,-0.125,True,True,google/gemma-2-9b-it,11c9b309abf73637e4b6f9a3fa1e92e615547819
9,discovery,2,42,2,5,number_tokens,8.875,2.25,5.25,3.0,True,True,google/gemma-2-9b-it,11c9b309abf73637e4b6f9a3fa1e92e615547819
9,discovery,2,42,2,5,random_positions,8.875,2.25,0.875,-1.375,True,True,google/gemma-2-9b-it,11c9b309abf73637e4b6f9a3fa1e92e615547819
9,discovery,2,42,2,6,answer_position,8.875,2.25,2.125,-0.125,True,True,google/gemma-2-9b-it,11c9b309abf73637e4b6f9a3fa1e92e615547819
9,discovery,2,42,2,6,number_tokens,8.875,2.25,5.625,3.375,True,True,google/gemma-2-9b-it,11c9b309abf73637e4b6f9a3fa1e92e615547819
9,discovery,2,42,2,6,random_positions,8.875,2.25,1.875,-0.375,True,True,google/gemma-2-9b-it,11c9b309abf73637e4b6f9a3fa1e92e615547819
9,discovery,2,42,2,7,answer_position,8.875,2.25,2.125,-0.125,True,True,google/gemma-2-9b-it,11c9b309abf73637e4b6f9a3fa1e92e615547819
9,discovery,2,42,2,7,number_tokens,8.875,2.25,7.625,5.375,True,True,google/gemma-2-9b-it,11c9b309abf73637e4b6f9a3fa1e92e615547819
9,discovery,2,42,2,7,random_positions,8.875,2.25,1.75,-0.5,True,True,google/gemma-2-9b-it,11c9b309abf73637e4b6f9a3fa1e92e615547819
9,discovery,2,42,2,8,answer_position,8.875,2.25,2.25,0.0,True,True,google/gemma-2-9b-it,11c9b309abf73637e4b6f9a3fa1e92e615547819
9,discovery,2,42,2,8,number_tokens,8.875,2.25,7.375,5.125,True,True,google/gemma-2-9b-it,11c9b309abf73637e4b6f9a3fa1e92e615547819
9,discovery,2,42,2,8,random_positions,8.875,2.25,3.875,1.625,True,True,google/gemma-2-9b-it,11c9b309abf73637e4b6f9a3fa1e92e615547819
9,discovery,2,42,2,9,answer_position,8.875,2.25,2.125,-0.125,True,True,google/gemma-2-9b-it,11c9b309abf73637e4b6f9a3fa1e92e615547819
9,discovery,2,42,2,9,number_tokens,8.875,2.25,7.375,5.125,True,True,google/gemma-2-9b-it,11c9b309abf73637e4b6f9a3fa1e92e615547819
9,discovery,2,42,2,9,random_positions,8.875,2.25,4.375,2.125,True,True,google/gemma-2-9b-it,11c9b309abf73637e4b6f9a3fa1e92e615547819
9,discovery,2,42,2,10,answer_position,8.875,2.25,2.125,-0.125,True,True,google/gemma-2-9b-it,11c9b309abf73637e4b6f9a3fa1e92e615547819
9,discovery,2,42,2,10,number_tokens,8.875,2.25,7.25,5.0,True,True,google/gemma-2-9b-it,11c9b309abf73637e4b6f9a3fa1e92e615547819
9,discovery,2,42,2,10,random_positions,8.875,2.25,6.8125,4.5625,True,True,google/gemma-2-9b-it,11c9b309abf73637e4b6f9a3fa1e92e615547819
9,discovery,2,42,2,11,answer_position,8.875,2.25,2.25,0.0,True,True,google/gemma-2-9b-it,11c9b309abf73637e4b6f9a3fa1e92e615547819
9,discovery,2,42,2,11,number_tokens,8.875,2.25,5.875,3.625,True,True,google/gemma-2-9b-it,11c9b309abf73637e4b6f9a3fa1e92e615547819
9,discovery,2,42,2,11,random_positions,8.875,2.25,7.0,4.75,True,True,google/gemma-2-9b-it,11c9b309abf73637e4b6f9a3fa1e92e615547819
9,discovery,2,42,2,12,answer_position,8.875,2.25,2.25,0.0,True,True,google/gemma-2-9b-it,11c9b309abf73637e4b6f9a3fa1e92e615547819
9,discovery,2,42,2,12,number_tokens,8.875,2.25,0.5,-1.75,True,True,google/gemma-2-9b-it,11c9b309abf73637e4b6f9a3fa1e92e615547819
9,discovery,2,42,2,12,random_positions,8.875,2.25,7.125,4.875,True,True,google/gemma-2-9b-it,11c9b309abf73637e4b6f9a3fa1e92e615547819
9,discovery,2,42,2,13,answer_position,8.875,2.25,2.25,0.0,True,True,google/gemma-2-9b-it,11c9b309abf73637e4b6f9a3fa1e92e615547819
9,discovery,2,42,2,13,number_tokens,8.875,2.25,-1.875,-4.125,True,False,google/gemma-2-9b-it,11c9b309abf73637e4b6f9a3fa1e92e615547819
9,discovery,2,42,2,13,random_positions,8.875,2.25,7.75,5.5,True,True,google/gemma-2-9b-it,11c9b309abf73637e4b6f9a3fa1e92e615547819
9,discovery,2,42,2,14,answer_position,8.875,2.25,2.125,-0.125,True,True,google/gemma-2-9b-it,11c9b309abf73637e4b6f9a3fa1e92e615547819
9,discovery,2,42,2,14,number_tokens,8.875,2.25,0.375,-1.875,True,True,google/gemma-2-9b-it,11c9b309abf73637e4b6f9a3fa1e92e615547819
9,discovery,2,42,2,14,random_positions,8.875,2.25,7.8125,5.5625,True,True,google/gemma-2-9b-it,11c9b309abf73637e4b6f9a3fa1e92e615547819
9,discovery,2,42,2,15,answer_position,8.875,2.25,2.25,0.0,True,True,google/gemma-2-9b-it,11c9b309abf73637e4b6f9a3fa1e92e615547819
9,discovery,2,42,2,15,number_tokens,8.875,2.25,4.5,2.25,True,True,google/gemma-2-9b-it,11c9b309abf73637e4b6f9a3fa1e92e615547819
9,discovery,2,42,2,15,random_positions,8.875,2.25,7.625,5.375,True,True,google/gemma-2-9b-it,11c9b309abf73637e4b6f9a3fa1e92e615547819
9,discovery,2,42,2,16,answer_position,8.875,2.25,2.125,-0.125,True,True,google/gemma-2-9b-it,11c9b309abf73637e4b6f9a3fa1e92e615547819
9,discovery,2,42,2,16,number_tokens,8.875,2.25,5.75,3.5,True,True,google/gemma-2-9b-it,11c9b309abf73637e4b6f9a3fa1e92e615547819
9,discovery,2,42,2,16,random_positions,8.875,2.25,6.875,4.625,True,True,google/gemma-2-9b-it,11c9b309abf73637e4b6f9a3fa1e92e615547819
9,discovery,2,42,2,17,answer_position,8.875,2.25,2.125,-0.125,True,True,google/gemma-2-9b-it,11c9b309abf73637e4b6f9a3fa1e92e615547819
9,discovery,2,42,2,17,number_tokens,8.875,2.25,5.875,3.625,True,True,google/gemma-2-9b-it,11c9b309abf73637e4b6f9a3fa1e92e615547819
9,discovery,2,42,2,17,random_positions,8.875,2.25,6.3125,4.0625,True,True,google/gemma-2-9b-it,11c9b309abf73637e4b6f9a3fa1e92e615547819
9,discovery,2,42,2,18,answer_position,8.875,2.25,2.375,0.125,True,True,google/gemma-2-9b-it,11c9b309abf73637e4b6f9a3fa1e92e615547819
9,discovery,2,42,2,18,number_tokens,8.875,2.25,4.375,2.125,True,True,google/gemma-2-9b-it,11c9b309abf73637e4b6f9a3fa1e92e615547819
9,discovery,2,42,2,18,random_positions,8.875,2.25,6.6875,4.4375,True,True,google/gemma-2-9b-it,11c9b309abf73637e4b6f9a3fa1e92e615547819
9,discovery,2,42,2,19,answer_position,8.875,2.25,2.25,0.0,True,True,google/gemma-2-9b-it,11c9b309abf73637e4b6f9a3fa1e92e615547819
9,discovery,2,42,2,19,number_tokens,8.875,2.25,5.625,3.375,True,True,google/gemma-2-9b-it,11c9b309abf73637e4b6f9a3fa1e92e615547819
9,discovery,2,42,2,19,random_positions,8.875,2.25,6.6875,4.4375,True,True,google/gemma-2-9b-it,11c9b309abf73637e4b6f9a3fa1e92e615547819
9,discovery,2,42,2,20,answer_position,8.875,2.25,3.0,0.75,True,True,google/gemma-2-9b-it,11c9b309abf73637e4b6f9a3fa1e92e615547819
9,discovery,2,42,2,20,number_tokens,8.875,2.25,4.375,2.125,True,True,google/gemma-2-9b-it,11c9b309abf73637e4b6f9a3fa1e92e615547819
9,discovery,2,42,2,20,random_positions,8.875,2.25,6.875,4.625,True,True,google/gemma-2-9b-it,11c9b309abf73637e4b6f9a3fa1e92e615547819
9,discovery,2,42,2,21,answer_position,8.875,2.25,4.375,2.125,True,True,google/gemma-2-9b-it,11c9b309abf73637e4b6f9a3fa1e92e615547819
9,discovery,2,42,2,21,number_tokens,8.875,2.25,3.625,1.375,True,True,google/gemma-2-9b-it,11c9b309abf73637e4b6f9a3fa1e92e615547819
9,discovery,2,42,2,21,random_positions,8.875,2.25,6.25,4.0,True,True,google/gemma-2-9b-it,11c9b309abf73637e4b6f9a3fa1e92e615547819
9,discovery,2,42,2,22,answer_position,8.875,2.25,5.5,3.25,True,True,google/gemma-2-9b-it,11c9b309abf73637e4b6f9a3fa1e92e615547819
9,discovery,2,42,2,22,number_tokens,8.875,2.25,3.125,0.875,True,True,google/gemma-2-9b-it,11c9b309abf73637e4b6f9a3fa1e92e615547819
9,discovery,2,42,2,22,random_positions,8.875,2.25,5.75,3.5,True,True,google/gemma-2-9b-it,11c9b309abf73637e4b6f9a3fa1e92e615547819
9,discovery,2,42,2,23,answer_position,8.875,2.25,6.5625,4.3125,True,True,google/gemma-2-9b-it,11c9b309abf73637e4b6f9a3fa1e92e615547819
9,discovery,2,42,2,23,number_tokens,8.875,2.25,2.375,0.125,True,True,google/gemma-2-9b-it,11c9b309abf73637e4b6f9a3fa1e92e615547819
9,discovery,2,42,2,23,random_positions,8.875,2.25,3.0,0.75,True,True,google/gemma-2-9b-it,11c9b309abf73637e4b6f9a3fa1e92e615547819
9,discovery,2,42,2,24,answer_position,8.875,2.25,6.8125,4.5625,True,True,google/gemma-2-9b-it,11c9b309abf73637e4b6f9a3fa1e92e615547819
9,discovery,2,42,2,24,number_tokens,8.875,2.25,2.25,0.0,True,True,google/gemma-2-9b-it,11c9b309abf73637e4b6f9a3fa1e92e615547819
9,discovery,2,42,2,24,random_positions,8.875,2.25,2.875,0.625,True,True,google/gemma-2-9b-it,11c9b309abf73637e4b6f9a3fa1e92e615547819
9,discovery,2,42,2,25,answer_position,8.875,2.25,7.375,5.125,True,True,google/gemma-2-9b-it,11c9b309abf73637e4b6f9a3fa1e92e615547819
9,discovery,2,42,2,25,number_tokens,8.875,2.25,2.125,-0.125,True,True,google/gemma-2-9b-it,11c9b309abf73637e4b6f9a3fa1e92e615547819
9,discovery,2,42,2,25,random_positions,8.875,2.25,2.0,-0.25,True,True,google/gemma-2-9b-it,11c9b309abf73637e4b6f9a3fa1e92e615547819
9,discovery,2,42,2,26,answer_position,8.875,2.25,7.8125,5.5625,True,True,google/gemma-2-9b-it,11c9b309abf73637e4b6f9a3fa1e92e615547819
9,discovery,2,42,2,26,number_tokens,8.875,2.25,2.0,-0.25,True,True,google/gemma-2-9b-it,11c9b309abf73637e4b6f9a3fa1e92e615547819
9,discovery,2,42,2,26,random_positions,8.875,2.25,2.125,-0.125,True,True,google/gemma-2-9b-it,11c9b309abf73637e4b6f9a3fa1e92e615547819
9,discovery,2,42,2,27,answer_position,8.875,2.25,7.9375,5.6875,True,True,google/gemma-2-9b-it,11c9b309abf73637e4b6f9a3fa1e92e615547819
9,discovery,2,42,2,27,number_tokens,8.875,2.25,2.125,-0.125,True,True,google/gemma-2-9b-it,11c9b309abf73637e4b6f9a3fa1e92e615547819
9,discovery,2,42,2,27,random_positions,8.875,2.25,2.125,-0.125,True,True,google/gemma-2-9b-it,11c9b309abf73637e4b6f9a3fa1e92e615547819
9,discovery,2,42,2,28,answer_position,8.875,2.25,7.75,5.5,True,True,google/gemma-2-9b-it,11c9b309abf73637e4b6f9a3fa1e92e615547819
9,discovery,2,42,2,28,number_tokens,8.875,2.25,2.25,0.0,True,True,google/gemma-2-9b-it,11c9b309abf73637e4b6f9a3fa1e92e615547819
9,discovery,2,42,2,28,random_positions,8.875,2.25,2.25,0.0,True,True,google/gemma-2-9b-it,11c9b309abf73637e4b6f9a3fa1e92e615547819
9,discovery,2,42,2,29,answer_position,8.875,2.25,7.8125,5.5625,True,True,google/gemma-2-9b-it,11c9b309abf73637e4b6f9a3fa1e92e615547819
9,discovery,2,42,2,29,number_tokens,8.875,2.25,2.25,0.0,True,True,google/gemma-2-9b-it,11c9b309abf73637e4b6f9a3fa1e92e615547819
9,discovery,2,42,2,29,random_positions,8.875,2.25,2.25,0.0,True,True,google/gemma-2-9b-it,11c9b309abf73637e4b6f9a3fa1e92e615547819
9,discovery,2,42,2,30,answer_position,8.875,2.25,7.875,5.625,True,True,google/gemma-2-9b-it,11c9b309abf73637e4b6f9a3fa1e92e615547819
9,discovery,2,42,2,30,number_tokens,8.875,2.25,2.25,0.0,True,True,google/gemma-2-9b-it,11c9b309abf73637e4b6f9a3fa1e92e615547819
9,discovery,2,42,2,30,random_positions,8.875,2.25,2.375,0.125,True,True,google/gemma-2-9b-it,11c9b309abf73637e4b6f9a3fa1e92e615547819
9,discovery,2,42,2,31,answer_position,8.875,2.25,7.875,5.625,True,True,google/gemma-2-9b-it,11c9b309abf73637e4b6f9a3fa1e92e615547819
9,discovery,2,42,2,31,number_tokens,8.875,2.25,2.25,0.0,True,True,google/gemma-2-9b-it,11c9b309abf73637e4b6f9a3fa1e92e615547819
9,discovery,2,42,2,31,random_positions,8.875,2.25,2.375,0.125,True,True,google/gemma-2-9b-it,11c9b309abf73637e4b6f9a3fa1e92e615547819
9,discovery,2,42,2,32,answer_position,8.875,2.25,8.0,5.75,True,True,google/gemma-2-9b-it,11c9b309abf73637e4b6f9a3fa1e92e615547819
9,discovery,2,42,2,32,number_tokens,8.875,2.25,2.125,-0.125,True,True,google/gemma-2-9b-it,11c9b309abf73637e4b6f9a3fa1e92e615547819
9,discovery,2,42,2,32,random_positions,8.875,2.25,2.375,0.125,True,True,google/gemma-2-9b-it,11c9b309abf73637e4b6f9a3fa1e92e615547819
9,discovery,2,42,2,33,answer_position,8.875,2.25,8.125,5.875,True,True,google/gemma-2-9b-it,11c9b309abf73637e4b6f9a3fa1e92e615547819
9,discovery,2,42,2,33,number_tokens,8.875,2.25,2.25,0.0,True,True,google/gemma-2-9b-it,11c9b309abf73637e4b6f9a3fa1e92e615547819
9,discovery,2,42,2,33,random_positions,8.875,2.25,2.25,0.0,True,True,google/gemma-2-9b-it,11c9b309abf73637e4b6f9a3fa1e92e615547819
9,discovery,2,42,2,34,answer_position,8.875,2.25,8.125,5.875,True,True,google/gemma-2-9b-it,11c9b309abf73637e4b6f9a3fa1e92e615547819
9,discovery,2,42,2,34,number_tokens,8.875,2.25,2.25,0.0,True,True,google/gemma-2-9b-it,11c9b309abf73637e4b6f9a3fa1e92e615547819
9,discovery,2,42,2,34,random_positions,8.875,2.25,2.25,0.0,True,True,google/gemma-2-9b-it,11c9b309abf73637e4b6f9a3fa1e92e615547819
9,discovery,2,42,2,35,answer_position,8.875,2.25,8.125,5.875,True,True,google/gemma-2-9b-it,11c9b309abf73637e4b6f9a3fa1e92e615547819
9,discovery,2,42,2,35,number_tokens,8.875,2.25,2.125,-0.125,True,True,google/gemma-2-9b-it,11c9b309abf73637e4b6f9a3fa1e92e615547819
9,discovery,2,42,2,35,random_positions,8.875,2.25,2.375,0.125,True,True,google/gemma-2-9b-it,11c9b309abf73637e4b6f9a3fa1e92e615547819
9,discovery,2,42,2,36,answer_position,8.875,2.25,8.125,5.875,True,True,google/gemma-2-9b-it,11c9b309abf73637e4b6f9a3fa1e92e615547819
9,discovery,2,42,2,36,number_tokens,8.875,2.25,2.25,0.0,True,True,google/gemma-2-9b-it,11c9b309abf73637e4b6f9a3fa1e92e615547819
9,discovery,2,42,2,36,random_positions,8.875,2.25,2.375,0.125,True,True,google/gemma-2-9b-it,11c9b309abf73637e4b6f9a3fa1e92e615547819
9,discovery,2,42,2,37,answer_position,8.875,2.25,8.125,5.875,True,True,google/gemma-2-9b-it,11c9b309abf73637e4b6f9a3fa1e92e615547819
9,discovery,2,42,2,37,number_tokens,8.875,2.25,2.25,0.0,True,True,google/gemma-2-9b-it,11c9b309abf73637e4b6f9a3fa1e92e615547819
9,discovery,2,42,2,37,random_positions,8.875,2.25,2.25,0.0,True,True,google/gemma-2-9b-it,11c9b309abf73637e4b6f9a3fa1e92e615547819
9,discovery,2,42,2,38,answer_position,8.875,2.25,8.3125,6.0625,True,True,google/gemma-2-9b-it,11c9b309abf73637e4b6f9a3fa1e92e615547819
9,discovery,2,42,2,38,number_tokens,8.875,2.25,2.25,0.0,True,True,google/gemma-2-9b-it,11c9b309abf73637e4b6f9a3fa1e92e615547819
9,discovery,2,42,2,38,random_positions,8.875,2.25,2.375,0.125,True,True,google/gemma-2-9b-it,11c9b309abf73637e4b6f9a3fa1e92e615547819
9,discovery,2,42,2,39,answer_position,8.875,2.25,8.4375,6.1875,True,True,google/gemma-2-9b-it,11c9b309abf73637e4b6f9a3fa1e92e615547819
9,discovery,2,42,2,39,number_tokens,8.875,2.25,2.25,0.0,True,True,google/gemma-2-9b-it,11c9b309abf73637e4b6f9a3fa1e92e615547819
9,discovery,2,42,2,39,random_positions,8.875,2.25,2.25,0.0,True,True,google/gemma-2-9b-it,11c9b309abf73637e4b6f9a3fa1e92e615547819
9,discovery,2,42,2,40,answer_position,8.875,2.25,8.75,6.5,True,True,google/gemma-2-9b-it,11c9b309abf73637e4b6f9a3fa1e92e615547819
9,discovery,2,42,2,40,number_tokens,8.875,2.25,2.25,0.0,True,True,google/gemma-2-9b-it,11c9b309abf73637e4b6f9a3fa1e92e615547819
9,discovery,2,42,2,40,random_positions,8.875,2.25,2.25,0.0,True,True,google/gemma-2-9b-it,11c9b309abf73637e4b6f9a3fa1e92e615547819
9,discovery,2,42,2,41,answer_position,8.875,2.25,8.875,6.625,True,True,google/gemma-2-9b-it,11c9b309abf73637e4b6f9a3fa1e92e615547819
9,discovery,2,42,2,41,number_tokens,8.875,2.25,2.25,0.0,True,True,google/gemma-2-9b-it,11c9b309abf73637e4b6f9a3fa1e92e615547819
9,discovery,2,42,2,41,random_positions,8.875,2.25,2.25,0.0,True,True,google/gemma-2-9b-it,11c9b309abf73637e4b6f9a3fa1e92e615547819
10,discovery,3,42,2,0,answer_position,9.0625,-0.875,-1.0,-0.125,False,False,google/gemma-2-9b-it,11c9b309abf73637e4b6f9a3fa1e92e615547819
10,discovery,3,42,2,0,number_tokens,9.0625,-0.875,-0.375,0.5,False,False,google/gemma-2-9b-it,11c9b309abf73637e4b6f9a3fa1e92e615547819
10,discovery,3,42,2,0,random_positions,9.0625,-0.875,-0.75,0.125,False,False,google/gemma-2-9b-it,11c9b309abf73637e4b6f9a3fa1e92e615547819
10,discovery,3,42,2,1,answer_position,9.0625,-0.875,-0.875,0.0,False,False,google/gemma-2-9b-it,11c9b309abf73637e4b6f9a3fa1e92e615547819
10,discovery,3,42,2,1,number_tokens,9.0625,-0.875,-0.125,0.75,False,False,google/gemma-2-9b-it,11c9b309abf73637e4b6f9a3fa1e92e615547819
10,discovery,3,42,2,1,random_positions,9.0625,-0.875,-1.0,-0.125,False,False,google/gemma-2-9b-it,11c9b309abf73637e4b6f9a3fa1e92e615547819
10,discovery,3,42,2,2,answer_position,9.0625,-0.875,-0.875,0.0,False,False,google/gemma-2-9b-it,11c9b309abf73637e4b6f9a3fa1e92e615547819
10,discovery,3,42,2,2,number_tokens,9.0625,-0.875,0.0,0.875,False,False,google/gemma-2-9b-it,11c9b309abf73637e4b6f9a3fa1e92e615547819
10,discovery,3,42,2,2,random_positions,9.0625,-0.875,-1.0,-0.125,False,False,google/gemma-2-9b-it,11c9b309abf73637e4b6f9a3fa1e92e615547819
10,discovery,3,42,2,3,answer_position,9.0625,-0.875,-0.875,0.0,False,False,google/gemma-2-9b-it,11c9b309abf73637e4b6f9a3fa1e92e615547819
10,discovery,3,42,2,3,number_tokens,9.0625,-0.875,1.75,2.625,False,True,google/gemma-2-9b-it,11c9b309abf73637e4b6f9a3fa1e92e615547819
10,discovery,3,42,2,3,random_positions,9.0625,-0.875,-0.75,0.125,False,False,google/gemma-2-9b-it,11c9b309abf73637e4b6f9a3fa1e92e615547819
10,discovery,3,42,2,4,answer_position,9.0625,-0.875,-1.0,-0.125,False,False,google/gemma-2-9b-it,11c9b309abf73637e4b6f9a3fa1e92e615547819
10,discovery,3,42,2,4,number_tokens,9.0625,-0.875,2.125,3.0,False,True,google/gemma-2-9b-it,11c9b309abf73637e4b6f9a3fa1e92e615547819
10,discovery,3,42,2,4,random_positions,9.0625,-0.875,-1.125,-0.25,False,False,google/gemma-2-9b-it,11c9b309abf73637e4b6f9a3fa1e92e615547819
10,discovery,3,42,2,5,answer_position,9.0625,-0.875,-1.0,-0.125,False,False,google/gemma-2-9b-it,11c9b309abf73637e4b6f9a3fa1e92e615547819
10,discovery,3,42,2,5,number_tokens,9.0625,-0.875,5.25,6.125,False,True,google/gemma-2-9b-it,11c9b309abf73637e4b6f9a3fa1e92e615547819
10,discovery,3,42,2,5,random_positions,9.0625,-0.875,-0.875,0.0,False,False,google/gemma-2-9b-it,11c9b309abf73637e4b6f9a3fa1e92e615547819
10,discovery,3,42,2,6,answer_position,9.0625,-0.875,-1.0,-0.125,False,False,google/gemma-2-9b-it,11c9b309abf73637e4b6f9a3fa1e92e615547819
10,discovery,3,42,2,6,number_tokens,9.0625,-0.875,5.875,6.75,False,True,google/gemma-2-9b-it,11c9b309abf73637e4b6f9a3fa1e92e615547819
10,discovery,3,42,2,6,random_positions,9.0625,-0.875,-1.125,-0.25,False,False,google/gemma-2-9b-it,11c9b309abf73637e4b6f9a3fa1e92e615547819
10,discovery,3,42,2,7,answer_position,9.0625,-0.875,-0.875,0.0,False,False,google/gemma-2-9b-it,11c9b309abf73637e4b6f9a3fa1e92e615547819
10,discovery,3,42,2,7,number_tokens,9.0625,-0.875,7.875,8.75,False,True,google/gemma-2-9b-it,11c9b309abf73637e4b6f9a3fa1e92e615547819
10,discovery,3,42,2,7,random_positions,9.0625,-0.875,-0.875,0.0,False,False,google/gemma-2-9b-it,11c9b309abf73637e4b6f9a3fa1e92e615547819
10,discovery,3,42,2,8,answer_position,9.0625,-0.875,-0.75,0.125,False,False,google/gemma-2-9b-it,11c9b309abf73637e4b6f9a3fa1e92e615547819
10,discovery,3,42,2,8,number_tokens,9.0625,-0.875,7.625,8.5,False,True,google/gemma-2-9b-it,11c9b309abf73637e4b6f9a3fa1e92e615547819
10,discovery,3,42,2,8,random_positions,9.0625,-0.875,-0.625,0.25,False,False,google/gemma-2-9b-it,11c9b309abf73637e4b6f9a3fa1e92e615547819
10,discovery,3,42,2,9,answer_position,9.0625,-0.875,-1.0,-0.125,False,False,google/gemma-2-9b-it,11c9b309abf73637e4b6f9a3fa1e92e615547819
10,discovery,3,42,2,9,number_tokens,9.0625,-0.875,7.8125,8.6875,False,True,google/gemma-2-9b-it,11c9b309abf73637e4b6f9a3fa1e92e615547819
10,discovery,3,42,2,9,random_positions,9.0625,-0.875,-1.0,-0.125,False,False,google/gemma-2-9b-it,11c9b309abf73637e4b6f9a3fa1e92e615547819
10,discovery,3,42,2,10,answer_position,9.0625,-0.875,-1.0,-0.125,False,False,google/gemma-2-9b-it,11c9b309abf73637e4b6f9a3fa1e92e615547819
10,discovery,3,42,2,10,number_tokens,9.0625,-0.875,7.8125,8.6875,False,True,google/gemma-2-9b-it,11c9b309abf73637e4b6f9a3fa1e92e615547819
10,discovery,3,42,2,10,random_positions,9.0625,-0.875,0.0,0.875,False,False,google/gemma-2-9b-it,11c9b309abf73637e4b6f9a3fa1e92e615547819
10,discovery,3,42,2,11,answer_position,9.0625,-0.875,-1.0,-0.125,False,False,google/gemma-2-9b-it,11c9b309abf73637e4b6f9a3fa1e92e615547819
10,discovery,3,42,2,11,number_tokens,9.0625,-0.875,6.0,6.875,False,True,google/gemma-2-9b-it,11c9b309abf73637e4b6f9a3fa1e92e615547819
10,discovery,3,42,2,11,random_positions,9.0625,-0.875,-0.25,0.625,False,False,google/gemma-2-9b-it,11c9b309abf73637e4b6f9a3fa1e92e615547819
10,discovery,3,42,2,12,answer_position,9.0625,-0.875,-0.875,0.0,False,False,google/gemma-2-9b-it,11c9b309abf73637e4b6f9a3fa1e92e615547819
10,discovery,3,42,2,12,number_tokens,9.0625,-0.875,-2.875,-2.0,False,False,google/gemma-2-9b-it,11c9b309abf73637e4b6f9a3fa1e92e615547819
10,discovery,3,42,2,12,random_positions,9.0625,-0.875,0.0,0.875,False,False,google/gemma-2-9b-it,11c9b309abf73637e4b6f9a3fa1e92e615547819
10,discovery,3,42,2,13,answer_position,9.0625,-0.875,-1.125,-0.25,False,False,google/gemma-2-9b-it,11c9b309abf73637e4b6f9a3fa1e92e615547819
10,discovery,3,42,2,13,number_tokens,9.0625,-0.875,-3.875,-3.0,False,False,google/gemma-2-9b-it,11c9b309abf73637e4b6f9a3fa1e92e615547819
10,discovery,3,42,2,13,random_positions,9.0625,-0.875,0.0,0.875,False,False,google/gemma-2-9b-it,11c9b309abf73637e4b6f9a3fa1e92e615547819
10,discovery,3,42,2,14,answer_position,9.0625,-0.875,-1.0,-0.125,False,False,google/gemma-2-9b-it,11c9b309abf73637e4b6f9a3fa1e92e615547819
10,discovery,3,42,2,14,number_tokens,9.0625,-0.875,-2.5,-1.625,False,False,google/gemma-2-9b-it,11c9b309abf73637e4b6f9a3fa1e92e615547819
10,discovery,3,42,2,14,random_positions,9.0625,-0.875,0.625,1.5,False,True,google/gemma-2-9b-it,11c9b309abf73637e4b6f9a3fa1e92e615547819
10,discovery,3,42,2,15,answer_position,9.0625,-0.875,-0.875,0.0,False,False,google/gemma-2-9b-it,11c9b309abf73637e4b6f9a3fa1e92e615547819
10,discovery,3,42,2,15,number_tokens,9.0625,-0.875,3.625,4.5,False,True,google/gemma-2-9b-it,11c9b309abf73637e4b6f9a3fa1e92e615547819
10,discovery,3,42,2,15,random_positions,9.0625,-0.875,0.75,1.625,False,True,google/gemma-2-9b-it,11c9b309abf73637e4b6f9a3fa1e92e615547819
10,discovery,3,42,2,16,answer_position,9.0625,-0.875,-1.0,-0.125,False,False,google/gemma-2-9b-it,11c9b309abf73637e4b6f9a3fa1e92e615547819
10,discovery,3,42,2,16,number_tokens,9.0625,-0.875,5.5,6.375,False,True,google/gemma-2-9b-it,11c9b309abf73637e4b6f9a3fa1e92e615547819
10,discovery,3,42,2,16,random_positions,9.0625,-0.875,1.625,2.5,False,True,google/gemma-2-9b-it,11c9b309abf73637e4b6f9a3fa1e92e615547819
10,discovery,3,42,2,17,answer_position,9.0625,-0.875,-1.0,-0.125,False,False,google/gemma-2-9b-it,11c9b309abf73637e4b6f9a3fa1e92e615547819
10,discovery,3,42,2,17,number_tokens,9.0625,-0.875,5.5,6.375,False,True,google/gemma-2-9b-it,11c9b309abf73637e4b6f9a3fa1e92e615547819
10,discovery,3,42,2,17,random_positions,9.0625,-0.875,3.375,4.25,False,True,google/gemma-2-9b-it,11c9b309abf73637e4b6f9a3fa1e92e615547819
10,discovery,3,42,2,18,answer_position,9.0625,-0.875,-1.0,-0.125,False,False,google/gemma-2-9b-it,11c9b309abf73637e4b6f9a3fa1e92e615547819
10,discovery,3,42,2,18,number_tokens,9.0625,-0.875,3.625,4.5,False,True,google/gemma-2-9b-it,11c9b309abf73637e4b6f9a3fa1e92e615547819
10,discovery,3,42,2,18,random_positions,9.0625,-0.875,3.0,3.875,False,True,google/gemma-2-9b-it,11c9b309abf73637e4b6f9a3fa1e92e615547819
10,discovery,3,42,2,19,answer_position,9.0625,-0.875,-1.0,-0.125,False,False,google/gemma-2-9b-it,11c9b309abf73637e4b6f9a3fa1e92e615547819
10,discovery,3,42,2,19,number_tokens,9.0625,-0.875,5.125,6.0,False,True,google/gemma-2-9b-it,11c9b309abf73637e4b6f9a3fa1e92e615547819
10,discovery,3,42,2,19,random_positions,9.0625,-0.875,2.625,3.5,False,True,google/gemma-2-9b-it,11c9b309abf73637e4b6f9a3fa1e92e615547819
10,discovery,3,42,2,20,answer_position,9.0625,-0.875,0.625,1.5,False,True,google/gemma-2-9b-it,11c9b309abf73637e4b6f9a3fa1e92e615547819
10,discovery,3,42,2,20,number_tokens,9.0625,-0.875,3.0,3.875,False,True,google/gemma-2-9b-it,11c9b309abf73637e4b6f9a3fa1e92e615547819
10,discovery,3,42,2,20,random_positions,9.0625,-0.875,2.375,3.25,False,True,google/gemma-2-9b-it,11c9b309abf73637e4b6f9a3fa1e92e615547819
10,discovery,3,42,2,21,answer_position,9.0625,-0.875,3.0,3.875,False,True,google/gemma-2-9b-it,11c9b309abf73637e4b6f9a3fa1e92e615547819
10,discovery,3,42,2,21,number_tokens,9.0625,-0.875,1.0,1.875,False,True,google/gemma-2-9b-it,11c9b309abf73637e4b6f9a3fa1e92e615547819
10,discovery,3,42,2,21,random_positions,9.0625,-0.875,2.875,3.75,False,True,google/gemma-2-9b-it,11c9b309abf73637e4b6f9a3fa1e92e615547819
10,discovery,3,42,2,22,answer_position,9.0625,-0.875,5.125,6.0,False,True,google/gemma-2-9b-it,11c9b309abf73637e4b6f9a3fa1e92e615547819
10,discovery,3,42,2,22,number_tokens,9.0625,-0.875,1.125,2.0,False,True,google/gemma-2-9b-it,11c9b309abf73637e4b6f9a3fa1e92e615547819
10,discovery,3,42,2,22,random_positions,9.0625,-0.875,2.75,3.625,False,True,google/gemma-2-9b-it,11c9b309abf73637e4b6f9a3fa1e92e615547819
10,discovery,3,42,2,23,answer_position,9.0625,-0.875,6.4375,7.3125,False,True,google/gemma-2-9b-it,11c9b309abf73637e4b6f9a3fa1e92e615547819
10,discovery,3,42,2,23,number_tokens,9.0625,-0.875,-0.75,0.125,False,False,google/gemma-2-9b-it,11c9b309abf73637e4b6f9a3fa1e92e615547819
10,discovery,3,42,2,23,random_positions,9.0625,-0.875,1.625,2.5,False,True,google/gemma-2-9b-it,11c9b309abf73637e4b6f9a3fa1e92e615547819
10,discovery,3,42,2,24,answer_position,9.0625,-0.875,6.9375,7.8125,False,True,google/gemma-2-9b-it,11c9b309abf73637e4b6f9a3fa1e92e615547819
10,discovery,3,42,2,24,number_tokens,9.0625,-0.875,-1.125,-0.25,False,False,google/gemma-2-9b-it,11c9b309abf73637e4b6f9a3fa1e92e615547819
10,discovery,3,42,2,24,random_positions,9.0625,-0.875,0.75,1.625,False,True,google/gemma-2-9b-it,11c9b309abf73637e4b6f9a3fa1e92e615547819
10,discovery,3,42,2,25,answer_position,9.0625,-0.875,7.625,8.5,False,True,google/gemma-2-9b-it,11c9b309abf73637e4b6f9a3fa1e92e615547819
10,discovery,3,42,2,25,number_tokens,9.0625,-0.875,-0.875,0.0,False,False,google/gemma-2-9b-it,11c9b309abf73637e4b6f9a3fa1e92e615547819
10,discovery,3,42,2,25,random_positions,9.0625,-0.875,-0.125,0.75,False,False,google/gemma-2-9b-it,11c9b309abf73637e4b6f9a3fa1e92e615547819
10,discovery,3,42,2,26,answer_position,9.0625,-0.875,7.9375,8.8125,False,True,google/gemma-2-9b-it,11c9b309abf73637e4b6f9a3fa1e92e615547819
10,discovery,3,42,2,26,number_tokens,9.0625,-0.875,-1.125,-0.25,False,False,google/gemma-2-9b-it,11c9b309abf73637e4b6f9a3fa1e92e615547819
10,discovery,3,42,2,26,random_positions,9.0625,-0.875,-1.0,-0.125,False,False,google/gemma-2-9b-it,11c9b309abf73637e4b6f9a3fa1e92e615547819
10,discovery,3,42,2,27,answer_position,9.0625,-0.875,8.0,8.875,False,True,google/gemma-2-9b-it,11c9b309abf73637e4b6f9a3fa1e92e615547819
10,discovery,3,42,2,27,number_tokens,9.0625,-0.875,-1.0,-0.125,False,False,google/gemma-2-9b-it,11c9b309abf73637e4b6f9a3fa1e92e615547819
10,discovery,3,42,2,27,random_positions,9.0625,-0.875,-1.25,-0.375,False,False,google/gemma-2-9b-it,11c9b309abf73637e4b6f9a3fa1e92e615547819
10,discovery,3,42,2,28,answer_position,9.0625,-0.875,7.9375,8.8125,False,True,google/gemma-2-9b-it,11c9b309abf73637e4b6f9a3fa1e92e615547819
10,discovery,3,42,2,28,number_tokens,9.0625,-0.875,-0.875,0.0,False,False,google/gemma-2-9b-it,11c9b309abf73637e4b6f9a3fa1e92e615547819
10,discovery,3,42,2,28,random_positions,9.0625,-0.875,-0.875,0.0,False,False,google/gemma-2-9b-it,11c9b309abf73637e4b6f9a3fa1e92e615547819
10,discovery,3,42,2,29,answer_position,9.0625,-0.875,7.9375,8.8125,False,True,google/gemma-2-9b-it,11c9b309abf73637e4b6f9a3fa1e92e615547819
10,discovery,3,42,2,29,number_tokens,9.0625,-0.875,-0.75,0.125,False,False,google/gemma-2-9b-it,11c9b309abf73637e4b6f9a3fa1e92e615547819
10,discovery,3,42,2,29,random_positions,9.0625,-0.875,-0.875,0.0,False,False,google/gemma-2-9b-it,11c9b309abf73637e4b6f9a3fa1e92e615547819
10,discovery,3,42,2,30,answer_position,9.0625,-0.875,8.125,9.0,False,True,google/gemma-2-9b-it,11c9b309abf73637e4b6f9a3fa1e92e615547819
10,discovery,3,42,2,30,number_tokens,9.0625,-0.875,-0.75,0.125,False,False,google/gemma-2-9b-it,11c9b309abf73637e4b6f9a3fa1e92e615547819
10,discovery,3,42,2,30,random_positions,9.0625,-0.875,-0.75,0.125,False,False,google/gemma-2-9b-it,11c9b309abf73637e4b6f9a3fa1e92e615547819
10,discovery,3,42,2,31,answer_position,9.0625,-0.875,8.25,9.125,False,True,google/gemma-2-9b-it,11c9b309abf73637e4b6f9a3fa1e92e615547819
10,discovery,3,42,2,31,number_tokens,9.0625,-0.875,-0.875,0.0,False,False,google/gemma-2-9b-it,11c9b309abf73637e4b6f9a3fa1e92e615547819
10,discovery,3,42,2,31,random_positions,9.0625,-0.875,-0.875,0.0,False,False,google/gemma-2-9b-it,11c9b309abf73637e4b6f9a3fa1e92e615547819
10,discovery,3,42,2,32,answer_position,9.0625,-0.875,8.25,9.125,False,True,google/gemma-2-9b-it,11c9b309abf73637e4b6f9a3fa1e92e615547819
10,discovery,3,42,2,32,number_tokens,9.0625,-0.875,-0.875,0.0,False,False,google/gemma-2-9b-it,11c9b309abf73637e4b6f9a3fa1e92e615547819
10,discovery,3,42,2,32,random_positions,9.0625,-0.875,-0.75,0.125,False,False,google/gemma-2-9b-it,11c9b309abf73637e4b6f9a3fa1e92e615547819
10,discovery,3,42,2,33,answer_position,9.0625,-0.875,8.25,9.125,False,True,google/gemma-2-9b-it,11c9b309abf73637e4b6f9a3fa1e92e615547819
10,discovery,3,42,2,33,number_tokens,9.0625,-0.875,-0.75,0.125,False,False,google/gemma-2-9b-it,11c9b309abf73637e4b6f9a3fa1e92e615547819
10,discovery,3,42,2,33,random_positions,9.0625,-0.875,-0.875,0.0,False,False,google/gemma-2-9b-it,11c9b309abf73637e4b6f9a3fa1e92e615547819
10,discovery,3,42,2,34,answer_position,9.0625,-0.875,8.3125,9.1875,False,True,google/gemma-2-9b-it,11c9b309abf73637e4b6f9a3fa1e92e615547819
10,discovery,3,42,2,34,number_tokens,9.0625,-0.875,-0.875,0.0,False,False,google/gemma-2-9b-it,11c9b309abf73637e4b6f9a3fa1e92e615547819
10,discovery,3,42,2,34,random_positions,9.0625,-0.875,-0.875,0.0,False,False,google/gemma-2-9b-it,11c9b309abf73637e4b6f9a3fa1e92e615547819
10,discovery,3,42,2,35,answer_position,9.0625,-0.875,8.375,9.25,False,True,google/gemma-2-9b-it,11c9b309abf73637e4b6f9a3fa1e92e615547819
10,discovery,3,42,2,35,number_tokens,9.0625,-0.875,-0.875,0.0,False,False,google/gemma-2-9b-it,11c9b309abf73637e4b6f9a3fa1e92e615547819
10,discovery,3,42,2,35,random_positions,9.0625,-0.875,-0.875,0.0,False,False,google/gemma-2-9b-it,11c9b309abf73637e4b6f9a3fa1e92e615547819
10,discovery,3,42,2,36,answer_position,9.0625,-0.875,8.375,9.25,False,True,google/gemma-2-9b-it,11c9b309abf73637e4b6f9a3fa1e92e615547819
10,discovery,3,42,2,36,number_tokens,9.0625,-0.875,-0.875,0.0,False,False,google/gemma-2-9b-it,11c9b309abf73637e4b6f9a3fa1e92e615547819
10,discovery,3,42,2,36,random_positions,9.0625,-0.875,-0.875,0.0,False,False,google/gemma-2-9b-it,11c9b309abf73637e4b6f9a3fa1e92e615547819
10,discovery,3,42,2,37,answer_position,9.0625,-0.875,8.375,9.25,False,True,google/gemma-2-9b-it,11c9b309abf73637e4b6f9a3fa1e92e615547819
10,discovery,3,42,2,37,number_tokens,9.0625,-0.875,-0.75,0.125,False,False,google/gemma-2-9b-it,11c9b309abf73637e4b6f9a3fa1e92e615547819
10,discovery,3,42,2,37,random_positions,9.0625,-0.875,-0.875,0.0,False,False,google/gemma-2-9b-it,11c9b309abf73637e4b6f9a3fa1e92e615547819
10,discovery,3,42,2,38,answer_position,9.0625,-0.875,8.5,9.375,False,True,google/gemma-2-9b-it,11c9b309abf73637e4b6f9a3fa1e92e615547819
10,discovery,3,42,2,38,number_tokens,9.0625,-0.875,-0.875,0.0,False,False,google/gemma-2-9b-it,11c9b309abf73637e4b6f9a3fa1e92e615547819
10,discovery,3,42,2,38,random_positions,9.0625,-0.875,-0.875,0.0,False,False,google/gemma-2-9b-it,11c9b309abf73637e4b6f9a3fa1e92e615547819
10,discovery,3,42,2,39,answer_position,9.0625,-0.875,8.6875,9.5625,False,True,google/gemma-2-9b-it,11c9b309abf73637e4b6f9a3fa1e92e615547819
10,discovery,3,42,2,39,number_tokens,9.0625,-0.875,-0.875,0.0,False,False,google/gemma-2-9b-it,11c9b309abf73637e4b6f9a3fa1e92e615547819
10,discovery,3,42,2,39,random_positions,9.0625,-0.875,-0.75,0.125,False,False,google/gemma-2-9b-it,11c9b309abf73637e4b6f9a3fa1e92e615547819
10,discovery,3,42,2,40,answer_position,9.0625,-0.875,8.875,9.75,False,True,google/gemma-2-9b-it,11c9b309abf73637e4b6f9a3fa1e92e615547819
10,discovery,3,42,2,40,number_tokens,9.0625,-0.875,-0.875,0.0,False,False,google/gemma-2-9b-it,11c9b309abf73637e4b6f9a3fa1e92e615547819
10,discovery,3,42,2,40,random_positions,9.0625,-0.875,-0.875,0.0,False,False,google/gemma-2-9b-it,11c9b309abf73637e4b6f9a3fa1e92e615547819
10,discovery,3,42,2,41,answer_position,9.0625,-0.875,9.0625,9.9375,False,True,google/gemma-2-9b-it,11c9b309abf73637e4b6f9a3fa1e92e615547819
10,discovery,3,42,2,41,number_tokens,9.0625,-0.875,-0.875,0.0,False,False,google/gemma-2-9b-it,11c9b309abf73637e4b6f9a3fa1e92e615547819
10,discovery,3,42,2,41,random_positions,9.0625,-0.875,-0.875,0.0,False,False,google/gemma-2-9b-it,11c9b309abf73637e4b6f9a3fa1e92e615547819
11,discovery,3,43,3,0,answer_position,9.3125,6.25,6.125,-0.125,True,True,google/gemma-2-9b-it,11c9b309abf73637e4b6f9a3fa1e92e615547819
11,discovery,3,43,3,0,number_tokens,9.3125,6.25,6.375,0.125,True,True,google/gemma-2-9b-it,11c9b309abf73637e4b6f9a3fa1e92e615547819
11,discovery,3,43,3,0,random_positions,9.3125,6.25,1.25,-5.0,True,True,google/gemma-2-9b-it,11c9b309abf73637e4b6f9a3fa1e92e615547819
11,discovery,3,43,3,1,answer_position,9.3125,6.25,6.25,0.0,True,True,google/gemma-2-9b-it,11c9b309abf73637e4b6f9a3fa1e92e615547819
11,discovery,3,43,3,1,number_tokens,9.3125,6.25,6.5625,0.3125,True,True,google/gemma-2-9b-it,11c9b309abf73637e4b6f9a3fa1e92e615547819
11,discovery,3,43,3,1,random_positions,9.3125,6.25,2.75,-3.5,True,True,google/gemma-2-9b-it,11c9b309abf73637e4b6f9a3fa1e92e615547819
11,discovery,3,43,3,2,answer_position,9.3125,6.25,6.25,0.0,True,True,google/gemma-2-9b-it,11c9b309abf73637e4b6f9a3fa1e92e615547819
11,discovery,3,43,3,2,number_tokens,9.3125,6.25,6.6875,0.4375,True,True,google/gemma-2-9b-it,11c9b309abf73637e4b6f9a3fa1e92e615547819
11,discovery,3,43,3,2,random_positions,9.3125,6.25,2.625,-3.625,True,True,google/gemma-2-9b-it,11c9b309abf73637e4b6f9a3fa1e92e615547819
11,discovery,3,43,3,3,answer_position,9.3125,6.25,6.25,0.0,True,True,google/gemma-2-9b-it,11c9b309abf73637e4b6f9a3fa1e92e615547819
11,discovery,3,43,3,3,number_tokens,9.3125,6.25,6.9375,0.6875,True,True,google/gemma-2-9b-it,11c9b309abf73637e4b6f9a3fa1e92e615547819
11,discovery,3,43,3,3,random_positions,9.3125,6.25,6.1875,-0.0625,True,True,google/gemma-2-9b-it,11c9b309abf73637e4b6f9a3fa1e92e615547819
11,discovery,3,43,3,4,answer_position,9.3125,6.25,6.25,0.0,True,True,google/gemma-2-9b-it,11c9b309abf73637e4b6f9a3fa1e92e615547819
11,discovery,3,43,3,4,number_tokens,9.3125,6.25,7.0,0.75,True,True,google/gemma-2-9b-it,11c9b309abf73637e4b6f9a3fa1e92e615547819
11,discovery,3,43,3,4,random_positions,9.3125,6.25,6.0625,-0.1875,True,True,google/gemma-2-9b-it,11c9b309abf73637e4b6f9a3fa1e92e615547819
11,discovery,3,43,3,5,answer_position,9.3125,6.25,6.125,-0.125,True,True,google/gemma-2-9b-it,11c9b309abf73637e4b6f9a3fa1e92e615547819
11,discovery,3,43,3,5,number_tokens,9.3125,6.25,6.375,0.125,True,True,google/gemma-2-9b-it,11c9b309abf73637e4b6f9a3fa1e92e615547819
11,discovery,3,43,3,5,random_positions,9.3125,6.25,6.0,-0.25,True,True,google/gemma-2-9b-it,11c9b309abf73637e4b6f9a3fa1e92e615547819
11,discovery,3,43,3,6,answer_position,9.3125,6.25,6.125,-0.125,True,True,google/gemma-2-9b-it,11c9b309abf73637e4b6f9a3fa1e92e615547819
11,discovery,3,43,3,6,number_tokens,9.3125,6.25,6.9375,0.6875,True,True,google/gemma-2-9b-it,11c9b309abf73637e4b6f9a3fa1e92e615547819
11,discovery,3,43,3,6,random_positions,9.3125,6.25,6.75,0.5,True,True,google/gemma-2-9b-it,11c9b309abf73637e4b6f9a3fa1e92e615547819
11,discovery,3,43,3,7,answer_position,9.3125,6.25,6.25,0.0,True,True,google/gemma-2-9b-it,11c9b309abf73637e4b6f9a3fa1e92e615547819
11,discovery,3,43,3,7,number_tokens,9.3125,6.25,7.6875,1.4375,True,True,google/gemma-2-9b-it,11c9b309abf73637e4b6f9a3fa1e92e615547819
11,discovery,3,43,3,7,random_positions,9.3125,6.25,6.75,0.5,True,True,google/gemma-2-9b-it,11c9b309abf73637e4b6f9a3fa1e92e615547819
11,discovery,3,43,3,8,answer_position,9.3125,6.25,6.25,0.0,True,True,google/gemma-2-9b-it,11c9b309abf73637e4b6f9a3fa1e92e615547819
11,discovery,3,43,3,8,number_tokens,9.3125,6.25,7.75,1.5,True,True,google/gemma-2-9b-it,11c9b309abf73637e4b6f9a3fa1e92e615547819
11,discovery,3,43,3,8,random_positions,9.3125,6.25,6.75,0.5,True,True,google/gemma-2-9b-it,11c9b309abf73637e4b6f9a3fa1e92e615547819
11,discovery,3,43,3,9,answer_position,9.3125,6.25,6.25,0.0,True,True,google/gemma-2-9b-it,11c9b309abf73637e4b6f9a3fa1e92e615547819
11,discovery,3,43,3,9,number_tokens,9.3125,6.25,7.0625,0.8125,True,True,google/gemma-2-9b-it,11c9b309abf73637e4b6f9a3fa1e92e615547819
11,discovery,3,43,3,9,random_positions,9.3125,6.25,6.875,0.625,True,True,google/gemma-2-9b-it,11c9b309abf73637e4b6f9a3fa1e92e615547819
11,discovery,3,43,3,10,answer_position,9.3125,6.25,6.125,-0.125,True,True,google/gemma-2-9b-it,11c9b309abf73637e4b6f9a3fa1e92e615547819
11,discovery,3,43,3,10,number_tokens,9.3125,6.25,7.6875,1.4375,True,True,google/gemma-2-9b-it,11c9b309abf73637e4b6f9a3fa1e92e615547819
11,discovery,3,43,3,10,random_positions,9.3125,6.25,6.6875,0.4375,True,True,google/gemma-2-9b-it,11c9b309abf73637e4b6f9a3fa1e92e615547819
11,discovery,3,43,3,11,answer_position,9.3125,6.25,6.25,0.0,True,True,google/gemma-2-9b-it,11c9b309abf73637e4b6f9a3fa1e92e615547819
11,discovery,3,43,3,11,number_tokens,9.3125,6.25,4.625,-1.625,True,True,google/gemma-2-9b-it,11c9b309abf73637e4b6f9a3fa1e92e615547819
11,discovery,3,43,3,11,random_positions,9.3125,6.25,6.5625,0.3125,True,True,google/gemma-2-9b-it,11c9b309abf73637e4b6f9a3fa1e92e615547819
11,discovery,3,43,3,12,answer_position,9.3125,6.25,6.125,-0.125,True,True,google/gemma-2-9b-it,11c9b309abf73637e4b6f9a3fa1e92e615547819
11,discovery,3,43,3,12,number_tokens,9.3125,6.25,-3.625,-9.875,True,False,google/gemma-2-9b-it,11c9b309abf73637e4b6f9a3fa1e92e615547819
11,discovery,3,43,3,12,random_positions,9.3125,6.25,6.5625,0.3125,True,True,google/gemma-2-9b-it,11c9b309abf73637e4b6f9a3fa1e92e615547819
11,discovery,3,43,3,13,answer_position,9.3125,6.25,6.25,0.0,True,True,google/gemma-2-9b-it,11c9b309abf73637e4b6f9a3fa1e92e615547819
11,discovery,3,43,3,13,number_tokens,9.3125,6.25,-3.25,-9.5,True,False,google/gemma-2-9b-it,11c9b309abf73637e4b6f9a3fa1e92e615547819
11,discovery,3,43,3,13,random_positions,9.3125,6.25,6.5625,0.3125,True,True,google/gemma-2-9b-it,11c9b309abf73637e4b6f9a3fa1e92e615547819
11,discovery,3,43,3,14,answer_position,9.3125,6.25,6.25,0.0,True,True,google/gemma-2-9b-it,11c9b309abf73637e4b6f9a3fa1e92e615547819
11,discovery,3,43,3,14,number_tokens,9.3125,6.25,0.875,-5.375,True,True,google/gemma-2-9b-it,11c9b309abf73637e4b6f9a3fa1e92e615547819
11,discovery,3,43,3,14,random_positions,9.3125,6.25,6.4375,0.1875,True,True,google/gemma-2-9b-it,11c9b309abf73637e4b6f9a3fa1e92e615547819
11,discovery,3,43,3,15,answer_position,9.3125,6.25,6.25,0.0,True,True,google/gemma-2-9b-it,11c9b309abf73637e4b6f9a3fa1e92e615547819
11,discovery,3,43,3,15,number_tokens,9.3125,6.25,6.0,-0.25,True,True,google/gemma-2-9b-it,11c9b309abf73637e4b6f9a3fa1e92e615547819
11,discovery,3,43,3,15,random_positions,9.3125,6.25,6.25,0.0,True,True,google/gemma-2-9b-it,11c9b309abf73637e4b6f9a3fa1e92e615547819
11,discovery,3,43,3,16,answer_position,9.3125,6.25,6.125,-0.125,True,True,google/gemma-2-9b-it,11c9b309abf73637e4b6f9a3fa1e92e615547819
11,discovery,3,43,3,16,number_tokens,9.3125,6.25,7.25,1.0,True,True,google/gemma-2-9b-it,11c9b309abf73637e4b6f9a3fa1e92e615547819
11,discovery,3,43,3,16,random_positions,9.3125,6.25,6.25,0.0,True,True,google/gemma-2-9b-it,11c9b309abf73637e4b6f9a3fa1e92e615547819
11,discovery,3,43,3,17,answer_position,9.3125,6.25,6.25,0.0,True,True,google/gemma-2-9b-it,11c9b309abf73637e4b6f9a3fa1e92e615547819
11,discovery,3,43,3,17,number_tokens,9.3125,6.25,7.625,1.375,True,True,google/gemma-2-9b-it,11c9b309abf73637e4b6f9a3fa1e92e615547819
11,discovery,3,43,3,17,random_positions,9.3125,6.25,6.25,0.0,True,True,google/gemma-2-9b-it,11c9b309abf73637e4b6f9a3fa1e92e615547819
11,discovery,3,43,3,18,answer_position,9.3125,6.25,6.25,0.0,True,True,google/gemma-2-9b-it,11c9b309abf73637e4b6f9a3fa1e92e615547819
11,discovery,3,43,3,18,number_tokens,9.3125,6.25,7.0,0.75,True,True,google/gemma-2-9b-it,11c9b309abf73637e4b6f9a3fa1e92e615547819
11,discovery,3,43,3,18,random_positions,9.3125,6.25,6.5625,0.3125,True,True,google/gemma-2-9b-it,11c9b309abf73637e4b6f9a3fa1e92e615547819
11,discovery,3,43,3,19,answer_position,9.3125,6.25,6.25,0.0,True,True,google/gemma-2-9b-it,11c9b309abf73637e4b6f9a3fa1e92e615547819
11,discovery,3,43,3,19,number_tokens,9.3125,6.25,7.875,1.625,True,True,google/gemma-2-9b-it,11c9b309abf73637e4b6f9a3fa1e92e615547819
11,discovery,3,43,3,19,random_positions,9.3125,6.25,6.6875,0.4375,True,True,google/gemma-2-9b-it,11c9b309abf73637e4b6f9a3fa1e92e615547819
11,discovery,3,43,3,20,answer_position,9.3125,6.25,6.5,0.25,True,True,google/gemma-2-9b-it,11c9b309abf73637e4b6f9a3fa1e92e615547819
11,discovery,3,43,3,20,number_tokens,9.3125,6.25,7.0,0.75,True,True,google/gemma-2-9b-it,11c9b309abf73637e4b6f9a3fa1e92e615547819
11,discovery,3,43,3,20,random_positions,9.3125,6.25,6.6875,0.4375,True,True,google/gemma-2-9b-it,11c9b309abf73637e4b6f9a3fa1e92e615547819
11,discovery,3,43,3,21,answer_position,9.3125,6.25,6.9375,0.6875,True,True,google/gemma-2-9b-it,11c9b309abf73637e4b6f9a3fa1e92e615547819
11,discovery,3,43,3,21,number_tokens,9.3125,6.25,6.6875,0.4375,True,True,google/gemma-2-9b-it,11c9b309abf73637e4b6f9a3fa1e92e615547819
11,discovery,3,43,3,21,random_positions,9.3125,6.25,6.9375,0.6875,True,True,google/gemma-2-9b-it,11c9b309abf73637e4b6f9a3fa1e92e615547819
11,discovery,3,43,3,22,answer_position,9.3125,6.25,7.5,1.25,True,True,google/gemma-2-9b-it,11c9b309abf73637e4b6f9a3fa1e92e615547819
11,discovery,3,43,3,22,number_tokens,9.3125,6.25,6.5625,0.3125,True,True,google/gemma-2-9b-it,11c9b309abf73637e4b6f9a3fa1e92e615547819
11,discovery,3,43,3,22,random_positions,9.3125,6.25,6.6875,0.4375,True,True,google/gemma-2-9b-it,11c9b309abf73637e4b6f9a3fa1e92e615547819
11,discovery,3,43,3,23,answer_position,9.3125,6.25,8.0625,1.8125,True,True,google/gemma-2-9b-it,11c9b309abf73637e4b6f9a3fa1e92e615547819
11,discovery,3,43,3,23,number_tokens,9.3125,6.25,6.25,0.0,True,True,google/gemma-2-9b-it,11c9b309abf73637e4b6f9a3fa1e92e615547819
11,discovery,3,43,3,23,random_positions,9.3125,6.25,6.5625,0.3125,True,True,google/gemma-2-9b-it,11c9b309abf73637e4b6f9a3fa1e92e615547819
11,discovery,3,43,3,24,answer_position,9.3125,6.25,8.3125,2.0625,True,True,google/gemma-2-9b-it,11c9b309abf73637e4b6f9a3fa1e92e615547819
11,discovery,3,43,3,24,number_tokens,9.3125,6.25,6.125,-0.125,True,True,google/gemma-2-9b-it,11c9b309abf73637e4b6f9a3fa1e92e615547819
11,discovery,3,43,3,24,random_positions,9.3125,6.25,6.4375,0.1875,True,True,google/gemma-2-9b-it,11c9b309abf73637e4b6f9a3fa1e92e615547819
11,discovery,3,43,3,25,answer_position,9.3125,6.25,8.5625,2.3125,True,True,google/gemma-2-9b-it,11c9b309abf73637e4b6f9a3fa1e92e615547819
11,discovery,3,43,3,25,number_tokens,9.3125,6.25,6.125,-0.125,True,True,google/gemma-2-9b-it,11c9b309abf73637e4b6f9a3fa1e92e615547819
11,discovery,3,43,3,25,random_positions,9.3125,6.25,6.375,0.125,True,True,google/gemma-2-9b-it,11c9b309abf73637e4b6f9a3fa1e92e615547819
11,discovery,3,43,3,26,answer_position,9.3125,6.25,8.6875,2.4375,True,True,google/gemma-2-9b-it,11c9b309abf73637e4b6f9a3fa1e92e615547819
11,discovery,3,43,3,26,number_tokens,9.3125,6.25,6.25,0.0,True,True,google/gemma-2-9b-it,11c9b309abf73637e4b6f9a3fa1e92e615547819
11,discovery,3,43,3,26,random_positions,9.3125,6.25,6.375,0.125,True,True,google/gemma-2-9b-it,11c9b309abf73637e4b6f9a3fa1e92e615547819
11,discovery,3,43,3,27,answer_position,9.3125,6.25,8.8125,2.5625,True,True,google/gemma-2-9b-it,11c9b309abf73637e4b6f9a3fa1e92e615547819
11,discovery,3,43,3,27,number_tokens,9.3125,6.25,6.25,0.0,True,True,google/gemma-2-9b-it,11c9b309abf73637e4b6f9a3fa1e92e615547819
11,discovery,3,43,3,27,random_positions,9.3125,6.25,6.375,0.125,True,True,google/gemma-2-9b-it,11c9b309abf73637e4b6f9a3fa1e92e615547819
11,discovery,3,43,3,28,answer_position,9.3125,6.25,8.625,2.375,True,True,google/gemma-2-9b-it,11c9b309abf73637e4b6f9a3fa1e92e615547819
11,discovery,3,43,3,28,number_tokens,9.3125,6.25,6.25,0.0,True,True,google/gemma-2-9b-it,11c9b309abf73637e4b6f9a3fa1e92e615547819
11,discovery,3,43,3,28,random_positions,9.3125,6.25,6.375,0.125,True,True,google/gemma-2-9b-it,11c9b309abf73637e4b6f9a3fa1e92e615547819
11,discovery,3,43,3,29,answer_position,9.3125,6.25,8.6875,2.4375,True,True,google/gemma-2-9b-it,11c9b309abf73637e4b6f9a3fa1e92e615547819
11,discovery,3,43,3,29,number_tokens,9.3125,6.25,6.25,0.0,True,True,google/gemma-2-9b-it,11c9b309abf73637e4b6f9a3fa1e92e615547819
11,discovery,3,43,3,29,random_positions,9.3125,6.25,6.375,0.125,True,True,google/gemma-2-9b-it,11c9b309abf73637e4b6f9a3fa1e92e615547819
11,discovery,3,43,3,30,answer_position,9.3125,6.25,8.6875,2.4375,True,True,google/gemma-2-9b-it,11c9b309abf73637e4b6f9a3fa1e92e615547819
11,discovery,3,43,3,30,number_tokens,9.3125,6.25,6.25,0.0,True,True,google/gemma-2-9b-it,11c9b309abf73637e4b6f9a3fa1e92e615547819
11,discovery,3,43,3,30,random_positions,9.3125,6.25,6.25,0.0,True,True,google/gemma-2-9b-it,11c9b309abf73637e4b6f9a3fa1e92e615547819
11,discovery,3,43,3,31,answer_position,9.3125,6.25,8.8125,2.5625,True,True,google/gemma-2-9b-it,11c9b309abf73637e4b6f9a3fa1e92e615547819
11,discovery,3,43,3,31,number_tokens,9.3125,6.25,6.25,0.0,True,True,google/gemma-2-9b-it,11c9b309abf73637e4b6f9a3fa1e92e615547819
11,discovery,3,43,3,31,random_positions,9.3125,6.25,6.25,0.0,True,True,google/gemma-2-9b-it,11c9b309abf73637e4b6f9a3fa1e92e615547819
11,discovery,3,43,3,32,answer_position,9.3125,6.25,8.8125,2.5625,True,True,google/gemma-2-9b-it,11c9b309abf73637e4b6f9a3fa1e92e615547819
11,discovery,3,43,3,32,number_tokens,9.3125,6.25,6.25,0.0,True,True,google/gemma-2-9b-it,11c9b309abf73637e4b6f9a3fa1e92e615547819
11,discovery,3,43,3,32,random_positions,9.3125,6.25,6.25,0.0,True,True,google/gemma-2-9b-it,11c9b309abf73637e4b6f9a3fa1e92e615547819
11,discovery,3,43,3,33,answer_position,9.3125,6.25,8.8125,2.5625,True,True,google/gemma-2-9b-it,11c9b309abf73637e4b6f9a3fa1e92e615547819
11,discovery,3,43,3,33,number_tokens,9.3125,6.25,6.25,0.0,True,True,google/gemma-2-9b-it,11c9b309abf73637e4b6f9a3fa1e92e615547819
11,discovery,3,43,3,33,random_positions,9.3125,6.25,6.25,0.0,True,True,google/gemma-2-9b-it,11c9b309abf73637e4b6f9a3fa1e92e615547819
11,discovery,3,43,3,34,answer_position,9.3125,6.25,8.875,2.625,True,True,google/gemma-2-9b-it,11c9b309abf73637e4b6f9a3fa1e92e615547819
11,discovery,3,43,3,34,number_tokens,9.3125,6.25,6.25,0.0,True,True,google/gemma-2-9b-it,11c9b309abf73637e4b6f9a3fa1e92e615547819
11,discovery,3,43,3,34,random_positions,9.3125,6.25,6.125,-0.125,True,True,google/gemma-2-9b-it,11c9b309abf73637e4b6f9a3fa1e92e615547819
11,discovery,3,43,3,35,answer_position,9.3125,6.25,8.8125,2.5625,True,True,google/gemma-2-9b-it,11c9b309abf73637e4b6f9a3fa1e92e615547819
11,discovery,3,43,3,35,number_tokens,9.3125,6.25,6.25,0.0,True,True,google/gemma-2-9b-it,11c9b309abf73637e4b6f9a3fa1e92e615547819
11,discovery,3,43,3,35,random_positions,9.3125,6.25,6.25,0.0,True,True,google/gemma-2-9b-it,11c9b309abf73637e4b6f9a3fa1e92e615547819
11,discovery,3,43,3,36,answer_position,9.3125,6.25,8.875,2.625,True,True,google/gemma-2-9b-it,11c9b309abf73637e4b6f9a3fa1e92e615547819
11,discovery,3,43,3,36,number_tokens,9.3125,6.25,6.25,0.0,True,True,google/gemma-2-9b-it,11c9b309abf73637e4b6f9a3fa1e92e615547819
11,discovery,3,43,3,36,random_positions,9.3125,6.25,6.25,0.0,True,True,google/gemma-2-9b-it,11c9b309abf73637e4b6f9a3fa1e92e615547819
11,discovery,3,43,3,37,answer_position,9.3125,6.25,8.875,2.625,True,True,google/gemma-2-9b-it,11c9b309abf73637e4b6f9a3fa1e92e615547819
11,discovery,3,43,3,37,number_tokens,9.3125,6.25,6.125,-0.125,True,True,google/gemma-2-9b-it,11c9b309abf73637e4b6f9a3fa1e92e615547819
11,discovery,3,43,3,37,random_positions,9.3125,6.25,6.25,0.0,True,True,google/gemma-2-9b-it,11c9b309abf73637e4b6f9a3fa1e92e615547819
11,discovery,3,43,3,38,answer_position,9.3125,6.25,9.0,2.75,True,True,google/gemma-2-9b-it,11c9b309abf73637e4b6f9a3fa1e92e615547819
11,discovery,3,43,3,38,number_tokens,9.3125,6.25,6.25,0.0,True,True,google/gemma-2-9b-it,11c9b309abf73637e4b6f9a3fa1e92e615547819
11,discovery,3,43,3,38,random_positions,9.3125,6.25,6.25,0.0,True,True,google/gemma-2-9b-it,11c9b309abf73637e4b6f9a3fa1e92e615547819
11,discovery,3,43,3,39,answer_position,9.3125,6.25,9.0625,2.8125,True,True,google/gemma-2-9b-it,11c9b309abf73637e4b6f9a3fa1e92e615547819
11,discovery,3,43,3,39,number_tokens,9.3125,6.25,6.25,0.0,True,True,google/gemma-2-9b-it,11c9b309abf73637e4b6f9a3fa1e92e615547819
11,discovery,3,43,3,39,random_positions,9.3125,6.25,6.25,0.0,True,True,google/gemma-2-9b-it,11c9b309abf73637e4b6f9a3fa1e92e615547819
11,discovery,3,43,3,40,answer_position,9.3125,6.25,9.3125,3.0625,True,True,google/gemma-2-9b-it,11c9b309abf73637e4b6f9a3fa1e92e615547819
11,discovery,3,43,3,40,number_tokens,9.3125,6.25,6.25,0.0,True,True,google/gemma-2-9b-it,11c9b309abf73637e4b6f9a3fa1e92e615547819
11,discovery,3,43,3,40,random_positions,9.3125,6.25,6.25,0.0,True,True,google/gemma-2-9b-it,11c9b309abf73637e4b6f9a3fa1e92e615547819
11,discovery,3,43,3,41,answer_position,9.3125,6.25,9.3125,3.0625,True,True,google/gemma-2-9b-it,11c9b309abf73637e4b6f9a3fa1e92e615547819
11,discovery,3,43,3,41,number_tokens,9.3125,6.25,6.25,0.0,True,True,google/gemma-2-9b-it,11c9b309abf73637e4b6f9a3fa1e92e615547819
11,discovery,3,43,3,41,random_positions,9.3125,6.25,6.25,0.0,True,True,google/gemma-2-9b-it,11c9b309abf73637e4b6f9a3fa1e92e615547819
12,discovery,3,44,4,0,answer_position,9.0625,5.75,5.875,0.125,True,True,google/gemma-2-9b-it,11c9b309abf73637e4b6f9a3fa1e92e615547819
12,discovery,3,44,4,0,number_tokens,9.0625,5.75,5.875,0.125,True,True,google/gemma-2-9b-it,11c9b309abf73637e4b6f9a3fa1e92e615547819
12,discovery,3,44,4,0,random_positions,9.0625,5.75,6.9375,1.1875,True,True,google/gemma-2-9b-it,11c9b309abf73637e4b6f9a3fa1e92e615547819
12,discovery,3,44,4,1,answer_position,9.0625,5.75,5.75,0.0,True,True,google/gemma-2-9b-it,11c9b309abf73637e4b6f9a3fa1e92e615547819
12,discovery,3,44,4,1,number_tokens,9.0625,5.75,5.75,0.0,True,True,google/gemma-2-9b-it,11c9b309abf73637e4b6f9a3fa1e92e615547819
12,discovery,3,44,4,1,random_positions,9.0625,5.75,7.625,1.875,True,True,google/gemma-2-9b-it,11c9b309abf73637e4b6f9a3fa1e92e615547819
12,discovery,3,44,4,2,answer_position,9.0625,5.75,5.75,0.0,True,True,google/gemma-2-9b-it,11c9b309abf73637e4b6f9a3fa1e92e615547819
12,discovery,3,44,4,2,number_tokens,9.0625,5.75,6.0,0.25,True,True,google/gemma-2-9b-it,11c9b309abf73637e4b6f9a3fa1e92e615547819
12,discovery,3,44,4,2,random_positions,9.0625,5.75,7.8125,2.0625,True,True,google/gemma-2-9b-it,11c9b309abf73637e4b6f9a3fa1e92e615547819
12,discovery,3,44,4,3,answer_position,9.0625,5.75,5.75,0.0,True,True,google/gemma-2-9b-it,11c9b309abf73637e4b6f9a3fa1e92e615547819
12,discovery,3,44,4,3,number_tokens,9.0625,5.75,6.0,0.25,True,True,google/gemma-2-9b-it,11c9b309abf73637e4b6f9a3fa1e92e615547819
12,discovery,3,44,4,3,random_positions,9.0625,5.75,7.8125,2.0625,True,True,google/gemma-2-9b-it,11c9b309abf73637e4b6f9a3fa1e92e615547819
12,discovery,3,44,4,4,answer_position,9.0625,5.75,5.75,0.0,True,True,google/gemma-2-9b-it,11c9b309abf73637e4b6f9a3fa1e92e615547819
12,discovery,3,44,4,4,number_tokens,9.0625,5.75,5.875,0.125,True,True,google/gemma-2-9b-it,11c9b309abf73637e4b6f9a3fa1e92e615547819
12,discovery,3,44,4,4,random_positions,9.0625,5.75,6.875,1.125,True,True,google/gemma-2-9b-it,11c9b309abf73637e4b6f9a3fa1e92e615547819
12,discovery,3,44,4,5,answer_position,9.0625,5.75,5.875,0.125,True,True,google/gemma-2-9b-it,11c9b309abf73637e4b6f9a3fa1e92e615547819
12,discovery,3,44,4,5,number_tokens,9.0625,5.75,4.5,-1.25,True,True,google/gemma-2-9b-it,11c9b309abf73637e4b6f9a3fa1e92e615547819
12,discovery,3,44,4,5,random_positions,9.0625,5.75,6.5625,0.8125,True,True,google/gemma-2-9b-it,11c9b309abf73637e4b6f9a3fa1e92e615547819
12,discovery,3,44,4,6,answer_position,9.0625,5.75,5.75,0.0,True,True,google/gemma-2-9b-it,11c9b309abf73637e4b6f9a3fa1e92e615547819
12,discovery,3,44,4,6,number_tokens,9.0625,5.75,5.5,-0.25,True,True,google/gemma-2-9b-it,11c9b309abf73637e4b6f9a3fa1e92e615547819
12,discovery,3,44,4,6,random_positions,9.0625,5.75,6.3125,0.5625,True,True,google/gemma-2-9b-it,11c9b309abf73637e4b6f9a3fa1e92e615547819
12,discovery,3,44,4,7,answer_position,9.0625,5.75,5.875,0.125,True,True,google/gemma-2-9b-it,11c9b309abf73637e4b6f9a3fa1e92e615547819
12,discovery,3,44,4,7,number_tokens,9.0625,5.75,7.5,1.75,True,True,google/gemma-2-9b-it,11c9b309abf73637e4b6f9a3fa1e92e615547819
12,discovery,3,44,4,7,random_positions,9.0625,5.75,6.4375,0.6875,True,True,google/gemma-2-9b-it,11c9b309abf73637e4b6f9a3fa1e92e615547819
12,discovery,3,44,4,8,answer_position,9.0625,5.75,5.75,0.0,True,True,google/gemma-2-9b-it,11c9b309abf73637e4b6f9a3fa1e92e615547819
12,discovery,3,44,4,8,number_tokens,9.0625,5.75,7.75,2.0,True,True,google/gemma-2-9b-it,11c9b309abf73637e4b6f9a3fa1e92e615547819
12,discovery,3,44,4,8,random_positions,9.0625,5.75,6.5625,0.8125,True,True,google/gemma-2-9b-it,11c9b309abf73637e4b6f9a3fa1e92e615547819
12,discovery,3,44,4,9,answer_position,9.0625,5.75,5.875,0.125,True,True,google/gemma-2-9b-it,11c9b309abf73637e4b6f9a3fa1e92e615547819
12,discovery,3,44,4,9,number_tokens,9.0625,5.75,7.5,1.75,True,True,google/gemma-2-9b-it,11c9b309abf73637e4b6f9a3fa1e92e615547819
12,discovery,3,44,4,9,random_positions,9.0625,5.75,6.4375,0.6875,True,True,google/gemma-2-9b-it,11c9b309abf73637e4b6f9a3fa1e92e615547819
12,discovery,3,44,4,10,answer_position,9.0625,5.75,5.75,0.0,True,True,google/gemma-2-9b-it,11c9b309abf73637e4b6f9a3fa1e92e615547819
12,discovery,3,44,4,10,number_tokens,9.0625,5.75,7.25,1.5,True,True,google/gemma-2-9b-it,11c9b309abf73637e4b6f9a3fa1e92e615547819
12,discovery,3,44,4,10,random_positions,9.0625,5.75,6.25,0.5,True,True,google/gemma-2-9b-it,11c9b309abf73637e4b6f9a3fa1e92e615547819
12,discovery,3,44,4,11,answer_position,9.0625,5.75,5.875,0.125,True,True,google/gemma-2-9b-it,11c9b309abf73637e4b6f9a3fa1e92e615547819
12,discovery,3,44,4,11,number_tokens,9.0625,5.75,2.0,-3.75,True,True,google/gemma-2-9b-it,11c9b309abf73637e4b6f9a3fa1e92e615547819
12,discovery,3,44,4,11,random_positions,9.0625,5.75,6.25,0.5,True,True,google/gemma-2-9b-it,11c9b309abf73637e4b6f9a3fa1e92e615547819
12,discovery,3,44,4,12,answer_position,9.0625,5.75,5.875,0.125,True,True,google/gemma-2-9b-it,11c9b309abf73637e4b6f9a3fa1e92e615547819
12,discovery,3,44,4,12,number_tokens,9.0625,5.75,-4.0,-9.75,True,False,google/gemma-2-9b-it,11c9b309abf73637e4b6f9a3fa1e92e615547819
12,discovery,3,44,4,12,random_positions,9.0625,5.75,6.125,0.375,True,True,google/gemma-2-9b-it,11c9b309abf73637e4b6f9a3fa1e92e615547819
12,discovery,3,44,4,13,answer_position,9.0625,5.75,5.875,0.125,True,True,google/gemma-2-9b-it,11c9b309abf73637e4b6f9a3fa1e92e615547819
12,discovery,3,44,4,13,number_tokens,9.0625,5.75,-4.25,-10.0,True,False,google/gemma-2-9b-it,11c9b309abf73637e4b6f9a3fa1e92e615547819
12,discovery,3,44,4,13,random_positions,9.0625,5.75,5.875,0.125,True,True,google/gemma-2-9b-it,11c9b309abf73637e4b6f9a3fa1e92e615547819
12,discovery,3,44,4,14,answer_position,9.0625,5.75,5.75,0.0,True,True,google/gemma-2-9b-it,11c9b309abf73637e4b6f9a3fa1e92e615547819
12,discovery,3,44,4,14,number_tokens,9.0625,5.75,-0.625,-6.375,True,False,google/gemma-2-9b-it,11c9b309abf73637e4b6f9a3fa1e92e615547819
12,discovery,3,44,4,14,random_positions,9.0625,5.75,6.25,0.5,True,True,google/gemma-2-9b-it,11c9b309abf73637e4b6f9a3fa1e92e615547819
12,discovery,3,44,4,15,answer_position,9.0625,5.75,5.75,0.0,True,True,google/gemma-2-9b-it,11c9b309abf73637e4b6f9a3fa1e92e615547819
12,discovery,3,44,4,15,number_tokens,9.0625,5.75,4.75,-1.0,True,True,google/gemma-2-9b-it,11c9b309abf73637e4b6f9a3fa1e92e615547819
12,discovery,3,44,4,15,random_positions,9.0625,5.75,6.125,0.375,True,True,google/gemma-2-9b-it,11c9b309abf73637e4b6f9a3fa1e92e615547819
12,discovery,3,44,4,16,answer_position,9.0625,5.75,5.75,0.0,True,True,google/gemma-2-9b-it,11c9b309abf73637e4b6f9a3fa1e92e615547819
12,discovery,3,44,4,16,number_tokens,9.0625,5.75,6.6875,0.9375,True,True,google/gemma-2-9b-it,11c9b309abf73637e4b6f9a3fa1e92e615547819
12,discovery,3,44,4,16,random_positions,9.0625,5.75,5.75,0.0,True,True,google/gemma-2-9b-it,11c9b309abf73637e4b6f9a3fa1e92e615547819
12,discovery,3,44,4,17,answer_position,9.0625,5.75,5.875,0.125,True,True,google/gemma-2-9b-it,11c9b309abf73637e4b6f9a3fa1e92e615547819
12,discovery,3,44,4,17,number_tokens,9.0625,5.75,7.0,1.25,True,True,google/gemma-2-9b-it,11c9b309abf73637e4b6f9a3fa1e92e615547819
12,discovery,3,44,4,17,random_positions,9.0625,5.75,5.75,0.0,True,True,google/gemma-2-9b-it,11c9b309abf73637e4b6f9a3fa1e92e615547819
12,discovery,3,44,4,18,answer_position,9.0625,5.75,5.875,0.125,True,True,google/gemma-2-9b-it,11c9b309abf73637e4b6f9a3fa1e92e615547819
12,discovery,3,44,4,18,number_tokens,9.0625,5.75,6.375,0.625,True,True,google/gemma-2-9b-it,11c9b309abf73637e4b6f9a3fa1e92e615547819
12,discovery,3,44,4,18,random_positions,9.0625,5.75,6.0,0.25,True,True,google/gemma-2-9b-it,11c9b309abf73637e4b6f9a3fa1e92e615547819
12,discovery,3,44,4,19,answer_position,9.0625,5.75,5.875,0.125,True,True,google/gemma-2-9b-it,11c9b309abf73637e4b6f9a3fa1e92e615547819
12,discovery,3,44,4,19,number_tokens,9.0625,5.75,7.5,1.75,True,True,google/gemma-2-9b-it,11c9b309abf73637e4b6f9a3fa1e92e615547819
12,discovery,3,44,4,19,random_positions,9.0625,5.75,5.875,0.125,True,True,google/gemma-2-9b-it,11c9b309abf73637e4b6f9a3fa1e92e615547819
12,discovery,3,44,4,20,answer_position,9.0625,5.75,6.25,0.5,True,True,google/gemma-2-9b-it,11c9b309abf73637e4b6f9a3fa1e92e615547819
12,discovery,3,44,4,20,number_tokens,9.0625,5.75,6.5,0.75,True,True,google/gemma-2-9b-it,11c9b309abf73637e4b6f9a3fa1e92e615547819
12,discovery,3,44,4,20,random_positions,9.0625,5.75,5.875,0.125,True,True,google/gemma-2-9b-it,11c9b309abf73637e4b6f9a3fa1e92e615547819
12,discovery,3,44,4,21,answer_position,9.0625,5.75,6.5625,0.8125,True,True,google/gemma-2-9b-it,11c9b309abf73637e4b6f9a3fa1e92e615547819
12,discovery,3,44,4,21,number_tokens,9.0625,5.75,6.25,0.5,True,True,google/gemma-2-9b-it,11c9b309abf73637e4b6f9a3fa1e92e615547819
12,discovery,3,44,4,21,random_positions,9.0625,5.75,5.875,0.125,True,True,google/gemma-2-9b-it,11c9b309abf73637e4b6f9a3fa1e92e615547819
12,discovery,3,44,4,22,answer_position,9.0625,5.75,7.25,1.5,True,True,google/gemma-2-9b-it,11c9b309abf73637e4b6f9a3fa1e92e615547819
12,discovery,3,44,4,22,number_tokens,9.0625,5.75,6.25,0.5,True,True,google/gemma-2-9b-it,11c9b309abf73637e4b6f9a3fa1e92e615547819
12,discovery,3,44,4,22,random_positions,9.0625,5.75,5.875,0.125,True,True,google/gemma-2-9b-it,11c9b309abf73637e4b6f9a3fa1e92e615547819
12,discovery,3,44,4,23,answer_position,9.0625,5.75,8.0,2.25,True,True,google/gemma-2-9b-it,11c9b309abf73637e4b6f9a3fa1e92e615547819
12,discovery,3,44,4,23,number_tokens,9.0625,5.75,5.75,0.0,True,True,google/gemma-2-9b-it,11c9b309abf73637e4b6f9a3fa1e92e615547819
12,discovery,3,44,4,23,random_positions,9.0625,5.75,5.875,0.125,True,True,google/gemma-2-9b-it,11c9b309abf73637e4b6f9a3fa1e92e615547819
12,discovery,3,44,4,24,answer_position,9.0625,5.75,8.0625,2.3125,True,True,google/gemma-2-9b-it,11c9b309abf73637e4b6f9a3fa1e92e615547819
12,discovery,3,44,4,24,number_tokens,9.0625,5.75,5.625,-0.125,True,True,google/gemma-2-9b-it,11c9b309abf73637e4b6f9a3fa1e92e615547819
12,discovery,3,44,4,24,random_positions,9.0625,5.75,5.75,0.0,True,True,google/gemma-2-9b-it,11c9b309abf73637e4b6f9a3fa1e92e615547819
12,discovery,3,44,4,25,answer_position,9.0625,5.75,8.375,2.625,True,True,google/gemma-2-9b-it,11c9b309abf73637e4b6f9a3fa1e92e615547819
12,discovery,3,44,4,25,number_tokens,9.0625,5.75,5.75,0.0,True,True,google/gemma-2-9b-it,11c9b309abf73637e4b6f9a3fa1e92e615547819
12,discovery,3,44,4,25,random_positions,9.0625,5.75,5.75,0.0,True,True,google/gemma-2-9b-it,11c9b309abf73637e4b6f9a3fa1e92e615547819
12,discovery,3,44,4,26,answer_position,9.0625,5.75,8.625,2.875,True,True,google/gemma-2-9b-it,11c9b309abf73637e4b6f9a3fa1e92e615547819
12,discovery,3,44,4,26,number_tokens,9.0625,5.75,5.75,0.0,True,True,google/gemma-2-9b-it,11c9b309abf73637e4b6f9a3fa1e92e615547819
12,discovery,3,44,4,26,random_positions,9.0625,5.75,5.75,0.0,True,True,google/gemma-2-9b-it,11c9b309abf73637e4b6f9a3fa1e92e615547819
12,discovery,3,44,4,27,answer_position,9.0625,5.75,8.5625,2.8125,True,True,google/gemma-2-9b-it,11c9b309abf73637e4b6f9a3fa1e92e615547819
12,discovery,3,44,4,27,number_tokens,9.0625,5.75,5.625,-0.125,True,True,google/gemma-2-9b-it,11c9b309abf73637e4b6f9a3fa1e92e615547819
12,discovery,3,44,4,27,random_positions,9.0625,5.75,5.75,0.0,True,True,google/gemma-2-9b-it,11c9b309abf73637e4b6f9a3fa1e92e615547819
12,discovery,3,44,4,28,answer_position,9.0625,5.75,8.4375,2.6875,True,True,google/gemma-2-9b-it,11c9b309abf73637e4b6f9a3fa1e92e615547819
12,discovery,3,44,4,28,number_tokens,9.0625,5.75,5.875,0.125,True,True,google/gemma-2-9b-it,11c9b309abf73637e4b6f9a3fa1e92e615547819
12,discovery,3,44,4,28,random_positions,9.0625,5.75,5.75,0.0,True,True,google/gemma-2-9b-it,11c9b309abf73637e4b6f9a3fa1e92e615547819
12,discovery,3,44,4,29,answer_position,9.0625,5.75,8.4375,2.6875,True,True,google/gemma-2-9b-it,11c9b309abf73637e4b6f9a3fa1e92e615547819
12,discovery,3,44,4,29,number_tokens,9.0625,5.75,5.75,0.0,True,True,google/gemma-2-9b-it,11c9b309abf73637e4b6f9a3fa1e92e615547819
12,discovery,3,44,4,29,random_positions,9.0625,5.75,5.75,0.0,True,True,google/gemma-2-9b-it,11c9b309abf73637e4b6f9a3fa1e92e615547819
12,discovery,3,44,4,30,answer_position,9.0625,5.75,8.625,2.875,True,True,google/gemma-2-9b-it,11c9b309abf73637e4b6f9a3fa1e92e615547819
12,discovery,3,44,4,30,number_tokens,9.0625,5.75,5.75,0.0,True,True,google/gemma-2-9b-it,11c9b309abf73637e4b6f9a3fa1e92e615547819
12,discovery,3,44,4,30,random_positions,9.0625,5.75,5.75,0.0,True,True,google/gemma-2-9b-it,11c9b309abf73637e4b6f9a3fa1e92e615547819
12,discovery,3,44,4,31,answer_position,9.0625,5.75,8.625,2.875,True,True,google/gemma-2-9b-it,11c9b309abf73637e4b6f9a3fa1e92e615547819
12,discovery,3,44,4,31,number_tokens,9.0625,5.75,5.75,0.0,True,True,google/gemma-2-9b-it,11c9b309abf73637e4b6f9a3fa1e92e615547819
12,discovery,3,44,4,31,random_positions,9.0625,5.75,5.75,0.0,True,True,google/gemma-2-9b-it,11c9b309abf73637e4b6f9a3fa1e92e615547819
12,discovery,3,44,4,32,answer_position,9.0625,5.75,8.625,2.875,True,True,google/gemma-2-9b-it,11c9b309abf73637e4b6f9a3fa1e92e615547819
12,discovery,3,44,4,32,number_tokens,9.0625,5.75,5.75,0.0,True,True,google/gemma-2-9b-it,11c9b309abf73637e4b6f9a3fa1e92e615547819
12,discovery,3,44,4,32,random_positions,9.0625,5.75,5.75,0.0,True,True,google/gemma-2-9b-it,11c9b309abf73637e4b6f9a3fa1e92e615547819
12,discovery,3,44,4,33,answer_position,9.0625,5.75,8.6875,2.9375,True,True,google/gemma-2-9b-it,11c9b309abf73637e4b6f9a3fa1e92e615547819
12,discovery,3,44,4,33,number_tokens,9.0625,5.75,5.75,0.0,True,True,google/gemma-2-9b-it,11c9b309abf73637e4b6f9a3fa1e92e615547819
12,discovery,3,44,4,33,random_positions,9.0625,5.75,5.875,0.125,True,True,google/gemma-2-9b-it,11c9b309abf73637e4b6f9a3fa1e92e615547819
12,discovery,3,44,4,34,answer_position,9.0625,5.75,8.8125,3.0625,True,True,google/gemma-2-9b-it,11c9b309abf73637e4b6f9a3fa1e92e615547819
12,discovery,3,44,4,34,number_tokens,9.0625,5.75,5.875,0.125,True,True,google/gemma-2-9b-it,11c9b309abf73637e4b6f9a3fa1e92e615547819
12,discovery,3,44,4,34,random_positions,9.0625,5.75,5.75,0.0,True,True,google/gemma-2-9b-it,11c9b309abf73637e4b6f9a3fa1e92e615547819
12,discovery,3,44,4,35,answer_position,9.0625,5.75,8.8125,3.0625,True,True,google/gemma-2-9b-it,11c9b309abf73637e4b6f9a3fa1e92e615547819
12,discovery,3,44,4,35,number_tokens,9.0625,5.75,5.875,0.125,True,True,google/gemma-2-9b-it,11c9b309abf73637e4b6f9a3fa1e92e615547819
12,discovery,3,44,4,35,random_positions,9.0625,5.75,5.75,0.0,True,True,google/gemma-2-9b-it,11c9b309abf73637e4b6f9a3fa1e92e615547819
12,discovery,3,44,4,36,answer_position,9.0625,5.75,8.6875,2.9375,True,True,google/gemma-2-9b-it,11c9b309abf73637e4b6f9a3fa1e92e615547819
12,discovery,3,44,4,36,number_tokens,9.0625,5.75,5.875,0.125,True,True,google/gemma-2-9b-it,11c9b309abf73637e4b6f9a3fa1e92e615547819
12,discovery,3,44,4,36,random_positions,9.0625,5.75,5.75,0.0,True,True,google/gemma-2-9b-it,11c9b309abf73637e4b6f9a3fa1e92e615547819
12,discovery,3,44,4,37,answer_position,9.0625,5.75,8.6875,2.9375,True,True,google/gemma-2-9b-it,11c9b309abf73637e4b6f9a3fa1e92e615547819
12,discovery,3,44,4,37,number_tokens,9.0625,5.75,5.75,0.0,True,True,google/gemma-2-9b-it,11c9b309abf73637e4b6f9a3fa1e92e615547819
12,discovery,3,44,4,37,random_positions,9.0625,5.75,5.75,0.0,True,True,google/gemma-2-9b-it,11c9b309abf73637e4b6f9a3fa1e92e615547819
12,discovery,3,44,4,38,answer_position,9.0625,5.75,8.8125,3.0625,True,True,google/gemma-2-9b-it,11c9b309abf73637e4b6f9a3fa1e92e615547819
12,discovery,3,44,4,38,number_tokens,9.0625,5.75,5.75,0.0,True,True,google/gemma-2-9b-it,11c9b309abf73637e4b6f9a3fa1e92e615547819
12,discovery,3,44,4,38,random_positions,9.0625,5.75,5.75,0.0,True,True,google/gemma-2-9b-it,11c9b309abf73637e4b6f9a3fa1e92e615547819
12,discovery,3,44,4,39,answer_position,9.0625,5.75,9.0,3.25,True,True,google/gemma-2-9b-it,11c9b309abf73637e4b6f9a3fa1e92e615547819
12,discovery,3,44,4,39,number_tokens,9.0625,5.75,5.75,0.0,True,True,google/gemma-2-9b-it,11c9b309abf73637e4b6f9a3fa1e92e615547819
12,discovery,3,44,4,39,random_positions,9.0625,5.75,5.875,0.125,True,True,google/gemma-2-9b-it,11c9b309abf73637e4b6f9a3fa1e92e615547819
12,discovery,3,44,4,40,answer_position,9.0625,5.75,9.0625,3.3125,True,True,google/gemma-2-9b-it,11c9b309abf73637e4b6f9a3fa1e92e615547819
12,discovery,3,44,4,40,number_tokens,9.0625,5.75,5.75,0.0,True,True,google/gemma-2-9b-it,11c9b309abf73637e4b6f9a3fa1e92e615547819
12,discovery,3,44,4,40,random_positions,9.0625,5.75,5.75,0.0,True,True,google/gemma-2-9b-it,11c9b309abf73637e4b6f9a3fa1e92e615547819
12,discovery,3,44,4,41,answer_position,9.0625,5.75,9.0625,3.3125,True,True,google/gemma-2-9b-it,11c9b309abf73637e4b6f9a3fa1e92e615547819
12,discovery,3,44,4,41,number_tokens,9.0625,5.75,5.75,0.0,True,True,google/gemma-2-9b-it,11c9b309abf73637e4b6f9a3fa1e92e615547819
12,discovery,3,44,4,41,random_positions,9.0625,5.75,5.75,0.0,True,True,google/gemma-2-9b-it,11c9b309abf73637e4b6f9a3fa1e92e615547819
13,discovery,3,45,2,0,answer_position,9.0625,0.375,0.5,0.125,True,True,google/gemma-2-9b-it,11c9b309abf73637e4b6f9a3fa1e92e615547819
13,discovery,3,45,2,0,number_tokens,9.0625,0.375,0.5,0.125,True,True,google/gemma-2-9b-it,11c9b309abf73637e4b6f9a3fa1e92e615547819
13,discovery,3,45,2,0,random_positions,9.0625,0.375,-1.25,-1.625,True,False,google/gemma-2-9b-it,11c9b309abf73637e4b6f9a3fa1e92e615547819
13,discovery,3,45,2,1,answer_position,9.0625,0.375,0.75,0.375,True,True,google/gemma-2-9b-it,11c9b309abf73637e4b6f9a3fa1e92e615547819
13,discovery,3,45,2,1,number_tokens,9.0625,0.375,1.375,1.0,True,True,google/gemma-2-9b-it,11c9b309abf73637e4b6f9a3fa1e92e615547819
13,discovery,3,45,2,1,random_positions,9.0625,0.375,-1.625,-2.0,True,False,google/gemma-2-9b-it,11c9b309abf73637e4b6f9a3fa1e92e615547819
13,discovery,3,45,2,2,answer_position,9.0625,0.375,0.25,-0.125,True,True,google/gemma-2-9b-it,11c9b309abf73637e4b6f9a3fa1e92e615547819
13,discovery,3,45,2,2,number_tokens,9.0625,0.375,1.875,1.5,True,True,google/gemma-2-9b-it,11c9b309abf73637e4b6f9a3fa1e92e615547819
13,discovery,3,45,2,2,random_positions,9.0625,0.375,-2.0,-2.375,True,False,google/gemma-2-9b-it,11c9b309abf73637e4b6f9a3fa1e92e615547819
13,discovery,3,45,2,3,answer_position,9.0625,0.375,0.625,0.25,True,True,google/gemma-2-9b-it,11c9b309abf73637e4b6f9a3fa1e92e615547819
13,discovery,3,45,2,3,number_tokens,9.0625,0.375,1.5,1.125,True,True,google/gemma-2-9b-it,11c9b309abf73637e4b6f9a3fa1e92e615547819
13,discovery,3,45,2,3,random_positions,9.0625,0.375,1.5,1.125,True,True,google/gemma-2-9b-it,11c9b309abf73637e4b6f9a3fa1e92e615547819
13,discovery,3,45,2,4,answer_position,9.0625,0.375,0.5,0.125,True,True,google/gemma-2-9b-it,11c9b309abf73637e4b6f9a3fa1e92e615547819
13,discovery,3,45,2,4,number_tokens,9.0625,0.375,1.125,0.75,True,True,google/gemma-2-9b-it,11c9b309abf73637e4b6f9a3fa1e92e615547819
13,discovery,3,45,2,4,random_positions,9.0625,0.375,1.5,1.125,True,True,google/gemma-2-9b-it,11c9b309abf73637e4b6f9a3fa1e92e615547819
13,discovery,3,45,2,5,answer_position,9.0625,0.375,0.5,0.125,True,True,google/gemma-2-9b-it,11c9b309abf73637e4b6f9a3fa1e92e615547819
13,discovery,3,45,2,5,number_tokens,9.0625,0.375,5.0,4.625,True,True,google/gemma-2-9b-it,11c9b309abf73637e4b6f9a3fa1e92e615547819
13,discovery,3,45,2,5,random_positions,9.0625,0.375,1.25,0.875,True,True,google/gemma-2-9b-it,11c9b309abf73637e4b6f9a3fa1e92e615547819
13,discovery,3,45,2,6,answer_position,9.0625,0.375,0.5,0.125,True,True,google/gemma-2-9b-it,11c9b309abf73637e4b6f9a3fa1e92e615547819
13,discovery,3,45,2,6,number_tokens,9.0625,0.375,6.125,5.75,True,True,google/gemma-2-9b-it,11c9b309abf73637e4b6f9a3fa1e92e615547819
13,discovery,3,45,2,6,random_positions,9.0625,0.375,2.25,1.875,True,True,google/gemma-2-9b-it,11c9b309abf73637e4b6f9a3fa1e92e615547819
13,discovery,3,45,2,7,answer_position,9.0625,0.375,0.25,-0.125,True,True,google/gemma-2-9b-it,11c9b309abf73637e4b6f9a3fa1e92e615547819
13,discovery,3,45,2,7,number_tokens,9.0625,0.375,7.625,7.25,True,True,google/gemma-2-9b-it,11c9b309abf73637e4b6f9a3fa1e92e615547819
13,discovery,3,45,2,7,random_positions,9.0625,0.375,2.125,1.75,True,True,google/gemma-2-9b-it,11c9b309abf73637e4b6f9a3fa1e92e615547819
13,discovery,3,45,2,8,answer_position,9.0625,0.375,0.25,-0.125,True,True,google/gemma-2-9b-it,11c9b309abf73637e4b6f9a3fa1e92e615547819
13,discovery,3,45,2,8,number_tokens,9.0625,0.375,7.625,7.25,True,True,google/gemma-2-9b-it,11c9b309abf73637e4b6f9a3fa1e92e615547819
13,discovery,3,45,2,8,random_positions,9.0625,0.375,2.125,1.75,True,True,google/gemma-2-9b-it,11c9b309abf73637e4b6f9a3fa1e92e615547819
13,discovery,3,45,2,9,answer_position,9.0625,0.375,0.25,-0.125,True,True,google/gemma-2-9b-it,11c9b309abf73637e4b6f9a3fa1e92e615547819
13,discovery,3,45,2,9,number_tokens,9.0625,0.375,7.75,7.375,True,True,google/gemma-2-9b-it,11c9b309abf73637e4b6f9a3fa1e92e615547819
13,discovery,3,45,2,9,random_positions,9.0625,0.375,2.25,1.875,True,True,google/gemma-2-9b-it,11c9b309abf73637e4b6f9a3fa1e92e615547819
13,discovery,3,45,2,10,answer_position,9.0625,0.375,0.5,0.125,True,True,google/gemma-2-9b-it,11c9b309abf73637e4b6f9a3fa1e92e615547819
13,discovery,3,45,2,10,number_tokens,9.0625,0.375,7.75,7.375,True,True,google/gemma-2-9b-it,11c9b309abf73637e4b6f9a3fa1e92e615547819
13,discovery,3,45,2,10,random_positions,9.0625,0.375,2.375,2.0,True,True,google/gemma-2-9b-it,11c9b309abf73637e4b6f9a3fa1e92e615547819
13,discovery,3,45,2,11,answer_position,9.0625,0.375,1.0,0.625,True,True,google/gemma-2-9b-it,11c9b309abf73637e4b6f9a3fa1e92e615547819
13,discovery,3,45,2,11,number_tokens,9.0625,0.375,5.75,5.375,True,True,google/gemma-2-9b-it,11c9b309abf73637e4b6f9a3fa1e92e615547819
13,discovery,3,45,2,11,random_positions,9.0625,0.375,1.25,0.875,True,True,google/gemma-2-9b-it,11c9b309abf73637e4b6f9a3fa1e92e615547819
13,discovery,3,45,2,12,answer_position,9.0625,0.375,0.5,0.125,True,True,google/gemma-2-9b-it,11c9b309abf73637e4b6f9a3fa1e92e615547819
13,discovery,3,45,2,12,number_tokens,9.0625,0.375,-3.25,-3.625,True,False,google/gemma-2-9b-it,11c9b309abf73637e4b6f9a3fa1e92e615547819
13,discovery,3,45,2,12,random_positions,9.0625,0.375,1.125,0.75,True,True,google/gemma-2-9b-it,11c9b309abf73637e4b6f9a3fa1e92e615547819
13,discovery,3,45,2,13,answer_position,9.0625,0.375,0.5,0.125,True,True,google/gemma-2-9b-it,11c9b309abf73637e4b6f9a3fa1e92e615547819
13,discovery,3,45,2,13,number_tokens,9.0625,0.375,-4.375,-4.75,True,False,google/gemma-2-9b-it,11c9b309abf73637e4b6f9a3fa1e92e615547819
13,discovery,3,45,2,13,random_positions,9.0625,0.375,1.25,0.875,True,True,google/gemma-2-9b-it,11c9b309abf73637e4b6f9a3fa1e92e615547819
13,discovery,3,45,2,14,answer_position,9.0625,0.375,0.125,-0.25,True,True,google/gemma-2-9b-it,11c9b309abf73637e4b6f9a3fa1e92e615547819
13,discovery,3,45,2,14,number_tokens,9.0625,0.375,-2.5,-2.875,True,False,google/gemma-2-9b-it,11c9b309abf73637e4b6f9a3fa1e92e615547819
13,discovery,3,45,2,14,random_positions,9.0625,0.375,1.0,0.625,True,True,google/gemma-2-9b-it,11c9b309abf73637e4b6f9a3fa1e92e615547819
13,discovery,3,45,2,15,answer_position,9.0625,0.375,0.25,-0.125,True,True,google/gemma-2-9b-it,11c9b309abf73637e4b6f9a3fa1e92e615547819
13,discovery,3,45,2,15,number_tokens,9.0625,0.375,3.875,3.5,True,True,google/gemma-2-9b-it,11c9b309abf73637e4b6f9a3fa1e92e615547819
13,discovery,3,45,2,15,random_positions,9.0625,0.375,1.375,1.0,True,True,google/gemma-2-9b-it,11c9b309abf73637e4b6f9a3fa1e92e615547819
13,discovery,3,45,2,16,answer_position,9.0625,0.375,0.5,0.125,True,True,google/gemma-2-9b-it,11c9b309abf73637e4b6f9a3fa1e92e615547819
13,discovery,3,45,2,16,number_tokens,9.0625,0.375,5.625,5.25,True,True,google/gemma-2-9b-it,11c9b309abf73637e4b6f9a3fa1e92e615547819
13,discovery,3,45,2,16,random_positions,9.0625,0.375,1.125,0.75,True,True,google/gemma-2-9b-it,11c9b309abf73637e4b6f9a3fa1e92e615547819
13,discovery,3,45,2,17,answer_position,9.0625,0.375,0.75,0.375,True,True,google/gemma-2-9b-it,11c9b309abf73637e4b6f9a3fa1e92e615547819
13,discovery,3,45,2,17,number_tokens,9.0625,0.375,5.75,5.375,True,True,google/gemma-2-9b-it,11c9b309abf73637e4b6f9a3fa1e92e615547819
13,discovery,3,45,2,17,random_positions,9.0625,0.375,0.125,-0.25,True,True,google/gemma-2-9b-it,11c9b309abf73637e4b6f9a3fa1e92e615547819
13,discovery,3,45,2,18,answer_position,9.0625,0.375,0.5,0.125,True,True,google/gemma-2-9b-it,11c9b309abf73637e4b6f9a3fa1e92e615547819
13,discovery,3,45,2,18,number_tokens,9.0625,0.375,4.25,3.875,True,True,google/gemma-2-9b-it,11c9b309abf73637e4b6f9a3fa1e92e615547819
13,discovery,3,45,2,18,random_positions,9.0625,0.375,0.625,0.25,True,True,google/gemma-2-9b-it,11c9b309abf73637e4b6f9a3fa1e92e615547819
13,discovery,3,45,2,19,answer_position,9.0625,0.375,0.5,0.125,True,True,google/gemma-2-9b-it,11c9b309abf73637e4b6f9a3fa1e92e615547819
13,discovery,3,45,2,19,number_tokens,9.0625,0.375,5.5,5.125,True,True,google/gemma-2-9b-it,11c9b309abf73637e4b6f9a3fa1e92e615547819
13,discovery,3,45,2,19,random_positions,9.0625,0.375,1.25,0.875,True,True,google/gemma-2-9b-it,11c9b309abf73637e4b6f9a3fa1e92e615547819
13,discovery,3,45,2,20,answer_position,9.0625,0.375,1.875,1.5,True,True,google/gemma-2-9b-it,11c9b309abf73637e4b6f9a3fa1e92e615547819
13,discovery,3,45,2,20,number_tokens,9.0625,0.375,4.0,3.625,True,True,google/gemma-2-9b-it,11c9b309abf73637e4b6f9a3fa1e92e615547819
13,discovery,3,45,2,20,random_positions,9.0625,0.375,2.125,1.75,True,True,google/gemma-2-9b-it,11c9b309abf73637e4b6f9a3fa1e92e615547819
13,discovery,3,45,2,21,answer_position,9.0625,0.375,3.875,3.5,True,True,google/gemma-2-9b-it,11c9b309abf73637e4b6f9a3fa1e92e615547819
13,discovery,3,45,2,21,number_tokens,9.0625,0.375,2.5,2.125,True,True,google/gemma-2-9b-it,11c9b309abf73637e4b6f9a3fa1e92e615547819
13,discovery,3,45,2,21,random_positions,9.0625,0.375,2.375,2.0,True,True,google/gemma-2-9b-it,11c9b309abf73637e4b6f9a3fa1e92e615547819
13,discovery,3,45,2,22,answer_position,9.0625,0.375,5.375,5.0,True,True,google/gemma-2-9b-it,11c9b309abf73637e4b6f9a3fa1e92e615547819
13,discovery,3,45,2,22,number_tokens,9.0625,0.375,2.625,2.25,True,True,google/gemma-2-9b-it,11c9b309abf73637e4b6f9a3fa1e92e615547819
13,discovery,3,45,2,22,random_positions,9.0625,0.375,2.75,2.375,True,True,google/gemma-2-9b-it,11c9b309abf73637e4b6f9a3fa1e92e615547819
13,discovery,3,45,2,23,answer_position,9.0625,0.375,6.5625,6.1875,True,True,google/gemma-2-9b-it,11c9b309abf73637e4b6f9a3fa1e92e615547819
13,discovery,3,45,2,23,number_tokens,9.0625,0.375,0.25,-0.125,True,True,google/gemma-2-9b-it,11c9b309abf73637e4b6f9a3fa1e92e615547819
13,discovery,3,45,2,23,random_positions,9.0625,0.375,3.75,3.375,True,True,google/gemma-2-9b-it,11c9b309abf73637e4b6f9a3fa1e92e615547819
13,discovery,3,45,2,24,answer_position,9.0625,0.375,6.875,6.5,True,True,google/gemma-2-9b-it,11c9b309abf73637e4b6f9a3fa1e92e615547819
13,discovery,3,45,2,24,number_tokens,9.0625,0.375,0.125,-0.25,True,True,google/gemma-2-9b-it,11c9b309abf73637e4b6f9a3fa1e92e615547819
13,discovery,3,45,2,24,random_positions,9.0625,0.375,3.0,2.625,True,True,google/gemma-2-9b-it,11c9b309abf73637e4b6f9a3fa1e92e615547819
13,discovery,3,45,2,25,answer_position,9.0625,0.375,7.625,7.25,True,True,google/gemma-2-9b-it,11c9b309abf73637e4b6f9a3fa1e92e615547819
13,discovery,3,45,2,25,number_tokens,9.0625,0.375,0.125,-0.25,True,True,google/gemma-2-9b-it,11c9b309abf73637e4b6f9a3fa1e92e615547819
13,discovery,3,45,2,25,random_positions,9.0625,0.375,2.125,1.75,True,True,google/gemma-2-9b-it,11c9b309abf73637e4b6f9a3fa1e92e615547819
13,discovery,3,45,2,26,answer_position,9.0625,0.375,8.0,7.625,True,True,google/gemma-2-9b-it,11c9b309abf73637e4b6f9a3fa1e92e615547819
13,discovery,3,45,2,26,number_tokens,9.0625,0.375,-0.125,-0.5,True,False,google/gemma-2-9b-it,11c9b309abf73637e4b6f9a3fa1e92e615547819
13,discovery,3,45,2,26,random_positions,9.0625,0.375,1.5,1.125,True,True,google/gemma-2-9b-it,11c9b309abf73637e4b6f9a3fa1e92e615547819
13,discovery,3,45,2,27,answer_position,9.0625,0.375,8.0,7.625,True,True,google/gemma-2-9b-it,11c9b309abf73637e4b6f9a3fa1e92e615547819
13,discovery,3,45,2,27,number_tokens,9.0625,0.375,0.0,-0.375,True,False,google/gemma-2-9b-it,11c9b309abf73637e4b6f9a3fa1e92e615547819
13,discovery,3,45,2,27,random_positions,9.0625,0.375,1.625,1.25,True,True,google/gemma-2-9b-it,11c9b309abf73637e4b6f9a3fa1e92e615547819
13,discovery,3,45,2,28,answer_position,9.0625,0.375,8.0,7.625,True,True,google/gemma-2-9b-it,11c9b309abf73637e4b6f9a3fa1e92e615547819
13,discovery,3,45,2,28,number_tokens,9.0625,0.375,0.25,-0.125,True,True,google/gemma-2-9b-it,11c9b309abf73637e4b6f9a3fa1e92e615547819
13,discovery,3,45,2,28,random_positions,9.0625,0.375,0.5,0.125,True,True,google/gemma-2-9b-it,11c9b309abf73637e4b6f9a3fa1e92e615547819
13,discovery,3,45,2,29,answer_position,9.0625,0.375,8.0,7.625,True,True,google/gemma-2-9b-it,11c9b309abf73637e4b6f9a3fa1e92e615547819
13,discovery,3,45,2,29,number_tokens,9.0625,0.375,0.375,0.0,True,True,google/gemma-2-9b-it,11c9b309abf73637e4b6f9a3fa1e92e615547819
13,discovery,3,45,2,29,random_positions,9.0625,0.375,0.5,0.125,True,True,google/gemma-2-9b-it,11c9b309abf73637e4b6f9a3fa1e92e615547819
13,discovery,3,45,2,30,answer_position,9.0625,0.375,8.125,7.75,True,True,google/gemma-2-9b-it,11c9b309abf73637e4b6f9a3fa1e92e615547819
13,discovery,3,45,2,30,number_tokens,9.0625,0.375,0.25,-0.125,True,True,google/gemma-2-9b-it,11c9b309abf73637e4b6f9a3fa1e92e615547819
13,discovery,3,45,2,30,random_positions,9.0625,0.375,0.375,0.0,True,True,google/gemma-2-9b-it,11c9b309abf73637e4b6f9a3fa1e92e615547819
13,discovery,3,45,2,31,answer_position,9.0625,0.375,8.125,7.75,True,True,google/gemma-2-9b-it,11c9b309abf73637e4b6f9a3fa1e92e615547819
13,discovery,3,45,2,31,number_tokens,9.0625,0.375,0.375,0.0,True,True,google/gemma-2-9b-it,11c9b309abf73637e4b6f9a3fa1e92e615547819
13,discovery,3,45,2,31,random_positions,9.0625,0.375,0.375,0.0,True,True,google/gemma-2-9b-it,11c9b309abf73637e4b6f9a3fa1e92e615547819
13,discovery,3,45,2,32,answer_position,9.0625,0.375,8.1875,7.8125,True,True,google/gemma-2-9b-it,11c9b309abf73637e4b6f9a3fa1e92e615547819
13,discovery,3,45,2,32,number_tokens,9.0625,0.375,0.375,0.0,True,True,google/gemma-2-9b-it,11c9b309abf73637e4b6f9a3fa1e92e615547819
13,discovery,3,45,2,32,random_positions,9.0625,0.375,0.375,0.0,True,True,google/gemma-2-9b-it,11c9b309abf73637e4b6f9a3fa1e92e615547819
13,discovery,3,45,2,33,answer_position,9.0625,0.375,8.1875,7.8125,True,True,google/gemma-2-9b-it,11c9b309abf73637e4b6f9a3fa1e92e615547819
13,discovery,3,45,2,33,number_tokens,9.0625,0.375,0.375,0.0,True,True,google/gemma-2-9b-it,11c9b309abf73637e4b6f9a3fa1e92e615547819
13,discovery,3,45,2,33,random_positions,9.0625,0.375,0.375,0.0,True,True,google/gemma-2-9b-it,11c9b309abf73637e4b6f9a3fa1e92e615547819
13,discovery,3,45,2,34,answer_position,9.0625,0.375,8.3125,7.9375,True,True,google/gemma-2-9b-it,11c9b309abf73637e4b6f9a3fa1e92e615547819
13,discovery,3,45,2,34,number_tokens,9.0625,0.375,0.375,0.0,True,True,google/gemma-2-9b-it,11c9b309abf73637e4b6f9a3fa1e92e615547819
13,discovery,3,45,2,34,random_positions,9.0625,0.375,0.375,0.0,True,True,google/gemma-2-9b-it,11c9b309abf73637e4b6f9a3fa1e92e615547819
13,discovery,3,45,2,35,answer_position,9.0625,0.375,8.3125,7.9375,True,True,google/gemma-2-9b-it,11c9b309abf73637e4b6f9a3fa1e92e615547819
13,discovery,3,45,2,35,number_tokens,9.0625,0.375,0.375,0.0,True,True,google/gemma-2-9b-it,11c9b309abf73637e4b6f9a3fa1e92e615547819
13,discovery,3,45,2,35,random_positions,9.0625,0.375,0.375,0.0,True,True,google/gemma-2-9b-it,11c9b309abf73637e4b6f9a3fa1e92e615547819
13,discovery,3,45,2,36,answer_position,9.0625,0.375,8.3125,7.9375,True,True,google/gemma-2-9b-it,11c9b309abf73637e4b6f9a3fa1e92e615547819
13,discovery,3,45,2,36,number_tokens,9.0625,0.375,0.375,0.0,True,True,google/gemma-2-9b-it,11c9b309abf73637e4b6f9a3fa1e92e615547819
13,discovery,3,45,2,36,random_positions,9.0625,0.375,0.375,0.0,True,True,google/gemma-2-9b-it,11c9b309abf73637e4b6f9a3fa1e92e615547819
13,discovery,3,45,2,37,answer_position,9.0625,0.375,8.3125,7.9375,True,True,google/gemma-2-9b-it,11c9b309abf73637e4b6f9a3fa1e92e615547819
13,discovery,3,45,2,37,number_tokens,9.0625,0.375,0.375,0.0,True,True,google/gemma-2-9b-it,11c9b309abf73637e4b6f9a3fa1e92e615547819
13,discovery,3,45,2,37,random_positions,9.0625,0.375,0.375,0.0,True,True,google/gemma-2-9b-it,11c9b309abf73637e4b6f9a3fa1e92e615547819
13,discovery,3,45,2,38,answer_position,9.0625,0.375,8.5625,8.1875,True,True,google/gemma-2-9b-it,11c9b309abf73637e4b6f9a3fa1e92e615547819
13,discovery,3,45,2,38,number_tokens,9.0625,0.375,0.375,0.0,True,True,google/gemma-2-9b-it,11c9b309abf73637e4b6f9a3fa1e92e615547819
13,discovery,3,45,2,38,random_positions,9.0625,0.375,0.375,0.0,True,True,google/gemma-2-9b-it,11c9b309abf73637e4b6f9a3fa1e92e615547819
13,discovery,3,45,2,39,answer_position,9.0625,0.375,8.6875,8.3125,True,True,google/gemma-2-9b-it,11c9b309abf73637e4b6f9a3fa1e92e615547819
13,discovery,3,45,2,39,number_tokens,9.0625,0.375,0.375,0.0,True,True,google/gemma-2-9b-it,11c9b309abf73637e4b6f9a3fa1e92e615547819
13,discovery,3,45,2,39,random_positions,9.0625,0.375,0.375,0.0,True,True,google/gemma-2-9b-it,11c9b309abf73637e4b6f9a3fa1e92e615547819
13,discovery,3,45,2,40,answer_position,9.0625,0.375,8.75,8.375,True,True,google/gemma-2-9b-it,11c9b309abf73637e4b6f9a3fa1e92e615547819
13,discovery,3,45,2,40,number_tokens,9.0625,0.375,0.375,0.0,True,True,google/gemma-2-9b-it,11c9b309abf73637e4b6f9a3fa1e92e615547819
13,discovery,3,45,2,40,random_positions,9.0625,0.375,0.375,0.0,True,True,google/gemma-2-9b-it,11c9b309abf73637e4b6f9a3fa1e92e615547819
13,discovery,3,45,2,41,answer_position,9.0625,0.375,9.0625,8.6875,True,True,google/gemma-2-9b-it,11c9b309abf73637e4b6f9a3fa1e92e615547819
13,discovery,3,45,2,41,number_tokens,9.0625,0.375,0.375,0.0,True,True,google/gemma-2-9b-it,11c9b309abf73637e4b6f9a3fa1e92e615547819
13,discovery,3,45,2,41,random_positions,9.0625,0.375,0.375,0.0,True,True,google/gemma-2-9b-it,11c9b309abf73637e4b6f9a3fa1e92e615547819
14,discovery,3,46,3,0,answer_position,9.1875,4.375,4.375,0.0,True,True,google/gemma-2-9b-it,11c9b309abf73637e4b6f9a3fa1e92e615547819
14,discovery,3,46,3,0,number_tokens,9.1875,4.375,4.75,0.375,True,True,google/gemma-2-9b-it,11c9b309abf73637e4b6f9a3fa1e92e615547819
14,discovery,3,46,3,0,random_positions,9.1875,4.375,3.875,-0.5,True,True,google/gemma-2-9b-it,11c9b309abf73637e4b6f9a3fa1e92e615547819
14,discovery,3,46,3,1,answer_position,9.1875,4.375,4.375,0.0,True,True,google/gemma-2-9b-it,11c9b309abf73637e4b6f9a3fa1e92e615547819
14,discovery,3,46,3,1,number_tokens,9.1875,4.375,5.0,0.625,True,True,google/gemma-2-9b-it,11c9b309abf73637e4b6f9a3fa1e92e615547819
14,discovery,3,46,3,1,random_positions,9.1875,4.375,4.125,-0.25,True,True,google/gemma-2-9b-it,11c9b309abf73637e4b6f9a3fa1e92e615547819
14,discovery,3,46,3,2,answer_position,9.1875,4.375,4.375,0.0,True,True,google/gemma-2-9b-it,11c9b309abf73637e4b6f9a3fa1e92e615547819
14,discovery,3,46,3,2,number_tokens,9.1875,4.375,5.375,1.0,True,True,google/gemma-2-9b-it,11c9b309abf73637e4b6f9a3fa1e92e615547819
14,discovery,3,46,3,2,random_positions,9.1875,4.375,0.875,-3.5,True,True,google/gemma-2-9b-it,11c9b309abf73637e4b6f9a3fa1e92e615547819
14,discovery,3,46,3,3,answer_position,9.1875,4.375,4.375,0.0,True,True,google/gemma-2-9b-it,11c9b309abf73637e4b6f9a3fa1e92e615547819
14,discovery,3,46,3,3,number_tokens,9.1875,4.375,6.0,1.625,True,True,google/gemma-2-9b-it,11c9b309abf73637e4b6f9a3fa1e92e615547819
14,discovery,3,46,3,3,random_positions,9.1875,4.375,3.75,-0.625,True,True,google/gemma-2-9b-it,11c9b309abf73637e4b6f9a3fa1e92e615547819
14,discovery,3,46,3,4,answer_position,9.1875,4.375,4.375,0.0,True,True,google/gemma-2-9b-it,11c9b309abf73637e4b6f9a3fa1e92e615547819
14,discovery,3,46,3,4,number_tokens,9.1875,4.375,6.125,1.75,True,True,google/gemma-2-9b-it,11c9b309abf73637e4b6f9a3fa1e92e615547819
14,discovery,3,46,3,4,random_positions,9.1875,4.375,3.5,-0.875,True,True,google/gemma-2-9b-it,11c9b309abf73637e4b6f9a3fa1e92e615547819
14,discovery,3,46,3,5,answer_position,9.1875,4.375,4.375,0.0,True,True,google/gemma-2-9b-it,11c9b309abf73637e4b6f9a3fa1e92e615547819
14,discovery,3,46,3,5,number_tokens,9.1875,4.375,5.75,1.375,True,True,google/gemma-2-9b-it,11c9b309abf73637e4b6f9a3fa1e92e615547819
14,discovery,3,46,3,5,random_positions,9.1875,4.375,3.875,-0.5,True,True,google/gemma-2-9b-it,11c9b309abf73637e4b6f9a3fa1e92e615547819
14,discovery,3,46,3,6,answer_position,9.1875,4.375,4.375,0.0,True,True,google/gemma-2-9b-it,11c9b309abf73637e4b6f9a3fa1e92e615547819
14,discovery,3,46,3,6,number_tokens,9.1875,4.375,5.5,1.125,True,True,google/gemma-2-9b-it,11c9b309abf73637e4b6f9a3fa1e92e615547819
14,discovery,3,46,3,6,random_positions,9.1875,4.375,4.25,-0.125,True,True,google/gemma-2-9b-it,11c9b309abf73637e4b6f9a3fa1e92e615547819
14,discovery,3,46,3,7,answer_position,9.1875,4.375,4.375,0.0,True,True,google/gemma-2-9b-it,11c9b309abf73637e4b6f9a3fa1e92e615547819
14,discovery,3,46,3,7,number_tokens,9.1875,4.375,6.8125,2.4375,True,True,google/gemma-2-9b-it,11c9b309abf73637e4b6f9a3fa1e92e615547819
14,discovery,3,46,3,7,random_positions,9.1875,4.375,4.25,-0.125,True,True,google/gemma-2-9b-it,11c9b309abf73637e4b6f9a3fa1e92e615547819
14,discovery,3,46,3,8,answer_position,9.1875,4.375,4.375,0.0,True,True,google/gemma-2-9b-it,11c9b309abf73637e4b6f9a3fa1e92e615547819
14,discovery,3,46,3,8,number_tokens,9.1875,4.375,6.625,2.25,True,True,google/gemma-2-9b-it,11c9b309abf73637e4b6f9a3fa1e92e615547819
14,discovery,3,46,3,8,random_positions,9.1875,4.375,4.375,0.0,True,True,google/gemma-2-9b-it,11c9b309abf73637e4b6f9a3fa1e92e615547819
14,discovery,3,46,3,9,answer_position,9.1875,4.375,4.375,0.0,True,True,google/gemma-2-9b-it,11c9b309abf73637e4b6f9a3fa1e92e615547819
14,discovery,3,46,3,9,number_tokens,9.1875,4.375,6.25,1.875,True,True,google/gemma-2-9b-it,11c9b309abf73637e4b6f9a3fa1e92e615547819
14,discovery,3,46,3,9,random_positions,9.1875,4.375,4.375,0.0,True,True,google/gemma-2-9b-it,11c9b309abf73637e4b6f9a3fa1e92e615547819
14,discovery,3,46,3,10,answer_position,9.1875,4.375,4.375,0.0,True,True,google/gemma-2-9b-it,11c9b309abf73637e4b6f9a3fa1e92e615547819
14,discovery,3,46,3,10,number_tokens,9.1875,4.375,6.5,2.125,True,True,google/gemma-2-9b-it,11c9b309abf73637e4b6f9a3fa1e92e615547819
14,discovery,3,46,3,10,random_positions,9.1875,4.375,4.375,0.0,True,True,google/gemma-2-9b-it,11c9b309abf73637e4b6f9a3fa1e92e615547819
14,discovery,3,46,3,11,answer_position,9.1875,4.375,4.375,0.0,True,True,google/gemma-2-9b-it,11c9b309abf73637e4b6f9a3fa1e92e615547819
14,discovery,3,46,3,11,number_tokens,9.1875,4.375,0.5,-3.875,True,True,google/gemma-2-9b-it,11c9b309abf73637e4b6f9a3fa1e92e615547819
14,discovery,3,46,3,11,random_positions,9.1875,4.375,4.5,0.125,True,True,google/gemma-2-9b-it,11c9b309abf73637e4b6f9a3fa1e92e615547819
14,discovery,3,46,3,12,answer_position,9.1875,4.375,4.25,-0.125,True,True,google/gemma-2-9b-it,11c9b309abf73637e4b6f9a3fa1e92e615547819
14,discovery,3,46,3,12,number_tokens,9.1875,4.375,-2.5,-6.875,True,False,google/gemma-2-9b-it,11c9b309abf73637e4b6f9a3fa1e92e615547819
14,discovery,3,46,3,12,random_positions,9.1875,4.375,4.375,0.0,True,True,google/gemma-2-9b-it,11c9b309abf73637e4b6f9a3fa1e92e615547819
14,discovery,3,46,3,13,answer_position,9.1875,4.375,4.375,0.0,True,True,google/gemma-2-9b-it,11c9b309abf73637e4b6f9a3fa1e92e615547819
14,discovery,3,46,3,13,number_tokens,9.1875,4.375,-3.0,-7.375,True,False,google/gemma-2-9b-it,11c9b309abf73637e4b6f9a3fa1e92e615547819
14,discovery,3,46,3,13,random_positions,9.1875,4.375,4.375,0.0,True,True,google/gemma-2-9b-it,11c9b309abf73637e4b6f9a3fa1e92e615547819
14,discovery,3,46,3,14,answer_position,9.1875,4.375,4.375,0.0,True,True,google/gemma-2-9b-it,11c9b309abf73637e4b6f9a3fa1e92e615547819
14,discovery,3,46,3,14,number_tokens,9.1875,4.375,-0.75,-5.125,True,False,google/gemma-2-9b-it,11c9b309abf73637e4b6f9a3fa1e92e615547819
14,discovery,3,46,3,14,random_positions,9.1875,4.375,4.625,0.25,True,True,google/gemma-2-9b-it,11c9b309abf73637e4b6f9a3fa1e92e615547819
14,discovery,3,46,3,15,answer_position,9.1875,4.375,4.375,0.0,True,True,google/gemma-2-9b-it,11c9b309abf73637e4b6f9a3fa1e92e615547819
14,discovery,3,46,3,15,number_tokens,9.1875,4.375,5.0,0.625,True,True,google/gemma-2-9b-it,11c9b309abf73637e4b6f9a3fa1e92e615547819
14,discovery,3,46,3,15,random_positions,9.1875,4.375,4.5,0.125,True,True,google/gemma-2-9b-it,11c9b309abf73637e4b6f9a3fa1e92e615547819
14,discovery,3,46,3,16,answer_position,9.1875,4.375,4.375,0.0,True,True,google/gemma-2-9b-it,11c9b309abf73637e4b6f9a3fa1e92e615547819
14,discovery,3,46,3,16,number_tokens,9.1875,4.375,6.5625,2.1875,True,True,google/gemma-2-9b-it,11c9b309abf73637e4b6f9a3fa1e92e615547819
14,discovery,3,46,3,16,random_positions,9.1875,4.375,4.625,0.25,True,True,google/gemma-2-9b-it,11c9b309abf73637e4b6f9a3fa1e92e615547819
14,discovery,3,46,3,17,answer_position,9.1875,4.375,4.375,0.0,True,True,google/gemma-2-9b-it,11c9b309abf73637e4b6f9a3fa1e92e615547819
14,discovery,3,46,3,17,number_tokens,9.1875,4.375,6.8125,2.4375,True,True,google/gemma-2-9b-it,11c9b309abf73637e4b6f9a3fa1e92e615547819
14,discovery,3,46,3,17,random_positions,9.1875,4.375,5.125,0.75,True,True,google/gemma-2-9b-it,11c9b309abf73637e4b6f9a3fa1e92e615547819
14,discovery,3,46,3,18,answer_position,9.1875,4.375,4.375,0.0,True,True,google/gemma-2-9b-it,11c9b309abf73637e4b6f9a3fa1e92e615547819
14,discovery,3,46,3,18,number_tokens,9.1875,4.375,5.75,1.375,True,True,google/gemma-2-9b-it,11c9b309abf73637e4b6f9a3fa1e92e615547819
14,discovery,3,46,3,18,random_positions,9.1875,4.375,4.875,0.5,True,True,google/gemma-2-9b-it,11c9b309abf73637e4b6f9a3fa1e92e615547819
14,discovery,3,46,3,19,answer_position,9.1875,4.375,4.375,0.0,True,True,google/gemma-2-9b-it,11c9b309abf73637e4b6f9a3fa1e92e615547819
14,discovery,3,46,3,19,number_tokens,9.1875,4.375,6.9375,2.5625,True,True,google/gemma-2-9b-it,11c9b309abf73637e4b6f9a3fa1e92e615547819
14,discovery,3,46,3,19,random_positions,9.1875,4.375,4.625,0.25,True,True,google/gemma-2-9b-it,11c9b309abf73637e4b6f9a3fa1e92e615547819
14,discovery,3,46,3,20,answer_position,9.1875,4.375,4.875,0.5,True,True,google/gemma-2-9b-it,11c9b309abf73637e4b6f9a3fa1e92e615547819
14,discovery,3,46,3,20,number_tokens,9.1875,4.375,5.5,1.125,True,True,google/gemma-2-9b-it,11c9b309abf73637e4b6f9a3fa1e92e615547819
14,discovery,3,46,3,20,random_positions,9.1875,4.375,5.125,0.75,True,True,google/gemma-2-9b-it,11c9b309abf73637e4b6f9a3fa1e92e615547819
14,discovery,3,46,3,21,answer_position,9.1875,4.375,5.5,1.125,True,True,google/gemma-2-9b-it,11c9b309abf73637e4b6f9a3fa1e92e615547819
14,discovery,3,46,3,21,number_tokens,9.1875,4.375,5.25,0.875,True,True,google/gemma-2-9b-it,11c9b309abf73637e4b6f9a3fa1e92e615547819
14,discovery,3,46,3,21,random_positions,9.1875,4.375,4.75,0.375,True,True,google/gemma-2-9b-it,11c9b309abf73637e4b6f9a3fa1e92e615547819
14,discovery,3,46,3,22,answer_position,9.1875,4.375,6.25,1.875,True,True,google/gemma-2-9b-it,11c9b309abf73637e4b6f9a3fa1e92e615547819
14,discovery,3,46,3,22,number_tokens,9.1875,4.375,5.25,0.875,True,True,google/gemma-2-9b-it,11c9b309abf73637e4b6f9a3fa1e92e615547819
14,discovery,3,46,3,22,random_positions,9.1875,4.375,4.75,0.375,True,True,google/gemma-2-9b-it,11c9b309abf73637e4b6f9a3fa1e92e615547819
14,discovery,3,46,3,23,answer_position,9.1875,4.375,7.25,2.875,True,True,google/gemma-2-9b-it,11c9b309abf73637e4b6f9a3fa1e92e615547819
14,discovery,3,46,3,23,number_tokens,9.1875,4.375,4.375,0.0,True,True,google/gemma-2-9b-it,11c9b309abf73637e4b6f9a3fa1e92e615547819
14,discovery,3,46,3,23,random_positions,9.1875,4.375,4.5,0.125,True,True,google/gemma-2-9b-it,11c9b309abf73637e4b6f9a3fa1e92e615547819
14,discovery,3,46,3,24,answer_position,9.1875,4.375,7.625,3.25,True,True,google/gemma-2-9b-it,11c9b309abf73637e4b6f9a3fa1e92e615547819
14,discovery,3,46,3,24,number_tokens,9.1875,4.375,4.375,0.0,True,True,google/gemma-2-9b-it,11c9b309abf73637e4b6f9a3fa1e92e615547819
14,discovery,3,46,3,24,random_positions,9.1875,4.375,4.625,0.25,True,True,google/gemma-2-9b-it,11c9b309abf73637e4b6f9a3fa1e92e615547819
14,discovery,3,46,3,25,answer_position,9.1875,4.375,7.9375,3.5625,True,True,google/gemma-2-9b-it,11c9b309abf73637e4b6f9a3fa1e92e615547819
14,discovery,3,46,3,25,number_tokens,9.1875,4.375,4.375,0.0,True,True,google/gemma-2-9b-it,11c9b309abf73637e4b6f9a3fa1e92e615547819
14,discovery,3,46,3,25,random_positions,9.1875,4.375,4.375,0.0,True,True,google/gemma-2-9b-it,11c9b309abf73637e4b6f9a3fa1e92e615547819
14,discovery,3,46,3,26,answer_position,9.1875,4.375,8.25,3.875,True,True,google/gemma-2-9b-it,11c9b309abf73637e4b6f9a3fa1e92e615547819
14,discovery,3,46,3,26,number_tokens,9.1875,4.375,4.25,-0.125,True,True,google/gemma-2-9b-it,11c9b309abf73637e4b6f9a3fa1e92e615547819
14,discovery,3,46,3,26,random_positions,9.1875,4.375,4.25,-0.125,True,True,google/gemma-2-9b-it,11c9b309abf73637e4b6f9a3fa1e92e615547819
14,discovery,3,46,3,27,answer_position,9.1875,4.375,8.25,3.875,True,True,google/gemma-2-9b-it,11c9b309abf73637e4b6f9a3fa1e92e615547819
14,discovery,3,46,3,27,number_tokens,9.1875,4.375,4.25,-0.125,True,True,google/gemma-2-9b-it,11c9b309abf73637e4b6f9a3fa1e92e615547819
14,discovery,3,46,3,27,random_positions,9.1875,4.375,4.375,0.0,True,True,google/gemma-2-9b-it,11c9b309abf73637e4b6f9a3fa1e92e615547819
14,discovery,3,46,3,28,answer_position,9.1875,4.375,8.25,3.875,True,True,google/gemma-2-9b-it,11c9b309abf73637e4b6f9a3fa1e92e615547819
14,discovery,3,46,3,28,number_tokens,9.1875,4.375,4.375,0.0,True,True,google/gemma-2-9b-it,11c9b309abf73637e4b6f9a3fa1e92e615547819
14,discovery,3,46,3,28,random_positions,9.1875,4.375,4.375,0.0,True,True,google/gemma-2-9b-it,11c9b309abf73637e4b6f9a3fa1e92e615547819
14,discovery,3,46,3,29,answer_position,9.1875,4.375,8.25,3.875,True,True,google/gemma-2-9b-it,11c9b309abf73637e4b6f9a3fa1e92e615547819
14,discovery,3,46,3,29,number_tokens,9.1875,4.375,4.375,0.0,True,True,google/gemma-2-9b-it,11c9b309abf73637e4b6f9a3fa1e92e615547819
14,discovery,3,46,3,29,random_positions,9.1875,4.375,4.375,0.0,True,True,google/gemma-2-9b-it,11c9b309abf73637e4b6f9a3fa1e92e615547819
14,discovery,3,46,3,30,answer_position,9.1875,4.375,8.375,4.0,True,True,google/gemma-2-9b-it,11c9b309abf73637e4b6f9a3fa1e92e615547819
14,discovery,3,46,3,30,number_tokens,9.1875,4.375,4.375,0.0,True,True,google/gemma-2-9b-it,11c9b309abf73637e4b6f9a3fa1e92e615547819
14,discovery,3,46,3,30,random_positions,9.1875,4.375,4.375,0.0,True,True,google/gemma-2-9b-it,11c9b309abf73637e4b6f9a3fa1e92e615547819
14,discovery,3,46,3,31,answer_position,9.1875,4.375,8.4375,4.0625,True,True,google/gemma-2-9b-it,11c9b309abf73637e4b6f9a3fa1e92e615547819
14,discovery,3,46,3,31,number_tokens,9.1875,4.375,4.375,0.0,True,True,google/gemma-2-9b-it,11c9b309abf73637e4b6f9a3fa1e92e615547819
14,discovery,3,46,3,31,random_positions,9.1875,4.375,4.375,0.0,True,True,google/gemma-2-9b-it,11c9b309abf73637e4b6f9a3fa1e92e615547819
14,discovery,3,46,3,32,answer_position,9.1875,4.375,8.4375,4.0625,True,True,google/gemma-2-9b-it,11c9b309abf73637e4b6f9a3fa1e92e615547819
14,discovery,3,46,3,32,number_tokens,9.1875,4.375,4.375,0.0,True,True,google/gemma-2-9b-it,11c9b309abf73637e4b6f9a3fa1e92e615547819
14,discovery,3,46,3,32,random_positions,9.1875,4.375,4.375,0.0,True,True,google/gemma-2-9b-it,11c9b309abf73637e4b6f9a3fa1e92e615547819
14,discovery,3,46,3,33,answer_position,9.1875,4.375,8.4375,4.0625,True,True,google/gemma-2-9b-it,11c9b309abf73637e4b6f9a3fa1e92e615547819
14,discovery,3,46,3,33,number_tokens,9.1875,4.375,4.375,0.0,True,True,google/gemma-2-9b-it,11c9b309abf73637e4b6f9a3fa1e92e615547819
14,discovery,3,46,3,33,random_positions,9.1875,4.375,4.375,0.0,True,True,google/gemma-2-9b-it,11c9b309abf73637e4b6f9a3fa1e92e615547819
14,discovery,3,46,3,34,answer_position,9.1875,4.375,8.5625,4.1875,True,True,google/gemma-2-9b-it,11c9b309abf73637e4b6f9a3fa1e92e615547819
14,discovery,3,46,3,34,number_tokens,9.1875,4.375,4.375,0.0,True,True,google/gemma-2-9b-it,11c9b309abf73637e4b6f9a3fa1e92e615547819
14,discovery,3,46,3,34,random_positions,9.1875,4.375,4.375,0.0,True,True,google/gemma-2-9b-it,11c9b309abf73637e4b6f9a3fa1e92e615547819
14,discovery,3,46,3,35,answer_position,9.1875,4.375,8.5625,4.1875,True,True,google/gemma-2-9b-it,11c9b309abf73637e4b6f9a3fa1e92e615547819
14,discovery,3,46,3,35,number_tokens,9.1875,4.375,4.375,0.0,True,True,google/gemma-2-9b-it,11c9b309abf73637e4b6f9a3fa1e92e615547819
14,discovery,3,46,3,35,random_positions,9.1875,4.375,4.375,0.0,True,True,google/gemma-2-9b-it,11c9b309abf73637e4b6f9a3fa1e92e615547819
14,discovery,3,46,3,36,answer_position,9.1875,4.375,8.5625,4.1875,True,True,google/gemma-2-9b-it,11c9b309abf73637e4b6f9a3fa1e92e615547819
14,discovery,3,46,3,36,number_tokens,9.1875,4.375,4.375,0.0,True,True,google/gemma-2-9b-it,11c9b309abf73637e4b6f9a3fa1e92e615547819
14,discovery,3,46,3,36,random_positions,9.1875,4.375,4.375,0.0,True,True,google/gemma-2-9b-it,11c9b309abf73637e4b6f9a3fa1e92e615547819
14,discovery,3,46,3,37,answer_position,9.1875,4.375,8.5625,4.1875,True,True,google/gemma-2-9b-it,11c9b309abf73637e4b6f9a3fa1e92e615547819
14,discovery,3,46,3,37,number_tokens,9.1875,4.375,4.375,0.0,True,True,google/gemma-2-9b-it,11c9b309abf73637e4b6f9a3fa1e92e615547819
14,discovery,3,46,3,37,random_positions,9.1875,4.375,4.375,0.0,True,True,google/gemma-2-9b-it,11c9b309abf73637e4b6f9a3fa1e92e615547819
14,discovery,3,46,3,38,answer_position,9.1875,4.375,8.6875,4.3125,True,True,google/gemma-2-9b-it,11c9b309abf73637e4b6f9a3fa1e92e615547819
14,discovery,3,46,3,38,number_tokens,9.1875,4.375,4.375,0.0,True,True,google/gemma-2-9b-it,11c9b309abf73637e4b6f9a3fa1e92e615547819
14,discovery,3,46,3,38,random_positions,9.1875,4.375,4.375,0.0,True,True,google/gemma-2-9b-it,11c9b309abf73637e4b6f9a3fa1e92e615547819
14,discovery,3,46,3,39,answer_position,9.1875,4.375,8.875,4.5,True,True,google/gemma-2-9b-it,11c9b309abf73637e4b6f9a3fa1e92e615547819
14,discovery,3,46,3,39,number_tokens,9.1875,4.375,4.375,0.0,True,True,google/gemma-2-9b-it,11c9b309abf73637e4b6f9a3fa1e92e615547819
14,discovery,3,46,3,39,random_positions,9.1875,4.375,4.375,0.0,True,True,google/gemma-2-9b-it,11c9b309abf73637e4b6f9a3fa1e92e615547819
14,discovery,3,46,3,40,answer_position,9.1875,4.375,9.0,4.625,True,True,google/gemma-2-9b-it,11c9b309abf73637e4b6f9a3fa1e92e615547819
14,discovery,3,46,3,40,number_tokens,9.1875,4.375,4.375,0.0,True,True,google/gemma-2-9b-it,11c9b309abf73637e4b6f9a3fa1e92e615547819
14,discovery,3,46,3,40,random_positions,9.1875,4.375,4.375,0.0,True,True,google/gemma-2-9b-it,11c9b309abf73637e4b6f9a3fa1e92e615547819
14,discovery,3,46,3,41,answer_position,9.1875,4.375,9.1875,4.8125,True,True,google/gemma-2-9b-it,11c9b309abf73637e4b6f9a3fa1e92e615547819
14,discovery,3,46,3,41,number_tokens,9.1875,4.375,4.375,0.0,True,True,google/gemma-2-9b-it,11c9b309abf73637e4b6f9a3fa1e92e615547819
14,discovery,3,46,3,41,random_positions,9.1875,4.375,4.375,0.0,True,True,google/gemma-2-9b-it,11c9b309abf73637e4b6f9a3fa1e92e615547819
15,discovery,4,46,3,0,answer_position,9.0,6.8125,6.8125,0.0,True,True,google/gemma-2-9b-it,11c9b309abf73637e4b6f9a3fa1e92e615547819
15,discovery,4,46,3,0,number_tokens,9.0,6.8125,6.8125,0.0,True,True,google/gemma-2-9b-it,11c9b309abf73637e4b6f9a3fa1e92e615547819
15,discovery,4,46,3,0,random_positions,9.0,6.8125,6.8125,0.0,True,True,google/gemma-2-9b-it,11c9b309abf73637e4b6f9a3fa1e92e615547819
15,discovery,4,46,3,1,answer_position,9.0,6.8125,6.8125,0.0,True,True,google/gemma-2-9b-it,11c9b309abf73637e4b6f9a3fa1e92e615547819
15,discovery,4,46,3,1,number_tokens,9.0,6.8125,6.9375,0.125,True,True,google/gemma-2-9b-it,11c9b309abf73637e4b6f9a3fa1e92e615547819
15,discovery,4,46,3,1,random_positions,9.0,6.8125,6.875,0.0625,True,True,google/gemma-2-9b-it,11c9b309abf73637e4b6f9a3fa1e92e615547819
15,discovery,4,46,3,2,answer_position,9.0,6.8125,6.8125,0.0,True,True,google/gemma-2-9b-it,11c9b309abf73637e4b6f9a3fa1e92e615547819
15,discovery,4,46,3,2,number_tokens,9.0,6.8125,6.9375,0.125,True,True,google/gemma-2-9b-it,11c9b309abf73637e4b6f9a3fa1e92e615547819
15,discovery,4,46,3,2,random_positions,9.0,6.8125,6.5625,-0.25,True,True,google/gemma-2-9b-it,11c9b309abf73637e4b6f9a3fa1e92e615547819
15,discovery,4,46,3,3,answer_position,9.0,6.8125,6.6875,-0.125,True,True,google/gemma-2-9b-it,11c9b309abf73637e4b6f9a3fa1e92e615547819
15,discovery,4,46,3,3,number_tokens,9.0,6.8125,6.9375,0.125,True,True,google/gemma-2-9b-it,11c9b309abf73637e4b6f9a3fa1e92e615547819
15,discovery,4,46,3,3,random_positions,9.0,6.8125,6.75,-0.0625,True,True,google/gemma-2-9b-it,11c9b309abf73637e4b6f9a3fa1e92e615547819
15,discovery,4,46,3,4,answer_position,9.0,6.8125,6.6875,-0.125,True,True,google/gemma-2-9b-it,11c9b309abf73637e4b6f9a3fa1e92e615547819
15,discovery,4,46,3,4,number_tokens,9.0,6.8125,6.8125,0.0,True,True,google/gemma-2-9b-it,11c9b309abf73637e4b6f9a3fa1e92e615547819
15,discovery,4,46,3,4,random_positions,9.0,6.8125,6.5625,-0.25,True,True,google/gemma-2-9b-it,11c9b309abf73637e4b6f9a3fa1e92e615547819
15,discovery,4,46,3,5,answer_position,9.0,6.8125,6.8125,0.0,True,True,google/gemma-2-9b-it,11c9b309abf73637e4b6f9a3fa1e92e615547819
15,discovery,4,46,3,5,number_tokens,9.0,6.8125,6.0,-0.8125,True,True,google/gemma-2-9b-it,11c9b309abf73637e4b6f9a3fa1e92e615547819
15,discovery,4,46,3,5,random_positions,9.0,6.8125,6.625,-0.1875,True,True,google/gemma-2-9b-it,11c9b309abf73637e4b6f9a3fa1e92e615547819
15,discovery,4,46,3,6,answer_position,9.0,6.8125,6.8125,0.0,True,True,google/gemma-2-9b-it,11c9b309abf73637e4b6f9a3fa1e92e615547819
15,discovery,4,46,3,6,number_tokens,9.0,6.8125,4.75,-2.0625,True,True,google/gemma-2-9b-it,11c9b309abf73637e4b6f9a3fa1e92e615547819
15,discovery,4,46,3,6,random_positions,9.0,6.8125,6.8125,0.0,True,True,google/gemma-2-9b-it,11c9b309abf73637e4b6f9a3fa1e92e615547819
15,discovery,4,46,3,7,answer_position,9.0,6.8125,6.6875,-0.125,True,True,google/gemma-2-9b-it,11c9b309abf73637e4b6f9a3fa1e92e615547819
15,discovery,4,46,3,7,number_tokens,9.0,6.8125,6.375,-0.4375,True,True,google/gemma-2-9b-it,11c9b309abf73637e4b6f9a3fa1e92e615547819
15,discovery,4,46,3,7,random_positions,9.0,6.8125,6.9375,0.125,True,True,google/gemma-2-9b-it,11c9b309abf73637e4b6f9a3fa1e92e615547819
15,discovery,4,46,3,8,answer_position,9.0,6.8125,6.8125,0.0,True,True,google/gemma-2-9b-it,11c9b309abf73637e4b6f9a3fa1e92e615547819
15,discovery,4,46,3,8,number_tokens,9.0,6.8125,6.25,-0.5625,True,True,google/gemma-2-9b-it,11c9b309abf73637e4b6f9a3fa1e92e615547819
15,discovery,4,46,3,8,random_positions,9.0,6.8125,7.0,0.1875,True,True,google/gemma-2-9b-it,11c9b309abf73637e4b6f9a3fa1e92e615547819
15,discovery,4,46,3,9,answer_position,9.0,6.8125,6.8125,0.0,True,True,google/gemma-2-9b-it,11c9b309abf73637e4b6f9a3fa1e92e615547819
15,discovery,4,46,3,9,number_tokens,9.0,6.8125,6.0,-0.8125,True,True,google/gemma-2-9b-it,11c9b309abf73637e4b6f9a3fa1e92e615547819
15,discovery,4,46,3,9,random_positions,9.0,6.8125,6.875,0.0625,True,True,google/gemma-2-9b-it,11c9b309abf73637e4b6f9a3fa1e92e615547819
15,discovery,4,46,3,10,answer_position,9.0,6.8125,6.8125,0.0,True,True,google/gemma-2-9b-it,11c9b309abf73637e4b6f9a3fa1e92e615547819
15,discovery,4,46,3,10,number_tokens,9.0,6.8125,6.9375,0.125,True,True,google/gemma-2-9b-it,11c9b309abf73637e4b6f9a3fa1e92e615547819
15,discovery,4,46,3,10,random_positions,9.0,6.8125,6.875,0.0625,True,True,google/gemma-2-9b-it,11c9b309abf73637e4b6f9a3fa1e92e615547819
15,discovery,4,46,3,11,answer_position,9.0,6.8125,6.6875,-0.125,True,True,google/gemma-2-9b-it,11c9b309abf73637e4b6f9a3fa1e92e615547819
15,discovery,4,46,3,11,number_tokens,9.0,6.8125,2.875,-3.9375,True,True,google/gemma-2-9b-it,11c9b309abf73637e4b6f9a3fa1e92e615547819
15,discovery,4,46,3,11,random_positions,9.0,6.8125,6.875,0.0625,True,True,google/gemma-2-9b-it,11c9b309abf73637e4b6f9a3fa1e92e615547819
15,discovery,4,46,3,12,answer_position,9.0,6.8125,6.8125,0.0,True,True,google/gemma-2-9b-it,11c9b309abf73637e4b6f9a3fa1e92e615547819
15,discovery,4,46,3,12,number_tokens,9.0,6.8125,0.125,-6.6875,True,True,google/gemma-2-9b-it,11c9b309abf73637e4b6f9a3fa1e92e615547819
15,discovery,4,46,3,12,random_positions,9.0,6.8125,6.6875,-0.125,True,True,google/gemma-2-9b-it,11c9b309abf73637e4b6f9a3fa1e92e615547819
15,discovery,4,46,3,13,answer_position,9.0,6.8125,6.8125,0.0,True,True,google/gemma-2-9b-it,11c9b309abf73637e4b6f9a3fa1e92e615547819
15,discovery,4,46,3,13,number_tokens,9.0,6.8125,1.875,-4.9375,True,True,google/gemma-2-9b-it,11c9b309abf73637e4b6f9a3fa1e92e615547819
15,discovery,4,46,3,13,random_positions,9.0,6.8125,6.8125,0.0,True,True,google/gemma-2-9b-it,11c9b309abf73637e4b6f9a3fa1e92e615547819
15,discovery,4,46,3,14,answer_position,9.0,6.8125,6.6875,-0.125,True,True,google/gemma-2-9b-it,11c9b309abf73637e4b6f9a3fa1e92e615547819
15,discovery,4,46,3,14,number_tokens,9.0,6.8125,4.375,-2.4375,True,True,google/gemma-2-9b-it,11c9b309abf73637e4b6f9a3fa1e92e615547819
15,discovery,4,46,3,14,random_positions,9.0,6.8125,6.8125,0.0,True,True,google/gemma-2-9b-it,11c9b309abf73637e4b6f9a3fa1e92e615547819
15,discovery,4,46,3,15,answer_position,9.0,6.8125,6.8125,0.0,True,True,google/gemma-2-9b-it,11c9b309abf73637e4b6f9a3fa1e92e615547819
15,discovery,4,46,3,15,number_tokens,9.0,6.8125,6.6875,-0.125,True,True,google/gemma-2-9b-it,11c9b309abf73637e4b6f9a3fa1e92e615547819
15,discovery,4,46,3,15,random_positions,9.0,6.8125,6.5625,-0.25,True,True,google/gemma-2-9b-it,11c9b309abf73637e4b6f9a3fa1e92e615547819
15,discovery,4,46,3,16,answer_position,9.0,6.8125,6.8125,0.0,True,True,google/gemma-2-9b-it,11c9b309abf73637e4b6f9a3fa1e92e615547819
15,discovery,4,46,3,16,number_tokens,9.0,6.8125,7.6875,0.875,True,True,google/gemma-2-9b-it,11c9b309abf73637e4b6f9a3fa1e92e615547819
15,discovery,4,46,3,16,random_positions,9.0,6.8125,6.25,-0.5625,True,True,google/gemma-2-9b-it,11c9b309abf73637e4b6f9a3fa1e92e615547819
15,discovery,4,46,3,17,answer_position,9.0,6.8125,6.8125,0.0,True,True,google/gemma-2-9b-it,11c9b309abf73637e4b6f9a3fa1e92e615547819
15,discovery,4,46,3,17,number_tokens,9.0,6.8125,7.875,1.0625,True,True,google/gemma-2-9b-it,11c9b309abf73637e4b6f9a3fa1e92e615547819
15,discovery,4,46,3,17,random_positions,9.0,6.8125,6.5625,-0.25,True,True,google/gemma-2-9b-it,11c9b309abf73637e4b6f9a3fa1e92e615547819
15,discovery,4,46,3,18,answer_position,9.0,6.8125,6.8125,0.0,True,True,google/gemma-2-9b-it,11c9b309abf73637e4b6f9a3fa1e92e615547819
15,discovery,4,46,3,18,number_tokens,9.0,6.8125,7.375,0.5625,True,True,google/gemma-2-9b-it,11c9b309abf73637e4b6f9a3fa1e92e615547819
15,discovery,4,46,3,18,random_positions,9.0,6.8125,6.5625,-0.25,True,True,google/gemma-2-9b-it,11c9b309abf73637e4b6f9a3fa1e92e615547819
15,discovery,4,46,3,19,answer_position,9.0,6.8125,6.8125,0.0,True,True,google/gemma-2-9b-it,11c9b309abf73637e4b6f9a3fa1e92e615547819
15,discovery,4,46,3,19,number_tokens,9.0,6.8125,8.0,1.1875,True,True,google/gemma-2-9b-it,11c9b309abf73637e4b6f9a3fa1e92e615547819
15,discovery,4,46,3,19,random_positions,9.0,6.8125,6.6875,-0.125,True,True,google/gemma-2-9b-it,11c9b309abf73637e4b6f9a3fa1e92e615547819
15,discovery,4,46,3,20,answer_position,9.0,6.8125,6.9375,0.125,True,True,google/gemma-2-9b-it,11c9b309abf73637e4b6f9a3fa1e92e615547819
15,discovery,4,46,3,20,number_tokens,9.0,6.8125,7.375,0.5625,True,True,google/gemma-2-9b-it,11c9b309abf73637e4b6f9a3fa1e92e615547819
15,discovery,4,46,3,20,random_positions,9.0,6.8125,7.0,0.1875,True,True,google/gemma-2-9b-it,11c9b309abf73637e4b6f9a3fa1e92e615547819
15,discovery,4,46,3,21,answer_position,9.0,6.8125,7.125,0.3125,True,True,google/gemma-2-9b-it,11c9b309abf73637e4b6f9a3fa1e92e615547819
15,discovery,4,46,3,21,number_tokens,9.0,6.8125,7.125,0.3125,True,True,google/gemma-2-9b-it,11c9b309abf73637e4b6f9a3fa1e92e615547819
15,discovery,4,46,3,21,random_positions,9.0,6.8125,7.0,0.1875,True,True,google/gemma-2-9b-it,11c9b309abf73637e4b6f9a3fa1e92e615547819
15,discovery,4,46,3,22,answer_position,9.0,6.8125,7.6875,0.875,True,True,google/gemma-2-9b-it,11c9b309abf73637e4b6f9a3fa1e92e615547819
15,discovery,4,46,3,22,number_tokens,9.0,6.8125,7.125,0.3125,True,True,google/gemma-2-9b-it,11c9b309abf73637e4b6f9a3fa1e92e615547819
15,discovery,4,46,3,22,random_positions,9.0,6.8125,7.0,0.1875,True,True,google/gemma-2-9b-it,11c9b309abf73637e4b6f9a3fa1e92e615547819
15,discovery,4,46,3,23,answer_position,9.0,6.8125,7.9375,1.125,True,True,google/gemma-2-9b-it,11c9b309abf73637e4b6f9a3fa1e92e615547819
15,discovery,4,46,3,23,number_tokens,9.0,6.8125,6.8125,0.0,True,True,google/gemma-2-9b-it,11c9b309abf73637e4b6f9a3fa1e92e615547819
15,discovery,4,46,3,23,random_positions,9.0,6.8125,7.125,0.3125,True,True,google/gemma-2-9b-it,11c9b309abf73637e4b6f9a3fa1e92e615547819
15,discovery,4,46,3,24,answer_position,9.0,6.8125,8.1875,1.375,True,True,google/gemma-2-9b-it,11c9b309abf73637e4b6f9a3fa1e92e615547819
15,discovery,4,46,3,24,number_tokens,9.0,6.8125,6.8125,0.0,True,True,google/gemma-2-9b-it,11c9b309abf73637e4b6f9a3fa1e92e615547819
15,discovery,4,46,3,24,random_positions,9.0,6.8125,7.125,0.3125,True,True,google/gemma-2-9b-it,11c9b309abf73637e4b6f9a3fa1e92e615547819
15,discovery,4,46,3,25,answer_position,9.0,6.8125,8.375,1.5625,True,True,google/gemma-2-9b-it,11c9b309abf73637e4b6f9a3fa1e92e615547819
15,discovery,4,46,3,25,number_tokens,9.0,6.8125,6.8125,0.0,True,True,google/gemma-2-9b-it,11c9b309abf73637e4b6f9a3fa1e92e615547819
15,discovery,4,46,3,25,random_positions,9.0,6.8125,6.9375,0.125,True,True,google/gemma-2-9b-it,11c9b309abf73637e4b6f9a3fa1e92e615547819
15,discovery,4,46,3,26,answer_position,9.0,6.8125,8.5,1.6875,True,True,google/gemma-2-9b-it,11c9b309abf73637e4b6f9a3fa1e92e615547819
15,discovery,4,46,3,26,number_tokens,9.0,6.8125,6.6875,-0.125,True,True,google/gemma-2-9b-it,11c9b309abf73637e4b6f9a3fa1e92e615547819
15,discovery,4,46,3,26,random_positions,9.0,6.8125,6.8125,0.0,True,True,google/gemma-2-9b-it,11c9b309abf73637e4b6f9a3fa1e92e615547819
15,discovery,4,46,3,27,answer_position,9.0,6.8125,8.625,1.8125,True,True,google/gemma-2-9b-it,11c9b309abf73637e4b6f9a3fa1e92e615547819
15,discovery,4,46,3,27,number_tokens,9.0,6.8125,6.8125,0.0,True,True,google/gemma-2-9b-it,11c9b309abf73637e4b6f9a3fa1e92e615547819
15,discovery,4,46,3,27,random_positions,9.0,6.8125,6.8125,0.0,True,True,google/gemma-2-9b-it,11c9b309abf73637e4b6f9a3fa1e92e615547819
15,discovery,4,46,3,28,answer_position,9.0,6.8125,8.4375,1.625,True,True,google/gemma-2-9b-it,11c9b309abf73637e4b6f9a3fa1e92e615547819
15,discovery,4,46,3,28,number_tokens,9.0,6.8125,6.8125,0.0,True,True,google/gemma-2-9b-it,11c9b309abf73637e4b6f9a3fa1e92e615547819
15,discovery,4,46,3,28,random_positions,9.0,6.8125,6.8125,0.0,True,True,google/gemma-2-9b-it,11c9b309abf73637e4b6f9a3fa1e92e615547819
15,discovery,4,46,3,29,answer_position,9.0,6.8125,8.4375,1.625,True,True,google/gemma-2-9b-it,11c9b309abf73637e4b6f9a3fa1e92e615547819
15,discovery,4,46,3,29,number_tokens,9.0,6.8125,6.8125,0.0,True,True,google/gemma-2-9b-it,11c9b309abf73637e4b6f9a3fa1e92e615547819
15,discovery,4,46,3,29,random_positions,9.0,6.8125,6.8125,0.0,True,True,google/gemma-2-9b-it,11c9b309abf73637e4b6f9a3fa1e92e615547819
15,discovery,4,46,3,30,answer_position,9.0,6.8125,8.5,1.6875,True,True,google/gemma-2-9b-it,11c9b309abf73637e4b6f9a3fa1e92e615547819
15,discovery,4,46,3,30,number_tokens,9.0,6.8125,6.8125,0.0,True,True,google/gemma-2-9b-it,11c9b309abf73637e4b6f9a3fa1e92e615547819
15,discovery,4,46,3,30,random_positions,9.0,6.8125,6.8125,0.0,True,True,google/gemma-2-9b-it,11c9b309abf73637e4b6f9a3fa1e92e615547819
15,discovery,4,46,3,31,answer_position,9.0,6.8125,8.6875,1.875,True,True,google/gemma-2-9b-it,11c9b309abf73637e4b6f9a3fa1e92e615547819
15,discovery,4,46,3,31,number_tokens,9.0,6.8125,6.8125,0.0,True,True,google/gemma-2-9b-it,11c9b309abf73637e4b6f9a3fa1e92e615547819
15,discovery,4,46,3,31,random_positions,9.0,6.8125,6.8125,0.0,True,True,google/gemma-2-9b-it,11c9b309abf73637e4b6f9a3fa1e92e615547819
15,discovery,4,46,3,32,answer_position,9.0,6.8125,8.6875,1.875,True,True,google/gemma-2-9b-it,11c9b309abf73637e4b6f9a3fa1e92e615547819
15,discovery,4,46,3,32,number_tokens,9.0,6.8125,6.8125,0.0,True,True,google/gemma-2-9b-it,11c9b309abf73637e4b6f9a3fa1e92e615547819
15,discovery,4,46,3,32,random_positions,9.0,6.8125,6.6875,-0.125,True,True,google/gemma-2-9b-it,11c9b309abf73637e4b6f9a3fa1e92e615547819
15,discovery,4,46,3,33,answer_position,9.0,6.8125,8.6875,1.875,True,True,google/gemma-2-9b-it,11c9b309abf73637e4b6f9a3fa1e92e615547819
15,discovery,4,46,3,33,number_tokens,9.0,6.8125,6.8125,0.0,True,True,google/gemma-2-9b-it,11c9b309abf73637e4b6f9a3fa1e92e615547819
15,discovery,4,46,3,33,random_positions,9.0,6.8125,6.8125,0.0,True,True,google/gemma-2-9b-it,11c9b309abf73637e4b6f9a3fa1e92e615547819
15,discovery,4,46,3,34,answer_position,9.0,6.8125,8.6875,1.875,True,True,google/gemma-2-9b-it,11c9b309abf73637e4b6f9a3fa1e92e615547819
15,discovery,4,46,3,34,number_tokens,9.0,6.8125,6.8125,0.0,True,True,google/gemma-2-9b-it,11c9b309abf73637e4b6f9a3fa1e92e615547819
15,discovery,4,46,3,34,random_positions,9.0,6.8125,6.8125,0.0,True,True,google/gemma-2-9b-it,11c9b309abf73637e4b6f9a3fa1e92e615547819
15,discovery,4,46,3,35,answer_position,9.0,6.8125,8.6875,1.875,True,True,google/gemma-2-9b-it,11c9b309abf73637e4b6f9a3fa1e92e615547819
15,discovery,4,46,3,35,number_tokens,9.0,6.8125,6.8125,0.0,True,True,google/gemma-2-9b-it,11c9b309abf73637e4b6f9a3fa1e92e615547819
15,discovery,4,46,3,35,random_positions,9.0,6.8125,6.8125,0.0,True,True,google/gemma-2-9b-it,11c9b309abf73637e4b6f9a3fa1e92e615547819
15,discovery,4,46,3,36,answer_position,9.0,6.8125,8.6875,1.875,True,True,google/gemma-2-9b-it,11c9b309abf73637e4b6f9a3fa1e92e615547819
15,discovery,4,46,3,36,number_tokens,9.0,6.8125,6.8125,0.0,True,True,google/gemma-2-9b-it,11c9b309abf73637e4b6f9a3fa1e92e615547819
15,discovery,4,46,3,36,random_positions,9.0,6.8125,6.8125,0.0,True,True,google/gemma-2-9b-it,11c9b309abf73637e4b6f9a3fa1e92e615547819
15,discovery,4,46,3,37,answer_position,9.0,6.8125,8.6875,1.875,True,True,google/gemma-2-9b-it,11c9b309abf73637e4b6f9a3fa1e92e615547819
15,discovery,4,46,3,37,number_tokens,9.0,6.8125,6.6875,-0.125,True,True,google/gemma-2-9b-it,11c9b309abf73637e4b6f9a3fa1e92e615547819
15,discovery,4,46,3,37,random_positions,9.0,6.8125,6.8125,0.0,True,True,google/gemma-2-9b-it,11c9b309abf73637e4b6f9a3fa1e92e615547819
15,discovery,4,46,3,38,answer_position,9.0,6.8125,8.875,2.0625,True,True,google/gemma-2-9b-it,11c9b309abf73637e4b6f9a3fa1e92e615547819
15,discovery,4,46,3,38,number_tokens,9.0,6.8125,6.8125,0.0,True,True,google/gemma-2-9b-it,11c9b309abf73637e4b6f9a3fa1e92e615547819
15,discovery,4,46,3,38,random_positions,9.0,6.8125,6.8125,0.0,True,True,google/gemma-2-9b-it,11c9b309abf73637e4b6f9a3fa1e92e615547819
15,discovery,4,46,3,39,answer_position,9.0,6.8125,8.875,2.0625,True,True,google/gemma-2-9b-it,11c9b309abf73637e4b6f9a3fa1e92e615547819
15,discovery,4,46,3,39,number_tokens,9.0,6.8125,6.8125,0.0,True,True,google/gemma-2-9b-it,11c9b309abf73637e4b6f9a3fa1e92e615547819
15,discovery,4,46,3,39,random_positions,9.0,6.8125,6.8125,0.0,True,True,google/gemma-2-9b-it,11c9b309abf73637e4b6f9a3fa1e92e615547819
15,discovery,4,46,3,40,answer_position,9.0,6.8125,9.0,2.1875,True,True,google/gemma-2-9b-it,11c9b309abf73637e4b6f9a3fa1e92e615547819
15,discovery,4,46,3,40,number_tokens,9.0,6.8125,6.8125,0.0,True,True,google/gemma-2-9b-it,11c9b309abf73637e4b6f9a3fa1e92e615547819
15,discovery,4,46,3,40,random_positions,9.0,6.8125,6.8125,0.0,True,True,google/gemma-2-9b-it,11c9b309abf73637e4b6f9a3fa1e92e615547819
15,discovery,4,46,3,41,answer_position,9.0,6.8125,9.0,2.1875,True,True,google/gemma-2-9b-it,11c9b309abf73637e4b6f9a3fa1e92e615547819
15,discovery,4,46,3,41,number_tokens,9.0,6.8125,6.8125,0.0,True,True,google/gemma-2-9b-it,11c9b309abf73637e4b6f9a3fa1e92e615547819
15,discovery,4,46,3,41,random_positions,9.0,6.8125,6.8125,0.0,True,True,google/gemma-2-9b-it,11c9b309abf73637e4b6f9a3fa1e92e615547819
16,discovery,4,47,4,0,answer_position,9.0,6.8125,6.8125,0.0,True,True,google/gemma-2-9b-it,11c9b309abf73637e4b6f9a3fa1e92e615547819
16,discovery,4,47,4,0,number_tokens,9.0,6.8125,6.8125,0.0,True,True,google/gemma-2-9b-it,11c9b309abf73637e4b6f9a3fa1e92e615547819
16,discovery,4,47,4,0,random_positions,9.0,6.8125,6.8125,0.0,True,True,google/gemma-2-9b-it,11c9b309abf73637e4b6f9a3fa1e92e615547819
16,discovery,4,47,4,1,answer_position,9.0,6.8125,6.8125,0.0,True,True,google/gemma-2-9b-it,11c9b309abf73637e4b6f9a3fa1e92e615547819
16,discovery,4,47,4,1,number_tokens,9.0,6.8125,6.9375,0.125,True,True,google/gemma-2-9b-it,11c9b309abf73637e4b6f9a3fa1e92e615547819
16,discovery,4,47,4,1,random_positions,9.0,6.8125,6.8125,0.0,True,True,google/gemma-2-9b-it,11c9b309abf73637e4b6f9a3fa1e92e615547819
16,discovery,4,47,4,2,answer_position,9.0,6.8125,6.8125,0.0,True,True,google/gemma-2-9b-it,11c9b309abf73637e4b6f9a3fa1e92e615547819
16,discovery,4,47,4,2,number_tokens,9.0,6.8125,6.9375,0.125,True,True,google/gemma-2-9b-it,11c9b309abf73637e4b6f9a3fa1e92e615547819
16,discovery,4,47,4,2,random_positions,9.0,6.8125,6.6875,-0.125,True,True,google/gemma-2-9b-it,11c9b309abf73637e4b6f9a3fa1e92e615547819
16,discovery,4,47,4,3,answer_position,9.0,6.8125,6.8125,0.0,True,True,google/gemma-2-9b-it,11c9b309abf73637e4b6f9a3fa1e92e615547819
16,discovery,4,47,4,3,number_tokens,9.0,6.8125,6.9375,0.125,True,True,google/gemma-2-9b-it,11c9b309abf73637e4b6f9a3fa1e92e615547819
16,discovery,4,47,4,3,random_positions,9.0,6.8125,6.8125,0.0,True,True,google/gemma-2-9b-it,11c9b309abf73637e4b6f9a3fa1e92e615547819
16,discovery,4,47,4,4,answer_position,9.0,6.8125,6.8125,0.0,True,True,google/gemma-2-9b-it,11c9b309abf73637e4b6f9a3fa1e92e615547819
16,discovery,4,47,4,4,number_tokens,9.0,6.8125,7.125,0.3125,True,True,google/gemma-2-9b-it,11c9b309abf73637e4b6f9a3fa1e92e615547819
16,discovery,4,47,4,4,random_positions,9.0,6.8125,6.6875,-0.125,True,True,google/gemma-2-9b-it,11c9b309abf73637e4b6f9a3fa1e92e615547819
16,discovery,4,47,4,5,answer_position,9.0,6.8125,6.8125,0.0,True,True,google/gemma-2-9b-it,11c9b309abf73637e4b6f9a3fa1e92e615547819
16,discovery,4,47,4,5,number_tokens,9.0,6.8125,6.5625,-0.25,True,True,google/gemma-2-9b-it,11c9b309abf73637e4b6f9a3fa1e92e615547819
16,discovery,4,47,4,5,random_positions,9.0,6.8125,6.6875,-0.125,True,True,google/gemma-2-9b-it,11c9b309abf73637e4b6f9a3fa1e92e615547819
16,discovery,4,47,4,6,answer_position,9.0,6.8125,6.8125,0.0,True,True,google/gemma-2-9b-it,11c9b309abf73637e4b6f9a3fa1e92e615547819
16,discovery,4,47,4,6,number_tokens,9.0,6.8125,6.375,-0.4375,True,True,google/gemma-2-9b-it,11c9b309abf73637e4b6f9a3fa1e92e615547819
16,discovery,4,47,4,6,random_positions,9.0,6.8125,6.6875,-0.125,True,True,google/gemma-2-9b-it,11c9b309abf73637e4b6f9a3fa1e92e615547819
16,discovery,4,47,4,7,answer_position,9.0,6.8125,6.6875,-0.125,True,True,google/gemma-2-9b-it,11c9b309abf73637e4b6f9a3fa1e92e615547819
16,discovery,4,47,4,7,number_tokens,9.0,6.8125,7.375,0.5625,True,True,google/gemma-2-9b-it,11c9b309abf73637e4b6f9a3fa1e92e615547819
16,discovery,4,47,4,7,random_positions,9.0,6.8125,6.6875,-0.125,True,True,google/gemma-2-9b-it,11c9b309abf73637e4b6f9a3fa1e92e615547819
16,discovery,4,47,4,8,answer_position,9.0,6.8125,6.6875,-0.125,True,True,google/gemma-2-9b-it,11c9b309abf73637e4b6f9a3fa1e92e615547819
16,discovery,4,47,4,8,number_tokens,9.0,6.8125,7.6875,0.875,True,True,google/gemma-2-9b-it,11c9b309abf73637e4b6f9a3fa1e92e615547819
16,discovery,4,47,4,8,random_positions,9.0,6.8125,6.6875,-0.125,True,True,google/gemma-2-9b-it,11c9b309abf73637e4b6f9a3fa1e92e615547819
16,discovery,4,47,4,9,answer_position,9.0,6.8125,6.8125,0.0,True,True,google/gemma-2-9b-it,11c9b309abf73637e4b6f9a3fa1e92e615547819
16,discovery,4,47,4,9,number_tokens,9.0,6.8125,7.75,0.9375,True,True,google/gemma-2-9b-it,11c9b309abf73637e4b6f9a3fa1e92e615547819
16,discovery,4,47,4,9,random_positions,9.0,6.8125,6.6875,-0.125,True,True,google/gemma-2-9b-it,11c9b309abf73637e4b6f9a3fa1e92e615547819
16,discovery,4,47,4,10,answer_position,9.0,6.8125,6.6875,-0.125,True,True,google/gemma-2-9b-it,11c9b309abf73637e4b6f9a3fa1e92e615547819
16,discovery,4,47,4,10,number_tokens,9.0,6.8125,8.125,1.3125,True,True,google/gemma-2-9b-it,11c9b309abf73637e4b6f9a3fa1e92e615547819
16,discovery,4,47,4,10,random_positions,9.0,6.8125,6.6875,-0.125,True,True,google/gemma-2-9b-it,11c9b309abf73637e4b6f9a3fa1e92e615547819
16,discovery,4,47,4,11,answer_position,9.0,6.8125,6.8125,0.0,True,True,google/gemma-2-9b-it,11c9b309abf73637e4b6f9a3fa1e92e615547819
16,discovery,4,47,4,11,number_tokens,9.0,6.8125,4.25,-2.5625,True,True,google/gemma-2-9b-it,11c9b309abf73637e4b6f9a3fa1e92e615547819
16,discovery,4,47,4,11,random_positions,9.0,6.8125,6.8125,0.0,True,True,google/gemma-2-9b-it,11c9b309abf73637e4b6f9a3fa1e92e615547819
16,discovery,4,47,4,12,answer_position,9.0,6.8125,6.6875,-0.125,True,True,google/gemma-2-9b-it,11c9b309abf73637e4b6f9a3fa1e92e615547819
16,discovery,4,47,4,12,number_tokens,9.0,6.8125,-1.0,-7.8125,True,False,google/gemma-2-9b-it,11c9b309abf73637e4b6f9a3fa1e92e615547819
16,discovery,4,47,4,12,random_positions,9.0,6.8125,6.8125,0.0,True,True,google/gemma-2-9b-it,11c9b309abf73637e4b6f9a3fa1e92e615547819
16,discovery,4,47,4,13,answer_position,9.0,6.8125,6.8125,0.0,True,True,google/gemma-2-9b-it,11c9b309abf73637e4b6f9a3fa1e92e615547819
16,discovery,4,47,4,13,number_tokens,9.0,6.8125,1.0,-5.8125,True,True,google/gemma-2-9b-it,11c9b309abf73637e4b6f9a3fa1e92e615547819
16,discovery,4,47,4,13,random_positions,9.0,6.8125,6.8125,0.0,True,True,google/gemma-2-9b-it,11c9b309abf73637e4b6f9a3fa1e92e615547819
16,discovery,4,47,4,14,answer_position,9.0,6.8125,6.8125,0.0,True,True,google/gemma-2-9b-it,11c9b309abf73637e4b6f9a3fa1e92e615547819
16,discovery,4,47,4,14,number_tokens,9.0,6.8125,4.25,-2.5625,True,True,google/gemma-2-9b-it,11c9b309abf73637e4b6f9a3fa1e92e615547819
16,discovery,4,47,4,14,random_positions,9.0,6.8125,6.8125,0.0,True,True,google/gemma-2-9b-it,11c9b309abf73637e4b6f9a3fa1e92e615547819
16,discovery,4,47,4,15,answer_position,9.0,6.8125,6.8125,0.0,True,True,google/gemma-2-9b-it,11c9b309abf73637e4b6f9a3fa1e92e615547819
16,discovery,4,47,4,15,number_tokens,9.0,6.8125,6.5625,-0.25,True,True,google/gemma-2-9b-it,11c9b309abf73637e4b6f9a3fa1e92e615547819
16,discovery,4,47,4,15,random_positions,9.0,6.8125,6.9375,0.125,True,True,google/gemma-2-9b-it,11c9b309abf73637e4b6f9a3fa1e92e615547819
16,discovery,4,47,4,16,answer_position,9.0,6.8125,6.9375,0.125,True,True,google/gemma-2-9b-it,11c9b309abf73637e4b6f9a3fa1e92e615547819
16,discovery,4,47,4,16,number_tokens,9.0,6.8125,7.625,0.8125,True,True,google/gemma-2-9b-it,11c9b309abf73637e4b6f9a3fa1e92e615547819
16,discovery,4,47,4,16,random_positions,9.0,6.8125,6.9375,0.125,True,True,google/gemma-2-9b-it,11c9b309abf73637e4b6f9a3fa1e92e615547819
16,discovery,4,47,4,17,answer_position,9.0,6.8125,6.9375,0.125,True,True,google/gemma-2-9b-it,11c9b309abf73637e4b6f9a3fa1e92e615547819
16,discovery,4,47,4,17,number_tokens,9.0,6.8125,7.875,1.0625,True,True,google/gemma-2-9b-it,11c9b309abf73637e4b6f9a3fa1e92e615547819
16,discovery,4,47,4,17,random_positions,9.0,6.8125,6.8125,0.0,True,True,google/gemma-2-9b-it,11c9b309abf73637e4b6f9a3fa1e92e615547819
16,discovery,4,47,4,18,answer_position,9.0,6.8125,6.9375,0.125,True,True,google/gemma-2-9b-it,11c9b309abf73637e4b6f9a3fa1e92e615547819
16,discovery,4,47,4,18,number_tokens,9.0,6.8125,7.375,0.5625,True,True,google/gemma-2-9b-it,11c9b309abf73637e4b6f9a3fa1e92e615547819
16,discovery,4,47,4,18,random_positions,9.0,6.8125,6.8125,0.0,True,True,google/gemma-2-9b-it,11c9b309abf73637e4b6f9a3fa1e92e615547819
16,discovery,4,47,4,19,answer_position,9.0,6.8125,6.9375,0.125,True,True,google/gemma-2-9b-it,11c9b309abf73637e4b6f9a3fa1e92e615547819
16,discovery,4,47,4,19,number_tokens,9.0,6.8125,8.0,1.1875,True,True,google/gemma-2-9b-it,11c9b309abf73637e4b6f9a3fa1e92e615547819
16,discovery,4,47,4,19,random_positions,9.0,6.8125,6.8125,0.0,True,True,google/gemma-2-9b-it,11c9b309abf73637e4b6f9a3fa1e92e615547819
16,discovery,4,47,4,20,answer_position,9.0,6.8125,6.9375,0.125,True,True,google/gemma-2-9b-it,11c9b309abf73637e4b6f9a3fa1e92e615547819
16,discovery,4,47,4,20,number_tokens,9.0,6.8125,7.25,0.4375,True,True,google/gemma-2-9b-it,11c9b309abf73637e4b6f9a3fa1e92e615547819
16,discovery,4,47,4,20,random_positions,9.0,6.8125,6.6875,-0.125,True,True,google/gemma-2-9b-it,11c9b309abf73637e4b6f9a3fa1e92e615547819
16,discovery,4,47,4,21,answer_position,9.0,6.8125,7.125,0.3125,True,True,google/gemma-2-9b-it,11c9b309abf73637e4b6f9a3fa1e92e615547819
16,discovery,4,47,4,21,number_tokens,9.0,6.8125,7.125,0.3125,True,True,google/gemma-2-9b-it,11c9b309abf73637e4b6f9a3fa1e92e615547819
16,discovery,4,47,4,21,random_positions,9.0,6.8125,6.6875,-0.125,True,True,google/gemma-2-9b-it,11c9b309abf73637e4b6f9a3fa1e92e615547819
16,discovery,4,47,4,22,answer_position,9.0,6.8125,7.5,0.6875,True,True,google/gemma-2-9b-it,11c9b309abf73637e4b6f9a3fa1e92e615547819
16,discovery,4,47,4,22,number_tokens,9.0,6.8125,7.125,0.3125,True,True,google/gemma-2-9b-it,11c9b309abf73637e4b6f9a3fa1e92e615547819
16,discovery,4,47,4,22,random_positions,9.0,6.8125,6.9375,0.125,True,True,google/gemma-2-9b-it,11c9b309abf73637e4b6f9a3fa1e92e615547819
16,discovery,4,47,4,23,answer_position,9.0,6.8125,8.0625,1.25,True,True,google/gemma-2-9b-it,11c9b309abf73637e4b6f9a3fa1e92e615547819
16,discovery,4,47,4,23,number_tokens,9.0,6.8125,6.8125,0.0,True,True,google/gemma-2-9b-it,11c9b309abf73637e4b6f9a3fa1e92e615547819
16,discovery,4,47,4,23,random_positions,9.0,6.8125,6.8125,0.0,True,True,google/gemma-2-9b-it,11c9b309abf73637e4b6f9a3fa1e92e615547819
16,discovery,4,47,4,24,answer_position,9.0,6.8125,8.1875,1.375,True,True,google/gemma-2-9b-it,11c9b309abf73637e4b6f9a3fa1e92e615547819
16,discovery,4,47,4,24,number_tokens,9.0,6.8125,6.8125,0.0,True,True,google/gemma-2-9b-it,11c9b309abf73637e4b6f9a3fa1e92e615547819
16,discovery,4,47,4,24,random_positions,9.0,6.8125,6.8125,0.0,True,True,google/gemma-2-9b-it,11c9b309abf73637e4b6f9a3fa1e92e615547819
16,discovery,4,47,4,25,answer_position,9.0,6.8125,8.375,1.5625,True,True,google/gemma-2-9b-it,11c9b309abf73637e4b6f9a3fa1e92e615547819
16,discovery,4,47,4,25,number_tokens,9.0,6.8125,6.8125,0.0,True,True,google/gemma-2-9b-it,11c9b309abf73637e4b6f9a3fa1e92e615547819
16,discovery,4,47,4,25,random_positions,9.0,6.8125,6.9375,0.125,True,True,google/gemma-2-9b-it,11c9b309abf73637e4b6f9a3fa1e92e615547819
16,discovery,4,47,4,26,answer_position,9.0,6.8125,8.5,1.6875,True,True,google/gemma-2-9b-it,11c9b309abf73637e4b6f9a3fa1e92e615547819
16,discovery,4,47,4,26,number_tokens,9.0,6.8125,6.8125,0.0,True,True,google/gemma-2-9b-it,11c9b309abf73637e4b6f9a3fa1e92e615547819
16,discovery,4,47,4,26,random_positions,9.0,6.8125,6.8125,0.0,True,True,google/gemma-2-9b-it,11c9b309abf73637e4b6f9a3fa1e92e615547819
16,discovery,4,47,4,27,answer_position,9.0,6.8125,8.5,1.6875,True,True,google/gemma-2-9b-it,11c9b309abf73637e4b6f9a3fa1e92e615547819
16,discovery,4,47,4,27,number_tokens,9.0,6.8125,6.6875,-0.125,True,True,google/gemma-2-9b-it,11c9b309abf73637e4b6f9a3fa1e92e615547819
16,discovery,4,47,4,27,random_positions,9.0,6.8125,6.9375,0.125,True,True,google/gemma-2-9b-it,11c9b309abf73637e4b6f9a3fa1e92e615547819
16,discovery,4,47,4,28,answer_position,9.0,6.8125,8.4375,1.625,True,True,google/gemma-2-9b-it,11c9b309abf73637e4b6f9a3fa1e92e615547819
16,discovery,4,47,4,28,number_tokens,9.0,6.8125,6.8125,0.0,True,True,google/gemma-2-9b-it,11c9b309abf73637e4b6f9a3fa1e92e615547819
16,discovery,4,47,4,28,random_positions,9.0,6.8125,7.0,0.1875,True,True,google/gemma-2-9b-it,11c9b309abf73637e4b6f9a3fa1e92e615547819
16,discovery,4,47,4,29,answer_position,9.0,6.8125,8.5625,1.75,True,True,google/gemma-2-9b-it,11c9b309abf73637e4b6f9a3fa1e92e615547819
16,discovery,4,47,4,29,number_tokens,9.0,6.8125,6.8125,0.0,True,True,google/gemma-2-9b-it,11c9b309abf73637e4b6f9a3fa1e92e615547819
16,discovery,4,47,4,29,random_positions,9.0,6.8125,7.0,0.1875,True,True,google/gemma-2-9b-it,11c9b309abf73637e4b6f9a3fa1e92e615547819
16,discovery,4,47,4,30,answer_position,9.0,6.8125,8.625,1.8125,True,True,google/gemma-2-9b-it,11c9b309abf73637e4b6f9a3fa1e92e615547819
16,discovery,4,47,4,30,number_tokens,9.0,6.8125,6.8125,0.0,True,True,google/gemma-2-9b-it,11c9b309abf73637e4b6f9a3fa1e92e615547819
16,discovery,4,47,4,30,random_positions,9.0,6.8125,6.9375,0.125,True,True,google/gemma-2-9b-it,11c9b309abf73637e4b6f9a3fa1e92e615547819
16,discovery,4,47,4,31,answer_position,9.0,6.8125,8.625,1.8125,True,True,google/gemma-2-9b-it,11c9b309abf73637e4b6f9a3fa1e92e615547819
16,discovery,4,47,4,31,number_tokens,9.0,6.8125,6.8125,0.0,True,True,google/gemma-2-9b-it,11c9b309abf73637e4b6f9a3fa1e92e615547819
16,discovery,4,47,4,31,random_positions,9.0,6.8125,6.9375,0.125,True,True,google/gemma-2-9b-it,11c9b309abf73637e4b6f9a3fa1e92e615547819
16,discovery,4,47,4,32,answer_position,9.0,6.8125,8.625,1.8125,True,True,google/gemma-2-9b-it,11c9b309abf73637e4b6f9a3fa1e92e615547819
16,discovery,4,47,4,32,number_tokens,9.0,6.8125,6.8125,0.0,True,True,google/gemma-2-9b-it,11c9b309abf73637e4b6f9a3fa1e92e615547819
16,discovery,4,47,4,32,random_positions,9.0,6.8125,6.9375,0.125,True,True,google/gemma-2-9b-it,11c9b309abf73637e4b6f9a3fa1e92e615547819
16,discovery,4,47,4,33,answer_position,9.0,6.8125,8.625,1.8125,True,True,google/gemma-2-9b-it,11c9b309abf73637e4b6f9a3fa1e92e615547819
16,discovery,4,47,4,33,number_tokens,9.0,6.8125,6.8125,0.0,True,True,google/gemma-2-9b-it,11c9b309abf73637e4b6f9a3fa1e92e615547819
16,discovery,4,47,4,33,random_positions,9.0,6.8125,6.9375,0.125,True,True,google/gemma-2-9b-it,11c9b309abf73637e4b6f9a3fa1e92e615547819
16,discovery,4,47,4,34,answer_position,9.0,6.8125,8.6875,1.875,True,True,google/gemma-2-9b-it,11c9b309abf73637e4b6f9a3fa1e92e615547819
16,discovery,4,47,4,34,number_tokens,9.0,6.8125,6.8125,0.0,True,True,google/gemma-2-9b-it,11c9b309abf73637e4b6f9a3fa1e92e615547819
16,discovery,4,47,4,34,random_positions,9.0,6.8125,6.9375,0.125,True,True,google/gemma-2-9b-it,11c9b309abf73637e4b6f9a3fa1e92e615547819
16,discovery,4,47,4,35,answer_position,9.0,6.8125,8.6875,1.875,True,True,google/gemma-2-9b-it,11c9b309abf73637e4b6f9a3fa1e92e615547819
16,discovery,4,47,4,35,number_tokens,9.0,6.8125,6.8125,0.0,True,True,google/gemma-2-9b-it,11c9b309abf73637e4b6f9a3fa1e92e615547819
16,discovery,4,47,4,35,random_positions,9.0,6.8125,6.9375,0.125,True,True,google/gemma-2-9b-it,11c9b309abf73637e4b6f9a3fa1e92e615547819
16,discovery,4,47,4,36,answer_position,9.0,6.8125,8.6875,1.875,True,True,google/gemma-2-9b-it,11c9b309abf73637e4b6f9a3fa1e92e615547819
16,discovery,4,47,4,36,number_tokens,9.0,6.8125,6.8125,0.0,True,True,google/gemma-2-9b-it,11c9b309abf73637e4b6f9a3fa1e92e615547819
16,discovery,4,47,4,36,random_positions,9.0,6.8125,6.9375,0.125,True,True,google/gemma-2-9b-it,11c9b309abf73637e4b6f9a3fa1e92e615547819
16,discovery,4,47,4,37,answer_position,9.0,6.8125,8.6875,1.875,True,True,google/gemma-2-9b-it,11c9b309abf73637e4b6f9a3fa1e92e615547819
16,discovery,4,47,4,37,number_tokens,9.0,6.8125,6.8125,0.0,True,True,google/gemma-2-9b-it,11c9b309abf73637e4b6f9a3fa1e92e615547819
16,discovery,4,47,4,37,random_positions,9.0,6.8125,6.9375,0.125,True,True,google/gemma-2-9b-it,11c9b309abf73637e4b6f9a3fa1e92e615547819
16,discovery,4,47,4,38,answer_position,9.0,6.8125,8.8125,2.0,True,True,google/gemma-2-9b-it,11c9b309abf73637e4b6f9a3fa1e92e615547819
16,discovery,4,47,4,38,number_tokens,9.0,6.8125,6.8125,0.0,True,True,google/gemma-2-9b-it,11c9b309abf73637e4b6f9a3fa1e92e615547819
16,discovery,4,47,4,38,random_positions,9.0,6.8125,6.9375,0.125,True,True,google/gemma-2-9b-it,11c9b309abf73637e4b6f9a3fa1e92e615547819
16,discovery,4,47,4,39,answer_position,9.0,6.8125,8.875,2.0625,True,True,google/gemma-2-9b-it,11c9b309abf73637e4b6f9a3fa1e92e615547819
16,discovery,4,47,4,39,number_tokens,9.0,6.8125,6.8125,0.0,True,True,google/gemma-2-9b-it,11c9b309abf73637e4b6f9a3fa1e92e615547819
16,discovery,4,47,4,39,random_positions,9.0,6.8125,6.9375,0.125,True,True,google/gemma-2-9b-it,11c9b309abf73637e4b6f9a3fa1e92e615547819
16,discovery,4,47,4,40,answer_position,9.0,6.8125,9.0,2.1875,True,True,google/gemma-2-9b-it,11c9b309abf73637e4b6f9a3fa1e92e615547819
16,discovery,4,47,4,40,number_tokens,9.0,6.8125,6.8125,0.0,True,True,google/gemma-2-9b-it,11c9b309abf73637e4b6f9a3fa1e92e615547819
16,discovery,4,47,4,40,random_positions,9.0,6.8125,6.8125,0.0,True,True,google/gemma-2-9b-it,11c9b309abf73637e4b6f9a3fa1e92e615547819
16,discovery,4,47,4,41,answer_position,9.0,6.8125,9.0,2.1875,True,True,google/gemma-2-9b-it,11c9b309abf73637e4b6f9a3fa1e92e615547819
16,discovery,4,47,4,41,number_tokens,9.0,6.8125,6.8125,0.0,True,True,google/gemma-2-9b-it,11c9b309abf73637e4b6f9a3fa1e92e615547819
16,discovery,4,47,4,41,random_positions,9.0,6.8125,6.8125,0.0,True,True,google/gemma-2-9b-it,11c9b309abf73637e4b6f9a3fa1e92e615547819
17,discovery,4,48,2,0,answer_position,8.9375,4.125,4.125,0.0,True,True,google/gemma-2-9b-it,11c9b309abf73637e4b6f9a3fa1e92e615547819
17,discovery,4,48,2,0,number_tokens,8.9375,4.125,4.25,0.125,True,True,google/gemma-2-9b-it,11c9b309abf73637e4b6f9a3fa1e92e615547819
17,discovery,4,48,2,0,random_positions,8.9375,4.125,-1.25,-5.375,True,False,google/gemma-2-9b-it,11c9b309abf73637e4b6f9a3fa1e92e615547819
17,discovery,4,48,2,1,answer_position,8.9375,4.125,4.125,0.0,True,True,google/gemma-2-9b-it,11c9b309abf73637e4b6f9a3fa1e92e615547819
17,discovery,4,48,2,1,number_tokens,8.9375,4.125,4.25,0.125,True,True,google/gemma-2-9b-it,11c9b309abf73637e4b6f9a3fa1e92e615547819
17,discovery,4,48,2,1,random_positions,8.9375,4.125,5.0,0.875,True,True,google/gemma-2-9b-it,11c9b309abf73637e4b6f9a3fa1e92e615547819
17,discovery,4,48,2,2,answer_position,8.9375,4.125,4.0,-0.125,True,True,google/gemma-2-9b-it,11c9b309abf73637e4b6f9a3fa1e92e615547819
17,discovery,4,48,2,2,number_tokens,8.9375,4.125,4.25,0.125,True,True,google/gemma-2-9b-it,11c9b309abf73637e4b6f9a3fa1e92e615547819
17,discovery,4,48,2,2,random_positions,8.9375,4.125,5.25,1.125,True,True,google/gemma-2-9b-it,11c9b309abf73637e4b6f9a3fa1e92e615547819
17,discovery,4,48,2,3,answer_position,8.9375,4.125,4.125,0.0,True,True,google/gemma-2-9b-it,11c9b309abf73637e4b6f9a3fa1e92e615547819
17,discovery,4,48,2,3,number_tokens,8.9375,4.125,4.375,0.25,True,True,google/gemma-2-9b-it,11c9b309abf73637e4b6f9a3fa1e92e615547819
17,discovery,4,48,2,3,random_positions,8.9375,4.125,5.125,1.0,True,True,google/gemma-2-9b-it,11c9b309abf73637e4b6f9a3fa1e92e615547819
17,discovery,4,48,2,4,answer_position,8.9375,4.125,4.0,-0.125,True,True,google/gemma-2-9b-it,11c9b309abf73637e4b6f9a3fa1e92e615547819
17,discovery,4,48,2,4,number_tokens,8.9375,4.125,4.625,0.5,True,True,google/gemma-2-9b-it,11c9b309abf73637e4b6f9a3fa1e92e615547819
17,discovery,4,48,2,4,random_positions,8.9375,4.125,5.125,1.0,True,True,google/gemma-2-9b-it,11c9b309abf73637e4b6f9a3fa1e92e615547819
17,discovery,4,48,2,5,answer_position,8.9375,4.125,4.125,0.0,True,True,google/gemma-2-9b-it,11c9b309abf73637e4b6f9a3fa1e92e615547819
17,discovery,4,48,2,5,number_tokens,8.9375,4.125,4.5,0.375,True,True,google/gemma-2-9b-it,11c9b309abf73637e4b6f9a3fa1e92e615547819
17,discovery,4,48,2,5,random_positions,8.9375,4.125,5.0,0.875,True,True,google/gemma-2-9b-it,11c9b309abf73637e4b6f9a3fa1e92e615547819
17,discovery,4,48,2,6,answer_position,8.9375,4.125,4.125,0.0,True,True,google/gemma-2-9b-it,11c9b309abf73637e4b6f9a3fa1e92e615547819
17,discovery,4,48,2,6,number_tokens,8.9375,4.125,4.25,0.125,True,True,google/gemma-2-9b-it,11c9b309abf73637e4b6f9a3fa1e92e615547819
17,discovery,4,48,2,6,random_positions,8.9375,4.125,5.0,0.875,True,True,google/gemma-2-9b-it,11c9b309abf73637e4b6f9a3fa1e92e615547819
17,discovery,4,48,2,7,answer_position,8.9375,4.125,4.0,-0.125,True,True,google/gemma-2-9b-it,11c9b309abf73637e4b6f9a3fa1e92e615547819
17,discovery,4,48,2,7,number_tokens,8.9375,4.125,6.9375,2.8125,True,True,google/gemma-2-9b-it,11c9b309abf73637e4b6f9a3fa1e92e615547819
17,discovery,4,48,2,7,random_positions,8.9375,4.125,4.875,0.75,True,True,google/gemma-2-9b-it,11c9b309abf73637e4b6f9a3fa1e92e615547819
17,discovery,4,48,2,8,answer_position,8.9375,4.125,4.125,0.0,True,True,google/gemma-2-9b-it,11c9b309abf73637e4b6f9a3fa1e92e615547819
17,discovery,4,48,2,8,number_tokens,8.9375,4.125,7.125,3.0,True,True,google/gemma-2-9b-it,11c9b309abf73637e4b6f9a3fa1e92e615547819
17,discovery,4,48,2,8,random_positions,8.9375,4.125,4.875,0.75,True,True,google/gemma-2-9b-it,11c9b309abf73637e4b6f9a3fa1e92e615547819
17,discovery,4,48,2,9,answer_position,8.9375,4.125,4.0,-0.125,True,True,google/gemma-2-9b-it,11c9b309abf73637e4b6f9a3fa1e92e615547819
17,discovery,4,48,2,9,number_tokens,8.9375,4.125,7.25,3.125,True,True,google/gemma-2-9b-it,11c9b309abf73637e4b6f9a3fa1e92e615547819
17,discovery,4,48,2,9,random_positions,8.9375,4.125,4.75,0.625,True,True,google/gemma-2-9b-it,11c9b309abf73637e4b6f9a3fa1e92e615547819
17,discovery,4,48,2,10,answer_position,8.9375,4.125,4.0,-0.125,True,True,google/gemma-2-9b-it,11c9b309abf73637e4b6f9a3fa1e92e615547819
17,discovery,4,48,2,10,number_tokens,8.9375,4.125,7.75,3.625,True,True,google/gemma-2-9b-it,11c9b309abf73637e4b6f9a3fa1e92e615547819
17,discovery,4,48,2,10,random_positions,8.9375,4.125,4.625,0.5,True,True,google/gemma-2-9b-it,11c9b309abf73637e4b6f9a3fa1e92e615547819
17,discovery,4,48,2,11,answer_position,8.9375,4.125,4.125,0.0,True,True,google/gemma-2-9b-it,11c9b309abf73637e4b6f9a3fa1e92e615547819
17,discovery,4,48,2,11,number_tokens,8.9375,4.125,6.25,2.125,True,True,google/gemma-2-9b-it,11c9b309abf73637e4b6f9a3fa1e92e615547819
17,discovery,4,48,2,11,random_positions,8.9375,4.125,4.625,0.5,True,True,google/gemma-2-9b-it,11c9b309abf73637e4b6f9a3fa1e92e615547819
17,discovery,4,48,2,12,answer_position,8.9375,4.125,4.0,-0.125,True,True,google/gemma-2-9b-it,11c9b309abf73637e4b6f9a3fa1e92e615547819
17,discovery,4,48,2,12,number_tokens,8.9375,4.125,-1.5,-5.625,True,False,google/gemma-2-9b-it,11c9b309abf73637e4b6f9a3fa1e92e615547819
17,discovery,4,48,2,12,random_positions,8.9375,4.125,4.625,0.5,True,True,google/gemma-2-9b-it,11c9b309abf73637e4b6f9a3fa1e92e615547819
17,discovery,4,48,2,13,answer_position,8.9375,4.125,4.0,-0.125,True,True,google/gemma-2-9b-it,11c9b309abf73637e4b6f9a3fa1e92e615547819
17,discovery,4,48,2,13,number_tokens,8.9375,4.125,-2.375,-6.5,True,False,google/gemma-2-9b-it,11c9b309abf73637e4b6f9a3fa1e92e615547819
17,discovery,4,48,2,13,random_positions,8.9375,4.125,4.375,0.25,True,True,google/gemma-2-9b-it,11c9b309abf73637e4b6f9a3fa1e92e615547819
17,discovery,4,48,2,14,answer_position,8.9375,4.125,4.125,0.0,True,True,google/gemma-2-9b-it,11c9b309abf73637e4b6f9a3fa1e92e615547819
17,discovery,4,48,2,14,number_tokens,8.9375,4.125,1.0,-3.125,True,True,google/gemma-2-9b-it,11c9b309abf73637e4b6f9a3fa1e92e615547819
17,discovery,4,48,2,14,random_positions,8.9375,4.125,4.625,0.5,True,True,google/gemma-2-9b-it,11c9b309abf73637e4b6f9a3fa1e92e615547819
17,discovery,4,48,2,15,answer_position,8.9375,4.125,4.125,0.0,True,True,google/gemma-2-9b-it,11c9b309abf73637e4b6f9a3fa1e92e615547819
17,discovery,4,48,2,15,number_tokens,8.9375,4.125,5.5,1.375,True,True,google/gemma-2-9b-it,11c9b309abf73637e4b6f9a3fa1e92e615547819
17,discovery,4,48,2,15,random_positions,8.9375,4.125,4.25,0.125,True,True,google/gemma-2-9b-it,11c9b309abf73637e4b6f9a3fa1e92e615547819
17,discovery,4,48,2,16,answer_position,8.9375,4.125,4.125,0.0,True,True,google/gemma-2-9b-it,11c9b309abf73637e4b6f9a3fa1e92e615547819
17,discovery,4,48,2,16,number_tokens,8.9375,4.125,6.75,2.625,True,True,google/gemma-2-9b-it,11c9b309abf73637e4b6f9a3fa1e92e615547819
17,discovery,4,48,2,16,random_positions,8.9375,4.125,4.25,0.125,True,True,google/gemma-2-9b-it,11c9b309abf73637e4b6f9a3fa1e92e615547819
17,discovery,4,48,2,17,answer_position,8.9375,4.125,4.125,0.0,True,True,google/gemma-2-9b-it,11c9b309abf73637e4b6f9a3fa1e92e615547819
17,discovery,4,48,2,17,number_tokens,8.9375,4.125,6.8125,2.6875,True,True,google/gemma-2-9b-it,11c9b309abf73637e4b6f9a3fa1e92e615547819
17,discovery,4,48,2,17,random_positions,8.9375,4.125,4.375,0.25,True,True,google/gemma-2-9b-it,11c9b309abf73637e4b6f9a3fa1e92e615547819
17,discovery,4,48,2,18,answer_position,8.9375,4.125,4.125,0.0,True,True,google/gemma-2-9b-it,11c9b309abf73637e4b6f9a3fa1e92e615547819
17,discovery,4,48,2,18,number_tokens,8.9375,4.125,5.625,1.5,True,True,google/gemma-2-9b-it,11c9b309abf73637e4b6f9a3fa1e92e615547819
17,discovery,4,48,2,18,random_positions,8.9375,4.125,4.5,0.375,True,True,google/gemma-2-9b-it,11c9b309abf73637e4b6f9a3fa1e92e615547819
17,discovery,4,48,2,19,answer_position,8.9375,4.125,4.125,0.0,True,True,google/gemma-2-9b-it,11c9b309abf73637e4b6f9a3fa1e92e615547819
17,discovery,4,48,2,19,number_tokens,8.9375,4.125,6.4375,2.3125,True,True,google/gemma-2-9b-it,11c9b309abf73637e4b6f9a3fa1e92e615547819
17,discovery,4,48,2,19,random_positions,8.9375,4.125,4.25,0.125,True,True,google/gemma-2-9b-it,11c9b309abf73637e4b6f9a3fa1e92e615547819
17,discovery,4,48,2,20,answer_position,8.9375,4.125,4.5,0.375,True,True,google/gemma-2-9b-it,11c9b309abf73637e4b6f9a3fa1e92e615547819
17,discovery,4,48,2,20,number_tokens,8.9375,4.125,5.5,1.375,True,True,google/gemma-2-9b-it,11c9b309abf73637e4b6f9a3fa1e92e615547819
17,discovery,4,48,2,20,random_positions,8.9375,4.125,4.5,0.375,True,True,google/gemma-2-9b-it,11c9b309abf73637e4b6f9a3fa1e92e615547819
17,discovery,4,48,2,21,answer_position,8.9375,4.125,5.375,1.25,True,True,google/gemma-2-9b-it,11c9b309abf73637e4b6f9a3fa1e92e615547819
17,discovery,4,48,2,21,number_tokens,8.9375,4.125,4.875,0.75,True,True,google/gemma-2-9b-it,11c9b309abf73637e4b6f9a3fa1e92e615547819
17,discovery,4,48,2,21,random_positions,8.9375,4.125,4.625,0.5,True,True,google/gemma-2-9b-it,11c9b309abf73637e4b6f9a3fa1e92e615547819
17,discovery,4,48,2,22,answer_position,8.9375,4.125,6.25,2.125,True,True,google/gemma-2-9b-it,11c9b309abf73637e4b6f9a3fa1e92e615547819
17,discovery,4,48,2,22,number_tokens,8.9375,4.125,5.0,0.875,True,True,google/gemma-2-9b-it,11c9b309abf73637e4b6f9a3fa1e92e615547819
17,discovery,4,48,2,22,random_positions,8.9375,4.125,4.625,0.5,True,True,google/gemma-2-9b-it,11c9b309abf73637e4b6f9a3fa1e92e615547819
17,discovery,4,48,2,23,answer_position,8.9375,4.125,6.8125,2.6875,True,True,google/gemma-2-9b-it,11c9b309abf73637e4b6f9a3fa1e92e615547819
17,discovery,4,48,2,23,number_tokens,8.9375,4.125,4.125,0.0,True,True,google/gemma-2-9b-it,11c9b309abf73637e4b6f9a3fa1e92e615547819
17,discovery,4,48,2,23,random_positions,8.9375,4.125,4.375,0.25,True,True,google/gemma-2-9b-it,11c9b309abf73637e4b6f9a3fa1e92e615547819
17,discovery,4,48,2,24,answer_position,8.9375,4.125,7.0,2.875,True,True,google/gemma-2-9b-it,11c9b309abf73637e4b6f9a3fa1e92e615547819
17,discovery,4,48,2,24,number_tokens,8.9375,4.125,4.125,0.0,True,True,google/gemma-2-9b-it,11c9b309abf73637e4b6f9a3fa1e92e615547819
17,discovery,4,48,2,24,random_positions,8.9375,4.125,4.375,0.25,True,True,google/gemma-2-9b-it,11c9b309abf73637e4b6f9a3fa1e92e615547819
17,discovery,4,48,2,25,answer_position,8.9375,4.125,7.75,3.625,True,True,google/gemma-2-9b-it,11c9b309abf73637e4b6f9a3fa1e92e615547819
17,discovery,4,48,2,25,number_tokens,8.9375,4.125,4.125,0.0,True,True,google/gemma-2-9b-it,11c9b309abf73637e4b6f9a3fa1e92e615547819
17,discovery,4,48,2,25,random_positions,8.9375,4.125,4.25,0.125,True,True,google/gemma-2-9b-it,11c9b309abf73637e4b6f9a3fa1e92e615547819
17,discovery,4,48,2,26,answer_position,8.9375,4.125,7.9375,3.8125,True,True,google/gemma-2-9b-it,11c9b309abf73637e4b6f9a3fa1e92e615547819
17,discovery,4,48,2,26,number_tokens,8.9375,4.125,4.0,-0.125,True,True,google/gemma-2-9b-it,11c9b309abf73637e4b6f9a3fa1e92e615547819
17,discovery,4,48,2,26,random_positions,8.9375,4.125,4.125,0.0,True,True,google/gemma-2-9b-it,11c9b309abf73637e4b6f9a3fa1e92e615547819
17,discovery,4,48,2,27,answer_position,8.9375,4.125,8.0,3.875,True,True,google/gemma-2-9b-it,11c9b309abf73637e4b6f9a3fa1e92e615547819
17,discovery,4,48,2,27,number_tokens,8.9375,4.125,4.125,0.0,True,True,google/gemma-2-9b-it,11c9b309abf73637e4b6f9a3fa1e92e615547819
17,discovery,4,48,2,27,random_positions,8.9375,4.125,4.125,0.0,True,True,google/gemma-2-9b-it,11c9b309abf73637e4b6f9a3fa1e92e615547819
17,discovery,4,48,2,28,answer_position,8.9375,4.125,7.9375,3.8125,True,True,google/gemma-2-9b-it,11c9b309abf73637e4b6f9a3fa1e92e615547819
17,discovery,4,48,2,28,number_tokens,8.9375,4.125,4.125,0.0,True,True,google/gemma-2-9b-it,11c9b309abf73637e4b6f9a3fa1e92e615547819
17,discovery,4,48,2,28,random_positions,8.9375,4.125,4.125,0.0,True,True,google/gemma-2-9b-it,11c9b309abf73637e4b6f9a3fa1e92e615547819
17,discovery,4,48,2,29,answer_position,8.9375,4.125,7.9375,3.8125,True,True,google/gemma-2-9b-it,11c9b309abf73637e4b6f9a3fa1e92e615547819
17,discovery,4,48,2,29,number_tokens,8.9375,4.125,4.125,0.0,True,True,google/gemma-2-9b-it,11c9b309abf73637e4b6f9a3fa1e92e615547819
17,discovery,4,48,2,29,random_positions,8.9375,4.125,4.125,0.0,True,True,google/gemma-2-9b-it,11c9b309abf73637e4b6f9a3fa1e92e615547819
17,discovery,4,48,2,30,answer_position,8.9375,4.125,8.0,3.875,True,True,google/gemma-2-9b-it,11c9b309abf73637e4b6f9a3fa1e92e615547819
17,discovery,4,48,2,30,number_tokens,8.9375,4.125,4.125,0.0,True,True,google/gemma-2-9b-it,11c9b309abf73637e4b6f9a3fa1e92e615547819
17,discovery,4,48,2,30,random_positions,8.9375,4.125,4.125,0.0,True,True,google/gemma-2-9b-it,11c9b309abf73637e4b6f9a3fa1e92e615547819
17,discovery,4,48,2,31,answer_position,8.9375,4.125,8.125,4.0,True,True,google/gemma-2-9b-it,11c9b309abf73637e4b6f9a3fa1e92e615547819
17,discovery,4,48,2,31,number_tokens,8.9375,4.125,4.125,0.0,True,True,google/gemma-2-9b-it,11c9b309abf73637e4b6f9a3fa1e92e615547819
17,discovery,4,48,2,31,random_positions,8.9375,4.125,4.125,0.0,True,True,google/gemma-2-9b-it,11c9b309abf73637e4b6f9a3fa1e92e615547819
17,discovery,4,48,2,32,answer_position,8.9375,4.125,8.125,4.0,True,True,google/gemma-2-9b-it,11c9b309abf73637e4b6f9a3fa1e92e615547819
17,discovery,4,48,2,32,number_tokens,8.9375,4.125,4.125,0.0,True,True,google/gemma-2-9b-it,11c9b309abf73637e4b6f9a3fa1e92e615547819
17,discovery,4,48,2,32,random_positions,8.9375,4.125,4.125,0.0,True,True,google/gemma-2-9b-it,11c9b309abf73637e4b6f9a3fa1e92e615547819
17,discovery,4,48,2,33,answer_position,8.9375,4.125,8.125,4.0,True,True,google/gemma-2-9b-it,11c9b309abf73637e4b6f9a3fa1e92e615547819
17,discovery,4,48,2,33,number_tokens,8.9375,4.125,4.125,0.0,True,True,google/gemma-2-9b-it,11c9b309abf73637e4b6f9a3fa1e92e615547819
17,discovery,4,48,2,33,random_positions,8.9375,4.125,4.125,0.0,True,True,google/gemma-2-9b-it,11c9b309abf73637e4b6f9a3fa1e92e615547819
17,discovery,4,48,2,34,answer_position,8.9375,4.125,8.125,4.0,True,True,google/gemma-2-9b-it,11c9b309abf73637e4b6f9a3fa1e92e615547819
17,discovery,4,48,2,34,number_tokens,8.9375,4.125,4.125,0.0,True,True,google/gemma-2-9b-it,11c9b309abf73637e4b6f9a3fa1e92e615547819
17,discovery,4,48,2,34,random_positions,8.9375,4.125,4.125,0.0,True,True,google/gemma-2-9b-it,11c9b309abf73637e4b6f9a3fa1e92e615547819
17,discovery,4,48,2,35,answer_position,8.9375,4.125,8.125,4.0,True,True,google/gemma-2-9b-it,11c9b309abf73637e4b6f9a3fa1e92e615547819
17,discovery,4,48,2,35,number_tokens,8.9375,4.125,4.125,0.0,True,True,google/gemma-2-9b-it,11c9b309abf73637e4b6f9a3fa1e92e615547819
17,discovery,4,48,2,35,random_positions,8.9375,4.125,4.125,0.0,True,True,google/gemma-2-9b-it,11c9b309abf73637e4b6f9a3fa1e92e615547819
17,discovery,4,48,2,36,answer_position,8.9375,4.125,8.125,4.0,True,True,google/gemma-2-9b-it,11c9b309abf73637e4b6f9a3fa1e92e615547819
17,discovery,4,48,2,36,number_tokens,8.9375,4.125,4.125,0.0,True,True,google/gemma-2-9b-it,11c9b309abf73637e4b6f9a3fa1e92e615547819
17,discovery,4,48,2,36,random_positions,8.9375,4.125,4.125,0.0,True,True,google/gemma-2-9b-it,11c9b309abf73637e4b6f9a3fa1e92e615547819
17,discovery,4,48,2,37,answer_position,8.9375,4.125,8.1875,4.0625,True,True,google/gemma-2-9b-it,11c9b309abf73637e4b6f9a3fa1e92e615547819
17,discovery,4,48,2,37,number_tokens,8.9375,4.125,4.125,0.0,True,True,google/gemma-2-9b-it,11c9b309abf73637e4b6f9a3fa1e92e615547819
17,discovery,4,48,2,37,random_positions,8.9375,4.125,4.125,0.0,True,True,google/gemma-2-9b-it,11c9b309abf73637e4b6f9a3fa1e92e615547819
17,discovery,4,48,2,38,answer_position,8.9375,4.125,8.5,4.375,True,True,google/gemma-2-9b-it,11c9b309abf73637e4b6f9a3fa1e92e615547819
17,discovery,4,48,2,38,number_tokens,8.9375,4.125,4.125,0.0,True,True,google/gemma-2-9b-it,11c9b309abf73637e4b6f9a3fa1e92e615547819
17,discovery,4,48,2,38,random_positions,8.9375,4.125,4.0,-0.125,True,True,google/gemma-2-9b-it,11c9b309abf73637e4b6f9a3fa1e92e615547819
17,discovery,4,48,2,39,answer_position,8.9375,4.125,8.5625,4.4375,True,True,google/gemma-2-9b-it,11c9b309abf73637e4b6f9a3fa1e92e615547819
17,discovery,4,48,2,39,number_tokens,8.9375,4.125,4.125,0.0,True,True,google/gemma-2-9b-it,11c9b309abf73637e4b6f9a3fa1e92e615547819
17,discovery,4,48,2,39,random_positions,8.9375,4.125,4.125,0.0,True,True,google/gemma-2-9b-it,11c9b309abf73637e4b6f9a3fa1e92e615547819
17,discovery,4,48,2,40,answer_position,8.9375,4.125,8.75,4.625,True,True,google/gemma-2-9b-it,11c9b309abf73637e4b6f9a3fa1e92e615547819
17,discovery,4,48,2,40,number_tokens,8.9375,4.125,4.125,0.0,True,True,google/gemma-2-9b-it,11c9b309abf73637e4b6f9a3fa1e92e615547819
17,discovery,4,48,2,40,random_positions,8.9375,4.125,4.125,0.0,True,True,google/gemma-2-9b-it,11c9b309abf73637e4b6f9a3fa1e92e615547819
17,discovery,4,48,2,41,answer_position,8.9375,4.125,8.9375,4.8125,True,True,google/gemma-2-9b-it,11c9b309abf73637e4b6f9a3fa1e92e615547819
17,discovery,4,48,2,41,number_tokens,8.9375,4.125,4.125,0.0,True,True,google/gemma-2-9b-it,11c9b309abf73637e4b6f9a3fa1e92e615547819
17,discovery,4,48,2,41,random_positions,8.9375,4.125,4.125,0.0,True,True,google/gemma-2-9b-it,11c9b309abf73637e4b6f9a3fa1e92e615547819
18,discovery,4,49,3,0,answer_position,9.25,5.875,6.0,0.125,True,True,google/gemma-2-9b-it,11c9b309abf73637e4b6f9a3fa1e92e615547819
18,discovery,4,49,3,0,number_tokens,9.25,5.875,6.0,0.125,True,True,google/gemma-2-9b-it,11c9b309abf73637e4b6f9a3fa1e92e615547819
18,discovery,4,49,3,0,random_positions,9.25,5.875,5.875,0.0,True,True,google/gemma-2-9b-it,11c9b309abf73637e4b6f9a3fa1e92e615547819
18,discovery,4,49,3,1,answer_position,9.25,5.875,5.875,0.0,True,True,google/gemma-2-9b-it,11c9b309abf73637e4b6f9a3fa1e92e615547819
18,discovery,4,49,3,1,number_tokens,9.25,5.875,5.875,0.0,True,True,google/gemma-2-9b-it,11c9b309abf73637e4b6f9a3fa1e92e615547819
18,discovery,4,49,3,1,random_positions,9.25,5.875,5.875,0.0,True,True,google/gemma-2-9b-it,11c9b309abf73637e4b6f9a3fa1e92e615547819
18,discovery,4,49,3,2,answer_position,9.25,5.875,5.875,0.0,True,True,google/gemma-2-9b-it,11c9b309abf73637e4b6f9a3fa1e92e615547819
18,discovery,4,49,3,2,number_tokens,9.25,5.875,6.0,0.125,True,True,google/gemma-2-9b-it,11c9b309abf73637e4b6f9a3fa1e92e615547819
18,discovery,4,49,3,2,random_positions,9.25,5.875,5.75,-0.125,True,True,google/gemma-2-9b-it,11c9b309abf73637e4b6f9a3fa1e92e615547819
18,discovery,4,49,3,3,answer_position,9.25,5.875,5.875,0.0,True,True,google/gemma-2-9b-it,11c9b309abf73637e4b6f9a3fa1e92e615547819
18,discovery,4,49,3,3,number_tokens,9.25,5.875,6.125,0.25,True,True,google/gemma-2-9b-it,11c9b309abf73637e4b6f9a3fa1e92e615547819
18,discovery,4,49,3,3,random_positions,9.25,5.875,5.75,-0.125,True,True,google/gemma-2-9b-it,11c9b309abf73637e4b6f9a3fa1e92e615547819
18,discovery,4,49,3,4,answer_position,9.25,5.875,6.0,0.125,True,True,google/gemma-2-9b-it,11c9b309abf73637e4b6f9a3fa1e92e615547819
18,discovery,4,49,3,4,number_tokens,9.25,5.875,6.4375,0.5625,True,True,google/gemma-2-9b-it,11c9b309abf73637e4b6f9a3fa1e92e615547819
18,discovery,4,49,3,4,random_positions,9.25,5.875,5.75,-0.125,True,True,google/gemma-2-9b-it,11c9b309abf73637e4b6f9a3fa1e92e615547819
18,discovery,4,49,3,5,answer_position,9.25,5.875,5.875,0.0,True,True,google/gemma-2-9b-it,11c9b309abf73637e4b6f9a3fa1e92e615547819
18,discovery,4,49,3,5,number_tokens,9.25,5.875,6.6875,0.8125,True,True,google/gemma-2-9b-it,11c9b309abf73637e4b6f9a3fa1e92e615547819
18,discovery,4,49,3,5,random_positions,9.25,5.875,5.75,-0.125,True,True,google/gemma-2-9b-it,11c9b309abf73637e4b6f9a3fa1e92e615547819
18,discovery,4,49,3,6,answer_position,9.25,5.875,6.0,0.125,True,True,google/gemma-2-9b-it,11c9b309abf73637e4b6f9a3fa1e92e615547819
18,discovery,4,49,3,6,number_tokens,9.25,5.875,6.8125,0.9375,True,True,google/gemma-2-9b-it,11c9b309abf73637e4b6f9a3fa1e92e615547819
18,discovery,4,49,3,6,random_positions,9.25,5.875,5.875,0.0,True,True,google/gemma-2-9b-it,11c9b309abf73637e4b6f9a3fa1e92e615547819
18,discovery,4,49,3,7,answer_position,9.25,5.875,5.875,0.0,True,True,google/gemma-2-9b-it,11c9b309abf73637e4b6f9a3fa1e92e615547819
18,discovery,4,49,3,7,number_tokens,9.25,5.875,7.75,1.875,True,True,google/gemma-2-9b-it,11c9b309abf73637e4b6f9a3fa1e92e615547819
18,discovery,4,49,3,7,random_positions,9.25,5.875,5.875,0.0,True,True,google/gemma-2-9b-it,11c9b309abf73637e4b6f9a3fa1e92e615547819
18,discovery,4,49,3,8,answer_position,9.25,5.875,5.875,0.0,True,True,google/gemma-2-9b-it,11c9b309abf73637e4b6f9a3fa1e92e615547819
18,discovery,4,49,3,8,number_tokens,9.25,5.875,7.625,1.75,True,True,google/gemma-2-9b-it,11c9b309abf73637e4b6f9a3fa1e92e615547819
18,discovery,4,49,3,8,random_positions,9.25,5.875,5.875,0.0,True,True,google/gemma-2-9b-it,11c9b309abf73637e4b6f9a3fa1e92e615547819
18,discovery,4,49,3,9,answer_position,9.25,5.875,6.0,0.125,True,True,google/gemma-2-9b-it,11c9b309abf73637e4b6f9a3fa1e92e615547819
18,discovery,4,49,3,9,number_tokens,9.25,5.875,7.375,1.5,True,True,google/gemma-2-9b-it,11c9b309abf73637e4b6f9a3fa1e92e615547819
18,discovery,4,49,3,9,random_positions,9.25,5.875,5.875,0.0,True,True,google/gemma-2-9b-it,11c9b309abf73637e4b6f9a3fa1e92e615547819
18,discovery,4,49,3,10,answer_position,9.25,5.875,5.875,0.0,True,True,google/gemma-2-9b-it,11c9b309abf73637e4b6f9a3fa1e92e615547819
18,discovery,4,49,3,10,number_tokens,9.25,5.875,6.9375,1.0625,True,True,google/gemma-2-9b-it,11c9b309abf73637e4b6f9a3fa1e92e615547819
18,discovery,4,49,3,10,random_positions,9.25,5.875,5.75,-0.125,True,True,google/gemma-2-9b-it,11c9b309abf73637e4b6f9a3fa1e92e615547819
18,discovery,4,49,3,11,answer_position,9.25,5.875,6.0,0.125,True,True,google/gemma-2-9b-it,11c9b309abf73637e4b6f9a3fa1e92e615547819
18,discovery,4,49,3,11,number_tokens,9.25,5.875,6.0,0.125,True,True,google/gemma-2-9b-it,11c9b309abf73637e4b6f9a3fa1e92e615547819
18,discovery,4,49,3,11,random_positions,9.25,5.875,5.75,-0.125,True,True,google/gemma-2-9b-it,11c9b309abf73637e4b6f9a3fa1e92e615547819
18,discovery,4,49,3,12,answer_position,9.25,5.875,5.875,0.0,True,True,google/gemma-2-9b-it,11c9b309abf73637e4b6f9a3fa1e92e615547819
18,discovery,4,49,3,12,number_tokens,9.25,5.875,-1.5,-7.375,True,False,google/gemma-2-9b-it,11c9b309abf73637e4b6f9a3fa1e92e615547819
18,discovery,4,49,3,12,random_positions,9.25,5.875,5.75,-0.125,True,True,google/gemma-2-9b-it,11c9b309abf73637e4b6f9a3fa1e92e615547819
18,discovery,4,49,3,13,answer_position,9.25,5.875,6.0,0.125,True,True,google/gemma-2-9b-it,11c9b309abf73637e4b6f9a3fa1e92e615547819
18,discovery,4,49,3,13,number_tokens,9.25,5.875,-1.25,-7.125,True,False,google/gemma-2-9b-it,11c9b309abf73637e4b6f9a3fa1e92e615547819
18,discovery,4,49,3,13,random_positions,9.25,5.875,5.875,0.0,True,True,google/gemma-2-9b-it,11c9b309abf73637e4b6f9a3fa1e92e615547819
18,discovery,4,49,3,14,answer_position,9.25,5.875,5.875,0.0,True,True,google/gemma-2-9b-it,11c9b309abf73637e4b6f9a3fa1e92e615547819
18,discovery,4,49,3,14,number_tokens,9.25,5.875,2.625,-3.25,True,True,google/gemma-2-9b-it,11c9b309abf73637e4b6f9a3fa1e92e615547819
18,discovery,4,49,3,14,random_positions,9.25,5.875,5.625,-0.25,True,True,google/gemma-2-9b-it,11c9b309abf73637e4b6f9a3fa1e92e615547819
18,discovery,4,49,3,15,answer_position,9.25,5.875,6.0,0.125,True,True,google/gemma-2-9b-it,11c9b309abf73637e4b6f9a3fa1e92e615547819
18,discovery,4,49,3,15,number_tokens,9.25,5.875,6.125,0.25,True,True,google/gemma-2-9b-it,11c9b309abf73637e4b6f9a3fa1e92e615547819
18,discovery,4,49,3,15,random_positions,9.25,5.875,5.75,-0.125,True,True,google/gemma-2-9b-it,11c9b309abf73637e4b6f9a3fa1e92e615547819
18,discovery,4,49,3,16,answer_position,9.25,5.875,6.0,0.125,True,True,google/gemma-2-9b-it,11c9b309abf73637e4b6f9a3fa1e92e615547819
18,discovery,4,49,3,16,number_tokens,9.25,5.875,7.25,1.375,True,True,google/gemma-2-9b-it,11c9b309abf73637e4b6f9a3fa1e92e615547819
18,discovery,4,49,3,16,random_positions,9.25,5.875,5.75,-0.125,True,True,google/gemma-2-9b-it,11c9b309abf73637e4b6f9a3fa1e92e615547819
18,discovery,4,49,3,17,answer_position,9.25,5.875,6.0,0.125,True,True,google/gemma-2-9b-it,11c9b309abf73637e4b6f9a3fa1e92e615547819
18,discovery,4,49,3,17,number_tokens,9.25,5.875,7.375,1.5,True,True,google/gemma-2-9b-it,11c9b309abf73637e4b6f9a3fa1e92e615547819
18,discovery,4,49,3,17,random_positions,9.25,5.875,5.875,0.0,True,True,google/gemma-2-9b-it,11c9b309abf73637e4b6f9a3fa1e92e615547819
18,discovery,4,49,3,18,answer_position,9.25,5.875,5.875,0.0,True,True,google/gemma-2-9b-it,11c9b309abf73637e4b6f9a3fa1e92e615547819
18,discovery,4,49,3,18,number_tokens,9.25,5.875,6.9375,1.0625,True,True,google/gemma-2-9b-it,11c9b309abf73637e4b6f9a3fa1e92e615547819
18,discovery,4,49,3,18,random_positions,9.25,5.875,5.875,0.0,True,True,google/gemma-2-9b-it,11c9b309abf73637e4b6f9a3fa1e92e615547819
18,discovery,4,49,3,19,answer_position,9.25,5.875,5.875,0.0,True,True,google/gemma-2-9b-it,11c9b309abf73637e4b6f9a3fa1e92e615547819
18,discovery,4,49,3,19,number_tokens,9.25,5.875,7.6875,1.8125,True,True,google/gemma-2-9b-it,11c9b309abf73637e4b6f9a3fa1e92e615547819
18,discovery,4,49,3,19,random_positions,9.25,5.875,6.0,0.125,True,True,google/gemma-2-9b-it,11c9b309abf73637e4b6f9a3fa1e92e615547819
18,discovery,4,49,3,20,answer_position,9.25,5.875,6.125,0.25,True,True,google/gemma-2-9b-it,11c9b309abf73637e4b6f9a3fa1e92e615547819
18,discovery,4,49,3,20,number_tokens,9.25,5.875,6.9375,1.0625,True,True,google/gemma-2-9b-it,11c9b309abf73637e4b6f9a3fa1e92e615547819
18,discovery,4,49,3,20,random_positions,9.25,5.875,5.875,0.0,True,True,google/gemma-2-9b-it,11c9b309abf73637e4b6f9a3fa1e92e615547819
18,discovery,4,49,3,21,answer_position,9.25,5.875,6.6875,0.8125,True,True,google/gemma-2-9b-it,11c9b309abf73637e4b6f9a3fa1e92e615547819
18,discovery,4,49,3,21,number_tokens,9.25,5.875,6.4375,0.5625,True,True,google/gemma-2-9b-it,11c9b309abf73637e4b6f9a3fa1e92e615547819
18,discovery,4,49,3,21,random_positions,9.25,5.875,6.125,0.25,True,True,google/gemma-2-9b-it,11c9b309abf73637e4b6f9a3fa1e92e615547819
18,discovery,4,49,3,22,answer_position,9.25,5.875,7.125,1.25,True,True,google/gemma-2-9b-it,11c9b309abf73637e4b6f9a3fa1e92e615547819
18,discovery,4,49,3,22,number_tokens,9.25,5.875,6.4375,0.5625,True,True,google/gemma-2-9b-it,11c9b309abf73637e4b6f9a3fa1e92e615547819
18,discovery,4,49,3,22,random_positions,9.25,5.875,6.25,0.375,True,True,google/gemma-2-9b-it,11c9b309abf73637e4b6f9a3fa1e92e615547819
18,discovery,4,49,3,23,answer_position,9.25,5.875,7.875,2.0,True,True,google/gemma-2-9b-it,11c9b309abf73637e4b6f9a3fa1e92e615547819
18,discovery,4,49,3,23,number_tokens,9.25,5.875,6.0,0.125,True,True,google/gemma-2-9b-it,11c9b309abf73637e4b6f9a3fa1e92e615547819
18,discovery,4,49,3,23,random_positions,9.25,5.875,6.0,0.125,True,True,google/gemma-2-9b-it,11c9b309abf73637e4b6f9a3fa1e92e615547819
18,discovery,4,49,3,24,answer_position,9.25,5.875,8.125,2.25,True,True,google/gemma-2-9b-it,11c9b309abf73637e4b6f9a3fa1e92e615547819
18,discovery,4,49,3,24,number_tokens,9.25,5.875,5.875,0.0,True,True,google/gemma-2-9b-it,11c9b309abf73637e4b6f9a3fa1e92e615547819
18,discovery,4,49,3,24,random_positions,9.25,5.875,6.0,0.125,True,True,google/gemma-2-9b-it,11c9b309abf73637e4b6f9a3fa1e92e615547819
18,discovery,4,49,3,25,answer_position,9.25,5.875,8.5,2.625,True,True,google/gemma-2-9b-it,11c9b309abf73637e4b6f9a3fa1e92e615547819
18,discovery,4,49,3,25,number_tokens,9.25,5.875,6.0,0.125,True,True,google/gemma-2-9b-it,11c9b309abf73637e4b6f9a3fa1e92e615547819
18,discovery,4,49,3,25,random_positions,9.25,5.875,5.875,0.0,True,True,google/gemma-2-9b-it,11c9b309abf73637e4b6f9a3fa1e92e615547819
18,discovery,4,49,3,26,answer_position,9.25,5.875,8.6875,2.8125,True,True,google/gemma-2-9b-it,11c9b309abf73637e4b6f9a3fa1e92e615547819
18,discovery,4,49,3,26,number_tokens,9.25,5.875,5.875,0.0,True,True,google/gemma-2-9b-it,11c9b309abf73637e4b6f9a3fa1e92e615547819
18,discovery,4,49,3,26,random_positions,9.25,5.875,5.875,0.0,True,True,google/gemma-2-9b-it,11c9b309abf73637e4b6f9a3fa1e92e615547819
18,discovery,4,49,3,27,answer_position,9.25,5.875,8.5625,2.6875,True,True,google/gemma-2-9b-it,11c9b309abf73637e4b6f9a3fa1e92e615547819
18,discovery,4,49,3,27,number_tokens,9.25,5.875,5.875,0.0,True,True,google/gemma-2-9b-it,11c9b309abf73637e4b6f9a3fa1e92e615547819
18,discovery,4,49,3,27,random_positions,9.25,5.875,5.875,0.0,True,True,google/gemma-2-9b-it,11c9b309abf73637e4b6f9a3fa1e92e615547819
18,discovery,4,49,3,28,answer_position,9.25,5.875,8.625,2.75,True,True,google/gemma-2-9b-it,11c9b309abf73637e4b6f9a3fa1e92e615547819
18,discovery,4,49,3,28,number_tokens,9.25,5.875,5.875,0.0,True,True,google/gemma-2-9b-it,11c9b309abf73637e4b6f9a3fa1e92e615547819
18,discovery,4,49,3,28,random_positions,9.25,5.875,6.0,0.125,True,True,google/gemma-2-9b-it,11c9b309abf73637e4b6f9a3fa1e92e615547819
18,discovery,4,49,3,29,answer_position,9.25,5.875,8.625,2.75,True,True,google/gemma-2-9b-it,11c9b309abf73637e4b6f9a3fa1e92e615547819
18,discovery,4,49,3,29,number_tokens,9.25,5.875,5.875,0.0,True,True,google/gemma-2-9b-it,11c9b309abf73637e4b6f9a3fa1e92e615547819
18,discovery,4,49,3,29,random_positions,9.25,5.875,5.875,0.0,True,True,google/gemma-2-9b-it,11c9b309abf73637e4b6f9a3fa1e92e615547819
18,discovery,4,49,3,30,answer_position,9.25,5.875,8.6875,2.8125,True,True,google/gemma-2-9b-it,11c9b309abf73637e4b6f9a3fa1e92e615547819
18,discovery,4,49,3,30,number_tokens,9.25,5.875,5.875,0.0,True,True,google/gemma-2-9b-it,11c9b309abf73637e4b6f9a3fa1e92e615547819
18,discovery,4,49,3,30,random_positions,9.25,5.875,5.875,0.0,True,True,google/gemma-2-9b-it,11c9b309abf73637e4b6f9a3fa1e92e615547819
18,discovery,4,49,3,31,answer_position,9.25,5.875,8.6875,2.8125,True,True,google/gemma-2-9b-it,11c9b309abf73637e4b6f9a3fa1e92e615547819
18,discovery,4,49,3,31,number_tokens,9.25,5.875,6.0,0.125,True,True,google/gemma-2-9b-it,11c9b309abf73637e4b6f9a3fa1e92e615547819
18,discovery,4,49,3,31,random_positions,9.25,5.875,5.875,0.0,True,True,google/gemma-2-9b-it,11c9b309abf73637e4b6f9a3fa1e92e615547819
18,discovery,4,49,3,32,answer_position,9.25,5.875,8.6875,2.8125,True,True,google/gemma-2-9b-it,11c9b309abf73637e4b6f9a3fa1e92e615547819
18,discovery,4,49,3,32,number_tokens,9.25,5.875,5.875,0.0,True,True,google/gemma-2-9b-it,11c9b309abf73637e4b6f9a3fa1e92e615547819
18,discovery,4,49,3,32,random_positions,9.25,5.875,6.0,0.125,True,True,google/gemma-2-9b-it,11c9b309abf73637e4b6f9a3fa1e92e615547819
18,discovery,4,49,3,33,answer_position,9.25,5.875,8.6875,2.8125,True,True,google/gemma-2-9b-it,11c9b309abf73637e4b6f9a3fa1e92e615547819
18,discovery,4,49,3,33,number_tokens,9.25,5.875,5.875,0.0,True,True,google/gemma-2-9b-it,11c9b309abf73637e4b6f9a3fa1e92e615547819
18,discovery,4,49,3,33,random_positions,9.25,5.875,6.0,0.125,True,True,google/gemma-2-9b-it,11c9b309abf73637e4b6f9a3fa1e92e615547819
18,discovery,4,49,3,34,answer_position,9.25,5.875,8.8125,2.9375,True,True,google/gemma-2-9b-it,11c9b309abf73637e4b6f9a3fa1e92e615547819
18,discovery,4,49,3,34,number_tokens,9.25,5.875,5.875,0.0,True,True,google/gemma-2-9b-it,11c9b309abf73637e4b6f9a3fa1e92e615547819
18,discovery,4,49,3,34,random_positions,9.25,5.875,5.875,0.0,True,True,google/gemma-2-9b-it,11c9b309abf73637e4b6f9a3fa1e92e615547819
18,discovery,4,49,3,35,answer_position,9.25,5.875,8.8125,2.9375,True,True,google/gemma-2-9b-it,11c9b309abf73637e4b6f9a3fa1e92e615547819
18,discovery,4,49,3,35,number_tokens,9.25,5.875,5.875,0.0,True,True,google/gemma-2-9b-it,11c9b309abf73637e4b6f9a3fa1e92e615547819
18,discovery,4,49,3,35,random_positions,9.25,5.875,6.0,0.125,True,True,google/gemma-2-9b-it,11c9b309abf73637e4b6f9a3fa1e92e615547819
18,discovery,4,49,3,36,answer_position,9.25,5.875,8.8125,2.9375,True,True,google/gemma-2-9b-it,11c9b309abf73637e4b6f9a3fa1e92e615547819
18,discovery,4,49,3,36,number_tokens,9.25,5.875,5.875,0.0,True,True,google/gemma-2-9b-it,11c9b309abf73637e4b6f9a3fa1e92e615547819
18,discovery,4,49,3,36,random_positions,9.25,5.875,6.0,0.125,True,True,google/gemma-2-9b-it,11c9b309abf73637e4b6f9a3fa1e92e615547819
18,discovery,4,49,3,37,answer_position,9.25,5.875,8.8125,2.9375,True,True,google/gemma-2-9b-it,11c9b309abf73637e4b6f9a3fa1e92e615547819
18,discovery,4,49,3,37,number_tokens,9.25,5.875,5.875,0.0,True,True,google/gemma-2-9b-it,11c9b309abf73637e4b6f9a3fa1e92e615547819
18,discovery,4,49,3,37,random_positions,9.25,5.875,6.0,0.125,True,True,google/gemma-2-9b-it,11c9b309abf73637e4b6f9a3fa1e92e615547819
18,discovery,4,49,3,38,answer_position,9.25,5.875,9.0,3.125,True,True,google/gemma-2-9b-it,11c9b309abf73637e4b6f9a3fa1e92e615547819
18,discovery,4,49,3,38,number_tokens,9.25,5.875,5.875,0.0,True,True,google/gemma-2-9b-it,11c9b309abf73637e4b6f9a3fa1e92e615547819
18,discovery,4,49,3,38,random_positions,9.25,5.875,6.0,0.125,True,True,google/gemma-2-9b-it,11c9b309abf73637e4b6f9a3fa1e92e615547819
18,discovery,4,49,3,39,answer_position,9.25,5.875,9.0625,3.1875,True,True,google/gemma-2-9b-it,11c9b309abf73637e4b6f9a3fa1e92e615547819
18,discovery,4,49,3,39,number_tokens,9.25,5.875,5.875,0.0,True,True,google/gemma-2-9b-it,11c9b309abf73637e4b6f9a3fa1e92e615547819
18,discovery,4,49,3,39,random_positions,9.25,5.875,5.875,0.0,True,True,google/gemma-2-9b-it,11c9b309abf73637e4b6f9a3fa1e92e615547819
18,discovery,4,49,3,40,answer_position,9.25,5.875,9.1875,3.3125,True,True,google/gemma-2-9b-it,11c9b309abf73637e4b6f9a3fa1e92e615547819
18,discovery,4,49,3,40,number_tokens,9.25,5.875,5.875,0.0,True,True,google/gemma-2-9b-it,11c9b309abf73637e4b6f9a3fa1e92e615547819
18,discovery,4,49,3,40,random_positions,9.25,5.875,5.875,0.0,True,True,google/gemma-2-9b-it,11c9b309abf73637e4b6f9a3fa1e92e615547819
18,discovery,4,49,3,41,answer_position,9.25,5.875,9.25,3.375,True,True,google/gemma-2-9b-it,11c9b309abf73637e4b6f9a3fa1e92e615547819
18,discovery,4,49,3,41,number_tokens,9.25,5.875,5.875,0.0,True,True,google/gemma-2-9b-it,11c9b309abf73637e4b6f9a3fa1e92e615547819
18,discovery,4,49,3,41,random_positions,9.25,5.875,5.875,0.0,True,True,google/gemma-2-9b-it,11c9b309abf73637e4b6f9a3fa1e92e615547819
19,discovery,4,50,4,0,answer_position,8.375,4.75,4.75,0.0,True,True,google/gemma-2-9b-it,11c9b309abf73637e4b6f9a3fa1e92e615547819
19,discovery,4,50,4,0,number_tokens,8.375,4.75,4.875,0.125,True,True,google/gemma-2-9b-it,11c9b309abf73637e4b6f9a3fa1e92e615547819
19,discovery,4,50,4,0,random_positions,8.375,4.75,5.5,0.75,True,True,google/gemma-2-9b-it,11c9b309abf73637e4b6f9a3fa1e92e615547819
19,discovery,4,50,4,1,answer_position,8.375,4.75,4.75,0.0,True,True,google/gemma-2-9b-it,11c9b309abf73637e4b6f9a3fa1e92e615547819
19,discovery,4,50,4,1,number_tokens,8.375,4.75,5.0,0.25,True,True,google/gemma-2-9b-it,11c9b309abf73637e4b6f9a3fa1e92e615547819
19,discovery,4,50,4,1,random_positions,8.375,4.75,5.375,0.625,True,True,google/gemma-2-9b-it,11c9b309abf73637e4b6f9a3fa1e92e615547819
19,discovery,4,50,4,2,answer_position,8.375,4.75,4.75,0.0,True,True,google/gemma-2-9b-it,11c9b309abf73637e4b6f9a3fa1e92e615547819
19,discovery,4,50,4,2,number_tokens,8.375,4.75,5.125,0.375,True,True,google/gemma-2-9b-it,11c9b309abf73637e4b6f9a3fa1e92e615547819
19,discovery,4,50,4,2,random_positions,8.375,4.75,4.875,0.125,True,True,google/gemma-2-9b-it,11c9b309abf73637e4b6f9a3fa1e92e615547819
19,discovery,4,50,4,3,answer_position,8.375,4.75,4.625,-0.125,True,True,google/gemma-2-9b-it,11c9b309abf73637e4b6f9a3fa1e92e615547819
19,discovery,4,50,4,3,number_tokens,8.375,4.75,5.25,0.5,True,True,google/gemma-2-9b-it,11c9b309abf73637e4b6f9a3fa1e92e615547819
19,discovery,4,50,4,3,random_positions,8.375,4.75,5.25,0.5,True,True,google/gemma-2-9b-it,11c9b309abf73637e4b6f9a3fa1e92e615547819
19,discovery,4,50,4,4,answer_position,8.375,4.75,4.75,0.0,True,True,google/gemma-2-9b-it,11c9b309abf73637e4b6f9a3fa1e92e615547819
19,discovery,4,50,4,4,number_tokens,8.375,4.75,5.375,0.625,True,True,google/gemma-2-9b-it,11c9b309abf73637e4b6f9a3fa1e92e615547819
19,discovery,4,50,4,4,random_positions,8.375,4.75,5.125,0.375,True,True,google/gemma-2-9b-it,11c9b309abf73637e4b6f9a3fa1e92e615547819
19,discovery,4,50,4,5,answer_position,8.375,4.75,4.625,-0.125,True,True,google/gemma-2-9b-it,11c9b309abf73637e4b6f9a3fa1e92e615547819
19,discovery,4,50,4,5,number_tokens,8.375,4.75,6.6875,1.9375,True,True,google/gemma-2-9b-it,11c9b309abf73637e4b6f9a3fa1e92e615547819
19,discovery,4,50,4,5,random_positions,8.375,4.75,5.0,0.25,True,True,google/gemma-2-9b-it,11c9b309abf73637e4b6f9a3fa1e92e615547819
19,discovery,4,50,4,6,answer_position,8.375,4.75,4.75,0.0,True,True,google/gemma-2-9b-it,11c9b309abf73637e4b6f9a3fa1e92e615547819
19,discovery,4,50,4,6,number_tokens,8.375,4.75,6.9375,2.1875,True,True,google/gemma-2-9b-it,11c9b309abf73637e4b6f9a3fa1e92e615547819
19,discovery,4,50,4,6,random_positions,8.375,4.75,5.0,0.25,True,True,google/gemma-2-9b-it,11c9b309abf73637e4b6f9a3fa1e92e615547819
19,discovery,4,50,4,7,answer_position,8.375,4.75,4.75,0.0,True,True,google/gemma-2-9b-it,11c9b309abf73637e4b6f9a3fa1e92e615547819
19,discovery,4,50,4,7,number_tokens,8.375,4.75,8.0,3.25,True,True,google/gemma-2-9b-it,11c9b309abf73637e4b6f9a3fa1e92e615547819
19,discovery,4,50,4,7,random_positions,8.375,4.75,5.625,0.875,True,True,google/gemma-2-9b-it,11c9b309abf73637e4b6f9a3fa1e92e615547819
19,discovery,4,50,4,8,answer_position,8.375,4.75,4.75,0.0,True,True,google/gemma-2-9b-it,11c9b309abf73637e4b6f9a3fa1e92e615547819
19,discovery,4,50,4,8,number_tokens,8.375,4.75,7.9375,3.1875,True,True,google/gemma-2-9b-it,11c9b309abf73637e4b6f9a3fa1e92e615547819
19,discovery,4,50,4,8,random_positions,8.375,4.75,5.625,0.875,True,True,google/gemma-2-9b-it,11c9b309abf73637e4b6f9a3fa1e92e615547819
19,discovery,4,50,4,9,answer_position,8.375,4.75,4.625,-0.125,True,True,google/gemma-2-9b-it,11c9b309abf73637e4b6f9a3fa1e92e615547819
19,discovery,4,50,4,9,number_tokens,8.375,4.75,7.375,2.625,True,True,google/gemma-2-9b-it,11c9b309abf73637e4b6f9a3fa1e92e615547819
19,discovery,4,50,4,9,random_positions,8.375,4.75,5.625,0.875,True,True,google/gemma-2-9b-it,11c9b309abf73637e4b6f9a3fa1e92e615547819
19,discovery,4,50,4,10,answer_position,8.375,4.75,4.75,0.0,True,True,google/gemma-2-9b-it,11c9b309abf73637e4b6f9a3fa1e92e615547819
19,discovery,4,50,4,10,number_tokens,8.375,4.75,7.75,3.0,True,True,google/gemma-2-9b-it,11c9b309abf73637e4b6f9a3fa1e92e615547819
19,discovery,4,50,4,10,random_positions,8.375,4.75,5.5,0.75,True,True,google/gemma-2-9b-it,11c9b309abf73637e4b6f9a3fa1e92e615547819
19,discovery,4,50,4,11,answer_position,8.375,4.75,4.75,0.0,True,True,google/gemma-2-9b-it,11c9b309abf73637e4b6f9a3fa1e92e615547819
19,discovery,4,50,4,11,number_tokens,8.375,4.75,6.5,1.75,True,True,google/gemma-2-9b-it,11c9b309abf73637e4b6f9a3fa1e92e615547819
19,discovery,4,50,4,11,random_positions,8.375,4.75,5.625,0.875,True,True,google/gemma-2-9b-it,11c9b309abf73637e4b6f9a3fa1e92e615547819
19,discovery,4,50,4,12,answer_position,8.375,4.75,4.75,0.0,True,True,google/gemma-2-9b-it,11c9b309abf73637e4b6f9a3fa1e92e615547819
19,discovery,4,50,4,12,number_tokens,8.375,4.75,1.375,-3.375,True,True,google/gemma-2-9b-it,11c9b309abf73637e4b6f9a3fa1e92e615547819
19,discovery,4,50,4,12,random_positions,8.375,4.75,6.0,1.25,True,True,google/gemma-2-9b-it,11c9b309abf73637e4b6f9a3fa1e92e615547819
19,discovery,4,50,4,13,answer_position,8.375,4.75,4.875,0.125,True,True,google/gemma-2-9b-it,11c9b309abf73637e4b6f9a3fa1e92e615547819
19,discovery,4,50,4,13,number_tokens,8.375,4.75,-3.25,-8.0,True,False,google/gemma-2-9b-it,11c9b309abf73637e4b6f9a3fa1e92e615547819
19,discovery,4,50,4,13,random_positions,8.375,4.75,5.625,0.875,True,True,google/gemma-2-9b-it,11c9b309abf73637e4b6f9a3fa1e92e615547819
19,discovery,4,50,4,14,answer_position,8.375,4.75,4.75,0.0,True,True,google/gemma-2-9b-it,11c9b309abf73637e4b6f9a3fa1e92e615547819
19,discovery,4,50,4,14,number_tokens,8.375,4.75,1.625,-3.125,True,True,google/gemma-2-9b-it,11c9b309abf73637e4b6f9a3fa1e92e615547819
19,discovery,4,50,4,14,random_positions,8.375,4.75,6.125,1.375,True,True,google/gemma-2-9b-it,11c9b309abf73637e4b6f9a3fa1e92e615547819
19,discovery,4,50,4,15,answer_position,8.375,4.75,4.75,0.0,True,True,google/gemma-2-9b-it,11c9b309abf73637e4b6f9a3fa1e92e615547819
19,discovery,4,50,4,15,number_tokens,8.375,4.75,6.0,1.25,True,True,google/gemma-2-9b-it,11c9b309abf73637e4b6f9a3fa1e92e615547819
19,discovery,4,50,4,15,random_positions,8.375,4.75,6.25,1.5,True,True,google/gemma-2-9b-it,11c9b309abf73637e4b6f9a3fa1e92e615547819
19,discovery,4,50,4,16,answer_position,8.375,4.75,4.75,0.0,True,True,google/gemma-2-9b-it,11c9b309abf73637e4b6f9a3fa1e92e615547819
19,discovery,4,50,4,16,number_tokens,8.375,4.75,6.8125,2.0625,True,True,google/gemma-2-9b-it,11c9b309abf73637e4b6f9a3fa1e92e615547819
19,discovery,4,50,4,16,random_positions,8.375,4.75,6.125,1.375,True,True,google/gemma-2-9b-it,11c9b309abf73637e4b6f9a3fa1e92e615547819
19,discovery,4,50,4,17,answer_position,8.375,4.75,4.875,0.125,True,True,google/gemma-2-9b-it,11c9b309abf73637e4b6f9a3fa1e92e615547819
19,discovery,4,50,4,17,number_tokens,8.375,4.75,6.9375,2.1875,True,True,google/gemma-2-9b-it,11c9b309abf73637e4b6f9a3fa1e92e615547819
19,discovery,4,50,4,17,random_positions,8.375,4.75,6.4375,1.6875,True,True,google/gemma-2-9b-it,11c9b309abf73637e4b6f9a3fa1e92e615547819
19,discovery,4,50,4,18,answer_position,8.375,4.75,4.875,0.125,True,True,google/gemma-2-9b-it,11c9b309abf73637e4b6f9a3fa1e92e615547819
19,discovery,4,50,4,18,number_tokens,8.375,4.75,6.375,1.625,True,True,google/gemma-2-9b-it,11c9b309abf73637e4b6f9a3fa1e92e615547819
19,discovery,4,50,4,18,random_positions,8.375,4.75,6.4375,1.6875,True,True,google/gemma-2-9b-it,11c9b309abf73637e4b6f9a3fa1e92e615547819
19,discovery,4,50,4,19,answer_position,8.375,4.75,4.875,0.125,True,True,google/gemma-2-9b-it,11c9b309abf73637e4b6f9a3fa1e92e615547819
19,discovery,4,50,4,19,number_tokens,8.375,4.75,6.8125,2.0625,True,True,google/gemma-2-9b-it,11c9b309abf73637e4b6f9a3fa1e92e615547819
19,discovery,4,50,4,19,random_positions,8.375,4.75,6.375,1.625,True,True,google/gemma-2-9b-it,11c9b309abf73637e4b6f9a3fa1e92e615547819
19,discovery,4,50,4,20,answer_position,8.375,4.75,5.375,0.625,True,True,google/gemma-2-9b-it,11c9b309abf73637e4b6f9a3fa1e92e615547819
19,discovery,4,50,4,20,number_tokens,8.375,4.75,5.75,1.0,True,True,google/gemma-2-9b-it,11c9b309abf73637e4b6f9a3fa1e92e615547819
19,discovery,4,50,4,20,random_positions,8.375,4.75,6.4375,1.6875,True,True,google/gemma-2-9b-it,11c9b309abf73637e4b6f9a3fa1e92e615547819
19,discovery,4,50,4,21,answer_position,8.375,4.75,5.75,1.0,True,True,google/gemma-2-9b-it,11c9b309abf73637e4b6f9a3fa1e92e615547819
19,discovery,4,50,4,21,number_tokens,8.375,4.75,5.625,0.875,True,True,google/gemma-2-9b-it,11c9b309abf73637e4b6f9a3fa1e92e615547819
19,discovery,4,50,4,21,random_positions,8.375,4.75,7.125,2.375,True,True,google/gemma-2-9b-it,11c9b309abf73637e4b6f9a3fa1e92e615547819
19,discovery,4,50,4,22,answer_position,8.375,4.75,6.25,1.5,True,True,google/gemma-2-9b-it,11c9b309abf73637e4b6f9a3fa1e92e615547819
19,discovery,4,50,4,22,number_tokens,8.375,4.75,5.5,0.75,True,True,google/gemma-2-9b-it,11c9b309abf73637e4b6f9a3fa1e92e615547819
19,discovery,4,50,4,22,random_positions,8.375,4.75,7.25,2.5,True,True,google/gemma-2-9b-it,11c9b309abf73637e4b6f9a3fa1e92e615547819
19,discovery,4,50,4,23,answer_position,8.375,4.75,7.125,2.375,True,True,google/gemma-2-9b-it,11c9b309abf73637e4b6f9a3fa1e92e615547819
19,discovery,4,50,4,23,number_tokens,8.375,4.75,4.625,-0.125,True,True,google/gemma-2-9b-it,11c9b309abf73637e4b6f9a3fa1e92e615547819
19,discovery,4,50,4,23,random_positions,8.375,4.75,7.125,2.375,True,True,google/gemma-2-9b-it,11c9b309abf73637e4b6f9a3fa1e92e615547819
19,discovery,4,50,4,24,answer_position,8.375,4.75,7.125,2.375,True,True,google/gemma-2-9b-it,11c9b309abf73637e4b6f9a3fa1e92e615547819
19,discovery,4,50,4,24,number_tokens,8.375,4.75,4.625,-0.125,True,True,google/gemma-2-9b-it,11c9b309abf73637e4b6f9a3fa1e92e615547819
19,discovery,4,50,4,24,random_positions,8.375,4.75,7.0,2.25,True,True,google/gemma-2-9b-it,11c9b309abf73637e4b6f9a3fa1e92e615547819
19,discovery,4,50,4,25,answer_position,8.375,4.75,7.375,2.625,True,True,google/gemma-2-9b-it,11c9b309abf73637e4b6f9a3fa1e92e615547819
19,discovery,4,50,4,25,number_tokens,8.375,4.75,4.75,0.0,True,True,google/gemma-2-9b-it,11c9b309abf73637e4b6f9a3fa1e92e615547819
19,discovery,4,50,4,25,random_positions,8.375,4.75,6.6875,1.9375,True,True,google/gemma-2-9b-it,11c9b309abf73637e4b6f9a3fa1e92e615547819
19,discovery,4,50,4,26,answer_position,8.375,4.75,7.75,3.0,True,True,google/gemma-2-9b-it,11c9b309abf73637e4b6f9a3fa1e92e615547819
19,discovery,4,50,4,26,number_tokens,8.375,4.75,4.625,-0.125,True,True,google/gemma-2-9b-it,11c9b309abf73637e4b6f9a3fa1e92e615547819
19,discovery,4,50,4,26,random_positions,8.375,4.75,6.125,1.375,True,True,google/gemma-2-9b-it,11c9b309abf73637e4b6f9a3fa1e92e615547819
19,discovery,4,50,4,27,answer_position,8.375,4.75,7.75,3.0,True,True,google/gemma-2-9b-it,11c9b309abf73637e4b6f9a3fa1e92e615547819
19,discovery,4,50,4,27,number_tokens,8.375,4.75,4.625,-0.125,True,True,google/gemma-2-9b-it,11c9b309abf73637e4b6f9a3fa1e92e615547819
19,discovery,4,50,4,27,random_positions,8.375,4.75,5.75,1.0,True,True,google/gemma-2-9b-it,11c9b309abf73637e4b6f9a3fa1e92e615547819
19,discovery,4,50,4,28,answer_position,8.375,4.75,7.625,2.875,True,True,google/gemma-2-9b-it,11c9b309abf73637e4b6f9a3fa1e92e615547819
19,discovery,4,50,4,28,number_tokens,8.375,4.75,4.875,0.125,True,True,google/gemma-2-9b-it,11c9b309abf73637e4b6f9a3fa1e92e615547819
19,discovery,4,50,4,28,random_positions,8.375,4.75,5.75,1.0,True,True,google/gemma-2-9b-it,11c9b309abf73637e4b6f9a3fa1e92e615547819
19,discovery,4,50,4,29,answer_position,8.375,4.75,7.625,2.875,True,True,google/gemma-2-9b-it,11c9b309abf73637e4b6f9a3fa1e92e615547819
19,discovery,4,50,4,29,number_tokens,8.375,4.75,4.875,0.125,True,True,google/gemma-2-9b-it,11c9b309abf73637e4b6f9a3fa1e92e615547819
19,discovery,4,50,4,29,random_positions,8.375,4.75,5.75,1.0,True,True,google/gemma-2-9b-it,11c9b309abf73637e4b6f9a3fa1e92e615547819
19,discovery,4,50,4,30,answer_position,8.375,4.75,7.625,2.875,True,True,google/gemma-2-9b-it,11c9b309abf73637e4b6f9a3fa1e92e615547819
19,discovery,4,50,4,30,number_tokens,8.375,4.75,4.75,0.0,True,True,google/gemma-2-9b-it,11c9b309abf73637e4b6f9a3fa1e92e615547819
19,discovery,4,50,4,30,random_positions,8.375,4.75,5.75,1.0,True,True,google/gemma-2-9b-it,11c9b309abf73637e4b6f9a3fa1e92e615547819
19,discovery,4,50,4,31,answer_position,8.375,4.75,7.75,3.0,True,True,google/gemma-2-9b-it,11c9b309abf73637e4b6f9a3fa1e92e615547819
19,discovery,4,50,4,31,number_tokens,8.375,4.75,4.75,0.0,True,True,google/gemma-2-9b-it,11c9b309abf73637e4b6f9a3fa1e92e615547819
19,discovery,4,50,4,31,random_positions,8.375,4.75,5.5,0.75,True,True,google/gemma-2-9b-it,11c9b309abf73637e4b6f9a3fa1e92e615547819
19,discovery,4,50,4,32,answer_position,8.375,4.75,7.75,3.0,True,True,google/gemma-2-9b-it,11c9b309abf73637e4b6f9a3fa1e92e615547819
19,discovery,4,50,4,32,number_tokens,8.375,4.75,4.875,0.125,True,True,google/gemma-2-9b-it,11c9b309abf73637e4b6f9a3fa1e92e615547819
19,discovery,4,50,4,32,random_positions,8.375,4.75,5.5,0.75,True,True,google/gemma-2-9b-it,11c9b309abf73637e4b6f9a3fa1e92e615547819
19,discovery,4,50,4,33,answer_position,8.375,4.75,7.875,3.125,True,True,google/gemma-2-9b-it,11c9b309abf73637e4b6f9a3fa1e92e615547819
19,discovery,4,50,4,33,number_tokens,8.375,4.75,4.75,0.0,True,True,google/gemma-2-9b-it,11c9b309abf73637e4b6f9a3fa1e92e615547819
19,discovery,4,50,4,33,random_positions,8.375,4.75,5.5,0.75,True,True,google/gemma-2-9b-it,11c9b309abf73637e4b6f9a3fa1e92e615547819
19,discovery,4,50,4,34,answer_position,8.375,4.75,7.8125,3.0625,True,True,google/gemma-2-9b-it,11c9b309abf73637e4b6f9a3fa1e92e615547819
19,discovery,4,50,4,34,number_tokens,8.375,4.75,4.75,0.0,True,True,google/gemma-2-9b-it,11c9b309abf73637e4b6f9a3fa1e92e615547819
19,discovery,4,50,4,34,random_positions,8.375,4.75,5.375,0.625,True,True,google/gemma-2-9b-it,11c9b309abf73637e4b6f9a3fa1e92e615547819
19,discovery,4,50,4,35,answer_position,8.375,4.75,7.75,3.0,True,True,google/gemma-2-9b-it,11c9b309abf73637e4b6f9a3fa1e92e615547819
19,discovery,4,50,4,35,number_tokens,8.375,4.75,4.75,0.0,True,True,google/gemma-2-9b-it,11c9b309abf73637e4b6f9a3fa1e92e615547819
19,discovery,4,50,4,35,random_positions,8.375,4.75,5.375,0.625,True,True,google/gemma-2-9b-it,11c9b309abf73637e4b6f9a3fa1e92e615547819
19,discovery,4,50,4,36,answer_position,8.375,4.75,7.8125,3.0625,True,True,google/gemma-2-9b-it,11c9b309abf73637e4b6f9a3fa1e92e615547819
19,discovery,4,50,4,36,number_tokens,8.375,4.75,4.75,0.0,True,True,google/gemma-2-9b-it,11c9b309abf73637e4b6f9a3fa1e92e615547819
19,discovery,4,50,4,36,random_positions,8.375,4.75,5.375,0.625,True,True,google/gemma-2-9b-it,11c9b309abf73637e4b6f9a3fa1e92e615547819
19,discovery,4,50,4,37,answer_position,8.375,4.75,7.8125,3.0625,True,True,google/gemma-2-9b-it,11c9b309abf73637e4b6f9a3fa1e92e615547819
19,discovery,4,50,4,37,number_tokens,8.375,4.75,4.75,0.0,True,True,google/gemma-2-9b-it,11c9b309abf73637e4b6f9a3fa1e92e615547819
19,discovery,4,50,4,37,random_positions,8.375,4.75,5.375,0.625,True,True,google/gemma-2-9b-it,11c9b309abf73637e4b6f9a3fa1e92e615547819
19,discovery,4,50,4,38,answer_position,8.375,4.75,7.875,3.125,True,True,google/gemma-2-9b-it,11c9b309abf73637e4b6f9a3fa1e92e615547819
19,discovery,4,50,4,38,number_tokens,8.375,4.75,4.75,0.0,True,True,google/gemma-2-9b-it,11c9b309abf73637e4b6f9a3fa1e92e615547819
19,discovery,4,50,4,38,random_positions,8.375,4.75,5.25,0.5,True,True,google/gemma-2-9b-it,11c9b309abf73637e4b6f9a3fa1e92e615547819
19,discovery,4,50,4,39,answer_position,8.375,4.75,8.0,3.25,True,True,google/gemma-2-9b-it,11c9b309abf73637e4b6f9a3fa1e92e615547819
19,discovery,4,50,4,39,number_tokens,8.375,4.75,4.75,0.0,True,True,google/gemma-2-9b-it,11c9b309abf73637e4b6f9a3fa1e92e615547819
19,discovery,4,50,4,39,random_positions,8.375,4.75,5.125,0.375,True,True,google/gemma-2-9b-it,11c9b309abf73637e4b6f9a3fa1e92e615547819
19,discovery,4,50,4,40,answer_position,8.375,4.75,8.1875,3.4375,True,True,google/gemma-2-9b-it,11c9b309abf73637e4b6f9a3fa1e92e615547819
19,discovery,4,50,4,40,number_tokens,8.375,4.75,4.75,0.0,True,True,google/gemma-2-9b-it,11c9b309abf73637e4b6f9a3fa1e92e615547819
19,discovery,4,50,4,40,random_positions,8.375,4.75,5.0,0.25,True,True,google/gemma-2-9b-it,11c9b309abf73637e4b6f9a3fa1e92e615547819
19,discovery,4,50,4,41,answer_position,8.375,4.75,8.375,3.625,True,True,google/gemma-2-9b-it,11c9b309abf73637e4b6f9a3fa1e92e615547819
19,discovery,4,50,4,41,number_tokens,8.375,4.75,4.75,0.0,True,True,google/gemma-2-9b-it,11c9b309abf73637e4b6f9a3fa1e92e615547819
19,discovery,4,50,4,41,random_positions,8.375,4.75,4.75,0.0,True,True,google/gemma-2-9b-it,11c9b309abf73637e4b6f9a3fa1e92e615547819
20,heldout,5,50,4,0,answer_position,8.5,1.875,1.75,-0.125,True,True,google/gemma-2-9b-it,11c9b309abf73637e4b6f9a3fa1e92e615547819
20,heldout,5,50,4,0,number_tokens,8.5,1.875,2.0,0.125,True,True,google/gemma-2-9b-it,11c9b309abf73637e4b6f9a3fa1e92e615547819
20,heldout,5,50,4,0,random_positions,8.5,1.875,1.75,-0.125,True,True,google/gemma-2-9b-it,11c9b309abf73637e4b6f9a3fa1e92e615547819
20,heldout,5,50,4,1,answer_position,8.5,1.875,1.875,0.0,True,True,google/gemma-2-9b-it,11c9b309abf73637e4b6f9a3fa1e92e615547819
20,heldout,5,50,4,1,number_tokens,8.5,1.875,2.375,0.5,True,True,google/gemma-2-9b-it,11c9b309abf73637e4b6f9a3fa1e92e615547819
20,heldout,5,50,4,1,random_positions,8.5,1.875,1.625,-0.25,True,True,google/gemma-2-9b-it,11c9b309abf73637e4b6f9a3fa1e92e615547819
20,heldout,5,50,4,2,answer_position,8.5,1.875,1.875,0.0,True,True,google/gemma-2-9b-it,11c9b309abf73637e4b6f9a3fa1e92e615547819
20,heldout,5,50,4,2,number_tokens,8.5,1.875,2.875,1.0,True,True,google/gemma-2-9b-it,11c9b309abf73637e4b6f9a3fa1e92e615547819
20,heldout,5,50,4,2,random_positions,8.5,1.875,1.75,-0.125,True,True,google/gemma-2-9b-it,11c9b309abf73637e4b6f9a3fa1e92e615547819
20,heldout,5,50,4,3,answer_position,8.5,1.875,1.875,0.0,True,True,google/gemma-2-9b-it,11c9b309abf73637e4b6f9a3fa1e92e615547819
20,heldout,5,50,4,3,number_tokens,8.5,1.875,3.375,1.5,True,True,google/gemma-2-9b-it,11c9b309abf73637e4b6f9a3fa1e92e615547819
20,heldout,5,50,4,3,random_positions,8.5,1.875,1.75,-0.125,True,True,google/gemma-2-9b-it,11c9b309abf73637e4b6f9a3fa1e92e615547819
20,heldout,5,50,4,4,answer_position,8.5,1.875,1.75,-0.125,True,True,google/gemma-2-9b-it,11c9b309abf73637e4b6f9a3fa1e92e615547819
20,heldout,5,50,4,4,number_tokens,8.5,1.875,3.75,1.875,True,True,google/gemma-2-9b-it,11c9b309abf73637e4b6f9a3fa1e92e615547819
20,heldout,5,50,4,4,random_positions,8.5,1.875,1.75,-0.125,True,True,google/gemma-2-9b-it,11c9b309abf73637e4b6f9a3fa1e92e615547819
20,heldout,5,50,4,5,answer_position,8.5,1.875,1.625,-0.25,True,True,google/gemma-2-9b-it,11c9b309abf73637e4b6f9a3fa1e92e615547819
20,heldout,5,50,4,5,number_tokens,8.5,1.875,7.125,5.25,True,True,google/gemma-2-9b-it,11c9b309abf73637e4b6f9a3fa1e92e615547819
20,heldout,5,50,4,5,random_positions,8.5,1.875,1.625,-0.25,True,True,google/gemma-2-9b-it,11c9b309abf73637e4b6f9a3fa1e92e615547819
20,heldout,5,50,4,6,answer_position,8.5,1.875,1.875,0.0,True,True,google/gemma-2-9b-it,11c9b309abf73637e4b6f9a3fa1e92e615547819
20,heldout,5,50,4,6,number_tokens,8.5,1.875,6.9375,5.0625,True,True,google/gemma-2-9b-it,11c9b309abf73637e4b6f9a3fa1e92e615547819
20,heldout,5,50,4,6,random_positions,8.5,1.875,1.75,-0.125,True,True,google/gemma-2-9b-it,11c9b309abf73637e4b6f9a3fa1e92e615547819
20,heldout,5,50,4,7,answer_position,8.5,1.875,1.625,-0.25,True,True,google/gemma-2-9b-it,11c9b309abf73637e4b6f9a3fa1e92e615547819
20,heldout,5,50,4,7,number_tokens,8.5,1.875,7.875,6.0,True,True,google/gemma-2-9b-it,11c9b309abf73637e4b6f9a3fa1e92e615547819
20,heldout,5,50,4,7,random_positions,8.5,1.875,1.875,0.0,True,True,google/gemma-2-9b-it,11c9b309abf73637e4b6f9a3fa1e92e615547819
20,heldout,5,50,4,8,answer_position,8.5,1.875,1.875,0.0,True,True,google/gemma-2-9b-it,11c9b309abf73637e4b6f9a3fa1e92e615547819
20,heldout,5,50,4,8,number_tokens,8.5,1.875,7.875,6.0,True,True,google/gemma-2-9b-it,11c9b309abf73637e4b6f9a3fa1e92e615547819
20,heldout,5,50,4,8,random_positions,8.5,1.875,2.0,0.125,True,True,google/gemma-2-9b-it,11c9b309abf73637e4b6f9a3fa1e92e615547819
20,heldout,5,50,4,9,answer_position,8.5,1.875,1.875,0.0,True,True,google/gemma-2-9b-it,11c9b309abf73637e4b6f9a3fa1e92e615547819
20,heldout,5,50,4,9,number_tokens,8.5,1.875,7.25,5.375,True,True,google/gemma-2-9b-it,11c9b309abf73637e4b6f9a3fa1e92e615547819
20,heldout,5,50,4,9,random_positions,8.5,1.875,1.875,0.0,True,True,google/gemma-2-9b-it,11c9b309abf73637e4b6f9a3fa1e92e615547819
20,heldout,5,50,4,10,answer_position,8.5,1.875,1.875,0.0,True,True,google/gemma-2-9b-it,11c9b309abf73637e4b6f9a3fa1e92e615547819
20,heldout,5,50,4,10,number_tokens,8.5,1.875,7.375,5.5,True,True,google/gemma-2-9b-it,11c9b309abf73637e4b6f9a3fa1e92e615547819
20,heldout,5,50,4,10,random_positions,8.5,1.875,1.25,-0.625,True,True,google/gemma-2-9b-it,11c9b309abf73637e4b6f9a3fa1e92e615547819
20,heldout,5,50,4,11,answer_position,8.5,1.875,1.875,0.0,True,True,google/gemma-2-9b-it,11c9b309abf73637e4b6f9a3fa1e92e615547819
20,heldout,5,50,4,11,number_tokens,8.5,1.875,6.0,4.125,True,True,google/gemma-2-9b-it,11c9b309abf73637e4b6f9a3fa1e92e615547819
20,heldout,5,50,4,11,random_positions,8.5,1.875,1.375,-0.5,True,True,google/gemma-2-9b-it,11c9b309abf73637e4b6f9a3fa1e92e615547819
20,heldout,5,50,4,12,answer_position,8.5,1.875,1.875,0.0,True,True,google/gemma-2-9b-it,11c9b309abf73637e4b6f9a3fa1e92e615547819
20,heldout,5,50,4,12,number_tokens,8.5,1.875,1.25,-0.625,True,True,google/gemma-2-9b-it,11c9b309abf73637e4b6f9a3fa1e92e615547819
20,heldout,5,50,4,12,random_positions,8.5,1.875,1.375,-0.5,True,True,google/gemma-2-9b-it,11c9b309abf73637e4b6f9a3fa1e92e615547819
20,heldout,5,50,4,13,answer_position,8.5,1.875,1.875,0.0,True,True,google/gemma-2-9b-it,11c9b309abf73637e4b6f9a3fa1e92e615547819
20,heldout,5,50,4,13,number_tokens,8.5,1.875,-2.75,-4.625,True,False,google/gemma-2-9b-it,11c9b309abf73637e4b6f9a3fa1e92e615547819
20,heldout,5,50,4,13,random_positions,8.5,1.875,1.5,-0.375,True,True,google/gemma-2-9b-it,11c9b309abf73637e4b6f9a3fa1e92e615547819
20,heldout,5,50,4,14,answer_position,8.5,1.875,1.875,0.0,True,True,google/gemma-2-9b-it,11c9b309abf73637e4b6f9a3fa1e92e615547819
20,heldout,5,50,4,14,number_tokens,8.5,1.875,-0.25,-2.125,True,False,google/gemma-2-9b-it,11c9b309abf73637e4b6f9a3fa1e92e615547819
20,heldout,5,50,4,14,random_positions,8.5,1.875,1.875,0.0,True,True,google/gemma-2-9b-it,11c9b309abf73637e4b6f9a3fa1e92e615547819
20,heldout,5,50,4,15,answer_position,8.5,1.875,1.75,-0.125,True,True,google/gemma-2-9b-it,11c9b309abf73637e4b6f9a3fa1e92e615547819
20,heldout,5,50,4,15,number_tokens,8.5,1.875,5.5,3.625,True,True,google/gemma-2-9b-it,11c9b309abf73637e4b6f9a3fa1e92e615547819
20,heldout,5,50,4,15,random_positions,8.5,1.875,1.375,-0.5,True,True,google/gemma-2-9b-it,11c9b309abf73637e4b6f9a3fa1e92e615547819
20,heldout,5,50,4,16,answer_position,8.5,1.875,1.875,0.0,True,True,google/gemma-2-9b-it,11c9b309abf73637e4b6f9a3fa1e92e615547819
20,heldout,5,50,4,16,number_tokens,8.5,1.875,6.125,4.25,True,True,google/gemma-2-9b-it,11c9b309abf73637e4b6f9a3fa1e92e615547819
20,heldout,5,50,4,16,random_positions,8.5,1.875,0.25,-1.625,True,True,google/gemma-2-9b-it,11c9b309abf73637e4b6f9a3fa1e92e615547819
20,heldout,5,50,4,17,answer_position,8.5,1.875,1.625,-0.25,True,True,google/gemma-2-9b-it,11c9b309abf73637e4b6f9a3fa1e92e615547819
20,heldout,5,50,4,17,number_tokens,8.5,1.875,6.25,4.375,True,True,google/gemma-2-9b-it,11c9b309abf73637e4b6f9a3fa1e92e615547819
20,heldout,5,50,4,17,random_positions,8.5,1.875,0.125,-1.75,True,True,google/gemma-2-9b-it,11c9b309abf73637e4b6f9a3fa1e92e615547819
20,heldout,5,50,4,18,answer_position,8.5,1.875,1.875,0.0,True,True,google/gemma-2-9b-it,11c9b309abf73637e4b6f9a3fa1e92e615547819
20,heldout,5,50,4,18,number_tokens,8.5,1.875,5.125,3.25,True,True,google/gemma-2-9b-it,11c9b309abf73637e4b6f9a3fa1e92e615547819
20,heldout,5,50,4,18,random_positions,8.5,1.875,2.375,0.5,True,True,google/gemma-2-9b-it,11c9b309abf73637e4b6f9a3fa1e92e615547819
20,heldout,5,50,4,19,answer_position,8.5,1.875,1.875,0.0,True,True,google/gemma-2-9b-it,11c9b309abf73637e4b6f9a3fa1e92e615547819
20,heldout,5,50,4,19,number_tokens,8.5,1.875,6.0,4.125,True,True,google/gemma-2-9b-it,11c9b309abf73637e4b6f9a3fa1e92e615547819
20,heldout,5,50,4,19,random_positions,8.5,1.875,2.75,0.875,True,True,google/gemma-2-9b-it,11c9b309abf73637e4b6f9a3fa1e92e615547819
20,heldout,5,50,4,20,answer_position,8.5,1.875,3.0,1.125,True,True,google/gemma-2-9b-it,11c9b309abf73637e4b6f9a3fa1e92e615547819
20,heldout,5,50,4,20,number_tokens,8.5,1.875,4.375,2.5,True,True,google/gemma-2-9b-it,11c9b309abf73637e4b6f9a3fa1e92e615547819
20,heldout,5,50,4,20,random_positions,8.5,1.875,3.25,1.375,True,True,google/gemma-2-9b-it,11c9b309abf73637e4b6f9a3fa1e92e615547819
20,heldout,5,50,4,21,answer_position,8.5,1.875,4.125,2.25,True,True,google/gemma-2-9b-it,11c9b309abf73637e4b6f9a3fa1e92e615547819
20,heldout,5,50,4,21,number_tokens,8.5,1.875,4.125,2.25,True,True,google/gemma-2-9b-it,11c9b309abf73637e4b6f9a3fa1e92e615547819
20,heldout,5,50,4,21,random_positions,8.5,1.875,5.375,3.5,True,True,google/gemma-2-9b-it,11c9b309abf73637e4b6f9a3fa1e92e615547819
20,heldout,5,50,4,22,answer_position,8.5,1.875,5.125,3.25,True,True,google/gemma-2-9b-it,11c9b309abf73637e4b6f9a3fa1e92e615547819
20,heldout,5,50,4,22,number_tokens,8.5,1.875,3.875,2.0,True,True,google/gemma-2-9b-it,11c9b309abf73637e4b6f9a3fa1e92e615547819
20,heldout,5,50,4,22,random_positions,8.5,1.875,5.875,4.0,True,True,google/gemma-2-9b-it,11c9b309abf73637e4b6f9a3fa1e92e615547819
20,heldout,5,50,4,23,answer_position,8.5,1.875,6.5625,4.6875,True,True,google/gemma-2-9b-it,11c9b309abf73637e4b6f9a3fa1e92e615547819
20,heldout,5,50,4,23,number_tokens,8.5,1.875,1.875,0.0,True,True,google/gemma-2-9b-it,11c9b309abf73637e4b6f9a3fa1e92e615547819
20,heldout,5,50,4,23,random_positions,8.5,1.875,6.875,5.0,True,True,google/gemma-2-9b-it,11c9b309abf73637e4b6f9a3fa1e92e615547819
20,heldout,5,50,4,24,answer_position,8.5,1.875,6.6875,4.8125,True,True,google/gemma-2-9b-it,11c9b309abf73637e4b6f9a3fa1e92e615547819
20,heldout,5,50,4,24,number_tokens,8.5,1.875,1.875,0.0,True,True,google/gemma-2-9b-it,11c9b309abf73637e4b6f9a3fa1e92e615547819
20,heldout,5,50,4,24,random_positions,8.5,1.875,6.5625,4.6875,True,True,google/gemma-2-9b-it,11c9b309abf73637e4b6f9a3fa1e92e615547819
20,heldout,5,50,4,25,answer_position,8.5,1.875,7.375,5.5,True,True,google/gemma-2-9b-it,11c9b309abf73637e4b6f9a3fa1e92e615547819
20,heldout,5,50,4,25,number_tokens,8.5,1.875,1.75,-0.125,True,True,google/gemma-2-9b-it,11c9b309abf73637e4b6f9a3fa1e92e615547819
20,heldout,5,50,4,25,random_positions,8.5,1.875,5.75,3.875,True,True,google/gemma-2-9b-it,11c9b309abf73637e4b6f9a3fa1e92e615547819
20,heldout,5,50,4,26,answer_position,8.5,1.875,7.8125,5.9375,True,True,google/gemma-2-9b-it,11c9b309abf73637e4b6f9a3fa1e92e615547819
20,heldout,5,50,4,26,number_tokens,8.5,1.875,1.5,-0.375,True,True,google/gemma-2-9b-it,11c9b309abf73637e4b6f9a3fa1e92e615547819
20,heldout,5,50,4,26,random_positions,8.5,1.875,5.0,3.125,True,True,google/gemma-2-9b-it,11c9b309abf73637e4b6f9a3fa1e92e615547819
20,heldout,5,50,4,27,answer_position,8.5,1.875,7.8125,5.9375,True,True,google/gemma-2-9b-it,11c9b309abf73637e4b6f9a3fa1e92e615547819
20,heldout,5,50,4,27,number_tokens,8.5,1.875,1.625,-0.25,True,True,google/gemma-2-9b-it,11c9b309abf73637e4b6f9a3fa1e92e615547819
20,heldout,5,50,4,27,random_positions,8.5,1.875,3.75,1.875,True,True,google/gemma-2-9b-it,11c9b309abf73637e4b6f9a3fa1e92e615547819
20,heldout,5,50,4,28,answer_position,8.5,1.875,7.8125,5.9375,True,True,google/gemma-2-9b-it,11c9b309abf73637e4b6f9a3fa1e92e615547819
20,heldout,5,50,4,28,number_tokens,8.5,1.875,1.875,0.0,True,True,google/gemma-2-9b-it,11c9b309abf73637e4b6f9a3fa1e92e615547819
20,heldout,5,50,4,28,random_positions,8.5,1.875,3.25,1.375,True,True,google/gemma-2-9b-it,11c9b309abf73637e4b6f9a3fa1e92e615547819
20,heldout,5,50,4,29,answer_position,8.5,1.875,7.75,5.875,True,True,google/gemma-2-9b-it,11c9b309abf73637e4b6f9a3fa1e92e615547819
20,heldout,5,50,4,29,number_tokens,8.5,1.875,1.75,-0.125,True,True,google/gemma-2-9b-it,11c9b309abf73637e4b6f9a3fa1e92e615547819
20,heldout,5,50,4,29,random_positions,8.5,1.875,3.125,1.25,True,True,google/gemma-2-9b-it,11c9b309abf73637e4b6f9a3fa1e92e615547819
20,heldout,5,50,4,30,answer_position,8.5,1.875,7.8125,5.9375,True,True,google/gemma-2-9b-it,11c9b309abf73637e4b6f9a3fa1e92e615547819
20,heldout,5,50,4,30,number_tokens,8.5,1.875,1.75,-0.125,True,True,google/gemma-2-9b-it,11c9b309abf73637e4b6f9a3fa1e92e615547819
20,heldout,5,50,4,30,random_positions,8.5,1.875,3.125,1.25,True,True,google/gemma-2-9b-it,11c9b309abf73637e4b6f9a3fa1e92e615547819
20,heldout,5,50,4,31,answer_position,8.5,1.875,7.8125,5.9375,True,True,google/gemma-2-9b-it,11c9b309abf73637e4b6f9a3fa1e92e615547819
20,heldout,5,50,4,31,number_tokens,8.5,1.875,1.75,-0.125,True,True,google/gemma-2-9b-it,11c9b309abf73637e4b6f9a3fa1e92e615547819
20,heldout,5,50,4,31,random_positions,8.5,1.875,3.0,1.125,True,True,google/gemma-2-9b-it,11c9b309abf73637e4b6f9a3fa1e92e615547819
20,heldout,5,50,4,32,answer_position,8.5,1.875,7.8125,5.9375,True,True,google/gemma-2-9b-it,11c9b309abf73637e4b6f9a3fa1e92e615547819
20,heldout,5,50,4,32,number_tokens,8.5,1.875,1.75,-0.125,True,True,google/gemma-2-9b-it,11c9b309abf73637e4b6f9a3fa1e92e615547819
20,heldout,5,50,4,32,random_positions,8.5,1.875,3.0,1.125,True,True,google/gemma-2-9b-it,11c9b309abf73637e4b6f9a3fa1e92e615547819
20,heldout,5,50,4,33,answer_position,8.5,1.875,7.875,6.0,True,True,google/gemma-2-9b-it,11c9b309abf73637e4b6f9a3fa1e92e615547819
20,heldout,5,50,4,33,number_tokens,8.5,1.875,1.875,0.0,True,True,google/gemma-2-9b-it,11c9b309abf73637e4b6f9a3fa1e92e615547819
20,heldout,5,50,4,33,random_positions,8.5,1.875,2.75,0.875,True,True,google/gemma-2-9b-it,11c9b309abf73637e4b6f9a3fa1e92e615547819
20,heldout,5,50,4,34,answer_position,8.5,1.875,8.0,6.125,True,True,google/gemma-2-9b-it,11c9b309abf73637e4b6f9a3fa1e92e615547819
20,heldout,5,50,4,34,number_tokens,8.5,1.875,1.75,-0.125,True,True,google/gemma-2-9b-it,11c9b309abf73637e4b6f9a3fa1e92e615547819
20,heldout,5,50,4,34,random_positions,8.5,1.875,2.75,0.875,True,True,google/gemma-2-9b-it,11c9b309abf73637e4b6f9a3fa1e92e615547819
20,heldout,5,50,4,35,answer_position,8.5,1.875,7.9375,6.0625,True,True,google/gemma-2-9b-it,11c9b309abf73637e4b6f9a3fa1e92e615547819
20,heldout,5,50,4,35,number_tokens,8.5,1.875,1.875,0.0,True,True,google/gemma-2-9b-it,11c9b309abf73637e4b6f9a3fa1e92e615547819
20,heldout,5,50,4,35,random_positions,8.5,1.875,2.75,0.875,True,True,google/gemma-2-9b-it,11c9b309abf73637e4b6f9a3fa1e92e615547819
20,heldout,5,50,4,36,answer_position,8.5,1.875,8.0,6.125,True,True,google/gemma-2-9b-it,11c9b309abf73637e4b6f9a3fa1e92e615547819
20,heldout,5,50,4,36,number_tokens,8.5,1.875,1.875,0.0,True,True,google/gemma-2-9b-it,11c9b309abf73637e4b6f9a3fa1e92e615547819
20,heldout,5,50,4,36,random_positions,8.5,1.875,2.625,0.75,True,True,google/gemma-2-9b-it,11c9b309abf73637e4b6f9a3fa1e92e615547819
20,heldout,5,50,4,37,answer_position,8.5,1.875,8.0,6.125,True,True,google/gemma-2-9b-it,11c9b309abf73637e4b6f9a3fa1e92e615547819
20,heldout,5,50,4,37,number_tokens,8.5,1.875,1.875,0.0,True,True,google/gemma-2-9b-it,11c9b309abf73637e4b6f9a3fa1e92e615547819
20,heldout,5,50,4,37,random_positions,8.5,1.875,2.5,0.625,True,True,google/gemma-2-9b-it,11c9b309abf73637e4b6f9a3fa1e92e615547819
20,heldout,5,50,4,38,answer_position,8.5,1.875,8.0,6.125,True,True,google/gemma-2-9b-it,11c9b309abf73637e4b6f9a3fa1e92e615547819
20,heldout,5,50,4,38,number_tokens,8.5,1.875,1.875,0.0,True,True,google/gemma-2-9b-it,11c9b309abf73637e4b6f9a3fa1e92e615547819
20,heldout,5,50,4,38,random_positions,8.5,1.875,2.5,0.625,True,True,google/gemma-2-9b-it,11c9b309abf73637e4b6f9a3fa1e92e615547819
20,heldout,5,50,4,39,answer_position,8.5,1.875,8.25,6.375,True,True,google/gemma-2-9b-it,11c9b309abf73637e4b6f9a3fa1e92e615547819
20,heldout,5,50,4,39,number_tokens,8.5,1.875,1.75,-0.125,True,True,google/gemma-2-9b-it,11c9b309abf73637e4b6f9a3fa1e92e615547819
20,heldout,5,50,4,39,random_positions,8.5,1.875,1.875,0.0,True,True,google/gemma-2-9b-it,11c9b309abf73637e4b6f9a3fa1e92e615547819
20,heldout,5,50,4,40,answer_position,8.5,1.875,8.4375,6.5625,True,True,google/gemma-2-9b-it,11c9b309abf73637e4b6f9a3fa1e92e615547819
20,heldout,5,50,4,40,number_tokens,8.5,1.875,1.75,-0.125,True,True,google/gemma-2-9b-it,11c9b309abf73637e4b6f9a3fa1e92e615547819
20,heldout,5,50,4,40,random_positions,8.5,1.875,1.875,0.0,True,True,google/gemma-2-9b-it,11c9b309abf73637e4b6f9a3fa1e92e615547819
20,heldout,5,50,4,41,answer_position,8.5,1.875,8.5,6.625,True,True,google/gemma-2-9b-it,11c9b309abf73637e4b6f9a3fa1e92e615547819
20,heldout,5,50,4,41,number_tokens,8.5,1.875,1.875,0.0,True,True,google/gemma-2-9b-it,11c9b309abf73637e4b6f9a3fa1e92e615547819
20,heldout,5,50,4,41,random_positions,8.5,1.875,1.875,0.0,True,True,google/gemma-2-9b-it,11c9b309abf73637e4b6f9a3fa1e92e615547819
21,heldout,5,51,2,0,answer_position,9.3125,4.0,4.25,0.25,True,True,google/gemma-2-9b-it,11c9b309abf73637e4b6f9a3fa1e92e615547819
21,heldout,5,51,2,0,number_tokens,9.3125,4.0,4.375,0.375,True,True,google/gemma-2-9b-it,11c9b309abf73637e4b6f9a3fa1e92e615547819
21,heldout,5,51,2,0,random_positions,9.3125,4.0,6.25,2.25,True,True,google/gemma-2-9b-it,11c9b309abf73637e4b6f9a3fa1e92e615547819
21,heldout,5,51,2,1,answer_position,9.3125,4.0,4.125,0.125,True,True,google/gemma-2-9b-it,11c9b309abf73637e4b6f9a3fa1e92e615547819
21,heldout,5,51,2,1,number_tokens,9.3125,4.0,4.0,0.0,True,True,google/gemma-2-9b-it,11c9b309abf73637e4b6f9a3fa1e92e615547819
21,heldout,5,51,2,1,random_positions,9.3125,4.0,5.375,1.375,True,True,google/gemma-2-9b-it,11c9b309abf73637e4b6f9a3fa1e92e615547819
21,heldout,5,51,2,2,answer_position,9.3125,4.0,4.125,0.125,True,True,google/gemma-2-9b-it,11c9b309abf73637e4b6f9a3fa1e92e615547819
21,heldout,5,51,2,2,number_tokens,9.3125,4.0,4.25,0.25,True,True,google/gemma-2-9b-it,11c9b309abf73637e4b6f9a3fa1e92e615547819
21,heldout,5,51,2,2,random_positions,9.3125,4.0,5.25,1.25,True,True,google/gemma-2-9b-it,11c9b309abf73637e4b6f9a3fa1e92e615547819
21,heldout,5,51,2,3,answer_position,9.3125,4.0,4.125,0.125,True,True,google/gemma-2-9b-it,11c9b309abf73637e4b6f9a3fa1e92e615547819
21,heldout,5,51,2,3,number_tokens,9.3125,4.0,4.625,0.625,True,True,google/gemma-2-9b-it,11c9b309abf73637e4b6f9a3fa1e92e615547819
21,heldout,5,51,2,3,random_positions,9.3125,4.0,4.75,0.75,True,True,google/gemma-2-9b-it,11c9b309abf73637e4b6f9a3fa1e92e615547819
21,heldout,5,51,2,4,answer_position,9.3125,4.0,4.125,0.125,True,True,google/gemma-2-9b-it,11c9b309abf73637e4b6f9a3fa1e92e615547819
21,heldout,5,51,2,4,number_tokens,9.3125,4.0,4.75,0.75,True,True,google/gemma-2-9b-it,11c9b309abf73637e4b6f9a3fa1e92e615547819
21,heldout,5,51,2,4,random_positions,9.3125,4.0,3.5,-0.5,True,True,google/gemma-2-9b-it,11c9b309abf73637e4b6f9a3fa1e92e615547819
21,heldout,5,51,2,5,answer_position,9.3125,4.0,4.125,0.125,True,True,google/gemma-2-9b-it,11c9b309abf73637e4b6f9a3fa1e92e615547819
21,heldout,5,51,2,5,number_tokens,9.3125,4.0,6.125,2.125,True,True,google/gemma-2-9b-it,11c9b309abf73637e4b6f9a3fa1e92e615547819
21,heldout,5,51,2,5,random_positions,9.3125,4.0,3.25,-0.75,True,True,google/gemma-2-9b-it,11c9b309abf73637e4b6f9a3fa1e92e615547819
21,heldout,5,51,2,6,answer_position,9.3125,4.0,4.125,0.125,True,True,google/gemma-2-9b-it,11c9b309abf73637e4b6f9a3fa1e92e615547819
21,heldout,5,51,2,6,number_tokens,9.3125,4.0,7.0,3.0,True,True,google/gemma-2-9b-it,11c9b309abf73637e4b6f9a3fa1e92e615547819
21,heldout,5,51,2,6,random_positions,9.3125,4.0,3.625,-0.375,True,True,google/gemma-2-9b-it,11c9b309abf73637e4b6f9a3fa1e92e615547819
21,heldout,5,51,2,7,answer_position,9.3125,4.0,4.0,0.0,True,True,google/gemma-2-9b-it,11c9b309abf73637e4b6f9a3fa1e92e615547819
21,heldout,5,51,2,7,number_tokens,9.3125,4.0,7.6875,3.6875,True,True,google/gemma-2-9b-it,11c9b309abf73637e4b6f9a3fa1e92e615547819
21,heldout,5,51,2,7,random_positions,9.3125,4.0,3.5,-0.5,True,True,google/gemma-2-9b-it,11c9b309abf73637e4b6f9a3fa1e92e615547819
21,heldout,5,51,2,8,answer_position,9.3125,4.0,4.125,0.125,True,True,google/gemma-2-9b-it,11c9b309abf73637e4b6f9a3fa1e92e615547819
21,heldout,5,51,2,8,number_tokens,9.3125,4.0,7.5,3.5,True,True,google/gemma-2-9b-it,11c9b309abf73637e4b6f9a3fa1e92e615547819
21,heldout,5,51,2,8,random_positions,9.3125,4.0,4.375,0.375,True,True,google/gemma-2-9b-it,11c9b309abf73637e4b6f9a3fa1e92e615547819
21,heldout,5,51,2,9,answer_position,9.3125,4.0,4.25,0.25,True,True,google/gemma-2-9b-it,11c9b309abf73637e4b6f9a3fa1e92e615547819
21,heldout,5,51,2,9,number_tokens,9.3125,4.0,7.6875,3.6875,True,True,google/gemma-2-9b-it,11c9b309abf73637e4b6f9a3fa1e92e615547819
21,heldout,5,51,2,9,random_positions,9.3125,4.0,4.375,0.375,True,True,google/gemma-2-9b-it,11c9b309abf73637e4b6f9a3fa1e92e615547819
21,heldout,5,51,2,10,answer_position,9.3125,4.0,4.125,0.125,True,True,google/gemma-2-9b-it,11c9b309abf73637e4b6f9a3fa1e92e615547819
21,heldout,5,51,2,10,number_tokens,9.3125,4.0,8.375,4.375,True,True,google/gemma-2-9b-it,11c9b309abf73637e4b6f9a3fa1e92e615547819
21,heldout,5,51,2,10,random_positions,9.3125,4.0,6.25,2.25,True,True,google/gemma-2-9b-it,11c9b309abf73637e4b6f9a3fa1e92e615547819
21,heldout,5,51,2,11,answer_position,9.3125,4.0,4.125,0.125,True,True,google/gemma-2-9b-it,11c9b309abf73637e4b6f9a3fa1e92e615547819
21,heldout,5,51,2,11,number_tokens,9.3125,4.0,7.0625,3.0625,True,True,google/gemma-2-9b-it,11c9b309abf73637e4b6f9a3fa1e92e615547819
21,heldout,5,51,2,11,random_positions,9.3125,4.0,6.8125,2.8125,True,True,google/gemma-2-9b-it,11c9b309abf73637e4b6f9a3fa1e92e615547819
21,heldout,5,51,2,12,answer_position,9.3125,4.0,4.125,0.125,True,True,google/gemma-2-9b-it,11c9b309abf73637e4b6f9a3fa1e92e615547819
21,heldout,5,51,2,12,number_tokens,9.3125,4.0,2.375,-1.625,True,True,google/gemma-2-9b-it,11c9b309abf73637e4b6f9a3fa1e92e615547819
21,heldout,5,51,2,12,random_positions,9.3125,4.0,7.25,3.25,True,True,google/gemma-2-9b-it,11c9b309abf73637e4b6f9a3fa1e92e615547819
21,heldout,5,51,2,13,answer_position,9.3125,4.0,4.25,0.25,True,True,google/gemma-2-9b-it,11c9b309abf73637e4b6f9a3fa1e92e615547819
21,heldout,5,51,2,13,number_tokens,9.3125,4.0,-1.25,-5.25,True,False,google/gemma-2-9b-it,11c9b309abf73637e4b6f9a3fa1e92e615547819
21,heldout,5,51,2,13,random_positions,9.3125,4.0,7.75,3.75,True,True,google/gemma-2-9b-it,11c9b309abf73637e4b6f9a3fa1e92e615547819
21,heldout,5,51,2,14,answer_position,9.3125,4.0,4.25,0.25,True,True,google/gemma-2-9b-it,11c9b309abf73637e4b6f9a3fa1e92e615547819
21,heldout,5,51,2,14,number_tokens,9.3125,4.0,3.0,-1.0,True,True,google/gemma-2-9b-it,11c9b309abf73637e4b6f9a3fa1e92e615547819
21,heldout,5,51,2,14,random_positions,9.3125,4.0,8.0625,4.0625,True,True,google/gemma-2-9b-it,11c9b309abf73637e4b6f9a3fa1e92e615547819
21,heldout,5,51,2,15,answer_position,9.3125,4.0,4.25,0.25,True,True,google/gemma-2-9b-it,11c9b309abf73637e4b6f9a3fa1e92e615547819
21,heldout,5,51,2,15,number_tokens,9.3125,4.0,6.25,2.25,True,True,google/gemma-2-9b-it,11c9b309abf73637e4b6f9a3fa1e92e615547819
21,heldout,5,51,2,15,random_positions,9.3125,4.0,7.9375,3.9375,True,True,google/gemma-2-9b-it,11c9b309abf73637e4b6f9a3fa1e92e615547819
21,heldout,5,51,2,16,answer_position,9.3125,4.0,4.125,0.125,True,True,google/gemma-2-9b-it,11c9b309abf73637e4b6f9a3fa1e92e615547819
21,heldout,5,51,2,16,number_tokens,9.3125,4.0,7.125,3.125,True,True,google/gemma-2-9b-it,11c9b309abf73637e4b6f9a3fa1e92e615547819
21,heldout,5,51,2,16,random_positions,9.3125,4.0,7.5,3.5,True,True,google/gemma-2-9b-it,11c9b309abf73637e4b6f9a3fa1e92e615547819
21,heldout,5,51,2,17,answer_position,9.3125,4.0,4.25,0.25,True,True,google/gemma-2-9b-it,11c9b309abf73637e4b6f9a3fa1e92e615547819
21,heldout,5,51,2,17,number_tokens,9.3125,4.0,7.125,3.125,True,True,google/gemma-2-9b-it,11c9b309abf73637e4b6f9a3fa1e92e615547819
21,heldout,5,51,2,17,random_positions,9.3125,4.0,6.875,2.875,True,True,google/gemma-2-9b-it,11c9b309abf73637e4b6f9a3fa1e92e615547819
21,heldout,5,51,2,18,answer_position,9.3125,4.0,4.125,0.125,True,True,google/gemma-2-9b-it,11c9b309abf73637e4b6f9a3fa1e92e615547819
21,heldout,5,51,2,18,number_tokens,9.3125,4.0,6.6875,2.6875,True,True,google/gemma-2-9b-it,11c9b309abf73637e4b6f9a3fa1e92e615547819
21,heldout,5,51,2,18,random_positions,9.3125,4.0,7.0,3.0,True,True,google/gemma-2-9b-it,11c9b309abf73637e4b6f9a3fa1e92e615547819
21,heldout,5,51,2,19,answer_position,9.3125,4.0,4.25,0.25,True,True,google/gemma-2-9b-it,11c9b309abf73637e4b6f9a3fa1e92e615547819
21,heldout,5,51,2,19,number_tokens,9.3125,4.0,7.125,3.125,True,True,google/gemma-2-9b-it,11c9b309abf73637e4b6f9a3fa1e92e615547819
21,heldout,5,51,2,19,random_positions,9.3125,4.0,7.125,3.125,True,True,google/gemma-2-9b-it,11c9b309abf73637e4b6f9a3fa1e92e615547819
21,heldout,5,51,2,20,answer_position,9.3125,4.0,4.375,0.375,True,True,google/gemma-2-9b-it,11c9b309abf73637e4b6f9a3fa1e92e615547819
21,heldout,5,51,2,20,number_tokens,9.3125,4.0,5.875,1.875,True,True,google/gemma-2-9b-it,11c9b309abf73637e4b6f9a3fa1e92e615547819
21,heldout,5,51,2,20,random_positions,9.3125,4.0,8.0625,4.0625,True,True,google/gemma-2-9b-it,11c9b309abf73637e4b6f9a3fa1e92e615547819
21,heldout,5,51,2,21,answer_position,9.3125,4.0,5.375,1.375,True,True,google/gemma-2-9b-it,11c9b309abf73637e4b6f9a3fa1e92e615547819
21,heldout,5,51,2,21,number_tokens,9.3125,4.0,5.375,1.375,True,True,google/gemma-2-9b-it,11c9b309abf73637e4b6f9a3fa1e92e615547819
21,heldout,5,51,2,21,random_positions,9.3125,4.0,7.625,3.625,True,True,google/gemma-2-9b-it,11c9b309abf73637e4b6f9a3fa1e92e615547819
21,heldout,5,51,2,22,answer_position,9.3125,4.0,6.3125,2.3125,True,True,google/gemma-2-9b-it,11c9b309abf73637e4b6f9a3fa1e92e615547819
21,heldout,5,51,2,22,number_tokens,9.3125,4.0,4.875,0.875,True,True,google/gemma-2-9b-it,11c9b309abf73637e4b6f9a3fa1e92e615547819
21,heldout,5,51,2,22,random_positions,9.3125,4.0,7.5625,3.5625,True,True,google/gemma-2-9b-it,11c9b309abf73637e4b6f9a3fa1e92e615547819
21,heldout,5,51,2,23,answer_position,9.3125,4.0,7.0,3.0,True,True,google/gemma-2-9b-it,11c9b309abf73637e4b6f9a3fa1e92e615547819
21,heldout,5,51,2,23,number_tokens,9.3125,4.0,4.125,0.125,True,True,google/gemma-2-9b-it,11c9b309abf73637e4b6f9a3fa1e92e615547819
21,heldout,5,51,2,23,random_positions,9.3125,4.0,7.125,3.125,True,True,google/gemma-2-9b-it,11c9b309abf73637e4b6f9a3fa1e92e615547819
21,heldout,5,51,2,24,answer_position,9.3125,4.0,7.25,3.25,True,True,google/gemma-2-9b-it,11c9b309abf73637e4b6f9a3fa1e92e615547819
21,heldout,5,51,2,24,number_tokens,9.3125,4.0,4.125,0.125,True,True,google/gemma-2-9b-it,11c9b309abf73637e4b6f9a3fa1e92e615547819
21,heldout,5,51,2,24,random_positions,9.3125,4.0,6.8125,2.8125,True,True,google/gemma-2-9b-it,11c9b309abf73637e4b6f9a3fa1e92e615547819
21,heldout,5,51,2,25,answer_position,9.3125,4.0,7.875,3.875,True,True,google/gemma-2-9b-it,11c9b309abf73637e4b6f9a3fa1e92e615547819
21,heldout,5,51,2,25,number_tokens,9.3125,4.0,4.125,0.125,True,True,google/gemma-2-9b-it,11c9b309abf73637e4b6f9a3fa1e92e615547819
21,heldout,5,51,2,25,random_positions,9.3125,4.0,6.125,2.125,True,True,google/gemma-2-9b-it,11c9b309abf73637e4b6f9a3fa1e92e615547819
21,heldout,5,51,2,26,answer_position,9.3125,4.0,8.3125,4.3125,True,True,google/gemma-2-9b-it,11c9b309abf73637e4b6f9a3fa1e92e615547819
21,heldout,5,51,2,26,number_tokens,9.3125,4.0,4.0,0.0,True,True,google/gemma-2-9b-it,11c9b309abf73637e4b6f9a3fa1e92e615547819
21,heldout,5,51,2,26,random_positions,9.3125,4.0,5.75,1.75,True,True,google/gemma-2-9b-it,11c9b309abf73637e4b6f9a3fa1e92e615547819
21,heldout,5,51,2,27,answer_position,9.3125,4.0,8.375,4.375,True,True,google/gemma-2-9b-it,11c9b309abf73637e4b6f9a3fa1e92e615547819
21,heldout,5,51,2,27,number_tokens,9.3125,4.0,4.125,0.125,True,True,google/gemma-2-9b-it,11c9b309abf73637e4b6f9a3fa1e92e615547819
21,heldout,5,51,2,27,random_positions,9.3125,4.0,4.625,0.625,True,True,google/gemma-2-9b-it,11c9b309abf73637e4b6f9a3fa1e92e615547819
21,heldout,5,51,2,28,answer_position,9.3125,4.0,8.3125,4.3125,True,True,google/gemma-2-9b-it,11c9b309abf73637e4b6f9a3fa1e92e615547819
21,heldout,5,51,2,28,number_tokens,9.3125,4.0,4.125,0.125,True,True,google/gemma-2-9b-it,11c9b309abf73637e4b6f9a3fa1e92e615547819
21,heldout,5,51,2,28,random_positions,9.3125,4.0,4.625,0.625,True,True,google/gemma-2-9b-it,11c9b309abf73637e4b6f9a3fa1e92e615547819
21,heldout,5,51,2,29,answer_position,9.3125,4.0,8.3125,4.3125,True,True,google/gemma-2-9b-it,11c9b309abf73637e4b6f9a3fa1e92e615547819
21,heldout,5,51,2,29,number_tokens,9.3125,4.0,4.125,0.125,True,True,google/gemma-2-9b-it,11c9b309abf73637e4b6f9a3fa1e92e615547819
21,heldout,5,51,2,29,random_positions,9.3125,4.0,4.625,0.625,True,True,google/gemma-2-9b-it,11c9b309abf73637e4b6f9a3fa1e92e615547819
21,heldout,5,51,2,30,answer_position,9.3125,4.0,8.375,4.375,True,True,google/gemma-2-9b-it,11c9b309abf73637e4b6f9a3fa1e92e615547819
21,heldout,5,51,2,30,number_tokens,9.3125,4.0,4.125,0.125,True,True,google/gemma-2-9b-it,11c9b309abf73637e4b6f9a3fa1e92e615547819
21,heldout,5,51,2,30,random_positions,9.3125,4.0,4.625,0.625,True,True,google/gemma-2-9b-it,11c9b309abf73637e4b6f9a3fa1e92e615547819
21,heldout,5,51,2,31,answer_position,9.3125,4.0,8.5,4.5,True,True,google/gemma-2-9b-it,11c9b309abf73637e4b6f9a3fa1e92e615547819
21,heldout,5,51,2,31,number_tokens,9.3125,4.0,4.125,0.125,True,True,google/gemma-2-9b-it,11c9b309abf73637e4b6f9a3fa1e92e615547819
21,heldout,5,51,2,31,random_positions,9.3125,4.0,4.5,0.5,True,True,google/gemma-2-9b-it,11c9b309abf73637e4b6f9a3fa1e92e615547819
21,heldout,5,51,2,32,answer_position,9.3125,4.0,8.5,4.5,True,True,google/gemma-2-9b-it,11c9b309abf73637e4b6f9a3fa1e92e615547819
21,heldout,5,51,2,32,number_tokens,9.3125,4.0,4.0,0.0,True,True,google/gemma-2-9b-it,11c9b309abf73637e4b6f9a3fa1e92e615547819
21,heldout,5,51,2,32,random_positions,9.3125,4.0,4.5,0.5,True,True,google/gemma-2-9b-it,11c9b309abf73637e4b6f9a3fa1e92e615547819
21,heldout,5,51,2,33,answer_position,9.3125,4.0,8.5,4.5,True,True,google/gemma-2-9b-it,11c9b309abf73637e4b6f9a3fa1e92e615547819
21,heldout,5,51,2,33,number_tokens,9.3125,4.0,4.125,0.125,True,True,google/gemma-2-9b-it,11c9b309abf73637e4b6f9a3fa1e92e615547819
21,heldout,5,51,2,33,random_positions,9.3125,4.0,4.375,0.375,True,True,google/gemma-2-9b-it,11c9b309abf73637e4b6f9a3fa1e92e615547819
21,heldout,5,51,2,34,answer_position,9.3125,4.0,8.625,4.625,True,True,google/gemma-2-9b-it,11c9b309abf73637e4b6f9a3fa1e92e615547819
21,heldout,5,51,2,34,number_tokens,9.3125,4.0,4.125,0.125,True,True,google/gemma-2-9b-it,11c9b309abf73637e4b6f9a3fa1e92e615547819
21,heldout,5,51,2,34,random_positions,9.3125,4.0,4.375,0.375,True,True,google/gemma-2-9b-it,11c9b309abf73637e4b6f9a3fa1e92e615547819
21,heldout,5,51,2,35,answer_position,9.3125,4.0,8.5,4.5,True,True,google/gemma-2-9b-it,11c9b309abf73637e4b6f9a3fa1e92e615547819
21,heldout,5,51,2,35,number_tokens,9.3125,4.0,4.125,0.125,True,True,google/gemma-2-9b-it,11c9b309abf73637e4b6f9a3fa1e92e615547819
21,heldout,5,51,2,35,random_positions,9.3125,4.0,4.375,0.375,True,True,google/gemma-2-9b-it,11c9b309abf73637e4b6f9a3fa1e92e615547819
21,heldout,5,51,2,36,answer_position,9.3125,4.0,8.625,4.625,True,True,google/gemma-2-9b-it,11c9b309abf73637e4b6f9a3fa1e92e615547819
21,heldout,5,51,2,36,number_tokens,9.3125,4.0,4.125,0.125,True,True,google/gemma-2-9b-it,11c9b309abf73637e4b6f9a3fa1e92e615547819
21,heldout,5,51,2,36,random_positions,9.3125,4.0,4.375,0.375,True,True,google/gemma-2-9b-it,11c9b309abf73637e4b6f9a3fa1e92e615547819
21,heldout,5,51,2,37,answer_position,9.3125,4.0,8.625,4.625,True,True,google/gemma-2-9b-it,11c9b309abf73637e4b6f9a3fa1e92e615547819
21,heldout,5,51,2,37,number_tokens,9.3125,4.0,4.125,0.125,True,True,google/gemma-2-9b-it,11c9b309abf73637e4b6f9a3fa1e92e615547819
21,heldout,5,51,2,37,random_positions,9.3125,4.0,4.375,0.375,True,True,google/gemma-2-9b-it,11c9b309abf73637e4b6f9a3fa1e92e615547819
21,heldout,5,51,2,38,answer_position,9.3125,4.0,8.8125,4.8125,True,True,google/gemma-2-9b-it,11c9b309abf73637e4b6f9a3fa1e92e615547819
21,heldout,5,51,2,38,number_tokens,9.3125,4.0,4.0,0.0,True,True,google/gemma-2-9b-it,11c9b309abf73637e4b6f9a3fa1e92e615547819
21,heldout,5,51,2,38,random_positions,9.3125,4.0,4.375,0.375,True,True,google/gemma-2-9b-it,11c9b309abf73637e4b6f9a3fa1e92e615547819
21,heldout,5,51,2,39,answer_position,9.3125,4.0,9.0,5.0,True,True,google/gemma-2-9b-it,11c9b309abf73637e4b6f9a3fa1e92e615547819
21,heldout,5,51,2,39,number_tokens,9.3125,4.0,4.125,0.125,True,True,google/gemma-2-9b-it,11c9b309abf73637e4b6f9a3fa1e92e615547819
21,heldout,5,51,2,39,random_positions,9.3125,4.0,4.25,0.25,True,True,google/gemma-2-9b-it,11c9b309abf73637e4b6f9a3fa1e92e615547819
21,heldout,5,51,2,40,answer_position,9.3125,4.0,9.1875,5.1875,True,True,google/gemma-2-9b-it,11c9b309abf73637e4b6f9a3fa1e92e615547819
21,heldout,5,51,2,40,number_tokens,9.3125,4.0,4.0,0.0,True,True,google/gemma-2-9b-it,11c9b309abf73637e4b6f9a3fa1e92e615547819
21,heldout,5,51,2,40,random_positions,9.3125,4.0,4.125,0.125,True,True,google/gemma-2-9b-it,11c9b309abf73637e4b6f9a3fa1e92e615547819
21,heldout,5,51,2,41,answer_position,9.3125,4.0,9.3125,5.3125,True,True,google/gemma-2-9b-it,11c9b309abf73637e4b6f9a3fa1e92e615547819
21,heldout,5,51,2,41,number_tokens,9.3125,4.0,4.0,0.0,True,True,google/gemma-2-9b-it,11c9b309abf73637e4b6f9a3fa1e92e615547819
21,heldout,5,51,2,41,random_positions,9.3125,4.0,4.0,0.0,True,True,google/gemma-2-9b-it,11c9b309abf73637e4b6f9a3fa1e92e615547819
22,heldout,5,52,3,0,answer_position,9.5,7.125,7.125,0.0,True,True,google/gemma-2-9b-it,11c9b309abf73637e4b6f9a3fa1e92e615547819
22,heldout,5,52,3,0,number_tokens,9.5,7.125,7.375,0.25,True,True,google/gemma-2-9b-it,11c9b309abf73637e4b6f9a3fa1e92e615547819
22,heldout,5,52,3,0,random_positions,9.5,7.125,1.5,-5.625,True,True,google/gemma-2-9b-it,11c9b309abf73637e4b6f9a3fa1e92e615547819
22,heldout,5,52,3,1,answer_position,9.5,7.125,7.125,0.0,True,True,google/gemma-2-9b-it,11c9b309abf73637e4b6f9a3fa1e92e615547819
22,heldout,5,52,3,1,number_tokens,9.5,7.125,7.25,0.125,True,True,google/gemma-2-9b-it,11c9b309abf73637e4b6f9a3fa1e92e615547819
22,heldout,5,52,3,1,random_positions,9.5,7.125,-0.75,-7.875,True,False,google/gemma-2-9b-it,11c9b309abf73637e4b6f9a3fa1e92e615547819
22,heldout,5,52,3,2,answer_position,9.5,7.125,7.125,0.0,True,True,google/gemma-2-9b-it,11c9b309abf73637e4b6f9a3fa1e92e615547819
22,heldout,5,52,3,2,number_tokens,9.5,7.125,7.25,0.125,True,True,google/gemma-2-9b-it,11c9b309abf73637e4b6f9a3fa1e92e615547819
22,heldout,5,52,3,2,random_positions,9.5,7.125,2.25,-4.875,True,True,google/gemma-2-9b-it,11c9b309abf73637e4b6f9a3fa1e92e615547819
22,heldout,5,52,3,3,answer_position,9.5,7.125,7.125,0.0,True,True,google/gemma-2-9b-it,11c9b309abf73637e4b6f9a3fa1e92e615547819
22,heldout,5,52,3,3,number_tokens,9.5,7.125,7.125,0.0,True,True,google/gemma-2-9b-it,11c9b309abf73637e4b6f9a3fa1e92e615547819
22,heldout,5,52,3,3,random_positions,9.5,7.125,5.25,-1.875,True,True,google/gemma-2-9b-it,11c9b309abf73637e4b6f9a3fa1e92e615547819
22,heldout,5,52,3,4,answer_position,9.5,7.125,7.125,0.0,True,True,google/gemma-2-9b-it,11c9b309abf73637e4b6f9a3fa1e92e615547819
22,heldout,5,52,3,4,number_tokens,9.5,7.125,7.25,0.125,True,True,google/gemma-2-9b-it,11c9b309abf73637e4b6f9a3fa1e92e615547819
22,heldout,5,52,3,4,random_positions,9.5,7.125,5.625,-1.5,True,True,google/gemma-2-9b-it,11c9b309abf73637e4b6f9a3fa1e92e615547819
22,heldout,5,52,3,5,answer_position,9.5,7.125,7.125,0.0,True,True,google/gemma-2-9b-it,11c9b309abf73637e4b6f9a3fa1e92e615547819
22,heldout,5,52,3,5,number_tokens,9.5,7.125,8.75,1.625,True,True,google/gemma-2-9b-it,11c9b309abf73637e4b6f9a3fa1e92e615547819
22,heldout,5,52,3,5,random_positions,9.5,7.125,5.875,-1.25,True,True,google/gemma-2-9b-it,11c9b309abf73637e4b6f9a3fa1e92e615547819
22,heldout,5,52,3,6,answer_position,9.5,7.125,7.125,0.0,True,True,google/gemma-2-9b-it,11c9b309abf73637e4b6f9a3fa1e92e615547819
22,heldout,5,52,3,6,number_tokens,9.5,7.125,8.75,1.625,True,True,google/gemma-2-9b-it,11c9b309abf73637e4b6f9a3fa1e92e615547819
22,heldout,5,52,3,6,random_positions,9.5,7.125,6.8125,-0.3125,True,True,google/gemma-2-9b-it,11c9b309abf73637e4b6f9a3fa1e92e615547819
22,heldout,5,52,3,7,answer_position,9.5,7.125,7.125,0.0,True,True,google/gemma-2-9b-it,11c9b309abf73637e4b6f9a3fa1e92e615547819
22,heldout,5,52,3,7,number_tokens,9.5,7.125,9.0,1.875,True,True,google/gemma-2-9b-it,11c9b309abf73637e4b6f9a3fa1e92e615547819
22,heldout,5,52,3,7,random_positions,9.5,7.125,6.6875,-0.4375,True,True,google/gemma-2-9b-it,11c9b309abf73637e4b6f9a3fa1e92e615547819
22,heldout,5,52,3,8,answer_position,9.5,7.125,7.25,0.125,True,True,google/gemma-2-9b-it,11c9b309abf73637e4b6f9a3fa1e92e615547819
22,heldout,5,52,3,8,number_tokens,9.5,7.125,9.0625,1.9375,True,True,google/gemma-2-9b-it,11c9b309abf73637e4b6f9a3fa1e92e615547819
22,heldout,5,52,3,8,random_positions,9.5,7.125,6.875,-0.25,True,True,google/gemma-2-9b-it,11c9b309abf73637e4b6f9a3fa1e92e615547819
22,heldout,5,52,3,9,answer_position,9.5,7.125,7.125,0.0,True,True,google/gemma-2-9b-it,11c9b309abf73637e4b6f9a3fa1e92e615547819
22,heldout,5,52,3,9,number_tokens,9.5,7.125,8.875,1.75,True,True,google/gemma-2-9b-it,11c9b309abf73637e4b6f9a3fa1e92e615547819
22,heldout,5,52,3,9,random_positions,9.5,7.125,6.8125,-0.3125,True,True,google/gemma-2-9b-it,11c9b309abf73637e4b6f9a3fa1e92e615547819
22,heldout,5,52,3,10,answer_position,9.5,7.125,7.125,0.0,True,True,google/gemma-2-9b-it,11c9b309abf73637e4b6f9a3fa1e92e615547819
22,heldout,5,52,3,10,number_tokens,9.5,7.125,8.875,1.75,True,True,google/gemma-2-9b-it,11c9b309abf73637e4b6f9a3fa1e92e615547819
22,heldout,5,52,3,10,random_positions,9.5,7.125,7.0,-0.125,True,True,google/gemma-2-9b-it,11c9b309abf73637e4b6f9a3fa1e92e615547819
22,heldout,5,52,3,11,answer_position,9.5,7.125,7.125,0.0,True,True,google/gemma-2-9b-it,11c9b309abf73637e4b6f9a3fa1e92e615547819
22,heldout,5,52,3,11,number_tokens,9.5,7.125,7.8125,0.6875,True,True,google/gemma-2-9b-it,11c9b309abf73637e4b6f9a3fa1e92e615547819
22,heldout,5,52,3,11,random_positions,9.5,7.125,7.0,-0.125,True,True,google/gemma-2-9b-it,11c9b309abf73637e4b6f9a3fa1e92e615547819
22,heldout,5,52,3,12,answer_position,9.5,7.125,7.125,0.0,True,True,google/gemma-2-9b-it,11c9b309abf73637e4b6f9a3fa1e92e615547819
22,heldout,5,52,3,12,number_tokens,9.5,7.125,4.0,-3.125,True,True,google/gemma-2-9b-it,11c9b309abf73637e4b6f9a3fa1e92e615547819
22,heldout,5,52,3,12,random_positions,9.5,7.125,7.125,0.0,True,True,google/gemma-2-9b-it,11c9b309abf73637e4b6f9a3fa1e92e615547819
22,heldout,5,52,3,13,answer_position,9.5,7.125,7.125,0.0,True,True,google/gemma-2-9b-it,11c9b309abf73637e4b6f9a3fa1e92e615547819
22,heldout,5,52,3,13,number_tokens,9.5,7.125,2.625,-4.5,True,True,google/gemma-2-9b-it,11c9b309abf73637e4b6f9a3fa1e92e615547819
22,heldout,5,52,3,13,random_positions,9.5,7.125,6.8125,-0.3125,True,True,google/gemma-2-9b-it,11c9b309abf73637e4b6f9a3fa1e92e615547819
22,heldout,5,52,3,14,answer_position,9.5,7.125,7.125,0.0,True,True,google/gemma-2-9b-it,11c9b309abf73637e4b6f9a3fa1e92e615547819
22,heldout,5,52,3,14,number_tokens,9.5,7.125,6.0,-1.125,True,True,google/gemma-2-9b-it,11c9b309abf73637e4b6f9a3fa1e92e615547819
22,heldout,5,52,3,14,random_positions,9.5,7.125,7.125,0.0,True,True,google/gemma-2-9b-it,11c9b309abf73637e4b6f9a3fa1e92e615547819
22,heldout,5,52,3,15,answer_position,9.5,7.125,7.125,0.0,True,True,google/gemma-2-9b-it,11c9b309abf73637e4b6f9a3fa1e92e615547819
22,heldout,5,52,3,15,number_tokens,9.5,7.125,8.0,0.875,True,True,google/gemma-2-9b-it,11c9b309abf73637e4b6f9a3fa1e92e615547819
22,heldout,5,52,3,15,random_positions,9.5,7.125,7.25,0.125,True,True,google/gemma-2-9b-it,11c9b309abf73637e4b6f9a3fa1e92e615547819
22,heldout,5,52,3,16,answer_position,9.5,7.125,7.125,0.0,True,True,google/gemma-2-9b-it,11c9b309abf73637e4b6f9a3fa1e92e615547819
22,heldout,5,52,3,16,number_tokens,9.5,7.125,8.6875,1.5625,True,True,google/gemma-2-9b-it,11c9b309abf73637e4b6f9a3fa1e92e615547819
22,heldout,5,52,3,16,random_positions,9.5,7.125,7.375,0.25,True,True,google/gemma-2-9b-it,11c9b309abf73637e4b6f9a3fa1e92e615547819
22,heldout,5,52,3,17,answer_position,9.5,7.125,7.25,0.125,True,True,google/gemma-2-9b-it,11c9b309abf73637e4b6f9a3fa1e92e615547819
22,heldout,5,52,3,17,number_tokens,9.5,7.125,8.875,1.75,True,True,google/gemma-2-9b-it,11c9b309abf73637e4b6f9a3fa1e92e615547819
22,heldout,5,52,3,17,random_positions,9.5,7.125,7.5,0.375,True,True,google/gemma-2-9b-it,11c9b309abf73637e4b6f9a3fa1e92e615547819
22,heldout,5,52,3,18,answer_position,9.5,7.125,7.125,0.0,True,True,google/gemma-2-9b-it,11c9b309abf73637e4b6f9a3fa1e92e615547819
22,heldout,5,52,3,18,number_tokens,9.5,7.125,8.4375,1.3125,True,True,google/gemma-2-9b-it,11c9b309abf73637e4b6f9a3fa1e92e615547819
22,heldout,5,52,3,18,random_positions,9.5,7.125,7.25,0.125,True,True,google/gemma-2-9b-it,11c9b309abf73637e4b6f9a3fa1e92e615547819
22,heldout,5,52,3,19,answer_position,9.5,7.125,7.25,0.125,True,True,google/gemma-2-9b-it,11c9b309abf73637e4b6f9a3fa1e92e615547819
22,heldout,5,52,3,19,number_tokens,9.5,7.125,8.75,1.625,True,True,google/gemma-2-9b-it,11c9b309abf73637e4b6f9a3fa1e92e615547819
22,heldout,5,52,3,19,random_positions,9.5,7.125,7.125,0.0,True,True,google/gemma-2-9b-it,11c9b309abf73637e4b6f9a3fa1e92e615547819
22,heldout,5,52,3,20,answer_position,9.5,7.125,7.625,0.5,True,True,google/gemma-2-9b-it,11c9b309abf73637e4b6f9a3fa1e92e615547819
22,heldout,5,52,3,20,number_tokens,9.5,7.125,8.1875,1.0625,True,True,google/gemma-2-9b-it,11c9b309abf73637e4b6f9a3fa1e92e615547819
22,heldout,5,52,3,20,random_positions,9.5,7.125,7.25,0.125,True,True,google/gemma-2-9b-it,11c9b309abf73637e4b6f9a3fa1e92e615547819
22,heldout,5,52,3,21,answer_position,9.5,7.125,7.875,0.75,True,True,google/gemma-2-9b-it,11c9b309abf73637e4b6f9a3fa1e92e615547819
22,heldout,5,52,3,21,number_tokens,9.5,7.125,8.0,0.875,True,True,google/gemma-2-9b-it,11c9b309abf73637e4b6f9a3fa1e92e615547819
22,heldout,5,52,3,21,random_positions,9.5,7.125,7.5,0.375,True,True,google/gemma-2-9b-it,11c9b309abf73637e4b6f9a3fa1e92e615547819
22,heldout,5,52,3,22,answer_position,9.5,7.125,8.375,1.25,True,True,google/gemma-2-9b-it,11c9b309abf73637e4b6f9a3fa1e92e615547819
22,heldout,5,52,3,22,number_tokens,9.5,7.125,7.875,0.75,True,True,google/gemma-2-9b-it,11c9b309abf73637e4b6f9a3fa1e92e615547819
22,heldout,5,52,3,22,random_positions,9.5,7.125,7.125,0.0,True,True,google/gemma-2-9b-it,11c9b309abf73637e4b6f9a3fa1e92e615547819
22,heldout,5,52,3,23,answer_position,9.5,7.125,8.875,1.75,True,True,google/gemma-2-9b-it,11c9b309abf73637e4b6f9a3fa1e92e615547819
22,heldout,5,52,3,23,number_tokens,9.5,7.125,7.25,0.125,True,True,google/gemma-2-9b-it,11c9b309abf73637e4b6f9a3fa1e92e615547819
22,heldout,5,52,3,23,random_positions,9.5,7.125,7.125,0.0,True,True,google/gemma-2-9b-it,11c9b309abf73637e4b6f9a3fa1e92e615547819
22,heldout,5,52,3,24,answer_position,9.5,7.125,9.0,1.875,True,True,google/gemma-2-9b-it,11c9b309abf73637e4b6f9a3fa1e92e615547819
22,heldout,5,52,3,24,number_tokens,9.5,7.125,7.125,0.0,True,True,google/gemma-2-9b-it,11c9b309abf73637e4b6f9a3fa1e92e615547819
22,heldout,5,52,3,24,random_positions,9.5,7.125,7.125,0.0,True,True,google/gemma-2-9b-it,11c9b309abf73637e4b6f9a3fa1e92e615547819
22,heldout,5,52,3,25,answer_position,9.5,7.125,9.0625,1.9375,True,True,google/gemma-2-9b-it,11c9b309abf73637e4b6f9a3fa1e92e615547819
22,heldout,5,52,3,25,number_tokens,9.5,7.125,7.25,0.125,True,True,google/gemma-2-9b-it,11c9b309abf73637e4b6f9a3fa1e92e615547819
22,heldout,5,52,3,25,random_positions,9.5,7.125,7.0,-0.125,True,True,google/gemma-2-9b-it,11c9b309abf73637e4b6f9a3fa1e92e615547819
22,heldout,5,52,3,26,answer_position,9.5,7.125,9.1875,2.0625,True,True,google/gemma-2-9b-it,11c9b309abf73637e4b6f9a3fa1e92e615547819
22,heldout,5,52,3,26,number_tokens,9.5,7.125,7.25,0.125,True,True,google/gemma-2-9b-it,11c9b309abf73637e4b6f9a3fa1e92e615547819
22,heldout,5,52,3,26,random_positions,9.5,7.125,7.125,0.0,True,True,google/gemma-2-9b-it,11c9b309abf73637e4b6f9a3fa1e92e615547819
22,heldout,5,52,3,27,answer_position,9.5,7.125,9.1875,2.0625,True,True,google/gemma-2-9b-it,11c9b309abf73637e4b6f9a3fa1e92e615547819
22,heldout,5,52,3,27,number_tokens,9.5,7.125,7.25,0.125,True,True,google/gemma-2-9b-it,11c9b309abf73637e4b6f9a3fa1e92e615547819
22,heldout,5,52,3,27,random_positions,9.5,7.125,7.125,0.0,True,True,google/gemma-2-9b-it,11c9b309abf73637e4b6f9a3fa1e92e615547819
22,heldout,5,52,3,28,answer_position,9.5,7.125,9.125,2.0,True,True,google/gemma-2-9b-it,11c9b309abf73637e4b6f9a3fa1e92e615547819
22,heldout,5,52,3,28,number_tokens,9.5,7.125,7.25,0.125,True,True,google/gemma-2-9b-it,11c9b309abf73637e4b6f9a3fa1e92e615547819
22,heldout,5,52,3,28,random_positions,9.5,7.125,7.125,0.0,True,True,google/gemma-2-9b-it,11c9b309abf73637e4b6f9a3fa1e92e615547819
22,heldout,5,52,3,29,answer_position,9.5,7.125,9.125,2.0,True,True,google/gemma-2-9b-it,11c9b309abf73637e4b6f9a3fa1e92e615547819
22,heldout,5,52,3,29,number_tokens,9.5,7.125,7.25,0.125,True,True,google/gemma-2-9b-it,11c9b309abf73637e4b6f9a3fa1e92e615547819
22,heldout,5,52,3,29,random_positions,9.5,7.125,7.125,0.0,True,True,google/gemma-2-9b-it,11c9b309abf73637e4b6f9a3fa1e92e615547819
22,heldout,5,52,3,30,answer_position,9.5,7.125,9.125,2.0,True,True,google/gemma-2-9b-it,11c9b309abf73637e4b6f9a3fa1e92e615547819
22,heldout,5,52,3,30,number_tokens,9.5,7.125,7.25,0.125,True,True,google/gemma-2-9b-it,11c9b309abf73637e4b6f9a3fa1e92e615547819
22,heldout,5,52,3,30,random_positions,9.5,7.125,7.125,0.0,True,True,google/gemma-2-9b-it,11c9b309abf73637e4b6f9a3fa1e92e615547819
22,heldout,5,52,3,31,answer_position,9.5,7.125,9.1875,2.0625,True,True,google/gemma-2-9b-it,11c9b309abf73637e4b6f9a3fa1e92e615547819
22,heldout,5,52,3,31,number_tokens,9.5,7.125,7.25,0.125,True,True,google/gemma-2-9b-it,11c9b309abf73637e4b6f9a3fa1e92e615547819
22,heldout,5,52,3,31,random_positions,9.5,7.125,7.125,0.0,True,True,google/gemma-2-9b-it,11c9b309abf73637e4b6f9a3fa1e92e615547819
22,heldout,5,52,3,32,answer_position,9.5,7.125,9.1875,2.0625,True,True,google/gemma-2-9b-it,11c9b309abf73637e4b6f9a3fa1e92e615547819
22,heldout,5,52,3,32,number_tokens,9.5,7.125,7.25,0.125,True,True,google/gemma-2-9b-it,11c9b309abf73637e4b6f9a3fa1e92e615547819
22,heldout,5,52,3,32,random_positions,9.5,7.125,7.125,0.0,True,True,google/gemma-2-9b-it,11c9b309abf73637e4b6f9a3fa1e92e615547819
22,heldout,5,52,3,33,answer_position,9.5,7.125,9.1875,2.0625,True,True,google/gemma-2-9b-it,11c9b309abf73637e4b6f9a3fa1e92e615547819
22,heldout,5,52,3,33,number_tokens,9.5,7.125,7.25,0.125,True,True,google/gemma-2-9b-it,11c9b309abf73637e4b6f9a3fa1e92e615547819
22,heldout,5,52,3,33,random_positions,9.5,7.125,7.125,0.0,True,True,google/gemma-2-9b-it,11c9b309abf73637e4b6f9a3fa1e92e615547819
22,heldout,5,52,3,34,answer_position,9.5,7.125,9.1875,2.0625,True,True,google/gemma-2-9b-it,11c9b309abf73637e4b6f9a3fa1e92e615547819
22,heldout,5,52,3,34,number_tokens,9.5,7.125,7.25,0.125,True,True,google/gemma-2-9b-it,11c9b309abf73637e4b6f9a3fa1e92e615547819
22,heldout,5,52,3,34,random_positions,9.5,7.125,7.25,0.125,True,True,google/gemma-2-9b-it,11c9b309abf73637e4b6f9a3fa1e92e615547819
22,heldout,5,52,3,35,answer_position,9.5,7.125,9.1875,2.0625,True,True,google/gemma-2-9b-it,11c9b309abf73637e4b6f9a3fa1e92e615547819
22,heldout,5,52,3,35,number_tokens,9.5,7.125,7.25,0.125,True,True,google/gemma-2-9b-it,11c9b309abf73637e4b6f9a3fa1e92e615547819
22,heldout,5,52,3,35,random_positions,9.5,7.125,7.125,0.0,True,True,google/gemma-2-9b-it,11c9b309abf73637e4b6f9a3fa1e92e615547819
22,heldout,5,52,3,36,answer_position,9.5,7.125,9.1875,2.0625,True,True,google/gemma-2-9b-it,11c9b309abf73637e4b6f9a3fa1e92e615547819
22,heldout,5,52,3,36,number_tokens,9.5,7.125,7.25,0.125,True,True,google/gemma-2-9b-it,11c9b309abf73637e4b6f9a3fa1e92e615547819
22,heldout,5,52,3,36,random_positions,9.5,7.125,7.125,0.0,True,True,google/gemma-2-9b-it,11c9b309abf73637e4b6f9a3fa1e92e615547819
22,heldout,5,52,3,37,answer_position,9.5,7.125,9.1875,2.0625,True,True,google/gemma-2-9b-it,11c9b309abf73637e4b6f9a3fa1e92e615547819
22,heldout,5,52,3,37,number_tokens,9.5,7.125,7.125,0.0,True,True,google/gemma-2-9b-it,11c9b309abf73637e4b6f9a3fa1e92e615547819
22,heldout,5,52,3,37,random_positions,9.5,7.125,7.125,0.0,True,True,google/gemma-2-9b-it,11c9b309abf73637e4b6f9a3fa1e92e615547819
22,heldout,5,52,3,38,answer_position,9.5,7.125,9.375,2.25,True,True,google/gemma-2-9b-it,11c9b309abf73637e4b6f9a3fa1e92e615547819
22,heldout,5,52,3,38,number_tokens,9.5,7.125,7.125,0.0,True,True,google/gemma-2-9b-it,11c9b309abf73637e4b6f9a3fa1e92e615547819
22,heldout,5,52,3,38,random_positions,9.5,7.125,7.125,0.0,True,True,google/gemma-2-9b-it,11c9b309abf73637e4b6f9a3fa1e92e615547819
22,heldout,5,52,3,39,answer_position,9.5,7.125,9.375,2.25,True,True,google/gemma-2-9b-it,11c9b309abf73637e4b6f9a3fa1e92e615547819
22,heldout,5,52,3,39,number_tokens,9.5,7.125,7.125,0.0,True,True,google/gemma-2-9b-it,11c9b309abf73637e4b6f9a3fa1e92e615547819
22,heldout,5,52,3,39,random_positions,9.5,7.125,7.125,0.0,True,True,google/gemma-2-9b-it,11c9b309abf73637e4b6f9a3fa1e92e615547819
22,heldout,5,52,3,40,answer_position,9.5,7.125,9.5,2.375,True,True,google/gemma-2-9b-it,11c9b309abf73637e4b6f9a3fa1e92e615547819
22,heldout,5,52,3,40,number_tokens,9.5,7.125,7.125,0.0,True,True,google/gemma-2-9b-it,11c9b309abf73637e4b6f9a3fa1e92e615547819
22,heldout,5,52,3,40,random_positions,9.5,7.125,7.125,0.0,True,True,google/gemma-2-9b-it,11c9b309abf73637e4b6f9a3fa1e92e615547819
22,heldout,5,52,3,41,answer_position,9.5,7.125,9.5,2.375,True,True,google/gemma-2-9b-it,11c9b309abf73637e4b6f9a3fa1e92e615547819
22,heldout,5,52,3,41,number_tokens,9.5,7.125,7.125,0.0,True,True,google/gemma-2-9b-it,11c9b309abf73637e4b6f9a3fa1e92e615547819
22,heldout,5,52,3,41,random_positions,9.5,7.125,7.125,0.0,True,True,google/gemma-2-9b-it,11c9b309abf73637e4b6f9a3fa1e92e615547819
23,heldout,5,53,4,0,answer_position,9.1875,6.375,6.375,0.0,True,True,google/gemma-2-9b-it,11c9b309abf73637e4b6f9a3fa1e92e615547819
23,heldout,5,53,4,0,number_tokens,9.1875,6.375,6.5,0.125,True,True,google/gemma-2-9b-it,11c9b309abf73637e4b6f9a3fa1e92e615547819
23,heldout,5,53,4,0,random_positions,9.1875,6.375,2.25,-4.125,True,True,google/gemma-2-9b-it,11c9b309abf73637e4b6f9a3fa1e92e615547819
23,heldout,5,53,4,1,answer_position,9.1875,6.375,6.375,0.0,True,True,google/gemma-2-9b-it,11c9b309abf73637e4b6f9a3fa1e92e615547819
23,heldout,5,53,4,1,number_tokens,9.1875,6.375,6.5625,0.1875,True,True,google/gemma-2-9b-it,11c9b309abf73637e4b6f9a3fa1e92e615547819
23,heldout,5,53,4,1,random_positions,9.1875,6.375,3.125,-3.25,True,True,google/gemma-2-9b-it,11c9b309abf73637e4b6f9a3fa1e92e615547819
23,heldout,5,53,4,2,answer_position,9.1875,6.375,6.25,-0.125,True,True,google/gemma-2-9b-it,11c9b309abf73637e4b6f9a3fa1e92e615547819
23,heldout,5,53,4,2,number_tokens,9.1875,6.375,6.5625,0.1875,True,True,google/gemma-2-9b-it,11c9b309abf73637e4b6f9a3fa1e92e615547819
23,heldout,5,53,4,2,random_positions,9.1875,6.375,4.625,-1.75,True,True,google/gemma-2-9b-it,11c9b309abf73637e4b6f9a3fa1e92e615547819
23,heldout,5,53,4,3,answer_position,9.1875,6.375,6.375,0.0,True,True,google/gemma-2-9b-it,11c9b309abf73637e4b6f9a3fa1e92e615547819
23,heldout,5,53,4,3,number_tokens,9.1875,6.375,7.25,0.875,True,True,google/gemma-2-9b-it,11c9b309abf73637e4b6f9a3fa1e92e615547819
23,heldout,5,53,4,3,random_positions,9.1875,6.375,4.0,-2.375,True,True,google/gemma-2-9b-it,11c9b309abf73637e4b6f9a3fa1e92e615547819
23,heldout,5,53,4,4,answer_position,9.1875,6.375,6.375,0.0,True,True,google/gemma-2-9b-it,11c9b309abf73637e4b6f9a3fa1e92e615547819
23,heldout,5,53,4,4,number_tokens,9.1875,6.375,7.375,1.0,True,True,google/gemma-2-9b-it,11c9b309abf73637e4b6f9a3fa1e92e615547819
23,heldout,5,53,4,4,random_positions,9.1875,6.375,5.5,-0.875,True,True,google/gemma-2-9b-it,11c9b309abf73637e4b6f9a3fa1e92e615547819
23,heldout,5,53,4,5,answer_position,9.1875,6.375,6.375,0.0,True,True,google/gemma-2-9b-it,11c9b309abf73637e4b6f9a3fa1e92e615547819
23,heldout,5,53,4,5,number_tokens,9.1875,6.375,8.375,2.0,True,True,google/gemma-2-9b-it,11c9b309abf73637e4b6f9a3fa1e92e615547819
23,heldout,5,53,4,5,random_positions,9.1875,6.375,6.0,-0.375,True,True,google/gemma-2-9b-it,11c9b309abf73637e4b6f9a3fa1e92e615547819
23,heldout,5,53,4,6,answer_position,9.1875,6.375,6.375,0.0,True,True,google/gemma-2-9b-it,11c9b309abf73637e4b6f9a3fa1e92e615547819
23,heldout,5,53,4,6,number_tokens,9.1875,6.375,7.375,1.0,True,True,google/gemma-2-9b-it,11c9b309abf73637e4b6f9a3fa1e92e615547819
23,heldout,5,53,4,6,random_positions,9.1875,6.375,6.1875,-0.1875,True,True,google/gemma-2-9b-it,11c9b309abf73637e4b6f9a3fa1e92e615547819
23,heldout,5,53,4,7,answer_position,9.1875,6.375,6.375,0.0,True,True,google/gemma-2-9b-it,11c9b309abf73637e4b6f9a3fa1e92e615547819
23,heldout,5,53,4,7,number_tokens,9.1875,6.375,7.375,1.0,True,True,google/gemma-2-9b-it,11c9b309abf73637e4b6f9a3fa1e92e615547819
23,heldout,5,53,4,7,random_positions,9.1875,6.375,6.3125,-0.0625,True,True,google/gemma-2-9b-it,11c9b309abf73637e4b6f9a3fa1e92e615547819
23,heldout,5,53,4,8,answer_position,9.1875,6.375,6.3125,-0.0625,True,True,google/gemma-2-9b-it,11c9b309abf73637e4b6f9a3fa1e92e615547819
23,heldout,5,53,4,8,number_tokens,9.1875,6.375,7.375,1.0,True,True,google/gemma-2-9b-it,11c9b309abf73637e4b6f9a3fa1e92e615547819
23,heldout,5,53,4,8,random_positions,9.1875,6.375,6.1875,-0.1875,True,True,google/gemma-2-9b-it,11c9b309abf73637e4b6f9a3fa1e92e615547819
23,heldout,5,53,4,9,answer_position,9.1875,6.375,6.375,0.0,True,True,google/gemma-2-9b-it,11c9b309abf73637e4b6f9a3fa1e92e615547819
23,heldout,5,53,4,9,number_tokens,9.1875,6.375,7.5,1.125,True,True,google/gemma-2-9b-it,11c9b309abf73637e4b6f9a3fa1e92e615547819
23,heldout,5,53,4,9,random_positions,9.1875,6.375,6.1875,-0.1875,True,True,google/gemma-2-9b-it,11c9b309abf73637e4b6f9a3fa1e92e615547819
23,heldout,5,53,4,10,answer_position,9.1875,6.375,6.375,0.0,True,True,google/gemma-2-9b-it,11c9b309abf73637e4b6f9a3fa1e92e615547819
23,heldout,5,53,4,10,number_tokens,9.1875,6.375,8.1875,1.8125,True,True,google/gemma-2-9b-it,11c9b309abf73637e4b6f9a3fa1e92e615547819
23,heldout,5,53,4,10,random_positions,9.1875,6.375,6.125,-0.25,True,True,google/gemma-2-9b-it,11c9b309abf73637e4b6f9a3fa1e92e615547819
23,heldout,5,53,4,11,answer_position,9.1875,6.375,6.375,0.0,True,True,google/gemma-2-9b-it,11c9b309abf73637e4b6f9a3fa1e92e615547819
23,heldout,5,53,4,11,number_tokens,9.1875,6.375,4.375,-2.0,True,True,google/gemma-2-9b-it,11c9b309abf73637e4b6f9a3fa1e92e615547819
23,heldout,5,53,4,11,random_positions,9.1875,6.375,6.125,-0.25,True,True,google/gemma-2-9b-it,11c9b309abf73637e4b6f9a3fa1e92e615547819
23,heldout,5,53,4,12,answer_position,9.1875,6.375,6.25,-0.125,True,True,google/gemma-2-9b-it,11c9b309abf73637e4b6f9a3fa1e92e615547819
23,heldout,5,53,4,12,number_tokens,9.1875,6.375,-1.25,-7.625,True,False,google/gemma-2-9b-it,11c9b309abf73637e4b6f9a3fa1e92e615547819
23,heldout,5,53,4,12,random_positions,9.1875,6.375,6.125,-0.25,True,True,google/gemma-2-9b-it,11c9b309abf73637e4b6f9a3fa1e92e615547819
23,heldout,5,53,4,13,answer_position,9.1875,6.375,6.25,-0.125,True,True,google/gemma-2-9b-it,11c9b309abf73637e4b6f9a3fa1e92e615547819
23,heldout,5,53,4,13,number_tokens,9.1875,6.375,-1.125,-7.5,True,False,google/gemma-2-9b-it,11c9b309abf73637e4b6f9a3fa1e92e615547819
23,heldout,5,53,4,13,random_positions,9.1875,6.375,6.125,-0.25,True,True,google/gemma-2-9b-it,11c9b309abf73637e4b6f9a3fa1e92e615547819
23,heldout,5,53,4,14,answer_position,9.1875,6.375,6.375,0.0,True,True,google/gemma-2-9b-it,11c9b309abf73637e4b6f9a3fa1e92e615547819
23,heldout,5,53,4,14,number_tokens,9.1875,6.375,3.375,-3.0,True,True,google/gemma-2-9b-it,11c9b309abf73637e4b6f9a3fa1e92e615547819
23,heldout,5,53,4,14,random_positions,9.1875,6.375,5.875,-0.5,True,True,google/gemma-2-9b-it,11c9b309abf73637e4b6f9a3fa1e92e615547819
23,heldout,5,53,4,15,answer_position,9.1875,6.375,6.375,0.0,True,True,google/gemma-2-9b-it,11c9b309abf73637e4b6f9a3fa1e92e615547819
23,heldout,5,53,4,15,number_tokens,9.1875,6.375,6.8125,0.4375,True,True,google/gemma-2-9b-it,11c9b309abf73637e4b6f9a3fa1e92e615547819
23,heldout,5,53,4,15,random_positions,9.1875,6.375,5.75,-0.625,True,True,google/gemma-2-9b-it,11c9b309abf73637e4b6f9a3fa1e92e615547819
23,heldout,5,53,4,16,answer_position,9.1875,6.375,6.375,0.0,True,True,google/gemma-2-9b-it,11c9b309abf73637e4b6f9a3fa1e92e615547819
23,heldout,5,53,4,16,number_tokens,9.1875,6.375,8.0,1.625,True,True,google/gemma-2-9b-it,11c9b309abf73637e4b6f9a3fa1e92e615547819
23,heldout,5,53,4,16,random_positions,9.1875,6.375,5.875,-0.5,True,True,google/gemma-2-9b-it,11c9b309abf73637e4b6f9a3fa1e92e615547819
23,heldout,5,53,4,17,answer_position,9.1875,6.375,6.375,0.0,True,True,google/gemma-2-9b-it,11c9b309abf73637e4b6f9a3fa1e92e615547819
23,heldout,5,53,4,17,number_tokens,9.1875,6.375,8.1875,1.8125,True,True,google/gemma-2-9b-it,11c9b309abf73637e4b6f9a3fa1e92e615547819
23,heldout,5,53,4,17,random_positions,9.1875,6.375,6.125,-0.25,True,True,google/gemma-2-9b-it,11c9b309abf73637e4b6f9a3fa1e92e615547819
23,heldout,5,53,4,18,answer_position,9.1875,6.375,6.375,0.0,True,True,google/gemma-2-9b-it,11c9b309abf73637e4b6f9a3fa1e92e615547819
23,heldout,5,53,4,18,number_tokens,9.1875,6.375,7.75,1.375,True,True,google/gemma-2-9b-it,11c9b309abf73637e4b6f9a3fa1e92e615547819
23,heldout,5,53,4,18,random_positions,9.1875,6.375,6.6875,0.3125,True,True,google/gemma-2-9b-it,11c9b309abf73637e4b6f9a3fa1e92e615547819
23,heldout,5,53,4,19,answer_position,9.1875,6.375,6.375,0.0,True,True,google/gemma-2-9b-it,11c9b309abf73637e4b6f9a3fa1e92e615547819
23,heldout,5,53,4,19,number_tokens,9.1875,6.375,8.0625,1.6875,True,True,google/gemma-2-9b-it,11c9b309abf73637e4b6f9a3fa1e92e615547819
23,heldout,5,53,4,19,random_positions,9.1875,6.375,6.5625,0.1875,True,True,google/gemma-2-9b-it,11c9b309abf73637e4b6f9a3fa1e92e615547819
23,heldout,5,53,4,20,answer_position,9.1875,6.375,6.8125,0.4375,True,True,google/gemma-2-9b-it,11c9b309abf73637e4b6f9a3fa1e92e615547819
23,heldout,5,53,4,20,number_tokens,9.1875,6.375,7.375,1.0,True,True,google/gemma-2-9b-it,11c9b309abf73637e4b6f9a3fa1e92e615547819
23,heldout,5,53,4,20,random_positions,9.1875,6.375,6.9375,0.5625,True,True,google/gemma-2-9b-it,11c9b309abf73637e4b6f9a3fa1e92e615547819
23,heldout,5,53,4,21,answer_position,9.1875,6.375,7.25,0.875,True,True,google/gemma-2-9b-it,11c9b309abf73637e4b6f9a3fa1e92e615547819
23,heldout,5,53,4,21,number_tokens,9.1875,6.375,7.125,0.75,True,True,google/gemma-2-9b-it,11c9b309abf73637e4b6f9a3fa1e92e615547819
23,heldout,5,53,4,21,random_positions,9.1875,6.375,7.125,0.75,True,True,google/gemma-2-9b-it,11c9b309abf73637e4b6f9a3fa1e92e615547819
23,heldout,5,53,4,22,answer_position,9.1875,6.375,7.75,1.375,True,True,google/gemma-2-9b-it,11c9b309abf73637e4b6f9a3fa1e92e615547819
23,heldout,5,53,4,22,number_tokens,9.1875,6.375,7.0,0.625,True,True,google/gemma-2-9b-it,11c9b309abf73637e4b6f9a3fa1e92e615547819
23,heldout,5,53,4,22,random_positions,9.1875,6.375,6.9375,0.5625,True,True,google/gemma-2-9b-it,11c9b309abf73637e4b6f9a3fa1e92e615547819
23,heldout,5,53,4,23,answer_position,9.1875,6.375,8.1875,1.8125,True,True,google/gemma-2-9b-it,11c9b309abf73637e4b6f9a3fa1e92e615547819
23,heldout,5,53,4,23,number_tokens,9.1875,6.375,6.375,0.0,True,True,google/gemma-2-9b-it,11c9b309abf73637e4b6f9a3fa1e92e615547819
23,heldout,5,53,4,23,random_positions,9.1875,6.375,6.8125,0.4375,True,True,google/gemma-2-9b-it,11c9b309abf73637e4b6f9a3fa1e92e615547819
23,heldout,5,53,4,24,answer_position,9.1875,6.375,8.3125,1.9375,True,True,google/gemma-2-9b-it,11c9b309abf73637e4b6f9a3fa1e92e615547819
23,heldout,5,53,4,24,number_tokens,9.1875,6.375,6.375,0.0,True,True,google/gemma-2-9b-it,11c9b309abf73637e4b6f9a3fa1e92e615547819
23,heldout,5,53,4,24,random_positions,9.1875,6.375,6.8125,0.4375,True,True,google/gemma-2-9b-it,11c9b309abf73637e4b6f9a3fa1e92e615547819
23,heldout,5,53,4,25,answer_position,9.1875,6.375,8.6875,2.3125,True,True,google/gemma-2-9b-it,11c9b309abf73637e4b6f9a3fa1e92e615547819
23,heldout,5,53,4,25,number_tokens,9.1875,6.375,6.4375,0.0625,True,True,google/gemma-2-9b-it,11c9b309abf73637e4b6f9a3fa1e92e615547819
23,heldout,5,53,4,25,random_positions,9.1875,6.375,6.6875,0.3125,True,True,google/gemma-2-9b-it,11c9b309abf73637e4b6f9a3fa1e92e615547819
23,heldout,5,53,4,26,answer_position,9.1875,6.375,8.6875,2.3125,True,True,google/gemma-2-9b-it,11c9b309abf73637e4b6f9a3fa1e92e615547819
23,heldout,5,53,4,26,number_tokens,9.1875,6.375,6.375,0.0,True,True,google/gemma-2-9b-it,11c9b309abf73637e4b6f9a3fa1e92e615547819
23,heldout,5,53,4,26,random_positions,9.1875,6.375,6.4375,0.0625,True,True,google/gemma-2-9b-it,11c9b309abf73637e4b6f9a3fa1e92e615547819
23,heldout,5,53,4,27,answer_position,9.1875,6.375,8.6875,2.3125,True,True,google/gemma-2-9b-it,11c9b309abf73637e4b6f9a3fa1e92e615547819
23,heldout,5,53,4,27,number_tokens,9.1875,6.375,6.375,0.0,True,True,google/gemma-2-9b-it,11c9b309abf73637e4b6f9a3fa1e92e615547819
23,heldout,5,53,4,27,random_positions,9.1875,6.375,6.4375,0.0625,True,True,google/gemma-2-9b-it,11c9b309abf73637e4b6f9a3fa1e92e615547819
23,heldout,5,53,4,28,answer_position,9.1875,6.375,8.625,2.25,True,True,google/gemma-2-9b-it,11c9b309abf73637e4b6f9a3fa1e92e615547819
23,heldout,5,53,4,28,number_tokens,9.1875,6.375,6.4375,0.0625,True,True,google/gemma-2-9b-it,11c9b309abf73637e4b6f9a3fa1e92e615547819
23,heldout,5,53,4,28,random_positions,9.1875,6.375,6.5625,0.1875,True,True,google/gemma-2-9b-it,11c9b309abf73637e4b6f9a3fa1e92e615547819
23,heldout,5,53,4,29,answer_position,9.1875,6.375,8.625,2.25,True,True,google/gemma-2-9b-it,11c9b309abf73637e4b6f9a3fa1e92e615547819
23,heldout,5,53,4,29,number_tokens,9.1875,6.375,6.375,0.0,True,True,google/gemma-2-9b-it,11c9b309abf73637e4b6f9a3fa1e92e615547819
23,heldout,5,53,4,29,random_positions,9.1875,6.375,6.375,0.0,True,True,google/gemma-2-9b-it,11c9b309abf73637e4b6f9a3fa1e92e615547819
23,heldout,5,53,4,30,answer_position,9.1875,6.375,8.6875,2.3125,True,True,google/gemma-2-9b-it,11c9b309abf73637e4b6f9a3fa1e92e615547819
23,heldout,5,53,4,30,number_tokens,9.1875,6.375,6.375,0.0,True,True,google/gemma-2-9b-it,11c9b309abf73637e4b6f9a3fa1e92e615547819
23,heldout,5,53,4,30,random_positions,9.1875,6.375,6.375,0.0,True,True,google/gemma-2-9b-it,11c9b309abf73637e4b6f9a3fa1e92e615547819
23,heldout,5,53,4,31,answer_position,9.1875,6.375,8.6875,2.3125,True,True,google/gemma-2-9b-it,11c9b309abf73637e4b6f9a3fa1e92e615547819
23,heldout,5,53,4,31,number_tokens,9.1875,6.375,6.375,0.0,True,True,google/gemma-2-9b-it,11c9b309abf73637e4b6f9a3fa1e92e615547819
23,heldout,5,53,4,31,random_positions,9.1875,6.375,6.375,0.0,True,True,google/gemma-2-9b-it,11c9b309abf73637e4b6f9a3fa1e92e615547819
23,heldout,5,53,4,32,answer_position,9.1875,6.375,8.6875,2.3125,True,True,google/gemma-2-9b-it,11c9b309abf73637e4b6f9a3fa1e92e615547819
23,heldout,5,53,4,32,number_tokens,9.1875,6.375,6.375,0.0,True,True,google/gemma-2-9b-it,11c9b309abf73637e4b6f9a3fa1e92e615547819
23,heldout,5,53,4,32,random_positions,9.1875,6.375,6.375,0.0,True,True,google/gemma-2-9b-it,11c9b309abf73637e4b6f9a3fa1e92e615547819
23,heldout,5,53,4,33,answer_position,9.1875,6.375,8.6875,2.3125,True,True,google/gemma-2-9b-it,11c9b309abf73637e4b6f9a3fa1e92e615547819
23,heldout,5,53,4,33,number_tokens,9.1875,6.375,6.375,0.0,True,True,google/gemma-2-9b-it,11c9b309abf73637e4b6f9a3fa1e92e615547819
23,heldout,5,53,4,33,random_positions,9.1875,6.375,6.375,0.0,True,True,google/gemma-2-9b-it,11c9b309abf73637e4b6f9a3fa1e92e615547819
23,heldout,5,53,4,34,answer_position,9.1875,6.375,8.8125,2.4375,True,True,google/gemma-2-9b-it,11c9b309abf73637e4b6f9a3fa1e92e615547819
23,heldout,5,53,4,34,number_tokens,9.1875,6.375,6.375,0.0,True,True,google/gemma-2-9b-it,11c9b309abf73637e4b6f9a3fa1e92e615547819
23,heldout,5,53,4,34,random_positions,9.1875,6.375,6.375,0.0,True,True,google/gemma-2-9b-it,11c9b309abf73637e4b6f9a3fa1e92e615547819
23,heldout,5,53,4,35,answer_position,9.1875,6.375,8.8125,2.4375,True,True,google/gemma-2-9b-it,11c9b309abf73637e4b6f9a3fa1e92e615547819
23,heldout,5,53,4,35,number_tokens,9.1875,6.375,6.375,0.0,True,True,google/gemma-2-9b-it,11c9b309abf73637e4b6f9a3fa1e92e615547819
23,heldout,5,53,4,35,random_positions,9.1875,6.375,6.375,0.0,True,True,google/gemma-2-9b-it,11c9b309abf73637e4b6f9a3fa1e92e615547819
23,heldout,5,53,4,36,answer_position,9.1875,6.375,8.8125,2.4375,True,True,google/gemma-2-9b-it,11c9b309abf73637e4b6f9a3fa1e92e615547819
23,heldout,5,53,4,36,number_tokens,9.1875,6.375,6.375,0.0,True,True,google/gemma-2-9b-it,11c9b309abf73637e4b6f9a3fa1e92e615547819
23,heldout,5,53,4,36,random_positions,9.1875,6.375,6.375,0.0,True,True,google/gemma-2-9b-it,11c9b309abf73637e4b6f9a3fa1e92e615547819
23,heldout,5,53,4,37,answer_position,9.1875,6.375,8.8125,2.4375,True,True,google/gemma-2-9b-it,11c9b309abf73637e4b6f9a3fa1e92e615547819
23,heldout,5,53,4,37,number_tokens,9.1875,6.375,6.375,0.0,True,True,google/gemma-2-9b-it,11c9b309abf73637e4b6f9a3fa1e92e615547819
23,heldout,5,53,4,37,random_positions,9.1875,6.375,6.375,0.0,True,True,google/gemma-2-9b-it,11c9b309abf73637e4b6f9a3fa1e92e615547819
23,heldout,5,53,4,38,answer_position,9.1875,6.375,9.0,2.625,True,True,google/gemma-2-9b-it,11c9b309abf73637e4b6f9a3fa1e92e615547819
23,heldout,5,53,4,38,number_tokens,9.1875,6.375,6.375,0.0,True,True,google/gemma-2-9b-it,11c9b309abf73637e4b6f9a3fa1e92e615547819
23,heldout,5,53,4,38,random_positions,9.1875,6.375,6.375,0.0,True,True,google/gemma-2-9b-it,11c9b309abf73637e4b6f9a3fa1e92e615547819
23,heldout,5,53,4,39,answer_position,9.1875,6.375,9.0,2.625,True,True,google/gemma-2-9b-it,11c9b309abf73637e4b6f9a3fa1e92e615547819
23,heldout,5,53,4,39,number_tokens,9.1875,6.375,6.375,0.0,True,True,google/gemma-2-9b-it,11c9b309abf73637e4b6f9a3fa1e92e615547819
23,heldout,5,53,4,39,random_positions,9.1875,6.375,6.375,0.0,True,True,google/gemma-2-9b-it,11c9b309abf73637e4b6f9a3fa1e92e615547819
23,heldout,5,53,4,40,answer_position,9.1875,6.375,9.0625,2.6875,True,True,google/gemma-2-9b-it,11c9b309abf73637e4b6f9a3fa1e92e615547819
23,heldout,5,53,4,40,number_tokens,9.1875,6.375,6.375,0.0,True,True,google/gemma-2-9b-it,11c9b309abf73637e4b6f9a3fa1e92e615547819
23,heldout,5,53,4,40,random_positions,9.1875,6.375,6.375,0.0,True,True,google/gemma-2-9b-it,11c9b309abf73637e4b6f9a3fa1e92e615547819
23,heldout,5,53,4,41,answer_position,9.1875,6.375,9.1875,2.8125,True,True,google/gemma-2-9b-it,11c9b309abf73637e4b6f9a3fa1e92e615547819
23,heldout,5,53,4,41,number_tokens,9.1875,6.375,6.375,0.0,True,True,google/gemma-2-9b-it,11c9b309abf73637e4b6f9a3fa1e92e615547819
23,heldout,5,53,4,41,random_positions,9.1875,6.375,6.375,0.0,True,True,google/gemma-2-9b-it,11c9b309abf73637e4b6f9a3fa1e92e615547819
24,heldout,5,54,2,0,answer_position,9.3125,3.75,3.625,-0.125,True,True,google/gemma-2-9b-it,11c9b309abf73637e4b6f9a3fa1e92e615547819
24,heldout,5,54,2,0,number_tokens,9.3125,3.75,4.0,0.25,True,True,google/gemma-2-9b-it,11c9b309abf73637e4b6f9a3fa1e92e615547819
24,heldout,5,54,2,0,random_positions,9.3125,3.75,3.375,-0.375,True,True,google/gemma-2-9b-it,11c9b309abf73637e4b6f9a3fa1e92e615547819
24,heldout,5,54,2,1,answer_position,9.3125,3.75,3.625,-0.125,True,True,google/gemma-2-9b-it,11c9b309abf73637e4b6f9a3fa1e92e615547819
24,heldout,5,54,2,1,number_tokens,9.3125,3.75,4.25,0.5,True,True,google/gemma-2-9b-it,11c9b309abf73637e4b6f9a3fa1e92e615547819
24,heldout,5,54,2,1,random_positions,9.3125,3.75,3.5,-0.25,True,True,google/gemma-2-9b-it,11c9b309abf73637e4b6f9a3fa1e92e615547819
24,heldout,5,54,2,2,answer_position,9.3125,3.75,3.5,-0.25,True,True,google/gemma-2-9b-it,11c9b309abf73637e4b6f9a3fa1e92e615547819
24,heldout,5,54,2,2,number_tokens,9.3125,3.75,4.25,0.5,True,True,google/gemma-2-9b-it,11c9b309abf73637e4b6f9a3fa1e92e615547819
24,heldout,5,54,2,2,random_positions,9.3125,3.75,3.625,-0.125,True,True,google/gemma-2-9b-it,11c9b309abf73637e4b6f9a3fa1e92e615547819
24,heldout,5,54,2,3,answer_position,9.3125,3.75,3.625,-0.125,True,True,google/gemma-2-9b-it,11c9b309abf73637e4b6f9a3fa1e92e615547819
24,heldout,5,54,2,3,number_tokens,9.3125,3.75,5.25,1.5,True,True,google/gemma-2-9b-it,11c9b309abf73637e4b6f9a3fa1e92e615547819
24,heldout,5,54,2,3,random_positions,9.3125,3.75,3.75,0.0,True,True,google/gemma-2-9b-it,11c9b309abf73637e4b6f9a3fa1e92e615547819
24,heldout,5,54,2,4,answer_position,9.3125,3.75,3.75,0.0,True,True,google/gemma-2-9b-it,11c9b309abf73637e4b6f9a3fa1e92e615547819
24,heldout,5,54,2,4,number_tokens,9.3125,3.75,5.375,1.625,True,True,google/gemma-2-9b-it,11c9b309abf73637e4b6f9a3fa1e92e615547819
24,heldout,5,54,2,4,random_positions,9.3125,3.75,3.75,0.0,True,True,google/gemma-2-9b-it,11c9b309abf73637e4b6f9a3fa1e92e615547819
24,heldout,5,54,2,5,answer_position,9.3125,3.75,3.75,0.0,True,True,google/gemma-2-9b-it,11c9b309abf73637e4b6f9a3fa1e92e615547819
24,heldout,5,54,2,5,number_tokens,9.3125,3.75,7.8125,4.0625,True,True,google/gemma-2-9b-it,11c9b309abf73637e4b6f9a3fa1e92e615547819
24,heldout,5,54,2,5,random_positions,9.3125,3.75,3.5,-0.25,True,True,google/gemma-2-9b-it,11c9b309abf73637e4b6f9a3fa1e92e615547819
24,heldout,5,54,2,6,answer_position,9.3125,3.75,3.75,0.0,True,True,google/gemma-2-9b-it,11c9b309abf73637e4b6f9a3fa1e92e615547819
24,heldout,5,54,2,6,number_tokens,9.3125,3.75,7.25,3.5,True,True,google/gemma-2-9b-it,11c9b309abf73637e4b6f9a3fa1e92e615547819
24,heldout,5,54,2,6,random_positions,9.3125,3.75,3.625,-0.125,True,True,google/gemma-2-9b-it,11c9b309abf73637e4b6f9a3fa1e92e615547819
24,heldout,5,54,2,7,answer_position,9.3125,3.75,3.625,-0.125,True,True,google/gemma-2-9b-it,11c9b309abf73637e4b6f9a3fa1e92e615547819
24,heldout,5,54,2,7,number_tokens,9.3125,3.75,8.25,4.5,True,True,google/gemma-2-9b-it,11c9b309abf73637e4b6f9a3fa1e92e615547819
24,heldout,5,54,2,7,random_positions,9.3125,3.75,3.5,-0.25,True,True,google/gemma-2-9b-it,11c9b309abf73637e4b6f9a3fa1e92e615547819
24,heldout,5,54,2,8,answer_position,9.3125,3.75,3.75,0.0,True,True,google/gemma-2-9b-it,11c9b309abf73637e4b6f9a3fa1e92e615547819
24,heldout,5,54,2,8,number_tokens,9.3125,3.75,8.25,4.5,True,True,google/gemma-2-9b-it,11c9b309abf73637e4b6f9a3fa1e92e615547819
24,heldout,5,54,2,8,random_positions,9.3125,3.75,3.5,-0.25,True,True,google/gemma-2-9b-it,11c9b309abf73637e4b6f9a3fa1e92e615547819
24,heldout,5,54,2,9,answer_position,9.3125,3.75,3.625,-0.125,True,True,google/gemma-2-9b-it,11c9b309abf73637e4b6f9a3fa1e92e615547819
24,heldout,5,54,2,9,number_tokens,9.3125,3.75,7.6875,3.9375,True,True,google/gemma-2-9b-it,11c9b309abf73637e4b6f9a3fa1e92e615547819
24,heldout,5,54,2,9,random_positions,9.3125,3.75,3.5,-0.25,True,True,google/gemma-2-9b-it,11c9b309abf73637e4b6f9a3fa1e92e615547819
24,heldout,5,54,2,10,answer_position,9.3125,3.75,3.625,-0.125,True,True,google/gemma-2-9b-it,11c9b309abf73637e4b6f9a3fa1e92e615547819
24,heldout,5,54,2,10,number_tokens,9.3125,3.75,7.875,4.125,True,True,google/gemma-2-9b-it,11c9b309abf73637e4b6f9a3fa1e92e615547819
24,heldout,5,54,2,10,random_positions,9.3125,3.75,3.625,-0.125,True,True,google/gemma-2-9b-it,11c9b309abf73637e4b6f9a3fa1e92e615547819
24,heldout,5,54,2,11,answer_position,9.3125,3.75,3.75,0.0,True,True,google/gemma-2-9b-it,11c9b309abf73637e4b6f9a3fa1e92e615547819
24,heldout,5,54,2,11,number_tokens,9.3125,3.75,6.6875,2.9375,True,True,google/gemma-2-9b-it,11c9b309abf73637e4b6f9a3fa1e92e615547819
24,heldout,5,54,2,11,random_positions,9.3125,3.75,3.625,-0.125,True,True,google/gemma-2-9b-it,11c9b309abf73637e4b6f9a3fa1e92e615547819
24,heldout,5,54,2,12,answer_position,9.3125,3.75,3.625,-0.125,True,True,google/gemma-2-9b-it,11c9b309abf73637e4b6f9a3fa1e92e615547819
24,heldout,5,54,2,12,number_tokens,9.3125,3.75,1.125,-2.625,True,True,google/gemma-2-9b-it,11c9b309abf73637e4b6f9a3fa1e92e615547819
24,heldout,5,54,2,12,random_positions,9.3125,3.75,3.75,0.0,True,True,google/gemma-2-9b-it,11c9b309abf73637e4b6f9a3fa1e92e615547819
24,heldout,5,54,2,13,answer_position,9.3125,3.75,3.75,0.0,True,True,google/gemma-2-9b-it,11c9b309abf73637e4b6f9a3fa1e92e615547819
24,heldout,5,54,2,13,number_tokens,9.3125,3.75,-1.375,-5.125,True,False,google/gemma-2-9b-it,11c9b309abf73637e4b6f9a3fa1e92e615547819
24,heldout,5,54,2,13,random_positions,9.3125,3.75,3.75,0.0,True,True,google/gemma-2-9b-it,11c9b309abf73637e4b6f9a3fa1e92e615547819
24,heldout,5,54,2,14,answer_position,9.3125,3.75,3.75,0.0,True,True,google/gemma-2-9b-it,11c9b309abf73637e4b6f9a3fa1e92e615547819
24,heldout,5,54,2,14,number_tokens,9.3125,3.75,1.75,-2.0,True,True,google/gemma-2-9b-it,11c9b309abf73637e4b6f9a3fa1e92e615547819
24,heldout,5,54,2,14,random_positions,9.3125,3.75,3.875,0.125,True,True,google/gemma-2-9b-it,11c9b309abf73637e4b6f9a3fa1e92e615547819
24,heldout,5,54,2,15,answer_position,9.3125,3.75,3.75,0.0,True,True,google/gemma-2-9b-it,11c9b309abf73637e4b6f9a3fa1e92e615547819
24,heldout,5,54,2,15,number_tokens,9.3125,3.75,5.625,1.875,True,True,google/gemma-2-9b-it,11c9b309abf73637e4b6f9a3fa1e92e615547819
24,heldout,5,54,2,15,random_positions,9.3125,3.75,3.75,0.0,True,True,google/gemma-2-9b-it,11c9b309abf73637e4b6f9a3fa1e92e615547819
24,heldout,5,54,2,16,answer_position,9.3125,3.75,3.75,0.0,True,True,google/gemma-2-9b-it,11c9b309abf73637e4b6f9a3fa1e92e615547819
24,heldout,5,54,2,16,number_tokens,9.3125,3.75,7.125,3.375,True,True,google/gemma-2-9b-it,11c9b309abf73637e4b6f9a3fa1e92e615547819
24,heldout,5,54,2,16,random_positions,9.3125,3.75,3.375,-0.375,True,True,google/gemma-2-9b-it,11c9b309abf73637e4b6f9a3fa1e92e615547819
24,heldout,5,54,2,17,answer_position,9.3125,3.75,3.75,0.0,True,True,google/gemma-2-9b-it,11c9b309abf73637e4b6f9a3fa1e92e615547819
24,heldout,5,54,2,17,number_tokens,9.3125,3.75,7.375,3.625,True,True,google/gemma-2-9b-it,11c9b309abf73637e4b6f9a3fa1e92e615547819
24,heldout,5,54,2,17,random_positions,9.3125,3.75,3.75,0.0,True,True,google/gemma-2-9b-it,11c9b309abf73637e4b6f9a3fa1e92e615547819
24,heldout,5,54,2,18,answer_position,9.3125,3.75,3.75,0.0,True,True,google/gemma-2-9b-it,11c9b309abf73637e4b6f9a3fa1e92e615547819
24,heldout,5,54,2,18,number_tokens,9.3125,3.75,6.25,2.5,True,True,google/gemma-2-9b-it,11c9b309abf73637e4b6f9a3fa1e92e615547819
24,heldout,5,54,2,18,random_positions,9.3125,3.75,4.25,0.5,True,True,google/gemma-2-9b-it,11c9b309abf73637e4b6f9a3fa1e92e615547819
24,heldout,5,54,2,19,answer_position,9.3125,3.75,3.625,-0.125,True,True,google/gemma-2-9b-it,11c9b309abf73637e4b6f9a3fa1e92e615547819
24,heldout,5,54,2,19,number_tokens,9.3125,3.75,7.0,3.25,True,True,google/gemma-2-9b-it,11c9b309abf73637e4b6f9a3fa1e92e615547819
24,heldout,5,54,2,19,random_positions,9.3125,3.75,4.375,0.625,True,True,google/gemma-2-9b-it,11c9b309abf73637e4b6f9a3fa1e92e615547819
24,heldout,5,54,2,20,answer_position,9.3125,3.75,4.25,0.5,True,True,google/gemma-2-9b-it,11c9b309abf73637e4b6f9a3fa1e92e615547819
24,heldout,5,54,2,20,number_tokens,9.3125,3.75,5.75,2.0,True,True,google/gemma-2-9b-it,11c9b309abf73637e4b6f9a3fa1e92e615547819
24,heldout,5,54,2,20,random_positions,9.3125,3.75,4.875,1.125,True,True,google/gemma-2-9b-it,11c9b309abf73637e4b6f9a3fa1e92e615547819
24,heldout,5,54,2,21,answer_position,9.3125,3.75,5.375,1.625,True,True,google/gemma-2-9b-it,11c9b309abf73637e4b6f9a3fa1e92e615547819
24,heldout,5,54,2,21,number_tokens,9.3125,3.75,5.125,1.375,True,True,google/gemma-2-9b-it,11c9b309abf73637e4b6f9a3fa1e92e615547819
24,heldout,5,54,2,21,random_positions,9.3125,3.75,4.75,1.0,True,True,google/gemma-2-9b-it,11c9b309abf73637e4b6f9a3fa1e92e615547819
24,heldout,5,54,2,22,answer_position,9.3125,3.75,6.6875,2.9375,True,True,google/gemma-2-9b-it,11c9b309abf73637e4b6f9a3fa1e92e615547819
24,heldout,5,54,2,22,number_tokens,9.3125,3.75,4.75,1.0,True,True,google/gemma-2-9b-it,11c9b309abf73637e4b6f9a3fa1e92e615547819
24,heldout,5,54,2,22,random_positions,9.3125,3.75,4.75,1.0,True,True,google/gemma-2-9b-it,11c9b309abf73637e4b6f9a3fa1e92e615547819
24,heldout,5,54,2,23,answer_position,9.3125,3.75,7.25,3.5,True,True,google/gemma-2-9b-it,11c9b309abf73637e4b6f9a3fa1e92e615547819
24,heldout,5,54,2,23,number_tokens,9.3125,3.75,3.875,0.125,True,True,google/gemma-2-9b-it,11c9b309abf73637e4b6f9a3fa1e92e615547819
24,heldout,5,54,2,23,random_positions,9.3125,3.75,5.25,1.5,True,True,google/gemma-2-9b-it,11c9b309abf73637e4b6f9a3fa1e92e615547819
24,heldout,5,54,2,24,answer_position,9.3125,3.75,7.5,3.75,True,True,google/gemma-2-9b-it,11c9b309abf73637e4b6f9a3fa1e92e615547819
24,heldout,5,54,2,24,number_tokens,9.3125,3.75,3.625,-0.125,True,True,google/gemma-2-9b-it,11c9b309abf73637e4b6f9a3fa1e92e615547819
24,heldout,5,54,2,24,random_positions,9.3125,3.75,4.75,1.0,True,True,google/gemma-2-9b-it,11c9b309abf73637e4b6f9a3fa1e92e615547819
24,heldout,5,54,2,25,answer_position,9.3125,3.75,8.0,4.25,True,True,google/gemma-2-9b-it,11c9b309abf73637e4b6f9a3fa1e92e615547819
24,heldout,5,54,2,25,number_tokens,9.3125,3.75,3.75,0.0,True,True,google/gemma-2-9b-it,11c9b309abf73637e4b6f9a3fa1e92e615547819
24,heldout,5,54,2,25,random_positions,9.3125,3.75,4.125,0.375,True,True,google/gemma-2-9b-it,11c9b309abf73637e4b6f9a3fa1e92e615547819
24,heldout,5,54,2,26,answer_position,9.3125,3.75,8.3125,4.5625,True,True,google/gemma-2-9b-it,11c9b309abf73637e4b6f9a3fa1e92e615547819
24,heldout,5,54,2,26,number_tokens,9.3125,3.75,3.5,-0.25,True,True,google/gemma-2-9b-it,11c9b309abf73637e4b6f9a3fa1e92e615547819
24,heldout,5,54,2,26,random_positions,9.3125,3.75,3.5,-0.25,True,True,google/gemma-2-9b-it,11c9b309abf73637e4b6f9a3fa1e92e615547819
24,heldout,5,54,2,27,answer_position,9.3125,3.75,8.3125,4.5625,True,True,google/gemma-2-9b-it,11c9b309abf73637e4b6f9a3fa1e92e615547819
24,heldout,5,54,2,27,number_tokens,9.3125,3.75,3.5,-0.25,True,True,google/gemma-2-9b-it,11c9b309abf73637e4b6f9a3fa1e92e615547819
24,heldout,5,54,2,27,random_positions,9.3125,3.75,3.625,-0.125,True,True,google/gemma-2-9b-it,11c9b309abf73637e4b6f9a3fa1e92e615547819
24,heldout,5,54,2,28,answer_position,9.3125,3.75,8.25,4.5,True,True,google/gemma-2-9b-it,11c9b309abf73637e4b6f9a3fa1e92e615547819
24,heldout,5,54,2,28,number_tokens,9.3125,3.75,3.75,0.0,True,True,google/gemma-2-9b-it,11c9b309abf73637e4b6f9a3fa1e92e615547819
24,heldout,5,54,2,28,random_positions,9.3125,3.75,3.75,0.0,True,True,google/gemma-2-9b-it,11c9b309abf73637e4b6f9a3fa1e92e615547819
24,heldout,5,54,2,29,answer_position,9.3125,3.75,8.3125,4.5625,True,True,google/gemma-2-9b-it,11c9b309abf73637e4b6f9a3fa1e92e615547819
24,heldout,5,54,2,29,number_tokens,9.3125,3.75,3.75,0.0,True,True,google/gemma-2-9b-it,11c9b309abf73637e4b6f9a3fa1e92e615547819
24,heldout,5,54,2,29,random_positions,9.3125,3.75,3.75,0.0,True,True,google/gemma-2-9b-it,11c9b309abf73637e4b6f9a3fa1e92e615547819
24,heldout,5,54,2,30,answer_position,9.3125,3.75,8.4375,4.6875,True,True,google/gemma-2-9b-it,11c9b309abf73637e4b6f9a3fa1e92e615547819
24,heldout,5,54,2,30,number_tokens,9.3125,3.75,3.75,0.0,True,True,google/gemma-2-9b-it,11c9b309abf73637e4b6f9a3fa1e92e615547819
24,heldout,5,54,2,30,random_positions,9.3125,3.75,3.75,0.0,True,True,google/gemma-2-9b-it,11c9b309abf73637e4b6f9a3fa1e92e615547819
24,heldout,5,54,2,31,answer_position,9.3125,3.75,8.5,4.75,True,True,google/gemma-2-9b-it,11c9b309abf73637e4b6f9a3fa1e92e615547819
24,heldout,5,54,2,31,number_tokens,9.3125,3.75,3.625,-0.125,True,True,google/gemma-2-9b-it,11c9b309abf73637e4b6f9a3fa1e92e615547819
24,heldout,5,54,2,31,random_positions,9.3125,3.75,3.75,0.0,True,True,google/gemma-2-9b-it,11c9b309abf73637e4b6f9a3fa1e92e615547819
24,heldout,5,54,2,32,answer_position,9.3125,3.75,8.5,4.75,True,True,google/gemma-2-9b-it,11c9b309abf73637e4b6f9a3fa1e92e615547819
24,heldout,5,54,2,32,number_tokens,9.3125,3.75,3.75,0.0,True,True,google/gemma-2-9b-it,11c9b309abf73637e4b6f9a3fa1e92e615547819
24,heldout,5,54,2,32,random_positions,9.3125,3.75,3.75,0.0,True,True,google/gemma-2-9b-it,11c9b309abf73637e4b6f9a3fa1e92e615547819
24,heldout,5,54,2,33,answer_position,9.3125,3.75,8.625,4.875,True,True,google/gemma-2-9b-it,11c9b309abf73637e4b6f9a3fa1e92e615547819
24,heldout,5,54,2,33,number_tokens,9.3125,3.75,3.75,0.0,True,True,google/gemma-2-9b-it,11c9b309abf73637e4b6f9a3fa1e92e615547819
24,heldout,5,54,2,33,random_positions,9.3125,3.75,3.75,0.0,True,True,google/gemma-2-9b-it,11c9b309abf73637e4b6f9a3fa1e92e615547819
24,heldout,5,54,2,34,answer_position,9.3125,3.75,8.625,4.875,True,True,google/gemma-2-9b-it,11c9b309abf73637e4b6f9a3fa1e92e615547819
24,heldout,5,54,2,34,number_tokens,9.3125,3.75,3.75,0.0,True,True,google/gemma-2-9b-it,11c9b309abf73637e4b6f9a3fa1e92e615547819
24,heldout,5,54,2,34,random_positions,9.3125,3.75,3.75,0.0,True,True,google/gemma-2-9b-it,11c9b309abf73637e4b6f9a3fa1e92e615547819
24,heldout,5,54,2,35,answer_position,9.3125,3.75,8.625,4.875,True,True,google/gemma-2-9b-it,11c9b309abf73637e4b6f9a3fa1e92e615547819
24,heldout,5,54,2,35,number_tokens,9.3125,3.75,3.75,0.0,True,True,google/gemma-2-9b-it,11c9b309abf73637e4b6f9a3fa1e92e615547819
24,heldout,5,54,2,35,random_positions,9.3125,3.75,3.75,0.0,True,True,google/gemma-2-9b-it,11c9b309abf73637e4b6f9a3fa1e92e615547819
24,heldout,5,54,2,36,answer_position,9.3125,3.75,8.625,4.875,True,True,google/gemma-2-9b-it,11c9b309abf73637e4b6f9a3fa1e92e615547819
24,heldout,5,54,2,36,number_tokens,9.3125,3.75,3.75,0.0,True,True,google/gemma-2-9b-it,11c9b309abf73637e4b6f9a3fa1e92e615547819
24,heldout,5,54,2,36,random_positions,9.3125,3.75,3.75,0.0,True,True,google/gemma-2-9b-it,11c9b309abf73637e4b6f9a3fa1e92e615547819
24,heldout,5,54,2,37,answer_position,9.3125,3.75,8.625,4.875,True,True,google/gemma-2-9b-it,11c9b309abf73637e4b6f9a3fa1e92e615547819
24,heldout,5,54,2,37,number_tokens,9.3125,3.75,3.625,-0.125,True,True,google/gemma-2-9b-it,11c9b309abf73637e4b6f9a3fa1e92e615547819
24,heldout,5,54,2,37,random_positions,9.3125,3.75,3.75,0.0,True,True,google/gemma-2-9b-it,11c9b309abf73637e4b6f9a3fa1e92e615547819
24,heldout,5,54,2,38,answer_position,9.3125,3.75,8.8125,5.0625,True,True,google/gemma-2-9b-it,11c9b309abf73637e4b6f9a3fa1e92e615547819
24,heldout,5,54,2,38,number_tokens,9.3125,3.75,3.75,0.0,True,True,google/gemma-2-9b-it,11c9b309abf73637e4b6f9a3fa1e92e615547819
24,heldout,5,54,2,38,random_positions,9.3125,3.75,3.75,0.0,True,True,google/gemma-2-9b-it,11c9b309abf73637e4b6f9a3fa1e92e615547819
24,heldout,5,54,2,39,answer_position,9.3125,3.75,9.0,5.25,True,True,google/gemma-2-9b-it,11c9b309abf73637e4b6f9a3fa1e92e615547819
24,heldout,5,54,2,39,number_tokens,9.3125,3.75,3.75,0.0,True,True,google/gemma-2-9b-it,11c9b309abf73637e4b6f9a3fa1e92e615547819
24,heldout,5,54,2,39,random_positions,9.3125,3.75,3.75,0.0,True,True,google/gemma-2-9b-it,11c9b309abf73637e4b6f9a3fa1e92e615547819
24,heldout,5,54,2,40,answer_position,9.3125,3.75,9.0625,5.3125,True,True,google/gemma-2-9b-it,11c9b309abf73637e4b6f9a3fa1e92e615547819
24,heldout,5,54,2,40,number_tokens,9.3125,3.75,3.75,0.0,True,True,google/gemma-2-9b-it,11c9b309abf73637e4b6f9a3fa1e92e615547819
24,heldout,5,54,2,40,random_positions,9.3125,3.75,3.75,0.0,True,True,google/gemma-2-9b-it,11c9b309abf73637e4b6f9a3fa1e92e615547819
24,heldout,5,54,2,41,answer_position,9.3125,3.75,9.3125,5.5625,True,True,google/gemma-2-9b-it,11c9b309abf73637e4b6f9a3fa1e92e615547819
24,heldout,5,54,2,41,number_tokens,9.3125,3.75,3.75,0.0,True,True,google/gemma-2-9b-it,11c9b309abf73637e4b6f9a3fa1e92e615547819
24,heldout,5,54,2,41,random_positions,9.3125,3.75,3.75,0.0,True,True,google/gemma-2-9b-it,11c9b309abf73637e4b6f9a3fa1e92e615547819
25,heldout,6,54,2,0,answer_position,8.8125,-1.625,-1.875,-0.25,False,False,google/gemma-2-9b-it,11c9b309abf73637e4b6f9a3fa1e92e615547819
25,heldout,6,54,2,0,number_tokens,8.8125,-1.625,-1.0,0.625,False,False,google/gemma-2-9b-it,11c9b309abf73637e4b6f9a3fa1e92e615547819
25,heldout,6,54,2,0,random_positions,8.8125,-1.625,-4.25,-2.625,False,False,google/gemma-2-9b-it,11c9b309abf73637e4b6f9a3fa1e92e615547819
25,heldout,6,54,2,1,answer_position,8.8125,-1.625,-1.75,-0.125,False,False,google/gemma-2-9b-it,11c9b309abf73637e4b6f9a3fa1e92e615547819
25,heldout,6,54,2,1,number_tokens,8.8125,-1.625,-0.75,0.875,False,False,google/gemma-2-9b-it,11c9b309abf73637e4b6f9a3fa1e92e615547819
25,heldout,6,54,2,1,random_positions,8.8125,-1.625,-3.5,-1.875,False,False,google/gemma-2-9b-it,11c9b309abf73637e4b6f9a3fa1e92e615547819
25,heldout,6,54,2,2,answer_position,8.8125,-1.625,-1.75,-0.125,False,False,google/gemma-2-9b-it,11c9b309abf73637e4b6f9a3fa1e92e615547819
25,heldout,6,54,2,2,number_tokens,8.8125,-1.625,-0.25,1.375,False,False,google/gemma-2-9b-it,11c9b309abf73637e4b6f9a3fa1e92e615547819
25,heldout,6,54,2,2,random_positions,8.8125,-1.625,-3.875,-2.25,False,False,google/gemma-2-9b-it,11c9b309abf73637e4b6f9a3fa1e92e615547819
25,heldout,6,54,2,3,answer_position,8.8125,-1.625,-1.625,0.0,False,False,google/gemma-2-9b-it,11c9b309abf73637e4b6f9a3fa1e92e615547819
25,heldout,6,54,2,3,number_tokens,8.8125,-1.625,-1.0,0.625,False,False,google/gemma-2-9b-it,11c9b309abf73637e4b6f9a3fa1e92e615547819
25,heldout,6,54,2,3,random_positions,8.8125,-1.625,1.625,3.25,False,True,google/gemma-2-9b-it,11c9b309abf73637e4b6f9a3fa1e92e615547819
25,heldout,6,54,2,4,answer_position,8.8125,-1.625,-1.75,-0.125,False,False,google/gemma-2-9b-it,11c9b309abf73637e4b6f9a3fa1e92e615547819
25,heldout,6,54,2,4,number_tokens,8.8125,-1.625,-0.625,1.0,False,False,google/gemma-2-9b-it,11c9b309abf73637e4b6f9a3fa1e92e615547819
25,heldout,6,54,2,4,random_positions,8.8125,-1.625,1.75,3.375,False,True,google/gemma-2-9b-it,11c9b309abf73637e4b6f9a3fa1e92e615547819
25,heldout,6,54,2,5,answer_position,8.8125,-1.625,-1.75,-0.125,False,False,google/gemma-2-9b-it,11c9b309abf73637e4b6f9a3fa1e92e615547819
25,heldout,6,54,2,5,number_tokens,8.8125,-1.625,4.75,6.375,False,True,google/gemma-2-9b-it,11c9b309abf73637e4b6f9a3fa1e92e615547819
25,heldout,6,54,2,5,random_positions,8.8125,-1.625,1.5,3.125,False,True,google/gemma-2-9b-it,11c9b309abf73637e4b6f9a3fa1e92e615547819
25,heldout,6,54,2,6,answer_position,8.8125,-1.625,-1.75,-0.125,False,False,google/gemma-2-9b-it,11c9b309abf73637e4b6f9a3fa1e92e615547819
25,heldout,6,54,2,6,number_tokens,8.8125,-1.625,5.0,6.625,False,True,google/gemma-2-9b-it,11c9b309abf73637e4b6f9a3fa1e92e615547819
25,heldout,6,54,2,6,random_positions,8.8125,-1.625,2.125,3.75,False,True,google/gemma-2-9b-it,11c9b309abf73637e4b6f9a3fa1e92e615547819
25,heldout,6,54,2,7,answer_position,8.8125,-1.625,-1.75,-0.125,False,False,google/gemma-2-9b-it,11c9b309abf73637e4b6f9a3fa1e92e615547819
25,heldout,6,54,2,7,number_tokens,8.8125,-1.625,7.5,9.125,False,True,google/gemma-2-9b-it,11c9b309abf73637e4b6f9a3fa1e92e615547819
25,heldout,6,54,2,7,random_positions,8.8125,-1.625,1.875,3.5,False,True,google/gemma-2-9b-it,11c9b309abf73637e4b6f9a3fa1e92e615547819
25,heldout,6,54,2,8,answer_position,8.8125,-1.625,-1.75,-0.125,False,False,google/gemma-2-9b-it,11c9b309abf73637e4b6f9a3fa1e92e615547819
25,heldout,6,54,2,8,number_tokens,8.8125,-1.625,7.375,9.0,False,True,google/gemma-2-9b-it,11c9b309abf73637e4b6f9a3fa1e92e615547819
25,heldout,6,54,2,8,random_positions,8.8125,-1.625,1.875,3.5,False,True,google/gemma-2-9b-it,11c9b309abf73637e4b6f9a3fa1e92e615547819
25,heldout,6,54,2,9,answer_position,8.8125,-1.625,-1.75,-0.125,False,False,google/gemma-2-9b-it,11c9b309abf73637e4b6f9a3fa1e92e615547819
25,heldout,6,54,2,9,number_tokens,8.8125,-1.625,7.375,9.0,False,True,google/gemma-2-9b-it,11c9b309abf73637e4b6f9a3fa1e92e615547819
25,heldout,6,54,2,9,random_positions,8.8125,-1.625,1.875,3.5,False,True,google/gemma-2-9b-it,11c9b309abf73637e4b6f9a3fa1e92e615547819
25,heldout,6,54,2,10,answer_position,8.8125,-1.625,-1.75,-0.125,False,False,google/gemma-2-9b-it,11c9b309abf73637e4b6f9a3fa1e92e615547819
25,heldout,6,54,2,10,number_tokens,8.8125,-1.625,7.625,9.25,False,True,google/gemma-2-9b-it,11c9b309abf73637e4b6f9a3fa1e92e615547819
25,heldout,6,54,2,10,random_positions,8.8125,-1.625,1.25,2.875,False,True,google/gemma-2-9b-it,11c9b309abf73637e4b6f9a3fa1e92e615547819
25,heldout,6,54,2,11,answer_position,8.8125,-1.625,-1.875,-0.25,False,False,google/gemma-2-9b-it,11c9b309abf73637e4b6f9a3fa1e92e615547819
25,heldout,6,54,2,11,number_tokens,8.8125,-1.625,6.375,8.0,False,True,google/gemma-2-9b-it,11c9b309abf73637e4b6f9a3fa1e92e615547819
25,heldout,6,54,2,11,random_positions,8.8125,-1.625,1.25,2.875,False,True,google/gemma-2-9b-it,11c9b309abf73637e4b6f9a3fa1e92e615547819
25,heldout,6,54,2,12,answer_position,8.8125,-1.625,-1.625,0.0,False,False,google/gemma-2-9b-it,11c9b309abf73637e4b6f9a3fa1e92e615547819
25,heldout,6,54,2,12,number_tokens,8.8125,-1.625,-3.0,-1.375,False,False,google/gemma-2-9b-it,11c9b309abf73637e4b6f9a3fa1e92e615547819
25,heldout,6,54,2,12,random_positions,8.8125,-1.625,1.125,2.75,False,True,google/gemma-2-9b-it,11c9b309abf73637e4b6f9a3fa1e92e615547819
25,heldout,6,54,2,13,answer_position,8.8125,-1.625,-1.75,-0.125,False,False,google/gemma-2-9b-it,11c9b309abf73637e4b6f9a3fa1e92e615547819
25,heldout,6,54,2,13,number_tokens,8.8125,-1.625,-4.125,-2.5,False,False,google/gemma-2-9b-it,11c9b309abf73637e4b6f9a3fa1e92e615547819
25,heldout,6,54,2,13,random_positions,8.8125,-1.625,0.375,2.0,False,True,google/gemma-2-9b-it,11c9b309abf73637e4b6f9a3fa1e92e615547819
25,heldout,6,54,2,14,answer_position,8.8125,-1.625,-1.75,-0.125,False,False,google/gemma-2-9b-it,11c9b309abf73637e4b6f9a3fa1e92e615547819
25,heldout,6,54,2,14,number_tokens,8.8125,-1.625,-3.125,-1.5,False,False,google/gemma-2-9b-it,11c9b309abf73637e4b6f9a3fa1e92e615547819
25,heldout,6,54,2,14,random_positions,8.8125,-1.625,0.75,2.375,False,True,google/gemma-2-9b-it,11c9b309abf73637e4b6f9a3fa1e92e615547819
25,heldout,6,54,2,15,answer_position,8.8125,-1.625,-1.75,-0.125,False,False,google/gemma-2-9b-it,11c9b309abf73637e4b6f9a3fa1e92e615547819
25,heldout,6,54,2,15,number_tokens,8.8125,-1.625,2.875,4.5,False,True,google/gemma-2-9b-it,11c9b309abf73637e4b6f9a3fa1e92e615547819
25,heldout,6,54,2,15,random_positions,8.8125,-1.625,-0.375,1.25,False,False,google/gemma-2-9b-it,11c9b309abf73637e4b6f9a3fa1e92e615547819
25,heldout,6,54,2,16,answer_position,8.8125,-1.625,-1.75,-0.125,False,False,google/gemma-2-9b-it,11c9b309abf73637e4b6f9a3fa1e92e615547819
25,heldout,6,54,2,16,number_tokens,8.8125,-1.625,4.75,6.375,False,True,google/gemma-2-9b-it,11c9b309abf73637e4b6f9a3fa1e92e615547819
25,heldout,6,54,2,16,random_positions,8.8125,-1.625,-1.25,0.375,False,False,google/gemma-2-9b-it,11c9b309abf73637e4b6f9a3fa1e92e615547819
25,heldout,6,54,2,17,answer_position,8.8125,-1.625,-1.75,-0.125,False,False,google/gemma-2-9b-it,11c9b309abf73637e4b6f9a3fa1e92e615547819
25,heldout,6,54,2,17,number_tokens,8.8125,-1.625,5.0,6.625,False,True,google/gemma-2-9b-it,11c9b309abf73637e4b6f9a3fa1e92e615547819
25,heldout,6,54,2,17,random_positions,8.8125,-1.625,-1.5,0.125,False,False,google/gemma-2-9b-it,11c9b309abf73637e4b6f9a3fa1e92e615547819
25,heldout,6,54,2,18,answer_position,8.8125,-1.625,-1.625,0.0,False,False,google/gemma-2-9b-it,11c9b309abf73637e4b6f9a3fa1e92e615547819
25,heldout,6,54,2,18,number_tokens,8.8125,-1.625,1.25,2.875,False,True,google/gemma-2-9b-it,11c9b309abf73637e4b6f9a3fa1e92e615547819
25,heldout,6,54,2,18,random_positions,8.8125,-1.625,-1.5,0.125,False,False,google/gemma-2-9b-it,11c9b309abf73637e4b6f9a3fa1e92e615547819
25,heldout,6,54,2,19,answer_position,8.8125,-1.625,-1.75,-0.125,False,False,google/gemma-2-9b-it,11c9b309abf73637e4b6f9a3fa1e92e615547819
25,heldout,6,54,2,19,number_tokens,8.8125,-1.625,4.0,5.625,False,True,google/gemma-2-9b-it,11c9b309abf73637e4b6f9a3fa1e92e615547819
25,heldout,6,54,2,19,random_positions,8.8125,-1.625,-1.375,0.25,False,False,google/gemma-2-9b-it,11c9b309abf73637e4b6f9a3fa1e92e615547819
25,heldout,6,54,2,20,answer_position,8.8125,-1.625,-0.75,0.875,False,False,google/gemma-2-9b-it,11c9b309abf73637e4b6f9a3fa1e92e615547819
25,heldout,6,54,2,20,number_tokens,8.8125,-1.625,1.25,2.875,False,True,google/gemma-2-9b-it,11c9b309abf73637e4b6f9a3fa1e92e615547819
25,heldout,6,54,2,20,random_positions,8.8125,-1.625,-1.5,0.125,False,False,google/gemma-2-9b-it,11c9b309abf73637e4b6f9a3fa1e92e615547819
25,heldout,6,54,2,21,answer_position,8.8125,-1.625,2.0,3.625,False,True,google/gemma-2-9b-it,11c9b309abf73637e4b6f9a3fa1e92e615547819
25,heldout,6,54,2,21,number_tokens,8.8125,-1.625,-0.75,0.875,False,False,google/gemma-2-9b-it,11c9b309abf73637e4b6f9a3fa1e92e615547819
25,heldout,6,54,2,21,random_positions,8.8125,-1.625,-1.0,0.625,False,False,google/gemma-2-9b-it,11c9b309abf73637e4b6f9a3fa1e92e615547819
25,heldout,6,54,2,22,answer_position,8.8125,-1.625,4.5,6.125,False,True,google/gemma-2-9b-it,11c9b309abf73637e4b6f9a3fa1e92e615547819
25,heldout,6,54,2,22,number_tokens,8.8125,-1.625,-0.5,1.125,False,False,google/gemma-2-9b-it,11c9b309abf73637e4b6f9a3fa1e92e615547819
25,heldout,6,54,2,22,random_positions,8.8125,-1.625,-1.375,0.25,False,False,google/gemma-2-9b-it,11c9b309abf73637e4b6f9a3fa1e92e615547819
25,heldout,6,54,2,23,answer_position,8.8125,-1.625,6.25,7.875,False,True,google/gemma-2-9b-it,11c9b309abf73637e4b6f9a3fa1e92e615547819
25,heldout,6,54,2,23,number_tokens,8.8125,-1.625,-1.75,-0.125,False,False,google/gemma-2-9b-it,11c9b309abf73637e4b6f9a3fa1e92e615547819
25,heldout,6,54,2,23,random_positions,8.8125,-1.625,-1.625,0.0,False,False,google/gemma-2-9b-it,11c9b309abf73637e4b6f9a3fa1e92e615547819
25,heldout,6,54,2,24,answer_position,8.8125,-1.625,6.5625,8.1875,False,True,google/gemma-2-9b-it,11c9b309abf73637e4b6f9a3fa1e92e615547819
25,heldout,6,54,2,24,number_tokens,8.8125,-1.625,-1.75,-0.125,False,False,google/gemma-2-9b-it,11c9b309abf73637e4b6f9a3fa1e92e615547819
25,heldout,6,54,2,24,random_positions,8.8125,-1.625,-1.625,0.0,False,False,google/gemma-2-9b-it,11c9b309abf73637e4b6f9a3fa1e92e615547819
25,heldout,6,54,2,25,answer_position,8.8125,-1.625,7.25,8.875,False,True,google/gemma-2-9b-it,11c9b309abf73637e4b6f9a3fa1e92e615547819
25,heldout,6,54,2,25,number_tokens,8.8125,-1.625,-1.75,-0.125,False,False,google/gemma-2-9b-it,11c9b309abf73637e4b6f9a3fa1e92e615547819
25,heldout,6,54,2,25,random_positions,8.8125,-1.625,-1.625,0.0,False,False,google/gemma-2-9b-it,11c9b309abf73637e4b6f9a3fa1e92e615547819
25,heldout,6,54,2,26,answer_position,8.8125,-1.625,7.75,9.375,False,True,google/gemma-2-9b-it,11c9b309abf73637e4b6f9a3fa1e92e615547819
25,heldout,6,54,2,26,number_tokens,8.8125,-1.625,-2.0,-0.375,False,False,google/gemma-2-9b-it,11c9b309abf73637e4b6f9a3fa1e92e615547819
25,heldout,6,54,2,26,random_positions,8.8125,-1.625,-1.75,-0.125,False,False,google/gemma-2-9b-it,11c9b309abf73637e4b6f9a3fa1e92e615547819
25,heldout,6,54,2,27,answer_position,8.8125,-1.625,7.9375,9.5625,False,True,google/gemma-2-9b-it,11c9b309abf73637e4b6f9a3fa1e92e615547819
25,heldout,6,54,2,27,number_tokens,8.8125,-1.625,-2.0,-0.375,False,False,google/gemma-2-9b-it,11c9b309abf73637e4b6f9a3fa1e92e615547819
25,heldout,6,54,2,27,random_positions,8.8125,-1.625,-1.75,-0.125,False,False,google/gemma-2-9b-it,11c9b309abf73637e4b6f9a3fa1e92e615547819
25,heldout,6,54,2,28,answer_position,8.8125,-1.625,7.875,9.5,False,True,google/gemma-2-9b-it,11c9b309abf73637e4b6f9a3fa1e92e615547819
25,heldout,6,54,2,28,number_tokens,8.8125,-1.625,-1.75,-0.125,False,False,google/gemma-2-9b-it,11c9b309abf73637e4b6f9a3fa1e92e615547819
25,heldout,6,54,2,28,random_positions,8.8125,-1.625,-1.625,0.0,False,False,google/gemma-2-9b-it,11c9b309abf73637e4b6f9a3fa1e92e615547819
25,heldout,6,54,2,29,answer_position,8.8125,-1.625,7.8125,9.4375,False,True,google/gemma-2-9b-it,11c9b309abf73637e4b6f9a3fa1e92e615547819
25,heldout,6,54,2,29,number_tokens,8.8125,-1.625,-1.75,-0.125,False,False,google/gemma-2-9b-it,11c9b309abf73637e4b6f9a3fa1e92e615547819
25,heldout,6,54,2,29,random_positions,8.8125,-1.625,-1.625,0.0,False,False,google/gemma-2-9b-it,11c9b309abf73637e4b6f9a3fa1e92e615547819
25,heldout,6,54,2,30,answer_position,8.8125,-1.625,7.9375,9.5625,False,True,google/gemma-2-9b-it,11c9b309abf73637e4b6f9a3fa1e92e615547819
25,heldout,6,54,2,30,number_tokens,8.8125,-1.625,-1.75,-0.125,False,False,google/gemma-2-9b-it,11c9b309abf73637e4b6f9a3fa1e92e615547819
25,heldout,6,54,2,30,random_positions,8.8125,-1.625,-1.75,-0.125,False,False,google/gemma-2-9b-it,11c9b309abf73637e4b6f9a3fa1e92e615547819
25,heldout,6,54,2,31,answer_position,8.8125,-1.625,8.0,9.625,False,True,google/gemma-2-9b-it,11c9b309abf73637e4b6f9a3fa1e92e615547819
25,heldout,6,54,2,31,number_tokens,8.8125,-1.625,-1.75,-0.125,False,False,google/gemma-2-9b-it,11c9b309abf73637e4b6f9a3fa1e92e615547819
25,heldout,6,54,2,31,random_positions,8.8125,-1.625,-1.625,0.0,False,False,google/gemma-2-9b-it,11c9b309abf73637e4b6f9a3fa1e92e615547819
25,heldout,6,54,2,32,answer_position,8.8125,-1.625,8.0,9.625,False,True,google/gemma-2-9b-it,11c9b309abf73637e4b6f9a3fa1e92e615547819
25,heldout,6,54,2,32,number_tokens,8.8125,-1.625,-1.75,-0.125,False,False,google/gemma-2-9b-it,11c9b309abf73637e4b6f9a3fa1e92e615547819
25,heldout,6,54,2,32,random_positions,8.8125,-1.625,-1.625,0.0,False,False,google/gemma-2-9b-it,11c9b309abf73637e4b6f9a3fa1e92e615547819
25,heldout,6,54,2,33,answer_position,8.8125,-1.625,8.0,9.625,False,True,google/gemma-2-9b-it,11c9b309abf73637e4b6f9a3fa1e92e615547819
25,heldout,6,54,2,33,number_tokens,8.8125,-1.625,-1.625,0.0,False,False,google/gemma-2-9b-it,11c9b309abf73637e4b6f9a3fa1e92e615547819
25,heldout,6,54,2,33,random_positions,8.8125,-1.625,-1.625,0.0,False,False,google/gemma-2-9b-it,11c9b309abf73637e4b6f9a3fa1e92e615547819
25,heldout,6,54,2,34,answer_position,8.8125,-1.625,8.125,9.75,False,True,google/gemma-2-9b-it,11c9b309abf73637e4b6f9a3fa1e92e615547819
25,heldout,6,54,2,34,number_tokens,8.8125,-1.625,-1.75,-0.125,False,False,google/gemma-2-9b-it,11c9b309abf73637e4b6f9a3fa1e92e615547819
25,heldout,6,54,2,34,random_positions,8.8125,-1.625,-1.625,0.0,False,False,google/gemma-2-9b-it,11c9b309abf73637e4b6f9a3fa1e92e615547819
25,heldout,6,54,2,35,answer_position,8.8125,-1.625,8.0,9.625,False,True,google/gemma-2-9b-it,11c9b309abf73637e4b6f9a3fa1e92e615547819
25,heldout,6,54,2,35,number_tokens,8.8125,-1.625,-1.75,-0.125,False,False,google/gemma-2-9b-it,11c9b309abf73637e4b6f9a3fa1e92e615547819
25,heldout,6,54,2,35,random_positions,8.8125,-1.625,-1.625,0.0,False,False,google/gemma-2-9b-it,11c9b309abf73637e4b6f9a3fa1e92e615547819
25,heldout,6,54,2,36,answer_position,8.8125,-1.625,8.125,9.75,False,True,google/gemma-2-9b-it,11c9b309abf73637e4b6f9a3fa1e92e615547819
25,heldout,6,54,2,36,number_tokens,8.8125,-1.625,-1.75,-0.125,False,False,google/gemma-2-9b-it,11c9b309abf73637e4b6f9a3fa1e92e615547819
25,heldout,6,54,2,36,random_positions,8.8125,-1.625,-1.75,-0.125,False,False,google/gemma-2-9b-it,11c9b309abf73637e4b6f9a3fa1e92e615547819
25,heldout,6,54,2,37,answer_position,8.8125,-1.625,8.125,9.75,False,True,google/gemma-2-9b-it,11c9b309abf73637e4b6f9a3fa1e92e615547819
25,heldout,6,54,2,37,number_tokens,8.8125,-1.625,-1.625,0.0,False,False,google/gemma-2-9b-it,11c9b309abf73637e4b6f9a3fa1e92e615547819
25,heldout,6,54,2,37,random_positions,8.8125,-1.625,-1.625,0.0,False,False,google/gemma-2-9b-it,11c9b309abf73637e4b6f9a3fa1e92e615547819
25,heldout,6,54,2,38,answer_position,8.8125,-1.625,8.3125,9.9375,False,True,google/gemma-2-9b-it,11c9b309abf73637e4b6f9a3fa1e92e615547819
25,heldout,6,54,2,38,number_tokens,8.8125,-1.625,-1.625,0.0,False,False,google/gemma-2-9b-it,11c9b309abf73637e4b6f9a3fa1e92e615547819
25,heldout,6,54,2,38,random_positions,8.8125,-1.625,-1.625,0.0,False,False,google/gemma-2-9b-it,11c9b309abf73637e4b6f9a3fa1e92e615547819
25,heldout,6,54,2,39,answer_position,8.8125,-1.625,8.4375,10.0625,False,True,google/gemma-2-9b-it,11c9b309abf73637e4b6f9a3fa1e92e615547819
25,heldout,6,54,2,39,number_tokens,8.8125,-1.625,-1.625,0.0,False,False,google/gemma-2-9b-it,11c9b309abf73637e4b6f9a3fa1e92e615547819
25,heldout,6,54,2,39,random_positions,8.8125,-1.625,-1.625,0.0,False,False,google/gemma-2-9b-it,11c9b309abf73637e4b6f9a3fa1e92e615547819
25,heldout,6,54,2,40,answer_position,8.8125,-1.625,8.625,10.25,False,True,google/gemma-2-9b-it,11c9b309abf73637e4b6f9a3fa1e92e615547819
25,heldout,6,54,2,40,number_tokens,8.8125,-1.625,-1.625,0.0,False,False,google/gemma-2-9b-it,11c9b309abf73637e4b6f9a3fa1e92e615547819
25,heldout,6,54,2,40,random_positions,8.8125,-1.625,-1.625,0.0,False,False,google/gemma-2-9b-it,11c9b309abf73637e4b6f9a3fa1e92e615547819
25,heldout,6,54,2,41,answer_position,8.8125,-1.625,8.8125,10.4375,False,True,google/gemma-2-9b-it,11c9b309abf73637e4b6f9a3fa1e92e615547819
25,heldout,6,54,2,41,number_tokens,8.8125,-1.625,-1.625,0.0,False,False,google/gemma-2-9b-it,11c9b309abf73637e4b6f9a3fa1e92e615547819
25,heldout,6,54,2,41,random_positions,8.8125,-1.625,-1.625,0.0,False,False,google/gemma-2-9b-it,11c9b309abf73637e4b6f9a3fa1e92e615547819
26,heldout,6,55,3,0,answer_position,9.0625,5.5,5.5,0.0,True,True,google/gemma-2-9b-it,11c9b309abf73637e4b6f9a3fa1e92e615547819
26,heldout,6,55,3,0,number_tokens,9.0625,5.5,5.75,0.25,True,True,google/gemma-2-9b-it,11c9b309abf73637e4b6f9a3fa1e92e615547819
26,heldout,6,55,3,0,random_positions,9.0625,5.5,5.5,0.0,True,True,google/gemma-2-9b-it,11c9b309abf73637e4b6f9a3fa1e92e615547819
26,heldout,6,55,3,1,answer_position,9.0625,5.5,5.5,0.0,True,True,google/gemma-2-9b-it,11c9b309abf73637e4b6f9a3fa1e92e615547819
26,heldout,6,55,3,1,number_tokens,9.0625,5.5,5.875,0.375,True,True,google/gemma-2-9b-it,11c9b309abf73637e4b6f9a3fa1e92e615547819
26,heldout,6,55,3,1,random_positions,9.0625,5.5,5.5,0.0,True,True,google/gemma-2-9b-it,11c9b309abf73637e4b6f9a3fa1e92e615547819
26,heldout,6,55,3,2,answer_position,9.0625,5.5,5.5,0.0,True,True,google/gemma-2-9b-it,11c9b309abf73637e4b6f9a3fa1e92e615547819
26,heldout,6,55,3,2,number_tokens,9.0625,5.5,6.125,0.625,True,True,google/gemma-2-9b-it,11c9b309abf73637e4b6f9a3fa1e92e615547819
26,heldout,6,55,3,2,random_positions,9.0625,5.5,5.5,0.0,True,True,google/gemma-2-9b-it,11c9b309abf73637e4b6f9a3fa1e92e615547819
26,heldout,6,55,3,3,answer_position,9.0625,5.5,5.5,0.0,True,True,google/gemma-2-9b-it,11c9b309abf73637e4b6f9a3fa1e92e615547819
26,heldout,6,55,3,3,number_tokens,9.0625,5.5,6.25,0.75,True,True,google/gemma-2-9b-it,11c9b309abf73637e4b6f9a3fa1e92e615547819
26,heldout,6,55,3,3,random_positions,9.0625,5.5,5.5,0.0,True,True,google/gemma-2-9b-it,11c9b309abf73637e4b6f9a3fa1e92e615547819
26,heldout,6,55,3,4,answer_position,9.0625,5.5,5.5,0.0,True,True,google/gemma-2-9b-it,11c9b309abf73637e4b6f9a3fa1e92e615547819
26,heldout,6,55,3,4,number_tokens,9.0625,5.5,6.375,0.875,True,True,google/gemma-2-9b-it,11c9b309abf73637e4b6f9a3fa1e92e615547819
26,heldout,6,55,3,4,random_positions,9.0625,5.5,5.5,0.0,True,True,google/gemma-2-9b-it,11c9b309abf73637e4b6f9a3fa1e92e615547819
26,heldout,6,55,3,5,answer_position,9.0625,5.5,5.5,0.0,True,True,google/gemma-2-9b-it,11c9b309abf73637e4b6f9a3fa1e92e615547819
26,heldout,6,55,3,5,number_tokens,9.0625,5.5,6.9375,1.4375,True,True,google/gemma-2-9b-it,11c9b309abf73637e4b6f9a3fa1e92e615547819
26,heldout,6,55,3,5,random_positions,9.0625,5.5,5.5,0.0,True,True,google/gemma-2-9b-it,11c9b309abf73637e4b6f9a3fa1e92e615547819
26,heldout,6,55,3,6,answer_position,9.0625,5.5,5.625,0.125,True,True,google/gemma-2-9b-it,11c9b309abf73637e4b6f9a3fa1e92e615547819
26,heldout,6,55,3,6,number_tokens,9.0625,5.5,6.125,0.625,True,True,google/gemma-2-9b-it,11c9b309abf73637e4b6f9a3fa1e92e615547819
26,heldout,6,55,3,6,random_positions,9.0625,5.5,5.375,-0.125,True,True,google/gemma-2-9b-it,11c9b309abf73637e4b6f9a3fa1e92e615547819
26,heldout,6,55,3,7,answer_position,9.0625,5.5,5.625,0.125,True,True,google/gemma-2-9b-it,11c9b309abf73637e4b6f9a3fa1e92e615547819
26,heldout,6,55,3,7,number_tokens,9.0625,5.5,7.8125,2.3125,True,True,google/gemma-2-9b-it,11c9b309abf73637e4b6f9a3fa1e92e615547819
26,heldout,6,55,3,7,random_positions,9.0625,5.5,5.5,0.0,True,True,google/gemma-2-9b-it,11c9b309abf73637e4b6f9a3fa1e92e615547819
26,heldout,6,55,3,8,answer_position,9.0625,5.5,5.5,0.0,True,True,google/gemma-2-9b-it,11c9b309abf73637e4b6f9a3fa1e92e615547819
26,heldout,6,55,3,8,number_tokens,9.0625,5.5,7.875,2.375,True,True,google/gemma-2-9b-it,11c9b309abf73637e4b6f9a3fa1e92e615547819
26,heldout,6,55,3,8,random_positions,9.0625,5.5,5.5,0.0,True,True,google/gemma-2-9b-it,11c9b309abf73637e4b6f9a3fa1e92e615547819
26,heldout,6,55,3,9,answer_position,9.0625,5.5,5.5,0.0,True,True,google/gemma-2-9b-it,11c9b309abf73637e4b6f9a3fa1e92e615547819
26,heldout,6,55,3,9,number_tokens,9.0625,5.5,8.0,2.5,True,True,google/gemma-2-9b-it,11c9b309abf73637e4b6f9a3fa1e92e615547819
26,heldout,6,55,3,9,random_positions,9.0625,5.5,5.5,0.0,True,True,google/gemma-2-9b-it,11c9b309abf73637e4b6f9a3fa1e92e615547819
26,heldout,6,55,3,10,answer_position,9.0625,5.5,5.5,0.0,True,True,google/gemma-2-9b-it,11c9b309abf73637e4b6f9a3fa1e92e615547819
26,heldout,6,55,3,10,number_tokens,9.0625,5.5,8.0,2.5,True,True,google/gemma-2-9b-it,11c9b309abf73637e4b6f9a3fa1e92e615547819
26,heldout,6,55,3,10,random_positions,9.0625,5.5,5.5,0.0,True,True,google/gemma-2-9b-it,11c9b309abf73637e4b6f9a3fa1e92e615547819
26,heldout,6,55,3,11,answer_position,9.0625,5.5,5.625,0.125,True,True,google/gemma-2-9b-it,11c9b309abf73637e4b6f9a3fa1e92e615547819
26,heldout,6,55,3,11,number_tokens,9.0625,5.5,1.625,-3.875,True,True,google/gemma-2-9b-it,11c9b309abf73637e4b6f9a3fa1e92e615547819
26,heldout,6,55,3,11,random_positions,9.0625,5.5,5.5,0.0,True,True,google/gemma-2-9b-it,11c9b309abf73637e4b6f9a3fa1e92e615547819
26,heldout,6,55,3,12,answer_position,9.0625,5.5,5.625,0.125,True,True,google/gemma-2-9b-it,11c9b309abf73637e4b6f9a3fa1e92e615547819
26,heldout,6,55,3,12,number_tokens,9.0625,5.5,1.875,-3.625,True,True,google/gemma-2-9b-it,11c9b309abf73637e4b6f9a3fa1e92e615547819
26,heldout,6,55,3,12,random_positions,9.0625,5.5,5.5,0.0,True,True,google/gemma-2-9b-it,11c9b309abf73637e4b6f9a3fa1e92e615547819
26,heldout,6,55,3,13,answer_position,9.0625,5.5,5.5,0.0,True,True,google/gemma-2-9b-it,11c9b309abf73637e4b6f9a3fa1e92e615547819
26,heldout,6,55,3,13,number_tokens,9.0625,5.5,-0.625,-6.125,True,False,google/gemma-2-9b-it,11c9b309abf73637e4b6f9a3fa1e92e615547819
26,heldout,6,55,3,13,random_positions,9.0625,5.5,5.625,0.125,True,True,google/gemma-2-9b-it,11c9b309abf73637e4b6f9a3fa1e92e615547819
26,heldout,6,55,3,14,answer_position,9.0625,5.5,5.625,0.125,True,True,google/gemma-2-9b-it,11c9b309abf73637e4b6f9a3fa1e92e615547819
26,heldout,6,55,3,14,number_tokens,9.0625,5.5,3.25,-2.25,True,True,google/gemma-2-9b-it,11c9b309abf73637e4b6f9a3fa1e92e615547819
26,heldout,6,55,3,14,random_positions,9.0625,5.5,5.5,0.0,True,True,google/gemma-2-9b-it,11c9b309abf73637e4b6f9a3fa1e92e615547819
26,heldout,6,55,3,15,answer_position,9.0625,5.5,5.5,0.0,True,True,google/gemma-2-9b-it,11c9b309abf73637e4b6f9a3fa1e92e615547819
26,heldout,6,55,3,15,number_tokens,9.0625,5.5,5.625,0.125,True,True,google/gemma-2-9b-it,11c9b309abf73637e4b6f9a3fa1e92e615547819
26,heldout,6,55,3,15,random_positions,9.0625,5.5,5.625,0.125,True,True,google/gemma-2-9b-it,11c9b309abf73637e4b6f9a3fa1e92e615547819
26,heldout,6,55,3,16,answer_position,9.0625,5.5,5.5,0.0,True,True,google/gemma-2-9b-it,11c9b309abf73637e4b6f9a3fa1e92e615547819
26,heldout,6,55,3,16,number_tokens,9.0625,5.5,6.8125,1.3125,True,True,google/gemma-2-9b-it,11c9b309abf73637e4b6f9a3fa1e92e615547819
26,heldout,6,55,3,16,random_positions,9.0625,5.5,5.625,0.125,True,True,google/gemma-2-9b-it,11c9b309abf73637e4b6f9a3fa1e92e615547819
26,heldout,6,55,3,17,answer_position,9.0625,5.5,5.625,0.125,True,True,google/gemma-2-9b-it,11c9b309abf73637e4b6f9a3fa1e92e615547819
26,heldout,6,55,3,17,number_tokens,9.0625,5.5,7.0,1.5,True,True,google/gemma-2-9b-it,11c9b309abf73637e4b6f9a3fa1e92e615547819
26,heldout,6,55,3,17,random_positions,9.0625,5.5,5.75,0.25,True,True,google/gemma-2-9b-it,11c9b309abf73637e4b6f9a3fa1e92e615547819
26,heldout,6,55,3,18,answer_position,9.0625,5.5,5.75,0.25,True,True,google/gemma-2-9b-it,11c9b309abf73637e4b6f9a3fa1e92e615547819
26,heldout,6,55,3,18,number_tokens,9.0625,5.5,6.25,0.75,True,True,google/gemma-2-9b-it,11c9b309abf73637e4b6f9a3fa1e92e615547819
26,heldout,6,55,3,18,random_positions,9.0625,5.5,5.625,0.125,True,True,google/gemma-2-9b-it,11c9b309abf73637e4b6f9a3fa1e92e615547819
26,heldout,6,55,3,19,answer_position,9.0625,5.5,5.625,0.125,True,True,google/gemma-2-9b-it,11c9b309abf73637e4b6f9a3fa1e92e615547819
26,heldout,6,55,3,19,number_tokens,9.0625,5.5,7.125,1.625,True,True,google/gemma-2-9b-it,11c9b309abf73637e4b6f9a3fa1e92e615547819
26,heldout,6,55,3,19,random_positions,9.0625,5.5,5.75,0.25,True,True,google/gemma-2-9b-it,11c9b309abf73637e4b6f9a3fa1e92e615547819
26,heldout,6,55,3,20,answer_position,9.0625,5.5,6.0,0.5,True,True,google/gemma-2-9b-it,11c9b309abf73637e4b6f9a3fa1e92e615547819
26,heldout,6,55,3,20,number_tokens,9.0625,5.5,6.25,0.75,True,True,google/gemma-2-9b-it,11c9b309abf73637e4b6f9a3fa1e92e615547819
26,heldout,6,55,3,20,random_positions,9.0625,5.5,5.75,0.25,True,True,google/gemma-2-9b-it,11c9b309abf73637e4b6f9a3fa1e92e615547819
26,heldout,6,55,3,21,answer_position,9.0625,5.5,6.4375,0.9375,True,True,google/gemma-2-9b-it,11c9b309abf73637e4b6f9a3fa1e92e615547819
26,heldout,6,55,3,21,number_tokens,9.0625,5.5,6.125,0.625,True,True,google/gemma-2-9b-it,11c9b309abf73637e4b6f9a3fa1e92e615547819
26,heldout,6,55,3,21,random_positions,9.0625,5.5,5.75,0.25,True,True,google/gemma-2-9b-it,11c9b309abf73637e4b6f9a3fa1e92e615547819
26,heldout,6,55,3,22,answer_position,9.0625,5.5,7.125,1.625,True,True,google/gemma-2-9b-it,11c9b309abf73637e4b6f9a3fa1e92e615547819
26,heldout,6,55,3,22,number_tokens,9.0625,5.5,6.125,0.625,True,True,google/gemma-2-9b-it,11c9b309abf73637e4b6f9a3fa1e92e615547819
26,heldout,6,55,3,22,random_positions,9.0625,5.5,5.75,0.25,True,True,google/gemma-2-9b-it,11c9b309abf73637e4b6f9a3fa1e92e615547819
26,heldout,6,55,3,23,answer_position,9.0625,5.5,7.75,2.25,True,True,google/gemma-2-9b-it,11c9b309abf73637e4b6f9a3fa1e92e615547819
26,heldout,6,55,3,23,number_tokens,9.0625,5.5,5.625,0.125,True,True,google/gemma-2-9b-it,11c9b309abf73637e4b6f9a3fa1e92e615547819
26,heldout,6,55,3,23,random_positions,9.0625,5.5,5.5,0.0,True,True,google/gemma-2-9b-it,11c9b309abf73637e4b6f9a3fa1e92e615547819
26,heldout,6,55,3,24,answer_position,9.0625,5.5,7.875,2.375,True,True,google/gemma-2-9b-it,11c9b309abf73637e4b6f9a3fa1e92e615547819
26,heldout,6,55,3,24,number_tokens,9.0625,5.5,5.5,0.0,True,True,google/gemma-2-9b-it,11c9b309abf73637e4b6f9a3fa1e92e615547819
26,heldout,6,55,3,24,random_positions,9.0625,5.5,5.75,0.25,True,True,google/gemma-2-9b-it,11c9b309abf73637e4b6f9a3fa1e92e615547819
26,heldout,6,55,3,25,answer_position,9.0625,5.5,8.3125,2.8125,True,True,google/gemma-2-9b-it,11c9b309abf73637e4b6f9a3fa1e92e615547819
26,heldout,6,55,3,25,number_tokens,9.0625,5.5,5.5,0.0,True,True,google/gemma-2-9b-it,11c9b309abf73637e4b6f9a3fa1e92e615547819
26,heldout,6,55,3,25,random_positions,9.0625,5.5,5.625,0.125,True,True,google/gemma-2-9b-it,11c9b309abf73637e4b6f9a3fa1e92e615547819
26,heldout,6,55,3,26,answer_position,9.0625,5.5,8.4375,2.9375,True,True,google/gemma-2-9b-it,11c9b309abf73637e4b6f9a3fa1e92e615547819
26,heldout,6,55,3,26,number_tokens,9.0625,5.5,5.5,0.0,True,True,google/gemma-2-9b-it,11c9b309abf73637e4b6f9a3fa1e92e615547819
26,heldout,6,55,3,26,random_positions,9.0625,5.5,5.5,0.0,True,True,google/gemma-2-9b-it,11c9b309abf73637e4b6f9a3fa1e92e615547819
26,heldout,6,55,3,27,answer_position,9.0625,5.5,8.4375,2.9375,True,True,google/gemma-2-9b-it,11c9b309abf73637e4b6f9a3fa1e92e615547819
26,heldout,6,55,3,27,number_tokens,9.0625,5.5,5.5,0.0,True,True,google/gemma-2-9b-it,11c9b309abf73637e4b6f9a3fa1e92e615547819
26,heldout,6,55,3,27,random_positions,9.0625,5.5,5.5,0.0,True,True,google/gemma-2-9b-it,11c9b309abf73637e4b6f9a3fa1e92e615547819
26,heldout,6,55,3,28,answer_position,9.0625,5.5,8.375,2.875,True,True,google/gemma-2-9b-it,11c9b309abf73637e4b6f9a3fa1e92e615547819
26,heldout,6,55,3,28,number_tokens,9.0625,5.5,5.5,0.0,True,True,google/gemma-2-9b-it,11c9b309abf73637e4b6f9a3fa1e92e615547819
26,heldout,6,55,3,28,random_positions,9.0625,5.5,5.625,0.125,True,True,google/gemma-2-9b-it,11c9b309abf73637e4b6f9a3fa1e92e615547819
26,heldout,6,55,3,29,answer_position,9.0625,5.5,8.25,2.75,True,True,google/gemma-2-9b-it,11c9b309abf73637e4b6f9a3fa1e92e615547819
26,heldout,6,55,3,29,number_tokens,9.0625,5.5,5.5,0.0,True,True,google/gemma-2-9b-it,11c9b309abf73637e4b6f9a3fa1e92e615547819
26,heldout,6,55,3,29,random_positions,9.0625,5.5,5.5,0.0,True,True,google/gemma-2-9b-it,11c9b309abf73637e4b6f9a3fa1e92e615547819
26,heldout,6,55,3,30,answer_position,9.0625,5.5,8.4375,2.9375,True,True,google/gemma-2-9b-it,11c9b309abf73637e4b6f9a3fa1e92e615547819
26,heldout,6,55,3,30,number_tokens,9.0625,5.5,5.5,0.0,True,True,google/gemma-2-9b-it,11c9b309abf73637e4b6f9a3fa1e92e615547819
26,heldout,6,55,3,30,random_positions,9.0625,5.5,5.5,0.0,True,True,google/gemma-2-9b-it,11c9b309abf73637e4b6f9a3fa1e92e615547819
26,heldout,6,55,3,31,answer_position,9.0625,5.5,8.625,3.125,True,True,google/gemma-2-9b-it,11c9b309abf73637e4b6f9a3fa1e92e615547819
26,heldout,6,55,3,31,number_tokens,9.0625,5.5,5.5,0.0,True,True,google/gemma-2-9b-it,11c9b309abf73637e4b6f9a3fa1e92e615547819
26,heldout,6,55,3,31,random_positions,9.0625,5.5,5.5,0.0,True,True,google/gemma-2-9b-it,11c9b309abf73637e4b6f9a3fa1e92e615547819
26,heldout,6,55,3,32,answer_position,9.0625,5.5,8.625,3.125,True,True,google/gemma-2-9b-it,11c9b309abf73637e4b6f9a3fa1e92e615547819
26,heldout,6,55,3,32,number_tokens,9.0625,5.5,5.625,0.125,True,True,google/gemma-2-9b-it,11c9b309abf73637e4b6f9a3fa1e92e615547819
26,heldout,6,55,3,32,random_positions,9.0625,5.5,5.5,0.0,True,True,google/gemma-2-9b-it,11c9b309abf73637e4b6f9a3fa1e92e615547819
26,heldout,6,55,3,33,answer_position,9.0625,5.5,8.625,3.125,True,True,google/gemma-2-9b-it,11c9b309abf73637e4b6f9a3fa1e92e615547819
26,heldout,6,55,3,33,number_tokens,9.0625,5.5,5.5,0.0,True,True,google/gemma-2-9b-it,11c9b309abf73637e4b6f9a3fa1e92e615547819
26,heldout,6,55,3,33,random_positions,9.0625,5.5,5.5,0.0,True,True,google/gemma-2-9b-it,11c9b309abf73637e4b6f9a3fa1e92e615547819
26,heldout,6,55,3,34,answer_position,9.0625,5.5,8.625,3.125,True,True,google/gemma-2-9b-it,11c9b309abf73637e4b6f9a3fa1e92e615547819
26,heldout,6,55,3,34,number_tokens,9.0625,5.5,5.5,0.0,True,True,google/gemma-2-9b-it,11c9b309abf73637e4b6f9a3fa1e92e615547819
26,heldout,6,55,3,34,random_positions,9.0625,5.5,5.625,0.125,True,True,google/gemma-2-9b-it,11c9b309abf73637e4b6f9a3fa1e92e615547819
26,heldout,6,55,3,35,answer_position,9.0625,5.5,8.625,3.125,True,True,google/gemma-2-9b-it,11c9b309abf73637e4b6f9a3fa1e92e615547819
26,heldout,6,55,3,35,number_tokens,9.0625,5.5,5.5,0.0,True,True,google/gemma-2-9b-it,11c9b309abf73637e4b6f9a3fa1e92e615547819
26,heldout,6,55,3,35,random_positions,9.0625,5.5,5.625,0.125,True,True,google/gemma-2-9b-it,11c9b309abf73637e4b6f9a3fa1e92e615547819
26,heldout,6,55,3,36,answer_position,9.0625,5.5,8.625,3.125,True,True,google/gemma-2-9b-it,11c9b309abf73637e4b6f9a3fa1e92e615547819
26,heldout,6,55,3,36,number_tokens,9.0625,5.5,5.5,0.0,True,True,google/gemma-2-9b-it,11c9b309abf73637e4b6f9a3fa1e92e615547819
26,heldout,6,55,3,36,random_positions,9.0625,5.5,5.625,0.125,True,True,google/gemma-2-9b-it,11c9b309abf73637e4b6f9a3fa1e92e615547819
26,heldout,6,55,3,37,answer_position,9.0625,5.5,8.625,3.125,True,True,google/gemma-2-9b-it,11c9b309abf73637e4b6f9a3fa1e92e615547819
26,heldout,6,55,3,37,number_tokens,9.0625,5.5,5.5,0.0,True,True,google/gemma-2-9b-it,11c9b309abf73637e4b6f9a3fa1e92e615547819
26,heldout,6,55,3,37,random_positions,9.0625,5.5,5.5,0.0,True,True,google/gemma-2-9b-it,11c9b309abf73637e4b6f9a3fa1e92e615547819
26,heldout,6,55,3,38,answer_position,9.0625,5.5,8.6875,3.1875,True,True,google/gemma-2-9b-it,11c9b309abf73637e4b6f9a3fa1e92e615547819
26,heldout,6,55,3,38,number_tokens,9.0625,5.5,5.5,0.0,True,True,google/gemma-2-9b-it,11c9b309abf73637e4b6f9a3fa1e92e615547819
26,heldout,6,55,3,38,random_positions,9.0625,5.5,5.5,0.0,True,True,google/gemma-2-9b-it,11c9b309abf73637e4b6f9a3fa1e92e615547819
26,heldout,6,55,3,39,answer_position,9.0625,5.5,8.875,3.375,True,True,google/gemma-2-9b-it,11c9b309abf73637e4b6f9a3fa1e92e615547819
26,heldout,6,55,3,39,number_tokens,9.0625,5.5,5.5,0.0,True,True,google/gemma-2-9b-it,11c9b309abf73637e4b6f9a3fa1e92e615547819
26,heldout,6,55,3,39,random_positions,9.0625,5.5,5.5,0.0,True,True,google/gemma-2-9b-it,11c9b309abf73637e4b6f9a3fa1e92e615547819
26,heldout,6,55,3,40,answer_position,9.0625,5.5,9.0,3.5,True,True,google/gemma-2-9b-it,11c9b309abf73637e4b6f9a3fa1e92e615547819
26,heldout,6,55,3,40,number_tokens,9.0625,5.5,5.5,0.0,True,True,google/gemma-2-9b-it,11c9b309abf73637e4b6f9a3fa1e92e615547819
26,heldout,6,55,3,40,random_positions,9.0625,5.5,5.5,0.0,True,True,google/gemma-2-9b-it,11c9b309abf73637e4b6f9a3fa1e92e615547819
26,heldout,6,55,3,41,answer_position,9.0625,5.5,9.0625,3.5625,True,True,google/gemma-2-9b-it,11c9b309abf73637e4b6f9a3fa1e92e615547819
26,heldout,6,55,3,41,number_tokens,9.0625,5.5,5.5,0.0,True,True,google/gemma-2-9b-it,11c9b309abf73637e4b6f9a3fa1e92e615547819
26,heldout,6,55,3,41,random_positions,9.0625,5.5,5.5,0.0,True,True,google/gemma-2-9b-it,11c9b309abf73637e4b6f9a3fa1e92e615547819
27,heldout,6,56,4,0,answer_position,9.0,4.75,4.875,0.125,True,True,google/gemma-2-9b-it,11c9b309abf73637e4b6f9a3fa1e92e615547819
27,heldout,6,56,4,0,number_tokens,9.0,4.75,5.125,0.375,True,True,google/gemma-2-9b-it,11c9b309abf73637e4b6f9a3fa1e92e615547819
27,heldout,6,56,4,0,random_positions,9.0,4.75,3.625,-1.125,True,True,google/gemma-2-9b-it,11c9b309abf73637e4b6f9a3fa1e92e615547819
27,heldout,6,56,4,1,answer_position,9.0,4.75,4.875,0.125,True,True,google/gemma-2-9b-it,11c9b309abf73637e4b6f9a3fa1e92e615547819
27,heldout,6,56,4,1,number_tokens,9.0,4.75,5.25,0.5,True,True,google/gemma-2-9b-it,11c9b309abf73637e4b6f9a3fa1e92e615547819
27,heldout,6,56,4,1,random_positions,9.0,4.75,4.25,-0.5,True,True,google/gemma-2-9b-it,11c9b309abf73637e4b6f9a3fa1e92e615547819
27,heldout,6,56,4,2,answer_position,9.0,4.75,4.75,0.0,True,True,google/gemma-2-9b-it,11c9b309abf73637e4b6f9a3fa1e92e615547819
27,heldout,6,56,4,2,number_tokens,9.0,4.75,5.375,0.625,True,True,google/gemma-2-9b-it,11c9b309abf73637e4b6f9a3fa1e92e615547819
27,heldout,6,56,4,2,random_positions,9.0,4.75,4.625,-0.125,True,True,google/gemma-2-9b-it,11c9b309abf73637e4b6f9a3fa1e92e615547819
27,heldout,6,56,4,3,answer_position,9.0,4.75,4.75,0.0,True,True,google/gemma-2-9b-it,11c9b309abf73637e4b6f9a3fa1e92e615547819
27,heldout,6,56,4,3,number_tokens,9.0,4.75,5.5,0.75,True,True,google/gemma-2-9b-it,11c9b309abf73637e4b6f9a3fa1e92e615547819
27,heldout,6,56,4,3,random_positions,9.0,4.75,3.625,-1.125,True,True,google/gemma-2-9b-it,11c9b309abf73637e4b6f9a3fa1e92e615547819
27,heldout,6,56,4,4,answer_position,9.0,4.75,4.75,0.0,True,True,google/gemma-2-9b-it,11c9b309abf73637e4b6f9a3fa1e92e615547819
27,heldout,6,56,4,4,number_tokens,9.0,4.75,6.0,1.25,True,True,google/gemma-2-9b-it,11c9b309abf73637e4b6f9a3fa1e92e615547819
27,heldout,6,56,4,4,random_positions,9.0,4.75,4.0,-0.75,True,True,google/gemma-2-9b-it,11c9b309abf73637e4b6f9a3fa1e92e615547819
27,heldout,6,56,4,5,answer_position,9.0,4.75,4.875,0.125,True,True,google/gemma-2-9b-it,11c9b309abf73637e4b6f9a3fa1e92e615547819
27,heldout,6,56,4,5,number_tokens,9.0,4.75,6.125,1.375,True,True,google/gemma-2-9b-it,11c9b309abf73637e4b6f9a3fa1e92e615547819
27,heldout,6,56,4,5,random_positions,9.0,4.75,4.625,-0.125,True,True,google/gemma-2-9b-it,11c9b309abf73637e4b6f9a3fa1e92e615547819
27,heldout,6,56,4,6,answer_position,9.0,4.75,4.875,0.125,True,True,google/gemma-2-9b-it,11c9b309abf73637e4b6f9a3fa1e92e615547819
27,heldout,6,56,4,6,number_tokens,9.0,4.75,-0.125,-4.875,True,False,google/gemma-2-9b-it,11c9b309abf73637e4b6f9a3fa1e92e615547819
27,heldout,6,56,4,6,random_positions,9.0,4.75,5.375,0.625,True,True,google/gemma-2-9b-it,11c9b309abf73637e4b6f9a3fa1e92e615547819
27,heldout,6,56,4,7,answer_position,9.0,4.75,4.75,0.0,True,True,google/gemma-2-9b-it,11c9b309abf73637e4b6f9a3fa1e92e615547819
27,heldout,6,56,4,7,number_tokens,9.0,4.75,6.625,1.875,True,True,google/gemma-2-9b-it,11c9b309abf73637e4b6f9a3fa1e92e615547819
27,heldout,6,56,4,7,random_positions,9.0,4.75,5.625,0.875,True,True,google/gemma-2-9b-it,11c9b309abf73637e4b6f9a3fa1e92e615547819
27,heldout,6,56,4,8,answer_position,9.0,4.75,4.875,0.125,True,True,google/gemma-2-9b-it,11c9b309abf73637e4b6f9a3fa1e92e615547819
27,heldout,6,56,4,8,number_tokens,9.0,4.75,6.6875,1.9375,True,True,google/gemma-2-9b-it,11c9b309abf73637e4b6f9a3fa1e92e615547819
27,heldout,6,56,4,8,random_positions,9.0,4.75,5.875,1.125,True,True,google/gemma-2-9b-it,11c9b309abf73637e4b6f9a3fa1e92e615547819
27,heldout,6,56,4,9,answer_position,9.0,4.75,4.875,0.125,True,True,google/gemma-2-9b-it,11c9b309abf73637e4b6f9a3fa1e92e615547819
27,heldout,6,56,4,9,number_tokens,9.0,4.75,7.375,2.625,True,True,google/gemma-2-9b-it,11c9b309abf73637e4b6f9a3fa1e92e615547819
27,heldout,6,56,4,9,random_positions,9.0,4.75,6.0,1.25,True,True,google/gemma-2-9b-it,11c9b309abf73637e4b6f9a3fa1e92e615547819
27,heldout,6,56,4,10,answer_position,9.0,4.75,4.875,0.125,True,True,google/gemma-2-9b-it,11c9b309abf73637e4b6f9a3fa1e92e615547819
27,heldout,6,56,4,10,number_tokens,9.0,4.75,7.5,2.75,True,True,google/gemma-2-9b-it,11c9b309abf73637e4b6f9a3fa1e92e615547819
27,heldout,6,56,4,10,random_positions,9.0,4.75,6.25,1.5,True,True,google/gemma-2-9b-it,11c9b309abf73637e4b6f9a3fa1e92e615547819
27,heldout,6,56,4,11,answer_position,9.0,4.75,4.875,0.125,True,True,google/gemma-2-9b-it,11c9b309abf73637e4b6f9a3fa1e92e615547819
27,heldout,6,56,4,11,number_tokens,9.0,4.75,4.625,-0.125,True,True,google/gemma-2-9b-it,11c9b309abf73637e4b6f9a3fa1e92e615547819
27,heldout,6,56,4,11,random_positions,9.0,4.75,6.5625,1.8125,True,True,google/gemma-2-9b-it,11c9b309abf73637e4b6f9a3fa1e92e615547819
27,heldout,6,56,4,12,answer_position,9.0,4.75,4.75,0.0,True,True,google/gemma-2-9b-it,11c9b309abf73637e4b6f9a3fa1e92e615547819
27,heldout,6,56,4,12,number_tokens,9.0,4.75,-0.375,-5.125,True,False,google/gemma-2-9b-it,11c9b309abf73637e4b6f9a3fa1e92e615547819
27,heldout,6,56,4,12,random_positions,9.0,4.75,6.375,1.625,True,True,google/gemma-2-9b-it,11c9b309abf73637e4b6f9a3fa1e92e615547819
27,heldout,6,56,4,13,answer_position,9.0,4.75,4.75,0.0,True,True,google/gemma-2-9b-it,11c9b309abf73637e4b6f9a3fa1e92e615547819
27,heldout,6,56,4,13,number_tokens,9.0,4.75,-3.125,-7.875,True,False,google/gemma-2-9b-it,11c9b309abf73637e4b6f9a3fa1e92e615547819
27,heldout,6,56,4,13,random_positions,9.0,4.75,6.0,1.25,True,True,google/gemma-2-9b-it,11c9b309abf73637e4b6f9a3fa1e92e615547819
27,heldout,6,56,4,14,answer_position,9.0,4.75,4.875,0.125,True,True,google/gemma-2-9b-it,11c9b309abf73637e4b6f9a3fa1e92e615547819
27,heldout,6,56,4,14,number_tokens,9.0,4.75,-0.375,-5.125,True,False,google/gemma-2-9b-it,11c9b309abf73637e4b6f9a3fa1e92e615547819
27,heldout,6,56,4,14,random_positions,9.0,4.75,6.125,1.375,True,True,google/gemma-2-9b-it,11c9b309abf73637e4b6f9a3fa1e92e615547819
27,heldout,6,56,4,15,answer_position,9.0,4.75,4.875,0.125,True,True,google/gemma-2-9b-it,11c9b309abf73637e4b6f9a3fa1e92e615547819
27,heldout,6,56,4,15,number_tokens,9.0,4.75,5.125,0.375,True,True,google/gemma-2-9b-it,11c9b309abf73637e4b6f9a3fa1e92e615547819
27,heldout,6,56,4,15,random_positions,9.0,4.75,6.25,1.5,True,True,google/gemma-2-9b-it,11c9b309abf73637e4b6f9a3fa1e92e615547819
27,heldout,6,56,4,16,answer_position,9.0,4.75,4.75,0.0,True,True,google/gemma-2-9b-it,11c9b309abf73637e4b6f9a3fa1e92e615547819
27,heldout,6,56,4,16,number_tokens,9.0,4.75,6.4375,1.6875,True,True,google/gemma-2-9b-it,11c9b309abf73637e4b6f9a3fa1e92e615547819
27,heldout,6,56,4,16,random_positions,9.0,4.75,6.5,1.75,True,True,google/gemma-2-9b-it,11c9b309abf73637e4b6f9a3fa1e92e615547819
27,heldout,6,56,4,17,answer_position,9.0,4.75,4.875,0.125,True,True,google/gemma-2-9b-it,11c9b309abf73637e4b6f9a3fa1e92e615547819
27,heldout,6,56,4,17,number_tokens,9.0,4.75,6.8125,2.0625,True,True,google/gemma-2-9b-it,11c9b309abf73637e4b6f9a3fa1e92e615547819
27,heldout,6,56,4,17,random_positions,9.0,4.75,6.6875,1.9375,True,True,google/gemma-2-9b-it,11c9b309abf73637e4b6f9a3fa1e92e615547819
27,heldout,6,56,4,18,answer_position,9.0,4.75,4.875,0.125,True,True,google/gemma-2-9b-it,11c9b309abf73637e4b6f9a3fa1e92e615547819
27,heldout,6,56,4,18,number_tokens,9.0,4.75,5.75,1.0,True,True,google/gemma-2-9b-it,11c9b309abf73637e4b6f9a3fa1e92e615547819
27,heldout,6,56,4,18,random_positions,9.0,4.75,6.6875,1.9375,True,True,google/gemma-2-9b-it,11c9b309abf73637e4b6f9a3fa1e92e615547819
27,heldout,6,56,4,19,answer_position,9.0,4.75,5.0,0.25,True,True,google/gemma-2-9b-it,11c9b309abf73637e4b6f9a3fa1e92e615547819
27,heldout,6,56,4,19,number_tokens,9.0,4.75,6.6875,1.9375,True,True,google/gemma-2-9b-it,11c9b309abf73637e4b6f9a3fa1e92e615547819
27,heldout,6,56,4,19,random_positions,9.0,4.75,6.375,1.625,True,True,google/gemma-2-9b-it,11c9b309abf73637e4b6f9a3fa1e92e615547819
27,heldout,6,56,4,20,answer_position,9.0,4.75,5.5,0.75,True,True,google/gemma-2-9b-it,11c9b309abf73637e4b6f9a3fa1e92e615547819
27,heldout,6,56,4,20,number_tokens,9.0,4.75,5.875,1.125,True,True,google/gemma-2-9b-it,11c9b309abf73637e4b6f9a3fa1e92e615547819
27,heldout,6,56,4,20,random_positions,9.0,4.75,6.375,1.625,True,True,google/gemma-2-9b-it,11c9b309abf73637e4b6f9a3fa1e92e615547819
27,heldout,6,56,4,21,answer_position,9.0,4.75,6.0,1.25,True,True,google/gemma-2-9b-it,11c9b309abf73637e4b6f9a3fa1e92e615547819
27,heldout,6,56,4,21,number_tokens,9.0,4.75,5.375,0.625,True,True,google/gemma-2-9b-it,11c9b309abf73637e4b6f9a3fa1e92e615547819
27,heldout,6,56,4,21,random_positions,9.0,4.75,6.5,1.75,True,True,google/gemma-2-9b-it,11c9b309abf73637e4b6f9a3fa1e92e615547819
27,heldout,6,56,4,22,answer_position,9.0,4.75,6.8125,2.0625,True,True,google/gemma-2-9b-it,11c9b309abf73637e4b6f9a3fa1e92e615547819
27,heldout,6,56,4,22,number_tokens,9.0,4.75,5.5,0.75,True,True,google/gemma-2-9b-it,11c9b309abf73637e4b6f9a3fa1e92e615547819
27,heldout,6,56,4,22,random_positions,9.0,4.75,6.375,1.625,True,True,google/gemma-2-9b-it,11c9b309abf73637e4b6f9a3fa1e92e615547819
27,heldout,6,56,4,23,answer_position,9.0,4.75,7.375,2.625,True,True,google/gemma-2-9b-it,11c9b309abf73637e4b6f9a3fa1e92e615547819
27,heldout,6,56,4,23,number_tokens,9.0,4.75,4.875,0.125,True,True,google/gemma-2-9b-it,11c9b309abf73637e4b6f9a3fa1e92e615547819
27,heldout,6,56,4,23,random_positions,9.0,4.75,5.625,0.875,True,True,google/gemma-2-9b-it,11c9b309abf73637e4b6f9a3fa1e92e615547819
27,heldout,6,56,4,24,answer_position,9.0,4.75,7.5,2.75,True,True,google/gemma-2-9b-it,11c9b309abf73637e4b6f9a3fa1e92e615547819
27,heldout,6,56,4,24,number_tokens,9.0,4.75,4.75,0.0,True,True,google/gemma-2-9b-it,11c9b309abf73637e4b6f9a3fa1e92e615547819
27,heldout,6,56,4,24,random_positions,9.0,4.75,5.375,0.625,True,True,google/gemma-2-9b-it,11c9b309abf73637e4b6f9a3fa1e92e615547819
27,heldout,6,56,4,25,answer_position,9.0,4.75,7.875,3.125,True,True,google/gemma-2-9b-it,11c9b309abf73637e4b6f9a3fa1e92e615547819
27,heldout,6,56,4,25,number_tokens,9.0,4.75,4.75,0.0,True,True,google/gemma-2-9b-it,11c9b309abf73637e4b6f9a3fa1e92e615547819
27,heldout,6,56,4,25,random_positions,9.0,4.75,5.125,0.375,True,True,google/gemma-2-9b-it,11c9b309abf73637e4b6f9a3fa1e92e615547819
27,heldout,6,56,4,26,answer_position,9.0,4.75,8.0625,3.3125,True,True,google/gemma-2-9b-it,11c9b309abf73637e4b6f9a3fa1e92e615547819
27,heldout,6,56,4,26,number_tokens,9.0,4.75,4.75,0.0,True,True,google/gemma-2-9b-it,11c9b309abf73637e4b6f9a3fa1e92e615547819
27,heldout,6,56,4,26,random_positions,9.0,4.75,4.5,-0.25,True,True,google/gemma-2-9b-it,11c9b309abf73637e4b6f9a3fa1e92e615547819
27,heldout,6,56,4,27,answer_position,9.0,4.75,8.0625,3.3125,True,True,google/gemma-2-9b-it,11c9b309abf73637e4b6f9a3fa1e92e615547819
27,heldout,6,56,4,27,number_tokens,9.0,4.75,4.75,0.0,True,True,google/gemma-2-9b-it,11c9b309abf73637e4b6f9a3fa1e92e615547819
27,heldout,6,56,4,27,random_positions,9.0,4.75,4.625,-0.125,True,True,google/gemma-2-9b-it,11c9b309abf73637e4b6f9a3fa1e92e615547819
27,heldout,6,56,4,28,answer_position,9.0,4.75,8.0625,3.3125,True,True,google/gemma-2-9b-it,11c9b309abf73637e4b6f9a3fa1e92e615547819
27,heldout,6,56,4,28,number_tokens,9.0,4.75,4.875,0.125,True,True,google/gemma-2-9b-it,11c9b309abf73637e4b6f9a3fa1e92e615547819
27,heldout,6,56,4,28,random_positions,9.0,4.75,4.75,0.0,True,True,google/gemma-2-9b-it,11c9b309abf73637e4b6f9a3fa1e92e615547819
27,heldout,6,56,4,29,answer_position,9.0,4.75,8.0625,3.3125,True,True,google/gemma-2-9b-it,11c9b309abf73637e4b6f9a3fa1e92e615547819
27,heldout,6,56,4,29,number_tokens,9.0,4.75,4.875,0.125,True,True,google/gemma-2-9b-it,11c9b309abf73637e4b6f9a3fa1e92e615547819
27,heldout,6,56,4,29,random_positions,9.0,4.75,4.75,0.0,True,True,google/gemma-2-9b-it,11c9b309abf73637e4b6f9a3fa1e92e615547819
27,heldout,6,56,4,30,answer_position,9.0,4.75,8.0625,3.3125,True,True,google/gemma-2-9b-it,11c9b309abf73637e4b6f9a3fa1e92e615547819
27,heldout,6,56,4,30,number_tokens,9.0,4.75,4.875,0.125,True,True,google/gemma-2-9b-it,11c9b309abf73637e4b6f9a3fa1e92e615547819
27,heldout,6,56,4,30,random_positions,9.0,4.75,4.75,0.0,True,True,google/gemma-2-9b-it,11c9b309abf73637e4b6f9a3fa1e92e615547819
27,heldout,6,56,4,31,answer_position,9.0,4.75,8.1875,3.4375,True,True,google/gemma-2-9b-it,11c9b309abf73637e4b6f9a3fa1e92e615547819
27,heldout,6,56,4,31,number_tokens,9.0,4.75,4.875,0.125,True,True,google/gemma-2-9b-it,11c9b309abf73637e4b6f9a3fa1e92e615547819
27,heldout,6,56,4,31,random_positions,9.0,4.75,4.75,0.0,True,True,google/gemma-2-9b-it,11c9b309abf73637e4b6f9a3fa1e92e615547819
27,heldout,6,56,4,32,answer_position,9.0,4.75,8.125,3.375,True,True,google/gemma-2-9b-it,11c9b309abf73637e4b6f9a3fa1e92e615547819
27,heldout,6,56,4,32,number_tokens,9.0,4.75,4.875,0.125,True,True,google/gemma-2-9b-it,11c9b309abf73637e4b6f9a3fa1e92e615547819
27,heldout,6,56,4,32,random_positions,9.0,4.75,4.875,0.125,True,True,google/gemma-2-9b-it,11c9b309abf73637e4b6f9a3fa1e92e615547819
27,heldout,6,56,4,33,answer_position,9.0,4.75,8.25,3.5,True,True,google/gemma-2-9b-it,11c9b309abf73637e4b6f9a3fa1e92e615547819
27,heldout,6,56,4,33,number_tokens,9.0,4.75,4.875,0.125,True,True,google/gemma-2-9b-it,11c9b309abf73637e4b6f9a3fa1e92e615547819
27,heldout,6,56,4,33,random_positions,9.0,4.75,4.75,0.0,True,True,google/gemma-2-9b-it,11c9b309abf73637e4b6f9a3fa1e92e615547819
27,heldout,6,56,4,34,answer_position,9.0,4.75,8.25,3.5,True,True,google/gemma-2-9b-it,11c9b309abf73637e4b6f9a3fa1e92e615547819
27,heldout,6,56,4,34,number_tokens,9.0,4.75,4.875,0.125,True,True,google/gemma-2-9b-it,11c9b309abf73637e4b6f9a3fa1e92e615547819
27,heldout,6,56,4,34,random_positions,9.0,4.75,4.875,0.125,True,True,google/gemma-2-9b-it,11c9b309abf73637e4b6f9a3fa1e92e615547819
27,heldout,6,56,4,35,answer_position,9.0,4.75,8.25,3.5,True,True,google/gemma-2-9b-it,11c9b309abf73637e4b6f9a3fa1e92e615547819
27,heldout,6,56,4,35,number_tokens,9.0,4.75,4.75,0.0,True,True,google/gemma-2-9b-it,11c9b309abf73637e4b6f9a3fa1e92e615547819
27,heldout,6,56,4,35,random_positions,9.0,4.75,4.875,0.125,True,True,google/gemma-2-9b-it,11c9b309abf73637e4b6f9a3fa1e92e615547819
27,heldout,6,56,4,36,answer_position,9.0,4.75,8.3125,3.5625,True,True,google/gemma-2-9b-it,11c9b309abf73637e4b6f9a3fa1e92e615547819
27,heldout,6,56,4,36,number_tokens,9.0,4.75,4.875,0.125,True,True,google/gemma-2-9b-it,11c9b309abf73637e4b6f9a3fa1e92e615547819
27,heldout,6,56,4,36,random_positions,9.0,4.75,4.875,0.125,True,True,google/gemma-2-9b-it,11c9b309abf73637e4b6f9a3fa1e92e615547819
27,heldout,6,56,4,37,answer_position,9.0,4.75,8.25,3.5,True,True,google/gemma-2-9b-it,11c9b309abf73637e4b6f9a3fa1e92e615547819
27,heldout,6,56,4,37,number_tokens,9.0,4.75,4.75,0.0,True,True,google/gemma-2-9b-it,11c9b309abf73637e4b6f9a3fa1e92e615547819
27,heldout,6,56,4,37,random_positions,9.0,4.75,4.875,0.125,True,True,google/gemma-2-9b-it,11c9b309abf73637e4b6f9a3fa1e92e615547819
27,heldout,6,56,4,38,answer_position,9.0,4.75,8.5,3.75,True,True,google/gemma-2-9b-it,11c9b309abf73637e4b6f9a3fa1e92e615547819
27,heldout,6,56,4,38,number_tokens,9.0,4.75,4.75,0.0,True,True,google/gemma-2-9b-it,11c9b309abf73637e4b6f9a3fa1e92e615547819
27,heldout,6,56,4,38,random_positions,9.0,4.75,4.875,0.125,True,True,google/gemma-2-9b-it,11c9b309abf73637e4b6f9a3fa1e92e615547819
27,heldout,6,56,4,39,answer_position,9.0,4.75,8.5625,3.8125,True,True,google/gemma-2-9b-it,11c9b309abf73637e4b6f9a3fa1e92e615547819
27,heldout,6,56,4,39,number_tokens,9.0,4.75,4.75,0.0,True,True,google/gemma-2-9b-it,11c9b309abf73637e4b6f9a3fa1e92e615547819
27,heldout,6,56,4,39,random_positions,9.0,4.75,4.875,0.125,True,True,google/gemma-2-9b-it,11c9b309abf73637e4b6f9a3fa1e92e615547819
27,heldout,6,56,4,40,answer_position,9.0,4.75,8.8125,4.0625,True,True,google/gemma-2-9b-it,11c9b309abf73637e4b6f9a3fa1e92e615547819
27,heldout,6,56,4,40,number_tokens,9.0,4.75,4.75,0.0,True,True,google/gemma-2-9b-it,11c9b309abf73637e4b6f9a3fa1e92e615547819
27,heldout,6,56,4,40,random_positions,9.0,4.75,4.875,0.125,True,True,google/gemma-2-9b-it,11c9b309abf73637e4b6f9a3fa1e92e615547819
27,heldout,6,56,4,41,answer_position,9.0,4.75,9.0,4.25,True,True,google/gemma-2-9b-it,11c9b309abf73637e4b6f9a3fa1e92e615547819
27,heldout,6,56,4,41,number_tokens,9.0,4.75,4.75,0.0,True,True,google/gemma-2-9b-it,11c9b309abf73637e4b6f9a3fa1e92e615547819
27,heldout,6,56,4,41,random_positions,9.0,4.75,4.75,0.0,True,True,google/gemma-2-9b-it,11c9b309abf73637e4b6f9a3fa1e92e615547819
28,heldout,6,57,2,0,answer_position,8.875,4.375,4.25,-0.125,True,True,google/gemma-2-9b-it,11c9b309abf73637e4b6f9a3fa1e92e615547819
28,heldout,6,57,2,0,number_tokens,8.875,4.375,4.375,0.0,True,True,google/gemma-2-9b-it,11c9b309abf73637e4b6f9a3fa1e92e615547819
28,heldout,6,57,2,0,random_positions,8.875,4.375,-5.125,-9.5,True,False,google/gemma-2-9b-it,11c9b309abf73637e4b6f9a3fa1e92e615547819
28,heldout,6,57,2,1,answer_position,8.875,4.375,4.25,-0.125,True,True,google/gemma-2-9b-it,11c9b309abf73637e4b6f9a3fa1e92e615547819
28,heldout,6,57,2,1,number_tokens,8.875,4.375,4.375,0.0,True,True,google/gemma-2-9b-it,11c9b309abf73637e4b6f9a3fa1e92e615547819
28,heldout,6,57,2,1,random_positions,8.875,4.375,-4.0,-8.375,True,False,google/gemma-2-9b-it,11c9b309abf73637e4b6f9a3fa1e92e615547819
28,heldout,6,57,2,2,answer_position,8.875,4.375,4.25,-0.125,True,True,google/gemma-2-9b-it,11c9b309abf73637e4b6f9a3fa1e92e615547819
28,heldout,6,57,2,2,number_tokens,8.875,4.375,4.375,0.0,True,True,google/gemma-2-9b-it,11c9b309abf73637e4b6f9a3fa1e92e615547819
28,heldout,6,57,2,2,random_positions,8.875,4.375,-3.375,-7.75,True,False,google/gemma-2-9b-it,11c9b309abf73637e4b6f9a3fa1e92e615547819
28,heldout,6,57,2,3,answer_position,8.875,4.375,4.25,-0.125,True,True,google/gemma-2-9b-it,11c9b309abf73637e4b6f9a3fa1e92e615547819
28,heldout,6,57,2,3,number_tokens,8.875,4.375,3.875,-0.5,True,True,google/gemma-2-9b-it,11c9b309abf73637e4b6f9a3fa1e92e615547819
28,heldout,6,57,2,3,random_positions,8.875,4.375,4.375,0.0,True,True,google/gemma-2-9b-it,11c9b309abf73637e4b6f9a3fa1e92e615547819
28,heldout,6,57,2,4,answer_position,8.875,4.375,4.25,-0.125,True,True,google/gemma-2-9b-it,11c9b309abf73637e4b6f9a3fa1e92e615547819
28,heldout,6,57,2,4,number_tokens,8.875,4.375,4.25,-0.125,True,True,google/gemma-2-9b-it,11c9b309abf73637e4b6f9a3fa1e92e615547819
28,heldout,6,57,2,4,random_positions,8.875,4.375,4.375,0.0,True,True,google/gemma-2-9b-it,11c9b309abf73637e4b6f9a3fa1e92e615547819
28,heldout,6,57,2,5,answer_position,8.875,4.375,4.25,-0.125,True,True,google/gemma-2-9b-it,11c9b309abf73637e4b6f9a3fa1e92e615547819
28,heldout,6,57,2,5,number_tokens,8.875,4.375,2.5,-1.875,True,True,google/gemma-2-9b-it,11c9b309abf73637e4b6f9a3fa1e92e615547819
28,heldout,6,57,2,5,random_positions,8.875,4.375,4.375,0.0,True,True,google/gemma-2-9b-it,11c9b309abf73637e4b6f9a3fa1e92e615547819
28,heldout,6,57,2,6,answer_position,8.875,4.375,4.25,-0.125,True,True,google/gemma-2-9b-it,11c9b309abf73637e4b6f9a3fa1e92e615547819
28,heldout,6,57,2,6,number_tokens,8.875,4.375,-1.25,-5.625,True,False,google/gemma-2-9b-it,11c9b309abf73637e4b6f9a3fa1e92e615547819
28,heldout,6,57,2,6,random_positions,8.875,4.375,5.125,0.75,True,True,google/gemma-2-9b-it,11c9b309abf73637e4b6f9a3fa1e92e615547819
28,heldout,6,57,2,7,answer_position,8.875,4.375,4.25,-0.125,True,True,google/gemma-2-9b-it,11c9b309abf73637e4b6f9a3fa1e92e615547819
28,heldout,6,57,2,7,number_tokens,8.875,4.375,3.375,-1.0,True,True,google/gemma-2-9b-it,11c9b309abf73637e4b6f9a3fa1e92e615547819
28,heldout,6,57,2,7,random_positions,8.875,4.375,4.875,0.5,True,True,google/gemma-2-9b-it,11c9b309abf73637e4b6f9a3fa1e92e615547819
28,heldout,6,57,2,8,answer_position,8.875,4.375,4.25,-0.125,True,True,google/gemma-2-9b-it,11c9b309abf73637e4b6f9a3fa1e92e615547819
28,heldout,6,57,2,8,number_tokens,8.875,4.375,4.125,-0.25,True,True,google/gemma-2-9b-it,11c9b309abf73637e4b6f9a3fa1e92e615547819
28,heldout,6,57,2,8,random_positions,8.875,4.375,5.0,0.625,True,True,google/gemma-2-9b-it,11c9b309abf73637e4b6f9a3fa1e92e615547819
28,heldout,6,57,2,9,answer_position,8.875,4.375,4.25,-0.125,True,True,google/gemma-2-9b-it,11c9b309abf73637e4b6f9a3fa1e92e615547819
28,heldout,6,57,2,9,number_tokens,8.875,4.375,6.125,1.75,True,True,google/gemma-2-9b-it,11c9b309abf73637e4b6f9a3fa1e92e615547819
28,heldout,6,57,2,9,random_positions,8.875,4.375,4.875,0.5,True,True,google/gemma-2-9b-it,11c9b309abf73637e4b6f9a3fa1e92e615547819
28,heldout,6,57,2,10,answer_position,8.875,4.375,4.25,-0.125,True,True,google/gemma-2-9b-it,11c9b309abf73637e4b6f9a3fa1e92e615547819
28,heldout,6,57,2,10,number_tokens,8.875,4.375,6.5,2.125,True,True,google/gemma-2-9b-it,11c9b309abf73637e4b6f9a3fa1e92e615547819
28,heldout,6,57,2,10,random_positions,8.875,4.375,5.25,0.875,True,True,google/gemma-2-9b-it,11c9b309abf73637e4b6f9a3fa1e92e615547819
28,heldout,6,57,2,11,answer_position,8.875,4.375,4.25,-0.125,True,True,google/gemma-2-9b-it,11c9b309abf73637e4b6f9a3fa1e92e615547819
28,heldout,6,57,2,11,number_tokens,8.875,4.375,3.25,-1.125,True,True,google/gemma-2-9b-it,11c9b309abf73637e4b6f9a3fa1e92e615547819
28,heldout,6,57,2,11,random_positions,8.875,4.375,5.25,0.875,True,True,google/gemma-2-9b-it,11c9b309abf73637e4b6f9a3fa1e92e615547819
28,heldout,6,57,2,12,answer_position,8.875,4.375,4.25,-0.125,True,True,google/gemma-2-9b-it,11c9b309abf73637e4b6f9a3fa1e92e615547819
28,heldout,6,57,2,12,number_tokens,8.875,4.375,-4.0,-8.375,True,False,google/gemma-2-9b-it,11c9b309abf73637e4b6f9a3fa1e92e615547819
28,heldout,6,57,2,12,random_positions,8.875,4.375,5.125,0.75,True,True,google/gemma-2-9b-it,11c9b309abf73637e4b6f9a3fa1e92e615547819
28,heldout,6,57,2,13,answer_position,8.875,4.375,4.25,-0.125,True,True,google/gemma-2-9b-it,11c9b309abf73637e4b6f9a3fa1e92e615547819
28,heldout,6,57,2,13,number_tokens,8.875,4.375,-4.25,-8.625,True,False,google/gemma-2-9b-it,11c9b309abf73637e4b6f9a3fa1e92e615547819
28,heldout,6,57,2,13,random_positions,8.875,4.375,4.875,0.5,True,True,google/gemma-2-9b-it,11c9b309abf73637e4b6f9a3fa1e92e615547819
28,heldout,6,57,2,14,answer_position,8.875,4.375,4.25,-0.125,True,True,google/gemma-2-9b-it,11c9b309abf73637e4b6f9a3fa1e92e615547819
28,heldout,6,57,2,14,number_tokens,8.875,4.375,-0.5,-4.875,True,False,google/gemma-2-9b-it,11c9b309abf73637e4b6f9a3fa1e92e615547819
28,heldout,6,57,2,14,random_positions,8.875,4.375,5.25,0.875,True,True,google/gemma-2-9b-it,11c9b309abf73637e4b6f9a3fa1e92e615547819
28,heldout,6,57,2,15,answer_position,8.875,4.375,4.375,0.0,True,True,google/gemma-2-9b-it,11c9b309abf73637e4b6f9a3fa1e92e615547819
28,heldout,6,57,2,15,number_tokens,8.875,4.375,4.875,0.5,True,True,google/gemma-2-9b-it,11c9b309abf73637e4b6f9a3fa1e92e615547819
28,heldout,6,57,2,15,random_positions,8.875,4.375,4.625,0.25,True,True,google/gemma-2-9b-it,11c9b309abf73637e4b6f9a3fa1e92e615547819
28,heldout,6,57,2,16,answer_position,8.875,4.375,4.375,0.0,True,True,google/gemma-2-9b-it,11c9b309abf73637e4b6f9a3fa1e92e615547819
28,heldout,6,57,2,16,number_tokens,8.875,4.375,6.6875,2.3125,True,True,google/gemma-2-9b-it,11c9b309abf73637e4b6f9a3fa1e92e615547819
28,heldout,6,57,2,16,random_positions,8.875,4.375,5.0,0.625,True,True,google/gemma-2-9b-it,11c9b309abf73637e4b6f9a3fa1e92e615547819
28,heldout,6,57,2,17,answer_position,8.875,4.375,4.25,-0.125,True,True,google/gemma-2-9b-it,11c9b309abf73637e4b6f9a3fa1e92e615547819
28,heldout,6,57,2,17,number_tokens,8.875,4.375,6.9375,2.5625,True,True,google/gemma-2-9b-it,11c9b309abf73637e4b6f9a3fa1e92e615547819
28,heldout,6,57,2,17,random_positions,8.875,4.375,5.25,0.875,True,True,google/gemma-2-9b-it,11c9b309abf73637e4b6f9a3fa1e92e615547819
28,heldout,6,57,2,18,answer_position,8.875,4.375,4.25,-0.125,True,True,google/gemma-2-9b-it,11c9b309abf73637e4b6f9a3fa1e92e615547819
28,heldout,6,57,2,18,number_tokens,8.875,4.375,5.625,1.25,True,True,google/gemma-2-9b-it,11c9b309abf73637e4b6f9a3fa1e92e615547819
28,heldout,6,57,2,18,random_positions,8.875,4.375,5.0,0.625,True,True,google/gemma-2-9b-it,11c9b309abf73637e4b6f9a3fa1e92e615547819
28,heldout,6,57,2,19,answer_position,8.875,4.375,4.25,-0.125,True,True,google/gemma-2-9b-it,11c9b309abf73637e4b6f9a3fa1e92e615547819
28,heldout,6,57,2,19,number_tokens,8.875,4.375,6.375,2.0,True,True,google/gemma-2-9b-it,11c9b309abf73637e4b6f9a3fa1e92e615547819
28,heldout,6,57,2,19,random_positions,8.875,4.375,5.0,0.625,True,True,google/gemma-2-9b-it,11c9b309abf73637e4b6f9a3fa1e92e615547819
28,heldout,6,57,2,20,answer_position,8.875,4.375,4.625,0.25,True,True,google/gemma-2-9b-it,11c9b309abf73637e4b6f9a3fa1e92e615547819
28,heldout,6,57,2,20,number_tokens,8.875,4.375,5.125,0.75,True,True,google/gemma-2-9b-it,11c9b309abf73637e4b6f9a3fa1e92e615547819
28,heldout,6,57,2,20,random_positions,8.875,4.375,4.5,0.125,True,True,google/gemma-2-9b-it,11c9b309abf73637e4b6f9a3fa1e92e615547819
28,heldout,6,57,2,21,answer_position,8.875,4.375,5.5,1.125,True,True,google/gemma-2-9b-it,11c9b309abf73637e4b6f9a3fa1e92e615547819
28,heldout,6,57,2,21,number_tokens,8.875,4.375,4.5,0.125,True,True,google/gemma-2-9b-it,11c9b309abf73637e4b6f9a3fa1e92e615547819
28,heldout,6,57,2,21,random_positions,8.875,4.375,5.125,0.75,True,True,google/gemma-2-9b-it,11c9b309abf73637e4b6f9a3fa1e92e615547819
28,heldout,6,57,2,22,answer_position,8.875,4.375,6.25,1.875,True,True,google/gemma-2-9b-it,11c9b309abf73637e4b6f9a3fa1e92e615547819
28,heldout,6,57,2,22,number_tokens,8.875,4.375,4.75,0.375,True,True,google/gemma-2-9b-it,11c9b309abf73637e4b6f9a3fa1e92e615547819
28,heldout,6,57,2,22,random_positions,8.875,4.375,4.625,0.25,True,True,google/gemma-2-9b-it,11c9b309abf73637e4b6f9a3fa1e92e615547819
28,heldout,6,57,2,23,answer_position,8.875,4.375,6.9375,2.5625,True,True,google/gemma-2-9b-it,11c9b309abf73637e4b6f9a3fa1e92e615547819
28,heldout,6,57,2,23,number_tokens,8.875,4.375,4.25,-0.125,True,True,google/gemma-2-9b-it,11c9b309abf73637e4b6f9a3fa1e92e615547819
28,heldout,6,57,2,23,random_positions,8.875,4.375,4.375,0.0,True,True,google/gemma-2-9b-it,11c9b309abf73637e4b6f9a3fa1e92e615547819
28,heldout,6,57,2,24,answer_position,8.875,4.375,7.125,2.75,True,True,google/gemma-2-9b-it,11c9b309abf73637e4b6f9a3fa1e92e615547819
28,heldout,6,57,2,24,number_tokens,8.875,4.375,4.25,-0.125,True,True,google/gemma-2-9b-it,11c9b309abf73637e4b6f9a3fa1e92e615547819
28,heldout,6,57,2,24,random_positions,8.875,4.375,4.375,0.0,True,True,google/gemma-2-9b-it,11c9b309abf73637e4b6f9a3fa1e92e615547819
28,heldout,6,57,2,25,answer_position,8.875,4.375,7.625,3.25,True,True,google/gemma-2-9b-it,11c9b309abf73637e4b6f9a3fa1e92e615547819
28,heldout,6,57,2,25,number_tokens,8.875,4.375,4.375,0.0,True,True,google/gemma-2-9b-it,11c9b309abf73637e4b6f9a3fa1e92e615547819
28,heldout,6,57,2,25,random_positions,8.875,4.375,4.375,0.0,True,True,google/gemma-2-9b-it,11c9b309abf73637e4b6f9a3fa1e92e615547819
28,heldout,6,57,2,26,answer_position,8.875,4.375,7.8125,3.4375,True,True,google/gemma-2-9b-it,11c9b309abf73637e4b6f9a3fa1e92e615547819
28,heldout,6,57,2,26,number_tokens,8.875,4.375,4.25,-0.125,True,True,google/gemma-2-9b-it,11c9b309abf73637e4b6f9a3fa1e92e615547819
28,heldout,6,57,2,26,random_positions,8.875,4.375,4.375,0.0,True,True,google/gemma-2-9b-it,11c9b309abf73637e4b6f9a3fa1e92e615547819
28,heldout,6,57,2,27,answer_position,8.875,4.375,8.0,3.625,True,True,google/gemma-2-9b-it,11c9b309abf73637e4b6f9a3fa1e92e615547819
28,heldout,6,57,2,27,number_tokens,8.875,4.375,4.25,-0.125,True,True,google/gemma-2-9b-it,11c9b309abf73637e4b6f9a3fa1e92e615547819
28,heldout,6,57,2,27,random_positions,8.875,4.375,4.375,0.0,True,True,google/gemma-2-9b-it,11c9b309abf73637e4b6f9a3fa1e92e615547819
28,heldout,6,57,2,28,answer_position,8.875,4.375,7.75,3.375,True,True,google/gemma-2-9b-it,11c9b309abf73637e4b6f9a3fa1e92e615547819
28,heldout,6,57,2,28,number_tokens,8.875,4.375,4.375,0.0,True,True,google/gemma-2-9b-it,11c9b309abf73637e4b6f9a3fa1e92e615547819
28,heldout,6,57,2,28,random_positions,8.875,4.375,4.375,0.0,True,True,google/gemma-2-9b-it,11c9b309abf73637e4b6f9a3fa1e92e615547819
28,heldout,6,57,2,29,answer_position,8.875,4.375,7.875,3.5,True,True,google/gemma-2-9b-it,11c9b309abf73637e4b6f9a3fa1e92e615547819
28,heldout,6,57,2,29,number_tokens,8.875,4.375,4.375,0.0,True,True,google/gemma-2-9b-it,11c9b309abf73637e4b6f9a3fa1e92e615547819
28,heldout,6,57,2,29,random_positions,8.875,4.375,4.375,0.0,True,True,google/gemma-2-9b-it,11c9b309abf73637e4b6f9a3fa1e92e615547819
28,heldout,6,57,2,30,answer_position,8.875,4.375,7.9375,3.5625,True,True,google/gemma-2-9b-it,11c9b309abf73637e4b6f9a3fa1e92e615547819
28,heldout,6,57,2,30,number_tokens,8.875,4.375,4.5,0.125,True,True,google/gemma-2-9b-it,11c9b309abf73637e4b6f9a3fa1e92e615547819
28,heldout,6,57,2,30,random_positions,8.875,4.375,4.375,0.0,True,True,google/gemma-2-9b-it,11c9b309abf73637e4b6f9a3fa1e92e615547819
28,heldout,6,57,2,31,answer_position,8.875,4.375,8.0,3.625,True,True,google/gemma-2-9b-it,11c9b309abf73637e4b6f9a3fa1e92e615547819
28,heldout,6,57,2,31,number_tokens,8.875,4.375,4.375,0.0,True,True,google/gemma-2-9b-it,11c9b309abf73637e4b6f9a3fa1e92e615547819
28,heldout,6,57,2,31,random_positions,8.875,4.375,4.375,0.0,True,True,google/gemma-2-9b-it,11c9b309abf73637e4b6f9a3fa1e92e615547819
28,heldout,6,57,2,32,answer_position,8.875,4.375,8.0,3.625,True,True,google/gemma-2-9b-it,11c9b309abf73637e4b6f9a3fa1e92e615547819
28,heldout,6,57,2,32,number_tokens,8.875,4.375,4.375,0.0,True,True,google/gemma-2-9b-it,11c9b309abf73637e4b6f9a3fa1e92e615547819
28,heldout,6,57,2,32,random_positions,8.875,4.375,4.375,0.0,True,True,google/gemma-2-9b-it,11c9b309abf73637e4b6f9a3fa1e92e615547819
28,heldout,6,57,2,33,answer_position,8.875,4.375,8.0,3.625,True,True,google/gemma-2-9b-it,11c9b309abf73637e4b6f9a3fa1e92e615547819
28,heldout,6,57,2,33,number_tokens,8.875,4.375,4.375,0.0,True,True,google/gemma-2-9b-it,11c9b309abf73637e4b6f9a3fa1e92e615547819
28,heldout,6,57,2,33,random_positions,8.875,4.375,4.375,0.0,True,True,google/gemma-2-9b-it,11c9b309abf73637e4b6f9a3fa1e92e615547819
28,heldout,6,57,2,34,answer_position,8.875,4.375,8.0,3.625,True,True,google/gemma-2-9b-it,11c9b309abf73637e4b6f9a3fa1e92e615547819
28,heldout,6,57,2,34,number_tokens,8.875,4.375,4.375,0.0,True,True,google/gemma-2-9b-it,11c9b309abf73637e4b6f9a3fa1e92e615547819
28,heldout,6,57,2,34,random_positions,8.875,4.375,4.375,0.0,True,True,google/gemma-2-9b-it,11c9b309abf73637e4b6f9a3fa1e92e615547819
28,heldout,6,57,2,35,answer_position,8.875,4.375,8.0,3.625,True,True,google/gemma-2-9b-it,11c9b309abf73637e4b6f9a3fa1e92e615547819
28,heldout,6,57,2,35,number_tokens,8.875,4.375,4.375,0.0,True,True,google/gemma-2-9b-it,11c9b309abf73637e4b6f9a3fa1e92e615547819
28,heldout,6,57,2,35,random_positions,8.875,4.375,4.375,0.0,True,True,google/gemma-2-9b-it,11c9b309abf73637e4b6f9a3fa1e92e615547819
28,heldout,6,57,2,36,answer_position,8.875,4.375,8.125,3.75,True,True,google/gemma-2-9b-it,11c9b309abf73637e4b6f9a3fa1e92e615547819
28,heldout,6,57,2,36,number_tokens,8.875,4.375,4.375,0.0,True,True,google/gemma-2-9b-it,11c9b309abf73637e4b6f9a3fa1e92e615547819
28,heldout,6,57,2,36,random_positions,8.875,4.375,4.375,0.0,True,True,google/gemma-2-9b-it,11c9b309abf73637e4b6f9a3fa1e92e615547819
28,heldout,6,57,2,37,answer_position,8.875,4.375,8.125,3.75,True,True,google/gemma-2-9b-it,11c9b309abf73637e4b6f9a3fa1e92e615547819
28,heldout,6,57,2,37,number_tokens,8.875,4.375,4.375,0.0,True,True,google/gemma-2-9b-it,11c9b309abf73637e4b6f9a3fa1e92e615547819
28,heldout,6,57,2,37,random_positions,8.875,4.375,4.375,0.0,True,True,google/gemma-2-9b-it,11c9b309abf73637e4b6f9a3fa1e92e615547819
28,heldout,6,57,2,38,answer_position,8.875,4.375,8.3125,3.9375,True,True,google/gemma-2-9b-it,11c9b309abf73637e4b6f9a3fa1e92e615547819
28,heldout,6,57,2,38,number_tokens,8.875,4.375,4.375,0.0,True,True,google/gemma-2-9b-it,11c9b309abf73637e4b6f9a3fa1e92e615547819
28,heldout,6,57,2,38,random_positions,8.875,4.375,4.375,0.0,True,True,google/gemma-2-9b-it,11c9b309abf73637e4b6f9a3fa1e92e615547819
28,heldout,6,57,2,39,answer_position,8.875,4.375,8.5,4.125,True,True,google/gemma-2-9b-it,11c9b309abf73637e4b6f9a3fa1e92e615547819
28,heldout,6,57,2,39,number_tokens,8.875,4.375,4.25,-0.125,True,True,google/gemma-2-9b-it,11c9b309abf73637e4b6f9a3fa1e92e615547819
28,heldout,6,57,2,39,random_positions,8.875,4.375,4.375,0.0,True,True,google/gemma-2-9b-it,11c9b309abf73637e4b6f9a3fa1e92e615547819
28,heldout,6,57,2,40,answer_position,8.875,4.375,8.6875,4.3125,True,True,google/gemma-2-9b-it,11c9b309abf73637e4b6f9a3fa1e92e615547819
28,heldout,6,57,2,40,number_tokens,8.875,4.375,4.375,0.0,True,True,google/gemma-2-9b-it,11c9b309abf73637e4b6f9a3fa1e92e615547819
28,heldout,6,57,2,40,random_positions,8.875,4.375,4.375,0.0,True,True,google/gemma-2-9b-it,11c9b309abf73637e4b6f9a3fa1e92e615547819
28,heldout,6,57,2,41,answer_position,8.875,4.375,8.875,4.5,True,True,google/gemma-2-9b-it,11c9b309abf73637e4b6f9a3fa1e92e615547819
28,heldout,6,57,2,41,number_tokens,8.875,4.375,4.375,0.0,True,True,google/gemma-2-9b-it,11c9b309abf73637e4b6f9a3fa1e92e615547819
28,heldout,6,57,2,41,random_positions,8.875,4.375,4.375,0.0,True,True,google/gemma-2-9b-it,11c9b309abf73637e4b6f9a3fa1e92e615547819
29,heldout,6,58,3,0,answer_position,9.0625,5.75,5.75,0.0,True,True,google/gemma-2-9b-it,11c9b309abf73637e4b6f9a3fa1e92e615547819
29,heldout,6,58,3,0,number_tokens,9.0625,5.75,6.0,0.25,True,True,google/gemma-2-9b-it,11c9b309abf73637e4b6f9a3fa1e92e615547819
29,heldout,6,58,3,0,random_positions,9.0625,5.75,5.75,0.0,True,True,google/gemma-2-9b-it,11c9b309abf73637e4b6f9a3fa1e92e615547819
29,heldout,6,58,3,1,answer_position,9.0625,5.75,5.625,-0.125,True,True,google/gemma-2-9b-it,11c9b309abf73637e4b6f9a3fa1e92e615547819
29,heldout,6,58,3,1,number_tokens,9.0625,5.75,6.125,0.375,True,True,google/gemma-2-9b-it,11c9b309abf73637e4b6f9a3fa1e92e615547819
29,heldout,6,58,3,1,random_positions,9.0625,5.75,5.75,0.0,True,True,google/gemma-2-9b-it,11c9b309abf73637e4b6f9a3fa1e92e615547819
29,heldout,6,58,3,2,answer_position,9.0625,5.75,5.625,-0.125,True,True,google/gemma-2-9b-it,11c9b309abf73637e4b6f9a3fa1e92e615547819
29,heldout,6,58,3,2,number_tokens,9.0625,5.75,6.125,0.375,True,True,google/gemma-2-9b-it,11c9b309abf73637e4b6f9a3fa1e92e615547819
29,heldout,6,58,3,2,random_positions,9.0625,5.75,5.625,-0.125,True,True,google/gemma-2-9b-it,11c9b309abf73637e4b6f9a3fa1e92e615547819
29,heldout,6,58,3,3,answer_position,9.0625,5.75,5.75,0.0,True,True,google/gemma-2-9b-it,11c9b309abf73637e4b6f9a3fa1e92e615547819
29,heldout,6,58,3,3,number_tokens,9.0625,5.75,6.5,0.75,True,True,google/gemma-2-9b-it,11c9b309abf73637e4b6f9a3fa1e92e615547819
29,heldout,6,58,3,3,random_positions,9.0625,5.75,5.125,-0.625,True,True,google/gemma-2-9b-it,11c9b309abf73637e4b6f9a3fa1e92e615547819
29,heldout,6,58,3,4,answer_position,9.0625,5.75,5.75,0.0,True,True,google/gemma-2-9b-it,11c9b309abf73637e4b6f9a3fa1e92e615547819
29,heldout,6,58,3,4,number_tokens,9.0625,5.75,6.5625,0.8125,True,True,google/gemma-2-9b-it,11c9b309abf73637e4b6f9a3fa1e92e615547819
29,heldout,6,58,3,4,random_positions,9.0625,5.75,4.875,-0.875,True,True,google/gemma-2-9b-it,11c9b309abf73637e4b6f9a3fa1e92e615547819
29,heldout,6,58,3,5,answer_position,9.0625,5.75,5.75,0.0,True,True,google/gemma-2-9b-it,11c9b309abf73637e4b6f9a3fa1e92e615547819
29,heldout,6,58,3,5,number_tokens,9.0625,5.75,7.125,1.375,True,True,google/gemma-2-9b-it,11c9b309abf73637e4b6f9a3fa1e92e615547819
29,heldout,6,58,3,5,random_positions,9.0625,5.75,4.875,-0.875,True,True,google/gemma-2-9b-it,11c9b309abf73637e4b6f9a3fa1e92e615547819
29,heldout,6,58,3,6,answer_position,9.0625,5.75,5.75,0.0,True,True,google/gemma-2-9b-it,11c9b309abf73637e4b6f9a3fa1e92e615547819
29,heldout,6,58,3,6,number_tokens,9.0625,5.75,6.0,0.25,True,True,google/gemma-2-9b-it,11c9b309abf73637e4b6f9a3fa1e92e615547819
29,heldout,6,58,3,6,random_positions,9.0625,5.75,4.75,-1.0,True,True,google/gemma-2-9b-it,11c9b309abf73637e4b6f9a3fa1e92e615547819
29,heldout,6,58,3,7,answer_position,9.0625,5.75,5.625,-0.125,True,True,google/gemma-2-9b-it,11c9b309abf73637e4b6f9a3fa1e92e615547819
29,heldout,6,58,3,7,number_tokens,9.0625,5.75,6.625,0.875,True,True,google/gemma-2-9b-it,11c9b309abf73637e4b6f9a3fa1e92e615547819
29,heldout,6,58,3,7,random_positions,9.0625,5.75,4.5,-1.25,True,True,google/gemma-2-9b-it,11c9b309abf73637e4b6f9a3fa1e92e615547819
29,heldout,6,58,3,8,answer_position,9.0625,5.75,5.75,0.0,True,True,google/gemma-2-9b-it,11c9b309abf73637e4b6f9a3fa1e92e615547819
29,heldout,6,58,3,8,number_tokens,9.0625,5.75,6.625,0.875,True,True,google/gemma-2-9b-it,11c9b309abf73637e4b6f9a3fa1e92e615547819
29,heldout,6,58,3,8,random_positions,9.0625,5.75,5.375,-0.375,True,True,google/gemma-2-9b-it,11c9b309abf73637e4b6f9a3fa1e92e615547819
29,heldout,6,58,3,9,answer_position,9.0625,5.75,5.75,0.0,True,True,google/gemma-2-9b-it,11c9b309abf73637e4b6f9a3fa1e92e615547819
29,heldout,6,58,3,9,number_tokens,9.0625,5.75,6.125,0.375,True,True,google/gemma-2-9b-it,11c9b309abf73637e4b6f9a3fa1e92e615547819
29,heldout,6,58,3,9,random_positions,9.0625,5.75,5.25,-0.5,True,True,google/gemma-2-9b-it,11c9b309abf73637e4b6f9a3fa1e92e615547819
29,heldout,6,58,3,10,answer_position,9.0625,5.75,5.75,0.0,True,True,google/gemma-2-9b-it,11c9b309abf73637e4b6f9a3fa1e92e615547819
29,heldout,6,58,3,10,number_tokens,9.0625,5.75,7.5,1.75,True,True,google/gemma-2-9b-it,11c9b309abf73637e4b6f9a3fa1e92e615547819
29,heldout,6,58,3,10,random_positions,9.0625,5.75,7.125,1.375,True,True,google/gemma-2-9b-it,11c9b309abf73637e4b6f9a3fa1e92e615547819
29,heldout,6,58,3,11,answer_position,9.0625,5.75,5.75,0.0,True,True,google/gemma-2-9b-it,11c9b309abf73637e4b6f9a3fa1e92e615547819
29,heldout,6,58,3,11,number_tokens,9.0625,5.75,1.25,-4.5,True,True,google/gemma-2-9b-it,11c9b309abf73637e4b6f9a3fa1e92e615547819
29,heldout,6,58,3,11,random_positions,9.0625,5.75,7.625,1.875,True,True,google/gemma-2-9b-it,11c9b309abf73637e4b6f9a3fa1e92e615547819
29,heldout,6,58,3,12,answer_position,9.0625,5.75,5.625,-0.125,True,True,google/gemma-2-9b-it,11c9b309abf73637e4b6f9a3fa1e92e615547819
29,heldout,6,58,3,12,number_tokens,9.0625,5.75,-1.25,-7.0,True,False,google/gemma-2-9b-it,11c9b309abf73637e4b6f9a3fa1e92e615547819
29,heldout,6,58,3,12,random_positions,9.0625,5.75,7.625,1.875,True,True,google/gemma-2-9b-it,11c9b309abf73637e4b6f9a3fa1e92e615547819
29,heldout,6,58,3,13,answer_position,9.0625,5.75,5.75,0.0,True,True,google/gemma-2-9b-it,11c9b309abf73637e4b6f9a3fa1e92e615547819
29,heldout,6,58,3,13,number_tokens,9.0625,5.75,-2.625,-8.375,True,False,google/gemma-2-9b-it,11c9b309abf73637e4b6f9a3fa1e92e615547819
29,heldout,6,58,3,13,random_positions,9.0625,5.75,8.3125,2.5625,True,True,google/gemma-2-9b-it,11c9b309abf73637e4b6f9a3fa1e92e615547819
29,heldout,6,58,3,14,answer_position,9.0625,5.75,5.75,0.0,True,True,google/gemma-2-9b-it,11c9b309abf73637e4b6f9a3fa1e92e615547819
29,heldout,6,58,3,14,number_tokens,9.0625,5.75,1.625,-4.125,True,True,google/gemma-2-9b-it,11c9b309abf73637e4b6f9a3fa1e92e615547819
29,heldout,6,58,3,14,random_positions,9.0625,5.75,8.75,3.0,True,True,google/gemma-2-9b-it,11c9b309abf73637e4b6f9a3fa1e92e615547819
29,heldout,6,58,3,15,answer_position,9.0625,5.75,5.75,0.0,True,True,google/gemma-2-9b-it,11c9b309abf73637e4b6f9a3fa1e92e615547819
29,heldout,6,58,3,15,number_tokens,9.0625,5.75,5.625,-0.125,True,True,google/gemma-2-9b-it,11c9b309abf73637e4b6f9a3fa1e92e615547819
29,heldout,6,58,3,15,random_positions,9.0625,5.75,8.5,2.75,True,True,google/gemma-2-9b-it,11c9b309abf73637e4b6f9a3fa1e92e615547819
29,heldout,6,58,3,16,answer_position,9.0625,5.75,5.75,0.0,True,True,google/gemma-2-9b-it,11c9b309abf73637e4b6f9a3fa1e92e615547819
29,heldout,6,58,3,16,number_tokens,9.0625,5.75,6.8125,1.0625,True,True,google/gemma-2-9b-it,11c9b309abf73637e4b6f9a3fa1e92e615547819
29,heldout,6,58,3,16,random_positions,9.0625,5.75,8.4375,2.6875,True,True,google/gemma-2-9b-it,11c9b309abf73637e4b6f9a3fa1e92e615547819
29,heldout,6,58,3,17,answer_position,9.0625,5.75,5.75,0.0,True,True,google/gemma-2-9b-it,11c9b309abf73637e4b6f9a3fa1e92e615547819
29,heldout,6,58,3,17,number_tokens,9.0625,5.75,7.125,1.375,True,True,google/gemma-2-9b-it,11c9b309abf73637e4b6f9a3fa1e92e615547819
29,heldout,6,58,3,17,random_positions,9.0625,5.75,7.6875,1.9375,True,True,google/gemma-2-9b-it,11c9b309abf73637e4b6f9a3fa1e92e615547819
29,heldout,6,58,3,18,answer_position,9.0625,5.75,5.75,0.0,True,True,google/gemma-2-9b-it,11c9b309abf73637e4b6f9a3fa1e92e615547819
29,heldout,6,58,3,18,number_tokens,9.0625,5.75,6.375,0.625,True,True,google/gemma-2-9b-it,11c9b309abf73637e4b6f9a3fa1e92e615547819
29,heldout,6,58,3,18,random_positions,9.0625,5.75,7.875,2.125,True,True,google/gemma-2-9b-it,11c9b309abf73637e4b6f9a3fa1e92e615547819
29,heldout,6,58,3,19,answer_position,9.0625,5.75,5.875,0.125,True,True,google/gemma-2-9b-it,11c9b309abf73637e4b6f9a3fa1e92e615547819
29,heldout,6,58,3,19,number_tokens,9.0625,5.75,7.25,1.5,True,True,google/gemma-2-9b-it,11c9b309abf73637e4b6f9a3fa1e92e615547819
29,heldout,6,58,3,19,random_positions,9.0625,5.75,8.0,2.25,True,True,google/gemma-2-9b-it,11c9b309abf73637e4b6f9a3fa1e92e615547819
29,heldout,6,58,3,20,answer_position,9.0625,5.75,6.125,0.375,True,True,google/gemma-2-9b-it,11c9b309abf73637e4b6f9a3fa1e92e615547819
29,heldout,6,58,3,20,number_tokens,9.0625,5.75,6.25,0.5,True,True,google/gemma-2-9b-it,11c9b309abf73637e4b6f9a3fa1e92e615547819
29,heldout,6,58,3,20,random_positions,9.0625,5.75,8.1875,2.4375,True,True,google/gemma-2-9b-it,11c9b309abf73637e4b6f9a3fa1e92e615547819
29,heldout,6,58,3,21,answer_position,9.0625,5.75,6.6875,0.9375,True,True,google/gemma-2-9b-it,11c9b309abf73637e4b6f9a3fa1e92e615547819
29,heldout,6,58,3,21,number_tokens,9.0625,5.75,6.0,0.25,True,True,google/gemma-2-9b-it,11c9b309abf73637e4b6f9a3fa1e92e615547819
29,heldout,6,58,3,21,random_positions,9.0625,5.75,7.375,1.625,True,True,google/gemma-2-9b-it,11c9b309abf73637e4b6f9a3fa1e92e615547819
29,heldout,6,58,3,22,answer_position,9.0625,5.75,7.0,1.25,True,True,google/gemma-2-9b-it,11c9b309abf73637e4b6f9a3fa1e92e615547819
29,heldout,6,58,3,22,number_tokens,9.0625,5.75,6.25,0.5,True,True,google/gemma-2-9b-it,11c9b309abf73637e4b6f9a3fa1e92e615547819
29,heldout,6,58,3,22,random_positions,9.0625,5.75,7.0,1.25,True,True,google/gemma-2-9b-it,11c9b309abf73637e4b6f9a3fa1e92e615547819
29,heldout,6,58,3,23,answer_position,9.0625,5.75,7.625,1.875,True,True,google/gemma-2-9b-it,11c9b309abf73637e4b6f9a3fa1e92e615547819
29,heldout,6,58,3,23,number_tokens,9.0625,5.75,5.625,-0.125,True,True,google/gemma-2-9b-it,11c9b309abf73637e4b6f9a3fa1e92e615547819
29,heldout,6,58,3,23,random_positions,9.0625,5.75,5.875,0.125,True,True,google/gemma-2-9b-it,11c9b309abf73637e4b6f9a3fa1e92e615547819
29,heldout,6,58,3,24,answer_position,9.0625,5.75,7.8125,2.0625,True,True,google/gemma-2-9b-it,11c9b309abf73637e4b6f9a3fa1e92e615547819
29,heldout,6,58,3,24,number_tokens,9.0625,5.75,5.75,0.0,True,True,google/gemma-2-9b-it,11c9b309abf73637e4b6f9a3fa1e92e615547819
29,heldout,6,58,3,24,random_positions,9.0625,5.75,5.875,0.125,True,True,google/gemma-2-9b-it,11c9b309abf73637e4b6f9a3fa1e92e615547819
29,heldout,6,58,3,25,answer_position,9.0625,5.75,8.125,2.375,True,True,google/gemma-2-9b-it,11c9b309abf73637e4b6f9a3fa1e92e615547819
29,heldout,6,58,3,25,number_tokens,9.0625,5.75,5.75,0.0,True,True,google/gemma-2-9b-it,11c9b309abf73637e4b6f9a3fa1e92e615547819
29,heldout,6,58,3,25,random_positions,9.0625,5.75,6.125,0.375,True,True,google/gemma-2-9b-it,11c9b309abf73637e4b6f9a3fa1e92e615547819
29,heldout,6,58,3,26,answer_position,9.0625,5.75,8.3125,2.5625,True,True,google/gemma-2-9b-it,11c9b309abf73637e4b6f9a3fa1e92e615547819
29,heldout,6,58,3,26,number_tokens,9.0625,5.75,5.625,-0.125,True,True,google/gemma-2-9b-it,11c9b309abf73637e4b6f9a3fa1e92e615547819
29,heldout,6,58,3,26,random_positions,9.0625,5.75,6.125,0.375,True,True,google/gemma-2-9b-it,11c9b309abf73637e4b6f9a3fa1e92e615547819
29,heldout,6,58,3,27,answer_position,9.0625,5.75,8.25,2.5,True,True,google/gemma-2-9b-it,11c9b309abf73637e4b6f9a3fa1e92e615547819
29,heldout,6,58,3,27,number_tokens,9.0625,5.75,5.625,-0.125,True,True,google/gemma-2-9b-it,11c9b309abf73637e4b6f9a3fa1e92e615547819
29,heldout,6,58,3,27,random_positions,9.0625,5.75,6.25,0.5,True,True,google/gemma-2-9b-it,11c9b309abf73637e4b6f9a3fa1e92e615547819
29,heldout,6,58,3,28,answer_position,9.0625,5.75,8.125,2.375,True,True,google/gemma-2-9b-it,11c9b309abf73637e4b6f9a3fa1e92e615547819
29,heldout,6,58,3,28,number_tokens,9.0625,5.75,5.75,0.0,True,True,google/gemma-2-9b-it,11c9b309abf73637e4b6f9a3fa1e92e615547819
29,heldout,6,58,3,28,random_positions,9.0625,5.75,6.25,0.5,True,True,google/gemma-2-9b-it,11c9b309abf73637e4b6f9a3fa1e92e615547819
29,heldout,6,58,3,29,answer_position,9.0625,5.75,8.25,2.5,True,True,google/gemma-2-9b-it,11c9b309abf73637e4b6f9a3fa1e92e615547819
29,heldout,6,58,3,29,number_tokens,9.0625,5.75,5.875,0.125,True,True,google/gemma-2-9b-it,11c9b309abf73637e4b6f9a3fa1e92e615547819
29,heldout,6,58,3,29,random_positions,9.0625,5.75,6.25,0.5,True,True,google/gemma-2-9b-it,11c9b309abf73637e4b6f9a3fa1e92e615547819
29,heldout,6,58,3,30,answer_position,9.0625,5.75,8.3125,2.5625,True,True,google/gemma-2-9b-it,11c9b309abf73637e4b6f9a3fa1e92e615547819
29,heldout,6,58,3,30,number_tokens,9.0625,5.75,5.75,0.0,True,True,google/gemma-2-9b-it,11c9b309abf73637e4b6f9a3fa1e92e615547819
29,heldout,6,58,3,30,random_positions,9.0625,5.75,6.0,0.25,True,True,google/gemma-2-9b-it,11c9b309abf73637e4b6f9a3fa1e92e615547819
29,heldout,6,58,3,31,answer_position,9.0625,5.75,8.4375,2.6875,True,True,google/gemma-2-9b-it,11c9b309abf73637e4b6f9a3fa1e92e615547819
29,heldout,6,58,3,31,number_tokens,9.0625,5.75,5.75,0.0,True,True,google/gemma-2-9b-it,11c9b309abf73637e4b6f9a3fa1e92e615547819
29,heldout,6,58,3,31,random_positions,9.0625,5.75,6.0,0.25,True,True,google/gemma-2-9b-it,11c9b309abf73637e4b6f9a3fa1e92e615547819
29,heldout,6,58,3,32,answer_position,9.0625,5.75,8.4375,2.6875,True,True,google/gemma-2-9b-it,11c9b309abf73637e4b6f9a3fa1e92e615547819
29,heldout,6,58,3,32,number_tokens,9.0625,5.75,5.75,0.0,True,True,google/gemma-2-9b-it,11c9b309abf73637e4b6f9a3fa1e92e615547819
29,heldout,6,58,3,32,random_positions,9.0625,5.75,5.875,0.125,True,True,google/gemma-2-9b-it,11c9b309abf73637e4b6f9a3fa1e92e615547819
29,heldout,6,58,3,33,answer_position,9.0625,5.75,8.4375,2.6875,True,True,google/gemma-2-9b-it,11c9b309abf73637e4b6f9a3fa1e92e615547819
29,heldout,6,58,3,33,number_tokens,9.0625,5.75,5.75,0.0,True,True,google/gemma-2-9b-it,11c9b309abf73637e4b6f9a3fa1e92e615547819
29,heldout,6,58,3,33,random_positions,9.0625,5.75,5.875,0.125,True,True,google/gemma-2-9b-it,11c9b309abf73637e4b6f9a3fa1e92e615547819
29,heldout,6,58,3,34,answer_position,9.0625,5.75,8.625,2.875,True,True,google/gemma-2-9b-it,11c9b309abf73637e4b6f9a3fa1e92e615547819
29,heldout,6,58,3,34,number_tokens,9.0625,5.75,5.625,-0.125,True,True,google/gemma-2-9b-it,11c9b309abf73637e4b6f9a3fa1e92e615547819
29,heldout,6,58,3,34,random_positions,9.0625,5.75,5.875,0.125,True,True,google/gemma-2-9b-it,11c9b309abf73637e4b6f9a3fa1e92e615547819
29,heldout,6,58,3,35,answer_position,9.0625,5.75,8.625,2.875,True,True,google/gemma-2-9b-it,11c9b309abf73637e4b6f9a3fa1e92e615547819
29,heldout,6,58,3,35,number_tokens,9.0625,5.75,5.625,-0.125,True,True,google/gemma-2-9b-it,11c9b309abf73637e4b6f9a3fa1e92e615547819
29,heldout,6,58,3,35,random_positions,9.0625,5.75,5.875,0.125,True,True,google/gemma-2-9b-it,11c9b309abf73637e4b6f9a3fa1e92e615547819
29,heldout,6,58,3,36,answer_position,9.0625,5.75,8.5625,2.8125,True,True,google/gemma-2-9b-it,11c9b309abf73637e4b6f9a3fa1e92e615547819
29,heldout,6,58,3,36,number_tokens,9.0625,5.75,5.75,0.0,True,True,google/gemma-2-9b-it,11c9b309abf73637e4b6f9a3fa1e92e615547819
29,heldout,6,58,3,36,random_positions,9.0625,5.75,5.875,0.125,True,True,google/gemma-2-9b-it,11c9b309abf73637e4b6f9a3fa1e92e615547819
29,heldout,6,58,3,37,answer_position,9.0625,5.75,8.625,2.875,True,True,google/gemma-2-9b-it,11c9b309abf73637e4b6f9a3fa1e92e615547819
29,heldout,6,58,3,37,number_tokens,9.0625,5.75,5.625,-0.125,True,True,google/gemma-2-9b-it,11c9b309abf73637e4b6f9a3fa1e92e615547819
29,heldout,6,58,3,37,random_positions,9.0625,5.75,5.75,0.0,True,True,google/gemma-2-9b-it,11c9b309abf73637e4b6f9a3fa1e92e615547819
29,heldout,6,58,3,38,answer_position,9.0625,5.75,8.625,2.875,True,True,google/gemma-2-9b-it,11c9b309abf73637e4b6f9a3fa1e92e615547819
29,heldout,6,58,3,38,number_tokens,9.0625,5.75,5.75,0.0,True,True,google/gemma-2-9b-it,11c9b309abf73637e4b6f9a3fa1e92e615547819
29,heldout,6,58,3,38,random_positions,9.0625,5.75,5.75,0.0,True,True,google/gemma-2-9b-it,11c9b309abf73637e4b6f9a3fa1e92e615547819
29,heldout,6,58,3,39,answer_position,9.0625,5.75,8.875,3.125,True,True,google/gemma-2-9b-it,11c9b309abf73637e4b6f9a3fa1e92e615547819
29,heldout,6,58,3,39,number_tokens,9.0625,5.75,5.625,-0.125,True,True,google/gemma-2-9b-it,11c9b309abf73637e4b6f9a3fa1e92e615547819
29,heldout,6,58,3,39,random_positions,9.0625,5.75,5.875,0.125,True,True,google/gemma-2-9b-it,11c9b309abf73637e4b6f9a3fa1e92e615547819
29,heldout,6,58,3,40,answer_position,9.0625,5.75,9.0,3.25,True,True,google/gemma-2-9b-it,11c9b309abf73637e4b6f9a3fa1e92e615547819
29,heldout,6,58,3,40,number_tokens,9.0625,5.75,5.75,0.0,True,True,google/gemma-2-9b-it,11c9b309abf73637e4b6f9a3fa1e92e615547819
29,heldout,6,58,3,40,random_positions,9.0625,5.75,5.75,0.0,True,True,google/gemma-2-9b-it,11c9b309abf73637e4b6f9a3fa1e92e615547819
29,heldout,6,58,3,41,answer_position,9.0625,5.75,9.0625,3.3125,True,True,google/gemma-2-9b-it,11c9b309abf73637e4b6f9a3fa1e92e615547819
29,heldout,6,58,3,41,number_tokens,9.0625,5.75,5.75,0.0,True,True,google/gemma-2-9b-it,11c9b309abf73637e4b6f9a3fa1e92e615547819
29,heldout,6,58,3,41,random_positions,9.0625,5.75,5.75,0.0,True,True,google/gemma-2-9b-it,11c9b309abf73637e4b6f9a3fa1e92e615547819
30,heldout,7,58,3,0,answer_position,9.375,6.375,6.375,0.0,True,True,google/gemma-2-9b-it,11c9b309abf73637e4b6f9a3fa1e92e615547819
30,heldout,7,58,3,0,number_tokens,9.375,6.375,6.5,0.125,True,True,google/gemma-2-9b-it,11c9b309abf73637e4b6f9a3fa1e92e615547819
30,heldout,7,58,3,0,random_positions,9.375,6.375,6.5,0.125,True,True,google/gemma-2-9b-it,11c9b309abf73637e4b6f9a3fa1e92e615547819
30,heldout,7,58,3,1,answer_position,9.375,6.375,6.25,-0.125,True,True,google/gemma-2-9b-it,11c9b309abf73637e4b6f9a3fa1e92e615547819
30,heldout,7,58,3,1,number_tokens,9.375,6.375,6.5625,0.1875,True,True,google/gemma-2-9b-it,11c9b309abf73637e4b6f9a3fa1e92e615547819
30,heldout,7,58,3,1,random_positions,9.375,6.375,6.5,0.125,True,True,google/gemma-2-9b-it,11c9b309abf73637e4b6f9a3fa1e92e615547819
30,heldout,7,58,3,2,answer_position,9.375,6.375,6.375,0.0,True,True,google/gemma-2-9b-it,11c9b309abf73637e4b6f9a3fa1e92e615547819
30,heldout,7,58,3,2,number_tokens,9.375,6.375,6.6875,0.3125,True,True,google/gemma-2-9b-it,11c9b309abf73637e4b6f9a3fa1e92e615547819
30,heldout,7,58,3,2,random_positions,9.375,6.375,3.875,-2.5,True,True,google/gemma-2-9b-it,11c9b309abf73637e4b6f9a3fa1e92e615547819
30,heldout,7,58,3,3,answer_position,9.375,6.375,6.375,0.0,True,True,google/gemma-2-9b-it,11c9b309abf73637e4b6f9a3fa1e92e615547819
30,heldout,7,58,3,3,number_tokens,9.375,6.375,6.9375,0.5625,True,True,google/gemma-2-9b-it,11c9b309abf73637e4b6f9a3fa1e92e615547819
30,heldout,7,58,3,3,random_positions,9.375,6.375,6.375,0.0,True,True,google/gemma-2-9b-it,11c9b309abf73637e4b6f9a3fa1e92e615547819
30,heldout,7,58,3,4,answer_position,9.375,6.375,6.375,0.0,True,True,google/gemma-2-9b-it,11c9b309abf73637e4b6f9a3fa1e92e615547819
30,heldout,7,58,3,4,number_tokens,9.375,6.375,6.9375,0.5625,True,True,google/gemma-2-9b-it,11c9b309abf73637e4b6f9a3fa1e92e615547819
30,heldout,7,58,3,4,random_positions,9.375,6.375,6.25,-0.125,True,True,google/gemma-2-9b-it,11c9b309abf73637e4b6f9a3fa1e92e615547819
30,heldout,7,58,3,5,answer_position,9.375,6.375,6.375,0.0,True,True,google/gemma-2-9b-it,11c9b309abf73637e4b6f9a3fa1e92e615547819
30,heldout,7,58,3,5,number_tokens,9.375,6.375,7.75,1.375,True,True,google/gemma-2-9b-it,11c9b309abf73637e4b6f9a3fa1e92e615547819
30,heldout,7,58,3,5,random_positions,9.375,6.375,6.375,0.0,True,True,google/gemma-2-9b-it,11c9b309abf73637e4b6f9a3fa1e92e615547819
30,heldout,7,58,3,6,answer_position,9.375,6.375,6.25,-0.125,True,True,google/gemma-2-9b-it,11c9b309abf73637e4b6f9a3fa1e92e615547819
30,heldout,7,58,3,6,number_tokens,9.375,6.375,6.5,0.125,True,True,google/gemma-2-9b-it,11c9b309abf73637e4b6f9a3fa1e92e615547819
30,heldout,7,58,3,6,random_positions,9.375,6.375,6.375,0.0,True,True,google/gemma-2-9b-it,11c9b309abf73637e4b6f9a3fa1e92e615547819
30,heldout,7,58,3,7,answer_position,9.375,6.375,6.25,-0.125,True,True,google/gemma-2-9b-it,11c9b309abf73637e4b6f9a3fa1e92e615547819
30,heldout,7,58,3,7,number_tokens,9.375,6.375,7.1875,0.8125,True,True,google/gemma-2-9b-it,11c9b309abf73637e4b6f9a3fa1e92e615547819
30,heldout,7,58,3,7,random_positions,9.375,6.375,6.375,0.0,True,True,google/gemma-2-9b-it,11c9b309abf73637e4b6f9a3fa1e92e615547819
30,heldout,7,58,3,8,answer_position,9.375,6.375,6.375,0.0,True,True,google/gemma-2-9b-it,11c9b309abf73637e4b6f9a3fa1e92e615547819
30,heldout,7,58,3,8,number_tokens,9.375,6.375,7.1875,0.8125,True,True,google/gemma-2-9b-it,11c9b309abf73637e4b6f9a3fa1e92e615547819
30,heldout,7,58,3,8,random_positions,9.375,6.375,6.375,0.0,True,True,google/gemma-2-9b-it,11c9b309abf73637e4b6f9a3fa1e92e615547819
30,heldout,7,58,3,9,answer_position,9.375,6.375,6.375,0.0,True,True,google/gemma-2-9b-it,11c9b309abf73637e4b6f9a3fa1e92e615547819
30,heldout,7,58,3,9,number_tokens,9.375,6.375,6.375,0.0,True,True,google/gemma-2-9b-it,11c9b309abf73637e4b6f9a3fa1e92e615547819
30,heldout,7,58,3,9,random_positions,9.375,6.375,6.375,0.0,True,True,google/gemma-2-9b-it,11c9b309abf73637e4b6f9a3fa1e92e615547819
30,heldout,7,58,3,10,answer_position,9.375,6.375,6.375,0.0,True,True,google/gemma-2-9b-it,11c9b309abf73637e4b6f9a3fa1e92e615547819
30,heldout,7,58,3,10,number_tokens,9.375,6.375,7.125,0.75,True,True,google/gemma-2-9b-it,11c9b309abf73637e4b6f9a3fa1e92e615547819
30,heldout,7,58,3,10,random_positions,9.375,6.375,6.375,0.0,True,True,google/gemma-2-9b-it,11c9b309abf73637e4b6f9a3fa1e92e615547819
30,heldout,7,58,3,11,answer_position,9.375,6.375,6.375,0.0,True,True,google/gemma-2-9b-it,11c9b309abf73637e4b6f9a3fa1e92e615547819
30,heldout,7,58,3,11,number_tokens,9.375,6.375,-4.375,-10.75,True,False,google/gemma-2-9b-it,11c9b309abf73637e4b6f9a3fa1e92e615547819
30,heldout,7,58,3,11,random_positions,9.375,6.375,6.375,0.0,True,True,google/gemma-2-9b-it,11c9b309abf73637e4b6f9a3fa1e92e615547819
30,heldout,7,58,3,12,answer_position,9.375,6.375,6.375,0.0,True,True,google/gemma-2-9b-it,11c9b309abf73637e4b6f9a3fa1e92e615547819
30,heldout,7,58,3,12,number_tokens,9.375,6.375,-1.5,-7.875,True,False,google/gemma-2-9b-it,11c9b309abf73637e4b6f9a3fa1e92e615547819
30,heldout,7,58,3,12,random_positions,9.375,6.375,6.375,0.0,True,True,google/gemma-2-9b-it,11c9b309abf73637e4b6f9a3fa1e92e615547819
30,heldout,7,58,3,13,answer_position,9.375,6.375,6.375,0.0,True,True,google/gemma-2-9b-it,11c9b309abf73637e4b6f9a3fa1e92e615547819
30,heldout,7,58,3,13,number_tokens,9.375,6.375,-2.5,-8.875,True,False,google/gemma-2-9b-it,11c9b309abf73637e4b6f9a3fa1e92e615547819
30,heldout,7,58,3,13,random_positions,9.375,6.375,6.375,0.0,True,True,google/gemma-2-9b-it,11c9b309abf73637e4b6f9a3fa1e92e615547819
30,heldout,7,58,3,14,answer_position,9.375,6.375,6.375,0.0,True,True,google/gemma-2-9b-it,11c9b309abf73637e4b6f9a3fa1e92e615547819
30,heldout,7,58,3,14,number_tokens,9.375,6.375,2.375,-4.0,True,True,google/gemma-2-9b-it,11c9b309abf73637e4b6f9a3fa1e92e615547819
30,heldout,7,58,3,14,random_positions,9.375,6.375,6.5625,0.1875,True,True,google/gemma-2-9b-it,11c9b309abf73637e4b6f9a3fa1e92e615547819
30,heldout,7,58,3,15,answer_position,9.375,6.375,6.375,0.0,True,True,google/gemma-2-9b-it,11c9b309abf73637e4b6f9a3fa1e92e615547819
30,heldout,7,58,3,15,number_tokens,9.375,6.375,5.875,-0.5,True,True,google/gemma-2-9b-it,11c9b309abf73637e4b6f9a3fa1e92e615547819
30,heldout,7,58,3,15,random_positions,9.375,6.375,6.5,0.125,True,True,google/gemma-2-9b-it,11c9b309abf73637e4b6f9a3fa1e92e615547819
30,heldout,7,58,3,16,answer_position,9.375,6.375,6.25,-0.125,True,True,google/gemma-2-9b-it,11c9b309abf73637e4b6f9a3fa1e92e615547819
30,heldout,7,58,3,16,number_tokens,9.375,6.375,7.375,1.0,True,True,google/gemma-2-9b-it,11c9b309abf73637e4b6f9a3fa1e92e615547819
30,heldout,7,58,3,16,random_positions,9.375,6.375,6.5625,0.1875,True,True,google/gemma-2-9b-it,11c9b309abf73637e4b6f9a3fa1e92e615547819
30,heldout,7,58,3,17,answer_position,9.375,6.375,6.25,-0.125,True,True,google/gemma-2-9b-it,11c9b309abf73637e4b6f9a3fa1e92e615547819
30,heldout,7,58,3,17,number_tokens,9.375,6.375,7.75,1.375,True,True,google/gemma-2-9b-it,11c9b309abf73637e4b6f9a3fa1e92e615547819
30,heldout,7,58,3,17,random_positions,9.375,6.375,6.8125,0.4375,True,True,google/gemma-2-9b-it,11c9b309abf73637e4b6f9a3fa1e92e615547819
30,heldout,7,58,3,18,answer_position,9.375,6.375,6.375,0.0,True,True,google/gemma-2-9b-it,11c9b309abf73637e4b6f9a3fa1e92e615547819
30,heldout,7,58,3,18,number_tokens,9.375,6.375,7.0,0.625,True,True,google/gemma-2-9b-it,11c9b309abf73637e4b6f9a3fa1e92e615547819
30,heldout,7,58,3,18,random_positions,9.375,6.375,6.6875,0.3125,True,True,google/gemma-2-9b-it,11c9b309abf73637e4b6f9a3fa1e92e615547819
30,heldout,7,58,3,19,answer_position,9.375,6.375,6.375,0.0,True,True,google/gemma-2-9b-it,11c9b309abf73637e4b6f9a3fa1e92e615547819
30,heldout,7,58,3,19,number_tokens,9.375,6.375,7.75,1.375,True,True,google/gemma-2-9b-it,11c9b309abf73637e4b6f9a3fa1e92e615547819
30,heldout,7,58,3,19,random_positions,9.375,6.375,6.5625,0.1875,True,True,google/gemma-2-9b-it,11c9b309abf73637e4b6f9a3fa1e92e615547819
30,heldout,7,58,3,20,answer_position,9.375,6.375,6.6875,0.3125,True,True,google/gemma-2-9b-it,11c9b309abf73637e4b6f9a3fa1e92e615547819
30,heldout,7,58,3,20,number_tokens,9.375,6.375,6.9375,0.5625,True,True,google/gemma-2-9b-it,11c9b309abf73637e4b6f9a3fa1e92e615547819
30,heldout,7,58,3,20,random_positions,9.375,6.375,6.5625,0.1875,True,True,google/gemma-2-9b-it,11c9b309abf73637e4b6f9a3fa1e92e615547819
30,heldout,7,58,3,21,answer_position,9.375,6.375,7.125,0.75,True,True,google/gemma-2-9b-it,11c9b309abf73637e4b6f9a3fa1e92e615547819
30,heldout,7,58,3,21,number_tokens,9.375,6.375,6.6875,0.3125,True,True,google/gemma-2-9b-it,11c9b309abf73637e4b6f9a3fa1e92e615547819
30,heldout,7,58,3,21,random_positions,9.375,6.375,6.5,0.125,True,True,google/gemma-2-9b-it,11c9b309abf73637e4b6f9a3fa1e92e615547819
30,heldout,7,58,3,22,answer_position,9.375,6.375,7.8125,1.4375,True,True,google/gemma-2-9b-it,11c9b309abf73637e4b6f9a3fa1e92e615547819
30,heldout,7,58,3,22,number_tokens,9.375,6.375,6.9375,0.5625,True,True,google/gemma-2-9b-it,11c9b309abf73637e4b6f9a3fa1e92e615547819
30,heldout,7,58,3,22,random_positions,9.375,6.375,6.5625,0.1875,True,True,google/gemma-2-9b-it,11c9b309abf73637e4b6f9a3fa1e92e615547819
30,heldout,7,58,3,23,answer_position,9.375,6.375,8.1875,1.8125,True,True,google/gemma-2-9b-it,11c9b309abf73637e4b6f9a3fa1e92e615547819
30,heldout,7,58,3,23,number_tokens,9.375,6.375,6.25,-0.125,True,True,google/gemma-2-9b-it,11c9b309abf73637e4b6f9a3fa1e92e615547819
30,heldout,7,58,3,23,random_positions,9.375,6.375,6.6875,0.3125,True,True,google/gemma-2-9b-it,11c9b309abf73637e4b6f9a3fa1e92e615547819
30,heldout,7,58,3,24,answer_position,9.375,6.375,8.375,2.0,True,True,google/gemma-2-9b-it,11c9b309abf73637e4b6f9a3fa1e92e615547819
30,heldout,7,58,3,24,number_tokens,9.375,6.375,6.375,0.0,True,True,google/gemma-2-9b-it,11c9b309abf73637e4b6f9a3fa1e92e615547819
30,heldout,7,58,3,24,random_positions,9.375,6.375,6.5625,0.1875,True,True,google/gemma-2-9b-it,11c9b309abf73637e4b6f9a3fa1e92e615547819
30,heldout,7,58,3,25,answer_position,9.375,6.375,8.6875,2.3125,True,True,google/gemma-2-9b-it,11c9b309abf73637e4b6f9a3fa1e92e615547819
30,heldout,7,58,3,25,number_tokens,9.375,6.375,6.375,0.0,True,True,google/gemma-2-9b-it,11c9b309abf73637e4b6f9a3fa1e92e615547819
30,heldout,7,58,3,25,random_positions,9.375,6.375,6.375,0.0,True,True,google/gemma-2-9b-it,11c9b309abf73637e4b6f9a3fa1e92e615547819
30,heldout,7,58,3,26,answer_position,9.375,6.375,8.8125,2.4375,True,True,google/gemma-2-9b-it,11c9b309abf73637e4b6f9a3fa1e92e615547819
30,heldout,7,58,3,26,number_tokens,9.375,6.375,6.375,0.0,True,True,google/gemma-2-9b-it,11c9b309abf73637e4b6f9a3fa1e92e615547819
30,heldout,7,58,3,26,random_positions,9.375,6.375,6.375,0.0,True,True,google/gemma-2-9b-it,11c9b309abf73637e4b6f9a3fa1e92e615547819
30,heldout,7,58,3,27,answer_position,9.375,6.375,8.6875,2.3125,True,True,google/gemma-2-9b-it,11c9b309abf73637e4b6f9a3fa1e92e615547819
30,heldout,7,58,3,27,number_tokens,9.375,6.375,6.25,-0.125,True,True,google/gemma-2-9b-it,11c9b309abf73637e4b6f9a3fa1e92e615547819
30,heldout,7,58,3,27,random_positions,9.375,6.375,6.25,-0.125,True,True,google/gemma-2-9b-it,11c9b309abf73637e4b6f9a3fa1e92e615547819
30,heldout,7,58,3,28,answer_position,9.375,6.375,8.6875,2.3125,True,True,google/gemma-2-9b-it,11c9b309abf73637e4b6f9a3fa1e92e615547819
30,heldout,7,58,3,28,number_tokens,9.375,6.375,6.375,0.0,True,True,google/gemma-2-9b-it,11c9b309abf73637e4b6f9a3fa1e92e615547819
30,heldout,7,58,3,28,random_positions,9.375,6.375,6.25,-0.125,True,True,google/gemma-2-9b-it,11c9b309abf73637e4b6f9a3fa1e92e615547819
30,heldout,7,58,3,29,answer_position,9.375,6.375,8.625,2.25,True,True,google/gemma-2-9b-it,11c9b309abf73637e4b6f9a3fa1e92e615547819
30,heldout,7,58,3,29,number_tokens,9.375,6.375,6.375,0.0,True,True,google/gemma-2-9b-it,11c9b309abf73637e4b6f9a3fa1e92e615547819
30,heldout,7,58,3,29,random_positions,9.375,6.375,6.25,-0.125,True,True,google/gemma-2-9b-it,11c9b309abf73637e4b6f9a3fa1e92e615547819
30,heldout,7,58,3,30,answer_position,9.375,6.375,8.75,2.375,True,True,google/gemma-2-9b-it,11c9b309abf73637e4b6f9a3fa1e92e615547819
30,heldout,7,58,3,30,number_tokens,9.375,6.375,6.375,0.0,True,True,google/gemma-2-9b-it,11c9b309abf73637e4b6f9a3fa1e92e615547819
30,heldout,7,58,3,30,random_positions,9.375,6.375,6.25,-0.125,True,True,google/gemma-2-9b-it,11c9b309abf73637e4b6f9a3fa1e92e615547819
30,heldout,7,58,3,31,answer_position,9.375,6.375,8.8125,2.4375,True,True,google/gemma-2-9b-it,11c9b309abf73637e4b6f9a3fa1e92e615547819
30,heldout,7,58,3,31,number_tokens,9.375,6.375,6.375,0.0,True,True,google/gemma-2-9b-it,11c9b309abf73637e4b6f9a3fa1e92e615547819
30,heldout,7,58,3,31,random_positions,9.375,6.375,6.375,0.0,True,True,google/gemma-2-9b-it,11c9b309abf73637e4b6f9a3fa1e92e615547819
30,heldout,7,58,3,32,answer_position,9.375,6.375,8.6875,2.3125,True,True,google/gemma-2-9b-it,11c9b309abf73637e4b6f9a3fa1e92e615547819
30,heldout,7,58,3,32,number_tokens,9.375,6.375,6.25,-0.125,True,True,google/gemma-2-9b-it,11c9b309abf73637e4b6f9a3fa1e92e615547819
30,heldout,7,58,3,32,random_positions,9.375,6.375,6.25,-0.125,True,True,google/gemma-2-9b-it,11c9b309abf73637e4b6f9a3fa1e92e615547819
30,heldout,7,58,3,33,answer_position,9.375,6.375,8.8125,2.4375,True,True,google/gemma-2-9b-it,11c9b309abf73637e4b6f9a3fa1e92e615547819
30,heldout,7,58,3,33,number_tokens,9.375,6.375,6.375,0.0,True,True,google/gemma-2-9b-it,11c9b309abf73637e4b6f9a3fa1e92e615547819
30,heldout,7,58,3,33,random_positions,9.375,6.375,6.375,0.0,True,True,google/gemma-2-9b-it,11c9b309abf73637e4b6f9a3fa1e92e615547819
30,heldout,7,58,3,34,answer_position,9.375,6.375,8.9375,2.5625,True,True,google/gemma-2-9b-it,11c9b309abf73637e4b6f9a3fa1e92e615547819
30,heldout,7,58,3,34,number_tokens,9.375,6.375,6.25,-0.125,True,True,google/gemma-2-9b-it,11c9b309abf73637e4b6f9a3fa1e92e615547819
30,heldout,7,58,3,34,random_positions,9.375,6.375,6.375,0.0,True,True,google/gemma-2-9b-it,11c9b309abf73637e4b6f9a3fa1e92e615547819
30,heldout,7,58,3,35,answer_position,9.375,6.375,8.9375,2.5625,True,True,google/gemma-2-9b-it,11c9b309abf73637e4b6f9a3fa1e92e615547819
30,heldout,7,58,3,35,number_tokens,9.375,6.375,6.375,0.0,True,True,google/gemma-2-9b-it,11c9b309abf73637e4b6f9a3fa1e92e615547819
30,heldout,7,58,3,35,random_positions,9.375,6.375,6.375,0.0,True,True,google/gemma-2-9b-it,11c9b309abf73637e4b6f9a3fa1e92e615547819
30,heldout,7,58,3,36,answer_position,9.375,6.375,8.9375,2.5625,True,True,google/gemma-2-9b-it,11c9b309abf73637e4b6f9a3fa1e92e615547819
30,heldout,7,58,3,36,number_tokens,9.375,6.375,6.25,-0.125,True,True,google/gemma-2-9b-it,11c9b309abf73637e4b6f9a3fa1e92e615547819
30,heldout,7,58,3,36,random_positions,9.375,6.375,6.375,0.0,True,True,google/gemma-2-9b-it,11c9b309abf73637e4b6f9a3fa1e92e615547819
30,heldout,7,58,3,37,answer_position,9.375,6.375,9.0,2.625,True,True,google/gemma-2-9b-it,11c9b309abf73637e4b6f9a3fa1e92e615547819
30,heldout,7,58,3,37,number_tokens,9.375,6.375,6.375,0.0,True,True,google/gemma-2-9b-it,11c9b309abf73637e4b6f9a3fa1e92e615547819
30,heldout,7,58,3,37,random_positions,9.375,6.375,6.375,0.0,True,True,google/gemma-2-9b-it,11c9b309abf73637e4b6f9a3fa1e92e615547819
30,heldout,7,58,3,38,answer_position,9.375,6.375,9.125,2.75,True,True,google/gemma-2-9b-it,11c9b309abf73637e4b6f9a3fa1e92e615547819
30,heldout,7,58,3,38,number_tokens,9.375,6.375,6.375,0.0,True,True,google/gemma-2-9b-it,11c9b309abf73637e4b6f9a3fa1e92e615547819
30,heldout,7,58,3,38,random_positions,9.375,6.375,6.375,0.0,True,True,google/gemma-2-9b-it,11c9b309abf73637e4b6f9a3fa1e92e615547819
30,heldout,7,58,3,39,answer_position,9.375,6.375,9.1875,2.8125,True,True,google/gemma-2-9b-it,11c9b309abf73637e4b6f9a3fa1e92e615547819
30,heldout,7,58,3,39,number_tokens,9.375,6.375,6.375,0.0,True,True,google/gemma-2-9b-it,11c9b309abf73637e4b6f9a3fa1e92e615547819
30,heldout,7,58,3,39,random_positions,9.375,6.375,6.375,0.0,True,True,google/gemma-2-9b-it,11c9b309abf73637e4b6f9a3fa1e92e615547819
30,heldout,7,58,3,40,answer_position,9.375,6.375,9.3125,2.9375,True,True,google/gemma-2-9b-it,11c9b309abf73637e4b6f9a3fa1e92e615547819
30,heldout,7,58,3,40,number_tokens,9.375,6.375,6.375,0.0,True,True,google/gemma-2-9b-it,11c9b309abf73637e4b6f9a3fa1e92e615547819
30,heldout,7,58,3,40,random_positions,9.375,6.375,6.375,0.0,True,True,google/gemma-2-9b-it,11c9b309abf73637e4b6f9a3fa1e92e615547819
30,heldout,7,58,3,41,answer_position,9.375,6.375,9.375,3.0,True,True,google/gemma-2-9b-it,11c9b309abf73637e4b6f9a3fa1e92e615547819
30,heldout,7,58,3,41,number_tokens,9.375,6.375,6.375,0.0,True,True,google/gemma-2-9b-it,11c9b309abf73637e4b6f9a3fa1e92e615547819
30,heldout,7,58,3,41,random_positions,9.375,6.375,6.375,0.0,True,True,google/gemma-2-9b-it,11c9b309abf73637e4b6f9a3fa1e92e615547819
31,heldout,7,59,4,0,answer_position,9.125,5.5,5.5,0.0,True,True,google/gemma-2-9b-it,11c9b309abf73637e4b6f9a3fa1e92e615547819
31,heldout,7,59,4,0,number_tokens,9.125,5.5,5.625,0.125,True,True,google/gemma-2-9b-it,11c9b309abf73637e4b6f9a3fa1e92e615547819
31,heldout,7,59,4,0,random_positions,9.125,5.5,2.5,-3.0,True,True,google/gemma-2-9b-it,11c9b309abf73637e4b6f9a3fa1e92e615547819
31,heldout,7,59,4,1,answer_position,9.125,5.5,5.5,0.0,True,True,google/gemma-2-9b-it,11c9b309abf73637e4b6f9a3fa1e92e615547819
31,heldout,7,59,4,1,number_tokens,9.125,5.5,5.75,0.25,True,True,google/gemma-2-9b-it,11c9b309abf73637e4b6f9a3fa1e92e615547819
31,heldout,7,59,4,1,random_positions,9.125,5.5,3.375,-2.125,True,True,google/gemma-2-9b-it,11c9b309abf73637e4b6f9a3fa1e92e615547819
31,heldout,7,59,4,2,answer_position,9.125,5.5,5.5,0.0,True,True,google/gemma-2-9b-it,11c9b309abf73637e4b6f9a3fa1e92e615547819
31,heldout,7,59,4,2,number_tokens,9.125,5.5,6.0,0.5,True,True,google/gemma-2-9b-it,11c9b309abf73637e4b6f9a3fa1e92e615547819
31,heldout,7,59,4,2,random_positions,9.125,5.5,4.625,-0.875,True,True,google/gemma-2-9b-it,11c9b309abf73637e4b6f9a3fa1e92e615547819
31,heldout,7,59,4,3,answer_position,9.125,5.5,5.5,0.0,True,True,google/gemma-2-9b-it,11c9b309abf73637e4b6f9a3fa1e92e615547819
31,heldout,7,59,4,3,number_tokens,9.125,5.5,6.0,0.5,True,True,google/gemma-2-9b-it,11c9b309abf73637e4b6f9a3fa1e92e615547819
31,heldout,7,59,4,3,random_positions,9.125,5.5,3.5,-2.0,True,True,google/gemma-2-9b-it,11c9b309abf73637e4b6f9a3fa1e92e615547819
31,heldout,7,59,4,4,answer_position,9.125,5.5,5.5,0.0,True,True,google/gemma-2-9b-it,11c9b309abf73637e4b6f9a3fa1e92e615547819
31,heldout,7,59,4,4,number_tokens,9.125,5.5,5.75,0.25,True,True,google/gemma-2-9b-it,11c9b309abf73637e4b6f9a3fa1e92e615547819
31,heldout,7,59,4,4,random_positions,9.125,5.5,3.125,-2.375,True,True,google/gemma-2-9b-it,11c9b309abf73637e4b6f9a3fa1e92e615547819
31,heldout,7,59,4,5,answer_position,9.125,5.5,5.625,0.125,True,True,google/gemma-2-9b-it,11c9b309abf73637e4b6f9a3fa1e92e615547819
31,heldout,7,59,4,5,number_tokens,9.125,5.5,7.625,2.125,True,True,google/gemma-2-9b-it,11c9b309abf73637e4b6f9a3fa1e92e615547819
31,heldout,7,59,4,5,random_positions,9.125,5.5,4.375,-1.125,True,True,google/gemma-2-9b-it,11c9b309abf73637e4b6f9a3fa1e92e615547819
31,heldout,7,59,4,6,answer_position,9.125,5.5,5.5,0.0,True,True,google/gemma-2-9b-it,11c9b309abf73637e4b6f9a3fa1e92e615547819
31,heldout,7,59,4,6,number_tokens,9.125,5.5,6.5,1.0,True,True,google/gemma-2-9b-it,11c9b309abf73637e4b6f9a3fa1e92e615547819
31,heldout,7,59,4,6,random_positions,9.125,5.5,5.75,0.25,True,True,google/gemma-2-9b-it,11c9b309abf73637e4b6f9a3fa1e92e615547819
31,heldout,7,59,4,7,answer_position,9.125,5.5,5.5,0.0,True,True,google/gemma-2-9b-it,11c9b309abf73637e4b6f9a3fa1e92e615547819
31,heldout,7,59,4,7,number_tokens,9.125,5.5,7.0625,1.5625,True,True,google/gemma-2-9b-it,11c9b309abf73637e4b6f9a3fa1e92e615547819
31,heldout,7,59,4,7,random_positions,9.125,5.5,5.75,0.25,True,True,google/gemma-2-9b-it,11c9b309abf73637e4b6f9a3fa1e92e615547819
31,heldout,7,59,4,8,answer_position,9.125,5.5,5.5,0.0,True,True,google/gemma-2-9b-it,11c9b309abf73637e4b6f9a3fa1e92e615547819
31,heldout,7,59,4,8,number_tokens,9.125,5.5,6.25,0.75,True,True,google/gemma-2-9b-it,11c9b309abf73637e4b6f9a3fa1e92e615547819
31,heldout,7,59,4,8,random_positions,9.125,5.5,5.875,0.375,True,True,google/gemma-2-9b-it,11c9b309abf73637e4b6f9a3fa1e92e615547819
31,heldout,7,59,4,9,answer_position,9.125,5.5,5.5,0.0,True,True,google/gemma-2-9b-it,11c9b309abf73637e4b6f9a3fa1e92e615547819
31,heldout,7,59,4,9,number_tokens,9.125,5.5,6.125,0.625,True,True,google/gemma-2-9b-it,11c9b309abf73637e4b6f9a3fa1e92e615547819
31,heldout,7,59,4,9,random_positions,9.125,5.5,5.875,0.375,True,True,google/gemma-2-9b-it,11c9b309abf73637e4b6f9a3fa1e92e615547819
31,heldout,7,59,4,10,answer_position,9.125,5.5,5.625,0.125,True,True,google/gemma-2-9b-it,11c9b309abf73637e4b6f9a3fa1e92e615547819
31,heldout,7,59,4,10,number_tokens,9.125,5.5,7.5,2.0,True,True,google/gemma-2-9b-it,11c9b309abf73637e4b6f9a3fa1e92e615547819
31,heldout,7,59,4,10,random_positions,9.125,5.5,5.75,0.25,True,True,google/gemma-2-9b-it,11c9b309abf73637e4b6f9a3fa1e92e615547819
31,heldout,7,59,4,11,answer_position,9.125,5.5,5.5,0.0,True,True,google/gemma-2-9b-it,11c9b309abf73637e4b6f9a3fa1e92e615547819
31,heldout,7,59,4,11,number_tokens,9.125,5.5,-5.875,-11.375,True,False,google/gemma-2-9b-it,11c9b309abf73637e4b6f9a3fa1e92e615547819
31,heldout,7,59,4,11,random_positions,9.125,5.5,5.875,0.375,True,True,google/gemma-2-9b-it,11c9b309abf73637e4b6f9a3fa1e92e615547819
31,heldout,7,59,4,12,answer_position,9.125,5.5,5.5,0.0,True,True,google/gemma-2-9b-it,11c9b309abf73637e4b6f9a3fa1e92e615547819
31,heldout,7,59,4,12,number_tokens,9.125,5.5,-3.5,-9.0,True,False,google/gemma-2-9b-it,11c9b309abf73637e4b6f9a3fa1e92e615547819
31,heldout,7,59,4,12,random_positions,9.125,5.5,5.625,0.125,True,True,google/gemma-2-9b-it,11c9b309abf73637e4b6f9a3fa1e92e615547819
31,heldout,7,59,4,13,answer_position,9.125,5.5,5.5,0.0,True,True,google/gemma-2-9b-it,11c9b309abf73637e4b6f9a3fa1e92e615547819
31,heldout,7,59,4,13,number_tokens,9.125,5.5,-3.25,-8.75,True,False,google/gemma-2-9b-it,11c9b309abf73637e4b6f9a3fa1e92e615547819
31,heldout,7,59,4,13,random_positions,9.125,5.5,5.5,0.0,True,True,google/gemma-2-9b-it,11c9b309abf73637e4b6f9a3fa1e92e615547819
31,heldout,7,59,4,14,answer_position,9.125,5.5,5.5,0.0,True,True,google/gemma-2-9b-it,11c9b309abf73637e4b6f9a3fa1e92e615547819
31,heldout,7,59,4,14,number_tokens,9.125,5.5,-0.625,-6.125,True,False,google/gemma-2-9b-it,11c9b309abf73637e4b6f9a3fa1e92e615547819
31,heldout,7,59,4,14,random_positions,9.125,5.5,5.5,0.0,True,True,google/gemma-2-9b-it,11c9b309abf73637e4b6f9a3fa1e92e615547819
31,heldout,7,59,4,15,answer_position,9.125,5.5,5.625,0.125,True,True,google/gemma-2-9b-it,11c9b309abf73637e4b6f9a3fa1e92e615547819
31,heldout,7,59,4,15,number_tokens,9.125,5.5,5.0,-0.5,True,True,google/gemma-2-9b-it,11c9b309abf73637e4b6f9a3fa1e92e615547819
31,heldout,7,59,4,15,random_positions,9.125,5.5,5.375,-0.125,True,True,google/gemma-2-9b-it,11c9b309abf73637e4b6f9a3fa1e92e615547819
31,heldout,7,59,4,16,answer_position,9.125,5.5,5.5,0.0,True,True,google/gemma-2-9b-it,11c9b309abf73637e4b6f9a3fa1e92e615547819
31,heldout,7,59,4,16,number_tokens,9.125,5.5,7.0,1.5,True,True,google/gemma-2-9b-it,11c9b309abf73637e4b6f9a3fa1e92e615547819
31,heldout,7,59,4,16,random_positions,9.125,5.5,5.25,-0.25,True,True,google/gemma-2-9b-it,11c9b309abf73637e4b6f9a3fa1e92e615547819
31,heldout,7,59,4,17,answer_position,9.125,5.5,5.5,0.0,True,True,google/gemma-2-9b-it,11c9b309abf73637e4b6f9a3fa1e92e615547819
31,heldout,7,59,4,17,number_tokens,9.125,5.5,7.125,1.625,True,True,google/gemma-2-9b-it,11c9b309abf73637e4b6f9a3fa1e92e615547819
31,heldout,7,59,4,17,random_positions,9.125,5.5,5.25,-0.25,True,True,google/gemma-2-9b-it,11c9b309abf73637e4b6f9a3fa1e92e615547819
31,heldout,7,59,4,18,answer_position,9.125,5.5,5.5,0.0,True,True,google/gemma-2-9b-it,11c9b309abf73637e4b6f9a3fa1e92e615547819
31,heldout,7,59,4,18,number_tokens,9.125,5.5,6.375,0.875,True,True,google/gemma-2-9b-it,11c9b309abf73637e4b6f9a3fa1e92e615547819
31,heldout,7,59,4,18,random_positions,9.125,5.5,5.625,0.125,True,True,google/gemma-2-9b-it,11c9b309abf73637e4b6f9a3fa1e92e615547819
31,heldout,7,59,4,19,answer_position,9.125,5.5,5.5,0.0,True,True,google/gemma-2-9b-it,11c9b309abf73637e4b6f9a3fa1e92e615547819
31,heldout,7,59,4,19,number_tokens,9.125,5.5,7.0,1.5,True,True,google/gemma-2-9b-it,11c9b309abf73637e4b6f9a3fa1e92e615547819
31,heldout,7,59,4,19,random_positions,9.125,5.5,6.0,0.5,True,True,google/gemma-2-9b-it,11c9b309abf73637e4b6f9a3fa1e92e615547819
31,heldout,7,59,4,20,answer_position,9.125,5.5,6.0,0.5,True,True,google/gemma-2-9b-it,11c9b309abf73637e4b6f9a3fa1e92e615547819
31,heldout,7,59,4,20,number_tokens,9.125,5.5,6.25,0.75,True,True,google/gemma-2-9b-it,11c9b309abf73637e4b6f9a3fa1e92e615547819
31,heldout,7,59,4,20,random_positions,9.125,5.5,6.5625,1.0625,True,True,google/gemma-2-9b-it,11c9b309abf73637e4b6f9a3fa1e92e615547819
31,heldout,7,59,4,21,answer_position,9.125,5.5,6.5625,1.0625,True,True,google/gemma-2-9b-it,11c9b309abf73637e4b6f9a3fa1e92e615547819
31,heldout,7,59,4,21,number_tokens,9.125,5.5,6.25,0.75,True,True,google/gemma-2-9b-it,11c9b309abf73637e4b6f9a3fa1e92e615547819
31,heldout,7,59,4,21,random_positions,9.125,5.5,7.25,1.75,True,True,google/gemma-2-9b-it,11c9b309abf73637e4b6f9a3fa1e92e615547819
31,heldout,7,59,4,22,answer_position,9.125,5.5,6.9375,1.4375,True,True,google/gemma-2-9b-it,11c9b309abf73637e4b6f9a3fa1e92e615547819
31,heldout,7,59,4,22,number_tokens,9.125,5.5,6.125,0.625,True,True,google/gemma-2-9b-it,11c9b309abf73637e4b6f9a3fa1e92e615547819
31,heldout,7,59,4,22,random_positions,9.125,5.5,7.375,1.875,True,True,google/gemma-2-9b-it,11c9b309abf73637e4b6f9a3fa1e92e615547819
31,heldout,7,59,4,23,answer_position,9.125,5.5,7.75,2.25,True,True,google/gemma-2-9b-it,11c9b309abf73637e4b6f9a3fa1e92e615547819
31,heldout,7,59,4,23,number_tokens,9.125,5.5,5.5,0.0,True,True,google/gemma-2-9b-it,11c9b309abf73637e4b6f9a3fa1e92e615547819
31,heldout,7,59,4,23,random_positions,9.125,5.5,7.75,2.25,True,True,google/gemma-2-9b-it,11c9b309abf73637e4b6f9a3fa1e92e615547819
31,heldout,7,59,4,24,answer_position,9.125,5.5,7.875,2.375,True,True,google/gemma-2-9b-it,11c9b309abf73637e4b6f9a3fa1e92e615547819
31,heldout,7,59,4,24,number_tokens,9.125,5.5,5.5,0.0,True,True,google/gemma-2-9b-it,11c9b309abf73637e4b6f9a3fa1e92e615547819
31,heldout,7,59,4,24,random_positions,9.125,5.5,7.5,2.0,True,True,google/gemma-2-9b-it,11c9b309abf73637e4b6f9a3fa1e92e615547819
31,heldout,7,59,4,25,answer_position,9.125,5.5,8.3125,2.8125,True,True,google/gemma-2-9b-it,11c9b309abf73637e4b6f9a3fa1e92e615547819
31,heldout,7,59,4,25,number_tokens,9.125,5.5,5.5,0.0,True,True,google/gemma-2-9b-it,11c9b309abf73637e4b6f9a3fa1e92e615547819
31,heldout,7,59,4,25,random_positions,9.125,5.5,7.125,1.625,True,True,google/gemma-2-9b-it,11c9b309abf73637e4b6f9a3fa1e92e615547819
31,heldout,7,59,4,26,answer_position,9.125,5.5,8.4375,2.9375,True,True,google/gemma-2-9b-it,11c9b309abf73637e4b6f9a3fa1e92e615547819
31,heldout,7,59,4,26,number_tokens,9.125,5.5,5.5,0.0,True,True,google/gemma-2-9b-it,11c9b309abf73637e4b6f9a3fa1e92e615547819
31,heldout,7,59,4,26,random_positions,9.125,5.5,6.5625,1.0625,True,True,google/gemma-2-9b-it,11c9b309abf73637e4b6f9a3fa1e92e615547819
31,heldout,7,59,4,27,answer_position,9.125,5.5,8.4375,2.9375,True,True,google/gemma-2-9b-it,11c9b309abf73637e4b6f9a3fa1e92e615547819
31,heldout,7,59,4,27,number_tokens,9.125,5.5,5.5,0.0,True,True,google/gemma-2-9b-it,11c9b309abf73637e4b6f9a3fa1e92e615547819
31,heldout,7,59,4,27,random_positions,9.125,5.5,6.125,0.625,True,True,google/gemma-2-9b-it,11c9b309abf73637e4b6f9a3fa1e92e615547819
31,heldout,7,59,4,28,answer_position,9.125,5.5,8.375,2.875,True,True,google/gemma-2-9b-it,11c9b309abf73637e4b6f9a3fa1e92e615547819
31,heldout,7,59,4,28,number_tokens,9.125,5.5,5.5,0.0,True,True,google/gemma-2-9b-it,11c9b309abf73637e4b6f9a3fa1e92e615547819
31,heldout,7,59,4,28,random_positions,9.125,5.5,6.25,0.75,True,True,google/gemma-2-9b-it,11c9b309abf73637e4b6f9a3fa1e92e615547819
31,heldout,7,59,4,29,answer_position,9.125,5.5,8.375,2.875,True,True,google/gemma-2-9b-it,11c9b309abf73637e4b6f9a3fa1e92e615547819
31,heldout,7,59,4,29,number_tokens,9.125,5.5,5.5,0.0,True,True,google/gemma-2-9b-it,11c9b309abf73637e4b6f9a3fa1e92e615547819
31,heldout,7,59,4,29,random_positions,9.125,5.5,6.25,0.75,True,True,google/gemma-2-9b-it,11c9b309abf73637e4b6f9a3fa1e92e615547819
31,heldout,7,59,4,30,answer_position,9.125,5.5,8.4375,2.9375,True,True,google/gemma-2-9b-it,11c9b309abf73637e4b6f9a3fa1e92e615547819
31,heldout,7,59,4,30,number_tokens,9.125,5.5,5.5,0.0,True,True,google/gemma-2-9b-it,11c9b309abf73637e4b6f9a3fa1e92e615547819
31,heldout,7,59,4,30,random_positions,9.125,5.5,6.25,0.75,True,True,google/gemma-2-9b-it,11c9b309abf73637e4b6f9a3fa1e92e615547819
31,heldout,7,59,4,31,answer_position,9.125,5.5,8.5625,3.0625,True,True,google/gemma-2-9b-it,11c9b309abf73637e4b6f9a3fa1e92e615547819
31,heldout,7,59,4,31,number_tokens,9.125,5.5,5.625,0.125,True,True,google/gemma-2-9b-it,11c9b309abf73637e4b6f9a3fa1e92e615547819
31,heldout,7,59,4,31,random_positions,9.125,5.5,6.125,0.625,True,True,google/gemma-2-9b-it,11c9b309abf73637e4b6f9a3fa1e92e615547819
31,heldout,7,59,4,32,answer_position,9.125,5.5,8.5625,3.0625,True,True,google/gemma-2-9b-it,11c9b309abf73637e4b6f9a3fa1e92e615547819
31,heldout,7,59,4,32,number_tokens,9.125,5.5,5.5,0.0,True,True,google/gemma-2-9b-it,11c9b309abf73637e4b6f9a3fa1e92e615547819
31,heldout,7,59,4,32,random_positions,9.125,5.5,6.125,0.625,True,True,google/gemma-2-9b-it,11c9b309abf73637e4b6f9a3fa1e92e615547819
31,heldout,7,59,4,33,answer_position,9.125,5.5,8.625,3.125,True,True,google/gemma-2-9b-it,11c9b309abf73637e4b6f9a3fa1e92e615547819
31,heldout,7,59,4,33,number_tokens,9.125,5.5,5.625,0.125,True,True,google/gemma-2-9b-it,11c9b309abf73637e4b6f9a3fa1e92e615547819
31,heldout,7,59,4,33,random_positions,9.125,5.5,6.0,0.5,True,True,google/gemma-2-9b-it,11c9b309abf73637e4b6f9a3fa1e92e615547819
31,heldout,7,59,4,34,answer_position,9.125,5.5,8.625,3.125,True,True,google/gemma-2-9b-it,11c9b309abf73637e4b6f9a3fa1e92e615547819
31,heldout,7,59,4,34,number_tokens,9.125,5.5,5.5,0.0,True,True,google/gemma-2-9b-it,11c9b309abf73637e4b6f9a3fa1e92e615547819
31,heldout,7,59,4,34,random_positions,9.125,5.5,6.0,0.5,True,True,google/gemma-2-9b-it,11c9b309abf73637e4b6f9a3fa1e92e615547819
31,heldout,7,59,4,35,answer_position,9.125,5.5,8.625,3.125,True,True,google/gemma-2-9b-it,11c9b309abf73637e4b6f9a3fa1e92e615547819
31,heldout,7,59,4,35,number_tokens,9.125,5.5,5.5,0.0,True,True,google/gemma-2-9b-it,11c9b309abf73637e4b6f9a3fa1e92e615547819
31,heldout,7,59,4,35,random_positions,9.125,5.5,6.0,0.5,True,True,google/gemma-2-9b-it,11c9b309abf73637e4b6f9a3fa1e92e615547819
31,heldout,7,59,4,36,answer_position,9.125,5.5,8.625,3.125,True,True,google/gemma-2-9b-it,11c9b309abf73637e4b6f9a3fa1e92e615547819
31,heldout,7,59,4,36,number_tokens,9.125,5.5,5.5,0.0,True,True,google/gemma-2-9b-it,11c9b309abf73637e4b6f9a3fa1e92e615547819
31,heldout,7,59,4,36,random_positions,9.125,5.5,6.0,0.5,True,True,google/gemma-2-9b-it,11c9b309abf73637e4b6f9a3fa1e92e615547819
31,heldout,7,59,4,37,answer_position,9.125,5.5,8.625,3.125,True,True,google/gemma-2-9b-it,11c9b309abf73637e4b6f9a3fa1e92e615547819
31,heldout,7,59,4,37,number_tokens,9.125,5.5,5.5,0.0,True,True,google/gemma-2-9b-it,11c9b309abf73637e4b6f9a3fa1e92e615547819
31,heldout,7,59,4,37,random_positions,9.125,5.5,6.0,0.5,True,True,google/gemma-2-9b-it,11c9b309abf73637e4b6f9a3fa1e92e615547819
31,heldout,7,59,4,38,answer_position,9.125,5.5,8.8125,3.3125,True,True,google/gemma-2-9b-it,11c9b309abf73637e4b6f9a3fa1e92e615547819
31,heldout,7,59,4,38,number_tokens,9.125,5.5,5.5,0.0,True,True,google/gemma-2-9b-it,11c9b309abf73637e4b6f9a3fa1e92e615547819
31,heldout,7,59,4,38,random_positions,9.125,5.5,5.75,0.25,True,True,google/gemma-2-9b-it,11c9b309abf73637e4b6f9a3fa1e92e615547819
31,heldout,7,59,4,39,answer_position,9.125,5.5,8.875,3.375,True,True,google/gemma-2-9b-it,11c9b309abf73637e4b6f9a3fa1e92e615547819
31,heldout,7,59,4,39,number_tokens,9.125,5.5,5.625,0.125,True,True,google/gemma-2-9b-it,11c9b309abf73637e4b6f9a3fa1e92e615547819
31,heldout,7,59,4,39,random_positions,9.125,5.5,5.75,0.25,True,True,google/gemma-2-9b-it,11c9b309abf73637e4b6f9a3fa1e92e615547819
31,heldout,7,59,4,40,answer_position,9.125,5.5,9.125,3.625,True,True,google/gemma-2-9b-it,11c9b309abf73637e4b6f9a3fa1e92e615547819
31,heldout,7,59,4,40,number_tokens,9.125,5.5,5.5,0.0,True,True,google/gemma-2-9b-it,11c9b309abf73637e4b6f9a3fa1e92e615547819
31,heldout,7,59,4,40,random_positions,9.125,5.5,5.625,0.125,True,True,google/gemma-2-9b-it,11c9b309abf73637e4b6f9a3fa1e92e615547819
31,heldout,7,59,4,41,answer_position,9.125,5.5,9.125,3.625,True,True,google/gemma-2-9b-it,11c9b309abf73637e4b6f9a3fa1e92e615547819
31,heldout,7,59,4,41,number_tokens,9.125,5.5,5.5,0.0,True,True,google/gemma-2-9b-it,11c9b309abf73637e4b6f9a3fa1e92e615547819
31,heldout,7,59,4,41,random_positions,9.125,5.5,5.5,0.0,True,True,google/gemma-2-9b-it,11c9b309abf73637e4b6f9a3fa1e92e615547819
32,heldout,7,60,2,0,answer_position,8.75,-2.625,-2.625,0.0,False,False,google/gemma-2-9b-it,11c9b309abf73637e4b6f9a3fa1e92e615547819
32,heldout,7,60,2,0,number_tokens,8.75,-2.625,-2.5,0.125,False,False,google/gemma-2-9b-it,11c9b309abf73637e4b6f9a3fa1e92e615547819
32,heldout,7,60,2,0,random_positions,8.75,-2.625,-2.75,-0.125,False,False,google/gemma-2-9b-it,11c9b309abf73637e4b6f9a3fa1e92e615547819
32,heldout,7,60,2,1,answer_position,8.75,-2.625,-2.625,0.0,False,False,google/gemma-2-9b-it,11c9b309abf73637e4b6f9a3fa1e92e615547819
32,heldout,7,60,2,1,number_tokens,8.75,-2.625,-2.25,0.375,False,False,google/gemma-2-9b-it,11c9b309abf73637e4b6f9a3fa1e92e615547819
32,heldout,7,60,2,1,random_positions,8.75,-2.625,-0.75,1.875,False,False,google/gemma-2-9b-it,11c9b309abf73637e4b6f9a3fa1e92e615547819
32,heldout,7,60,2,2,answer_position,8.75,-2.625,-2.875,-0.25,False,False,google/gemma-2-9b-it,11c9b309abf73637e4b6f9a3fa1e92e615547819
32,heldout,7,60,2,2,number_tokens,8.75,-2.625,-1.5,1.125,False,False,google/gemma-2-9b-it,11c9b309abf73637e4b6f9a3fa1e92e615547819
32,heldout,7,60,2,2,random_positions,8.75,-2.625,0.375,3.0,False,True,google/gemma-2-9b-it,11c9b309abf73637e4b6f9a3fa1e92e615547819
32,heldout,7,60,2,3,answer_position,8.75,-2.625,-2.5,0.125,False,False,google/gemma-2-9b-it,11c9b309abf73637e4b6f9a3fa1e92e615547819
32,heldout,7,60,2,3,number_tokens,8.75,-2.625,-1.5,1.125,False,False,google/gemma-2-9b-it,11c9b309abf73637e4b6f9a3fa1e92e615547819
32,heldout,7,60,2,3,random_positions,8.75,-2.625,0.0,2.625,False,False,google/gemma-2-9b-it,11c9b309abf73637e4b6f9a3fa1e92e615547819
32,heldout,7,60,2,4,answer_position,8.75,-2.625,-2.75,-0.125,False,False,google/gemma-2-9b-it,11c9b309abf73637e4b6f9a3fa1e92e615547819
32,heldout,7,60,2,4,number_tokens,8.75,-2.625,-0.875,1.75,False,False,google/gemma-2-9b-it,11c9b309abf73637e4b6f9a3fa1e92e615547819
32,heldout,7,60,2,4,random_positions,8.75,-2.625,0.0,2.625,False,False,google/gemma-2-9b-it,11c9b309abf73637e4b6f9a3fa1e92e615547819
32,heldout,7,60,2,5,answer_position,8.75,-2.625,-2.625,0.0,False,False,google/gemma-2-9b-it,11c9b309abf73637e4b6f9a3fa1e92e615547819
32,heldout,7,60,2,5,number_tokens,8.75,-2.625,5.375,8.0,False,True,google/gemma-2-9b-it,11c9b309abf73637e4b6f9a3fa1e92e615547819
32,heldout,7,60,2,5,random_positions,8.75,-2.625,0.0,2.625,False,False,google/gemma-2-9b-it,11c9b309abf73637e4b6f9a3fa1e92e615547819
32,heldout,7,60,2,6,answer_position,8.75,-2.625,-2.5,0.125,False,False,google/gemma-2-9b-it,11c9b309abf73637e4b6f9a3fa1e92e615547819
32,heldout,7,60,2,6,number_tokens,8.75,-2.625,6.0,8.625,False,True,google/gemma-2-9b-it,11c9b309abf73637e4b6f9a3fa1e92e615547819
32,heldout,7,60,2,6,random_positions,8.75,-2.625,-0.75,1.875,False,False,google/gemma-2-9b-it,11c9b309abf73637e4b6f9a3fa1e92e615547819
32,heldout,7,60,2,7,answer_position,8.75,-2.625,-2.5,0.125,False,False,google/gemma-2-9b-it,11c9b309abf73637e4b6f9a3fa1e92e615547819
32,heldout,7,60,2,7,number_tokens,8.75,-2.625,8.0625,10.6875,False,True,google/gemma-2-9b-it,11c9b309abf73637e4b6f9a3fa1e92e615547819
32,heldout,7,60,2,7,random_positions,8.75,-2.625,-0.75,1.875,False,False,google/gemma-2-9b-it,11c9b309abf73637e4b6f9a3fa1e92e615547819
32,heldout,7,60,2,8,answer_position,8.75,-2.625,-2.5,0.125,False,False,google/gemma-2-9b-it,11c9b309abf73637e4b6f9a3fa1e92e615547819
32,heldout,7,60,2,8,number_tokens,8.75,-2.625,8.0,10.625,False,True,google/gemma-2-9b-it,11c9b309abf73637e4b6f9a3fa1e92e615547819
32,heldout,7,60,2,8,random_positions,8.75,-2.625,-0.375,2.25,False,False,google/gemma-2-9b-it,11c9b309abf73637e4b6f9a3fa1e92e615547819
32,heldout,7,60,2,9,answer_position,8.75,-2.625,-2.75,-0.125,False,False,google/gemma-2-9b-it,11c9b309abf73637e4b6f9a3fa1e92e615547819
32,heldout,7,60,2,9,number_tokens,8.75,-2.625,7.5,10.125,False,True,google/gemma-2-9b-it,11c9b309abf73637e4b6f9a3fa1e92e615547819
32,heldout,7,60,2,9,random_positions,8.75,-2.625,-0.25,2.375,False,False,google/gemma-2-9b-it,11c9b309abf73637e4b6f9a3fa1e92e615547819
32,heldout,7,60,2,10,answer_position,8.75,-2.625,-2.625,0.0,False,False,google/gemma-2-9b-it,11c9b309abf73637e4b6f9a3fa1e92e615547819
32,heldout,7,60,2,10,number_tokens,8.75,-2.625,7.125,9.75,False,True,google/gemma-2-9b-it,11c9b309abf73637e4b6f9a3fa1e92e615547819
32,heldout,7,60,2,10,random_positions,8.75,-2.625,-2.0,0.625,False,False,google/gemma-2-9b-it,11c9b309abf73637e4b6f9a3fa1e92e615547819
32,heldout,7,60,2,11,answer_position,8.75,-2.625,-2.625,0.0,False,False,google/gemma-2-9b-it,11c9b309abf73637e4b6f9a3fa1e92e615547819
32,heldout,7,60,2,11,number_tokens,8.75,-2.625,5.125,7.75,False,True,google/gemma-2-9b-it,11c9b309abf73637e4b6f9a3fa1e92e615547819
32,heldout,7,60,2,11,random_positions,8.75,-2.625,-1.875,0.75,False,False,google/gemma-2-9b-it,11c9b309abf73637e4b6f9a3fa1e92e615547819
32,heldout,7,60,2,12,answer_position,8.75,-2.625,-2.75,-0.125,False,False,google/gemma-2-9b-it,11c9b309abf73637e4b6f9a3fa1e92e615547819
32,heldout,7,60,2,12,number_tokens,8.75,-2.625,1.375,4.0,False,True,google/gemma-2-9b-it,11c9b309abf73637e4b6f9a3fa1e92e615547819
32,heldout,7,60,2,12,random_positions,8.75,-2.625,-3.5,-0.875,False,False,google/gemma-2-9b-it,11c9b309abf73637e4b6f9a3fa1e92e615547819
32,heldout,7,60,2,13,answer_position,8.75,-2.625,-2.625,0.0,False,False,google/gemma-2-9b-it,11c9b309abf73637e4b6f9a3fa1e92e615547819
32,heldout,7,60,2,13,number_tokens,8.75,-2.625,-1.75,0.875,False,False,google/gemma-2-9b-it,11c9b309abf73637e4b6f9a3fa1e92e615547819
32,heldout,7,60,2,13,random_positions,8.75,-2.625,-3.625,-1.0,False,False,google/gemma-2-9b-it,11c9b309abf73637e4b6f9a3fa1e92e615547819
32,heldout,7,60,2,14,answer_position,8.75,-2.625,-2.625,0.0,False,False,google/gemma-2-9b-it,11c9b309abf73637e4b6f9a3fa1e92e615547819
32,heldout,7,60,2,14,number_tokens,8.75,-2.625,0.625,3.25,False,True,google/gemma-2-9b-it,11c9b309abf73637e4b6f9a3fa1e92e615547819
32,heldout,7,60,2,14,random_positions,8.75,-2.625,-3.5,-0.875,False,False,google/gemma-2-9b-it,11c9b309abf73637e4b6f9a3fa1e92e615547819
32,heldout,7,60,2,15,answer_position,8.75,-2.625,-2.625,0.0,False,False,google/gemma-2-9b-it,11c9b309abf73637e4b6f9a3fa1e92e615547819
32,heldout,7,60,2,15,number_tokens,8.75,-2.625,4.75,7.375,False,True,google/gemma-2-9b-it,11c9b309abf73637e4b6f9a3fa1e92e615547819
32,heldout,7,60,2,15,random_positions,8.75,-2.625,-3.5,-0.875,False,False,google/gemma-2-9b-it,11c9b309abf73637e4b6f9a3fa1e92e615547819
32,heldout,7,60,2,16,answer_position,8.75,-2.625,-2.75,-0.125,False,False,google/gemma-2-9b-it,11c9b309abf73637e4b6f9a3fa1e92e615547819
32,heldout,7,60,2,16,number_tokens,8.75,-2.625,5.375,8.0,False,True,google/gemma-2-9b-it,11c9b309abf73637e4b6f9a3fa1e92e615547819
32,heldout,7,60,2,16,random_positions,8.75,-2.625,-3.0,-0.375,False,False,google/gemma-2-9b-it,11c9b309abf73637e4b6f9a3fa1e92e615547819
32,heldout,7,60,2,17,answer_position,8.75,-2.625,-2.75,-0.125,False,False,google/gemma-2-9b-it,11c9b309abf73637e4b6f9a3fa1e92e615547819
32,heldout,7,60,2,17,number_tokens,8.75,-2.625,5.5,8.125,False,True,google/gemma-2-9b-it,11c9b309abf73637e4b6f9a3fa1e92e615547819
32,heldout,7,60,2,17,random_positions,8.75,-2.625,-2.75,-0.125,False,False,google/gemma-2-9b-it,11c9b309abf73637e4b6f9a3fa1e92e615547819
32,heldout,7,60,2,18,answer_position,8.75,-2.625,-2.5,0.125,False,False,google/gemma-2-9b-it,11c9b309abf73637e4b6f9a3fa1e92e615547819
32,heldout,7,60,2,18,number_tokens,8.75,-2.625,3.875,6.5,False,True,google/gemma-2-9b-it,11c9b309abf73637e4b6f9a3fa1e92e615547819
32,heldout,7,60,2,18,random_positions,8.75,-2.625,-2.25,0.375,False,False,google/gemma-2-9b-it,11c9b309abf73637e4b6f9a3fa1e92e615547819
32,heldout,7,60,2,19,answer_position,8.75,-2.625,-2.75,-0.125,False,False,google/gemma-2-9b-it,11c9b309abf73637e4b6f9a3fa1e92e615547819
32,heldout,7,60,2,19,number_tokens,8.75,-2.625,5.125,7.75,False,True,google/gemma-2-9b-it,11c9b309abf73637e4b6f9a3fa1e92e615547819
32,heldout,7,60,2,19,random_positions,8.75,-2.625,-0.75,1.875,False,False,google/gemma-2-9b-it,11c9b309abf73637e4b6f9a3fa1e92e615547819
32,heldout,7,60,2,20,answer_position,8.75,-2.625,-1.75,0.875,False,False,google/gemma-2-9b-it,11c9b309abf73637e4b6f9a3fa1e92e615547819
32,heldout,7,60,2,20,number_tokens,8.75,-2.625,2.5,5.125,False,True,google/gemma-2-9b-it,11c9b309abf73637e4b6f9a3fa1e92e615547819
32,heldout,7,60,2,20,random_positions,8.75,-2.625,0.5,3.125,False,True,google/gemma-2-9b-it,11c9b309abf73637e4b6f9a3fa1e92e615547819
32,heldout,7,60,2,21,answer_position,8.75,-2.625,1.375,4.0,False,True,google/gemma-2-9b-it,11c9b309abf73637e4b6f9a3fa1e92e615547819
32,heldout,7,60,2,21,number_tokens,8.75,-2.625,0.125,2.75,False,True,google/gemma-2-9b-it,11c9b309abf73637e4b6f9a3fa1e92e615547819
32,heldout,7,60,2,21,random_positions,8.75,-2.625,0.875,3.5,False,True,google/gemma-2-9b-it,11c9b309abf73637e4b6f9a3fa1e92e615547819
32,heldout,7,60,2,22,answer_position,8.75,-2.625,4.375,7.0,False,True,google/gemma-2-9b-it,11c9b309abf73637e4b6f9a3fa1e92e615547819
32,heldout,7,60,2,22,number_tokens,8.75,-2.625,-0.75,1.875,False,False,google/gemma-2-9b-it,11c9b309abf73637e4b6f9a3fa1e92e615547819
32,heldout,7,60,2,22,random_positions,8.75,-2.625,1.75,4.375,False,True,google/gemma-2-9b-it,11c9b309abf73637e4b6f9a3fa1e92e615547819
32,heldout,7,60,2,23,answer_position,8.75,-2.625,6.1875,8.8125,False,True,google/gemma-2-9b-it,11c9b309abf73637e4b6f9a3fa1e92e615547819
32,heldout,7,60,2,23,number_tokens,8.75,-2.625,-3.25,-0.625,False,False,google/gemma-2-9b-it,11c9b309abf73637e4b6f9a3fa1e92e615547819
32,heldout,7,60,2,23,random_positions,8.75,-2.625,1.75,4.375,False,True,google/gemma-2-9b-it,11c9b309abf73637e4b6f9a3fa1e92e615547819
32,heldout,7,60,2,24,answer_position,8.75,-2.625,6.6875,9.3125,False,True,google/gemma-2-9b-it,11c9b309abf73637e4b6f9a3fa1e92e615547819
32,heldout,7,60,2,24,number_tokens,8.75,-2.625,-2.875,-0.25,False,False,google/gemma-2-9b-it,11c9b309abf73637e4b6f9a3fa1e92e615547819
32,heldout,7,60,2,24,random_positions,8.75,-2.625,1.5,4.125,False,True,google/gemma-2-9b-it,11c9b309abf73637e4b6f9a3fa1e92e615547819
32,heldout,7,60,2,25,answer_position,8.75,-2.625,7.375,10.0,False,True,google/gemma-2-9b-it,11c9b309abf73637e4b6f9a3fa1e92e615547819
32,heldout,7,60,2,25,number_tokens,8.75,-2.625,-2.875,-0.25,False,False,google/gemma-2-9b-it,11c9b309abf73637e4b6f9a3fa1e92e615547819
32,heldout,7,60,2,25,random_positions,8.75,-2.625,0.625,3.25,False,True,google/gemma-2-9b-it,11c9b309abf73637e4b6f9a3fa1e92e615547819
32,heldout,7,60,2,26,answer_position,8.75,-2.625,7.9375,10.5625,False,True,google/gemma-2-9b-it,11c9b309abf73637e4b6f9a3fa1e92e615547819
32,heldout,7,60,2,26,number_tokens,8.75,-2.625,-3.125,-0.5,False,False,google/gemma-2-9b-it,11c9b309abf73637e4b6f9a3fa1e92e615547819
32,heldout,7,60,2,26,random_positions,8.75,-2.625,-0.25,2.375,False,False,google/gemma-2-9b-it,11c9b309abf73637e4b6f9a3fa1e92e615547819
32,heldout,7,60,2,27,answer_position,8.75,-2.625,8.0,10.625,False,True,google/gemma-2-9b-it,11c9b309abf73637e4b6f9a3fa1e92e615547819
32,heldout,7,60,2,27,number_tokens,8.75,-2.625,-2.75,-0.125,False,False,google/gemma-2-9b-it,11c9b309abf73637e4b6f9a3fa1e92e615547819
32,heldout,7,60,2,27,random_positions,8.75,-2.625,-0.25,2.375,False,False,google/gemma-2-9b-it,11c9b309abf73637e4b6f9a3fa1e92e615547819
32,heldout,7,60,2,28,answer_position,8.75,-2.625,7.875,10.5,False,True,google/gemma-2-9b-it,11c9b309abf73637e4b6f9a3fa1e92e615547819
32,heldout,7,60,2,28,number_tokens,8.75,-2.625,-2.75,-0.125,False,False,google/gemma-2-9b-it,11c9b309abf73637e4b6f9a3fa1e92e615547819
32,heldout,7,60,2,28,random_positions,8.75,-2.625,-2.375,0.25,False,False,google/gemma-2-9b-it,11c9b309abf73637e4b6f9a3fa1e92e615547819
32,heldout,7,60,2,29,answer_position,8.75,-2.625,7.9375,10.5625,False,True,google/gemma-2-9b-it,11c9b309abf73637e4b6f9a3fa1e92e615547819
32,heldout,7,60,2,29,number_tokens,8.75,-2.625,-2.625,0.0,False,False,google/gemma-2-9b-it,11c9b309abf73637e4b6f9a3fa1e92e615547819
32,heldout,7,60,2,29,random_positions,8.75,-2.625,-2.375,0.25,False,False,google/gemma-2-9b-it,11c9b309abf73637e4b6f9a3fa1e92e615547819
32,heldout,7,60,2,30,answer_position,8.75,-2.625,7.875,10.5,False,True,google/gemma-2-9b-it,11c9b309abf73637e4b6f9a3fa1e92e615547819
32,heldout,7,60,2,30,number_tokens,8.75,-2.625,-2.625,0.0,False,False,google/gemma-2-9b-it,11c9b309abf73637e4b6f9a3fa1e92e615547819
32,heldout,7,60,2,30,random_positions,8.75,-2.625,-2.5,0.125,False,False,google/gemma-2-9b-it,11c9b309abf73637e4b6f9a3fa1e92e615547819
32,heldout,7,60,2,31,answer_position,8.75,-2.625,8.0,10.625,False,True,google/gemma-2-9b-it,11c9b309abf73637e4b6f9a3fa1e92e615547819
32,heldout,7,60,2,31,number_tokens,8.75,-2.625,-2.625,0.0,False,False,google/gemma-2-9b-it,11c9b309abf73637e4b6f9a3fa1e92e615547819
32,heldout,7,60,2,31,random_positions,8.75,-2.625,-2.5,0.125,False,False,google/gemma-2-9b-it,11c9b309abf73637e4b6f9a3fa1e92e615547819
32,heldout,7,60,2,32,answer_position,8.75,-2.625,8.125,10.75,False,True,google/gemma-2-9b-it,11c9b309abf73637e4b6f9a3fa1e92e615547819
32,heldout,7,60,2,32,number_tokens,8.75,-2.625,-2.625,0.0,False,False,google/gemma-2-9b-it,11c9b309abf73637e4b6f9a3fa1e92e615547819
32,heldout,7,60,2,32,random_positions,8.75,-2.625,-2.5,0.125,False,False,google/gemma-2-9b-it,11c9b309abf73637e4b6f9a3fa1e92e615547819
32,heldout,7,60,2,33,answer_position,8.75,-2.625,8.125,10.75,False,True,google/gemma-2-9b-it,11c9b309abf73637e4b6f9a3fa1e92e615547819
32,heldout,7,60,2,33,number_tokens,8.75,-2.625,-2.625,0.0,False,False,google/gemma-2-9b-it,11c9b309abf73637e4b6f9a3fa1e92e615547819
32,heldout,7,60,2,33,random_positions,8.75,-2.625,-2.5,0.125,False,False,google/gemma-2-9b-it,11c9b309abf73637e4b6f9a3fa1e92e615547819
32,heldout,7,60,2,34,answer_position,8.75,-2.625,8.125,10.75,False,True,google/gemma-2-9b-it,11c9b309abf73637e4b6f9a3fa1e92e615547819
32,heldout,7,60,2,34,number_tokens,8.75,-2.625,-2.625,0.0,False,False,google/gemma-2-9b-it,11c9b309abf73637e4b6f9a3fa1e92e615547819
32,heldout,7,60,2,34,random_positions,8.75,-2.625,-2.625,0.0,False,False,google/gemma-2-9b-it,11c9b309abf73637e4b6f9a3fa1e92e615547819
32,heldout,7,60,2,35,answer_position,8.75,-2.625,8.1875,10.8125,False,True,google/gemma-2-9b-it,11c9b309abf73637e4b6f9a3fa1e92e615547819
32,heldout,7,60,2,35,number_tokens,8.75,-2.625,-2.75,-0.125,False,False,google/gemma-2-9b-it,11c9b309abf73637e4b6f9a3fa1e92e615547819
32,heldout,7,60,2,35,random_positions,8.75,-2.625,-2.75,-0.125,False,False,google/gemma-2-9b-it,11c9b309abf73637e4b6f9a3fa1e92e615547819
32,heldout,7,60,2,36,answer_position,8.75,-2.625,8.125,10.75,False,True,google/gemma-2-9b-it,11c9b309abf73637e4b6f9a3fa1e92e615547819
32,heldout,7,60,2,36,number_tokens,8.75,-2.625,-2.625,0.0,False,False,google/gemma-2-9b-it,11c9b309abf73637e4b6f9a3fa1e92e615547819
32,heldout,7,60,2,36,random_positions,8.75,-2.625,-2.625,0.0,False,False,google/gemma-2-9b-it,11c9b309abf73637e4b6f9a3fa1e92e615547819
32,heldout,7,60,2,37,answer_position,8.75,-2.625,8.25,10.875,False,True,google/gemma-2-9b-it,11c9b309abf73637e4b6f9a3fa1e92e615547819
32,heldout,7,60,2,37,number_tokens,8.75,-2.625,-2.75,-0.125,False,False,google/gemma-2-9b-it,11c9b309abf73637e4b6f9a3fa1e92e615547819
32,heldout,7,60,2,37,random_positions,8.75,-2.625,-2.625,0.0,False,False,google/gemma-2-9b-it,11c9b309abf73637e4b6f9a3fa1e92e615547819
32,heldout,7,60,2,38,answer_position,8.75,-2.625,8.4375,11.0625,False,True,google/gemma-2-9b-it,11c9b309abf73637e4b6f9a3fa1e92e615547819
32,heldout,7,60,2,38,number_tokens,8.75,-2.625,-2.625,0.0,False,False,google/gemma-2-9b-it,11c9b309abf73637e4b6f9a3fa1e92e615547819
32,heldout,7,60,2,38,random_positions,8.75,-2.625,-2.625,0.0,False,False,google/gemma-2-9b-it,11c9b309abf73637e4b6f9a3fa1e92e615547819
32,heldout,7,60,2,39,answer_position,8.75,-2.625,8.4375,11.0625,False,True,google/gemma-2-9b-it,11c9b309abf73637e4b6f9a3fa1e92e615547819
32,heldout,7,60,2,39,number_tokens,8.75,-2.625,-2.625,0.0,False,False,google/gemma-2-9b-it,11c9b309abf73637e4b6f9a3fa1e92e615547819
32,heldout,7,60,2,39,random_positions,8.75,-2.625,-2.625,0.0,False,False,google/gemma-2-9b-it,11c9b309abf73637e4b6f9a3fa1e92e615547819
32,heldout,7,60,2,40,answer_position,8.75,-2.625,8.6875,11.3125,False,True,google/gemma-2-9b-it,11c9b309abf73637e4b6f9a3fa1e92e615547819
32,heldout,7,60,2,40,number_tokens,8.75,-2.625,-2.5,0.125,False,False,google/gemma-2-9b-it,11c9b309abf73637e4b6f9a3fa1e92e615547819
32,heldout,7,60,2,40,random_positions,8.75,-2.625,-2.625,0.0,False,False,google/gemma-2-9b-it,11c9b309abf73637e4b6f9a3fa1e92e615547819
32,heldout,7,60,2,41,answer_position,8.75,-2.625,8.75,11.375,False,True,google/gemma-2-9b-it,11c9b309abf73637e4b6f9a3fa1e92e615547819
32,heldout,7,60,2,41,number_tokens,8.75,-2.625,-2.625,0.0,False,False,google/gemma-2-9b-it,11c9b309abf73637e4b6f9a3fa1e92e615547819
32,heldout,7,60,2,41,random_positions,8.75,-2.625,-2.625,0.0,False,False,google/gemma-2-9b-it,11c9b309abf73637e4b6f9a3fa1e92e615547819
33,heldout,7,61,3,0,answer_position,9.4375,6.25,6.125,-0.125,True,True,google/gemma-2-9b-it,11c9b309abf73637e4b6f9a3fa1e92e615547819
33,heldout,7,61,3,0,number_tokens,9.4375,6.25,6.25,0.0,True,True,google/gemma-2-9b-it,11c9b309abf73637e4b6f9a3fa1e92e615547819
33,heldout,7,61,3,0,random_positions,9.4375,6.25,6.25,0.0,True,True,google/gemma-2-9b-it,11c9b309abf73637e4b6f9a3fa1e92e615547819
33,heldout,7,61,3,1,answer_position,9.4375,6.25,6.125,-0.125,True,True,google/gemma-2-9b-it,11c9b309abf73637e4b6f9a3fa1e92e615547819
33,heldout,7,61,3,1,number_tokens,9.4375,6.25,6.25,0.0,True,True,google/gemma-2-9b-it,11c9b309abf73637e4b6f9a3fa1e92e615547819
33,heldout,7,61,3,1,random_positions,9.4375,6.25,6.25,0.0,True,True,google/gemma-2-9b-it,11c9b309abf73637e4b6f9a3fa1e92e615547819
33,heldout,7,61,3,2,answer_position,9.4375,6.25,6.25,0.0,True,True,google/gemma-2-9b-it,11c9b309abf73637e4b6f9a3fa1e92e615547819
33,heldout,7,61,3,2,number_tokens,9.4375,6.25,6.4375,0.1875,True,True,google/gemma-2-9b-it,11c9b309abf73637e4b6f9a3fa1e92e615547819
33,heldout,7,61,3,2,random_positions,9.4375,6.25,6.125,-0.125,True,True,google/gemma-2-9b-it,11c9b309abf73637e4b6f9a3fa1e92e615547819
33,heldout,7,61,3,3,answer_position,9.4375,6.25,6.25,0.0,True,True,google/gemma-2-9b-it,11c9b309abf73637e4b6f9a3fa1e92e615547819
33,heldout,7,61,3,3,number_tokens,9.4375,6.25,6.4375,0.1875,True,True,google/gemma-2-9b-it,11c9b309abf73637e4b6f9a3fa1e92e615547819
33,heldout,7,61,3,3,random_positions,9.4375,6.25,5.875,-0.375,True,True,google/gemma-2-9b-it,11c9b309abf73637e4b6f9a3fa1e92e615547819
33,heldout,7,61,3,4,answer_position,9.4375,6.25,6.25,0.0,True,True,google/gemma-2-9b-it,11c9b309abf73637e4b6f9a3fa1e92e615547819
33,heldout,7,61,3,4,number_tokens,9.4375,6.25,6.5625,0.3125,True,True,google/gemma-2-9b-it,11c9b309abf73637e4b6f9a3fa1e92e615547819
33,heldout,7,61,3,4,random_positions,9.4375,6.25,6.0,-0.25,True,True,google/gemma-2-9b-it,11c9b309abf73637e4b6f9a3fa1e92e615547819
33,heldout,7,61,3,5,answer_position,9.4375,6.25,6.0,-0.25,True,True,google/gemma-2-9b-it,11c9b309abf73637e4b6f9a3fa1e92e615547819
33,heldout,7,61,3,5,number_tokens,9.4375,6.25,7.8125,1.5625,True,True,google/gemma-2-9b-it,11c9b309abf73637e4b6f9a3fa1e92e615547819
33,heldout,7,61,3,5,random_positions,9.4375,6.25,5.875,-0.375,True,True,google/gemma-2-9b-it,11c9b309abf73637e4b6f9a3fa1e92e615547819
33,heldout,7,61,3,6,answer_position,9.4375,6.25,6.125,-0.125,True,True,google/gemma-2-9b-it,11c9b309abf73637e4b6f9a3fa1e92e615547819
33,heldout,7,61,3,6,number_tokens,9.4375,6.25,7.625,1.375,True,True,google/gemma-2-9b-it,11c9b309abf73637e4b6f9a3fa1e92e615547819
33,heldout,7,61,3,6,random_positions,9.4375,6.25,5.75,-0.5,True,True,google/gemma-2-9b-it,11c9b309abf73637e4b6f9a3fa1e92e615547819
33,heldout,7,61,3,7,answer_position,9.4375,6.25,6.125,-0.125,True,True,google/gemma-2-9b-it,11c9b309abf73637e4b6f9a3fa1e92e615547819
33,heldout,7,61,3,7,number_tokens,9.4375,6.25,8.1875,1.9375,True,True,google/gemma-2-9b-it,11c9b309abf73637e4b6f9a3fa1e92e615547819
33,heldout,7,61,3,7,random_positions,9.4375,6.25,5.625,-0.625,True,True,google/gemma-2-9b-it,11c9b309abf73637e4b6f9a3fa1e92e615547819
33,heldout,7,61,3,8,answer_position,9.4375,6.25,6.125,-0.125,True,True,google/gemma-2-9b-it,11c9b309abf73637e4b6f9a3fa1e92e615547819
33,heldout,7,61,3,8,number_tokens,9.4375,6.25,8.3125,2.0625,True,True,google/gemma-2-9b-it,11c9b309abf73637e4b6f9a3fa1e92e615547819
33,heldout,7,61,3,8,random_positions,9.4375,6.25,6.125,-0.125,True,True,google/gemma-2-9b-it,11c9b309abf73637e4b6f9a3fa1e92e615547819
33,heldout,7,61,3,9,answer_position,9.4375,6.25,6.125,-0.125,True,True,google/gemma-2-9b-it,11c9b309abf73637e4b6f9a3fa1e92e615547819
33,heldout,7,61,3,9,number_tokens,9.4375,6.25,8.375,2.125,True,True,google/gemma-2-9b-it,11c9b309abf73637e4b6f9a3fa1e92e615547819
33,heldout,7,61,3,9,random_positions,9.4375,6.25,6.125,-0.125,True,True,google/gemma-2-9b-it,11c9b309abf73637e4b6f9a3fa1e92e615547819
33,heldout,7,61,3,10,answer_position,9.4375,6.25,6.125,-0.125,True,True,google/gemma-2-9b-it,11c9b309abf73637e4b6f9a3fa1e92e615547819
33,heldout,7,61,3,10,number_tokens,9.4375,6.25,8.5625,2.3125,True,True,google/gemma-2-9b-it,11c9b309abf73637e4b6f9a3fa1e92e615547819
33,heldout,7,61,3,10,random_positions,9.4375,6.25,7.75,1.5,True,True,google/gemma-2-9b-it,11c9b309abf73637e4b6f9a3fa1e92e615547819
33,heldout,7,61,3,11,answer_position,9.4375,6.25,6.25,0.0,True,True,google/gemma-2-9b-it,11c9b309abf73637e4b6f9a3fa1e92e615547819
33,heldout,7,61,3,11,number_tokens,9.4375,6.25,6.125,-0.125,True,True,google/gemma-2-9b-it,11c9b309abf73637e4b6f9a3fa1e92e615547819
33,heldout,7,61,3,11,random_positions,9.4375,6.25,8.0625,1.8125,True,True,google/gemma-2-9b-it,11c9b309abf73637e4b6f9a3fa1e92e615547819
33,heldout,7,61,3,12,answer_position,9.4375,6.25,6.125,-0.125,True,True,google/gemma-2-9b-it,11c9b309abf73637e4b6f9a3fa1e92e615547819
33,heldout,7,61,3,12,number_tokens,9.4375,6.25,-3.0,-9.25,True,False,google/gemma-2-9b-it,11c9b309abf73637e4b6f9a3fa1e92e615547819
33,heldout,7,61,3,12,random_positions,9.4375,6.25,8.25,2.0,True,True,google/gemma-2-9b-it,11c9b309abf73637e4b6f9a3fa1e92e615547819
33,heldout,7,61,3,13,answer_position,9.4375,6.25,6.125,-0.125,True,True,google/gemma-2-9b-it,11c9b309abf73637e4b6f9a3fa1e92e615547819
33,heldout,7,61,3,13,number_tokens,9.4375,6.25,-2.5,-8.75,True,False,google/gemma-2-9b-it,11c9b309abf73637e4b6f9a3fa1e92e615547819
33,heldout,7,61,3,13,random_positions,9.4375,6.25,8.9375,2.6875,True,True,google/gemma-2-9b-it,11c9b309abf73637e4b6f9a3fa1e92e615547819
33,heldout,7,61,3,14,answer_position,9.4375,6.25,6.25,0.0,True,True,google/gemma-2-9b-it,11c9b309abf73637e4b6f9a3fa1e92e615547819
33,heldout,7,61,3,14,number_tokens,9.4375,6.25,1.75,-4.5,True,True,google/gemma-2-9b-it,11c9b309abf73637e4b6f9a3fa1e92e615547819
33,heldout,7,61,3,14,random_positions,9.4375,6.25,9.0625,2.8125,True,True,google/gemma-2-9b-it,11c9b309abf73637e4b6f9a3fa1e92e615547819
33,heldout,7,61,3,15,answer_position,9.4375,6.25,6.125,-0.125,True,True,google/gemma-2-9b-it,11c9b309abf73637e4b6f9a3fa1e92e615547819
33,heldout,7,61,3,15,number_tokens,9.4375,6.25,6.0,-0.25,True,True,google/gemma-2-9b-it,11c9b309abf73637e4b6f9a3fa1e92e615547819
33,heldout,7,61,3,15,random_positions,9.4375,6.25,8.875,2.625,True,True,google/gemma-2-9b-it,11c9b309abf73637e4b6f9a3fa1e92e615547819
33,heldout,7,61,3,16,answer_position,9.4375,6.25,6.125,-0.125,True,True,google/gemma-2-9b-it,11c9b309abf73637e4b6f9a3fa1e92e615547819
33,heldout,7,61,3,16,number_tokens,9.4375,6.25,7.5,1.25,True,True,google/gemma-2-9b-it,11c9b309abf73637e4b6f9a3fa1e92e615547819
33,heldout,7,61,3,16,random_positions,9.4375,6.25,8.875,2.625,True,True,google/gemma-2-9b-it,11c9b309abf73637e4b6f9a3fa1e92e615547819
33,heldout,7,61,3,17,answer_position,9.4375,6.25,6.125,-0.125,True,True,google/gemma-2-9b-it,11c9b309abf73637e4b6f9a3fa1e92e615547819
33,heldout,7,61,3,17,number_tokens,9.4375,6.25,7.625,1.375,True,True,google/gemma-2-9b-it,11c9b309abf73637e4b6f9a3fa1e92e615547819
33,heldout,7,61,3,17,random_positions,9.4375,6.25,8.1875,1.9375,True,True,google/gemma-2-9b-it,11c9b309abf73637e4b6f9a3fa1e92e615547819
33,heldout,7,61,3,18,answer_position,9.4375,6.25,6.125,-0.125,True,True,google/gemma-2-9b-it,11c9b309abf73637e4b6f9a3fa1e92e615547819
33,heldout,7,61,3,18,number_tokens,9.4375,6.25,6.9375,0.6875,True,True,google/gemma-2-9b-it,11c9b309abf73637e4b6f9a3fa1e92e615547819
33,heldout,7,61,3,18,random_positions,9.4375,6.25,8.4375,2.1875,True,True,google/gemma-2-9b-it,11c9b309abf73637e4b6f9a3fa1e92e615547819
33,heldout,7,61,3,19,answer_position,9.4375,6.25,6.125,-0.125,True,True,google/gemma-2-9b-it,11c9b309abf73637e4b6f9a3fa1e92e615547819
33,heldout,7,61,3,19,number_tokens,9.4375,6.25,7.75,1.5,True,True,google/gemma-2-9b-it,11c9b309abf73637e4b6f9a3fa1e92e615547819
33,heldout,7,61,3,19,random_positions,9.4375,6.25,8.375,2.125,True,True,google/gemma-2-9b-it,11c9b309abf73637e4b6f9a3fa1e92e615547819
33,heldout,7,61,3,20,answer_position,9.4375,6.25,6.4375,0.1875,True,True,google/gemma-2-9b-it,11c9b309abf73637e4b6f9a3fa1e92e615547819
33,heldout,7,61,3,20,number_tokens,9.4375,6.25,6.9375,0.6875,True,True,google/gemma-2-9b-it,11c9b309abf73637e4b6f9a3fa1e92e615547819
33,heldout,7,61,3,20,random_positions,9.4375,6.25,8.5625,2.3125,True,True,google/gemma-2-9b-it,11c9b309abf73637e4b6f9a3fa1e92e615547819
33,heldout,7,61,3,21,answer_position,9.4375,6.25,6.9375,0.6875,True,True,google/gemma-2-9b-it,11c9b309abf73637e4b6f9a3fa1e92e615547819
33,heldout,7,61,3,21,number_tokens,9.4375,6.25,6.8125,0.5625,True,True,google/gemma-2-9b-it,11c9b309abf73637e4b6f9a3fa1e92e615547819
33,heldout,7,61,3,21,random_positions,9.4375,6.25,7.75,1.5,True,True,google/gemma-2-9b-it,11c9b309abf73637e4b6f9a3fa1e92e615547819
33,heldout,7,61,3,22,answer_position,9.4375,6.25,7.625,1.375,True,True,google/gemma-2-9b-it,11c9b309abf73637e4b6f9a3fa1e92e615547819
33,heldout,7,61,3,22,number_tokens,9.4375,6.25,6.8125,0.5625,True,True,google/gemma-2-9b-it,11c9b309abf73637e4b6f9a3fa1e92e615547819
33,heldout,7,61,3,22,random_positions,9.4375,6.25,7.125,0.875,True,True,google/gemma-2-9b-it,11c9b309abf73637e4b6f9a3fa1e92e615547819
33,heldout,7,61,3,23,answer_position,9.4375,6.25,8.125,1.875,True,True,google/gemma-2-9b-it,11c9b309abf73637e4b6f9a3fa1e92e615547819
33,heldout,7,61,3,23,number_tokens,9.4375,6.25,6.25,0.0,True,True,google/gemma-2-9b-it,11c9b309abf73637e4b6f9a3fa1e92e615547819
33,heldout,7,61,3,23,random_positions,9.4375,6.25,6.0,-0.25,True,True,google/gemma-2-9b-it,11c9b309abf73637e4b6f9a3fa1e92e615547819
33,heldout,7,61,3,24,answer_position,9.4375,6.25,8.375,2.125,True,True,google/gemma-2-9b-it,11c9b309abf73637e4b6f9a3fa1e92e615547819
33,heldout,7,61,3,24,number_tokens,9.4375,6.25,6.125,-0.125,True,True,google/gemma-2-9b-it,11c9b309abf73637e4b6f9a3fa1e92e615547819
33,heldout,7,61,3,24,random_positions,9.4375,6.25,5.875,-0.375,True,True,google/gemma-2-9b-it,11c9b309abf73637e4b6f9a3fa1e92e615547819
33,heldout,7,61,3,25,answer_position,9.4375,6.25,8.8125,2.5625,True,True,google/gemma-2-9b-it,11c9b309abf73637e4b6f9a3fa1e92e615547819
33,heldout,7,61,3,25,number_tokens,9.4375,6.25,6.125,-0.125,True,True,google/gemma-2-9b-it,11c9b309abf73637e4b6f9a3fa1e92e615547819
33,heldout,7,61,3,25,random_positions,9.4375,6.25,6.0,-0.25,True,True,google/gemma-2-9b-it,11c9b309abf73637e4b6f9a3fa1e92e615547819
33,heldout,7,61,3,26,answer_position,9.4375,6.25,8.8125,2.5625,True,True,google/gemma-2-9b-it,11c9b309abf73637e4b6f9a3fa1e92e615547819
33,heldout,7,61,3,26,number_tokens,9.4375,6.25,6.25,0.0,True,True,google/gemma-2-9b-it,11c9b309abf73637e4b6f9a3fa1e92e615547819
33,heldout,7,61,3,26,random_positions,9.4375,6.25,6.125,-0.125,True,True,google/gemma-2-9b-it,11c9b309abf73637e4b6f9a3fa1e92e615547819
33,heldout,7,61,3,27,answer_position,9.4375,6.25,8.8125,2.5625,True,True,google/gemma-2-9b-it,11c9b309abf73637e4b6f9a3fa1e92e615547819
33,heldout,7,61,3,27,number_tokens,9.4375,6.25,6.25,0.0,True,True,google/gemma-2-9b-it,11c9b309abf73637e4b6f9a3fa1e92e615547819
33,heldout,7,61,3,27,random_positions,9.4375,6.25,6.125,-0.125,True,True,google/gemma-2-9b-it,11c9b309abf73637e4b6f9a3fa1e92e615547819
33,heldout,7,61,3,28,answer_position,9.4375,6.25,8.6875,2.4375,True,True,google/gemma-2-9b-it,11c9b309abf73637e4b6f9a3fa1e92e615547819
33,heldout,7,61,3,28,number_tokens,9.4375,6.25,6.25,0.0,True,True,google/gemma-2-9b-it,11c9b309abf73637e4b6f9a3fa1e92e615547819
33,heldout,7,61,3,28,random_positions,9.4375,6.25,6.125,-0.125,True,True,google/gemma-2-9b-it,11c9b309abf73637e4b6f9a3fa1e92e615547819
33,heldout,7,61,3,29,answer_position,9.4375,6.25,8.6875,2.4375,True,True,google/gemma-2-9b-it,11c9b309abf73637e4b6f9a3fa1e92e615547819
33,heldout,7,61,3,29,number_tokens,9.4375,6.25,6.125,-0.125,True,True,google/gemma-2-9b-it,11c9b309abf73637e4b6f9a3fa1e92e615547819
33,heldout,7,61,3,29,random_positions,9.4375,6.25,6.125,-0.125,True,True,google/gemma-2-9b-it,11c9b309abf73637e4b6f9a3fa1e92e615547819
33,heldout,7,61,3,30,answer_position,9.4375,6.25,8.8125,2.5625,True,True,google/gemma-2-9b-it,11c9b309abf73637e4b6f9a3fa1e92e615547819
33,heldout,7,61,3,30,number_tokens,9.4375,6.25,6.125,-0.125,True,True,google/gemma-2-9b-it,11c9b309abf73637e4b6f9a3fa1e92e615547819
33,heldout,7,61,3,30,random_positions,9.4375,6.25,6.125,-0.125,True,True,google/gemma-2-9b-it,11c9b309abf73637e4b6f9a3fa1e92e615547819
33,heldout,7,61,3,31,answer_position,9.4375,6.25,8.8125,2.5625,True,True,google/gemma-2-9b-it,11c9b309abf73637e4b6f9a3fa1e92e615547819
33,heldout,7,61,3,31,number_tokens,9.4375,6.25,6.25,0.0,True,True,google/gemma-2-9b-it,11c9b309abf73637e4b6f9a3fa1e92e615547819
33,heldout,7,61,3,31,random_positions,9.4375,6.25,6.125,-0.125,True,True,google/gemma-2-9b-it,11c9b309abf73637e4b6f9a3fa1e92e615547819
33,heldout,7,61,3,32,answer_position,9.4375,6.25,8.875,2.625,True,True,google/gemma-2-9b-it,11c9b309abf73637e4b6f9a3fa1e92e615547819
33,heldout,7,61,3,32,number_tokens,9.4375,6.25,6.125,-0.125,True,True,google/gemma-2-9b-it,11c9b309abf73637e4b6f9a3fa1e92e615547819
33,heldout,7,61,3,32,random_positions,9.4375,6.25,6.125,-0.125,True,True,google/gemma-2-9b-it,11c9b309abf73637e4b6f9a3fa1e92e615547819
33,heldout,7,61,3,33,answer_position,9.4375,6.25,8.875,2.625,True,True,google/gemma-2-9b-it,11c9b309abf73637e4b6f9a3fa1e92e615547819
33,heldout,7,61,3,33,number_tokens,9.4375,6.25,6.25,0.0,True,True,google/gemma-2-9b-it,11c9b309abf73637e4b6f9a3fa1e92e615547819
33,heldout,7,61,3,33,random_positions,9.4375,6.25,6.25,0.0,True,True,google/gemma-2-9b-it,11c9b309abf73637e4b6f9a3fa1e92e615547819
33,heldout,7,61,3,34,answer_position,9.4375,6.25,9.0,2.75,True,True,google/gemma-2-9b-it,11c9b309abf73637e4b6f9a3fa1e92e615547819
33,heldout,7,61,3,34,number_tokens,9.4375,6.25,6.25,0.0,True,True,google/gemma-2-9b-it,11c9b309abf73637e4b6f9a3fa1e92e615547819
33,heldout,7,61,3,34,random_positions,9.4375,6.25,6.125,-0.125,True,True,google/gemma-2-9b-it,11c9b309abf73637e4b6f9a3fa1e92e615547819
33,heldout,7,61,3,35,answer_position,9.4375,6.25,9.0,2.75,True,True,google/gemma-2-9b-it,11c9b309abf73637e4b6f9a3fa1e92e615547819
33,heldout,7,61,3,35,number_tokens,9.4375,6.25,6.125,-0.125,True,True,google/gemma-2-9b-it,11c9b309abf73637e4b6f9a3fa1e92e615547819
33,heldout,7,61,3,35,random_positions,9.4375,6.25,6.125,-0.125,True,True,google/gemma-2-9b-it,11c9b309abf73637e4b6f9a3fa1e92e615547819
33,heldout,7,61,3,36,answer_position,9.4375,6.25,9.0,2.75,True,True,google/gemma-2-9b-it,11c9b309abf73637e4b6f9a3fa1e92e615547819
33,heldout,7,61,3,36,number_tokens,9.4375,6.25,6.125,-0.125,True,True,google/gemma-2-9b-it,11c9b309abf73637e4b6f9a3fa1e92e615547819
33,heldout,7,61,3,36,random_positions,9.4375,6.25,6.125,-0.125,True,True,google/gemma-2-9b-it,11c9b309abf73637e4b6f9a3fa1e92e615547819
33,heldout,7,61,3,37,answer_position,9.4375,6.25,9.0,2.75,True,True,google/gemma-2-9b-it,11c9b309abf73637e4b6f9a3fa1e92e615547819
33,heldout,7,61,3,37,number_tokens,9.4375,6.25,6.25,0.0,True,True,google/gemma-2-9b-it,11c9b309abf73637e4b6f9a3fa1e92e615547819
33,heldout,7,61,3,37,random_positions,9.4375,6.25,6.125,-0.125,True,True,google/gemma-2-9b-it,11c9b309abf73637e4b6f9a3fa1e92e615547819
33,heldout,7,61,3,38,answer_position,9.4375,6.25,9.125,2.875,True,True,google/gemma-2-9b-it,11c9b309abf73637e4b6f9a3fa1e92e615547819
33,heldout,7,61,3,38,number_tokens,9.4375,6.25,6.25,0.0,True,True,google/gemma-2-9b-it,11c9b309abf73637e4b6f9a3fa1e92e615547819
33,heldout,7,61,3,38,random_positions,9.4375,6.25,6.125,-0.125,True,True,google/gemma-2-9b-it,11c9b309abf73637e4b6f9a3fa1e92e615547819
33,heldout,7,61,3,39,answer_position,9.4375,6.25,9.1875,2.9375,True,True,google/gemma-2-9b-it,11c9b309abf73637e4b6f9a3fa1e92e615547819
33,heldout,7,61,3,39,number_tokens,9.4375,6.25,6.125,-0.125,True,True,google/gemma-2-9b-it,11c9b309abf73637e4b6f9a3fa1e92e615547819
33,heldout,7,61,3,39,random_positions,9.4375,6.25,6.25,0.0,True,True,google/gemma-2-9b-it,11c9b309abf73637e4b6f9a3fa1e92e615547819
33,heldout,7,61,3,40,answer_position,9.4375,6.25,9.3125,3.0625,True,True,google/gemma-2-9b-it,11c9b309abf73637e4b6f9a3fa1e92e615547819
33,heldout,7,61,3,40,number_tokens,9.4375,6.25,6.25,0.0,True,True,google/gemma-2-9b-it,11c9b309abf73637e4b6f9a3fa1e92e615547819
33,heldout,7,61,3,40,random_positions,9.4375,6.25,6.25,0.0,True,True,google/gemma-2-9b-it,11c9b309abf73637e4b6f9a3fa1e92e615547819
33,heldout,7,61,3,41,answer_position,9.4375,6.25,9.4375,3.1875,True,True,google/gemma-2-9b-it,11c9b309abf73637e4b6f9a3fa1e92e615547819
33,heldout,7,61,3,41,number_tokens,9.4375,6.25,6.25,0.0,True,True,google/gemma-2-9b-it,11c9b309abf73637e4b6f9a3fa1e92e615547819
33,heldout,7,61,3,41,random_positions,9.4375,6.25,6.25,0.0,True,True,google/gemma-2-9b-it,11c9b309abf73637e4b6f9a3fa1e92e615547819
34,heldout,7,62,4,0,answer_position,9.125,6.25,6.25,0.0,True,True,google/gemma-2-9b-it,11c9b309abf73637e4b6f9a3fa1e92e615547819
34,heldout,7,62,4,0,number_tokens,9.125,6.25,6.375,0.125,True,True,google/gemma-2-9b-it,11c9b309abf73637e4b6f9a3fa1e92e615547819
34,heldout,7,62,4,0,random_positions,9.125,6.25,4.125,-2.125,True,True,google/gemma-2-9b-it,11c9b309abf73637e4b6f9a3fa1e92e615547819
34,heldout,7,62,4,1,answer_position,9.125,6.25,6.0,-0.25,True,True,google/gemma-2-9b-it,11c9b309abf73637e4b6f9a3fa1e92e615547819
34,heldout,7,62,4,1,number_tokens,9.125,6.25,6.5,0.25,True,True,google/gemma-2-9b-it,11c9b309abf73637e4b6f9a3fa1e92e615547819
34,heldout,7,62,4,1,random_positions,9.125,6.25,4.375,-1.875,True,True,google/gemma-2-9b-it,11c9b309abf73637e4b6f9a3fa1e92e615547819
34,heldout,7,62,4,2,answer_position,9.125,6.25,6.25,0.0,True,True,google/gemma-2-9b-it,11c9b309abf73637e4b6f9a3fa1e92e615547819
34,heldout,7,62,4,2,number_tokens,9.125,6.25,6.5625,0.3125,True,True,google/gemma-2-9b-it,11c9b309abf73637e4b6f9a3fa1e92e615547819
34,heldout,7,62,4,2,random_positions,9.125,6.25,4.75,-1.5,True,True,google/gemma-2-9b-it,11c9b309abf73637e4b6f9a3fa1e92e615547819
34,heldout,7,62,4,3,answer_position,9.125,6.25,6.25,0.0,True,True,google/gemma-2-9b-it,11c9b309abf73637e4b6f9a3fa1e92e615547819
34,heldout,7,62,4,3,number_tokens,9.125,6.25,6.5625,0.3125,True,True,google/gemma-2-9b-it,11c9b309abf73637e4b6f9a3fa1e92e615547819
34,heldout,7,62,4,3,random_positions,9.125,6.25,4.625,-1.625,True,True,google/gemma-2-9b-it,11c9b309abf73637e4b6f9a3fa1e92e615547819
34,heldout,7,62,4,4,answer_position,9.125,6.25,6.25,0.0,True,True,google/gemma-2-9b-it,11c9b309abf73637e4b6f9a3fa1e92e615547819
34,heldout,7,62,4,4,number_tokens,9.125,6.25,6.6875,0.4375,True,True,google/gemma-2-9b-it,11c9b309abf73637e4b6f9a3fa1e92e615547819
34,heldout,7,62,4,4,random_positions,9.125,6.25,4.75,-1.5,True,True,google/gemma-2-9b-it,11c9b309abf73637e4b6f9a3fa1e92e615547819
34,heldout,7,62,4,5,answer_position,9.125,6.25,6.25,0.0,True,True,google/gemma-2-9b-it,11c9b309abf73637e4b6f9a3fa1e92e615547819
34,heldout,7,62,4,5,number_tokens,9.125,6.25,7.75,1.5,True,True,google/gemma-2-9b-it,11c9b309abf73637e4b6f9a3fa1e92e615547819
34,heldout,7,62,4,5,random_positions,9.125,6.25,5.375,-0.875,True,True,google/gemma-2-9b-it,11c9b309abf73637e4b6f9a3fa1e92e615547819
34,heldout,7,62,4,6,answer_position,9.125,6.25,6.25,0.0,True,True,google/gemma-2-9b-it,11c9b309abf73637e4b6f9a3fa1e92e615547819
34,heldout,7,62,4,6,number_tokens,9.125,6.25,7.375,1.125,True,True,google/gemma-2-9b-it,11c9b309abf73637e4b6f9a3fa1e92e615547819
34,heldout,7,62,4,6,random_positions,9.125,6.25,6.125,-0.125,True,True,google/gemma-2-9b-it,11c9b309abf73637e4b6f9a3fa1e92e615547819
34,heldout,7,62,4,7,answer_position,9.125,6.25,6.125,-0.125,True,True,google/gemma-2-9b-it,11c9b309abf73637e4b6f9a3fa1e92e615547819
34,heldout,7,62,4,7,number_tokens,9.125,6.25,8.25,2.0,True,True,google/gemma-2-9b-it,11c9b309abf73637e4b6f9a3fa1e92e615547819
34,heldout,7,62,4,7,random_positions,9.125,6.25,6.125,-0.125,True,True,google/gemma-2-9b-it,11c9b309abf73637e4b6f9a3fa1e92e615547819
34,heldout,7,62,4,8,answer_position,9.125,6.25,6.25,0.0,True,True,google/gemma-2-9b-it,11c9b309abf73637e4b6f9a3fa1e92e615547819
34,heldout,7,62,4,8,number_tokens,9.125,6.25,8.1875,1.9375,True,True,google/gemma-2-9b-it,11c9b309abf73637e4b6f9a3fa1e92e615547819
34,heldout,7,62,4,8,random_positions,9.125,6.25,6.4375,0.1875,True,True,google/gemma-2-9b-it,11c9b309abf73637e4b6f9a3fa1e92e615547819
34,heldout,7,62,4,9,answer_position,9.125,6.25,6.25,0.0,True,True,google/gemma-2-9b-it,11c9b309abf73637e4b6f9a3fa1e92e615547819
34,heldout,7,62,4,9,number_tokens,9.125,6.25,8.375,2.125,True,True,google/gemma-2-9b-it,11c9b309abf73637e4b6f9a3fa1e92e615547819
34,heldout,7,62,4,9,random_positions,9.125,6.25,6.6875,0.4375,True,True,google/gemma-2-9b-it,11c9b309abf73637e4b6f9a3fa1e92e615547819
34,heldout,7,62,4,10,answer_position,9.125,6.25,6.25,0.0,True,True,google/gemma-2-9b-it,11c9b309abf73637e4b6f9a3fa1e92e615547819
34,heldout,7,62,4,10,number_tokens,9.125,6.25,8.375,2.125,True,True,google/gemma-2-9b-it,11c9b309abf73637e4b6f9a3fa1e92e615547819
34,heldout,7,62,4,10,random_positions,9.125,6.25,6.6875,0.4375,True,True,google/gemma-2-9b-it,11c9b309abf73637e4b6f9a3fa1e92e615547819
34,heldout,7,62,4,11,answer_position,9.125,6.25,6.25,0.0,True,True,google/gemma-2-9b-it,11c9b309abf73637e4b6f9a3fa1e92e615547819
34,heldout,7,62,4,11,number_tokens,9.125,6.25,6.6875,0.4375,True,True,google/gemma-2-9b-it,11c9b309abf73637e4b6f9a3fa1e92e615547819
34,heldout,7,62,4,11,random_positions,9.125,6.25,6.8125,0.5625,True,True,google/gemma-2-9b-it,11c9b309abf73637e4b6f9a3fa1e92e615547819
34,heldout,7,62,4,12,answer_position,9.125,6.25,6.25,0.0,True,True,google/gemma-2-9b-it,11c9b309abf73637e4b6f9a3fa1e92e615547819
34,heldout,7,62,4,12,number_tokens,9.125,6.25,-3.0,-9.25,True,False,google/gemma-2-9b-it,11c9b309abf73637e4b6f9a3fa1e92e615547819
34,heldout,7,62,4,12,random_positions,9.125,6.25,6.375,0.125,True,True,google/gemma-2-9b-it,11c9b309abf73637e4b6f9a3fa1e92e615547819
34,heldout,7,62,4,13,answer_position,9.125,6.25,6.125,-0.125,True,True,google/gemma-2-9b-it,11c9b309abf73637e4b6f9a3fa1e92e615547819
34,heldout,7,62,4,13,number_tokens,9.125,6.25,-4.125,-10.375,True,False,google/gemma-2-9b-it,11c9b309abf73637e4b6f9a3fa1e92e615547819
34,heldout,7,62,4,13,random_positions,9.125,6.25,6.375,0.125,True,True,google/gemma-2-9b-it,11c9b309abf73637e4b6f9a3fa1e92e615547819
34,heldout,7,62,4,14,answer_position,9.125,6.25,6.25,0.0,True,True,google/gemma-2-9b-it,11c9b309abf73637e4b6f9a3fa1e92e615547819
34,heldout,7,62,4,14,number_tokens,9.125,6.25,-0.625,-6.875,True,False,google/gemma-2-9b-it,11c9b309abf73637e4b6f9a3fa1e92e615547819
34,heldout,7,62,4,14,random_positions,9.125,6.25,6.375,0.125,True,True,google/gemma-2-9b-it,11c9b309abf73637e4b6f9a3fa1e92e615547819
34,heldout,7,62,4,15,answer_position,9.125,6.25,6.125,-0.125,True,True,google/gemma-2-9b-it,11c9b309abf73637e4b6f9a3fa1e92e615547819
34,heldout,7,62,4,15,number_tokens,9.125,6.25,6.0,-0.25,True,True,google/gemma-2-9b-it,11c9b309abf73637e4b6f9a3fa1e92e615547819
34,heldout,7,62,4,15,random_positions,9.125,6.25,6.125,-0.125,True,True,google/gemma-2-9b-it,11c9b309abf73637e4b6f9a3fa1e92e615547819
34,heldout,7,62,4,16,answer_position,9.125,6.25,6.125,-0.125,True,True,google/gemma-2-9b-it,11c9b309abf73637e4b6f9a3fa1e92e615547819
34,heldout,7,62,4,16,number_tokens,9.125,6.25,7.375,1.125,True,True,google/gemma-2-9b-it,11c9b309abf73637e4b6f9a3fa1e92e615547819
34,heldout,7,62,4,16,random_positions,9.125,6.25,6.125,-0.125,True,True,google/gemma-2-9b-it,11c9b309abf73637e4b6f9a3fa1e92e615547819
34,heldout,7,62,4,17,answer_position,9.125,6.25,6.25,0.0,True,True,google/gemma-2-9b-it,11c9b309abf73637e4b6f9a3fa1e92e615547819
34,heldout,7,62,4,17,number_tokens,9.125,6.25,7.625,1.375,True,True,google/gemma-2-9b-it,11c9b309abf73637e4b6f9a3fa1e92e615547819
34,heldout,7,62,4,17,random_positions,9.125,6.25,6.25,0.0,True,True,google/gemma-2-9b-it,11c9b309abf73637e4b6f9a3fa1e92e615547819
34,heldout,7,62,4,18,answer_position,9.125,6.25,6.25,0.0,True,True,google/gemma-2-9b-it,11c9b309abf73637e4b6f9a3fa1e92e615547819
34,heldout,7,62,4,18,number_tokens,9.125,6.25,6.9375,0.6875,True,True,google/gemma-2-9b-it,11c9b309abf73637e4b6f9a3fa1e92e615547819
34,heldout,7,62,4,18,random_positions,9.125,6.25,6.25,0.0,True,True,google/gemma-2-9b-it,11c9b309abf73637e4b6f9a3fa1e92e615547819
34,heldout,7,62,4,19,answer_position,9.125,6.25,6.25,0.0,True,True,google/gemma-2-9b-it,11c9b309abf73637e4b6f9a3fa1e92e615547819
34,heldout,7,62,4,19,number_tokens,9.125,6.25,7.625,1.375,True,True,google/gemma-2-9b-it,11c9b309abf73637e4b6f9a3fa1e92e615547819
34,heldout,7,62,4,19,random_positions,9.125,6.25,6.375,0.125,True,True,google/gemma-2-9b-it,11c9b309abf73637e4b6f9a3fa1e92e615547819
34,heldout,7,62,4,20,answer_position,9.125,6.25,6.5625,0.3125,True,True,google/gemma-2-9b-it,11c9b309abf73637e4b6f9a3fa1e92e615547819
34,heldout,7,62,4,20,number_tokens,9.125,6.25,6.9375,0.6875,True,True,google/gemma-2-9b-it,11c9b309abf73637e4b6f9a3fa1e92e615547819
34,heldout,7,62,4,20,random_positions,9.125,6.25,6.8125,0.5625,True,True,google/gemma-2-9b-it,11c9b309abf73637e4b6f9a3fa1e92e615547819
34,heldout,7,62,4,21,answer_position,9.125,6.25,6.9375,0.6875,True,True,google/gemma-2-9b-it,11c9b309abf73637e4b6f9a3fa1e92e615547819
34,heldout,7,62,4,21,number_tokens,9.125,6.25,6.6875,0.4375,True,True,google/gemma-2-9b-it,11c9b309abf73637e4b6f9a3fa1e92e615547819
34,heldout,7,62,4,21,random_positions,9.125,6.25,6.9375,0.6875,True,True,google/gemma-2-9b-it,11c9b309abf73637e4b6f9a3fa1e92e615547819
34,heldout,7,62,4,22,answer_position,9.125,6.25,7.375,1.125,True,True,google/gemma-2-9b-it,11c9b309abf73637e4b6f9a3fa1e92e615547819
34,heldout,7,62,4,22,number_tokens,9.125,6.25,6.8125,0.5625,True,True,google/gemma-2-9b-it,11c9b309abf73637e4b6f9a3fa1e92e615547819
34,heldout,7,62,4,22,random_positions,9.125,6.25,6.5625,0.3125,True,True,google/gemma-2-9b-it,11c9b309abf73637e4b6f9a3fa1e92e615547819
34,heldout,7,62,4,23,answer_position,9.125,6.25,8.125,1.875,True,True,google/gemma-2-9b-it,11c9b309abf73637e4b6f9a3fa1e92e615547819
34,heldout,7,62,4,23,number_tokens,9.125,6.25,6.25,0.0,True,True,google/gemma-2-9b-it,11c9b309abf73637e4b6f9a3fa1e92e615547819
34,heldout,7,62,4,23,random_positions,9.125,6.25,6.25,0.0,True,True,google/gemma-2-9b-it,11c9b309abf73637e4b6f9a3fa1e92e615547819
34,heldout,7,62,4,24,answer_position,9.125,6.25,8.125,1.875,True,True,google/gemma-2-9b-it,11c9b309abf73637e4b6f9a3fa1e92e615547819
34,heldout,7,62,4,24,number_tokens,9.125,6.25,6.25,0.0,True,True,google/gemma-2-9b-it,11c9b309abf73637e4b6f9a3fa1e92e615547819
34,heldout,7,62,4,24,random_positions,9.125,6.25,6.375,0.125,True,True,google/gemma-2-9b-it,11c9b309abf73637e4b6f9a3fa1e92e615547819
34,heldout,7,62,4,25,answer_position,9.125,6.25,8.5,2.25,True,True,google/gemma-2-9b-it,11c9b309abf73637e4b6f9a3fa1e92e615547819
34,heldout,7,62,4,25,number_tokens,9.125,6.25,6.25,0.0,True,True,google/gemma-2-9b-it,11c9b309abf73637e4b6f9a3fa1e92e615547819
34,heldout,7,62,4,25,random_positions,9.125,6.25,6.25,0.0,True,True,google/gemma-2-9b-it,11c9b309abf73637e4b6f9a3fa1e92e615547819
34,heldout,7,62,4,26,answer_position,9.125,6.25,8.4375,2.1875,True,True,google/gemma-2-9b-it,11c9b309abf73637e4b6f9a3fa1e92e615547819
34,heldout,7,62,4,26,number_tokens,9.125,6.25,6.25,0.0,True,True,google/gemma-2-9b-it,11c9b309abf73637e4b6f9a3fa1e92e615547819
34,heldout,7,62,4,26,random_positions,9.125,6.25,6.125,-0.125,True,True,google/gemma-2-9b-it,11c9b309abf73637e4b6f9a3fa1e92e615547819
34,heldout,7,62,4,27,answer_position,9.125,6.25,8.5625,2.3125,True,True,google/gemma-2-9b-it,11c9b309abf73637e4b6f9a3fa1e92e615547819
34,heldout,7,62,4,27,number_tokens,9.125,6.25,6.25,0.0,True,True,google/gemma-2-9b-it,11c9b309abf73637e4b6f9a3fa1e92e615547819
34,heldout,7,62,4,27,random_positions,9.125,6.25,6.125,-0.125,True,True,google/gemma-2-9b-it,11c9b309abf73637e4b6f9a3fa1e92e615547819
34,heldout,7,62,4,28,answer_position,9.125,6.25,8.4375,2.1875,True,True,google/gemma-2-9b-it,11c9b309abf73637e4b6f9a3fa1e92e615547819
34,heldout,7,62,4,28,number_tokens,9.125,6.25,6.25,0.0,True,True,google/gemma-2-9b-it,11c9b309abf73637e4b6f9a3fa1e92e615547819
34,heldout,7,62,4,28,random_positions,9.125,6.25,6.125,-0.125,True,True,google/gemma-2-9b-it,11c9b309abf73637e4b6f9a3fa1e92e615547819
34,heldout,7,62,4,29,answer_position,9.125,6.25,8.4375,2.1875,True,True,google/gemma-2-9b-it,11c9b309abf73637e4b6f9a3fa1e92e615547819
34,heldout,7,62,4,29,number_tokens,9.125,6.25,6.25,0.0,True,True,google/gemma-2-9b-it,11c9b309abf73637e4b6f9a3fa1e92e615547819
34,heldout,7,62,4,29,random_positions,9.125,6.25,6.25,0.0,True,True,google/gemma-2-9b-it,11c9b309abf73637e4b6f9a3fa1e92e615547819
34,heldout,7,62,4,30,answer_position,9.125,6.25,8.4375,2.1875,True,True,google/gemma-2-9b-it,11c9b309abf73637e4b6f9a3fa1e92e615547819
34,heldout,7,62,4,30,number_tokens,9.125,6.25,6.25,0.0,True,True,google/gemma-2-9b-it,11c9b309abf73637e4b6f9a3fa1e92e615547819
34,heldout,7,62,4,30,random_positions,9.125,6.25,6.25,0.0,True,True,google/gemma-2-9b-it,11c9b309abf73637e4b6f9a3fa1e92e615547819
34,heldout,7,62,4,31,answer_position,9.125,6.25,8.625,2.375,True,True,google/gemma-2-9b-it,11c9b309abf73637e4b6f9a3fa1e92e615547819
34,heldout,7,62,4,31,number_tokens,9.125,6.25,6.25,0.0,True,True,google/gemma-2-9b-it,11c9b309abf73637e4b6f9a3fa1e92e615547819
34,heldout,7,62,4,31,random_positions,9.125,6.25,6.25,0.0,True,True,google/gemma-2-9b-it,11c9b309abf73637e4b6f9a3fa1e92e615547819
34,heldout,7,62,4,32,answer_position,9.125,6.25,8.625,2.375,True,True,google/gemma-2-9b-it,11c9b309abf73637e4b6f9a3fa1e92e615547819
34,heldout,7,62,4,32,number_tokens,9.125,6.25,6.25,0.0,True,True,google/gemma-2-9b-it,11c9b309abf73637e4b6f9a3fa1e92e615547819
34,heldout,7,62,4,32,random_positions,9.125,6.25,6.25,0.0,True,True,google/gemma-2-9b-it,11c9b309abf73637e4b6f9a3fa1e92e615547819
34,heldout,7,62,4,33,answer_position,9.125,6.25,8.625,2.375,True,True,google/gemma-2-9b-it,11c9b309abf73637e4b6f9a3fa1e92e615547819
34,heldout,7,62,4,33,number_tokens,9.125,6.25,6.25,0.0,True,True,google/gemma-2-9b-it,11c9b309abf73637e4b6f9a3fa1e92e615547819
34,heldout,7,62,4,33,random_positions,9.125,6.25,6.25,0.0,True,True,google/gemma-2-9b-it,11c9b309abf73637e4b6f9a3fa1e92e615547819
34,heldout,7,62,4,34,answer_position,9.125,6.25,8.625,2.375,True,True,google/gemma-2-9b-it,11c9b309abf73637e4b6f9a3fa1e92e615547819
34,heldout,7,62,4,34,number_tokens,9.125,6.25,6.125,-0.125,True,True,google/gemma-2-9b-it,11c9b309abf73637e4b6f9a3fa1e92e615547819
34,heldout,7,62,4,34,random_positions,9.125,6.25,6.25,0.0,True,True,google/gemma-2-9b-it,11c9b309abf73637e4b6f9a3fa1e92e615547819
34,heldout,7,62,4,35,answer_position,9.125,6.25,8.625,2.375,True,True,google/gemma-2-9b-it,11c9b309abf73637e4b6f9a3fa1e92e615547819
34,heldout,7,62,4,35,number_tokens,9.125,6.25,6.25,0.0,True,True,google/gemma-2-9b-it,11c9b309abf73637e4b6f9a3fa1e92e615547819
34,heldout,7,62,4,35,random_positions,9.125,6.25,6.25,0.0,True,True,google/gemma-2-9b-it,11c9b309abf73637e4b6f9a3fa1e92e615547819
34,heldout,7,62,4,36,answer_position,9.125,6.25,8.625,2.375,True,True,google/gemma-2-9b-it,11c9b309abf73637e4b6f9a3fa1e92e615547819
34,heldout,7,62,4,36,number_tokens,9.125,6.25,6.125,-0.125,True,True,google/gemma-2-9b-it,11c9b309abf73637e4b6f9a3fa1e92e615547819
34,heldout,7,62,4,36,random_positions,9.125,6.25,6.125,-0.125,True,True,google/gemma-2-9b-it,11c9b309abf73637e4b6f9a3fa1e92e615547819
34,heldout,7,62,4,37,answer_position,9.125,6.25,8.625,2.375,True,True,google/gemma-2-9b-it,11c9b309abf73637e4b6f9a3fa1e92e615547819
34,heldout,7,62,4,37,number_tokens,9.125,6.25,6.25,0.0,True,True,google/gemma-2-9b-it,11c9b309abf73637e4b6f9a3fa1e92e615547819
34,heldout,7,62,4,37,random_positions,9.125,6.25,6.25,0.0,True,True,google/gemma-2-9b-it,11c9b309abf73637e4b6f9a3fa1e92e615547819
34,heldout,7,62,4,38,answer_position,9.125,6.25,8.8125,2.5625,True,True,google/gemma-2-9b-it,11c9b309abf73637e4b6f9a3fa1e92e615547819
34,heldout,7,62,4,38,number_tokens,9.125,6.25,6.25,0.0,True,True,google/gemma-2-9b-it,11c9b309abf73637e4b6f9a3fa1e92e615547819
34,heldout,7,62,4,38,random_positions,9.125,6.25,6.25,0.0,True,True,google/gemma-2-9b-it,11c9b309abf73637e4b6f9a3fa1e92e615547819
34,heldout,7,62,4,39,answer_position,9.125,6.25,8.875,2.625,True,True,google/gemma-2-9b-it,11c9b309abf73637e4b6f9a3fa1e92e615547819
34,heldout,7,62,4,39,number_tokens,9.125,6.25,6.125,-0.125,True,True,google/gemma-2-9b-it,11c9b309abf73637e4b6f9a3fa1e92e615547819
34,heldout,7,62,4,39,random_positions,9.125,6.25,6.25,0.0,True,True,google/gemma-2-9b-it,11c9b309abf73637e4b6f9a3fa1e92e615547819
34,heldout,7,62,4,40,answer_position,9.125,6.25,9.0,2.75,True,True,google/gemma-2-9b-it,11c9b309abf73637e4b6f9a3fa1e92e615547819
34,heldout,7,62,4,40,number_tokens,9.125,6.25,6.125,-0.125,True,True,google/gemma-2-9b-it,11c9b309abf73637e4b6f9a3fa1e92e615547819
34,heldout,7,62,4,40,random_positions,9.125,6.25,6.125,-0.125,True,True,google/gemma-2-9b-it,11c9b309abf73637e4b6f9a3fa1e92e615547819
34,heldout,7,62,4,41,answer_position,9.125,6.25,9.125,2.875,True,True,google/gemma-2-9b-it,11c9b309abf73637e4b6f9a3fa1e92e615547819
34,heldout,7,62,4,41,number_tokens,9.125,6.25,6.25,0.0,True,True,google/gemma-2-9b-it,11c9b309abf73637e4b6f9a3fa1e92e615547819
34,heldout,7,62,4,41,random_positions,9.125,6.25,6.25,0.0,True,True,google/gemma-2-9b-it,11c9b309abf73637e4b6f9a3fa1e92e615547819
35,heldout,8,62,4,0,answer_position,9.0,6.0,6.125,0.125,True,True,google/gemma-2-9b-it,11c9b309abf73637e4b6f9a3fa1e92e615547819
35,heldout,8,62,4,0,number_tokens,9.0,6.0,6.125,0.125,True,True,google/gemma-2-9b-it,11c9b309abf73637e4b6f9a3fa1e92e615547819
35,heldout,8,62,4,0,random_positions,9.0,6.0,6.875,0.875,True,True,google/gemma-2-9b-it,11c9b309abf73637e4b6f9a3fa1e92e615547819
35,heldout,8,62,4,1,answer_position,9.0,6.0,6.125,0.125,True,True,google/gemma-2-9b-it,11c9b309abf73637e4b6f9a3fa1e92e615547819
35,heldout,8,62,4,1,number_tokens,9.0,6.0,6.0,0.0,True,True,google/gemma-2-9b-it,11c9b309abf73637e4b6f9a3fa1e92e615547819
35,heldout,8,62,4,1,random_positions,9.0,6.0,6.75,0.75,True,True,google/gemma-2-9b-it,11c9b309abf73637e4b6f9a3fa1e92e615547819
35,heldout,8,62,4,2,answer_position,9.0,6.0,6.125,0.125,True,True,google/gemma-2-9b-it,11c9b309abf73637e4b6f9a3fa1e92e615547819
35,heldout,8,62,4,2,number_tokens,9.0,6.0,6.0,0.0,True,True,google/gemma-2-9b-it,11c9b309abf73637e4b6f9a3fa1e92e615547819
35,heldout,8,62,4,2,random_positions,9.0,6.0,6.3125,0.3125,True,True,google/gemma-2-9b-it,11c9b309abf73637e4b6f9a3fa1e92e615547819
35,heldout,8,62,4,3,answer_position,9.0,6.0,6.125,0.125,True,True,google/gemma-2-9b-it,11c9b309abf73637e4b6f9a3fa1e92e615547819
35,heldout,8,62,4,3,number_tokens,9.0,6.0,6.0,0.0,True,True,google/gemma-2-9b-it,11c9b309abf73637e4b6f9a3fa1e92e615547819
35,heldout,8,62,4,3,random_positions,9.0,6.0,5.875,-0.125,True,True,google/gemma-2-9b-it,11c9b309abf73637e4b6f9a3fa1e92e615547819
35,heldout,8,62,4,4,answer_position,9.0,6.0,6.0,0.0,True,True,google/gemma-2-9b-it,11c9b309abf73637e4b6f9a3fa1e92e615547819
35,heldout,8,62,4,4,number_tokens,9.0,6.0,6.375,0.375,True,True,google/gemma-2-9b-it,11c9b309abf73637e4b6f9a3fa1e92e615547819
35,heldout,8,62,4,4,random_positions,9.0,6.0,4.75,-1.25,True,True,google/gemma-2-9b-it,11c9b309abf73637e4b6f9a3fa1e92e615547819
35,heldout,8,62,4,5,answer_position,9.0,6.0,6.0,0.0,True,True,google/gemma-2-9b-it,11c9b309abf73637e4b6f9a3fa1e92e615547819
35,heldout,8,62,4,5,number_tokens,9.0,6.0,7.25,1.25,True,True,google/gemma-2-9b-it,11c9b309abf73637e4b6f9a3fa1e92e615547819
35,heldout,8,62,4,5,random_positions,9.0,6.0,4.375,-1.625,True,True,google/gemma-2-9b-it,11c9b309abf73637e4b6f9a3fa1e92e615547819
35,heldout,8,62,4,6,answer_position,9.0,6.0,6.0,0.0,True,True,google/gemma-2-9b-it,11c9b309abf73637e4b6f9a3fa1e92e615547819
35,heldout,8,62,4,6,number_tokens,9.0,6.0,7.25,1.25,True,True,google/gemma-2-9b-it,11c9b309abf73637e4b6f9a3fa1e92e615547819
35,heldout,8,62,4,6,random_positions,9.0,6.0,6.1875,0.1875,True,True,google/gemma-2-9b-it,11c9b309abf73637e4b6f9a3fa1e92e615547819
35,heldout,8,62,4,7,answer_position,9.0,6.0,6.0,0.0,True,True,google/gemma-2-9b-it,11c9b309abf73637e4b6f9a3fa1e92e615547819
35,heldout,8,62,4,7,number_tokens,9.0,6.0,7.625,1.625,True,True,google/gemma-2-9b-it,11c9b309abf73637e4b6f9a3fa1e92e615547819
35,heldout,8,62,4,7,random_positions,9.0,6.0,6.5625,0.5625,True,True,google/gemma-2-9b-it,11c9b309abf73637e4b6f9a3fa1e92e615547819
35,heldout,8,62,4,8,answer_position,9.0,6.0,6.125,0.125,True,True,google/gemma-2-9b-it,11c9b309abf73637e4b6f9a3fa1e92e615547819
35,heldout,8,62,4,8,number_tokens,9.0,6.0,7.6875,1.6875,True,True,google/gemma-2-9b-it,11c9b309abf73637e4b6f9a3fa1e92e615547819
35,heldout,8,62,4,8,random_positions,9.0,6.0,6.875,0.875,True,True,google/gemma-2-9b-it,11c9b309abf73637e4b6f9a3fa1e92e615547819
35,heldout,8,62,4,9,answer_position,9.0,6.0,6.0,0.0,True,True,google/gemma-2-9b-it,11c9b309abf73637e4b6f9a3fa1e92e615547819
35,heldout,8,62,4,9,number_tokens,9.0,6.0,8.25,2.25,True,True,google/gemma-2-9b-it,11c9b309abf73637e4b6f9a3fa1e92e615547819
35,heldout,8,62,4,9,random_positions,9.0,6.0,6.875,0.875,True,True,google/gemma-2-9b-it,11c9b309abf73637e4b6f9a3fa1e92e615547819
35,heldout,8,62,4,10,answer_position,9.0,6.0,6.0,0.0,True,True,google/gemma-2-9b-it,11c9b309abf73637e4b6f9a3fa1e92e615547819
35,heldout,8,62,4,10,number_tokens,9.0,6.0,8.0625,2.0625,True,True,google/gemma-2-9b-it,11c9b309abf73637e4b6f9a3fa1e92e615547819
35,heldout,8,62,4,10,random_positions,9.0,6.0,8.9375,2.9375,True,True,google/gemma-2-9b-it,11c9b309abf73637e4b6f9a3fa1e92e615547819
35,heldout,8,62,4,11,answer_position,9.0,6.0,6.0,0.0,True,True,google/gemma-2-9b-it,11c9b309abf73637e4b6f9a3fa1e92e615547819
35,heldout,8,62,4,11,number_tokens,9.0,6.0,6.8125,0.8125,True,True,google/gemma-2-9b-it,11c9b309abf73637e4b6f9a3fa1e92e615547819
35,heldout,8,62,4,11,random_positions,9.0,6.0,8.9375,2.9375,True,True,google/gemma-2-9b-it,11c9b309abf73637e4b6f9a3fa1e92e615547819
35,heldout,8,62,4,12,answer_position,9.0,6.0,6.125,0.125,True,True,google/gemma-2-9b-it,11c9b309abf73637e4b6f9a3fa1e92e615547819
35,heldout,8,62,4,12,number_tokens,9.0,6.0,-3.5,-9.5,True,False,google/gemma-2-9b-it,11c9b309abf73637e4b6f9a3fa1e92e615547819
35,heldout,8,62,4,12,random_positions,9.0,6.0,8.9375,2.9375,True,True,google/gemma-2-9b-it,11c9b309abf73637e4b6f9a3fa1e92e615547819
35,heldout,8,62,4,13,answer_position,9.0,6.0,6.0,0.0,True,True,google/gemma-2-9b-it,11c9b309abf73637e4b6f9a3fa1e92e615547819
35,heldout,8,62,4,13,number_tokens,9.0,6.0,-4.75,-10.75,True,False,google/gemma-2-9b-it,11c9b309abf73637e4b6f9a3fa1e92e615547819
35,heldout,8,62,4,13,random_positions,9.0,6.0,8.75,2.75,True,True,google/gemma-2-9b-it,11c9b309abf73637e4b6f9a3fa1e92e615547819
35,heldout,8,62,4,14,answer_position,9.0,6.0,6.125,0.125,True,True,google/gemma-2-9b-it,11c9b309abf73637e4b6f9a3fa1e92e615547819
35,heldout,8,62,4,14,number_tokens,9.0,6.0,-0.75,-6.75,True,False,google/gemma-2-9b-it,11c9b309abf73637e4b6f9a3fa1e92e615547819
35,heldout,8,62,4,14,random_positions,9.0,6.0,9.3125,3.3125,True,True,google/gemma-2-9b-it,11c9b309abf73637e4b6f9a3fa1e92e615547819
35,heldout,8,62,4,15,answer_position,9.0,6.0,6.0,0.0,True,True,google/gemma-2-9b-it,11c9b309abf73637e4b6f9a3fa1e92e615547819
35,heldout,8,62,4,15,number_tokens,9.0,6.0,6.25,0.25,True,True,google/gemma-2-9b-it,11c9b309abf73637e4b6f9a3fa1e92e615547819
35,heldout,8,62,4,15,random_positions,9.0,6.0,9.3125,3.3125,True,True,google/gemma-2-9b-it,11c9b309abf73637e4b6f9a3fa1e92e615547819
35,heldout,8,62,4,16,answer_position,9.0,6.0,6.125,0.125,True,True,google/gemma-2-9b-it,11c9b309abf73637e4b6f9a3fa1e92e615547819
35,heldout,8,62,4,16,number_tokens,9.0,6.0,7.375,1.375,True,True,google/gemma-2-9b-it,11c9b309abf73637e4b6f9a3fa1e92e615547819
35,heldout,8,62,4,16,random_positions,9.0,6.0,9.1875,3.1875,True,True,google/gemma-2-9b-it,11c9b309abf73637e4b6f9a3fa1e92e615547819
35,heldout,8,62,4,17,answer_position,9.0,6.0,6.125,0.125,True,True,google/gemma-2-9b-it,11c9b309abf73637e4b6f9a3fa1e92e615547819
35,heldout,8,62,4,17,number_tokens,9.0,6.0,7.625,1.625,True,True,google/gemma-2-9b-it,11c9b309abf73637e4b6f9a3fa1e92e615547819
35,heldout,8,62,4,17,random_positions,9.0,6.0,8.625,2.625,True,True,google/gemma-2-9b-it,11c9b309abf73637e4b6f9a3fa1e92e615547819
35,heldout,8,62,4,18,answer_position,9.0,6.0,6.125,0.125,True,True,google/gemma-2-9b-it,11c9b309abf73637e4b6f9a3fa1e92e615547819
35,heldout,8,62,4,18,number_tokens,9.0,6.0,7.125,1.125,True,True,google/gemma-2-9b-it,11c9b309abf73637e4b6f9a3fa1e92e615547819
35,heldout,8,62,4,18,random_positions,9.0,6.0,8.5625,2.5625,True,True,google/gemma-2-9b-it,11c9b309abf73637e4b6f9a3fa1e92e615547819
35,heldout,8,62,4,19,answer_position,9.0,6.0,6.0,0.0,True,True,google/gemma-2-9b-it,11c9b309abf73637e4b6f9a3fa1e92e615547819
35,heldout,8,62,4,19,number_tokens,9.0,6.0,7.5,1.5,True,True,google/gemma-2-9b-it,11c9b309abf73637e4b6f9a3fa1e92e615547819
35,heldout,8,62,4,19,random_positions,9.0,6.0,8.5625,2.5625,True,True,google/gemma-2-9b-it,11c9b309abf73637e4b6f9a3fa1e92e615547819
35,heldout,8,62,4,20,answer_position,9.0,6.0,6.3125,0.3125,True,True,google/gemma-2-9b-it,11c9b309abf73637e4b6f9a3fa1e92e615547819
35,heldout,8,62,4,20,number_tokens,9.0,6.0,6.5625,0.5625,True,True,google/gemma-2-9b-it,11c9b309abf73637e4b6f9a3fa1e92e615547819
35,heldout,8,62,4,20,random_positions,9.0,6.0,8.375,2.375,True,True,google/gemma-2-9b-it,11c9b309abf73637e4b6f9a3fa1e92e615547819
35,heldout,8,62,4,21,answer_position,9.0,6.0,6.8125,0.8125,True,True,google/gemma-2-9b-it,11c9b309abf73637e4b6f9a3fa1e92e615547819
35,heldout,8,62,4,21,number_tokens,9.0,6.0,6.25,0.25,True,True,google/gemma-2-9b-it,11c9b309abf73637e4b6f9a3fa1e92e615547819
35,heldout,8,62,4,21,random_positions,9.0,6.0,7.75,1.75,True,True,google/gemma-2-9b-it,11c9b309abf73637e4b6f9a3fa1e92e615547819
35,heldout,8,62,4,22,answer_position,9.0,6.0,7.125,1.125,True,True,google/gemma-2-9b-it,11c9b309abf73637e4b6f9a3fa1e92e615547819
35,heldout,8,62,4,22,number_tokens,9.0,6.0,6.4375,0.4375,True,True,google/gemma-2-9b-it,11c9b309abf73637e4b6f9a3fa1e92e615547819
35,heldout,8,62,4,22,random_positions,9.0,6.0,7.125,1.125,True,True,google/gemma-2-9b-it,11c9b309abf73637e4b6f9a3fa1e92e615547819
35,heldout,8,62,4,23,answer_position,9.0,6.0,7.75,1.75,True,True,google/gemma-2-9b-it,11c9b309abf73637e4b6f9a3fa1e92e615547819
35,heldout,8,62,4,23,number_tokens,9.0,6.0,6.25,0.25,True,True,google/gemma-2-9b-it,11c9b309abf73637e4b6f9a3fa1e92e615547819
35,heldout,8,62,4,23,random_positions,9.0,6.0,5.75,-0.25,True,True,google/gemma-2-9b-it,11c9b309abf73637e4b6f9a3fa1e92e615547819
35,heldout,8,62,4,24,answer_position,9.0,6.0,8.0,2.0,True,True,google/gemma-2-9b-it,11c9b309abf73637e4b6f9a3fa1e92e615547819
35,heldout,8,62,4,24,number_tokens,9.0,6.0,6.0,0.0,True,True,google/gemma-2-9b-it,11c9b309abf73637e4b6f9a3fa1e92e615547819
35,heldout,8,62,4,24,random_positions,9.0,6.0,5.75,-0.25,True,True,google/gemma-2-9b-it,11c9b309abf73637e4b6f9a3fa1e92e615547819
35,heldout,8,62,4,25,answer_position,9.0,6.0,8.1875,2.1875,True,True,google/gemma-2-9b-it,11c9b309abf73637e4b6f9a3fa1e92e615547819
35,heldout,8,62,4,25,number_tokens,9.0,6.0,6.25,0.25,True,True,google/gemma-2-9b-it,11c9b309abf73637e4b6f9a3fa1e92e615547819
35,heldout,8,62,4,25,random_positions,9.0,6.0,6.0,0.0,True,True,google/gemma-2-9b-it,11c9b309abf73637e4b6f9a3fa1e92e615547819
35,heldout,8,62,4,26,answer_position,9.0,6.0,8.3125,2.3125,True,True,google/gemma-2-9b-it,11c9b309abf73637e4b6f9a3fa1e92e615547819
35,heldout,8,62,4,26,number_tokens,9.0,6.0,6.125,0.125,True,True,google/gemma-2-9b-it,11c9b309abf73637e4b6f9a3fa1e92e615547819
35,heldout,8,62,4,26,random_positions,9.0,6.0,6.125,0.125,True,True,google/gemma-2-9b-it,11c9b309abf73637e4b6f9a3fa1e92e615547819
35,heldout,8,62,4,27,answer_position,9.0,6.0,8.375,2.375,True,True,google/gemma-2-9b-it,11c9b309abf73637e4b6f9a3fa1e92e615547819
35,heldout,8,62,4,27,number_tokens,9.0,6.0,6.0,0.0,True,True,google/gemma-2-9b-it,11c9b309abf73637e4b6f9a3fa1e92e615547819
35,heldout,8,62,4,27,random_positions,9.0,6.0,6.25,0.25,True,True,google/gemma-2-9b-it,11c9b309abf73637e4b6f9a3fa1e92e615547819
35,heldout,8,62,4,28,answer_position,9.0,6.0,8.25,2.25,True,True,google/gemma-2-9b-it,11c9b309abf73637e4b6f9a3fa1e92e615547819
35,heldout,8,62,4,28,number_tokens,9.0,6.0,6.125,0.125,True,True,google/gemma-2-9b-it,11c9b309abf73637e4b6f9a3fa1e92e615547819
35,heldout,8,62,4,28,random_positions,9.0,6.0,6.4375,0.4375,True,True,google/gemma-2-9b-it,11c9b309abf73637e4b6f9a3fa1e92e615547819
35,heldout,8,62,4,29,answer_position,9.0,6.0,8.3125,2.3125,True,True,google/gemma-2-9b-it,11c9b309abf73637e4b6f9a3fa1e92e615547819
35,heldout,8,62,4,29,number_tokens,9.0,6.0,6.125,0.125,True,True,google/gemma-2-9b-it,11c9b309abf73637e4b6f9a3fa1e92e615547819
35,heldout,8,62,4,29,random_positions,9.0,6.0,6.375,0.375,True,True,google/gemma-2-9b-it,11c9b309abf73637e4b6f9a3fa1e92e615547819
35,heldout,8,62,4,30,answer_position,9.0,6.0,8.3125,2.3125,True,True,google/gemma-2-9b-it,11c9b309abf73637e4b6f9a3fa1e92e615547819
35,heldout,8,62,4,30,number_tokens,9.0,6.0,6.125,0.125,True,True,google/gemma-2-9b-it,11c9b309abf73637e4b6f9a3fa1e92e615547819
35,heldout,8,62,4,30,random_positions,9.0,6.0,6.375,0.375,True,True,google/gemma-2-9b-it,11c9b309abf73637e4b6f9a3fa1e92e615547819
35,heldout,8,62,4,31,answer_position,9.0,6.0,8.3125,2.3125,True,True,google/gemma-2-9b-it,11c9b309abf73637e4b6f9a3fa1e92e615547819
35,heldout,8,62,4,31,number_tokens,9.0,6.0,6.125,0.125,True,True,google/gemma-2-9b-it,11c9b309abf73637e4b6f9a3fa1e92e615547819
35,heldout,8,62,4,31,random_positions,9.0,6.0,6.375,0.375,True,True,google/gemma-2-9b-it,11c9b309abf73637e4b6f9a3fa1e92e615547819
35,heldout,8,62,4,32,answer_position,9.0,6.0,8.375,2.375,True,True,google/gemma-2-9b-it,11c9b309abf73637e4b6f9a3fa1e92e615547819
35,heldout,8,62,4,32,number_tokens,9.0,6.0,6.125,0.125,True,True,google/gemma-2-9b-it,11c9b309abf73637e4b6f9a3fa1e92e615547819
35,heldout,8,62,4,32,random_positions,9.0,6.0,6.375,0.375,True,True,google/gemma-2-9b-it,11c9b309abf73637e4b6f9a3fa1e92e615547819
35,heldout,8,62,4,33,answer_position,9.0,6.0,8.375,2.375,True,True,google/gemma-2-9b-it,11c9b309abf73637e4b6f9a3fa1e92e615547819
35,heldout,8,62,4,33,number_tokens,9.0,6.0,6.125,0.125,True,True,google/gemma-2-9b-it,11c9b309abf73637e4b6f9a3fa1e92e615547819
35,heldout,8,62,4,33,random_positions,9.0,6.0,6.25,0.25,True,True,google/gemma-2-9b-it,11c9b309abf73637e4b6f9a3fa1e92e615547819
35,heldout,8,62,4,34,answer_position,9.0,6.0,8.5625,2.5625,True,True,google/gemma-2-9b-it,11c9b309abf73637e4b6f9a3fa1e92e615547819
35,heldout,8,62,4,34,number_tokens,9.0,6.0,6.125,0.125,True,True,google/gemma-2-9b-it,11c9b309abf73637e4b6f9a3fa1e92e615547819
35,heldout,8,62,4,34,random_positions,9.0,6.0,6.25,0.25,True,True,google/gemma-2-9b-it,11c9b309abf73637e4b6f9a3fa1e92e615547819
35,heldout,8,62,4,35,answer_position,9.0,6.0,8.5625,2.5625,True,True,google/gemma-2-9b-it,11c9b309abf73637e4b6f9a3fa1e92e615547819
35,heldout,8,62,4,35,number_tokens,9.0,6.0,6.125,0.125,True,True,google/gemma-2-9b-it,11c9b309abf73637e4b6f9a3fa1e92e615547819
35,heldout,8,62,4,35,random_positions,9.0,6.0,6.25,0.25,True,True,google/gemma-2-9b-it,11c9b309abf73637e4b6f9a3fa1e92e615547819
35,heldout,8,62,4,36,answer_position,9.0,6.0,8.5625,2.5625,True,True,google/gemma-2-9b-it,11c9b309abf73637e4b6f9a3fa1e92e615547819
35,heldout,8,62,4,36,number_tokens,9.0,6.0,6.125,0.125,True,True,google/gemma-2-9b-it,11c9b309abf73637e4b6f9a3fa1e92e615547819
35,heldout,8,62,4,36,random_positions,9.0,6.0,6.25,0.25,True,True,google/gemma-2-9b-it,11c9b309abf73637e4b6f9a3fa1e92e615547819
35,heldout,8,62,4,37,answer_position,9.0,6.0,8.625,2.625,True,True,google/gemma-2-9b-it,11c9b309abf73637e4b6f9a3fa1e92e615547819
35,heldout,8,62,4,37,number_tokens,9.0,6.0,6.125,0.125,True,True,google/gemma-2-9b-it,11c9b309abf73637e4b6f9a3fa1e92e615547819
35,heldout,8,62,4,37,random_positions,9.0,6.0,6.25,0.25,True,True,google/gemma-2-9b-it,11c9b309abf73637e4b6f9a3fa1e92e615547819
35,heldout,8,62,4,38,answer_position,9.0,6.0,8.5625,2.5625,True,True,google/gemma-2-9b-it,11c9b309abf73637e4b6f9a3fa1e92e615547819
35,heldout,8,62,4,38,number_tokens,9.0,6.0,6.0,0.0,True,True,google/gemma-2-9b-it,11c9b309abf73637e4b6f9a3fa1e92e615547819
35,heldout,8,62,4,38,random_positions,9.0,6.0,6.125,0.125,True,True,google/gemma-2-9b-it,11c9b309abf73637e4b6f9a3fa1e92e615547819
35,heldout,8,62,4,39,answer_position,9.0,6.0,8.8125,2.8125,True,True,google/gemma-2-9b-it,11c9b309abf73637e4b6f9a3fa1e92e615547819
35,heldout,8,62,4,39,number_tokens,9.0,6.0,6.0,0.0,True,True,google/gemma-2-9b-it,11c9b309abf73637e4b6f9a3fa1e92e615547819
35,heldout,8,62,4,39,random_positions,9.0,6.0,6.25,0.25,True,True,google/gemma-2-9b-it,11c9b309abf73637e4b6f9a3fa1e92e615547819
35,heldout,8,62,4,40,answer_position,9.0,6.0,8.875,2.875,True,True,google/gemma-2-9b-it,11c9b309abf73637e4b6f9a3fa1e92e615547819
35,heldout,8,62,4,40,number_tokens,9.0,6.0,6.0,0.0,True,True,google/gemma-2-9b-it,11c9b309abf73637e4b6f9a3fa1e92e615547819
35,heldout,8,62,4,40,random_positions,9.0,6.0,6.125,0.125,True,True,google/gemma-2-9b-it,11c9b309abf73637e4b6f9a3fa1e92e615547819
35,heldout,8,62,4,41,answer_position,9.0,6.0,9.0,3.0,True,True,google/gemma-2-9b-it,11c9b309abf73637e4b6f9a3fa1e92e615547819
35,heldout,8,62,4,41,number_tokens,9.0,6.0,6.0,0.0,True,True,google/gemma-2-9b-it,11c9b309abf73637e4b6f9a3fa1e92e615547819
35,heldout,8,62,4,41,random_positions,9.0,6.0,6.0,0.0,True,True,google/gemma-2-9b-it,11c9b309abf73637e4b6f9a3fa1e92e615547819
36,heldout,8,63,2,0,answer_position,9.25,1.75,2.0,0.25,True,True,google/gemma-2-9b-it,11c9b309abf73637e4b6f9a3fa1e92e615547819
36,heldout,8,63,2,0,number_tokens,9.25,1.75,2.375,0.625,True,True,google/gemma-2-9b-it,11c9b309abf73637e4b6f9a3fa1e92e615547819
36,heldout,8,63,2,0,random_positions,9.25,1.75,-0.75,-2.5,True,False,google/gemma-2-9b-it,11c9b309abf73637e4b6f9a3fa1e92e615547819
36,heldout,8,63,2,1,answer_position,9.25,1.75,1.875,0.125,True,True,google/gemma-2-9b-it,11c9b309abf73637e4b6f9a3fa1e92e615547819
36,heldout,8,63,2,1,number_tokens,9.25,1.75,2.5,0.75,True,True,google/gemma-2-9b-it,11c9b309abf73637e4b6f9a3fa1e92e615547819
36,heldout,8,63,2,1,random_positions,9.25,1.75,3.125,1.375,True,True,google/gemma-2-9b-it,11c9b309abf73637e4b6f9a3fa1e92e615547819
36,heldout,8,63,2,2,answer_position,9.25,1.75,1.875,0.125,True,True,google/gemma-2-9b-it,11c9b309abf73637e4b6f9a3fa1e92e615547819
36,heldout,8,63,2,2,number_tokens,9.25,1.75,3.0,1.25,True,True,google/gemma-2-9b-it,11c9b309abf73637e4b6f9a3fa1e92e615547819
36,heldout,8,63,2,2,random_positions,9.25,1.75,4.375,2.625,True,True,google/gemma-2-9b-it,11c9b309abf73637e4b6f9a3fa1e92e615547819
36,heldout,8,63,2,3,answer_position,9.25,1.75,1.875,0.125,True,True,google/gemma-2-9b-it,11c9b309abf73637e4b6f9a3fa1e92e615547819
36,heldout,8,63,2,3,number_tokens,9.25,1.75,1.375,-0.375,True,True,google/gemma-2-9b-it,11c9b309abf73637e4b6f9a3fa1e92e615547819
36,heldout,8,63,2,3,random_positions,9.25,1.75,3.875,2.125,True,True,google/gemma-2-9b-it,11c9b309abf73637e4b6f9a3fa1e92e615547819
36,heldout,8,63,2,4,answer_position,9.25,1.75,1.875,0.125,True,True,google/gemma-2-9b-it,11c9b309abf73637e4b6f9a3fa1e92e615547819
36,heldout,8,63,2,4,number_tokens,9.25,1.75,2.0,0.25,True,True,google/gemma-2-9b-it,11c9b309abf73637e4b6f9a3fa1e92e615547819
36,heldout,8,63,2,4,random_positions,9.25,1.75,3.5,1.75,True,True,google/gemma-2-9b-it,11c9b309abf73637e4b6f9a3fa1e92e615547819
36,heldout,8,63,2,5,answer_position,9.25,1.75,2.125,0.375,True,True,google/gemma-2-9b-it,11c9b309abf73637e4b6f9a3fa1e92e615547819
36,heldout,8,63,2,5,number_tokens,9.25,1.75,4.625,2.875,True,True,google/gemma-2-9b-it,11c9b309abf73637e4b6f9a3fa1e92e615547819
36,heldout,8,63,2,5,random_positions,9.25,1.75,3.0,1.25,True,True,google/gemma-2-9b-it,11c9b309abf73637e4b6f9a3fa1e92e615547819
36,heldout,8,63,2,6,answer_position,9.25,1.75,2.0,0.25,True,True,google/gemma-2-9b-it,11c9b309abf73637e4b6f9a3fa1e92e615547819
36,heldout,8,63,2,6,number_tokens,9.25,1.75,5.375,3.625,True,True,google/gemma-2-9b-it,11c9b309abf73637e4b6f9a3fa1e92e615547819
36,heldout,8,63,2,6,random_positions,9.25,1.75,3.625,1.875,True,True,google/gemma-2-9b-it,11c9b309abf73637e4b6f9a3fa1e92e615547819
36,heldout,8,63,2,7,answer_position,9.25,1.75,1.875,0.125,True,True,google/gemma-2-9b-it,11c9b309abf73637e4b6f9a3fa1e92e615547819
36,heldout,8,63,2,7,number_tokens,9.25,1.75,6.25,4.5,True,True,google/gemma-2-9b-it,11c9b309abf73637e4b6f9a3fa1e92e615547819
36,heldout,8,63,2,7,random_positions,9.25,1.75,3.625,1.875,True,True,google/gemma-2-9b-it,11c9b309abf73637e4b6f9a3fa1e92e615547819
36,heldout,8,63,2,8,answer_position,9.25,1.75,2.0,0.25,True,True,google/gemma-2-9b-it,11c9b309abf73637e4b6f9a3fa1e92e615547819
36,heldout,8,63,2,8,number_tokens,9.25,1.75,6.375,4.625,True,True,google/gemma-2-9b-it,11c9b309abf73637e4b6f9a3fa1e92e615547819
36,heldout,8,63,2,8,random_positions,9.25,1.75,4.375,2.625,True,True,google/gemma-2-9b-it,11c9b309abf73637e4b6f9a3fa1e92e615547819
36,heldout,8,63,2,9,answer_position,9.25,1.75,2.0,0.25,True,True,google/gemma-2-9b-it,11c9b309abf73637e4b6f9a3fa1e92e615547819
36,heldout,8,63,2,9,number_tokens,9.25,1.75,6.8125,5.0625,True,True,google/gemma-2-9b-it,11c9b309abf73637e4b6f9a3fa1e92e615547819
36,heldout,8,63,2,9,random_positions,9.25,1.75,4.5,2.75,True,True,google/gemma-2-9b-it,11c9b309abf73637e4b6f9a3fa1e92e615547819
36,heldout,8,63,2,10,answer_position,9.25,1.75,1.875,0.125,True,True,google/gemma-2-9b-it,11c9b309abf73637e4b6f9a3fa1e92e615547819
36,heldout,8,63,2,10,number_tokens,9.25,1.75,6.8125,5.0625,True,True,google/gemma-2-9b-it,11c9b309abf73637e4b6f9a3fa1e92e615547819
36,heldout,8,63,2,10,random_positions,9.25,1.75,6.6875,4.9375,True,True,google/gemma-2-9b-it,11c9b309abf73637e4b6f9a3fa1e92e615547819
36,heldout,8,63,2,11,answer_position,9.25,1.75,1.875,0.125,True,True,google/gemma-2-9b-it,11c9b309abf73637e4b6f9a3fa1e92e615547819
36,heldout,8,63,2,11,number_tokens,9.25,1.75,2.75,1.0,True,True,google/gemma-2-9b-it,11c9b309abf73637e4b6f9a3fa1e92e615547819
36,heldout,8,63,2,11,random_positions,9.25,1.75,7.125,5.375,True,True,google/gemma-2-9b-it,11c9b309abf73637e4b6f9a3fa1e92e615547819
36,heldout,8,63,2,12,answer_position,9.25,1.75,2.0,0.25,True,True,google/gemma-2-9b-it,11c9b309abf73637e4b6f9a3fa1e92e615547819
36,heldout,8,63,2,12,number_tokens,9.25,1.75,-4.5,-6.25,True,False,google/gemma-2-9b-it,11c9b309abf73637e4b6f9a3fa1e92e615547819
36,heldout,8,63,2,12,random_positions,9.25,1.75,7.375,5.625,True,True,google/gemma-2-9b-it,11c9b309abf73637e4b6f9a3fa1e92e615547819
36,heldout,8,63,2,13,answer_position,9.25,1.75,2.125,0.375,True,True,google/gemma-2-9b-it,11c9b309abf73637e4b6f9a3fa1e92e615547819
36,heldout,8,63,2,13,number_tokens,9.25,1.75,-4.875,-6.625,True,False,google/gemma-2-9b-it,11c9b309abf73637e4b6f9a3fa1e92e615547819
36,heldout,8,63,2,13,random_positions,9.25,1.75,7.8125,6.0625,True,True,google/gemma-2-9b-it,11c9b309abf73637e4b6f9a3fa1e92e615547819
36,heldout,8,63,2,14,answer_position,9.25,1.75,1.75,0.0,True,True,google/gemma-2-9b-it,11c9b309abf73637e4b6f9a3fa1e92e615547819
36,heldout,8,63,2,14,number_tokens,9.25,1.75,-2.125,-3.875,True,False,google/gemma-2-9b-it,11c9b309abf73637e4b6f9a3fa1e92e615547819
36,heldout,8,63,2,14,random_positions,9.25,1.75,8.5,6.75,True,True,google/gemma-2-9b-it,11c9b309abf73637e4b6f9a3fa1e92e615547819
36,heldout,8,63,2,15,answer_position,9.25,1.75,1.875,0.125,True,True,google/gemma-2-9b-it,11c9b309abf73637e4b6f9a3fa1e92e615547819
36,heldout,8,63,2,15,number_tokens,9.25,1.75,5.0,3.25,True,True,google/gemma-2-9b-it,11c9b309abf73637e4b6f9a3fa1e92e615547819
36,heldout,8,63,2,15,random_positions,9.25,1.75,8.3125,6.5625,True,True,google/gemma-2-9b-it,11c9b309abf73637e4b6f9a3fa1e92e615547819
36,heldout,8,63,2,16,answer_position,9.25,1.75,2.0,0.25,True,True,google/gemma-2-9b-it,11c9b309abf73637e4b6f9a3fa1e92e615547819
36,heldout,8,63,2,16,number_tokens,9.25,1.75,6.5625,4.8125,True,True,google/gemma-2-9b-it,11c9b309abf73637e4b6f9a3fa1e92e615547819
36,heldout,8,63,2,16,random_positions,9.25,1.75,7.9375,6.1875,True,True,google/gemma-2-9b-it,11c9b309abf73637e4b6f9a3fa1e92e615547819
36,heldout,8,63,2,17,answer_position,9.25,1.75,2.0,0.25,True,True,google/gemma-2-9b-it,11c9b309abf73637e4b6f9a3fa1e92e615547819
36,heldout,8,63,2,17,number_tokens,9.25,1.75,6.6875,4.9375,True,True,google/gemma-2-9b-it,11c9b309abf73637e4b6f9a3fa1e92e615547819
36,heldout,8,63,2,17,random_positions,9.25,1.75,7.125,5.375,True,True,google/gemma-2-9b-it,11c9b309abf73637e4b6f9a3fa1e92e615547819
36,heldout,8,63,2,18,answer_position,9.25,1.75,2.125,0.375,True,True,google/gemma-2-9b-it,11c9b309abf73637e4b6f9a3fa1e92e615547819
36,heldout,8,63,2,18,number_tokens,9.25,1.75,5.25,3.5,True,True,google/gemma-2-9b-it,11c9b309abf73637e4b6f9a3fa1e92e615547819
36,heldout,8,63,2,18,random_positions,9.25,1.75,7.25,5.5,True,True,google/gemma-2-9b-it,11c9b309abf73637e4b6f9a3fa1e92e615547819
36,heldout,8,63,2,19,answer_position,9.25,1.75,2.125,0.375,True,True,google/gemma-2-9b-it,11c9b309abf73637e4b6f9a3fa1e92e615547819
36,heldout,8,63,2,19,number_tokens,9.25,1.75,5.75,4.0,True,True,google/gemma-2-9b-it,11c9b309abf73637e4b6f9a3fa1e92e615547819
36,heldout,8,63,2,19,random_positions,9.25,1.75,7.375,5.625,True,True,google/gemma-2-9b-it,11c9b309abf73637e4b6f9a3fa1e92e615547819
36,heldout,8,63,2,20,answer_position,9.25,1.75,2.875,1.125,True,True,google/gemma-2-9b-it,11c9b309abf73637e4b6f9a3fa1e92e615547819
36,heldout,8,63,2,20,number_tokens,9.25,1.75,4.75,3.0,True,True,google/gemma-2-9b-it,11c9b309abf73637e4b6f9a3fa1e92e615547819
36,heldout,8,63,2,20,random_positions,9.25,1.75,7.5625,5.8125,True,True,google/gemma-2-9b-it,11c9b309abf73637e4b6f9a3fa1e92e615547819
36,heldout,8,63,2,21,answer_position,9.25,1.75,4.625,2.875,True,True,google/gemma-2-9b-it,11c9b309abf73637e4b6f9a3fa1e92e615547819
36,heldout,8,63,2,21,number_tokens,9.25,1.75,3.5,1.75,True,True,google/gemma-2-9b-it,11c9b309abf73637e4b6f9a3fa1e92e615547819
36,heldout,8,63,2,21,random_positions,9.25,1.75,6.6875,4.9375,True,True,google/gemma-2-9b-it,11c9b309abf73637e4b6f9a3fa1e92e615547819
36,heldout,8,63,2,22,answer_position,9.25,1.75,6.125,4.375,True,True,google/gemma-2-9b-it,11c9b309abf73637e4b6f9a3fa1e92e615547819
36,heldout,8,63,2,22,number_tokens,9.25,1.75,3.5,1.75,True,True,google/gemma-2-9b-it,11c9b309abf73637e4b6f9a3fa1e92e615547819
36,heldout,8,63,2,22,random_positions,9.25,1.75,6.0,4.25,True,True,google/gemma-2-9b-it,11c9b309abf73637e4b6f9a3fa1e92e615547819
36,heldout,8,63,2,23,answer_position,9.25,1.75,6.8125,5.0625,True,True,google/gemma-2-9b-it,11c9b309abf73637e4b6f9a3fa1e92e615547819
36,heldout,8,63,2,23,number_tokens,9.25,1.75,1.875,0.125,True,True,google/gemma-2-9b-it,11c9b309abf73637e4b6f9a3fa1e92e615547819
36,heldout,8,63,2,23,random_positions,9.25,1.75,2.25,0.5,True,True,google/gemma-2-9b-it,11c9b309abf73637e4b6f9a3fa1e92e615547819
36,heldout,8,63,2,24,answer_position,9.25,1.75,7.125,5.375,True,True,google/gemma-2-9b-it,11c9b309abf73637e4b6f9a3fa1e92e615547819
36,heldout,8,63,2,24,number_tokens,9.25,1.75,2.0,0.25,True,True,google/gemma-2-9b-it,11c9b309abf73637e4b6f9a3fa1e92e615547819
36,heldout,8,63,2,24,random_positions,9.25,1.75,2.375,0.625,True,True,google/gemma-2-9b-it,11c9b309abf73637e4b6f9a3fa1e92e615547819
36,heldout,8,63,2,25,answer_position,9.25,1.75,7.9375,6.1875,True,True,google/gemma-2-9b-it,11c9b309abf73637e4b6f9a3fa1e92e615547819
36,heldout,8,63,2,25,number_tokens,9.25,1.75,1.875,0.125,True,True,google/gemma-2-9b-it,11c9b309abf73637e4b6f9a3fa1e92e615547819
36,heldout,8,63,2,25,random_positions,9.25,1.75,1.625,-0.125,True,True,google/gemma-2-9b-it,11c9b309abf73637e4b6f9a3fa1e92e615547819
36,heldout,8,63,2,26,answer_position,9.25,1.75,8.25,6.5,True,True,google/gemma-2-9b-it,11c9b309abf73637e4b6f9a3fa1e92e615547819
36,heldout,8,63,2,26,number_tokens,9.25,1.75,1.625,-0.125,True,True,google/gemma-2-9b-it,11c9b309abf73637e4b6f9a3fa1e92e615547819
36,heldout,8,63,2,26,random_positions,9.25,1.75,1.75,0.0,True,True,google/gemma-2-9b-it,11c9b309abf73637e4b6f9a3fa1e92e615547819
36,heldout,8,63,2,27,answer_position,9.25,1.75,8.3125,6.5625,True,True,google/gemma-2-9b-it,11c9b309abf73637e4b6f9a3fa1e92e615547819
36,heldout,8,63,2,27,number_tokens,9.25,1.75,1.75,0.0,True,True,google/gemma-2-9b-it,11c9b309abf73637e4b6f9a3fa1e92e615547819
36,heldout,8,63,2,27,random_positions,9.25,1.75,2.0,0.25,True,True,google/gemma-2-9b-it,11c9b309abf73637e4b6f9a3fa1e92e615547819
36,heldout,8,63,2,28,answer_position,9.25,1.75,8.125,6.375,True,True,google/gemma-2-9b-it,11c9b309abf73637e4b6f9a3fa1e92e615547819
36,heldout,8,63,2,28,number_tokens,9.25,1.75,1.875,0.125,True,True,google/gemma-2-9b-it,11c9b309abf73637e4b6f9a3fa1e92e615547819
36,heldout,8,63,2,28,random_positions,9.25,1.75,2.0,0.25,True,True,google/gemma-2-9b-it,11c9b309abf73637e4b6f9a3fa1e92e615547819
36,heldout,8,63,2,29,answer_position,9.25,1.75,8.25,6.5,True,True,google/gemma-2-9b-it,11c9b309abf73637e4b6f9a3fa1e92e615547819
36,heldout,8,63,2,29,number_tokens,9.25,1.75,1.875,0.125,True,True,google/gemma-2-9b-it,11c9b309abf73637e4b6f9a3fa1e92e615547819
36,heldout,8,63,2,29,random_positions,9.25,1.75,2.0,0.25,True,True,google/gemma-2-9b-it,11c9b309abf73637e4b6f9a3fa1e92e615547819
36,heldout,8,63,2,30,answer_position,9.25,1.75,8.3125,6.5625,True,True,google/gemma-2-9b-it,11c9b309abf73637e4b6f9a3fa1e92e615547819
36,heldout,8,63,2,30,number_tokens,9.25,1.75,1.875,0.125,True,True,google/gemma-2-9b-it,11c9b309abf73637e4b6f9a3fa1e92e615547819
36,heldout,8,63,2,30,random_positions,9.25,1.75,2.0,0.25,True,True,google/gemma-2-9b-it,11c9b309abf73637e4b6f9a3fa1e92e615547819
36,heldout,8,63,2,31,answer_position,9.25,1.75,8.5625,6.8125,True,True,google/gemma-2-9b-it,11c9b309abf73637e4b6f9a3fa1e92e615547819
36,heldout,8,63,2,31,number_tokens,9.25,1.75,1.875,0.125,True,True,google/gemma-2-9b-it,11c9b309abf73637e4b6f9a3fa1e92e615547819
36,heldout,8,63,2,31,random_positions,9.25,1.75,1.875,0.125,True,True,google/gemma-2-9b-it,11c9b309abf73637e4b6f9a3fa1e92e615547819
36,heldout,8,63,2,32,answer_position,9.25,1.75,8.4375,6.6875,True,True,google/gemma-2-9b-it,11c9b309abf73637e4b6f9a3fa1e92e615547819
36,heldout,8,63,2,32,number_tokens,9.25,1.75,1.875,0.125,True,True,google/gemma-2-9b-it,11c9b309abf73637e4b6f9a3fa1e92e615547819
36,heldout,8,63,2,32,random_positions,9.25,1.75,1.875,0.125,True,True,google/gemma-2-9b-it,11c9b309abf73637e4b6f9a3fa1e92e615547819
36,heldout,8,63,2,33,answer_position,9.25,1.75,8.5,6.75,True,True,google/gemma-2-9b-it,11c9b309abf73637e4b6f9a3fa1e92e615547819
36,heldout,8,63,2,33,number_tokens,9.25,1.75,1.75,0.0,True,True,google/gemma-2-9b-it,11c9b309abf73637e4b6f9a3fa1e92e615547819
36,heldout,8,63,2,33,random_positions,9.25,1.75,1.75,0.0,True,True,google/gemma-2-9b-it,11c9b309abf73637e4b6f9a3fa1e92e615547819
36,heldout,8,63,2,34,answer_position,9.25,1.75,8.4375,6.6875,True,True,google/gemma-2-9b-it,11c9b309abf73637e4b6f9a3fa1e92e615547819
36,heldout,8,63,2,34,number_tokens,9.25,1.75,1.875,0.125,True,True,google/gemma-2-9b-it,11c9b309abf73637e4b6f9a3fa1e92e615547819
36,heldout,8,63,2,34,random_positions,9.25,1.75,1.875,0.125,True,True,google/gemma-2-9b-it,11c9b309abf73637e4b6f9a3fa1e92e615547819
36,heldout,8,63,2,35,answer_position,9.25,1.75,8.625,6.875,True,True,google/gemma-2-9b-it,11c9b309abf73637e4b6f9a3fa1e92e615547819
36,heldout,8,63,2,35,number_tokens,9.25,1.75,1.875,0.125,True,True,google/gemma-2-9b-it,11c9b309abf73637e4b6f9a3fa1e92e615547819
36,heldout,8,63,2,35,random_positions,9.25,1.75,1.875,0.125,True,True,google/gemma-2-9b-it,11c9b309abf73637e4b6f9a3fa1e92e615547819
36,heldout,8,63,2,36,answer_position,9.25,1.75,8.625,6.875,True,True,google/gemma-2-9b-it,11c9b309abf73637e4b6f9a3fa1e92e615547819
36,heldout,8,63,2,36,number_tokens,9.25,1.75,1.875,0.125,True,True,google/gemma-2-9b-it,11c9b309abf73637e4b6f9a3fa1e92e615547819
36,heldout,8,63,2,36,random_positions,9.25,1.75,1.875,0.125,True,True,google/gemma-2-9b-it,11c9b309abf73637e4b6f9a3fa1e92e615547819
36,heldout,8,63,2,37,answer_position,9.25,1.75,8.625,6.875,True,True,google/gemma-2-9b-it,11c9b309abf73637e4b6f9a3fa1e92e615547819
36,heldout,8,63,2,37,number_tokens,9.25,1.75,1.875,0.125,True,True,google/gemma-2-9b-it,11c9b309abf73637e4b6f9a3fa1e92e615547819
36,heldout,8,63,2,37,random_positions,9.25,1.75,1.875,0.125,True,True,google/gemma-2-9b-it,11c9b309abf73637e4b6f9a3fa1e92e615547819
36,heldout,8,63,2,38,answer_position,9.25,1.75,8.6875,6.9375,True,True,google/gemma-2-9b-it,11c9b309abf73637e4b6f9a3fa1e92e615547819
36,heldout,8,63,2,38,number_tokens,9.25,1.75,1.875,0.125,True,True,google/gemma-2-9b-it,11c9b309abf73637e4b6f9a3fa1e92e615547819
36,heldout,8,63,2,38,random_positions,9.25,1.75,1.875,0.125,True,True,google/gemma-2-9b-it,11c9b309abf73637e4b6f9a3fa1e92e615547819
36,heldout,8,63,2,39,answer_position,9.25,1.75,8.875,7.125,True,True,google/gemma-2-9b-it,11c9b309abf73637e4b6f9a3fa1e92e615547819
36,heldout,8,63,2,39,number_tokens,9.25,1.75,1.875,0.125,True,True,google/gemma-2-9b-it,11c9b309abf73637e4b6f9a3fa1e92e615547819
36,heldout,8,63,2,39,random_positions,9.25,1.75,1.875,0.125,True,True,google/gemma-2-9b-it,11c9b309abf73637e4b6f9a3fa1e92e615547819
36,heldout,8,63,2,40,answer_position,9.25,1.75,9.0625,7.3125,True,True,google/gemma-2-9b-it,11c9b309abf73637e4b6f9a3fa1e92e615547819
36,heldout,8,63,2,40,number_tokens,9.25,1.75,1.75,0.0,True,True,google/gemma-2-9b-it,11c9b309abf73637e4b6f9a3fa1e92e615547819
36,heldout,8,63,2,40,random_positions,9.25,1.75,1.875,0.125,True,True,google/gemma-2-9b-it,11c9b309abf73637e4b6f9a3fa1e92e615547819
36,heldout,8,63,2,41,answer_position,9.25,1.75,9.25,7.5,True,True,google/gemma-2-9b-it,11c9b309abf73637e4b6f9a3fa1e92e615547819
36,heldout,8,63,2,41,number_tokens,9.25,1.75,1.75,0.0,True,True,google/gemma-2-9b-it,11c9b309abf73637e4b6f9a3fa1e92e615547819
36,heldout,8,63,2,41,random_positions,9.25,1.75,1.75,0.0,True,True,google/gemma-2-9b-it,11c9b309abf73637e4b6f9a3fa1e92e615547819
37,heldout,8,64,3,0,answer_position,9.0625,5.75,5.75,0.0,True,True,google/gemma-2-9b-it,11c9b309abf73637e4b6f9a3fa1e92e615547819
37,heldout,8,64,3,0,number_tokens,9.0625,5.75,5.875,0.125,True,True,google/gemma-2-9b-it,11c9b309abf73637e4b6f9a3fa1e92e615547819
37,heldout,8,64,3,0,random_positions,9.0625,5.75,4.125,-1.625,True,True,google/gemma-2-9b-it,11c9b309abf73637e4b6f9a3fa1e92e615547819
37,heldout,8,64,3,1,answer_position,9.0625,5.75,5.75,0.0,True,True,google/gemma-2-9b-it,11c9b309abf73637e4b6f9a3fa1e92e615547819
37,heldout,8,64,3,1,number_tokens,9.0625,5.75,5.875,0.125,True,True,google/gemma-2-9b-it,11c9b309abf73637e4b6f9a3fa1e92e615547819
37,heldout,8,64,3,1,random_positions,9.0625,5.75,4.375,-1.375,True,True,google/gemma-2-9b-it,11c9b309abf73637e4b6f9a3fa1e92e615547819
37,heldout,8,64,3,2,answer_position,9.0625,5.75,5.75,0.0,True,True,google/gemma-2-9b-it,11c9b309abf73637e4b6f9a3fa1e92e615547819
37,heldout,8,64,3,2,number_tokens,9.0625,5.75,5.875,0.125,True,True,google/gemma-2-9b-it,11c9b309abf73637e4b6f9a3fa1e92e615547819
37,heldout,8,64,3,2,random_positions,9.0625,5.75,5.125,-0.625,True,True,google/gemma-2-9b-it,11c9b309abf73637e4b6f9a3fa1e92e615547819
37,heldout,8,64,3,3,answer_position,9.0625,5.75,5.75,0.0,True,True,google/gemma-2-9b-it,11c9b309abf73637e4b6f9a3fa1e92e615547819
37,heldout,8,64,3,3,number_tokens,9.0625,5.75,5.5,-0.25,True,True,google/gemma-2-9b-it,11c9b309abf73637e4b6f9a3fa1e92e615547819
37,heldout,8,64,3,3,random_positions,9.0625,5.75,5.5,-0.25,True,True,google/gemma-2-9b-it,11c9b309abf73637e4b6f9a3fa1e92e615547819
37,heldout,8,64,3,4,answer_position,9.0625,5.75,5.75,0.0,True,True,google/gemma-2-9b-it,11c9b309abf73637e4b6f9a3fa1e92e615547819
37,heldout,8,64,3,4,number_tokens,9.0625,5.75,5.875,0.125,True,True,google/gemma-2-9b-it,11c9b309abf73637e4b6f9a3fa1e92e615547819
37,heldout,8,64,3,4,random_positions,9.0625,5.75,5.5,-0.25,True,True,google/gemma-2-9b-it,11c9b309abf73637e4b6f9a3fa1e92e615547819
37,heldout,8,64,3,5,answer_position,9.0625,5.75,5.75,0.0,True,True,google/gemma-2-9b-it,11c9b309abf73637e4b6f9a3fa1e92e615547819
37,heldout,8,64,3,5,number_tokens,9.0625,5.75,7.375,1.625,True,True,google/gemma-2-9b-it,11c9b309abf73637e4b6f9a3fa1e92e615547819
37,heldout,8,64,3,5,random_positions,9.0625,5.75,5.5,-0.25,True,True,google/gemma-2-9b-it,11c9b309abf73637e4b6f9a3fa1e92e615547819
37,heldout,8,64,3,6,answer_position,9.0625,5.75,5.75,0.0,True,True,google/gemma-2-9b-it,11c9b309abf73637e4b6f9a3fa1e92e615547819
37,heldout,8,64,3,6,number_tokens,9.0625,5.75,6.6875,0.9375,True,True,google/gemma-2-9b-it,11c9b309abf73637e4b6f9a3fa1e92e615547819
37,heldout,8,64,3,6,random_positions,9.0625,5.75,5.75,0.0,True,True,google/gemma-2-9b-it,11c9b309abf73637e4b6f9a3fa1e92e615547819
37,heldout,8,64,3,7,answer_position,9.0625,5.75,5.75,0.0,True,True,google/gemma-2-9b-it,11c9b309abf73637e4b6f9a3fa1e92e615547819
37,heldout,8,64,3,7,number_tokens,9.0625,5.75,7.8125,2.0625,True,True,google/gemma-2-9b-it,11c9b309abf73637e4b6f9a3fa1e92e615547819
37,heldout,8,64,3,7,random_positions,9.0625,5.75,5.625,-0.125,True,True,google/gemma-2-9b-it,11c9b309abf73637e4b6f9a3fa1e92e615547819
37,heldout,8,64,3,8,answer_position,9.0625,5.75,5.75,0.0,True,True,google/gemma-2-9b-it,11c9b309abf73637e4b6f9a3fa1e92e615547819
37,heldout,8,64,3,8,number_tokens,9.0625,5.75,7.8125,2.0625,True,True,google/gemma-2-9b-it,11c9b309abf73637e4b6f9a3fa1e92e615547819
37,heldout,8,64,3,8,random_positions,9.0625,5.75,5.75,0.0,True,True,google/gemma-2-9b-it,11c9b309abf73637e4b6f9a3fa1e92e615547819
37,heldout,8,64,3,9,answer_position,9.0625,5.75,5.75,0.0,True,True,google/gemma-2-9b-it,11c9b309abf73637e4b6f9a3fa1e92e615547819
37,heldout,8,64,3,9,number_tokens,9.0625,5.75,7.8125,2.0625,True,True,google/gemma-2-9b-it,11c9b309abf73637e4b6f9a3fa1e92e615547819
37,heldout,8,64,3,9,random_positions,9.0625,5.75,5.875,0.125,True,True,google/gemma-2-9b-it,11c9b309abf73637e4b6f9a3fa1e92e615547819
37,heldout,8,64,3,10,answer_position,9.0625,5.75,5.75,0.0,True,True,google/gemma-2-9b-it,11c9b309abf73637e4b6f9a3fa1e92e615547819
37,heldout,8,64,3,10,number_tokens,9.0625,5.75,7.625,1.875,True,True,google/gemma-2-9b-it,11c9b309abf73637e4b6f9a3fa1e92e615547819
37,heldout,8,64,3,10,random_positions,9.0625,5.75,5.75,0.0,True,True,google/gemma-2-9b-it,11c9b309abf73637e4b6f9a3fa1e92e615547819
37,heldout,8,64,3,11,answer_position,9.0625,5.75,5.75,0.0,True,True,google/gemma-2-9b-it,11c9b309abf73637e4b6f9a3fa1e92e615547819
37,heldout,8,64,3,11,number_tokens,9.0625,5.75,6.5,0.75,True,True,google/gemma-2-9b-it,11c9b309abf73637e4b6f9a3fa1e92e615547819
37,heldout,8,64,3,11,random_positions,9.0625,5.75,5.75,0.0,True,True,google/gemma-2-9b-it,11c9b309abf73637e4b6f9a3fa1e92e615547819
37,heldout,8,64,3,12,answer_position,9.0625,5.75,5.75,0.0,True,True,google/gemma-2-9b-it,11c9b309abf73637e4b6f9a3fa1e92e615547819
37,heldout,8,64,3,12,number_tokens,9.0625,5.75,0.625,-5.125,True,True,google/gemma-2-9b-it,11c9b309abf73637e4b6f9a3fa1e92e615547819
37,heldout,8,64,3,12,random_positions,9.0625,5.75,5.75,0.0,True,True,google/gemma-2-9b-it,11c9b309abf73637e4b6f9a3fa1e92e615547819
37,heldout,8,64,3,13,answer_position,9.0625,5.75,5.75,0.0,True,True,google/gemma-2-9b-it,11c9b309abf73637e4b6f9a3fa1e92e615547819
37,heldout,8,64,3,13,number_tokens,9.0625,5.75,-1.375,-7.125,True,False,google/gemma-2-9b-it,11c9b309abf73637e4b6f9a3fa1e92e615547819
37,heldout,8,64,3,13,random_positions,9.0625,5.75,5.625,-0.125,True,True,google/gemma-2-9b-it,11c9b309abf73637e4b6f9a3fa1e92e615547819
37,heldout,8,64,3,14,answer_position,9.0625,5.75,5.75,0.0,True,True,google/gemma-2-9b-it,11c9b309abf73637e4b6f9a3fa1e92e615547819
37,heldout,8,64,3,14,number_tokens,9.0625,5.75,2.5,-3.25,True,True,google/gemma-2-9b-it,11c9b309abf73637e4b6f9a3fa1e92e615547819
37,heldout,8,64,3,14,random_positions,9.0625,5.75,5.875,0.125,True,True,google/gemma-2-9b-it,11c9b309abf73637e4b6f9a3fa1e92e615547819
37,heldout,8,64,3,15,answer_position,9.0625,5.75,5.75,0.0,True,True,google/gemma-2-9b-it,11c9b309abf73637e4b6f9a3fa1e92e615547819
37,heldout,8,64,3,15,number_tokens,9.0625,5.75,6.25,0.5,True,True,google/gemma-2-9b-it,11c9b309abf73637e4b6f9a3fa1e92e615547819
37,heldout,8,64,3,15,random_positions,9.0625,5.75,6.0,0.25,True,True,google/gemma-2-9b-it,11c9b309abf73637e4b6f9a3fa1e92e615547819
37,heldout,8,64,3,16,answer_position,9.0625,5.75,5.75,0.0,True,True,google/gemma-2-9b-it,11c9b309abf73637e4b6f9a3fa1e92e615547819
37,heldout,8,64,3,16,number_tokens,9.0625,5.75,7.375,1.625,True,True,google/gemma-2-9b-it,11c9b309abf73637e4b6f9a3fa1e92e615547819
37,heldout,8,64,3,16,random_positions,9.0625,5.75,6.125,0.375,True,True,google/gemma-2-9b-it,11c9b309abf73637e4b6f9a3fa1e92e615547819
37,heldout,8,64,3,17,answer_position,9.0625,5.75,5.75,0.0,True,True,google/gemma-2-9b-it,11c9b309abf73637e4b6f9a3fa1e92e615547819
37,heldout,8,64,3,17,number_tokens,9.0625,5.75,7.375,1.625,True,True,google/gemma-2-9b-it,11c9b309abf73637e4b6f9a3fa1e92e615547819
37,heldout,8,64,3,17,random_positions,9.0625,5.75,6.125,0.375,True,True,google/gemma-2-9b-it,11c9b309abf73637e4b6f9a3fa1e92e615547819
37,heldout,8,64,3,18,answer_position,9.0625,5.75,5.75,0.0,True,True,google/gemma-2-9b-it,11c9b309abf73637e4b6f9a3fa1e92e615547819
37,heldout,8,64,3,18,number_tokens,9.0625,5.75,6.5625,0.8125,True,True,google/gemma-2-9b-it,11c9b309abf73637e4b6f9a3fa1e92e615547819
37,heldout,8,64,3,18,random_positions,9.0625,5.75,6.125,0.375,True,True,google/gemma-2-9b-it,11c9b309abf73637e4b6f9a3fa1e92e615547819
37,heldout,8,64,3,19,answer_position,9.0625,5.75,5.75,0.0,True,True,google/gemma-2-9b-it,11c9b309abf73637e4b6f9a3fa1e92e615547819
37,heldout,8,64,3,19,number_tokens,9.0625,5.75,7.25,1.5,True,True,google/gemma-2-9b-it,11c9b309abf73637e4b6f9a3fa1e92e615547819
37,heldout,8,64,3,19,random_positions,9.0625,5.75,6.0,0.25,True,True,google/gemma-2-9b-it,11c9b309abf73637e4b6f9a3fa1e92e615547819
37,heldout,8,64,3,20,answer_position,9.0625,5.75,6.25,0.5,True,True,google/gemma-2-9b-it,11c9b309abf73637e4b6f9a3fa1e92e615547819
37,heldout,8,64,3,20,number_tokens,9.0625,5.75,6.5625,0.8125,True,True,google/gemma-2-9b-it,11c9b309abf73637e4b6f9a3fa1e92e615547819
37,heldout,8,64,3,20,random_positions,9.0625,5.75,6.25,0.5,True,True,google/gemma-2-9b-it,11c9b309abf73637e4b6f9a3fa1e92e615547819
37,heldout,8,64,3,21,answer_position,9.0625,5.75,6.5625,0.8125,True,True,google/gemma-2-9b-it,11c9b309abf73637e4b6f9a3fa1e92e615547819
37,heldout,8,64,3,21,number_tokens,9.0625,5.75,6.125,0.375,True,True,google/gemma-2-9b-it,11c9b309abf73637e4b6f9a3fa1e92e615547819
37,heldout,8,64,3,21,random_positions,9.0625,5.75,6.25,0.5,True,True,google/gemma-2-9b-it,11c9b309abf73637e4b6f9a3fa1e92e615547819
37,heldout,8,64,3,22,answer_position,9.0625,5.75,7.125,1.375,True,True,google/gemma-2-9b-it,11c9b309abf73637e4b6f9a3fa1e92e615547819
37,heldout,8,64,3,22,number_tokens,9.0625,5.75,6.25,0.5,True,True,google/gemma-2-9b-it,11c9b309abf73637e4b6f9a3fa1e92e615547819
37,heldout,8,64,3,22,random_positions,9.0625,5.75,6.25,0.5,True,True,google/gemma-2-9b-it,11c9b309abf73637e4b6f9a3fa1e92e615547819
37,heldout,8,64,3,23,answer_position,9.0625,5.75,7.6875,1.9375,True,True,google/gemma-2-9b-it,11c9b309abf73637e4b6f9a3fa1e92e615547819
37,heldout,8,64,3,23,number_tokens,9.0625,5.75,5.75,0.0,True,True,google/gemma-2-9b-it,11c9b309abf73637e4b6f9a3fa1e92e615547819
37,heldout,8,64,3,23,random_positions,9.0625,5.75,5.875,0.125,True,True,google/gemma-2-9b-it,11c9b309abf73637e4b6f9a3fa1e92e615547819
37,heldout,8,64,3,24,answer_position,9.0625,5.75,7.875,2.125,True,True,google/gemma-2-9b-it,11c9b309abf73637e4b6f9a3fa1e92e615547819
37,heldout,8,64,3,24,number_tokens,9.0625,5.75,5.625,-0.125,True,True,google/gemma-2-9b-it,11c9b309abf73637e4b6f9a3fa1e92e615547819
37,heldout,8,64,3,24,random_positions,9.0625,5.75,6.0,0.25,True,True,google/gemma-2-9b-it,11c9b309abf73637e4b6f9a3fa1e92e615547819
37,heldout,8,64,3,25,answer_position,9.0625,5.75,8.3125,2.5625,True,True,google/gemma-2-9b-it,11c9b309abf73637e4b6f9a3fa1e92e615547819
37,heldout,8,64,3,25,number_tokens,9.0625,5.75,5.875,0.125,True,True,google/gemma-2-9b-it,11c9b309abf73637e4b6f9a3fa1e92e615547819
37,heldout,8,64,3,25,random_positions,9.0625,5.75,5.75,0.0,True,True,google/gemma-2-9b-it,11c9b309abf73637e4b6f9a3fa1e92e615547819
37,heldout,8,64,3,26,answer_position,9.0625,5.75,8.4375,2.6875,True,True,google/gemma-2-9b-it,11c9b309abf73637e4b6f9a3fa1e92e615547819
37,heldout,8,64,3,26,number_tokens,9.0625,5.75,5.75,0.0,True,True,google/gemma-2-9b-it,11c9b309abf73637e4b6f9a3fa1e92e615547819
37,heldout,8,64,3,26,random_positions,9.0625,5.75,5.625,-0.125,True,True,google/gemma-2-9b-it,11c9b309abf73637e4b6f9a3fa1e92e615547819
37,heldout,8,64,3,27,answer_position,9.0625,5.75,8.5625,2.8125,True,True,google/gemma-2-9b-it,11c9b309abf73637e4b6f9a3fa1e92e615547819
37,heldout,8,64,3,27,number_tokens,9.0625,5.75,5.75,0.0,True,True,google/gemma-2-9b-it,11c9b309abf73637e4b6f9a3fa1e92e615547819
37,heldout,8,64,3,27,random_positions,9.0625,5.75,5.75,0.0,True,True,google/gemma-2-9b-it,11c9b309abf73637e4b6f9a3fa1e92e615547819
37,heldout,8,64,3,28,answer_position,9.0625,5.75,8.375,2.625,True,True,google/gemma-2-9b-it,11c9b309abf73637e4b6f9a3fa1e92e615547819
37,heldout,8,64,3,28,number_tokens,9.0625,5.75,5.875,0.125,True,True,google/gemma-2-9b-it,11c9b309abf73637e4b6f9a3fa1e92e615547819
37,heldout,8,64,3,28,random_positions,9.0625,5.75,5.75,0.0,True,True,google/gemma-2-9b-it,11c9b309abf73637e4b6f9a3fa1e92e615547819
37,heldout,8,64,3,29,answer_position,9.0625,5.75,8.375,2.625,True,True,google/gemma-2-9b-it,11c9b309abf73637e4b6f9a3fa1e92e615547819
37,heldout,8,64,3,29,number_tokens,9.0625,5.75,5.875,0.125,True,True,google/gemma-2-9b-it,11c9b309abf73637e4b6f9a3fa1e92e615547819
37,heldout,8,64,3,29,random_positions,9.0625,5.75,5.625,-0.125,True,True,google/gemma-2-9b-it,11c9b309abf73637e4b6f9a3fa1e92e615547819
37,heldout,8,64,3,30,answer_position,9.0625,5.75,8.4375,2.6875,True,True,google/gemma-2-9b-it,11c9b309abf73637e4b6f9a3fa1e92e615547819
37,heldout,8,64,3,30,number_tokens,9.0625,5.75,5.875,0.125,True,True,google/gemma-2-9b-it,11c9b309abf73637e4b6f9a3fa1e92e615547819
37,heldout,8,64,3,30,random_positions,9.0625,5.75,5.75,0.0,True,True,google/gemma-2-9b-it,11c9b309abf73637e4b6f9a3fa1e92e615547819
37,heldout,8,64,3,31,answer_position,9.0625,5.75,8.5625,2.8125,True,True,google/gemma-2-9b-it,11c9b309abf73637e4b6f9a3fa1e92e615547819
37,heldout,8,64,3,31,number_tokens,9.0625,5.75,5.875,0.125,True,True,google/gemma-2-9b-it,11c9b309abf73637e4b6f9a3fa1e92e615547819
37,heldout,8,64,3,31,random_positions,9.0625,5.75,5.75,0.0,True,True,google/gemma-2-9b-it,11c9b309abf73637e4b6f9a3fa1e92e615547819
37,heldout,8,64,3,32,answer_position,9.0625,5.75,8.625,2.875,True,True,google/gemma-2-9b-it,11c9b309abf73637e4b6f9a3fa1e92e615547819
37,heldout,8,64,3,32,number_tokens,9.0625,5.75,5.875,0.125,True,True,google/gemma-2-9b-it,11c9b309abf73637e4b6f9a3fa1e92e615547819
37,heldout,8,64,3,32,random_positions,9.0625,5.75,5.75,0.0,True,True,google/gemma-2-9b-it,11c9b309abf73637e4b6f9a3fa1e92e615547819
37,heldout,8,64,3,33,answer_position,9.0625,5.75,8.5625,2.8125,True,True,google/gemma-2-9b-it,11c9b309abf73637e4b6f9a3fa1e92e615547819
37,heldout,8,64,3,33,number_tokens,9.0625,5.75,5.875,0.125,True,True,google/gemma-2-9b-it,11c9b309abf73637e4b6f9a3fa1e92e615547819
37,heldout,8,64,3,33,random_positions,9.0625,5.75,5.875,0.125,True,True,google/gemma-2-9b-it,11c9b309abf73637e4b6f9a3fa1e92e615547819
37,heldout,8,64,3,34,answer_position,9.0625,5.75,8.625,2.875,True,True,google/gemma-2-9b-it,11c9b309abf73637e4b6f9a3fa1e92e615547819
37,heldout,8,64,3,34,number_tokens,9.0625,5.75,5.875,0.125,True,True,google/gemma-2-9b-it,11c9b309abf73637e4b6f9a3fa1e92e615547819
37,heldout,8,64,3,34,random_positions,9.0625,5.75,5.875,0.125,True,True,google/gemma-2-9b-it,11c9b309abf73637e4b6f9a3fa1e92e615547819
37,heldout,8,64,3,35,answer_position,9.0625,5.75,8.625,2.875,True,True,google/gemma-2-9b-it,11c9b309abf73637e4b6f9a3fa1e92e615547819
37,heldout,8,64,3,35,number_tokens,9.0625,5.75,5.875,0.125,True,True,google/gemma-2-9b-it,11c9b309abf73637e4b6f9a3fa1e92e615547819
37,heldout,8,64,3,35,random_positions,9.0625,5.75,5.75,0.0,True,True,google/gemma-2-9b-it,11c9b309abf73637e4b6f9a3fa1e92e615547819
37,heldout,8,64,3,36,answer_position,9.0625,5.75,8.625,2.875,True,True,google/gemma-2-9b-it,11c9b309abf73637e4b6f9a3fa1e92e615547819
37,heldout,8,64,3,36,number_tokens,9.0625,5.75,5.875,0.125,True,True,google/gemma-2-9b-it,11c9b309abf73637e4b6f9a3fa1e92e615547819
37,heldout,8,64,3,36,random_positions,9.0625,5.75,5.75,0.0,True,True,google/gemma-2-9b-it,11c9b309abf73637e4b6f9a3fa1e92e615547819
37,heldout,8,64,3,37,answer_position,9.0625,5.75,8.625,2.875,True,True,google/gemma-2-9b-it,11c9b309abf73637e4b6f9a3fa1e92e615547819
37,heldout,8,64,3,37,number_tokens,9.0625,5.75,5.875,0.125,True,True,google/gemma-2-9b-it,11c9b309abf73637e4b6f9a3fa1e92e615547819
37,heldout,8,64,3,37,random_positions,9.0625,5.75,5.75,0.0,True,True,google/gemma-2-9b-it,11c9b309abf73637e4b6f9a3fa1e92e615547819
37,heldout,8,64,3,38,answer_position,9.0625,5.75,8.6875,2.9375,True,True,google/gemma-2-9b-it,11c9b309abf73637e4b6f9a3fa1e92e615547819
37,heldout,8,64,3,38,number_tokens,9.0625,5.75,5.75,0.0,True,True,google/gemma-2-9b-it,11c9b309abf73637e4b6f9a3fa1e92e615547819
37,heldout,8,64,3,38,random_positions,9.0625,5.75,5.875,0.125,True,True,google/gemma-2-9b-it,11c9b309abf73637e4b6f9a3fa1e92e615547819
37,heldout,8,64,3,39,answer_position,9.0625,5.75,8.875,3.125,True,True,google/gemma-2-9b-it,11c9b309abf73637e4b6f9a3fa1e92e615547819
37,heldout,8,64,3,39,number_tokens,9.0625,5.75,5.75,0.0,True,True,google/gemma-2-9b-it,11c9b309abf73637e4b6f9a3fa1e92e615547819
37,heldout,8,64,3,39,random_positions,9.0625,5.75,5.75,0.0,True,True,google/gemma-2-9b-it,11c9b309abf73637e4b6f9a3fa1e92e615547819
37,heldout,8,64,3,40,answer_position,9.0625,5.75,9.0,3.25,True,True,google/gemma-2-9b-it,11c9b309abf73637e4b6f9a3fa1e92e615547819
37,heldout,8,64,3,40,number_tokens,9.0625,5.75,5.75,0.0,True,True,google/gemma-2-9b-it,11c9b309abf73637e4b6f9a3fa1e92e615547819
37,heldout,8,64,3,40,random_positions,9.0625,5.75,5.75,0.0,True,True,google/gemma-2-9b-it,11c9b309abf73637e4b6f9a3fa1e92e615547819
37,heldout,8,64,3,41,answer_position,9.0625,5.75,9.0625,3.3125,True,True,google/gemma-2-9b-it,11c9b309abf73637e4b6f9a3fa1e92e615547819
37,heldout,8,64,3,41,number_tokens,9.0625,5.75,5.75,0.0,True,True,google/gemma-2-9b-it,11c9b309abf73637e4b6f9a3fa1e92e615547819
37,heldout,8,64,3,41,random_positions,9.0625,5.75,5.75,0.0,True,True,google/gemma-2-9b-it,11c9b309abf73637e4b6f9a3fa1e92e615547819
38,heldout,8,65,4,0,answer_position,9.0,5.125,5.125,0.0,True,True,google/gemma-2-9b-it,11c9b309abf73637e4b6f9a3fa1e92e615547819
38,heldout,8,65,4,0,number_tokens,9.0,5.125,5.125,0.0,True,True,google/gemma-2-9b-it,11c9b309abf73637e4b6f9a3fa1e92e615547819
38,heldout,8,65,4,0,random_positions,9.0,5.125,3.0,-2.125,True,True,google/gemma-2-9b-it,11c9b309abf73637e4b6f9a3fa1e92e615547819
38,heldout,8,65,4,1,answer_position,9.0,5.125,5.125,0.0,True,True,google/gemma-2-9b-it,11c9b309abf73637e4b6f9a3fa1e92e615547819
38,heldout,8,65,4,1,number_tokens,9.0,5.125,5.25,0.125,True,True,google/gemma-2-9b-it,11c9b309abf73637e4b6f9a3fa1e92e615547819
38,heldout,8,65,4,1,random_positions,9.0,5.125,3.25,-1.875,True,True,google/gemma-2-9b-it,11c9b309abf73637e4b6f9a3fa1e92e615547819
38,heldout,8,65,4,2,answer_position,9.0,5.125,5.125,0.0,True,True,google/gemma-2-9b-it,11c9b309abf73637e4b6f9a3fa1e92e615547819
38,heldout,8,65,4,2,number_tokens,9.0,5.125,5.375,0.25,True,True,google/gemma-2-9b-it,11c9b309abf73637e4b6f9a3fa1e92e615547819
38,heldout,8,65,4,2,random_positions,9.0,5.125,4.25,-0.875,True,True,google/gemma-2-9b-it,11c9b309abf73637e4b6f9a3fa1e92e615547819
38,heldout,8,65,4,3,answer_position,9.0,5.125,5.125,0.0,True,True,google/gemma-2-9b-it,11c9b309abf73637e4b6f9a3fa1e92e615547819
38,heldout,8,65,4,3,number_tokens,9.0,5.125,5.625,0.5,True,True,google/gemma-2-9b-it,11c9b309abf73637e4b6f9a3fa1e92e615547819
38,heldout,8,65,4,3,random_positions,9.0,5.125,3.125,-2.0,True,True,google/gemma-2-9b-it,11c9b309abf73637e4b6f9a3fa1e92e615547819
38,heldout,8,65,4,4,answer_position,9.0,5.125,5.125,0.0,True,True,google/gemma-2-9b-it,11c9b309abf73637e4b6f9a3fa1e92e615547819
38,heldout,8,65,4,4,number_tokens,9.0,5.125,5.75,0.625,True,True,google/gemma-2-9b-it,11c9b309abf73637e4b6f9a3fa1e92e615547819
38,heldout,8,65,4,4,random_positions,9.0,5.125,4.25,-0.875,True,True,google/gemma-2-9b-it,11c9b309abf73637e4b6f9a3fa1e92e615547819
38,heldout,8,65,4,5,answer_position,9.0,5.125,5.125,0.0,True,True,google/gemma-2-9b-it,11c9b309abf73637e4b6f9a3fa1e92e615547819
38,heldout,8,65,4,5,number_tokens,9.0,5.125,6.8125,1.6875,True,True,google/gemma-2-9b-it,11c9b309abf73637e4b6f9a3fa1e92e615547819
38,heldout,8,65,4,5,random_positions,9.0,5.125,4.75,-0.375,True,True,google/gemma-2-9b-it,11c9b309abf73637e4b6f9a3fa1e92e615547819
38,heldout,8,65,4,6,answer_position,9.0,5.125,5.125,0.0,True,True,google/gemma-2-9b-it,11c9b309abf73637e4b6f9a3fa1e92e615547819
38,heldout,8,65,4,6,number_tokens,9.0,5.125,7.0625,1.9375,True,True,google/gemma-2-9b-it,11c9b309abf73637e4b6f9a3fa1e92e615547819
38,heldout,8,65,4,6,random_positions,9.0,5.125,5.5,0.375,True,True,google/gemma-2-9b-it,11c9b309abf73637e4b6f9a3fa1e92e615547819
38,heldout,8,65,4,7,answer_position,9.0,5.125,5.125,0.0,True,True,google/gemma-2-9b-it,11c9b309abf73637e4b6f9a3fa1e92e615547819
38,heldout,8,65,4,7,number_tokens,9.0,5.125,7.9375,2.8125,True,True,google/gemma-2-9b-it,11c9b309abf73637e4b6f9a3fa1e92e615547819
38,heldout,8,65,4,7,random_positions,9.0,5.125,5.5,0.375,True,True,google/gemma-2-9b-it,11c9b309abf73637e4b6f9a3fa1e92e615547819
38,heldout,8,65,4,8,answer_position,9.0,5.125,5.125,0.0,True,True,google/gemma-2-9b-it,11c9b309abf73637e4b6f9a3fa1e92e615547819
38,heldout,8,65,4,8,number_tokens,9.0,5.125,8.0,2.875,True,True,google/gemma-2-9b-it,11c9b309abf73637e4b6f9a3fa1e92e615547819
38,heldout,8,65,4,8,random_positions,9.0,5.125,5.5,0.375,True,True,google/gemma-2-9b-it,11c9b309abf73637e4b6f9a3fa1e92e615547819
38,heldout,8,65,4,9,answer_position,9.0,5.125,5.125,0.0,True,True,google/gemma-2-9b-it,11c9b309abf73637e4b6f9a3fa1e92e615547819
38,heldout,8,65,4,9,number_tokens,9.0,5.125,8.125,3.0,True,True,google/gemma-2-9b-it,11c9b309abf73637e4b6f9a3fa1e92e615547819
38,heldout,8,65,4,9,random_positions,9.0,5.125,5.75,0.625,True,True,google/gemma-2-9b-it,11c9b309abf73637e4b6f9a3fa1e92e615547819
38,heldout,8,65,4,10,answer_position,9.0,5.125,5.25,0.125,True,True,google/gemma-2-9b-it,11c9b309abf73637e4b6f9a3fa1e92e615547819
38,heldout,8,65,4,10,number_tokens,9.0,5.125,7.8125,2.6875,True,True,google/gemma-2-9b-it,11c9b309abf73637e4b6f9a3fa1e92e615547819
38,heldout,8,65,4,10,random_positions,9.0,5.125,5.5,0.375,True,True,google/gemma-2-9b-it,11c9b309abf73637e4b6f9a3fa1e92e615547819
38,heldout,8,65,4,11,answer_position,9.0,5.125,5.125,0.0,True,True,google/gemma-2-9b-it,11c9b309abf73637e4b6f9a3fa1e92e615547819
38,heldout,8,65,4,11,number_tokens,9.0,5.125,0.875,-4.25,True,True,google/gemma-2-9b-it,11c9b309abf73637e4b6f9a3fa1e92e615547819
38,heldout,8,65,4,11,random_positions,9.0,5.125,5.625,0.5,True,True,google/gemma-2-9b-it,11c9b309abf73637e4b6f9a3fa1e92e615547819
38,heldout,8,65,4,12,answer_position,9.0,5.125,5.125,0.0,True,True,google/gemma-2-9b-it,11c9b309abf73637e4b6f9a3fa1e92e615547819
38,heldout,8,65,4,12,number_tokens,9.0,5.125,-1.5,-6.625,True,False,google/gemma-2-9b-it,11c9b309abf73637e4b6f9a3fa1e92e615547819
38,heldout,8,65,4,12,random_positions,9.0,5.125,5.375,0.25,True,True,google/gemma-2-9b-it,11c9b309abf73637e4b6f9a3fa1e92e615547819
38,heldout,8,65,4,13,answer_position,9.0,5.125,5.125,0.0,True,True,google/gemma-2-9b-it,11c9b309abf73637e4b6f9a3fa1e92e615547819
38,heldout,8,65,4,13,number_tokens,9.0,5.125,-3.0,-8.125,True,False,google/gemma-2-9b-it,11c9b309abf73637e4b6f9a3fa1e92e615547819
38,heldout,8,65,4,13,random_positions,9.0,5.125,5.25,0.125,True,True,google/gemma-2-9b-it,11c9b309abf73637e4b6f9a3fa1e92e615547819
38,heldout,8,65,4,14,answer_position,9.0,5.125,5.125,0.0,True,True,google/gemma-2-9b-it,11c9b309abf73637e4b6f9a3fa1e92e615547819
38,heldout,8,65,4,14,number_tokens,9.0,5.125,-0.375,-5.5,True,False,google/gemma-2-9b-it,11c9b309abf73637e4b6f9a3fa1e92e615547819
38,heldout,8,65,4,14,random_positions,9.0,5.125,4.875,-0.25,True,True,google/gemma-2-9b-it,11c9b309abf73637e4b6f9a3fa1e92e615547819
38,heldout,8,65,4,15,answer_position,9.0,5.125,5.125,0.0,True,True,google/gemma-2-9b-it,11c9b309abf73637e4b6f9a3fa1e92e615547819
38,heldout,8,65,4,15,number_tokens,9.0,5.125,5.625,0.5,True,True,google/gemma-2-9b-it,11c9b309abf73637e4b6f9a3fa1e92e615547819
38,heldout,8,65,4,15,random_positions,9.0,5.125,4.625,-0.5,True,True,google/gemma-2-9b-it,11c9b309abf73637e4b6f9a3fa1e92e615547819
38,heldout,8,65,4,16,answer_position,9.0,5.125,5.125,0.0,True,True,google/gemma-2-9b-it,11c9b309abf73637e4b6f9a3fa1e92e615547819
38,heldout,8,65,4,16,number_tokens,9.0,5.125,7.125,2.0,True,True,google/gemma-2-9b-it,11c9b309abf73637e4b6f9a3fa1e92e615547819
38,heldout,8,65,4,16,random_positions,9.0,5.125,4.625,-0.5,True,True,google/gemma-2-9b-it,11c9b309abf73637e4b6f9a3fa1e92e615547819
38,heldout,8,65,4,17,answer_position,9.0,5.125,5.125,0.0,True,True,google/gemma-2-9b-it,11c9b309abf73637e4b6f9a3fa1e92e615547819
38,heldout,8,65,4,17,number_tokens,9.0,5.125,7.125,2.0,True,True,google/gemma-2-9b-it,11c9b309abf73637e4b6f9a3fa1e92e615547819
38,heldout,8,65,4,17,random_positions,9.0,5.125,4.875,-0.25,True,True,google/gemma-2-9b-it,11c9b309abf73637e4b6f9a3fa1e92e615547819
38,heldout,8,65,4,18,answer_position,9.0,5.125,5.375,0.25,True,True,google/gemma-2-9b-it,11c9b309abf73637e4b6f9a3fa1e92e615547819
38,heldout,8,65,4,18,number_tokens,9.0,5.125,6.4375,1.3125,True,True,google/gemma-2-9b-it,11c9b309abf73637e4b6f9a3fa1e92e615547819
38,heldout,8,65,4,18,random_positions,9.0,5.125,6.0,0.875,True,True,google/gemma-2-9b-it,11c9b309abf73637e4b6f9a3fa1e92e615547819
38,heldout,8,65,4,19,answer_position,9.0,5.125,5.25,0.125,True,True,google/gemma-2-9b-it,11c9b309abf73637e4b6f9a3fa1e92e615547819
38,heldout,8,65,4,19,number_tokens,9.0,5.125,7.125,2.0,True,True,google/gemma-2-9b-it,11c9b309abf73637e4b6f9a3fa1e92e615547819
38,heldout,8,65,4,19,random_positions,9.0,5.125,6.0,0.875,True,True,google/gemma-2-9b-it,11c9b309abf73637e4b6f9a3fa1e92e615547819
38,heldout,8,65,4,20,answer_position,9.0,5.125,5.625,0.5,True,True,google/gemma-2-9b-it,11c9b309abf73637e4b6f9a3fa1e92e615547819
38,heldout,8,65,4,20,number_tokens,9.0,5.125,6.125,1.0,True,True,google/gemma-2-9b-it,11c9b309abf73637e4b6f9a3fa1e92e615547819
38,heldout,8,65,4,20,random_positions,9.0,5.125,5.75,0.625,True,True,google/gemma-2-9b-it,11c9b309abf73637e4b6f9a3fa1e92e615547819
38,heldout,8,65,4,21,answer_position,9.0,5.125,6.25,1.125,True,True,google/gemma-2-9b-it,11c9b309abf73637e4b6f9a3fa1e92e615547819
38,heldout,8,65,4,21,number_tokens,9.0,5.125,5.75,0.625,True,True,google/gemma-2-9b-it,11c9b309abf73637e4b6f9a3fa1e92e615547819
38,heldout,8,65,4,21,random_positions,9.0,5.125,6.125,1.0,True,True,google/gemma-2-9b-it,11c9b309abf73637e4b6f9a3fa1e92e615547819
38,heldout,8,65,4,22,answer_position,9.0,5.125,6.9375,1.8125,True,True,google/gemma-2-9b-it,11c9b309abf73637e4b6f9a3fa1e92e615547819
38,heldout,8,65,4,22,number_tokens,9.0,5.125,5.875,0.75,True,True,google/gemma-2-9b-it,11c9b309abf73637e4b6f9a3fa1e92e615547819
38,heldout,8,65,4,22,random_positions,9.0,5.125,5.875,0.75,True,True,google/gemma-2-9b-it,11c9b309abf73637e4b6f9a3fa1e92e615547819
38,heldout,8,65,4,23,answer_position,9.0,5.125,7.5,2.375,True,True,google/gemma-2-9b-it,11c9b309abf73637e4b6f9a3fa1e92e615547819
38,heldout,8,65,4,23,number_tokens,9.0,5.125,5.25,0.125,True,True,google/gemma-2-9b-it,11c9b309abf73637e4b6f9a3fa1e92e615547819
38,heldout,8,65,4,23,random_positions,9.0,5.125,5.75,0.625,True,True,google/gemma-2-9b-it,11c9b309abf73637e4b6f9a3fa1e92e615547819
38,heldout,8,65,4,24,answer_position,9.0,5.125,7.75,2.625,True,True,google/gemma-2-9b-it,11c9b309abf73637e4b6f9a3fa1e92e615547819
38,heldout,8,65,4,24,number_tokens,9.0,5.125,5.125,0.0,True,True,google/gemma-2-9b-it,11c9b309abf73637e4b6f9a3fa1e92e615547819
38,heldout,8,65,4,24,random_positions,9.0,5.125,5.625,0.5,True,True,google/gemma-2-9b-it,11c9b309abf73637e4b6f9a3fa1e92e615547819
38,heldout,8,65,4,25,answer_position,9.0,5.125,8.0,2.875,True,True,google/gemma-2-9b-it,11c9b309abf73637e4b6f9a3fa1e92e615547819
38,heldout,8,65,4,25,number_tokens,9.0,5.125,5.125,0.0,True,True,google/gemma-2-9b-it,11c9b309abf73637e4b6f9a3fa1e92e615547819
38,heldout,8,65,4,25,random_positions,9.0,5.125,5.5,0.375,True,True,google/gemma-2-9b-it,11c9b309abf73637e4b6f9a3fa1e92e615547819
38,heldout,8,65,4,26,answer_position,9.0,5.125,8.125,3.0,True,True,google/gemma-2-9b-it,11c9b309abf73637e4b6f9a3fa1e92e615547819
38,heldout,8,65,4,26,number_tokens,9.0,5.125,5.125,0.0,True,True,google/gemma-2-9b-it,11c9b309abf73637e4b6f9a3fa1e92e615547819
38,heldout,8,65,4,26,random_positions,9.0,5.125,5.5,0.375,True,True,google/gemma-2-9b-it,11c9b309abf73637e4b6f9a3fa1e92e615547819
38,heldout,8,65,4,27,answer_position,9.0,5.125,8.25,3.125,True,True,google/gemma-2-9b-it,11c9b309abf73637e4b6f9a3fa1e92e615547819
38,heldout,8,65,4,27,number_tokens,9.0,5.125,5.125,0.0,True,True,google/gemma-2-9b-it,11c9b309abf73637e4b6f9a3fa1e92e615547819
38,heldout,8,65,4,27,random_positions,9.0,5.125,5.5,0.375,True,True,google/gemma-2-9b-it,11c9b309abf73637e4b6f9a3fa1e92e615547819
38,heldout,8,65,4,28,answer_position,9.0,5.125,8.125,3.0,True,True,google/gemma-2-9b-it,11c9b309abf73637e4b6f9a3fa1e92e615547819
38,heldout,8,65,4,28,number_tokens,9.0,5.125,5.125,0.0,True,True,google/gemma-2-9b-it,11c9b309abf73637e4b6f9a3fa1e92e615547819
38,heldout,8,65,4,28,random_positions,9.0,5.125,5.5,0.375,True,True,google/gemma-2-9b-it,11c9b309abf73637e4b6f9a3fa1e92e615547819
38,heldout,8,65,4,29,answer_position,9.0,5.125,8.125,3.0,True,True,google/gemma-2-9b-it,11c9b309abf73637e4b6f9a3fa1e92e615547819
38,heldout,8,65,4,29,number_tokens,9.0,5.125,5.25,0.125,True,True,google/gemma-2-9b-it,11c9b309abf73637e4b6f9a3fa1e92e615547819
38,heldout,8,65,4,29,random_positions,9.0,5.125,5.5,0.375,True,True,google/gemma-2-9b-it,11c9b309abf73637e4b6f9a3fa1e92e615547819
38,heldout,8,65,4,30,answer_position,9.0,5.125,8.25,3.125,True,True,google/gemma-2-9b-it,11c9b309abf73637e4b6f9a3fa1e92e615547819
38,heldout,8,65,4,30,number_tokens,9.0,5.125,5.25,0.125,True,True,google/gemma-2-9b-it,11c9b309abf73637e4b6f9a3fa1e92e615547819
38,heldout,8,65,4,30,random_positions,9.0,5.125,5.375,0.25,True,True,google/gemma-2-9b-it,11c9b309abf73637e4b6f9a3fa1e92e615547819
38,heldout,8,65,4,31,answer_position,9.0,5.125,8.375,3.25,True,True,google/gemma-2-9b-it,11c9b309abf73637e4b6f9a3fa1e92e615547819
38,heldout,8,65,4,31,number_tokens,9.0,5.125,5.25,0.125,True,True,google/gemma-2-9b-it,11c9b309abf73637e4b6f9a3fa1e92e615547819
38,heldout,8,65,4,31,random_positions,9.0,5.125,5.375,0.25,True,True,google/gemma-2-9b-it,11c9b309abf73637e4b6f9a3fa1e92e615547819
38,heldout,8,65,4,32,answer_position,9.0,5.125,8.375,3.25,True,True,google/gemma-2-9b-it,11c9b309abf73637e4b6f9a3fa1e92e615547819
38,heldout,8,65,4,32,number_tokens,9.0,5.125,5.125,0.0,True,True,google/gemma-2-9b-it,11c9b309abf73637e4b6f9a3fa1e92e615547819
38,heldout,8,65,4,32,random_positions,9.0,5.125,5.375,0.25,True,True,google/gemma-2-9b-it,11c9b309abf73637e4b6f9a3fa1e92e615547819
38,heldout,8,65,4,33,answer_position,9.0,5.125,8.375,3.25,True,True,google/gemma-2-9b-it,11c9b309abf73637e4b6f9a3fa1e92e615547819
38,heldout,8,65,4,33,number_tokens,9.0,5.125,5.25,0.125,True,True,google/gemma-2-9b-it,11c9b309abf73637e4b6f9a3fa1e92e615547819
38,heldout,8,65,4,33,random_positions,9.0,5.125,5.375,0.25,True,True,google/gemma-2-9b-it,11c9b309abf73637e4b6f9a3fa1e92e615547819
38,heldout,8,65,4,34,answer_position,9.0,5.125,8.4375,3.3125,True,True,google/gemma-2-9b-it,11c9b309abf73637e4b6f9a3fa1e92e615547819
38,heldout,8,65,4,34,number_tokens,9.0,5.125,5.125,0.0,True,True,google/gemma-2-9b-it,11c9b309abf73637e4b6f9a3fa1e92e615547819
38,heldout,8,65,4,34,random_positions,9.0,5.125,5.375,0.25,True,True,google/gemma-2-9b-it,11c9b309abf73637e4b6f9a3fa1e92e615547819
38,heldout,8,65,4,35,answer_position,9.0,5.125,8.375,3.25,True,True,google/gemma-2-9b-it,11c9b309abf73637e4b6f9a3fa1e92e615547819
38,heldout,8,65,4,35,number_tokens,9.0,5.125,5.125,0.0,True,True,google/gemma-2-9b-it,11c9b309abf73637e4b6f9a3fa1e92e615547819
38,heldout,8,65,4,35,random_positions,9.0,5.125,5.375,0.25,True,True,google/gemma-2-9b-it,11c9b309abf73637e4b6f9a3fa1e92e615547819
38,heldout,8,65,4,36,answer_position,9.0,5.125,8.375,3.25,True,True,google/gemma-2-9b-it,11c9b309abf73637e4b6f9a3fa1e92e615547819
38,heldout,8,65,4,36,number_tokens,9.0,5.125,5.25,0.125,True,True,google/gemma-2-9b-it,11c9b309abf73637e4b6f9a3fa1e92e615547819
38,heldout,8,65,4,36,random_positions,9.0,5.125,5.375,0.25,True,True,google/gemma-2-9b-it,11c9b309abf73637e4b6f9a3fa1e92e615547819
38,heldout,8,65,4,37,answer_position,9.0,5.125,8.4375,3.3125,True,True,google/gemma-2-9b-it,11c9b309abf73637e4b6f9a3fa1e92e615547819
38,heldout,8,65,4,37,number_tokens,9.0,5.125,5.125,0.0,True,True,google/gemma-2-9b-it,11c9b309abf73637e4b6f9a3fa1e92e615547819
38,heldout,8,65,4,37,random_positions,9.0,5.125,5.375,0.25,True,True,google/gemma-2-9b-it,11c9b309abf73637e4b6f9a3fa1e92e615547819
38,heldout,8,65,4,38,answer_position,9.0,5.125,8.625,3.5,True,True,google/gemma-2-9b-it,11c9b309abf73637e4b6f9a3fa1e92e615547819
38,heldout,8,65,4,38,number_tokens,9.0,5.125,5.125,0.0,True,True,google/gemma-2-9b-it,11c9b309abf73637e4b6f9a3fa1e92e615547819
38,heldout,8,65,4,38,random_positions,9.0,5.125,5.25,0.125,True,True,google/gemma-2-9b-it,11c9b309abf73637e4b6f9a3fa1e92e615547819
38,heldout,8,65,4,39,answer_position,9.0,5.125,8.6875,3.5625,True,True,google/gemma-2-9b-it,11c9b309abf73637e4b6f9a3fa1e92e615547819
38,heldout,8,65,4,39,number_tokens,9.0,5.125,5.125,0.0,True,True,google/gemma-2-9b-it,11c9b309abf73637e4b6f9a3fa1e92e615547819
38,heldout,8,65,4,39,random_positions,9.0,5.125,5.25,0.125,True,True,google/gemma-2-9b-it,11c9b309abf73637e4b6f9a3fa1e92e615547819
38,heldout,8,65,4,40,answer_position,9.0,5.125,8.875,3.75,True,True,google/gemma-2-9b-it,11c9b309abf73637e4b6f9a3fa1e92e615547819
38,heldout,8,65,4,40,number_tokens,9.0,5.125,5.125,0.0,True,True,google/gemma-2-9b-it,11c9b309abf73637e4b6f9a3fa1e92e615547819
38,heldout,8,65,4,40,random_positions,9.0,5.125,5.125,0.0,True,True,google/gemma-2-9b-it,11c9b309abf73637e4b6f9a3fa1e92e615547819
38,heldout,8,65,4,41,answer_position,9.0,5.125,9.0,3.875,True,True,google/gemma-2-9b-it,11c9b309abf73637e4b6f9a3fa1e92e615547819
38,heldout,8,65,4,41,number_tokens,9.0,5.125,5.125,0.0,True,True,google/gemma-2-9b-it,11c9b309abf73637e4b6f9a3fa1e92e615547819
38,heldout,8,65,4,41,random_positions,9.0,5.125,5.125,0.0,True,True,google/gemma-2-9b-it,11c9b309abf73637e4b6f9a3fa1e92e615547819
39,heldout,8,66,2,0,answer_position,9.375,5.0,5.0,0.0,True,True,google/gemma-2-9b-it,11c9b309abf73637e4b6f9a3fa1e92e615547819
39,heldout,8,66,2,0,number_tokens,9.375,5.0,5.125,0.125,True,True,google/gemma-2-9b-it,11c9b309abf73637e4b6f9a3fa1e92e615547819
39,heldout,8,66,2,0,random_positions,9.375,5.0,5.0,0.0,True,True,google/gemma-2-9b-it,11c9b309abf73637e4b6f9a3fa1e92e615547819
39,heldout,8,66,2,1,answer_position,9.375,5.0,5.0,0.0,True,True,google/gemma-2-9b-it,11c9b309abf73637e4b6f9a3fa1e92e615547819
39,heldout,8,66,2,1,number_tokens,9.375,5.0,5.375,0.375,True,True,google/gemma-2-9b-it,11c9b309abf73637e4b6f9a3fa1e92e615547819
39,heldout,8,66,2,1,random_positions,9.375,5.0,4.875,-0.125,True,True,google/gemma-2-9b-it,11c9b309abf73637e4b6f9a3fa1e92e615547819
39,heldout,8,66,2,2,answer_position,9.375,5.0,5.0,0.0,True,True,google/gemma-2-9b-it,11c9b309abf73637e4b6f9a3fa1e92e615547819
39,heldout,8,66,2,2,number_tokens,9.375,5.0,5.375,0.375,True,True,google/gemma-2-9b-it,11c9b309abf73637e4b6f9a3fa1e92e615547819
39,heldout,8,66,2,2,random_positions,9.375,5.0,5.0,0.0,True,True,google/gemma-2-9b-it,11c9b309abf73637e4b6f9a3fa1e92e615547819
39,heldout,8,66,2,3,answer_position,9.375,5.0,5.0,0.0,True,True,google/gemma-2-9b-it,11c9b309abf73637e4b6f9a3fa1e92e615547819
39,heldout,8,66,2,3,number_tokens,9.375,5.0,5.125,0.125,True,True,google/gemma-2-9b-it,11c9b309abf73637e4b6f9a3fa1e92e615547819
39,heldout,8,66,2,3,random_positions,9.375,5.0,5.0,0.0,True,True,google/gemma-2-9b-it,11c9b309abf73637e4b6f9a3fa1e92e615547819
39,heldout,8,66,2,4,answer_position,9.375,5.0,5.0,0.0,True,True,google/gemma-2-9b-it,11c9b309abf73637e4b6f9a3fa1e92e615547819
39,heldout,8,66,2,4,number_tokens,9.375,5.0,5.5,0.5,True,True,google/gemma-2-9b-it,11c9b309abf73637e4b6f9a3fa1e92e615547819
39,heldout,8,66,2,4,random_positions,9.375,5.0,4.875,-0.125,True,True,google/gemma-2-9b-it,11c9b309abf73637e4b6f9a3fa1e92e615547819
39,heldout,8,66,2,5,answer_position,9.375,5.0,5.0,0.0,True,True,google/gemma-2-9b-it,11c9b309abf73637e4b6f9a3fa1e92e615547819
39,heldout,8,66,2,5,number_tokens,9.375,5.0,6.25,1.25,True,True,google/gemma-2-9b-it,11c9b309abf73637e4b6f9a3fa1e92e615547819
39,heldout,8,66,2,5,random_positions,9.375,5.0,4.875,-0.125,True,True,google/gemma-2-9b-it,11c9b309abf73637e4b6f9a3fa1e92e615547819
39,heldout,8,66,2,6,answer_position,9.375,5.0,4.875,-0.125,True,True,google/gemma-2-9b-it,11c9b309abf73637e4b6f9a3fa1e92e615547819
39,heldout,8,66,2,6,number_tokens,9.375,5.0,6.8125,1.8125,True,True,google/gemma-2-9b-it,11c9b309abf73637e4b6f9a3fa1e92e615547819
39,heldout,8,66,2,6,random_positions,9.375,5.0,5.0,0.0,True,True,google/gemma-2-9b-it,11c9b309abf73637e4b6f9a3fa1e92e615547819
39,heldout,8,66,2,7,answer_position,9.375,5.0,5.0,0.0,True,True,google/gemma-2-9b-it,11c9b309abf73637e4b6f9a3fa1e92e615547819
39,heldout,8,66,2,7,number_tokens,9.375,5.0,8.0,3.0,True,True,google/gemma-2-9b-it,11c9b309abf73637e4b6f9a3fa1e92e615547819
39,heldout,8,66,2,7,random_positions,9.375,5.0,5.0,0.0,True,True,google/gemma-2-9b-it,11c9b309abf73637e4b6f9a3fa1e92e615547819
39,heldout,8,66,2,8,answer_position,9.375,5.0,5.0,0.0,True,True,google/gemma-2-9b-it,11c9b309abf73637e4b6f9a3fa1e92e615547819
39,heldout,8,66,2,8,number_tokens,9.375,5.0,8.0,3.0,True,True,google/gemma-2-9b-it,11c9b309abf73637e4b6f9a3fa1e92e615547819
39,heldout,8,66,2,8,random_positions,9.375,5.0,5.0,0.0,True,True,google/gemma-2-9b-it,11c9b309abf73637e4b6f9a3fa1e92e615547819
39,heldout,8,66,2,9,answer_position,9.375,5.0,5.125,0.125,True,True,google/gemma-2-9b-it,11c9b309abf73637e4b6f9a3fa1e92e615547819
39,heldout,8,66,2,9,number_tokens,9.375,5.0,8.3125,3.3125,True,True,google/gemma-2-9b-it,11c9b309abf73637e4b6f9a3fa1e92e615547819
39,heldout,8,66,2,9,random_positions,9.375,5.0,5.125,0.125,True,True,google/gemma-2-9b-it,11c9b309abf73637e4b6f9a3fa1e92e615547819
39,heldout,8,66,2,10,answer_position,9.375,5.0,5.0,0.0,True,True,google/gemma-2-9b-it,11c9b309abf73637e4b6f9a3fa1e92e615547819
39,heldout,8,66,2,10,number_tokens,9.375,5.0,7.875,2.875,True,True,google/gemma-2-9b-it,11c9b309abf73637e4b6f9a3fa1e92e615547819
39,heldout,8,66,2,10,random_positions,9.375,5.0,5.0,0.0,True,True,google/gemma-2-9b-it,11c9b309abf73637e4b6f9a3fa1e92e615547819
39,heldout,8,66,2,11,answer_position,9.375,5.0,5.0,0.0,True,True,google/gemma-2-9b-it,11c9b309abf73637e4b6f9a3fa1e92e615547819
39,heldout,8,66,2,11,number_tokens,9.375,5.0,6.0,1.0,True,True,google/gemma-2-9b-it,11c9b309abf73637e4b6f9a3fa1e92e615547819
39,heldout,8,66,2,11,random_positions,9.375,5.0,5.0,0.0,True,True,google/gemma-2-9b-it,11c9b309abf73637e4b6f9a3fa1e92e615547819
39,heldout,8,66,2,12,answer_position,9.375,5.0,5.0,0.0,True,True,google/gemma-2-9b-it,11c9b309abf73637e4b6f9a3fa1e92e615547819
39,heldout,8,66,2,12,number_tokens,9.375,5.0,-0.875,-5.875,True,False,google/gemma-2-9b-it,11c9b309abf73637e4b6f9a3fa1e92e615547819
39,heldout,8,66,2,12,random_positions,9.375,5.0,4.875,-0.125,True,True,google/gemma-2-9b-it,11c9b309abf73637e4b6f9a3fa1e92e615547819
39,heldout,8,66,2,13,answer_position,9.375,5.0,5.0,0.0,True,True,google/gemma-2-9b-it,11c9b309abf73637e4b6f9a3fa1e92e615547819
39,heldout,8,66,2,13,number_tokens,9.375,5.0,-2.375,-7.375,True,False,google/gemma-2-9b-it,11c9b309abf73637e4b6f9a3fa1e92e615547819
39,heldout,8,66,2,13,random_positions,9.375,5.0,5.0,0.0,True,True,google/gemma-2-9b-it,11c9b309abf73637e4b6f9a3fa1e92e615547819
39,heldout,8,66,2,14,answer_position,9.375,5.0,5.125,0.125,True,True,google/gemma-2-9b-it,11c9b309abf73637e4b6f9a3fa1e92e615547819
39,heldout,8,66,2,14,number_tokens,9.375,5.0,2.375,-2.625,True,True,google/gemma-2-9b-it,11c9b309abf73637e4b6f9a3fa1e92e615547819
39,heldout,8,66,2,14,random_positions,9.375,5.0,5.0,0.0,True,True,google/gemma-2-9b-it,11c9b309abf73637e4b6f9a3fa1e92e615547819
39,heldout,8,66,2,15,answer_position,9.375,5.0,5.0,0.0,True,True,google/gemma-2-9b-it,11c9b309abf73637e4b6f9a3fa1e92e615547819
39,heldout,8,66,2,15,number_tokens,9.375,5.0,5.875,0.875,True,True,google/gemma-2-9b-it,11c9b309abf73637e4b6f9a3fa1e92e615547819
39,heldout,8,66,2,15,random_positions,9.375,5.0,5.0,0.0,True,True,google/gemma-2-9b-it,11c9b309abf73637e4b6f9a3fa1e92e615547819
39,heldout,8,66,2,16,answer_position,9.375,5.0,5.125,0.125,True,True,google/gemma-2-9b-it,11c9b309abf73637e4b6f9a3fa1e92e615547819
39,heldout,8,66,2,16,number_tokens,9.375,5.0,7.25,2.25,True,True,google/gemma-2-9b-it,11c9b309abf73637e4b6f9a3fa1e92e615547819
39,heldout,8,66,2,16,random_positions,9.375,5.0,5.0,0.0,True,True,google/gemma-2-9b-it,11c9b309abf73637e4b6f9a3fa1e92e615547819
39,heldout,8,66,2,17,answer_position,9.375,5.0,5.0,0.0,True,True,google/gemma-2-9b-it,11c9b309abf73637e4b6f9a3fa1e92e615547819
39,heldout,8,66,2,17,number_tokens,9.375,5.0,7.375,2.375,True,True,google/gemma-2-9b-it,11c9b309abf73637e4b6f9a3fa1e92e615547819
39,heldout,8,66,2,17,random_positions,9.375,5.0,4.875,-0.125,True,True,google/gemma-2-9b-it,11c9b309abf73637e4b6f9a3fa1e92e615547819
39,heldout,8,66,2,18,answer_position,9.375,5.0,5.0,0.0,True,True,google/gemma-2-9b-it,11c9b309abf73637e4b6f9a3fa1e92e615547819
39,heldout,8,66,2,18,number_tokens,9.375,5.0,6.4375,1.4375,True,True,google/gemma-2-9b-it,11c9b309abf73637e4b6f9a3fa1e92e615547819
39,heldout,8,66,2,18,random_positions,9.375,5.0,5.0,0.0,True,True,google/gemma-2-9b-it,11c9b309abf73637e4b6f9a3fa1e92e615547819
39,heldout,8,66,2,19,answer_position,9.375,5.0,5.125,0.125,True,True,google/gemma-2-9b-it,11c9b309abf73637e4b6f9a3fa1e92e615547819
39,heldout,8,66,2,19,number_tokens,9.375,5.0,7.125,2.125,True,True,google/gemma-2-9b-it,11c9b309abf73637e4b6f9a3fa1e92e615547819
39,heldout,8,66,2,19,random_positions,9.375,5.0,5.0,0.0,True,True,google/gemma-2-9b-it,11c9b309abf73637e4b6f9a3fa1e92e615547819
39,heldout,8,66,2,20,answer_position,9.375,5.0,5.5,0.5,True,True,google/gemma-2-9b-it,11c9b309abf73637e4b6f9a3fa1e92e615547819
39,heldout,8,66,2,20,number_tokens,9.375,5.0,6.375,1.375,True,True,google/gemma-2-9b-it,11c9b309abf73637e4b6f9a3fa1e92e615547819
39,heldout,8,66,2,20,random_positions,9.375,5.0,5.0,0.0,True,True,google/gemma-2-9b-it,11c9b309abf73637e4b6f9a3fa1e92e615547819
39,heldout,8,66,2,21,answer_position,9.375,5.0,6.125,1.125,True,True,google/gemma-2-9b-it,11c9b309abf73637e4b6f9a3fa1e92e615547819
39,heldout,8,66,2,21,number_tokens,9.375,5.0,5.75,0.75,True,True,google/gemma-2-9b-it,11c9b309abf73637e4b6f9a3fa1e92e615547819
39,heldout,8,66,2,21,random_positions,9.375,5.0,5.0,0.0,True,True,google/gemma-2-9b-it,11c9b309abf73637e4b6f9a3fa1e92e615547819
39,heldout,8,66,2,22,answer_position,9.375,5.0,6.8125,1.8125,True,True,google/gemma-2-9b-it,11c9b309abf73637e4b6f9a3fa1e92e615547819
39,heldout,8,66,2,22,number_tokens,9.375,5.0,5.75,0.75,True,True,google/gemma-2-9b-it,11c9b309abf73637e4b6f9a3fa1e92e615547819
39,heldout,8,66,2,22,random_positions,9.375,5.0,5.0,0.0,True,True,google/gemma-2-9b-it,11c9b309abf73637e4b6f9a3fa1e92e615547819
39,heldout,8,66,2,23,answer_position,9.375,5.0,7.5,2.5,True,True,google/gemma-2-9b-it,11c9b309abf73637e4b6f9a3fa1e92e615547819
39,heldout,8,66,2,23,number_tokens,9.375,5.0,5.125,0.125,True,True,google/gemma-2-9b-it,11c9b309abf73637e4b6f9a3fa1e92e615547819
39,heldout,8,66,2,23,random_positions,9.375,5.0,5.0,0.0,True,True,google/gemma-2-9b-it,11c9b309abf73637e4b6f9a3fa1e92e615547819
39,heldout,8,66,2,24,answer_position,9.375,5.0,7.8125,2.8125,True,True,google/gemma-2-9b-it,11c9b309abf73637e4b6f9a3fa1e92e615547819
39,heldout,8,66,2,24,number_tokens,9.375,5.0,5.0,0.0,True,True,google/gemma-2-9b-it,11c9b309abf73637e4b6f9a3fa1e92e615547819
39,heldout,8,66,2,24,random_positions,9.375,5.0,5.0,0.0,True,True,google/gemma-2-9b-it,11c9b309abf73637e4b6f9a3fa1e92e615547819
39,heldout,8,66,2,25,answer_position,9.375,5.0,8.3125,3.3125,True,True,google/gemma-2-9b-it,11c9b309abf73637e4b6f9a3fa1e92e615547819
39,heldout,8,66,2,25,number_tokens,9.375,5.0,5.0,0.0,True,True,google/gemma-2-9b-it,11c9b309abf73637e4b6f9a3fa1e92e615547819
39,heldout,8,66,2,25,random_positions,9.375,5.0,5.125,0.125,True,True,google/gemma-2-9b-it,11c9b309abf73637e4b6f9a3fa1e92e615547819
39,heldout,8,66,2,26,answer_position,9.375,5.0,8.5,3.5,True,True,google/gemma-2-9b-it,11c9b309abf73637e4b6f9a3fa1e92e615547819
39,heldout,8,66,2,26,number_tokens,9.375,5.0,4.875,-0.125,True,True,google/gemma-2-9b-it,11c9b309abf73637e4b6f9a3fa1e92e615547819
39,heldout,8,66,2,26,random_positions,9.375,5.0,5.125,0.125,True,True,google/gemma-2-9b-it,11c9b309abf73637e4b6f9a3fa1e92e615547819
39,heldout,8,66,2,27,answer_position,9.375,5.0,8.625,3.625,True,True,google/gemma-2-9b-it,11c9b309abf73637e4b6f9a3fa1e92e615547819
39,heldout,8,66,2,27,number_tokens,9.375,5.0,4.875,-0.125,True,True,google/gemma-2-9b-it,11c9b309abf73637e4b6f9a3fa1e92e615547819
39,heldout,8,66,2,27,random_positions,9.375,5.0,5.25,0.25,True,True,google/gemma-2-9b-it,11c9b309abf73637e4b6f9a3fa1e92e615547819
39,heldout,8,66,2,28,answer_position,9.375,5.0,8.5625,3.5625,True,True,google/gemma-2-9b-it,11c9b309abf73637e4b6f9a3fa1e92e615547819
39,heldout,8,66,2,28,number_tokens,9.375,5.0,5.0,0.0,True,True,google/gemma-2-9b-it,11c9b309abf73637e4b6f9a3fa1e92e615547819
39,heldout,8,66,2,28,random_positions,9.375,5.0,5.375,0.375,True,True,google/gemma-2-9b-it,11c9b309abf73637e4b6f9a3fa1e92e615547819
39,heldout,8,66,2,29,answer_position,9.375,5.0,8.5625,3.5625,True,True,google/gemma-2-9b-it,11c9b309abf73637e4b6f9a3fa1e92e615547819
39,heldout,8,66,2,29,number_tokens,9.375,5.0,5.0,0.0,True,True,google/gemma-2-9b-it,11c9b309abf73637e4b6f9a3fa1e92e615547819
39,heldout,8,66,2,29,random_positions,9.375,5.0,5.25,0.25,True,True,google/gemma-2-9b-it,11c9b309abf73637e4b6f9a3fa1e92e615547819
39,heldout,8,66,2,30,answer_position,9.375,5.0,8.6875,3.6875,True,True,google/gemma-2-9b-it,11c9b309abf73637e4b6f9a3fa1e92e615547819
39,heldout,8,66,2,30,number_tokens,9.375,5.0,5.0,0.0,True,True,google/gemma-2-9b-it,11c9b309abf73637e4b6f9a3fa1e92e615547819
39,heldout,8,66,2,30,random_positions,9.375,5.0,5.25,0.25,True,True,google/gemma-2-9b-it,11c9b309abf73637e4b6f9a3fa1e92e615547819
39,heldout,8,66,2,31,answer_position,9.375,5.0,8.6875,3.6875,True,True,google/gemma-2-9b-it,11c9b309abf73637e4b6f9a3fa1e92e615547819
39,heldout,8,66,2,31,number_tokens,9.375,5.0,5.0,0.0,True,True,google/gemma-2-9b-it,11c9b309abf73637e4b6f9a3fa1e92e615547819
39,heldout,8,66,2,31,random_positions,9.375,5.0,5.125,0.125,True,True,google/gemma-2-9b-it,11c9b309abf73637e4b6f9a3fa1e92e615547819
39,heldout,8,66,2,32,answer_position,9.375,5.0,8.6875,3.6875,True,True,google/gemma-2-9b-it,11c9b309abf73637e4b6f9a3fa1e92e615547819
39,heldout,8,66,2,32,number_tokens,9.375,5.0,5.0,0.0,True,True,google/gemma-2-9b-it,11c9b309abf73637e4b6f9a3fa1e92e615547819
39,heldout,8,66,2,32,random_positions,9.375,5.0,5.125,0.125,True,True,google/gemma-2-9b-it,11c9b309abf73637e4b6f9a3fa1e92e615547819
39,heldout,8,66,2,33,answer_position,9.375,5.0,8.6875,3.6875,True,True,google/gemma-2-9b-it,11c9b309abf73637e4b6f9a3fa1e92e615547819
39,heldout,8,66,2,33,number_tokens,9.375,5.0,5.0,0.0,True,True,google/gemma-2-9b-it,11c9b309abf73637e4b6f9a3fa1e92e615547819
39,heldout,8,66,2,33,random_positions,9.375,5.0,5.125,0.125,True,True,google/gemma-2-9b-it,11c9b309abf73637e4b6f9a3fa1e92e615547819
39,heldout,8,66,2,34,answer_position,9.375,5.0,8.6875,3.6875,True,True,google/gemma-2-9b-it,11c9b309abf73637e4b6f9a3fa1e92e615547819
39,heldout,8,66,2,34,number_tokens,9.375,5.0,5.0,0.0,True,True,google/gemma-2-9b-it,11c9b309abf73637e4b6f9a3fa1e92e615547819
39,heldout,8,66,2,34,random_positions,9.375,5.0,5.125,0.125,True,True,google/gemma-2-9b-it,11c9b309abf73637e4b6f9a3fa1e92e615547819
39,heldout,8,66,2,35,answer_position,9.375,5.0,8.8125,3.8125,True,True,google/gemma-2-9b-it,11c9b309abf73637e4b6f9a3fa1e92e615547819
39,heldout,8,66,2,35,number_tokens,9.375,5.0,5.0,0.0,True,True,google/gemma-2-9b-it,11c9b309abf73637e4b6f9a3fa1e92e615547819
39,heldout,8,66,2,35,random_positions,9.375,5.0,5.125,0.125,True,True,google/gemma-2-9b-it,11c9b309abf73637e4b6f9a3fa1e92e615547819
39,heldout,8,66,2,36,answer_position,9.375,5.0,8.6875,3.6875,True,True,google/gemma-2-9b-it,11c9b309abf73637e4b6f9a3fa1e92e615547819
39,heldout,8,66,2,36,number_tokens,9.375,5.0,5.0,0.0,True,True,google/gemma-2-9b-it,11c9b309abf73637e4b6f9a3fa1e92e615547819
39,heldout,8,66,2,36,random_positions,9.375,5.0,5.125,0.125,True,True,google/gemma-2-9b-it,11c9b309abf73637e4b6f9a3fa1e92e615547819
39,heldout,8,66,2,37,answer_position,9.375,5.0,8.6875,3.6875,True,True,google/gemma-2-9b-it,11c9b309abf73637e4b6f9a3fa1e92e615547819
39,heldout,8,66,2,37,number_tokens,9.375,5.0,5.0,0.0,True,True,google/gemma-2-9b-it,11c9b309abf73637e4b6f9a3fa1e92e615547819
39,heldout,8,66,2,37,random_positions,9.375,5.0,5.125,0.125,True,True,google/gemma-2-9b-it,11c9b309abf73637e4b6f9a3fa1e92e615547819
39,heldout,8,66,2,38,answer_position,9.375,5.0,8.875,3.875,True,True,google/gemma-2-9b-it,11c9b309abf73637e4b6f9a3fa1e92e615547819
39,heldout,8,66,2,38,number_tokens,9.375,5.0,5.0,0.0,True,True,google/gemma-2-9b-it,11c9b309abf73637e4b6f9a3fa1e92e615547819
39,heldout,8,66,2,38,random_positions,9.375,5.0,5.125,0.125,True,True,google/gemma-2-9b-it,11c9b309abf73637e4b6f9a3fa1e92e615547819
39,heldout,8,66,2,39,answer_position,9.375,5.0,9.0625,4.0625,True,True,google/gemma-2-9b-it,11c9b309abf73637e4b6f9a3fa1e92e615547819
39,heldout,8,66,2,39,number_tokens,9.375,5.0,5.0,0.0,True,True,google/gemma-2-9b-it,11c9b309abf73637e4b6f9a3fa1e92e615547819
39,heldout,8,66,2,39,random_positions,9.375,5.0,5.125,0.125,True,True,google/gemma-2-9b-it,11c9b309abf73637e4b6f9a3fa1e92e615547819
39,heldout,8,66,2,40,answer_position,9.375,5.0,9.25,4.25,True,True,google/gemma-2-9b-it,11c9b309abf73637e4b6f9a3fa1e92e615547819
39,heldout,8,66,2,40,number_tokens,9.375,5.0,5.0,0.0,True,True,google/gemma-2-9b-it,11c9b309abf73637e4b6f9a3fa1e92e615547819
39,heldout,8,66,2,40,random_positions,9.375,5.0,5.0,0.0,True,True,google/gemma-2-9b-it,11c9b309abf73637e4b6f9a3fa1e92e615547819
39,heldout,8,66,2,41,answer_position,9.375,5.0,9.375,4.375,True,True,google/gemma-2-9b-it,11c9b309abf73637e4b6f9a3fa1e92e615547819
39,heldout,8,66,2,41,number_tokens,9.375,5.0,5.0,0.0,True,True,google/gemma-2-9b-it,11c9b309abf73637e4b6f9a3fa1e92e615547819
39,heldout,8,66,2,41,random_positions,9.375,5.0,5.0,0.0,True,True,google/gemma-2-9b-it,11c9b309abf73637e4b6f9a3fa1e92e615547819
40,heldout,9,66,2,0,answer_position,9.4375,2.375,2.375,0.0,True,True,google/gemma-2-9b-it,11c9b309abf73637e4b6f9a3fa1e92e615547819
40,heldout,9,66,2,0,number_tokens,9.4375,2.375,2.875,0.5,True,True,google/gemma-2-9b-it,11c9b309abf73637e4b6f9a3fa1e92e615547819
40,heldout,9,66,2,0,random_positions,9.4375,2.375,2.375,0.0,True,True,google/gemma-2-9b-it,11c9b309abf73637e4b6f9a3fa1e92e615547819
40,heldout,9,66,2,1,answer_position,9.4375,2.375,2.125,-0.25,True,True,google/gemma-2-9b-it,11c9b309abf73637e4b6f9a3fa1e92e615547819
40,heldout,9,66,2,1,number_tokens,9.4375,2.375,3.0,0.625,True,True,google/gemma-2-9b-it,11c9b309abf73637e4b6f9a3fa1e92e615547819
40,heldout,9,66,2,1,random_positions,9.4375,2.375,2.125,-0.25,True,True,google/gemma-2-9b-it,11c9b309abf73637e4b6f9a3fa1e92e615547819
40,heldout,9,66,2,2,answer_position,9.4375,2.375,2.5,0.125,True,True,google/gemma-2-9b-it,11c9b309abf73637e4b6f9a3fa1e92e615547819
40,heldout,9,66,2,2,number_tokens,9.4375,2.375,3.125,0.75,True,True,google/gemma-2-9b-it,11c9b309abf73637e4b6f9a3fa1e92e615547819
40,heldout,9,66,2,2,random_positions,9.4375,2.375,2.375,0.0,True,True,google/gemma-2-9b-it,11c9b309abf73637e4b6f9a3fa1e92e615547819
40,heldout,9,66,2,3,answer_position,9.4375,2.375,2.375,0.0,True,True,google/gemma-2-9b-it,11c9b309abf73637e4b6f9a3fa1e92e615547819
40,heldout,9,66,2,3,number_tokens,9.4375,2.375,2.375,0.0,True,True,google/gemma-2-9b-it,11c9b309abf73637e4b6f9a3fa1e92e615547819
40,heldout,9,66,2,3,random_positions,9.4375,2.375,2.375,0.0,True,True,google/gemma-2-9b-it,11c9b309abf73637e4b6f9a3fa1e92e615547819
40,heldout,9,66,2,4,answer_position,9.4375,2.375,2.375,0.0,True,True,google/gemma-2-9b-it,11c9b309abf73637e4b6f9a3fa1e92e615547819
40,heldout,9,66,2,4,number_tokens,9.4375,2.375,3.375,1.0,True,True,google/gemma-2-9b-it,11c9b309abf73637e4b6f9a3fa1e92e615547819
40,heldout,9,66,2,4,random_positions,9.4375,2.375,2.375,0.0,True,True,google/gemma-2-9b-it,11c9b309abf73637e4b6f9a3fa1e92e615547819
40,heldout,9,66,2,5,answer_position,9.4375,2.375,2.375,0.0,True,True,google/gemma-2-9b-it,11c9b309abf73637e4b6f9a3fa1e92e615547819
40,heldout,9,66,2,5,number_tokens,9.4375,2.375,4.75,2.375,True,True,google/gemma-2-9b-it,11c9b309abf73637e4b6f9a3fa1e92e615547819
40,heldout,9,66,2,5,random_positions,9.4375,2.375,2.375,0.0,True,True,google/gemma-2-9b-it,11c9b309abf73637e4b6f9a3fa1e92e615547819
40,heldout,9,66,2,6,answer_position,9.4375,2.375,2.25,-0.125,True,True,google/gemma-2-9b-it,11c9b309abf73637e4b6f9a3fa1e92e615547819
40,heldout,9,66,2,6,number_tokens,9.4375,2.375,4.875,2.5,True,True,google/gemma-2-9b-it,11c9b309abf73637e4b6f9a3fa1e92e615547819
40,heldout,9,66,2,6,random_positions,9.4375,2.375,2.375,0.0,True,True,google/gemma-2-9b-it,11c9b309abf73637e4b6f9a3fa1e92e615547819
40,heldout,9,66,2,7,answer_position,9.4375,2.375,2.5,0.125,True,True,google/gemma-2-9b-it,11c9b309abf73637e4b6f9a3fa1e92e615547819
40,heldout,9,66,2,7,number_tokens,9.4375,2.375,7.25,4.875,True,True,google/gemma-2-9b-it,11c9b309abf73637e4b6f9a3fa1e92e615547819
40,heldout,9,66,2,7,random_positions,9.4375,2.375,2.375,0.0,True,True,google/gemma-2-9b-it,11c9b309abf73637e4b6f9a3fa1e92e615547819
40,heldout,9,66,2,8,answer_position,9.4375,2.375,2.25,-0.125,True,True,google/gemma-2-9b-it,11c9b309abf73637e4b6f9a3fa1e92e615547819
40,heldout,9,66,2,8,number_tokens,9.4375,2.375,7.25,4.875,True,True,google/gemma-2-9b-it,11c9b309abf73637e4b6f9a3fa1e92e615547819
40,heldout,9,66,2,8,random_positions,9.4375,2.375,2.5,0.125,True,True,google/gemma-2-9b-it,11c9b309abf73637e4b6f9a3fa1e92e615547819
40,heldout,9,66,2,9,answer_position,9.4375,2.375,2.375,0.0,True,True,google/gemma-2-9b-it,11c9b309abf73637e4b6f9a3fa1e92e615547819
40,heldout,9,66,2,9,number_tokens,9.4375,2.375,7.75,5.375,True,True,google/gemma-2-9b-it,11c9b309abf73637e4b6f9a3fa1e92e615547819
40,heldout,9,66,2,9,random_positions,9.4375,2.375,2.125,-0.25,True,True,google/gemma-2-9b-it,11c9b309abf73637e4b6f9a3fa1e92e615547819
40,heldout,9,66,2,10,answer_position,9.4375,2.375,2.5,0.125,True,True,google/gemma-2-9b-it,11c9b309abf73637e4b6f9a3fa1e92e615547819
40,heldout,9,66,2,10,number_tokens,9.4375,2.375,7.25,4.875,True,True,google/gemma-2-9b-it,11c9b309abf73637e4b6f9a3fa1e92e615547819
40,heldout,9,66,2,10,random_positions,9.4375,2.375,2.375,0.0,True,True,google/gemma-2-9b-it,11c9b309abf73637e4b6f9a3fa1e92e615547819
40,heldout,9,66,2,11,answer_position,9.4375,2.375,2.25,-0.125,True,True,google/gemma-2-9b-it,11c9b309abf73637e4b6f9a3fa1e92e615547819
40,heldout,9,66,2,11,number_tokens,9.4375,2.375,4.875,2.5,True,True,google/gemma-2-9b-it,11c9b309abf73637e4b6f9a3fa1e92e615547819
40,heldout,9,66,2,11,random_positions,9.4375,2.375,2.25,-0.125,True,True,google/gemma-2-9b-it,11c9b309abf73637e4b6f9a3fa1e92e615547819
40,heldout,9,66,2,12,answer_position,9.4375,2.375,2.25,-0.125,True,True,google/gemma-2-9b-it,11c9b309abf73637e4b6f9a3fa1e92e615547819
40,heldout,9,66,2,12,number_tokens,9.4375,2.375,-0.625,-3.0,True,False,google/gemma-2-9b-it,11c9b309abf73637e4b6f9a3fa1e92e615547819
40,heldout,9,66,2,12,random_positions,9.4375,2.375,2.125,-0.25,True,True,google/gemma-2-9b-it,11c9b309abf73637e4b6f9a3fa1e92e615547819
40,heldout,9,66,2,13,answer_position,9.4375,2.375,2.25,-0.125,True,True,google/gemma-2-9b-it,11c9b309abf73637e4b6f9a3fa1e92e615547819
40,heldout,9,66,2,13,number_tokens,9.4375,2.375,-2.25,-4.625,True,False,google/gemma-2-9b-it,11c9b309abf73637e4b6f9a3fa1e92e615547819
40,heldout,9,66,2,13,random_positions,9.4375,2.375,2.125,-0.25,True,True,google/gemma-2-9b-it,11c9b309abf73637e4b6f9a3fa1e92e615547819
40,heldout,9,66,2,14,answer_position,9.4375,2.375,2.5,0.125,True,True,google/gemma-2-9b-it,11c9b309abf73637e4b6f9a3fa1e92e615547819
40,heldout,9,66,2,14,number_tokens,9.4375,2.375,0.75,-1.625,True,True,google/gemma-2-9b-it,11c9b309abf73637e4b6f9a3fa1e92e615547819
40,heldout,9,66,2,14,random_positions,9.4375,2.375,2.125,-0.25,True,True,google/gemma-2-9b-it,11c9b309abf73637e4b6f9a3fa1e92e615547819
40,heldout,9,66,2,15,answer_position,9.4375,2.375,2.375,0.0,True,True,google/gemma-2-9b-it,11c9b309abf73637e4b6f9a3fa1e92e615547819
40,heldout,9,66,2,15,number_tokens,9.4375,2.375,5.125,2.75,True,True,google/gemma-2-9b-it,11c9b309abf73637e4b6f9a3fa1e92e615547819
40,heldout,9,66,2,15,random_positions,9.4375,2.375,2.5,0.125,True,True,google/gemma-2-9b-it,11c9b309abf73637e4b6f9a3fa1e92e615547819
40,heldout,9,66,2,16,answer_position,9.4375,2.375,2.375,0.0,True,True,google/gemma-2-9b-it,11c9b309abf73637e4b6f9a3fa1e92e615547819
40,heldout,9,66,2,16,number_tokens,9.4375,2.375,6.8125,4.4375,True,True,google/gemma-2-9b-it,11c9b309abf73637e4b6f9a3fa1e92e615547819
40,heldout,9,66,2,16,random_positions,9.4375,2.375,2.625,0.25,True,True,google/gemma-2-9b-it,11c9b309abf73637e4b6f9a3fa1e92e615547819
40,heldout,9,66,2,17,answer_position,9.4375,2.375,2.125,-0.25,True,True,google/gemma-2-9b-it,11c9b309abf73637e4b6f9a3fa1e92e615547819
40,heldout,9,66,2,17,number_tokens,9.4375,2.375,7.0,4.625,True,True,google/gemma-2-9b-it,11c9b309abf73637e4b6f9a3fa1e92e615547819
40,heldout,9,66,2,17,random_positions,9.4375,2.375,2.5,0.125,True,True,google/gemma-2-9b-it,11c9b309abf73637e4b6f9a3fa1e92e615547819
40,heldout,9,66,2,18,answer_position,9.4375,2.375,2.125,-0.25,True,True,google/gemma-2-9b-it,11c9b309abf73637e4b6f9a3fa1e92e615547819
40,heldout,9,66,2,18,number_tokens,9.4375,2.375,5.75,3.375,True,True,google/gemma-2-9b-it,11c9b309abf73637e4b6f9a3fa1e92e615547819
40,heldout,9,66,2,18,random_positions,9.4375,2.375,2.75,0.375,True,True,google/gemma-2-9b-it,11c9b309abf73637e4b6f9a3fa1e92e615547819
40,heldout,9,66,2,19,answer_position,9.4375,2.375,2.375,0.0,True,True,google/gemma-2-9b-it,11c9b309abf73637e4b6f9a3fa1e92e615547819
40,heldout,9,66,2,19,number_tokens,9.4375,2.375,6.6875,4.3125,True,True,google/gemma-2-9b-it,11c9b309abf73637e4b6f9a3fa1e92e615547819
40,heldout,9,66,2,19,random_positions,9.4375,2.375,3.125,0.75,True,True,google/gemma-2-9b-it,11c9b309abf73637e4b6f9a3fa1e92e615547819
40,heldout,9,66,2,20,answer_position,9.4375,2.375,3.25,0.875,True,True,google/gemma-2-9b-it,11c9b309abf73637e4b6f9a3fa1e92e615547819
40,heldout,9,66,2,20,number_tokens,9.4375,2.375,5.25,2.875,True,True,google/gemma-2-9b-it,11c9b309abf73637e4b6f9a3fa1e92e615547819
40,heldout,9,66,2,20,random_positions,9.4375,2.375,3.0,0.625,True,True,google/gemma-2-9b-it,11c9b309abf73637e4b6f9a3fa1e92e615547819
40,heldout,9,66,2,21,answer_position,9.4375,2.375,4.375,2.0,True,True,google/gemma-2-9b-it,11c9b309abf73637e4b6f9a3fa1e92e615547819
40,heldout,9,66,2,21,number_tokens,9.4375,2.375,4.125,1.75,True,True,google/gemma-2-9b-it,11c9b309abf73637e4b6f9a3fa1e92e615547819
40,heldout,9,66,2,21,random_positions,9.4375,2.375,3.125,0.75,True,True,google/gemma-2-9b-it,11c9b309abf73637e4b6f9a3fa1e92e615547819
40,heldout,9,66,2,22,answer_position,9.4375,2.375,6.125,3.75,True,True,google/gemma-2-9b-it,11c9b309abf73637e4b6f9a3fa1e92e615547819
40,heldout,9,66,2,22,number_tokens,9.4375,2.375,3.625,1.25,True,True,google/gemma-2-9b-it,11c9b309abf73637e4b6f9a3fa1e92e615547819
40,heldout,9,66,2,22,random_positions,9.4375,2.375,3.5,1.125,True,True,google/gemma-2-9b-it,11c9b309abf73637e4b6f9a3fa1e92e615547819
40,heldout,9,66,2,23,answer_position,9.4375,2.375,6.875,4.5,True,True,google/gemma-2-9b-it,11c9b309abf73637e4b6f9a3fa1e92e615547819
40,heldout,9,66,2,23,number_tokens,9.4375,2.375,2.25,-0.125,True,True,google/gemma-2-9b-it,11c9b309abf73637e4b6f9a3fa1e92e615547819
40,heldout,9,66,2,23,random_positions,9.4375,2.375,3.625,1.25,True,True,google/gemma-2-9b-it,11c9b309abf73637e4b6f9a3fa1e92e615547819
40,heldout,9,66,2,24,answer_position,9.4375,2.375,7.25,4.875,True,True,google/gemma-2-9b-it,11c9b309abf73637e4b6f9a3fa1e92e615547819
40,heldout,9,66,2,24,number_tokens,9.4375,2.375,2.125,-0.25,True,True,google/gemma-2-9b-it,11c9b309abf73637e4b6f9a3fa1e92e615547819
40,heldout,9,66,2,24,random_positions,9.4375,2.375,3.75,1.375,True,True,google/gemma-2-9b-it,11c9b309abf73637e4b6f9a3fa1e92e615547819
40,heldout,9,66,2,25,answer_position,9.4375,2.375,8.0,5.625,True,True,google/gemma-2-9b-it,11c9b309abf73637e4b6f9a3fa1e92e615547819
40,heldout,9,66,2,25,number_tokens,9.4375,2.375,2.125,-0.25,True,True,google/gemma-2-9b-it,11c9b309abf73637e4b6f9a3fa1e92e615547819
40,heldout,9,66,2,25,random_positions,9.4375,2.375,3.25,0.875,True,True,google/gemma-2-9b-it,11c9b309abf73637e4b6f9a3fa1e92e615547819
40,heldout,9,66,2,26,answer_position,9.4375,2.375,8.375,6.0,True,True,google/gemma-2-9b-it,11c9b309abf73637e4b6f9a3fa1e92e615547819
40,heldout,9,66,2,26,number_tokens,9.4375,2.375,2.0,-0.375,True,True,google/gemma-2-9b-it,11c9b309abf73637e4b6f9a3fa1e92e615547819
40,heldout,9,66,2,26,random_positions,9.4375,2.375,3.125,0.75,True,True,google/gemma-2-9b-it,11c9b309abf73637e4b6f9a3fa1e92e615547819
40,heldout,9,66,2,27,answer_position,9.4375,2.375,8.5625,6.1875,True,True,google/gemma-2-9b-it,11c9b309abf73637e4b6f9a3fa1e92e615547819
40,heldout,9,66,2,27,number_tokens,9.4375,2.375,2.125,-0.25,True,True,google/gemma-2-9b-it,11c9b309abf73637e4b6f9a3fa1e92e615547819
40,heldout,9,66,2,27,random_positions,9.4375,2.375,3.0,0.625,True,True,google/gemma-2-9b-it,11c9b309abf73637e4b6f9a3fa1e92e615547819
40,heldout,9,66,2,28,answer_position,9.4375,2.375,8.3125,5.9375,True,True,google/gemma-2-9b-it,11c9b309abf73637e4b6f9a3fa1e92e615547819
40,heldout,9,66,2,28,number_tokens,9.4375,2.375,2.375,0.0,True,True,google/gemma-2-9b-it,11c9b309abf73637e4b6f9a3fa1e92e615547819
40,heldout,9,66,2,28,random_positions,9.4375,2.375,2.625,0.25,True,True,google/gemma-2-9b-it,11c9b309abf73637e4b6f9a3fa1e92e615547819
40,heldout,9,66,2,29,answer_position,9.4375,2.375,8.4375,6.0625,True,True,google/gemma-2-9b-it,11c9b309abf73637e4b6f9a3fa1e92e615547819
40,heldout,9,66,2,29,number_tokens,9.4375,2.375,2.375,0.0,True,True,google/gemma-2-9b-it,11c9b309abf73637e4b6f9a3fa1e92e615547819
40,heldout,9,66,2,29,random_positions,9.4375,2.375,2.5,0.125,True,True,google/gemma-2-9b-it,11c9b309abf73637e4b6f9a3fa1e92e615547819
40,heldout,9,66,2,30,answer_position,9.4375,2.375,8.5625,6.1875,True,True,google/gemma-2-9b-it,11c9b309abf73637e4b6f9a3fa1e92e615547819
40,heldout,9,66,2,30,number_tokens,9.4375,2.375,2.375,0.0,True,True,google/gemma-2-9b-it,11c9b309abf73637e4b6f9a3fa1e92e615547819
40,heldout,9,66,2,30,random_positions,9.4375,2.375,2.375,0.0,True,True,google/gemma-2-9b-it,11c9b309abf73637e4b6f9a3fa1e92e615547819
40,heldout,9,66,2,31,answer_position,9.4375,2.375,8.625,6.25,True,True,google/gemma-2-9b-it,11c9b309abf73637e4b6f9a3fa1e92e615547819
40,heldout,9,66,2,31,number_tokens,9.4375,2.375,2.375,0.0,True,True,google/gemma-2-9b-it,11c9b309abf73637e4b6f9a3fa1e92e615547819
40,heldout,9,66,2,31,random_positions,9.4375,2.375,2.375,0.0,True,True,google/gemma-2-9b-it,11c9b309abf73637e4b6f9a3fa1e92e615547819
40,heldout,9,66,2,32,answer_position,9.4375,2.375,8.625,6.25,True,True,google/gemma-2-9b-it,11c9b309abf73637e4b6f9a3fa1e92e615547819
40,heldout,9,66,2,32,number_tokens,9.4375,2.375,2.375,0.0,True,True,google/gemma-2-9b-it,11c9b309abf73637e4b6f9a3fa1e92e615547819
40,heldout,9,66,2,32,random_positions,9.4375,2.375,2.375,0.0,True,True,google/gemma-2-9b-it,11c9b309abf73637e4b6f9a3fa1e92e615547819
40,heldout,9,66,2,33,answer_position,9.4375,2.375,8.625,6.25,True,True,google/gemma-2-9b-it,11c9b309abf73637e4b6f9a3fa1e92e615547819
40,heldout,9,66,2,33,number_tokens,9.4375,2.375,2.25,-0.125,True,True,google/gemma-2-9b-it,11c9b309abf73637e4b6f9a3fa1e92e615547819
40,heldout,9,66,2,33,random_positions,9.4375,2.375,2.375,0.0,True,True,google/gemma-2-9b-it,11c9b309abf73637e4b6f9a3fa1e92e615547819
40,heldout,9,66,2,34,answer_position,9.4375,2.375,8.6875,6.3125,True,True,google/gemma-2-9b-it,11c9b309abf73637e4b6f9a3fa1e92e615547819
40,heldout,9,66,2,34,number_tokens,9.4375,2.375,2.25,-0.125,True,True,google/gemma-2-9b-it,11c9b309abf73637e4b6f9a3fa1e92e615547819
40,heldout,9,66,2,34,random_positions,9.4375,2.375,2.25,-0.125,True,True,google/gemma-2-9b-it,11c9b309abf73637e4b6f9a3fa1e92e615547819
40,heldout,9,66,2,35,answer_position,9.4375,2.375,8.6875,6.3125,True,True,google/gemma-2-9b-it,11c9b309abf73637e4b6f9a3fa1e92e615547819
40,heldout,9,66,2,35,number_tokens,9.4375,2.375,2.25,-0.125,True,True,google/gemma-2-9b-it,11c9b309abf73637e4b6f9a3fa1e92e615547819
40,heldout,9,66,2,35,random_positions,9.4375,2.375,2.375,0.0,True,True,google/gemma-2-9b-it,11c9b309abf73637e4b6f9a3fa1e92e615547819
40,heldout,9,66,2,36,answer_position,9.4375,2.375,8.6875,6.3125,True,True,google/gemma-2-9b-it,11c9b309abf73637e4b6f9a3fa1e92e615547819
40,heldout,9,66,2,36,number_tokens,9.4375,2.375,2.375,0.0,True,True,google/gemma-2-9b-it,11c9b309abf73637e4b6f9a3fa1e92e615547819
40,heldout,9,66,2,36,random_positions,9.4375,2.375,2.375,0.0,True,True,google/gemma-2-9b-it,11c9b309abf73637e4b6f9a3fa1e92e615547819
40,heldout,9,66,2,37,answer_position,9.4375,2.375,8.6875,6.3125,True,True,google/gemma-2-9b-it,11c9b309abf73637e4b6f9a3fa1e92e615547819
40,heldout,9,66,2,37,number_tokens,9.4375,2.375,2.25,-0.125,True,True,google/gemma-2-9b-it,11c9b309abf73637e4b6f9a3fa1e92e615547819
40,heldout,9,66,2,37,random_positions,9.4375,2.375,2.25,-0.125,True,True,google/gemma-2-9b-it,11c9b309abf73637e4b6f9a3fa1e92e615547819
40,heldout,9,66,2,38,answer_position,9.4375,2.375,8.875,6.5,True,True,google/gemma-2-9b-it,11c9b309abf73637e4b6f9a3fa1e92e615547819
40,heldout,9,66,2,38,number_tokens,9.4375,2.375,2.375,0.0,True,True,google/gemma-2-9b-it,11c9b309abf73637e4b6f9a3fa1e92e615547819
40,heldout,9,66,2,38,random_positions,9.4375,2.375,2.25,-0.125,True,True,google/gemma-2-9b-it,11c9b309abf73637e4b6f9a3fa1e92e615547819
40,heldout,9,66,2,39,answer_position,9.4375,2.375,9.0,6.625,True,True,google/gemma-2-9b-it,11c9b309abf73637e4b6f9a3fa1e92e615547819
40,heldout,9,66,2,39,number_tokens,9.4375,2.375,2.375,0.0,True,True,google/gemma-2-9b-it,11c9b309abf73637e4b6f9a3fa1e92e615547819
40,heldout,9,66,2,39,random_positions,9.4375,2.375,2.25,-0.125,True,True,google/gemma-2-9b-it,11c9b309abf73637e4b6f9a3fa1e92e615547819
40,heldout,9,66,2,40,answer_position,9.4375,2.375,9.1875,6.8125,True,True,google/gemma-2-9b-it,11c9b309abf73637e4b6f9a3fa1e92e615547819
40,heldout,9,66,2,40,number_tokens,9.4375,2.375,2.375,0.0,True,True,google/gemma-2-9b-it,11c9b309abf73637e4b6f9a3fa1e92e615547819
40,heldout,9,66,2,40,random_positions,9.4375,2.375,2.375,0.0,True,True,google/gemma-2-9b-it,11c9b309abf73637e4b6f9a3fa1e92e615547819
40,heldout,9,66,2,41,answer_position,9.4375,2.375,9.4375,7.0625,True,True,google/gemma-2-9b-it,11c9b309abf73637e4b6f9a3fa1e92e615547819
40,heldout,9,66,2,41,number_tokens,9.4375,2.375,2.375,0.0,True,True,google/gemma-2-9b-it,11c9b309abf73637e4b6f9a3fa1e92e615547819
40,heldout,9,66,2,41,random_positions,9.4375,2.375,2.375,0.0,True,True,google/gemma-2-9b-it,11c9b309abf73637e4b6f9a3fa1e92e615547819
41,heldout,9,67,3,0,answer_position,9.1875,2.75,2.875,0.125,True,True,google/gemma-2-9b-it,11c9b309abf73637e4b6f9a3fa1e92e615547819
41,heldout,9,67,3,0,number_tokens,9.1875,2.75,3.125,0.375,True,True,google/gemma-2-9b-it,11c9b309abf73637e4b6f9a3fa1e92e615547819
41,heldout,9,67,3,0,random_positions,9.1875,2.75,2.5,-0.25,True,True,google/gemma-2-9b-it,11c9b309abf73637e4b6f9a3fa1e92e615547819
41,heldout,9,67,3,1,answer_position,9.1875,2.75,2.75,0.0,True,True,google/gemma-2-9b-it,11c9b309abf73637e4b6f9a3fa1e92e615547819
41,heldout,9,67,3,1,number_tokens,9.1875,2.75,3.875,1.125,True,True,google/gemma-2-9b-it,11c9b309abf73637e4b6f9a3fa1e92e615547819
41,heldout,9,67,3,1,random_positions,9.1875,2.75,2.5,-0.25,True,True,google/gemma-2-9b-it,11c9b309abf73637e4b6f9a3fa1e92e615547819
41,heldout,9,67,3,2,answer_position,9.1875,2.75,2.75,0.0,True,True,google/gemma-2-9b-it,11c9b309abf73637e4b6f9a3fa1e92e615547819
41,heldout,9,67,3,2,number_tokens,9.1875,2.75,4.125,1.375,True,True,google/gemma-2-9b-it,11c9b309abf73637e4b6f9a3fa1e92e615547819
41,heldout,9,67,3,2,random_positions,9.1875,2.75,0.625,-2.125,True,True,google/gemma-2-9b-it,11c9b309abf73637e4b6f9a3fa1e92e615547819
41,heldout,9,67,3,3,answer_position,9.1875,2.75,2.75,0.0,True,True,google/gemma-2-9b-it,11c9b309abf73637e4b6f9a3fa1e92e615547819
41,heldout,9,67,3,3,number_tokens,9.1875,2.75,3.125,0.375,True,True,google/gemma-2-9b-it,11c9b309abf73637e4b6f9a3fa1e92e615547819
41,heldout,9,67,3,3,random_positions,9.1875,2.75,1.625,-1.125,True,True,google/gemma-2-9b-it,11c9b309abf73637e4b6f9a3fa1e92e615547819
41,heldout,9,67,3,4,answer_position,9.1875,2.75,2.75,0.0,True,True,google/gemma-2-9b-it,11c9b309abf73637e4b6f9a3fa1e92e615547819
41,heldout,9,67,3,4,number_tokens,9.1875,2.75,4.0,1.25,True,True,google/gemma-2-9b-it,11c9b309abf73637e4b6f9a3fa1e92e615547819
41,heldout,9,67,3,4,random_positions,9.1875,2.75,2.625,-0.125,True,True,google/gemma-2-9b-it,11c9b309abf73637e4b6f9a3fa1e92e615547819
41,heldout,9,67,3,5,answer_position,9.1875,2.75,2.75,0.0,True,True,google/gemma-2-9b-it,11c9b309abf73637e4b6f9a3fa1e92e615547819
41,heldout,9,67,3,5,number_tokens,9.1875,2.75,4.875,2.125,True,True,google/gemma-2-9b-it,11c9b309abf73637e4b6f9a3fa1e92e615547819
41,heldout,9,67,3,5,random_positions,9.1875,2.75,2.75,0.0,True,True,google/gemma-2-9b-it,11c9b309abf73637e4b6f9a3fa1e92e615547819
41,heldout,9,67,3,6,answer_position,9.1875,2.75,2.75,0.0,True,True,google/gemma-2-9b-it,11c9b309abf73637e4b6f9a3fa1e92e615547819
41,heldout,9,67,3,6,number_tokens,9.1875,2.75,2.875,0.125,True,True,google/gemma-2-9b-it,11c9b309abf73637e4b6f9a3fa1e92e615547819
41,heldout,9,67,3,6,random_positions,9.1875,2.75,3.625,0.875,True,True,google/gemma-2-9b-it,11c9b309abf73637e4b6f9a3fa1e92e615547819
41,heldout,9,67,3,7,answer_position,9.1875,2.75,2.75,0.0,True,True,google/gemma-2-9b-it,11c9b309abf73637e4b6f9a3fa1e92e615547819
41,heldout,9,67,3,7,number_tokens,9.1875,2.75,5.25,2.5,True,True,google/gemma-2-9b-it,11c9b309abf73637e4b6f9a3fa1e92e615547819
41,heldout,9,67,3,7,random_positions,9.1875,2.75,3.5,0.75,True,True,google/gemma-2-9b-it,11c9b309abf73637e4b6f9a3fa1e92e615547819
41,heldout,9,67,3,8,answer_position,9.1875,2.75,2.75,0.0,True,True,google/gemma-2-9b-it,11c9b309abf73637e4b6f9a3fa1e92e615547819
41,heldout,9,67,3,8,number_tokens,9.1875,2.75,5.0,2.25,True,True,google/gemma-2-9b-it,11c9b309abf73637e4b6f9a3fa1e92e615547819
41,heldout,9,67,3,8,random_positions,9.1875,2.75,3.75,1.0,True,True,google/gemma-2-9b-it,11c9b309abf73637e4b6f9a3fa1e92e615547819
41,heldout,9,67,3,9,answer_position,9.1875,2.75,2.625,-0.125,True,True,google/gemma-2-9b-it,11c9b309abf73637e4b6f9a3fa1e92e615547819
41,heldout,9,67,3,9,number_tokens,9.1875,2.75,3.25,0.5,True,True,google/gemma-2-9b-it,11c9b309abf73637e4b6f9a3fa1e92e615547819
41,heldout,9,67,3,9,random_positions,9.1875,2.75,3.75,1.0,True,True,google/gemma-2-9b-it,11c9b309abf73637e4b6f9a3fa1e92e615547819
41,heldout,9,67,3,10,answer_position,9.1875,2.75,2.875,0.125,True,True,google/gemma-2-9b-it,11c9b309abf73637e4b6f9a3fa1e92e615547819
41,heldout,9,67,3,10,number_tokens,9.1875,2.75,4.625,1.875,True,True,google/gemma-2-9b-it,11c9b309abf73637e4b6f9a3fa1e92e615547819
41,heldout,9,67,3,10,random_positions,9.1875,2.75,4.875,2.125,True,True,google/gemma-2-9b-it,11c9b309abf73637e4b6f9a3fa1e92e615547819
41,heldout,9,67,3,11,answer_position,9.1875,2.75,2.75,0.0,True,True,google/gemma-2-9b-it,11c9b309abf73637e4b6f9a3fa1e92e615547819
41,heldout,9,67,3,11,number_tokens,9.1875,2.75,-0.625,-3.375,True,False,google/gemma-2-9b-it,11c9b309abf73637e4b6f9a3fa1e92e615547819
41,heldout,9,67,3,11,random_positions,9.1875,2.75,4.375,1.625,True,True,google/gemma-2-9b-it,11c9b309abf73637e4b6f9a3fa1e92e615547819
41,heldout,9,67,3,12,answer_position,9.1875,2.75,2.625,-0.125,True,True,google/gemma-2-9b-it,11c9b309abf73637e4b6f9a3fa1e92e615547819
41,heldout,9,67,3,12,number_tokens,9.1875,2.75,-3.625,-6.375,True,False,google/gemma-2-9b-it,11c9b309abf73637e4b6f9a3fa1e92e615547819
41,heldout,9,67,3,12,random_positions,9.1875,2.75,4.0,1.25,True,True,google/gemma-2-9b-it,11c9b309abf73637e4b6f9a3fa1e92e615547819
41,heldout,9,67,3,13,answer_position,9.1875,2.75,2.875,0.125,True,True,google/gemma-2-9b-it,11c9b309abf73637e4b6f9a3fa1e92e615547819
41,heldout,9,67,3,13,number_tokens,9.1875,2.75,-3.125,-5.875,True,False,google/gemma-2-9b-it,11c9b309abf73637e4b6f9a3fa1e92e615547819
41,heldout,9,67,3,13,random_positions,9.1875,2.75,3.5,0.75,True,True,google/gemma-2-9b-it,11c9b309abf73637e4b6f9a3fa1e92e615547819
41,heldout,9,67,3,14,answer_position,9.1875,2.75,2.625,-0.125,True,True,google/gemma-2-9b-it,11c9b309abf73637e4b6f9a3fa1e92e615547819
41,heldout,9,67,3,14,number_tokens,9.1875,2.75,-1.625,-4.375,True,False,google/gemma-2-9b-it,11c9b309abf73637e4b6f9a3fa1e92e615547819
41,heldout,9,67,3,14,random_positions,9.1875,2.75,3.0,0.25,True,True,google/gemma-2-9b-it,11c9b309abf73637e4b6f9a3fa1e92e615547819
41,heldout,9,67,3,15,answer_position,9.1875,2.75,2.75,0.0,True,True,google/gemma-2-9b-it,11c9b309abf73637e4b6f9a3fa1e92e615547819
41,heldout,9,67,3,15,number_tokens,9.1875,2.75,4.5,1.75,True,True,google/gemma-2-9b-it,11c9b309abf73637e4b6f9a3fa1e92e615547819
41,heldout,9,67,3,15,random_positions,9.1875,2.75,3.125,0.375,True,True,google/gemma-2-9b-it,11c9b309abf73637e4b6f9a3fa1e92e615547819
41,heldout,9,67,3,16,answer_position,9.1875,2.75,2.875,0.125,True,True,google/gemma-2-9b-it,11c9b309abf73637e4b6f9a3fa1e92e615547819
41,heldout,9,67,3,16,number_tokens,9.1875,2.75,6.25,3.5,True,True,google/gemma-2-9b-it,11c9b309abf73637e4b6f9a3fa1e92e615547819
41,heldout,9,67,3,16,random_positions,9.1875,2.75,2.375,-0.375,True,True,google/gemma-2-9b-it,11c9b309abf73637e4b6f9a3fa1e92e615547819
41,heldout,9,67,3,17,answer_position,9.1875,2.75,2.75,0.0,True,True,google/gemma-2-9b-it,11c9b309abf73637e4b6f9a3fa1e92e615547819
41,heldout,9,67,3,17,number_tokens,9.1875,2.75,6.4375,3.6875,True,True,google/gemma-2-9b-it,11c9b309abf73637e4b6f9a3fa1e92e615547819
41,heldout,9,67,3,17,random_positions,9.1875,2.75,2.375,-0.375,True,True,google/gemma-2-9b-it,11c9b309abf73637e4b6f9a3fa1e92e615547819
41,heldout,9,67,3,18,answer_position,9.1875,2.75,2.75,0.0,True,True,google/gemma-2-9b-it,11c9b309abf73637e4b6f9a3fa1e92e615547819
41,heldout,9,67,3,18,number_tokens,9.1875,2.75,5.25,2.5,True,True,google/gemma-2-9b-it,11c9b309abf73637e4b6f9a3fa1e92e615547819
41,heldout,9,67,3,18,random_positions,9.1875,2.75,3.0,0.25,True,True,google/gemma-2-9b-it,11c9b309abf73637e4b6f9a3fa1e92e615547819
41,heldout,9,67,3,19,answer_position,9.1875,2.75,2.75,0.0,True,True,google/gemma-2-9b-it,11c9b309abf73637e4b6f9a3fa1e92e615547819
41,heldout,9,67,3,19,number_tokens,9.1875,2.75,6.25,3.5,True,True,google/gemma-2-9b-it,11c9b309abf73637e4b6f9a3fa1e92e615547819
41,heldout,9,67,3,19,random_positions,9.1875,2.75,3.5,0.75,True,True,google/gemma-2-9b-it,11c9b309abf73637e4b6f9a3fa1e92e615547819
41,heldout,9,67,3,20,answer_position,9.1875,2.75,3.375,0.625,True,True,google/gemma-2-9b-it,11c9b309abf73637e4b6f9a3fa1e92e615547819
41,heldout,9,67,3,20,number_tokens,9.1875,2.75,4.75,2.0,True,True,google/gemma-2-9b-it,11c9b309abf73637e4b6f9a3fa1e92e615547819
41,heldout,9,67,3,20,random_positions,9.1875,2.75,4.25,1.5,True,True,google/gemma-2-9b-it,11c9b309abf73637e4b6f9a3fa1e92e615547819
41,heldout,9,67,3,21,answer_position,9.1875,2.75,4.625,1.875,True,True,google/gemma-2-9b-it,11c9b309abf73637e4b6f9a3fa1e92e615547819
41,heldout,9,67,3,21,number_tokens,9.1875,2.75,4.125,1.375,True,True,google/gemma-2-9b-it,11c9b309abf73637e4b6f9a3fa1e92e615547819
41,heldout,9,67,3,21,random_positions,9.1875,2.75,4.625,1.875,True,True,google/gemma-2-9b-it,11c9b309abf73637e4b6f9a3fa1e92e615547819
41,heldout,9,67,3,22,answer_position,9.1875,2.75,6.0,3.25,True,True,google/gemma-2-9b-it,11c9b309abf73637e4b6f9a3fa1e92e615547819
41,heldout,9,67,3,22,number_tokens,9.1875,2.75,4.0,1.25,True,True,google/gemma-2-9b-it,11c9b309abf73637e4b6f9a3fa1e92e615547819
41,heldout,9,67,3,22,random_positions,9.1875,2.75,4.375,1.625,True,True,google/gemma-2-9b-it,11c9b309abf73637e4b6f9a3fa1e92e615547819
41,heldout,9,67,3,23,answer_position,9.1875,2.75,6.9375,4.1875,True,True,google/gemma-2-9b-it,11c9b309abf73637e4b6f9a3fa1e92e615547819
41,heldout,9,67,3,23,number_tokens,9.1875,2.75,2.875,0.125,True,True,google/gemma-2-9b-it,11c9b309abf73637e4b6f9a3fa1e92e615547819
41,heldout,9,67,3,23,random_positions,9.1875,2.75,3.875,1.125,True,True,google/gemma-2-9b-it,11c9b309abf73637e4b6f9a3fa1e92e615547819
41,heldout,9,67,3,24,answer_position,9.1875,2.75,7.125,4.375,True,True,google/gemma-2-9b-it,11c9b309abf73637e4b6f9a3fa1e92e615547819
41,heldout,9,67,3,24,number_tokens,9.1875,2.75,2.75,0.0,True,True,google/gemma-2-9b-it,11c9b309abf73637e4b6f9a3fa1e92e615547819
41,heldout,9,67,3,24,random_positions,9.1875,2.75,3.75,1.0,True,True,google/gemma-2-9b-it,11c9b309abf73637e4b6f9a3fa1e92e615547819
41,heldout,9,67,3,25,answer_position,9.1875,2.75,7.875,5.125,True,True,google/gemma-2-9b-it,11c9b309abf73637e4b6f9a3fa1e92e615547819
41,heldout,9,67,3,25,number_tokens,9.1875,2.75,2.625,-0.125,True,True,google/gemma-2-9b-it,11c9b309abf73637e4b6f9a3fa1e92e615547819
41,heldout,9,67,3,25,random_positions,9.1875,2.75,3.375,0.625,True,True,google/gemma-2-9b-it,11c9b309abf73637e4b6f9a3fa1e92e615547819
41,heldout,9,67,3,26,answer_position,9.1875,2.75,8.125,5.375,True,True,google/gemma-2-9b-it,11c9b309abf73637e4b6f9a3fa1e92e615547819
41,heldout,9,67,3,26,number_tokens,9.1875,2.75,2.625,-0.125,True,True,google/gemma-2-9b-it,11c9b309abf73637e4b6f9a3fa1e92e615547819
41,heldout,9,67,3,26,random_positions,9.1875,2.75,2.875,0.125,True,True,google/gemma-2-9b-it,11c9b309abf73637e4b6f9a3fa1e92e615547819
41,heldout,9,67,3,27,answer_position,9.1875,2.75,8.125,5.375,True,True,google/gemma-2-9b-it,11c9b309abf73637e4b6f9a3fa1e92e615547819
41,heldout,9,67,3,27,number_tokens,9.1875,2.75,2.625,-0.125,True,True,google/gemma-2-9b-it,11c9b309abf73637e4b6f9a3fa1e92e615547819
41,heldout,9,67,3,27,random_positions,9.1875,2.75,2.875,0.125,True,True,google/gemma-2-9b-it,11c9b309abf73637e4b6f9a3fa1e92e615547819
41,heldout,9,67,3,28,answer_position,9.1875,2.75,8.0,5.25,True,True,google/gemma-2-9b-it,11c9b309abf73637e4b6f9a3fa1e92e615547819
41,heldout,9,67,3,28,number_tokens,9.1875,2.75,2.75,0.0,True,True,google/gemma-2-9b-it,11c9b309abf73637e4b6f9a3fa1e92e615547819
41,heldout,9,67,3,28,random_positions,9.1875,2.75,3.0,0.25,True,True,google/gemma-2-9b-it,11c9b309abf73637e4b6f9a3fa1e92e615547819
41,heldout,9,67,3,29,answer_position,9.1875,2.75,8.0,5.25,True,True,google/gemma-2-9b-it,11c9b309abf73637e4b6f9a3fa1e92e615547819
41,heldout,9,67,3,29,number_tokens,9.1875,2.75,2.875,0.125,True,True,google/gemma-2-9b-it,11c9b309abf73637e4b6f9a3fa1e92e615547819
41,heldout,9,67,3,29,random_positions,9.1875,2.75,3.0,0.25,True,True,google/gemma-2-9b-it,11c9b309abf73637e4b6f9a3fa1e92e615547819
41,heldout,9,67,3,30,answer_position,9.1875,2.75,8.25,5.5,True,True,google/gemma-2-9b-it,11c9b309abf73637e4b6f9a3fa1e92e615547819
41,heldout,9,67,3,30,number_tokens,9.1875,2.75,2.875,0.125,True,True,google/gemma-2-9b-it,11c9b309abf73637e4b6f9a3fa1e92e615547819
41,heldout,9,67,3,30,random_positions,9.1875,2.75,2.875,0.125,True,True,google/gemma-2-9b-it,11c9b309abf73637e4b6f9a3fa1e92e615547819
41,heldout,9,67,3,31,answer_position,9.1875,2.75,8.25,5.5,True,True,google/gemma-2-9b-it,11c9b309abf73637e4b6f9a3fa1e92e615547819
41,heldout,9,67,3,31,number_tokens,9.1875,2.75,2.875,0.125,True,True,google/gemma-2-9b-it,11c9b309abf73637e4b6f9a3fa1e92e615547819
41,heldout,9,67,3,31,random_positions,9.1875,2.75,2.875,0.125,True,True,google/gemma-2-9b-it,11c9b309abf73637e4b6f9a3fa1e92e615547819
41,heldout,9,67,3,32,answer_position,9.1875,2.75,8.25,5.5,True,True,google/gemma-2-9b-it,11c9b309abf73637e4b6f9a3fa1e92e615547819
41,heldout,9,67,3,32,number_tokens,9.1875,2.75,2.75,0.0,True,True,google/gemma-2-9b-it,11c9b309abf73637e4b6f9a3fa1e92e615547819
41,heldout,9,67,3,32,random_positions,9.1875,2.75,2.75,0.0,True,True,google/gemma-2-9b-it,11c9b309abf73637e4b6f9a3fa1e92e615547819
41,heldout,9,67,3,33,answer_position,9.1875,2.75,8.25,5.5,True,True,google/gemma-2-9b-it,11c9b309abf73637e4b6f9a3fa1e92e615547819
41,heldout,9,67,3,33,number_tokens,9.1875,2.75,2.75,0.0,True,True,google/gemma-2-9b-it,11c9b309abf73637e4b6f9a3fa1e92e615547819
41,heldout,9,67,3,33,random_positions,9.1875,2.75,2.875,0.125,True,True,google/gemma-2-9b-it,11c9b309abf73637e4b6f9a3fa1e92e615547819
41,heldout,9,67,3,34,answer_position,9.1875,2.75,8.3125,5.5625,True,True,google/gemma-2-9b-it,11c9b309abf73637e4b6f9a3fa1e92e615547819
41,heldout,9,67,3,34,number_tokens,9.1875,2.75,2.875,0.125,True,True,google/gemma-2-9b-it,11c9b309abf73637e4b6f9a3fa1e92e615547819
41,heldout,9,67,3,34,random_positions,9.1875,2.75,2.75,0.0,True,True,google/gemma-2-9b-it,11c9b309abf73637e4b6f9a3fa1e92e615547819
41,heldout,9,67,3,35,answer_position,9.1875,2.75,8.3125,5.5625,True,True,google/gemma-2-9b-it,11c9b309abf73637e4b6f9a3fa1e92e615547819
41,heldout,9,67,3,35,number_tokens,9.1875,2.75,2.875,0.125,True,True,google/gemma-2-9b-it,11c9b309abf73637e4b6f9a3fa1e92e615547819
41,heldout,9,67,3,35,random_positions,9.1875,2.75,2.75,0.0,True,True,google/gemma-2-9b-it,11c9b309abf73637e4b6f9a3fa1e92e615547819
41,heldout,9,67,3,36,answer_position,9.1875,2.75,8.4375,5.6875,True,True,google/gemma-2-9b-it,11c9b309abf73637e4b6f9a3fa1e92e615547819
41,heldout,9,67,3,36,number_tokens,9.1875,2.75,2.875,0.125,True,True,google/gemma-2-9b-it,11c9b309abf73637e4b6f9a3fa1e92e615547819
41,heldout,9,67,3,36,random_positions,9.1875,2.75,2.75,0.0,True,True,google/gemma-2-9b-it,11c9b309abf73637e4b6f9a3fa1e92e615547819
41,heldout,9,67,3,37,answer_position,9.1875,2.75,8.4375,5.6875,True,True,google/gemma-2-9b-it,11c9b309abf73637e4b6f9a3fa1e92e615547819
41,heldout,9,67,3,37,number_tokens,9.1875,2.75,2.875,0.125,True,True,google/gemma-2-9b-it,11c9b309abf73637e4b6f9a3fa1e92e615547819
41,heldout,9,67,3,37,random_positions,9.1875,2.75,2.875,0.125,True,True,google/gemma-2-9b-it,11c9b309abf73637e4b6f9a3fa1e92e615547819
41,heldout,9,67,3,38,answer_position,9.1875,2.75,8.625,5.875,True,True,google/gemma-2-9b-it,11c9b309abf73637e4b6f9a3fa1e92e615547819
41,heldout,9,67,3,38,number_tokens,9.1875,2.75,2.75,0.0,True,True,google/gemma-2-9b-it,11c9b309abf73637e4b6f9a3fa1e92e615547819
41,heldout,9,67,3,38,random_positions,9.1875,2.75,2.75,0.0,True,True,google/gemma-2-9b-it,11c9b309abf73637e4b6f9a3fa1e92e615547819
41,heldout,9,67,3,39,answer_position,9.1875,2.75,8.8125,6.0625,True,True,google/gemma-2-9b-it,11c9b309abf73637e4b6f9a3fa1e92e615547819
41,heldout,9,67,3,39,number_tokens,9.1875,2.75,2.75,0.0,True,True,google/gemma-2-9b-it,11c9b309abf73637e4b6f9a3fa1e92e615547819
41,heldout,9,67,3,39,random_positions,9.1875,2.75,2.75,0.0,True,True,google/gemma-2-9b-it,11c9b309abf73637e4b6f9a3fa1e92e615547819
41,heldout,9,67,3,40,answer_position,9.1875,2.75,9.0,6.25,True,True,google/gemma-2-9b-it,11c9b309abf73637e4b6f9a3fa1e92e615547819
41,heldout,9,67,3,40,number_tokens,9.1875,2.75,2.75,0.0,True,True,google/gemma-2-9b-it,11c9b309abf73637e4b6f9a3fa1e92e615547819
41,heldout,9,67,3,40,random_positions,9.1875,2.75,2.75,0.0,True,True,google/gemma-2-9b-it,11c9b309abf73637e4b6f9a3fa1e92e615547819
41,heldout,9,67,3,41,answer_position,9.1875,2.75,9.1875,6.4375,True,True,google/gemma-2-9b-it,11c9b309abf73637e4b6f9a3fa1e92e615547819
41,heldout,9,67,3,41,number_tokens,9.1875,2.75,2.75,0.0,True,True,google/gemma-2-9b-it,11c9b309abf73637e4b6f9a3fa1e92e615547819
41,heldout,9,67,3,41,random_positions,9.1875,2.75,2.75,0.0,True,True,google/gemma-2-9b-it,11c9b309abf73637e4b6f9a3fa1e92e615547819
42,heldout,9,68,4,0,answer_position,8.875,3.125,3.125,0.0,True,True,google/gemma-2-9b-it,11c9b309abf73637e4b6f9a3fa1e92e615547819
42,heldout,9,68,4,0,number_tokens,8.875,3.125,3.625,0.5,True,True,google/gemma-2-9b-it,11c9b309abf73637e4b6f9a3fa1e92e615547819
42,heldout,9,68,4,0,random_positions,8.875,3.125,2.875,-0.25,True,True,google/gemma-2-9b-it,11c9b309abf73637e4b6f9a3fa1e92e615547819
42,heldout,9,68,4,1,answer_position,8.875,3.125,3.5,0.375,True,True,google/gemma-2-9b-it,11c9b309abf73637e4b6f9a3fa1e92e615547819
42,heldout,9,68,4,1,number_tokens,8.875,3.125,4.125,1.0,True,True,google/gemma-2-9b-it,11c9b309abf73637e4b6f9a3fa1e92e615547819
42,heldout,9,68,4,1,random_positions,8.875,3.125,3.5,0.375,True,True,google/gemma-2-9b-it,11c9b309abf73637e4b6f9a3fa1e92e615547819
42,heldout,9,68,4,2,answer_position,8.875,3.125,3.375,0.25,True,True,google/gemma-2-9b-it,11c9b309abf73637e4b6f9a3fa1e92e615547819
42,heldout,9,68,4,2,number_tokens,8.875,3.125,4.375,1.25,True,True,google/gemma-2-9b-it,11c9b309abf73637e4b6f9a3fa1e92e615547819
42,heldout,9,68,4,2,random_positions,8.875,3.125,4.125,1.0,True,True,google/gemma-2-9b-it,11c9b309abf73637e4b6f9a3fa1e92e615547819
42,heldout,9,68,4,3,answer_position,8.875,3.125,3.125,0.0,True,True,google/gemma-2-9b-it,11c9b309abf73637e4b6f9a3fa1e92e615547819
42,heldout,9,68,4,3,number_tokens,8.875,3.125,4.375,1.25,True,True,google/gemma-2-9b-it,11c9b309abf73637e4b6f9a3fa1e92e615547819
42,heldout,9,68,4,3,random_positions,8.875,3.125,4.25,1.125,True,True,google/gemma-2-9b-it,11c9b309abf73637e4b6f9a3fa1e92e615547819
42,heldout,9,68,4,4,answer_position,8.875,3.125,3.25,0.125,True,True,google/gemma-2-9b-it,11c9b309abf73637e4b6f9a3fa1e92e615547819
42,heldout,9,68,4,4,number_tokens,8.875,3.125,4.375,1.25,True,True,google/gemma-2-9b-it,11c9b309abf73637e4b6f9a3fa1e92e615547819
42,heldout,9,68,4,4,random_positions,8.875,3.125,4.25,1.125,True,True,google/gemma-2-9b-it,11c9b309abf73637e4b6f9a3fa1e92e615547819
42,heldout,9,68,4,5,answer_position,8.875,3.125,3.25,0.125,True,True,google/gemma-2-9b-it,11c9b309abf73637e4b6f9a3fa1e92e615547819
42,heldout,9,68,4,5,number_tokens,8.875,3.125,4.875,1.75,True,True,google/gemma-2-9b-it,11c9b309abf73637e4b6f9a3fa1e92e615547819
42,heldout,9,68,4,5,random_positions,8.875,3.125,4.25,1.125,True,True,google/gemma-2-9b-it,11c9b309abf73637e4b6f9a3fa1e92e615547819
42,heldout,9,68,4,6,answer_position,8.875,3.125,3.375,0.25,True,True,google/gemma-2-9b-it,11c9b309abf73637e4b6f9a3fa1e92e615547819
42,heldout,9,68,4,6,number_tokens,8.875,3.125,2.5,-0.625,True,True,google/gemma-2-9b-it,11c9b309abf73637e4b6f9a3fa1e92e615547819
42,heldout,9,68,4,6,random_positions,8.875,3.125,4.375,1.25,True,True,google/gemma-2-9b-it,11c9b309abf73637e4b6f9a3fa1e92e615547819
42,heldout,9,68,4,7,answer_position,8.875,3.125,3.5,0.375,True,True,google/gemma-2-9b-it,11c9b309abf73637e4b6f9a3fa1e92e615547819
42,heldout,9,68,4,7,number_tokens,8.875,3.125,4.75,1.625,True,True,google/gemma-2-9b-it,11c9b309abf73637e4b6f9a3fa1e92e615547819
42,heldout,9,68,4,7,random_positions,8.875,3.125,4.25,1.125,True,True,google/gemma-2-9b-it,11c9b309abf73637e4b6f9a3fa1e92e615547819
42,heldout,9,68,4,8,answer_position,8.875,3.125,3.375,0.25,True,True,google/gemma-2-9b-it,11c9b309abf73637e4b6f9a3fa1e92e615547819
42,heldout,9,68,4,8,number_tokens,8.875,3.125,3.5,0.375,True,True,google/gemma-2-9b-it,11c9b309abf73637e4b6f9a3fa1e92e615547819
42,heldout,9,68,4,8,random_positions,8.875,3.125,4.25,1.125,True,True,google/gemma-2-9b-it,11c9b309abf73637e4b6f9a3fa1e92e615547819
42,heldout,9,68,4,9,answer_position,8.875,3.125,3.125,0.0,True,True,google/gemma-2-9b-it,11c9b309abf73637e4b6f9a3fa1e92e615547819
42,heldout,9,68,4,9,number_tokens,8.875,3.125,0.625,-2.5,True,True,google/gemma-2-9b-it,11c9b309abf73637e4b6f9a3fa1e92e615547819
42,heldout,9,68,4,9,random_positions,8.875,3.125,4.5,1.375,True,True,google/gemma-2-9b-it,11c9b309abf73637e4b6f9a3fa1e92e615547819
42,heldout,9,68,4,10,answer_position,8.875,3.125,3.375,0.25,True,True,google/gemma-2-9b-it,11c9b309abf73637e4b6f9a3fa1e92e615547819
42,heldout,9,68,4,10,number_tokens,8.875,3.125,-2.875,-6.0,True,False,google/gemma-2-9b-it,11c9b309abf73637e4b6f9a3fa1e92e615547819
42,heldout,9,68,4,10,random_positions,8.875,3.125,4.25,1.125,True,True,google/gemma-2-9b-it,11c9b309abf73637e4b6f9a3fa1e92e615547819
42,heldout,9,68,4,11,answer_position,8.875,3.125,3.25,0.125,True,True,google/gemma-2-9b-it,11c9b309abf73637e4b6f9a3fa1e92e615547819
42,heldout,9,68,4,11,number_tokens,8.875,3.125,-3.875,-7.0,True,False,google/gemma-2-9b-it,11c9b309abf73637e4b6f9a3fa1e92e615547819
42,heldout,9,68,4,11,random_positions,8.875,3.125,4.25,1.125,True,True,google/gemma-2-9b-it,11c9b309abf73637e4b6f9a3fa1e92e615547819
42,heldout,9,68,4,12,answer_position,8.875,3.125,3.125,0.0,True,True,google/gemma-2-9b-it,11c9b309abf73637e4b6f9a3fa1e92e615547819
42,heldout,9,68,4,12,number_tokens,8.875,3.125,-4.625,-7.75,True,False,google/gemma-2-9b-it,11c9b309abf73637e4b6f9a3fa1e92e615547819
42,heldout,9,68,4,12,random_positions,8.875,3.125,4.25,1.125,True,True,google/gemma-2-9b-it,11c9b309abf73637e4b6f9a3fa1e92e615547819
42,heldout,9,68,4,13,answer_position,8.875,3.125,3.25,0.125,True,True,google/gemma-2-9b-it,11c9b309abf73637e4b6f9a3fa1e92e615547819
42,heldout,9,68,4,13,number_tokens,8.875,3.125,-4.125,-7.25,True,False,google/gemma-2-9b-it,11c9b309abf73637e4b6f9a3fa1e92e615547819
42,heldout,9,68,4,13,random_positions,8.875,3.125,4.125,1.0,True,True,google/gemma-2-9b-it,11c9b309abf73637e4b6f9a3fa1e92e615547819
42,heldout,9,68,4,14,answer_position,8.875,3.125,3.375,0.25,True,True,google/gemma-2-9b-it,11c9b309abf73637e4b6f9a3fa1e92e615547819
42,heldout,9,68,4,14,number_tokens,8.875,3.125,-2.5,-5.625,True,False,google/gemma-2-9b-it,11c9b309abf73637e4b6f9a3fa1e92e615547819
42,heldout,9,68,4,14,random_positions,8.875,3.125,4.25,1.125,True,True,google/gemma-2-9b-it,11c9b309abf73637e4b6f9a3fa1e92e615547819
42,heldout,9,68,4,15,answer_position,8.875,3.125,3.25,0.125,True,True,google/gemma-2-9b-it,11c9b309abf73637e4b6f9a3fa1e92e615547819
42,heldout,9,68,4,15,number_tokens,8.875,3.125,4.375,1.25,True,True,google/gemma-2-9b-it,11c9b309abf73637e4b6f9a3fa1e92e615547819
42,heldout,9,68,4,15,random_positions,8.875,3.125,4.25,1.125,True,True,google/gemma-2-9b-it,11c9b309abf73637e4b6f9a3fa1e92e615547819
42,heldout,9,68,4,16,answer_position,8.875,3.125,3.25,0.125,True,True,google/gemma-2-9b-it,11c9b309abf73637e4b6f9a3fa1e92e615547819
42,heldout,9,68,4,16,number_tokens,8.875,3.125,6.125,3.0,True,True,google/gemma-2-9b-it,11c9b309abf73637e4b6f9a3fa1e92e615547819
42,heldout,9,68,4,16,random_positions,8.875,3.125,4.125,1.0,True,True,google/gemma-2-9b-it,11c9b309abf73637e4b6f9a3fa1e92e615547819
42,heldout,9,68,4,17,answer_position,8.875,3.125,3.375,0.25,True,True,google/gemma-2-9b-it,11c9b309abf73637e4b6f9a3fa1e92e615547819
42,heldout,9,68,4,17,number_tokens,8.875,3.125,6.25,3.125,True,True,google/gemma-2-9b-it,11c9b309abf73637e4b6f9a3fa1e92e615547819
42,heldout,9,68,4,17,random_positions,8.875,3.125,4.125,1.0,True,True,google/gemma-2-9b-it,11c9b309abf73637e4b6f9a3fa1e92e615547819
42,heldout,9,68,4,18,answer_position,8.875,3.125,3.5,0.375,True,True,google/gemma-2-9b-it,11c9b309abf73637e4b6f9a3fa1e92e615547819
42,heldout,9,68,4,18,number_tokens,8.875,3.125,5.25,2.125,True,True,google/gemma-2-9b-it,11c9b309abf73637e4b6f9a3fa1e92e615547819
42,heldout,9,68,4,18,random_positions,8.875,3.125,4.0,0.875,True,True,google/gemma-2-9b-it,11c9b309abf73637e4b6f9a3fa1e92e615547819
42,heldout,9,68,4,19,answer_position,8.875,3.125,3.375,0.25,True,True,google/gemma-2-9b-it,11c9b309abf73637e4b6f9a3fa1e92e615547819
42,heldout,9,68,4,19,number_tokens,8.875,3.125,6.25,3.125,True,True,google/gemma-2-9b-it,11c9b309abf73637e4b6f9a3fa1e92e615547819
42,heldout,9,68,4,19,random_positions,8.875,3.125,3.875,0.75,True,True,google/gemma-2-9b-it,11c9b309abf73637e4b6f9a3fa1e92e615547819
42,heldout,9,68,4,20,answer_position,8.875,3.125,4.125,1.0,True,True,google/gemma-2-9b-it,11c9b309abf73637e4b6f9a3fa1e92e615547819
42,heldout,9,68,4,20,number_tokens,8.875,3.125,4.75,1.625,True,True,google/gemma-2-9b-it,11c9b309abf73637e4b6f9a3fa1e92e615547819
42,heldout,9,68,4,20,random_positions,8.875,3.125,4.0,0.875,True,True,google/gemma-2-9b-it,11c9b309abf73637e4b6f9a3fa1e92e615547819
42,heldout,9,68,4,21,answer_position,8.875,3.125,5.0,1.875,True,True,google/gemma-2-9b-it,11c9b309abf73637e4b6f9a3fa1e92e615547819
42,heldout,9,68,4,21,number_tokens,8.875,3.125,4.375,1.25,True,True,google/gemma-2-9b-it,11c9b309abf73637e4b6f9a3fa1e92e615547819
42,heldout,9,68,4,21,random_positions,8.875,3.125,3.75,0.625,True,True,google/gemma-2-9b-it,11c9b309abf73637e4b6f9a3fa1e92e615547819
42,heldout,9,68,4,22,answer_position,8.875,3.125,5.875,2.75,True,True,google/gemma-2-9b-it,11c9b309abf73637e4b6f9a3fa1e92e615547819
42,heldout,9,68,4,22,number_tokens,8.875,3.125,4.5,1.375,True,True,google/gemma-2-9b-it,11c9b309abf73637e4b6f9a3fa1e92e615547819
42,heldout,9,68,4,22,random_positions,8.875,3.125,3.75,0.625,True,True,google/gemma-2-9b-it,11c9b309abf73637e4b6f9a3fa1e92e615547819
42,heldout,9,68,4,23,answer_position,8.875,3.125,6.8125,3.6875,True,True,google/gemma-2-9b-it,11c9b309abf73637e4b6f9a3fa1e92e615547819
42,heldout,9,68,4,23,number_tokens,8.875,3.125,3.125,0.0,True,True,google/gemma-2-9b-it,11c9b309abf73637e4b6f9a3fa1e92e615547819
42,heldout,9,68,4,23,random_positions,8.875,3.125,3.625,0.5,True,True,google/gemma-2-9b-it,11c9b309abf73637e4b6f9a3fa1e92e615547819
42,heldout,9,68,4,24,answer_position,8.875,3.125,7.0,3.875,True,True,google/gemma-2-9b-it,11c9b309abf73637e4b6f9a3fa1e92e615547819
42,heldout,9,68,4,24,number_tokens,8.875,3.125,3.125,0.0,True,True,google/gemma-2-9b-it,11c9b309abf73637e4b6f9a3fa1e92e615547819
42,heldout,9,68,4,24,random_positions,8.875,3.125,3.5,0.375,True,True,google/gemma-2-9b-it,11c9b309abf73637e4b6f9a3fa1e92e615547819
42,heldout,9,68,4,25,answer_position,8.875,3.125,7.625,4.5,True,True,google/gemma-2-9b-it,11c9b309abf73637e4b6f9a3fa1e92e615547819
42,heldout,9,68,4,25,number_tokens,8.875,3.125,3.125,0.0,True,True,google/gemma-2-9b-it,11c9b309abf73637e4b6f9a3fa1e92e615547819
42,heldout,9,68,4,25,random_positions,8.875,3.125,3.375,0.25,True,True,google/gemma-2-9b-it,11c9b309abf73637e4b6f9a3fa1e92e615547819
42,heldout,9,68,4,26,answer_position,8.875,3.125,7.875,4.75,True,True,google/gemma-2-9b-it,11c9b309abf73637e4b6f9a3fa1e92e615547819
42,heldout,9,68,4,26,number_tokens,8.875,3.125,3.0,-0.125,True,True,google/gemma-2-9b-it,11c9b309abf73637e4b6f9a3fa1e92e615547819
42,heldout,9,68,4,26,random_positions,8.875,3.125,3.625,0.5,True,True,google/gemma-2-9b-it,11c9b309abf73637e4b6f9a3fa1e92e615547819
42,heldout,9,68,4,27,answer_position,8.875,3.125,7.9375,4.8125,True,True,google/gemma-2-9b-it,11c9b309abf73637e4b6f9a3fa1e92e615547819
42,heldout,9,68,4,27,number_tokens,8.875,3.125,3.0,-0.125,True,True,google/gemma-2-9b-it,11c9b309abf73637e4b6f9a3fa1e92e615547819
42,heldout,9,68,4,27,random_positions,8.875,3.125,3.375,0.25,True,True,google/gemma-2-9b-it,11c9b309abf73637e4b6f9a3fa1e92e615547819
42,heldout,9,68,4,28,answer_position,8.875,3.125,7.75,4.625,True,True,google/gemma-2-9b-it,11c9b309abf73637e4b6f9a3fa1e92e615547819
42,heldout,9,68,4,28,number_tokens,8.875,3.125,3.125,0.0,True,True,google/gemma-2-9b-it,11c9b309abf73637e4b6f9a3fa1e92e615547819
42,heldout,9,68,4,28,random_positions,8.875,3.125,3.375,0.25,True,True,google/gemma-2-9b-it,11c9b309abf73637e4b6f9a3fa1e92e615547819
42,heldout,9,68,4,29,answer_position,8.875,3.125,7.875,4.75,True,True,google/gemma-2-9b-it,11c9b309abf73637e4b6f9a3fa1e92e615547819
42,heldout,9,68,4,29,number_tokens,8.875,3.125,3.125,0.0,True,True,google/gemma-2-9b-it,11c9b309abf73637e4b6f9a3fa1e92e615547819
42,heldout,9,68,4,29,random_positions,8.875,3.125,3.375,0.25,True,True,google/gemma-2-9b-it,11c9b309abf73637e4b6f9a3fa1e92e615547819
42,heldout,9,68,4,30,answer_position,8.875,3.125,7.9375,4.8125,True,True,google/gemma-2-9b-it,11c9b309abf73637e4b6f9a3fa1e92e615547819
42,heldout,9,68,4,30,number_tokens,8.875,3.125,3.125,0.0,True,True,google/gemma-2-9b-it,11c9b309abf73637e4b6f9a3fa1e92e615547819
42,heldout,9,68,4,30,random_positions,8.875,3.125,3.25,0.125,True,True,google/gemma-2-9b-it,11c9b309abf73637e4b6f9a3fa1e92e615547819
42,heldout,9,68,4,31,answer_position,8.875,3.125,7.9375,4.8125,True,True,google/gemma-2-9b-it,11c9b309abf73637e4b6f9a3fa1e92e615547819
42,heldout,9,68,4,31,number_tokens,8.875,3.125,3.0,-0.125,True,True,google/gemma-2-9b-it,11c9b309abf73637e4b6f9a3fa1e92e615547819
42,heldout,9,68,4,31,random_positions,8.875,3.125,3.125,0.0,True,True,google/gemma-2-9b-it,11c9b309abf73637e4b6f9a3fa1e92e615547819
42,heldout,9,68,4,32,answer_position,8.875,3.125,8.0,4.875,True,True,google/gemma-2-9b-it,11c9b309abf73637e4b6f9a3fa1e92e615547819
42,heldout,9,68,4,32,number_tokens,8.875,3.125,3.125,0.0,True,True,google/gemma-2-9b-it,11c9b309abf73637e4b6f9a3fa1e92e615547819
42,heldout,9,68,4,32,random_positions,8.875,3.125,3.25,0.125,True,True,google/gemma-2-9b-it,11c9b309abf73637e4b6f9a3fa1e92e615547819
42,heldout,9,68,4,33,answer_position,8.875,3.125,8.0,4.875,True,True,google/gemma-2-9b-it,11c9b309abf73637e4b6f9a3fa1e92e615547819
42,heldout,9,68,4,33,number_tokens,8.875,3.125,3.0,-0.125,True,True,google/gemma-2-9b-it,11c9b309abf73637e4b6f9a3fa1e92e615547819
42,heldout,9,68,4,33,random_positions,8.875,3.125,3.125,0.0,True,True,google/gemma-2-9b-it,11c9b309abf73637e4b6f9a3fa1e92e615547819
42,heldout,9,68,4,34,answer_position,8.875,3.125,8.125,5.0,True,True,google/gemma-2-9b-it,11c9b309abf73637e4b6f9a3fa1e92e615547819
42,heldout,9,68,4,34,number_tokens,8.875,3.125,3.125,0.0,True,True,google/gemma-2-9b-it,11c9b309abf73637e4b6f9a3fa1e92e615547819
42,heldout,9,68,4,34,random_positions,8.875,3.125,3.125,0.0,True,True,google/gemma-2-9b-it,11c9b309abf73637e4b6f9a3fa1e92e615547819
42,heldout,9,68,4,35,answer_position,8.875,3.125,8.125,5.0,True,True,google/gemma-2-9b-it,11c9b309abf73637e4b6f9a3fa1e92e615547819
42,heldout,9,68,4,35,number_tokens,8.875,3.125,3.125,0.0,True,True,google/gemma-2-9b-it,11c9b309abf73637e4b6f9a3fa1e92e615547819
42,heldout,9,68,4,35,random_positions,8.875,3.125,3.125,0.0,True,True,google/gemma-2-9b-it,11c9b309abf73637e4b6f9a3fa1e92e615547819
42,heldout,9,68,4,36,answer_position,8.875,3.125,8.25,5.125,True,True,google/gemma-2-9b-it,11c9b309abf73637e4b6f9a3fa1e92e615547819
42,heldout,9,68,4,36,number_tokens,8.875,3.125,3.125,0.0,True,True,google/gemma-2-9b-it,11c9b309abf73637e4b6f9a3fa1e92e615547819
42,heldout,9,68,4,36,random_positions,8.875,3.125,3.125,0.0,True,True,google/gemma-2-9b-it,11c9b309abf73637e4b6f9a3fa1e92e615547819
42,heldout,9,68,4,37,answer_position,8.875,3.125,8.25,5.125,True,True,google/gemma-2-9b-it,11c9b309abf73637e4b6f9a3fa1e92e615547819
42,heldout,9,68,4,37,number_tokens,8.875,3.125,3.125,0.0,True,True,google/gemma-2-9b-it,11c9b309abf73637e4b6f9a3fa1e92e615547819
42,heldout,9,68,4,37,random_positions,8.875,3.125,3.125,0.0,True,True,google/gemma-2-9b-it,11c9b309abf73637e4b6f9a3fa1e92e615547819
42,heldout,9,68,4,38,answer_position,8.875,3.125,8.3125,5.1875,True,True,google/gemma-2-9b-it,11c9b309abf73637e4b6f9a3fa1e92e615547819
42,heldout,9,68,4,38,number_tokens,8.875,3.125,3.125,0.0,True,True,google/gemma-2-9b-it,11c9b309abf73637e4b6f9a3fa1e92e615547819
42,heldout,9,68,4,38,random_positions,8.875,3.125,3.125,0.0,True,True,google/gemma-2-9b-it,11c9b309abf73637e4b6f9a3fa1e92e615547819
42,heldout,9,68,4,39,answer_position,8.875,3.125,8.5625,5.4375,True,True,google/gemma-2-9b-it,11c9b309abf73637e4b6f9a3fa1e92e615547819
42,heldout,9,68,4,39,number_tokens,8.875,3.125,3.125,0.0,True,True,google/gemma-2-9b-it,11c9b309abf73637e4b6f9a3fa1e92e615547819
42,heldout,9,68,4,39,random_positions,8.875,3.125,3.125,0.0,True,True,google/gemma-2-9b-it,11c9b309abf73637e4b6f9a3fa1e92e615547819
42,heldout,9,68,4,40,answer_position,8.875,3.125,8.6875,5.5625,True,True,google/gemma-2-9b-it,11c9b309abf73637e4b6f9a3fa1e92e615547819
42,heldout,9,68,4,40,number_tokens,8.875,3.125,3.125,0.0,True,True,google/gemma-2-9b-it,11c9b309abf73637e4b6f9a3fa1e92e615547819
42,heldout,9,68,4,40,random_positions,8.875,3.125,3.125,0.0,True,True,google/gemma-2-9b-it,11c9b309abf73637e4b6f9a3fa1e92e615547819
42,heldout,9,68,4,41,answer_position,8.875,3.125,8.875,5.75,True,True,google/gemma-2-9b-it,11c9b309abf73637e4b6f9a3fa1e92e615547819
42,heldout,9,68,4,41,number_tokens,8.875,3.125,3.125,0.0,True,True,google/gemma-2-9b-it,11c9b309abf73637e4b6f9a3fa1e92e615547819
42,heldout,9,68,4,41,random_positions,8.875,3.125,3.125,0.0,True,True,google/gemma-2-9b-it,11c9b309abf73637e4b6f9a3fa1e92e615547819
43,heldout,9,69,2,0,answer_position,9.0625,0.625,0.5,-0.125,True,True,google/gemma-2-9b-it,11c9b309abf73637e4b6f9a3fa1e92e615547819
43,heldout,9,69,2,0,number_tokens,9.0625,0.625,0.75,0.125,True,True,google/gemma-2-9b-it,11c9b309abf73637e4b6f9a3fa1e92e615547819
43,heldout,9,69,2,0,random_positions,9.0625,0.625,-1.625,-2.25,True,False,google/gemma-2-9b-it,11c9b309abf73637e4b6f9a3fa1e92e615547819
43,heldout,9,69,2,1,answer_position,9.0625,0.625,0.625,0.0,True,True,google/gemma-2-9b-it,11c9b309abf73637e4b6f9a3fa1e92e615547819
43,heldout,9,69,2,1,number_tokens,9.0625,0.625,1.375,0.75,True,True,google/gemma-2-9b-it,11c9b309abf73637e4b6f9a3fa1e92e615547819
43,heldout,9,69,2,1,random_positions,9.0625,0.625,-0.375,-1.0,True,False,google/gemma-2-9b-it,11c9b309abf73637e4b6f9a3fa1e92e615547819
43,heldout,9,69,2,2,answer_position,9.0625,0.625,0.5,-0.125,True,True,google/gemma-2-9b-it,11c9b309abf73637e4b6f9a3fa1e92e615547819
43,heldout,9,69,2,2,number_tokens,9.0625,0.625,1.75,1.125,True,True,google/gemma-2-9b-it,11c9b309abf73637e4b6f9a3fa1e92e615547819
43,heldout,9,69,2,2,random_positions,9.0625,0.625,2.25,1.625,True,True,google/gemma-2-9b-it,11c9b309abf73637e4b6f9a3fa1e92e615547819
43,heldout,9,69,2,3,answer_position,9.0625,0.625,0.75,0.125,True,True,google/gemma-2-9b-it,11c9b309abf73637e4b6f9a3fa1e92e615547819
43,heldout,9,69,2,3,number_tokens,9.0625,0.625,-0.625,-1.25,True,False,google/gemma-2-9b-it,11c9b309abf73637e4b6f9a3fa1e92e615547819
43,heldout,9,69,2,3,random_positions,9.0625,0.625,2.625,2.0,True,True,google/gemma-2-9b-it,11c9b309abf73637e4b6f9a3fa1e92e615547819
43,heldout,9,69,2,4,answer_position,9.0625,0.625,0.625,0.0,True,True,google/gemma-2-9b-it,11c9b309abf73637e4b6f9a3fa1e92e615547819
43,heldout,9,69,2,4,number_tokens,9.0625,0.625,-0.875,-1.5,True,False,google/gemma-2-9b-it,11c9b309abf73637e4b6f9a3fa1e92e615547819
43,heldout,9,69,2,4,random_positions,9.0625,0.625,2.375,1.75,True,True,google/gemma-2-9b-it,11c9b309abf73637e4b6f9a3fa1e92e615547819
43,heldout,9,69,2,5,answer_position,9.0625,0.625,0.5,-0.125,True,True,google/gemma-2-9b-it,11c9b309abf73637e4b6f9a3fa1e92e615547819
43,heldout,9,69,2,5,number_tokens,9.0625,0.625,0.375,-0.25,True,True,google/gemma-2-9b-it,11c9b309abf73637e4b6f9a3fa1e92e615547819
43,heldout,9,69,2,5,random_positions,9.0625,0.625,2.375,1.75,True,True,google/gemma-2-9b-it,11c9b309abf73637e4b6f9a3fa1e92e615547819
43,heldout,9,69,2,6,answer_position,9.0625,0.625,0.875,0.25,True,True,google/gemma-2-9b-it,11c9b309abf73637e4b6f9a3fa1e92e615547819
43,heldout,9,69,2,6,number_tokens,9.0625,0.625,-3.25,-3.875,True,False,google/gemma-2-9b-it,11c9b309abf73637e4b6f9a3fa1e92e615547819
43,heldout,9,69,2,6,random_positions,9.0625,0.625,2.625,2.0,True,True,google/gemma-2-9b-it,11c9b309abf73637e4b6f9a3fa1e92e615547819
43,heldout,9,69,2,7,answer_position,9.0625,0.625,0.5,-0.125,True,True,google/gemma-2-9b-it,11c9b309abf73637e4b6f9a3fa1e92e615547819
43,heldout,9,69,2,7,number_tokens,9.0625,0.625,1.375,0.75,True,True,google/gemma-2-9b-it,11c9b309abf73637e4b6f9a3fa1e92e615547819
43,heldout,9,69,2,7,random_positions,9.0625,0.625,2.375,1.75,True,True,google/gemma-2-9b-it,11c9b309abf73637e4b6f9a3fa1e92e615547819
43,heldout,9,69,2,8,answer_position,9.0625,0.625,0.75,0.125,True,True,google/gemma-2-9b-it,11c9b309abf73637e4b6f9a3fa1e92e615547819
43,heldout,9,69,2,8,number_tokens,9.0625,0.625,0.25,-0.375,True,True,google/gemma-2-9b-it,11c9b309abf73637e4b6f9a3fa1e92e615547819
43,heldout,9,69,2,8,random_positions,9.0625,0.625,2.5,1.875,True,True,google/gemma-2-9b-it,11c9b309abf73637e4b6f9a3fa1e92e615547819
43,heldout,9,69,2,9,answer_position,9.0625,0.625,0.625,0.0,True,True,google/gemma-2-9b-it,11c9b309abf73637e4b6f9a3fa1e92e615547819
43,heldout,9,69,2,9,number_tokens,9.0625,0.625,0.625,0.0,True,True,google/gemma-2-9b-it,11c9b309abf73637e4b6f9a3fa1e92e615547819
43,heldout,9,69,2,9,random_positions,9.0625,0.625,2.5,1.875,True,True,google/gemma-2-9b-it,11c9b309abf73637e4b6f9a3fa1e92e615547819
43,heldout,9,69,2,10,answer_position,9.0625,0.625,0.5,-0.125,True,True,google/gemma-2-9b-it,11c9b309abf73637e4b6f9a3fa1e92e615547819
43,heldout,9,69,2,10,number_tokens,9.0625,0.625,-0.375,-1.0,True,False,google/gemma-2-9b-it,11c9b309abf73637e4b6f9a3fa1e92e615547819
43,heldout,9,69,2,10,random_positions,9.0625,0.625,2.25,1.625,True,True,google/gemma-2-9b-it,11c9b309abf73637e4b6f9a3fa1e92e615547819
43,heldout,9,69,2,11,answer_position,9.0625,0.625,0.625,0.0,True,True,google/gemma-2-9b-it,11c9b309abf73637e4b6f9a3fa1e92e615547819
43,heldout,9,69,2,11,number_tokens,9.0625,0.625,3.25,2.625,True,True,google/gemma-2-9b-it,11c9b309abf73637e4b6f9a3fa1e92e615547819
43,heldout,9,69,2,11,random_positions,9.0625,0.625,2.25,1.625,True,True,google/gemma-2-9b-it,11c9b309abf73637e4b6f9a3fa1e92e615547819
43,heldout,9,69,2,12,answer_position,9.0625,0.625,0.75,0.125,True,True,google/gemma-2-9b-it,11c9b309abf73637e4b6f9a3fa1e92e615547819
43,heldout,9,69,2,12,number_tokens,9.0625,0.625,0.0,-0.625,True,False,google/gemma-2-9b-it,11c9b309abf73637e4b6f9a3fa1e92e615547819
43,heldout,9,69,2,12,random_positions,9.0625,0.625,2.25,1.625,True,True,google/gemma-2-9b-it,11c9b309abf73637e4b6f9a3fa1e92e615547819
43,heldout,9,69,2,13,answer_position,9.0625,0.625,0.625,0.0,True,True,google/gemma-2-9b-it,11c9b309abf73637e4b6f9a3fa1e92e615547819
43,heldout,9,69,2,13,number_tokens,9.0625,0.625,-1.75,-2.375,True,False,google/gemma-2-9b-it,11c9b309abf73637e4b6f9a3fa1e92e615547819
43,heldout,9,69,2,13,random_positions,9.0625,0.625,2.0,1.375,True,True,google/gemma-2-9b-it,11c9b309abf73637e4b6f9a3fa1e92e615547819
43,heldout,9,69,2,14,answer_position,9.0625,0.625,0.875,0.25,True,True,google/gemma-2-9b-it,11c9b309abf73637e4b6f9a3fa1e92e615547819
43,heldout,9,69,2,14,number_tokens,9.0625,0.625,-0.5,-1.125,True,False,google/gemma-2-9b-it,11c9b309abf73637e4b6f9a3fa1e92e615547819
43,heldout,9,69,2,14,random_positions,9.0625,0.625,2.125,1.5,True,True,google/gemma-2-9b-it,11c9b309abf73637e4b6f9a3fa1e92e615547819
43,heldout,9,69,2,15,answer_position,9.0625,0.625,0.75,0.125,True,True,google/gemma-2-9b-it,11c9b309abf73637e4b6f9a3fa1e92e615547819
43,heldout,9,69,2,15,number_tokens,9.0625,0.625,4.125,3.5,True,True,google/gemma-2-9b-it,11c9b309abf73637e4b6f9a3fa1e92e615547819
43,heldout,9,69,2,15,random_positions,9.0625,0.625,1.375,0.75,True,True,google/gemma-2-9b-it,11c9b309abf73637e4b6f9a3fa1e92e615547819
43,heldout,9,69,2,16,answer_position,9.0625,0.625,0.625,0.0,True,True,google/gemma-2-9b-it,11c9b309abf73637e4b6f9a3fa1e92e615547819
43,heldout,9,69,2,16,number_tokens,9.0625,0.625,6.3125,5.6875,True,True,google/gemma-2-9b-it,11c9b309abf73637e4b6f9a3fa1e92e615547819
43,heldout,9,69,2,16,random_positions,9.0625,0.625,1.125,0.5,True,True,google/gemma-2-9b-it,11c9b309abf73637e4b6f9a3fa1e92e615547819
43,heldout,9,69,2,17,answer_position,9.0625,0.625,0.75,0.125,True,True,google/gemma-2-9b-it,11c9b309abf73637e4b6f9a3fa1e92e615547819
43,heldout,9,69,2,17,number_tokens,9.0625,0.625,6.5625,5.9375,True,True,google/gemma-2-9b-it,11c9b309abf73637e4b6f9a3fa1e92e615547819
43,heldout,9,69,2,17,random_positions,9.0625,0.625,2.0,1.375,True,True,google/gemma-2-9b-it,11c9b309abf73637e4b6f9a3fa1e92e615547819
43,heldout,9,69,2,18,answer_position,9.0625,0.625,0.75,0.125,True,True,google/gemma-2-9b-it,11c9b309abf73637e4b6f9a3fa1e92e615547819
43,heldout,9,69,2,18,number_tokens,9.0625,0.625,4.625,4.0,True,True,google/gemma-2-9b-it,11c9b309abf73637e4b6f9a3fa1e92e615547819
43,heldout,9,69,2,18,random_positions,9.0625,0.625,2.75,2.125,True,True,google/gemma-2-9b-it,11c9b309abf73637e4b6f9a3fa1e92e615547819
43,heldout,9,69,2,19,answer_position,9.0625,0.625,0.5,-0.125,True,True,google/gemma-2-9b-it,11c9b309abf73637e4b6f9a3fa1e92e615547819
43,heldout,9,69,2,19,number_tokens,9.0625,0.625,5.375,4.75,True,True,google/gemma-2-9b-it,11c9b309abf73637e4b6f9a3fa1e92e615547819
43,heldout,9,69,2,19,random_positions,9.0625,0.625,2.5,1.875,True,True,google/gemma-2-9b-it,11c9b309abf73637e4b6f9a3fa1e92e615547819
43,heldout,9,69,2,20,answer_position,9.0625,0.625,1.375,0.75,True,True,google/gemma-2-9b-it,11c9b309abf73637e4b6f9a3fa1e92e615547819
43,heldout,9,69,2,20,number_tokens,9.0625,0.625,3.875,3.25,True,True,google/gemma-2-9b-it,11c9b309abf73637e4b6f9a3fa1e92e615547819
43,heldout,9,69,2,20,random_positions,9.0625,0.625,3.125,2.5,True,True,google/gemma-2-9b-it,11c9b309abf73637e4b6f9a3fa1e92e615547819
43,heldout,9,69,2,21,answer_position,9.0625,0.625,3.0,2.375,True,True,google/gemma-2-9b-it,11c9b309abf73637e4b6f9a3fa1e92e615547819
43,heldout,9,69,2,21,number_tokens,9.0625,0.625,2.25,1.625,True,True,google/gemma-2-9b-it,11c9b309abf73637e4b6f9a3fa1e92e615547819
43,heldout,9,69,2,21,random_positions,9.0625,0.625,5.875,5.25,True,True,google/gemma-2-9b-it,11c9b309abf73637e4b6f9a3fa1e92e615547819
43,heldout,9,69,2,22,answer_position,9.0625,0.625,5.0,4.375,True,True,google/gemma-2-9b-it,11c9b309abf73637e4b6f9a3fa1e92e615547819
43,heldout,9,69,2,22,number_tokens,9.0625,0.625,1.625,1.0,True,True,google/gemma-2-9b-it,11c9b309abf73637e4b6f9a3fa1e92e615547819
43,heldout,9,69,2,22,random_positions,9.0625,0.625,5.875,5.25,True,True,google/gemma-2-9b-it,11c9b309abf73637e4b6f9a3fa1e92e615547819
43,heldout,9,69,2,23,answer_position,9.0625,0.625,6.25,5.625,True,True,google/gemma-2-9b-it,11c9b309abf73637e4b6f9a3fa1e92e615547819
43,heldout,9,69,2,23,number_tokens,9.0625,0.625,0.625,0.0,True,True,google/gemma-2-9b-it,11c9b309abf73637e4b6f9a3fa1e92e615547819
43,heldout,9,69,2,23,random_positions,9.0625,0.625,7.0,6.375,True,True,google/gemma-2-9b-it,11c9b309abf73637e4b6f9a3fa1e92e615547819
43,heldout,9,69,2,24,answer_position,9.0625,0.625,6.5625,5.9375,True,True,google/gemma-2-9b-it,11c9b309abf73637e4b6f9a3fa1e92e615547819
43,heldout,9,69,2,24,number_tokens,9.0625,0.625,0.5,-0.125,True,True,google/gemma-2-9b-it,11c9b309abf73637e4b6f9a3fa1e92e615547819
43,heldout,9,69,2,24,random_positions,9.0625,0.625,6.6875,6.0625,True,True,google/gemma-2-9b-it,11c9b309abf73637e4b6f9a3fa1e92e615547819
43,heldout,9,69,2,25,answer_position,9.0625,0.625,7.375,6.75,True,True,google/gemma-2-9b-it,11c9b309abf73637e4b6f9a3fa1e92e615547819
43,heldout,9,69,2,25,number_tokens,9.0625,0.625,0.5,-0.125,True,True,google/gemma-2-9b-it,11c9b309abf73637e4b6f9a3fa1e92e615547819
43,heldout,9,69,2,25,random_positions,9.0625,0.625,5.5,4.875,True,True,google/gemma-2-9b-it,11c9b309abf73637e4b6f9a3fa1e92e615547819
43,heldout,9,69,2,26,answer_position,9.0625,0.625,7.9375,7.3125,True,True,google/gemma-2-9b-it,11c9b309abf73637e4b6f9a3fa1e92e615547819
43,heldout,9,69,2,26,number_tokens,9.0625,0.625,0.375,-0.25,True,True,google/gemma-2-9b-it,11c9b309abf73637e4b6f9a3fa1e92e615547819
43,heldout,9,69,2,26,random_positions,9.0625,0.625,4.625,4.0,True,True,google/gemma-2-9b-it,11c9b309abf73637e4b6f9a3fa1e92e615547819
43,heldout,9,69,2,27,answer_position,9.0625,0.625,8.0,7.375,True,True,google/gemma-2-9b-it,11c9b309abf73637e4b6f9a3fa1e92e615547819
43,heldout,9,69,2,27,number_tokens,9.0625,0.625,0.5,-0.125,True,True,google/gemma-2-9b-it,11c9b309abf73637e4b6f9a3fa1e92e615547819
43,heldout,9,69,2,27,random_positions,9.0625,0.625,2.125,1.5,True,True,google/gemma-2-9b-it,11c9b309abf73637e4b6f9a3fa1e92e615547819
43,heldout,9,69,2,28,answer_position,9.0625,0.625,7.9375,7.3125,True,True,google/gemma-2-9b-it,11c9b309abf73637e4b6f9a3fa1e92e615547819
43,heldout,9,69,2,28,number_tokens,9.0625,0.625,0.625,0.0,True,True,google/gemma-2-9b-it,11c9b309abf73637e4b6f9a3fa1e92e615547819
43,heldout,9,69,2,28,random_positions,9.0625,0.625,2.25,1.625,True,True,google/gemma-2-9b-it,11c9b309abf73637e4b6f9a3fa1e92e615547819
43,heldout,9,69,2,29,answer_position,9.0625,0.625,7.9375,7.3125,True,True,google/gemma-2-9b-it,11c9b309abf73637e4b6f9a3fa1e92e615547819
43,heldout,9,69,2,29,number_tokens,9.0625,0.625,0.625,0.0,True,True,google/gemma-2-9b-it,11c9b309abf73637e4b6f9a3fa1e92e615547819
43,heldout,9,69,2,29,random_positions,9.0625,0.625,2.125,1.5,True,True,google/gemma-2-9b-it,11c9b309abf73637e4b6f9a3fa1e92e615547819
43,heldout,9,69,2,30,answer_position,9.0625,0.625,8.0,7.375,True,True,google/gemma-2-9b-it,11c9b309abf73637e4b6f9a3fa1e92e615547819
43,heldout,9,69,2,30,number_tokens,9.0625,0.625,0.625,0.0,True,True,google/gemma-2-9b-it,11c9b309abf73637e4b6f9a3fa1e92e615547819
43,heldout,9,69,2,30,random_positions,9.0625,0.625,2.125,1.5,True,True,google/gemma-2-9b-it,11c9b309abf73637e4b6f9a3fa1e92e615547819
43,heldout,9,69,2,31,answer_position,9.0625,0.625,8.125,7.5,True,True,google/gemma-2-9b-it,11c9b309abf73637e4b6f9a3fa1e92e615547819
43,heldout,9,69,2,31,number_tokens,9.0625,0.625,0.625,0.0,True,True,google/gemma-2-9b-it,11c9b309abf73637e4b6f9a3fa1e92e615547819
43,heldout,9,69,2,31,random_positions,9.0625,0.625,2.0,1.375,True,True,google/gemma-2-9b-it,11c9b309abf73637e4b6f9a3fa1e92e615547819
43,heldout,9,69,2,32,answer_position,9.0625,0.625,8.125,7.5,True,True,google/gemma-2-9b-it,11c9b309abf73637e4b6f9a3fa1e92e615547819
43,heldout,9,69,2,32,number_tokens,9.0625,0.625,0.625,0.0,True,True,google/gemma-2-9b-it,11c9b309abf73637e4b6f9a3fa1e92e615547819
43,heldout,9,69,2,32,random_positions,9.0625,0.625,2.0,1.375,True,True,google/gemma-2-9b-it,11c9b309abf73637e4b6f9a3fa1e92e615547819
43,heldout,9,69,2,33,answer_position,9.0625,0.625,8.125,7.5,True,True,google/gemma-2-9b-it,11c9b309abf73637e4b6f9a3fa1e92e615547819
43,heldout,9,69,2,33,number_tokens,9.0625,0.625,0.625,0.0,True,True,google/gemma-2-9b-it,11c9b309abf73637e4b6f9a3fa1e92e615547819
43,heldout,9,69,2,33,random_positions,9.0625,0.625,1.875,1.25,True,True,google/gemma-2-9b-it,11c9b309abf73637e4b6f9a3fa1e92e615547819
43,heldout,9,69,2,34,answer_position,9.0625,0.625,8.125,7.5,True,True,google/gemma-2-9b-it,11c9b309abf73637e4b6f9a3fa1e92e615547819
43,heldout,9,69,2,34,number_tokens,9.0625,0.625,0.625,0.0,True,True,google/gemma-2-9b-it,11c9b309abf73637e4b6f9a3fa1e92e615547819
43,heldout,9,69,2,34,random_positions,9.0625,0.625,1.875,1.25,True,True,google/gemma-2-9b-it,11c9b309abf73637e4b6f9a3fa1e92e615547819
43,heldout,9,69,2,35,answer_position,9.0625,0.625,8.125,7.5,True,True,google/gemma-2-9b-it,11c9b309abf73637e4b6f9a3fa1e92e615547819
43,heldout,9,69,2,35,number_tokens,9.0625,0.625,0.75,0.125,True,True,google/gemma-2-9b-it,11c9b309abf73637e4b6f9a3fa1e92e615547819
43,heldout,9,69,2,35,random_positions,9.0625,0.625,1.875,1.25,True,True,google/gemma-2-9b-it,11c9b309abf73637e4b6f9a3fa1e92e615547819
43,heldout,9,69,2,36,answer_position,9.0625,0.625,8.1875,7.5625,True,True,google/gemma-2-9b-it,11c9b309abf73637e4b6f9a3fa1e92e615547819
43,heldout,9,69,2,36,number_tokens,9.0625,0.625,0.625,0.0,True,True,google/gemma-2-9b-it,11c9b309abf73637e4b6f9a3fa1e92e615547819
43,heldout,9,69,2,36,random_positions,9.0625,0.625,1.75,1.125,True,True,google/gemma-2-9b-it,11c9b309abf73637e4b6f9a3fa1e92e615547819
43,heldout,9,69,2,37,answer_position,9.0625,0.625,8.25,7.625,True,True,google/gemma-2-9b-it,11c9b309abf73637e4b6f9a3fa1e92e615547819
43,heldout,9,69,2,37,number_tokens,9.0625,0.625,0.625,0.0,True,True,google/gemma-2-9b-it,11c9b309abf73637e4b6f9a3fa1e92e615547819
43,heldout,9,69,2,37,random_positions,9.0625,0.625,1.75,1.125,True,True,google/gemma-2-9b-it,11c9b309abf73637e4b6f9a3fa1e92e615547819
43,heldout,9,69,2,38,answer_position,9.0625,0.625,8.5,7.875,True,True,google/gemma-2-9b-it,11c9b309abf73637e4b6f9a3fa1e92e615547819
43,heldout,9,69,2,38,number_tokens,9.0625,0.625,0.625,0.0,True,True,google/gemma-2-9b-it,11c9b309abf73637e4b6f9a3fa1e92e615547819
43,heldout,9,69,2,38,random_positions,9.0625,0.625,1.625,1.0,True,True,google/gemma-2-9b-it,11c9b309abf73637e4b6f9a3fa1e92e615547819
43,heldout,9,69,2,39,answer_position,9.0625,0.625,8.6875,8.0625,True,True,google/gemma-2-9b-it,11c9b309abf73637e4b6f9a3fa1e92e615547819
43,heldout,9,69,2,39,number_tokens,9.0625,0.625,0.625,0.0,True,True,google/gemma-2-9b-it,11c9b309abf73637e4b6f9a3fa1e92e615547819
43,heldout,9,69,2,39,random_positions,9.0625,0.625,0.875,0.25,True,True,google/gemma-2-9b-it,11c9b309abf73637e4b6f9a3fa1e92e615547819
43,heldout,9,69,2,40,answer_position,9.0625,0.625,8.75,8.125,True,True,google/gemma-2-9b-it,11c9b309abf73637e4b6f9a3fa1e92e615547819
43,heldout,9,69,2,40,number_tokens,9.0625,0.625,0.625,0.0,True,True,google/gemma-2-9b-it,11c9b309abf73637e4b6f9a3fa1e92e615547819
43,heldout,9,69,2,40,random_positions,9.0625,0.625,0.75,0.125,True,True,google/gemma-2-9b-it,11c9b309abf73637e4b6f9a3fa1e92e615547819
43,heldout,9,69,2,41,answer_position,9.0625,0.625,9.0625,8.4375,True,True,google/gemma-2-9b-it,11c9b309abf73637e4b6f9a3fa1e92e615547819
43,heldout,9,69,2,41,number_tokens,9.0625,0.625,0.625,0.0,True,True,google/gemma-2-9b-it,11c9b309abf73637e4b6f9a3fa1e92e615547819
43,heldout,9,69,2,41,random_positions,9.0625,0.625,0.625,0.0,True,True,google/gemma-2-9b-it,11c9b309abf73637e4b6f9a3fa1e92e615547819
44,heldout,9,70,3,0,answer_position,9.0,4.875,4.875,0.0,True,True,google/gemma-2-9b-it,11c9b309abf73637e4b6f9a3fa1e92e615547819
44,heldout,9,70,3,0,number_tokens,9.0,4.875,4.875,0.0,True,True,google/gemma-2-9b-it,11c9b309abf73637e4b6f9a3fa1e92e615547819
44,heldout,9,70,3,0,random_positions,9.0,4.875,-3.0,-7.875,True,False,google/gemma-2-9b-it,11c9b309abf73637e4b6f9a3fa1e92e615547819
44,heldout,9,70,3,1,answer_position,9.0,4.875,4.75,-0.125,True,True,google/gemma-2-9b-it,11c9b309abf73637e4b6f9a3fa1e92e615547819
44,heldout,9,70,3,1,number_tokens,9.0,4.875,5.25,0.375,True,True,google/gemma-2-9b-it,11c9b309abf73637e4b6f9a3fa1e92e615547819
44,heldout,9,70,3,1,random_positions,9.0,4.875,-0.875,-5.75,True,False,google/gemma-2-9b-it,11c9b309abf73637e4b6f9a3fa1e92e615547819
44,heldout,9,70,3,2,answer_position,9.0,4.875,4.875,0.0,True,True,google/gemma-2-9b-it,11c9b309abf73637e4b6f9a3fa1e92e615547819
44,heldout,9,70,3,2,number_tokens,9.0,4.875,5.25,0.375,True,True,google/gemma-2-9b-it,11c9b309abf73637e4b6f9a3fa1e92e615547819
44,heldout,9,70,3,2,random_positions,9.0,4.875,-0.75,-5.625,True,False,google/gemma-2-9b-it,11c9b309abf73637e4b6f9a3fa1e92e615547819
44,heldout,9,70,3,3,answer_position,9.0,4.875,4.875,0.0,True,True,google/gemma-2-9b-it,11c9b309abf73637e4b6f9a3fa1e92e615547819
44,heldout,9,70,3,3,number_tokens,9.0,4.875,5.375,0.5,True,True,google/gemma-2-9b-it,11c9b309abf73637e4b6f9a3fa1e92e615547819
44,heldout,9,70,3,3,random_positions,9.0,4.875,3.875,-1.0,True,True,google/gemma-2-9b-it,11c9b309abf73637e4b6f9a3fa1e92e615547819
44,heldout,9,70,3,4,answer_position,9.0,4.875,4.875,0.0,True,True,google/gemma-2-9b-it,11c9b309abf73637e4b6f9a3fa1e92e615547819
44,heldout,9,70,3,4,number_tokens,9.0,4.875,5.625,0.75,True,True,google/gemma-2-9b-it,11c9b309abf73637e4b6f9a3fa1e92e615547819
44,heldout,9,70,3,4,random_positions,9.0,4.875,2.25,-2.625,True,True,google/gemma-2-9b-it,11c9b309abf73637e4b6f9a3fa1e92e615547819
44,heldout,9,70,3,5,answer_position,9.0,4.875,4.75,-0.125,True,True,google/gemma-2-9b-it,11c9b309abf73637e4b6f9a3fa1e92e615547819
44,heldout,9,70,3,5,number_tokens,9.0,4.875,6.625,1.75,True,True,google/gemma-2-9b-it,11c9b309abf73637e4b6f9a3fa1e92e615547819
44,heldout,9,70,3,5,random_positions,9.0,4.875,3.75,-1.125,True,True,google/gemma-2-9b-it,11c9b309abf73637e4b6f9a3fa1e92e615547819
44,heldout,9,70,3,6,answer_position,9.0,4.875,4.75,-0.125,True,True,google/gemma-2-9b-it,11c9b309abf73637e4b6f9a3fa1e92e615547819
44,heldout,9,70,3,6,number_tokens,9.0,4.875,6.9375,2.0625,True,True,google/gemma-2-9b-it,11c9b309abf73637e4b6f9a3fa1e92e615547819
44,heldout,9,70,3,6,random_positions,9.0,4.875,5.625,0.75,True,True,google/gemma-2-9b-it,11c9b309abf73637e4b6f9a3fa1e92e615547819
44,heldout,9,70,3,7,answer_position,9.0,4.875,4.875,0.0,True,True,google/gemma-2-9b-it,11c9b309abf73637e4b6f9a3fa1e92e615547819
44,heldout,9,70,3,7,number_tokens,9.0,4.875,8.25,3.375,True,True,google/gemma-2-9b-it,11c9b309abf73637e4b6f9a3fa1e92e615547819
44,heldout,9,70,3,7,random_positions,9.0,4.875,5.625,0.75,True,True,google/gemma-2-9b-it,11c9b309abf73637e4b6f9a3fa1e92e615547819
44,heldout,9,70,3,8,answer_position,9.0,4.875,4.875,0.0,True,True,google/gemma-2-9b-it,11c9b309abf73637e4b6f9a3fa1e92e615547819
44,heldout,9,70,3,8,number_tokens,9.0,4.875,8.1875,3.3125,True,True,google/gemma-2-9b-it,11c9b309abf73637e4b6f9a3fa1e92e615547819
44,heldout,9,70,3,8,random_positions,9.0,4.875,6.125,1.25,True,True,google/gemma-2-9b-it,11c9b309abf73637e4b6f9a3fa1e92e615547819
44,heldout,9,70,3,9,answer_position,9.0,4.875,4.75,-0.125,True,True,google/gemma-2-9b-it,11c9b309abf73637e4b6f9a3fa1e92e615547819
44,heldout,9,70,3,9,number_tokens,9.0,4.875,8.0,3.125,True,True,google/gemma-2-9b-it,11c9b309abf73637e4b6f9a3fa1e92e615547819
44,heldout,9,70,3,9,random_positions,9.0,4.875,6.125,1.25,True,True,google/gemma-2-9b-it,11c9b309abf73637e4b6f9a3fa1e92e615547819
44,heldout,9,70,3,10,answer_position,9.0,4.875,4.75,-0.125,True,True,google/gemma-2-9b-it,11c9b309abf73637e4b6f9a3fa1e92e615547819
44,heldout,9,70,3,10,number_tokens,9.0,4.875,7.875,3.0,True,True,google/gemma-2-9b-it,11c9b309abf73637e4b6f9a3fa1e92e615547819
44,heldout,9,70,3,10,random_positions,9.0,4.875,5.75,0.875,True,True,google/gemma-2-9b-it,11c9b309abf73637e4b6f9a3fa1e92e615547819
44,heldout,9,70,3,11,answer_position,9.0,4.875,4.875,0.0,True,True,google/gemma-2-9b-it,11c9b309abf73637e4b6f9a3fa1e92e615547819
44,heldout,9,70,3,11,number_tokens,9.0,4.875,6.5,1.625,True,True,google/gemma-2-9b-it,11c9b309abf73637e4b6f9a3fa1e92e615547819
44,heldout,9,70,3,11,random_positions,9.0,4.875,5.5,0.625,True,True,google/gemma-2-9b-it,11c9b309abf73637e4b6f9a3fa1e92e615547819
44,heldout,9,70,3,12,answer_position,9.0,4.875,4.875,0.0,True,True,google/gemma-2-9b-it,11c9b309abf73637e4b6f9a3fa1e92e615547819
44,heldout,9,70,3,12,number_tokens,9.0,4.875,1.25,-3.625,True,True,google/gemma-2-9b-it,11c9b309abf73637e4b6f9a3fa1e92e615547819
44,heldout,9,70,3,12,random_positions,9.0,4.875,5.25,0.375,True,True,google/gemma-2-9b-it,11c9b309abf73637e4b6f9a3fa1e92e615547819
44,heldout,9,70,3,13,answer_position,9.0,4.875,4.875,0.0,True,True,google/gemma-2-9b-it,11c9b309abf73637e4b6f9a3fa1e92e615547819
44,heldout,9,70,3,13,number_tokens,9.0,4.875,-0.5,-5.375,True,False,google/gemma-2-9b-it,11c9b309abf73637e4b6f9a3fa1e92e615547819
44,heldout,9,70,3,13,random_positions,9.0,4.875,5.25,0.375,True,True,google/gemma-2-9b-it,11c9b309abf73637e4b6f9a3fa1e92e615547819
44,heldout,9,70,3,14,answer_position,9.0,4.875,4.875,0.0,True,True,google/gemma-2-9b-it,11c9b309abf73637e4b6f9a3fa1e92e615547819
44,heldout,9,70,3,14,number_tokens,9.0,4.875,2.375,-2.5,True,True,google/gemma-2-9b-it,11c9b309abf73637e4b6f9a3fa1e92e615547819
44,heldout,9,70,3,14,random_positions,9.0,4.875,5.625,0.75,True,True,google/gemma-2-9b-it,11c9b309abf73637e4b6f9a3fa1e92e615547819
44,heldout,9,70,3,15,answer_position,9.0,4.875,4.75,-0.125,True,True,google/gemma-2-9b-it,11c9b309abf73637e4b6f9a3fa1e92e615547819
44,heldout,9,70,3,15,number_tokens,9.0,4.875,5.625,0.75,True,True,google/gemma-2-9b-it,11c9b309abf73637e4b6f9a3fa1e92e615547819
44,heldout,9,70,3,15,random_positions,9.0,4.875,5.375,0.5,True,True,google/gemma-2-9b-it,11c9b309abf73637e4b6f9a3fa1e92e615547819
44,heldout,9,70,3,16,answer_position,9.0,4.875,4.875,0.0,True,True,google/gemma-2-9b-it,11c9b309abf73637e4b6f9a3fa1e92e615547819
44,heldout,9,70,3,16,number_tokens,9.0,4.875,6.9375,2.0625,True,True,google/gemma-2-9b-it,11c9b309abf73637e4b6f9a3fa1e92e615547819
44,heldout,9,70,3,16,random_positions,9.0,4.875,5.375,0.5,True,True,google/gemma-2-9b-it,11c9b309abf73637e4b6f9a3fa1e92e615547819
44,heldout,9,70,3,17,answer_position,9.0,4.875,5.0,0.125,True,True,google/gemma-2-9b-it,11c9b309abf73637e4b6f9a3fa1e92e615547819
44,heldout,9,70,3,17,number_tokens,9.0,4.875,7.125,2.25,True,True,google/gemma-2-9b-it,11c9b309abf73637e4b6f9a3fa1e92e615547819
44,heldout,9,70,3,17,random_positions,9.0,4.875,5.5,0.625,True,True,google/gemma-2-9b-it,11c9b309abf73637e4b6f9a3fa1e92e615547819
44,heldout,9,70,3,18,answer_position,9.0,4.875,4.875,0.0,True,True,google/gemma-2-9b-it,11c9b309abf73637e4b6f9a3fa1e92e615547819
44,heldout,9,70,3,18,number_tokens,9.0,4.875,6.5,1.625,True,True,google/gemma-2-9b-it,11c9b309abf73637e4b6f9a3fa1e92e615547819
44,heldout,9,70,3,18,random_positions,9.0,4.875,5.375,0.5,True,True,google/gemma-2-9b-it,11c9b309abf73637e4b6f9a3fa1e92e615547819
44,heldout,9,70,3,19,answer_position,9.0,4.875,4.75,-0.125,True,True,google/gemma-2-9b-it,11c9b309abf73637e4b6f9a3fa1e92e615547819
44,heldout,9,70,3,19,number_tokens,9.0,4.875,7.125,2.25,True,True,google/gemma-2-9b-it,11c9b309abf73637e4b6f9a3fa1e92e615547819
44,heldout,9,70,3,19,random_positions,9.0,4.875,5.375,0.5,True,True,google/gemma-2-9b-it,11c9b309abf73637e4b6f9a3fa1e92e615547819
44,heldout,9,70,3,20,answer_position,9.0,4.875,5.25,0.375,True,True,google/gemma-2-9b-it,11c9b309abf73637e4b6f9a3fa1e92e615547819
44,heldout,9,70,3,20,number_tokens,9.0,4.875,6.25,1.375,True,True,google/gemma-2-9b-it,11c9b309abf73637e4b6f9a3fa1e92e615547819
44,heldout,9,70,3,20,random_positions,9.0,4.875,5.25,0.375,True,True,google/gemma-2-9b-it,11c9b309abf73637e4b6f9a3fa1e92e615547819
44,heldout,9,70,3,21,answer_position,9.0,4.875,6.0,1.125,True,True,google/gemma-2-9b-it,11c9b309abf73637e4b6f9a3fa1e92e615547819
44,heldout,9,70,3,21,number_tokens,9.0,4.875,5.75,0.875,True,True,google/gemma-2-9b-it,11c9b309abf73637e4b6f9a3fa1e92e615547819
44,heldout,9,70,3,21,random_positions,9.0,4.875,5.25,0.375,True,True,google/gemma-2-9b-it,11c9b309abf73637e4b6f9a3fa1e92e615547819
44,heldout,9,70,3,22,answer_position,9.0,4.875,6.6875,1.8125,True,True,google/gemma-2-9b-it,11c9b309abf73637e4b6f9a3fa1e92e615547819
44,heldout,9,70,3,22,number_tokens,9.0,4.875,5.625,0.75,True,True,google/gemma-2-9b-it,11c9b309abf73637e4b6f9a3fa1e92e615547819
44,heldout,9,70,3,22,random_positions,9.0,4.875,5.125,0.25,True,True,google/gemma-2-9b-it,11c9b309abf73637e4b6f9a3fa1e92e615547819
44,heldout,9,70,3,23,answer_position,9.0,4.875,7.5,2.625,True,True,google/gemma-2-9b-it,11c9b309abf73637e4b6f9a3fa1e92e615547819
44,heldout,9,70,3,23,number_tokens,9.0,4.875,4.75,-0.125,True,True,google/gemma-2-9b-it,11c9b309abf73637e4b6f9a3fa1e92e615547819
44,heldout,9,70,3,23,random_positions,9.0,4.875,5.25,0.375,True,True,google/gemma-2-9b-it,11c9b309abf73637e4b6f9a3fa1e92e615547819
44,heldout,9,70,3,24,answer_position,9.0,4.875,7.75,2.875,True,True,google/gemma-2-9b-it,11c9b309abf73637e4b6f9a3fa1e92e615547819
44,heldout,9,70,3,24,number_tokens,9.0,4.875,4.75,-0.125,True,True,google/gemma-2-9b-it,11c9b309abf73637e4b6f9a3fa1e92e615547819
44,heldout,9,70,3,24,random_positions,9.0,4.875,5.125,0.25,True,True,google/gemma-2-9b-it,11c9b309abf73637e4b6f9a3fa1e92e615547819
44,heldout,9,70,3,25,answer_position,9.0,4.875,8.0,3.125,True,True,google/gemma-2-9b-it,11c9b309abf73637e4b6f9a3fa1e92e615547819
44,heldout,9,70,3,25,number_tokens,9.0,4.875,4.875,0.0,True,True,google/gemma-2-9b-it,11c9b309abf73637e4b6f9a3fa1e92e615547819
44,heldout,9,70,3,25,random_positions,9.0,4.875,5.0,0.125,True,True,google/gemma-2-9b-it,11c9b309abf73637e4b6f9a3fa1e92e615547819
44,heldout,9,70,3,26,answer_position,9.0,4.875,8.25,3.375,True,True,google/gemma-2-9b-it,11c9b309abf73637e4b6f9a3fa1e92e615547819
44,heldout,9,70,3,26,number_tokens,9.0,4.875,4.875,0.0,True,True,google/gemma-2-9b-it,11c9b309abf73637e4b6f9a3fa1e92e615547819
44,heldout,9,70,3,26,random_positions,9.0,4.875,5.0,0.125,True,True,google/gemma-2-9b-it,11c9b309abf73637e4b6f9a3fa1e92e615547819
44,heldout,9,70,3,27,answer_position,9.0,4.875,8.375,3.5,True,True,google/gemma-2-9b-it,11c9b309abf73637e4b6f9a3fa1e92e615547819
44,heldout,9,70,3,27,number_tokens,9.0,4.875,4.875,0.0,True,True,google/gemma-2-9b-it,11c9b309abf73637e4b6f9a3fa1e92e615547819
44,heldout,9,70,3,27,random_positions,9.0,4.875,4.875,0.0,True,True,google/gemma-2-9b-it,11c9b309abf73637e4b6f9a3fa1e92e615547819
44,heldout,9,70,3,28,answer_position,9.0,4.875,8.125,3.25,True,True,google/gemma-2-9b-it,11c9b309abf73637e4b6f9a3fa1e92e615547819
44,heldout,9,70,3,28,number_tokens,9.0,4.875,4.75,-0.125,True,True,google/gemma-2-9b-it,11c9b309abf73637e4b6f9a3fa1e92e615547819
44,heldout,9,70,3,28,random_positions,9.0,4.875,4.875,0.0,True,True,google/gemma-2-9b-it,11c9b309abf73637e4b6f9a3fa1e92e615547819
44,heldout,9,70,3,29,answer_position,9.0,4.875,8.125,3.25,True,True,google/gemma-2-9b-it,11c9b309abf73637e4b6f9a3fa1e92e615547819
44,heldout,9,70,3,29,number_tokens,9.0,4.875,4.75,-0.125,True,True,google/gemma-2-9b-it,11c9b309abf73637e4b6f9a3fa1e92e615547819
44,heldout,9,70,3,29,random_positions,9.0,4.875,4.875,0.0,True,True,google/gemma-2-9b-it,11c9b309abf73637e4b6f9a3fa1e92e615547819
44,heldout,9,70,3,30,answer_position,9.0,4.875,8.25,3.375,True,True,google/gemma-2-9b-it,11c9b309abf73637e4b6f9a3fa1e92e615547819
44,heldout,9,70,3,30,number_tokens,9.0,4.875,4.875,0.0,True,True,google/gemma-2-9b-it,11c9b309abf73637e4b6f9a3fa1e92e615547819
44,heldout,9,70,3,30,random_positions,9.0,4.875,4.75,-0.125,True,True,google/gemma-2-9b-it,11c9b309abf73637e4b6f9a3fa1e92e615547819
44,heldout,9,70,3,31,answer_position,9.0,4.875,8.375,3.5,True,True,google/gemma-2-9b-it,11c9b309abf73637e4b6f9a3fa1e92e615547819
44,heldout,9,70,3,31,number_tokens,9.0,4.875,4.75,-0.125,True,True,google/gemma-2-9b-it,11c9b309abf73637e4b6f9a3fa1e92e615547819
44,heldout,9,70,3,31,random_positions,9.0,4.875,4.75,-0.125,True,True,google/gemma-2-9b-it,11c9b309abf73637e4b6f9a3fa1e92e615547819
44,heldout,9,70,3,32,answer_position,9.0,4.875,8.4375,3.5625,True,True,google/gemma-2-9b-it,11c9b309abf73637e4b6f9a3fa1e92e615547819
44,heldout,9,70,3,32,number_tokens,9.0,4.875,4.75,-0.125,True,True,google/gemma-2-9b-it,11c9b309abf73637e4b6f9a3fa1e92e615547819
44,heldout,9,70,3,32,random_positions,9.0,4.875,4.75,-0.125,True,True,google/gemma-2-9b-it,11c9b309abf73637e4b6f9a3fa1e92e615547819
44,heldout,9,70,3,33,answer_position,9.0,4.875,8.4375,3.5625,True,True,google/gemma-2-9b-it,11c9b309abf73637e4b6f9a3fa1e92e615547819
44,heldout,9,70,3,33,number_tokens,9.0,4.875,4.875,0.0,True,True,google/gemma-2-9b-it,11c9b309abf73637e4b6f9a3fa1e92e615547819
44,heldout,9,70,3,33,random_positions,9.0,4.875,4.75,-0.125,True,True,google/gemma-2-9b-it,11c9b309abf73637e4b6f9a3fa1e92e615547819
44,heldout,9,70,3,34,answer_position,9.0,4.875,8.5625,3.6875,True,True,google/gemma-2-9b-it,11c9b309abf73637e4b6f9a3fa1e92e615547819
44,heldout,9,70,3,34,number_tokens,9.0,4.875,4.75,-0.125,True,True,google/gemma-2-9b-it,11c9b309abf73637e4b6f9a3fa1e92e615547819
44,heldout,9,70,3,34,random_positions,9.0,4.875,4.75,-0.125,True,True,google/gemma-2-9b-it,11c9b309abf73637e4b6f9a3fa1e92e615547819
44,heldout,9,70,3,35,answer_position,9.0,4.875,8.5625,3.6875,True,True,google/gemma-2-9b-it,11c9b309abf73637e4b6f9a3fa1e92e615547819
44,heldout,9,70,3,35,number_tokens,9.0,4.875,4.75,-0.125,True,True,google/gemma-2-9b-it,11c9b309abf73637e4b6f9a3fa1e92e615547819
44,heldout,9,70,3,35,random_positions,9.0,4.875,4.75,-0.125,True,True,google/gemma-2-9b-it,11c9b309abf73637e4b6f9a3fa1e92e615547819
44,heldout,9,70,3,36,answer_position,9.0,4.875,8.4375,3.5625,True,True,google/gemma-2-9b-it,11c9b309abf73637e4b6f9a3fa1e92e615547819
44,heldout,9,70,3,36,number_tokens,9.0,4.875,4.75,-0.125,True,True,google/gemma-2-9b-it,11c9b309abf73637e4b6f9a3fa1e92e615547819
44,heldout,9,70,3,36,random_positions,9.0,4.875,4.75,-0.125,True,True,google/gemma-2-9b-it,11c9b309abf73637e4b6f9a3fa1e92e615547819
44,heldout,9,70,3,37,answer_position,9.0,4.875,8.4375,3.5625,True,True,google/gemma-2-9b-it,11c9b309abf73637e4b6f9a3fa1e92e615547819
44,heldout,9,70,3,37,number_tokens,9.0,4.875,4.75,-0.125,True,True,google/gemma-2-9b-it,11c9b309abf73637e4b6f9a3fa1e92e615547819
44,heldout,9,70,3,37,random_positions,9.0,4.875,4.75,-0.125,True,True,google/gemma-2-9b-it,11c9b309abf73637e4b6f9a3fa1e92e615547819
44,heldout,9,70,3,38,answer_position,9.0,4.875,8.625,3.75,True,True,google/gemma-2-9b-it,11c9b309abf73637e4b6f9a3fa1e92e615547819
44,heldout,9,70,3,38,number_tokens,9.0,4.875,4.75,-0.125,True,True,google/gemma-2-9b-it,11c9b309abf73637e4b6f9a3fa1e92e615547819
44,heldout,9,70,3,38,random_positions,9.0,4.875,4.75,-0.125,True,True,google/gemma-2-9b-it,11c9b309abf73637e4b6f9a3fa1e92e615547819
44,heldout,9,70,3,39,answer_position,9.0,4.875,8.6875,3.8125,True,True,google/gemma-2-9b-it,11c9b309abf73637e4b6f9a3fa1e92e615547819
44,heldout,9,70,3,39,number_tokens,9.0,4.875,4.75,-0.125,True,True,google/gemma-2-9b-it,11c9b309abf73637e4b6f9a3fa1e92e615547819
44,heldout,9,70,3,39,random_positions,9.0,4.875,4.875,0.0,True,True,google/gemma-2-9b-it,11c9b309abf73637e4b6f9a3fa1e92e615547819
44,heldout,9,70,3,40,answer_position,9.0,4.875,8.875,4.0,True,True,google/gemma-2-9b-it,11c9b309abf73637e4b6f9a3fa1e92e615547819
44,heldout,9,70,3,40,number_tokens,9.0,4.875,4.875,0.0,True,True,google/gemma-2-9b-it,11c9b309abf73637e4b6f9a3fa1e92e615547819
44,heldout,9,70,3,40,random_positions,9.0,4.875,4.75,-0.125,True,True,google/gemma-2-9b-it,11c9b309abf73637e4b6f9a3fa1e92e615547819
44,heldout,9,70,3,41,answer_position,9.0,4.875,9.0,4.125,True,True,google/gemma-2-9b-it,11c9b309abf73637e4b6f9a3fa1e92e615547819
44,heldout,9,70,3,41,number_tokens,9.0,4.875,4.875,0.0,True,True,google/gemma-2-9b-it,11c9b309abf73637e4b6f9a3fa1e92e615547819
44,heldout,9,70,3,41,random_positions,9.0,4.875,4.875,0.0,True,True,google/gemma-2-9b-it,11c9b309abf73637e4b6f9a3fa1e92e615547819
