id,case,template,whole,digit,zeros,control,layer,model,revision,template_mode,sequence_length,numeral_token_count,hard_margin,easy_margin,donor_margin,patched_margin,margin_effect,hard_correct,patched_correct,target_positions,source_positions,random_positions
causal-gen-000,0,relation_statements,101,0,1,easy_number_tokens,7,google/gemma-2-9b-it,11c9b309abf73637e4b6f9a3fa1e92e615547819,system-prepended-to-user,84,11,8.875,10.4375,-9.0625,10.0625,1.1875,True,True,"[24, 25, 26, 27, 28, 29, 35, 36, 37, 38, 39]","[34, 35, 36, 37, 38, 39, 24, 25, 26, 27, 28]","[69, 57, 16, 67, 10, 33, 76, 9, 5, 73, 65]"
causal-gen-000,0,relation_statements,101,0,1,easy_random_positions,7,google/gemma-2-9b-it,11c9b309abf73637e4b6f9a3fa1e92e615547819,system-prepended-to-user,84,11,8.875,10.4375,-9.0625,8.25,-0.625,True,True,"[24, 25, 26, 27, 28, 29, 35, 36, 37, 38, 39]","[69, 57, 16, 67, 10, 33, 76, 9, 5, 73, 65]","[69, 57, 16, 67, 10, 33, 76, 9, 5, 73, 65]"
causal-gen-000,0,relation_statements,101,0,1,easy_answer_position,7,google/gemma-2-9b-it,11c9b309abf73637e4b6f9a3fa1e92e615547819,system-prepended-to-user,84,11,8.875,10.4375,-9.0625,8.8125,-0.0625,True,True,"[24, 25, 26, 27, 28, 29, 35, 36, 37, 38, 39]",[83],"[69, 57, 16, 67, 10, 33, 76, 9, 5, 73, 65]"
causal-gen-000,0,relation_statements,101,0,1,donor_number_tokens,7,google/gemma-2-9b-it,11c9b309abf73637e4b6f9a3fa1e92e615547819,system-prepended-to-user,84,11,8.875,10.4375,-9.0625,-9.0,-17.875,True,False,"[24, 25, 26, 27, 28, 29, 35, 36, 37, 38, 39]","[24, 25, 26, 27, 28, 29, 35, 36, 37, 38, 39]","[69, 57, 16, 67, 10, 33, 76, 9, 5, 73, 65]"
causal-gen-000,0,relation_statements,101,0,1,donor_random_positions,7,google/gemma-2-9b-it,11c9b309abf73637e4b6f9a3fa1e92e615547819,system-prepended-to-user,84,11,8.875,10.4375,-9.0625,8.875,0.0,True,True,"[24, 25, 26, 27, 28, 29, 35, 36, 37, 38, 39]","[69, 57, 16, 67, 10, 33, 76, 9, 5, 73, 65]","[69, 57, 16, 67, 10, 33, 76, 9, 5, 73, 65]"
causal-gen-000,0,relation_statements,101,0,1,donor_answer_position,7,google/gemma-2-9b-it,11c9b309abf73637e4b6f9a3fa1e92e615547819,system-prepended-to-user,84,11,8.875,10.4375,-9.0625,8.8125,-0.0625,True,True,"[24, 25, 26, 27, 28, 29, 35, 36, 37, 38, 39]",[83],"[69, 57, 16, 67, 10, 33, 76, 9, 5, 73, 65]"
causal-gen-001,1,relation_statements,102,1,1,easy_number_tokens,7,google/gemma-2-9b-it,11c9b309abf73637e4b6f9a3fa1e92e615547819,system-prepended-to-user,84,11,-7.25,10.4375,-10.25,6.875,14.125,False,True,"[24, 25, 26, 27, 28, 29, 35, 36, 37, 38, 39]","[34, 35, 36, 37, 38, 39, 24, 25, 26, 27, 28]","[4, 13, 75, 61, 8, 33, 32, 54, 71, 49, 53]"
causal-gen-001,1,relation_statements,102,1,1,easy_random_positions,7,google/gemma-2-9b-it,11c9b309abf73637e4b6f9a3fa1e92e615547819,system-prepended-to-user,84,11,-7.25,10.4375,-10.25,-7.25,0.0,False,False,"[24, 25, 26, 27, 28, 29, 35, 36, 37, 38, 39]","[4, 13, 75, 61, 8, 33, 32, 54, 71, 49, 53]","[4, 13, 75, 61, 8, 33, 32, 54, 71, 49, 53]"
causal-gen-001,1,relation_statements,102,1,1,easy_answer_position,7,google/gemma-2-9b-it,11c9b309abf73637e4b6f9a3fa1e92e615547819,system-prepended-to-user,84,11,-7.25,10.4375,-10.25,-7.25,0.0,False,False,"[24, 25, 26, 27, 28, 29, 35, 36, 37, 38, 39]",[83],"[4, 13, 75, 61, 8, 33, 32, 54, 71, 49, 53]"
causal-gen-001,1,relation_statements,102,1,1,donor_number_tokens,7,google/gemma-2-9b-it,11c9b309abf73637e4b6f9a3fa1e92e615547819,system-prepended-to-user,84,11,-7.25,10.4375,-10.25,-10.1875,-2.9375,False,False,"[24, 25, 26, 27, 28, 29, 35, 36, 37, 38, 39]","[24, 25, 26, 27, 28, 29, 35, 36, 37, 38, 39]","[4, 13, 75, 61, 8, 33, 32, 54, 71, 49, 53]"
causal-gen-001,1,relation_statements,102,1,1,donor_random_positions,7,google/gemma-2-9b-it,11c9b309abf73637e4b6f9a3fa1e92e615547819,system-prepended-to-user,84,11,-7.25,10.4375,-10.25,-7.25,0.0,False,False,"[24, 25, 26, 27, 28, 29, 35, 36, 37, 38, 39]","[4, 13, 75, 61, 8, 33, 32, 54, 71, 49, 53]","[4, 13, 75, 61, 8, 33, 32, 54, 71, 49, 53]"
causal-gen-001,1,relation_statements,102,1,1,donor_answer_position,7,google/gemma-2-9b-it,11c9b309abf73637e4b6f9a3fa1e92e615547819,system-prepended-to-user,84,11,-7.25,10.4375,-10.25,-7.125,0.125,False,False,"[24, 25, 26, 27, 28, 29, 35, 36, 37, 38, 39]",[83],"[4, 13, 75, 61, 8, 33, 32, 54, 71, 49, 53]"
causal-gen-002,2,relation_statements,103,2,1,easy_number_tokens,7,google/gemma-2-9b-it,11c9b309abf73637e4b6f9a3fa1e92e615547819,system-prepended-to-user,84,11,-2.125,10.5625,-9.1875,7.625,9.75,False,True,"[24, 25, 26, 27, 28, 29, 35, 36, 37, 38, 39]","[34, 35, 36, 37, 38, 39, 24, 25, 26, 27, 28]","[73, 7, 42, 79, 47, 22, 56, 71, 30, 4, 45]"
causal-gen-002,2,relation_statements,103,2,1,easy_random_positions,7,google/gemma-2-9b-it,11c9b309abf73637e4b6f9a3fa1e92e615547819,system-prepended-to-user,84,11,-2.125,10.5625,-9.1875,5.0,7.125,False,True,"[24, 25, 26, 27, 28, 29, 35, 36, 37, 38, 39]","[73, 7, 42, 79, 47, 22, 56, 71, 30, 4, 45]","[73, 7, 42, 79, 47, 22, 56, 71, 30, 4, 45]"
causal-gen-002,2,relation_statements,103,2,1,easy_answer_position,7,google/gemma-2-9b-it,11c9b309abf73637e4b6f9a3fa1e92e615547819,system-prepended-to-user,84,11,-2.125,10.5625,-9.1875,-2.0,0.125,False,False,"[24, 25, 26, 27, 28, 29, 35, 36, 37, 38, 39]",[83],"[73, 7, 42, 79, 47, 22, 56, 71, 30, 4, 45]"
causal-gen-002,2,relation_statements,103,2,1,donor_number_tokens,7,google/gemma-2-9b-it,11c9b309abf73637e4b6f9a3fa1e92e615547819,system-prepended-to-user,84,11,-2.125,10.5625,-9.1875,-9.125,-7.0,False,False,"[24, 25, 26, 27, 28, 29, 35, 36, 37, 38, 39]","[24, 25, 26, 27, 28, 29, 35, 36, 37, 38, 39]","[73, 7, 42, 79, 47, 22, 56, 71, 30, 4, 45]"
causal-gen-002,2,relation_statements,103,2,1,donor_random_positions,7,google/gemma-2-9b-it,11c9b309abf73637e4b6f9a3fa1e92e615547819,system-prepended-to-user,84,11,-2.125,10.5625,-9.1875,-2.125,0.0,False,False,"[24, 25, 26, 27, 28, 29, 35, 36, 37, 38, 39]","[73, 7, 42, 79, 47, 22, 56, 71, 30, 4, 45]","[73, 7, 42, 79, 47, 22, 56, 71, 30, 4, 45]"
causal-gen-002,2,relation_statements,103,2,1,donor_answer_position,7,google/gemma-2-9b-it,11c9b309abf73637e4b6f9a3fa1e92e615547819,system-prepended-to-user,84,11,-2.125,10.5625,-9.1875,-2.125,0.0,False,False,"[24, 25, 26, 27, 28, 29, 35, 36, 37, 38, 39]",[83],"[73, 7, 42, 79, 47, 22, 56, 71, 30, 4, 45]"
causal-gen-003,3,relation_statements,104,3,1,easy_number_tokens,7,google/gemma-2-9b-it,11c9b309abf73637e4b6f9a3fa1e92e615547819,system-prepended-to-user,84,11,-5.875,10.5625,-9.25,6.125,12.0,False,True,"[24, 25, 26, 27, 28, 29, 35, 36, 37, 38, 39]","[34, 35, 36, 37, 38, 39, 24, 25, 26, 27, 28]","[20, 45, 67, 77, 17, 42, 54, 57, 62, 74, 79]"
causal-gen-003,3,relation_statements,104,3,1,easy_random_positions,7,google/gemma-2-9b-it,11c9b309abf73637e4b6f9a3fa1e92e615547819,system-prepended-to-user,84,11,-5.875,10.5625,-9.25,-5.875,0.0,False,False,"[24, 25, 26, 27, 28, 29, 35, 36, 37, 38, 39]","[20, 45, 67, 77, 17, 42, 54, 57, 62, 74, 79]","[20, 45, 67, 77, 17, 42, 54, 57, 62, 74, 79]"
causal-gen-003,3,relation_statements,104,3,1,easy_answer_position,7,google/gemma-2-9b-it,11c9b309abf73637e4b6f9a3fa1e92e615547819,system-prepended-to-user,84,11,-5.875,10.5625,-9.25,-5.75,0.125,False,False,"[24, 25, 26, 27, 28, 29, 35, 36, 37, 38, 39]",[83],"[20, 45, 67, 77, 17, 42, 54, 57, 62, 74, 79]"
causal-gen-003,3,relation_statements,104,3,1,donor_number_tokens,7,google/gemma-2-9b-it,11c9b309abf73637e4b6f9a3fa1e92e615547819,system-prepended-to-user,84,11,-5.875,10.5625,-9.25,-9.125,-3.25,False,False,"[24, 25, 26, 27, 28, 29, 35, 36, 37, 38, 39]","[24, 25, 26, 27, 28, 29, 35, 36, 37, 38, 39]","[20, 45, 67, 77, 17, 42, 54, 57, 62, 74, 79]"
causal-gen-003,3,relation_statements,104,3,1,donor_random_positions,7,google/gemma-2-9b-it,11c9b309abf73637e4b6f9a3fa1e92e615547819,system-prepended-to-user,84,11,-5.875,10.5625,-9.25,-5.75,0.125,False,False,"[24, 25, 26, 27, 28, 29, 35, 36, 37, 38, 39]","[20, 45, 67, 77, 17, 42, 54, 57, 62, 74, 79]","[20, 45, 67, 77, 17, 42, 54, 57, 62, 74, 79]"
causal-gen-003,3,relation_statements,104,3,1,donor_answer_position,7,google/gemma-2-9b-it,11c9b309abf73637e4b6f9a3fa1e92e615547819,system-prepended-to-user,84,11,-5.875,10.5625,-9.25,-5.875,0.0,False,False,"[24, 25, 26, 27, 28, 29, 35, 36, 37, 38, 39]",[83],"[20, 45, 67, 77, 17, 42, 54, 57, 62, 74, 79]"
causal-gen-004,4,relation_statements,105,4,1,easy_number_tokens,7,google/gemma-2-9b-it,11c9b309abf73637e4b6f9a3fa1e92e615547819,system-prepended-to-user,84,11,-4.125,10.6875,-9.25,7.875,12.0,False,True,"[24, 25, 26, 27, 28, 29, 35, 36, 37, 38, 39]","[34, 35, 36, 37, 38, 39, 24, 25, 26, 27, 28]","[12, 55, 43, 67, 23, 2, 30, 61, 72, 8, 4]"
causal-gen-004,4,relation_statements,105,4,1,easy_random_positions,7,google/gemma-2-9b-it,11c9b309abf73637e4b6f9a3fa1e92e615547819,system-prepended-to-user,84,11,-4.125,10.6875,-9.25,2.0,6.125,False,True,"[24, 25, 26, 27, 28, 29, 35, 36, 37, 38, 39]","[12, 55, 43, 67, 23, 2, 30, 61, 72, 8, 4]","[12, 55, 43, 67, 23, 2, 30, 61, 72, 8, 4]"
causal-gen-004,4,relation_statements,105,4,1,easy_answer_position,7,google/gemma-2-9b-it,11c9b309abf73637e4b6f9a3fa1e92e615547819,system-prepended-to-user,84,11,-4.125,10.6875,-9.25,-4.25,-0.125,False,False,"[24, 25, 26, 27, 28, 29, 35, 36, 37, 38, 39]",[83],"[12, 55, 43, 67, 23, 2, 30, 61, 72, 8, 4]"
causal-gen-004,4,relation_statements,105,4,1,donor_number_tokens,7,google/gemma-2-9b-it,11c9b309abf73637e4b6f9a3fa1e92e615547819,system-prepended-to-user,84,11,-4.125,10.6875,-9.25,-9.125,-5.0,False,False,"[24, 25, 26, 27, 28, 29, 35, 36, 37, 38, 39]","[24, 25, 26, 27, 28, 29, 35, 36, 37, 38, 39]","[12, 55, 43, 67, 23, 2, 30, 61, 72, 8, 4]"
causal-gen-004,4,relation_statements,105,4,1,donor_random_positions,7,google/gemma-2-9b-it,11c9b309abf73637e4b6f9a3fa1e92e615547819,system-prepended-to-user,84,11,-4.125,10.6875,-9.25,-4.25,-0.125,False,False,"[24, 25, 26, 27, 28, 29, 35, 36, 37, 38, 39]","[12, 55, 43, 67, 23, 2, 30, 61, 72, 8, 4]","[12, 55, 43, 67, 23, 2, 30, 61, 72, 8, 4]"
causal-gen-004,4,relation_statements,105,4,1,donor_answer_position,7,google/gemma-2-9b-it,11c9b309abf73637e4b6f9a3fa1e92e615547819,system-prepended-to-user,84,11,-4.125,10.6875,-9.25,-4.125,0.0,False,False,"[24, 25, 26, 27, 28, 29, 35, 36, 37, 38, 39]",[83],"[12, 55, 43, 67, 23, 2, 30, 61, 72, 8, 4]"
causal-gen-005,5,relation_statements,106,5,1,easy_number_tokens,7,google/gemma-2-9b-it,11c9b309abf73637e4b6f9a3fa1e92e615547819,system-prepended-to-user,84,11,-1.25,10.75,-10.0,9.125,10.375,False,True,"[24, 25, 26, 27, 28, 29, 35, 36, 37, 38, 39]","[34, 35, 36, 37, 38, 39, 24, 25, 26, 27, 28]","[51, 33, 5, 10, 13, 18, 23, 49, 59, 43, 48]"
causal-gen-005,5,relation_statements,106,5,1,easy_random_positions,7,google/gemma-2-9b-it,11c9b309abf73637e4b6f9a3fa1e92e615547819,system-prepended-to-user,84,11,-1.25,10.75,-10.0,-0.375,0.875,False,False,"[24, 25, 26, 27, 28, 29, 35, 36, 37, 38, 39]","[51, 33, 5, 10, 13, 18, 23, 49, 59, 43, 48]","[51, 33, 5, 10, 13, 18, 23, 49, 59, 43, 48]"
causal-gen-005,5,relation_statements,106,5,1,easy_answer_position,7,google/gemma-2-9b-it,11c9b309abf73637e4b6f9a3fa1e92e615547819,system-prepended-to-user,84,11,-1.25,10.75,-10.0,-1.5,-0.25,False,False,"[24, 25, 26, 27, 28, 29, 35, 36, 37, 38, 39]",[83],"[51, 33, 5, 10, 13, 18, 23, 49, 59, 43, 48]"
causal-gen-005,5,relation_statements,106,5,1,donor_number_tokens,7,google/gemma-2-9b-it,11c9b309abf73637e4b6f9a3fa1e92e615547819,system-prepended-to-user,84,11,-1.25,10.75,-10.0,-10.0625,-8.8125,False,False,"[24, 25, 26, 27, 28, 29, 35, 36, 37, 38, 39]","[24, 25, 26, 27, 28, 29, 35, 36, 37, 38, 39]","[51, 33, 5, 10, 13, 18, 23, 49, 59, 43, 48]"
causal-gen-005,5,relation_statements,106,5,1,donor_random_positions,7,google/gemma-2-9b-it,11c9b309abf73637e4b6f9a3fa1e92e615547819,system-prepended-to-user,84,11,-1.25,10.75,-10.0,-1.375,-0.125,False,False,"[24, 25, 26, 27, 28, 29, 35, 36, 37, 38, 39]","[51, 33, 5, 10, 13, 18, 23, 49, 59, 43, 48]","[51, 33, 5, 10, 13, 18, 23, 49, 59, 43, 48]"
causal-gen-005,5,relation_statements,106,5,1,donor_answer_position,7,google/gemma-2-9b-it,11c9b309abf73637e4b6f9a3fa1e92e615547819,system-prepended-to-user,84,11,-1.25,10.75,-10.0,-1.5,-0.25,False,False,"[24, 25, 26, 27, 28, 29, 35, 36, 37, 38, 39]",[83],"[51, 33, 5, 10, 13, 18, 23, 49, 59, 43, 48]"
causal-gen-006,6,relation_statements,107,6,1,easy_number_tokens,7,google/gemma-2-9b-it,11c9b309abf73637e4b6f9a3fa1e92e615547819,system-prepended-to-user,84,11,-0.625,10.5,-9.8125,5.125,5.75,False,True,"[24, 25, 26, 27, 28, 29, 35, 36, 37, 38, 39]","[34, 35, 36, 37, 38, 39, 24, 25, 26, 27, 28]","[62, 72, 75, 31, 44, 19, 12, 74, 5, 77, 10]"
causal-gen-006,6,relation_statements,107,6,1,easy_random_positions,7,google/gemma-2-9b-it,11c9b309abf73637e4b6f9a3fa1e92e615547819,system-prepended-to-user,84,11,-0.625,10.5,-9.8125,-1.875,-1.25,False,False,"[24, 25, 26, 27, 28, 29, 35, 36, 37, 38, 39]","[62, 72, 75, 31, 44, 19, 12, 74, 5, 77, 10]","[62, 72, 75, 31, 44, 19, 12, 74, 5, 77, 10]"
causal-gen-006,6,relation_statements,107,6,1,easy_answer_position,7,google/gemma-2-9b-it,11c9b309abf73637e4b6f9a3fa1e92e615547819,system-prepended-to-user,84,11,-0.625,10.5,-9.8125,-0.75,-0.125,False,False,"[24, 25, 26, 27, 28, 29, 35, 36, 37, 38, 39]",[83],"[62, 72, 75, 31, 44, 19, 12, 74, 5, 77, 10]"
causal-gen-006,6,relation_statements,107,6,1,donor_number_tokens,7,google/gemma-2-9b-it,11c9b309abf73637e4b6f9a3fa1e92e615547819,system-prepended-to-user,84,11,-0.625,10.5,-9.8125,-9.6875,-9.0625,False,False,"[24, 25, 26, 27, 28, 29, 35, 36, 37, 38, 39]","[24, 25, 26, 27, 28, 29, 35, 36, 37, 38, 39]","[62, 72, 75, 31, 44, 19, 12, 74, 5, 77, 10]"
causal-gen-006,6,relation_statements,107,6,1,donor_random_positions,7,google/gemma-2-9b-it,11c9b309abf73637e4b6f9a3fa1e92e615547819,system-prepended-to-user,84,11,-0.625,10.5,-9.8125,-0.625,0.0,False,False,"[24, 25, 26, 27, 28, 29, 35, 36, 37, 38, 39]","[62, 72, 75, 31, 44, 19, 12, 74, 5, 77, 10]","[62, 72, 75, 31, 44, 19, 12, 74, 5, 77, 10]"
causal-gen-006,6,relation_statements,107,6,1,donor_answer_position,7,google/gemma-2-9b-it,11c9b309abf73637e4b6f9a3fa1e92e615547819,system-prepended-to-user,84,11,-0.625,10.5,-9.8125,-0.625,0.0,False,False,"[24, 25, 26, 27, 28, 29, 35, 36, 37, 38, 39]",[83],"[62, 72, 75, 31, 44, 19, 12, 74, 5, 77, 10]"
causal-gen-007,7,relation_statements,108,7,1,easy_number_tokens,7,google/gemma-2-9b-it,11c9b309abf73637e4b6f9a3fa1e92e615547819,system-prepended-to-user,84,11,-3.0,10.625,-8.8125,7.25,10.25,False,True,"[24, 25, 26, 27, 28, 29, 35, 36, 37, 38, 39]","[34, 35, 36, 37, 38, 39, 24, 25, 26, 27, 28]","[75, 12, 32, 20, 3, 66, 23, 71, 79, 34, 77]"
causal-gen-007,7,relation_statements,108,7,1,easy_random_positions,7,google/gemma-2-9b-it,11c9b309abf73637e4b6f9a3fa1e92e615547819,system-prepended-to-user,84,11,-3.0,10.625,-8.8125,-2.125,0.875,False,False,"[24, 25, 26, 27, 28, 29, 35, 36, 37, 38, 39]","[75, 12, 32, 20, 3, 66, 23, 71, 79, 34, 77]","[75, 12, 32, 20, 3, 66, 23, 71, 79, 34, 77]"
causal-gen-007,7,relation_statements,108,7,1,easy_answer_position,7,google/gemma-2-9b-it,11c9b309abf73637e4b6f9a3fa1e92e615547819,system-prepended-to-user,84,11,-3.0,10.625,-8.8125,-3.0,0.0,False,False,"[24, 25, 26, 27, 28, 29, 35, 36, 37, 38, 39]",[83],"[75, 12, 32, 20, 3, 66, 23, 71, 79, 34, 77]"
causal-gen-007,7,relation_statements,108,7,1,donor_number_tokens,7,google/gemma-2-9b-it,11c9b309abf73637e4b6f9a3fa1e92e615547819,system-prepended-to-user,84,11,-3.0,10.625,-8.8125,-8.8125,-5.8125,False,False,"[24, 25, 26, 27, 28, 29, 35, 36, 37, 38, 39]","[24, 25, 26, 27, 28, 29, 35, 36, 37, 38, 39]","[75, 12, 32, 20, 3, 66, 23, 71, 79, 34, 77]"
causal-gen-007,7,relation_statements,108,7,1,donor_random_positions,7,google/gemma-2-9b-it,11c9b309abf73637e4b6f9a3fa1e92e615547819,system-prepended-to-user,84,11,-3.0,10.625,-8.8125,-3.375,-0.375,False,False,"[24, 25, 26, 27, 28, 29, 35, 36, 37, 38, 39]","[75, 12, 32, 20, 3, 66, 23, 71, 79, 34, 77]","[75, 12, 32, 20, 3, 66, 23, 71, 79, 34, 77]"
causal-gen-007,7,relation_statements,108,7,1,donor_answer_position,7,google/gemma-2-9b-it,11c9b309abf73637e4b6f9a3fa1e92e615547819,system-prepended-to-user,84,11,-3.0,10.625,-8.8125,-3.125,-0.125,False,False,"[24, 25, 26, 27, 28, 29, 35, 36, 37, 38, 39]",[83],"[75, 12, 32, 20, 3, 66, 23, 71, 79, 34, 77]"
causal-gen-008,8,relation_statements,109,8,1,easy_number_tokens,7,google/gemma-2-9b-it,11c9b309abf73637e4b6f9a3fa1e92e615547819,system-prepended-to-user,84,11,-4.5,10.625,-10.8125,6.0,10.5,False,True,"[24, 25, 26, 27, 28, 29, 35, 36, 37, 38, 39]","[34, 35, 36, 37, 38, 39, 24, 25, 26, 27, 28]","[44, 72, 55, 71, 49, 12, 31, 42, 77, 16, 6]"
causal-gen-008,8,relation_statements,109,8,1,easy_random_positions,7,google/gemma-2-9b-it,11c9b309abf73637e4b6f9a3fa1e92e615547819,system-prepended-to-user,84,11,-4.5,10.625,-10.8125,-4.625,-0.125,False,False,"[24, 25, 26, 27, 28, 29, 35, 36, 37, 38, 39]","[44, 72, 55, 71, 49, 12, 31, 42, 77, 16, 6]","[44, 72, 55, 71, 49, 12, 31, 42, 77, 16, 6]"
causal-gen-008,8,relation_statements,109,8,1,easy_answer_position,7,google/gemma-2-9b-it,11c9b309abf73637e4b6f9a3fa1e92e615547819,system-prepended-to-user,84,11,-4.5,10.625,-10.8125,-4.375,0.125,False,False,"[24, 25, 26, 27, 28, 29, 35, 36, 37, 38, 39]",[83],"[44, 72, 55, 71, 49, 12, 31, 42, 77, 16, 6]"
causal-gen-008,8,relation_statements,109,8,1,donor_number_tokens,7,google/gemma-2-9b-it,11c9b309abf73637e4b6f9a3fa1e92e615547819,system-prepended-to-user,84,11,-4.5,10.625,-10.8125,-10.75,-6.25,False,False,"[24, 25, 26, 27, 28, 29, 35, 36, 37, 38, 39]","[24, 25, 26, 27, 28, 29, 35, 36, 37, 38, 39]","[44, 72, 55, 71, 49, 12, 31, 42, 77, 16, 6]"
causal-gen-008,8,relation_statements,109,8,1,donor_random_positions,7,google/gemma-2-9b-it,11c9b309abf73637e4b6f9a3fa1e92e615547819,system-prepended-to-user,84,11,-4.5,10.625,-10.8125,-4.5,0.0,False,False,"[24, 25, 26, 27, 28, 29, 35, 36, 37, 38, 39]","[44, 72, 55, 71, 49, 12, 31, 42, 77, 16, 6]","[44, 72, 55, 71, 49, 12, 31, 42, 77, 16, 6]"
causal-gen-008,8,relation_statements,109,8,1,donor_answer_position,7,google/gemma-2-9b-it,11c9b309abf73637e4b6f9a3fa1e92e615547819,system-prepended-to-user,84,11,-4.5,10.625,-10.8125,-4.5,0.0,False,False,"[24, 25, 26, 27, 28, 29, 35, 36, 37, 38, 39]",[83],"[44, 72, 55, 71, 49, 12, 31, 42, 77, 16, 6]"
causal-gen-009,9,relation_statements,110,9,1,easy_number_tokens,7,google/gemma-2-9b-it,11c9b309abf73637e4b6f9a3fa1e92e615547819,system-prepended-to-user,84,11,-7.0625,10.4375,-10.875,6.6875,13.75,False,True,"[24, 25, 26, 27, 28, 29, 35, 36, 37, 38, 39]","[34, 35, 36, 37, 38, 39, 24, 25, 26, 27, 28]","[19, 66, 67, 11, 48, 45, 2, 23, 9, 60, 16]"
causal-gen-009,9,relation_statements,110,9,1,easy_random_positions,7,google/gemma-2-9b-it,11c9b309abf73637e4b6f9a3fa1e92e615547819,system-prepended-to-user,84,11,-7.0625,10.4375,-10.875,-7.0625,0.0,False,False,"[24, 25, 26, 27, 28, 29, 35, 36, 37, 38, 39]","[19, 66, 67, 11, 48, 45, 2, 23, 9, 60, 16]","[19, 66, 67, 11, 48, 45, 2, 23, 9, 60, 16]"
causal-gen-009,9,relation_statements,110,9,1,easy_answer_position,7,google/gemma-2-9b-it,11c9b309abf73637e4b6f9a3fa1e92e615547819,system-prepended-to-user,84,11,-7.0625,10.4375,-10.875,-7.0625,0.0,False,False,"[24, 25, 26, 27, 28, 29, 35, 36, 37, 38, 39]",[83],"[19, 66, 67, 11, 48, 45, 2, 23, 9, 60, 16]"
causal-gen-009,9,relation_statements,110,9,1,donor_number_tokens,7,google/gemma-2-9b-it,11c9b309abf73637e4b6f9a3fa1e92e615547819,system-prepended-to-user,84,11,-7.0625,10.4375,-10.875,-10.9375,-3.875,False,False,"[24, 25, 26, 27, 28, 29, 35, 36, 37, 38, 39]","[24, 25, 26, 27, 28, 29, 35, 36, 37, 38, 39]","[19, 66, 67, 11, 48, 45, 2, 23, 9, 60, 16]"
causal-gen-009,9,relation_statements,110,9,1,donor_random_positions,7,google/gemma-2-9b-it,11c9b309abf73637e4b6f9a3fa1e92e615547819,system-prepended-to-user,84,11,-7.0625,10.4375,-10.875,-7.0625,0.0,False,False,"[24, 25, 26, 27, 28, 29, 35, 36, 37, 38, 39]","[19, 66, 67, 11, 48, 45, 2, 23, 9, 60, 16]","[19, 66, 67, 11, 48, 45, 2, 23, 9, 60, 16]"
causal-gen-009,9,relation_statements,110,9,1,donor_answer_position,7,google/gemma-2-9b-it,11c9b309abf73637e4b6f9a3fa1e92e615547819,system-prepended-to-user,84,11,-7.0625,10.4375,-10.875,-7.0625,0.0,False,False,"[24, 25, 26, 27, 28, 29, 35, 36, 37, 38, 39]",[83],"[19, 66, 67, 11, 48, 45, 2, 23, 9, 60, 16]"
causal-gen-010,10,relation_statements,111,0,2,easy_number_tokens,7,google/gemma-2-9b-it,11c9b309abf73637e4b6f9a3fa1e92e615547819,system-prepended-to-user,85,12,8.125,10.4375,-7.1875,9.875,1.75,True,True,"[24, 25, 26, 27, 28, 29, 30, 36, 37, 38, 39, 40]","[34, 35, 36, 37, 38, 39, 40, 24, 25, 26, 27, 28]","[59, 4, 51, 42, 57, 6, 69, 1, 34, 19, 44, 52]"
causal-gen-010,10,relation_statements,111,0,2,easy_random_positions,7,google/gemma-2-9b-it,11c9b309abf73637e4b6f9a3fa1e92e615547819,system-prepended-to-user,85,12,8.125,10.4375,-7.1875,7.75,-0.375,True,True,"[24, 25, 26, 27, 28, 29, 30, 36, 37, 38, 39, 40]","[59, 4, 51, 42, 57, 6, 69, 1, 34, 19, 44, 52]","[59, 4, 51, 42, 57, 6, 69, 1, 34, 19, 44, 52]"
causal-gen-010,10,relation_statements,111,0,2,easy_answer_position,7,google/gemma-2-9b-it,11c9b309abf73637e4b6f9a3fa1e92e615547819,system-prepended-to-user,85,12,8.125,10.4375,-7.1875,8.125,0.0,True,True,"[24, 25, 26, 27, 28, 29, 30, 36, 37, 38, 39, 40]",[84],"[59, 4, 51, 42, 57, 6, 69, 1, 34, 19, 44, 52]"
causal-gen-010,10,relation_statements,111,0,2,donor_number_tokens,7,google/gemma-2-9b-it,11c9b309abf73637e4b6f9a3fa1e92e615547819,system-prepended-to-user,85,12,8.125,10.4375,-7.1875,-6.5,-14.625,True,False,"[24, 25, 26, 27, 28, 29, 30, 36, 37, 38, 39, 40]","[24, 25, 26, 27, 28, 29, 30, 36, 37, 38, 39, 40]","[59, 4, 51, 42, 57, 6, 69, 1, 34, 19, 44, 52]"
causal-gen-010,10,relation_statements,111,0,2,donor_random_positions,7,google/gemma-2-9b-it,11c9b309abf73637e4b6f9a3fa1e92e615547819,system-prepended-to-user,85,12,8.125,10.4375,-7.1875,8.125,0.0,True,True,"[24, 25, 26, 27, 28, 29, 30, 36, 37, 38, 39, 40]","[59, 4, 51, 42, 57, 6, 69, 1, 34, 19, 44, 52]","[59, 4, 51, 42, 57, 6, 69, 1, 34, 19, 44, 52]"
causal-gen-010,10,relation_statements,111,0,2,donor_answer_position,7,google/gemma-2-9b-it,11c9b309abf73637e4b6f9a3fa1e92e615547819,system-prepended-to-user,85,12,8.125,10.4375,-7.1875,8.0,-0.125,True,True,"[24, 25, 26, 27, 28, 29, 30, 36, 37, 38, 39, 40]",[84],"[59, 4, 51, 42, 57, 6, 69, 1, 34, 19, 44, 52]"
causal-gen-011,11,relation_statements,112,1,2,easy_number_tokens,7,google/gemma-2-9b-it,11c9b309abf73637e4b6f9a3fa1e92e615547819,system-prepended-to-user,85,12,-3.75,10.3125,-7.0,6.5625,10.3125,False,True,"[24, 25, 26, 27, 28, 29, 30, 36, 37, 38, 39, 40]","[34, 35, 36, 37, 38, 39, 40, 24, 25, 26, 27, 28]","[19, 46, 72, 35, 78, 70, 59, 6, 64, 33, 15, 65]"
causal-gen-011,11,relation_statements,112,1,2,easy_random_positions,7,google/gemma-2-9b-it,11c9b309abf73637e4b6f9a3fa1e92e615547819,system-prepended-to-user,85,12,-3.75,10.3125,-7.0,-4.125,-0.375,False,False,"[24, 25, 26, 27, 28, 29, 30, 36, 37, 38, 39, 40]","[19, 46, 72, 35, 78, 70, 59, 6, 64, 33, 15, 65]","[19, 46, 72, 35, 78, 70, 59, 6, 64, 33, 15, 65]"
causal-gen-011,11,relation_statements,112,1,2,easy_answer_position,7,google/gemma-2-9b-it,11c9b309abf73637e4b6f9a3fa1e92e615547819,system-prepended-to-user,85,12,-3.75,10.3125,-7.0,-3.75,0.0,False,False,"[24, 25, 26, 27, 28, 29, 30, 36, 37, 38, 39, 40]",[84],"[19, 46, 72, 35, 78, 70, 59, 6, 64, 33, 15, 65]"
causal-gen-011,11,relation_statements,112,1,2,donor_number_tokens,7,google/gemma-2-9b-it,11c9b309abf73637e4b6f9a3fa1e92e615547819,system-prepended-to-user,85,12,-3.75,10.3125,-7.0,-7.0,-3.25,False,False,"[24, 25, 26, 27, 28, 29, 30, 36, 37, 38, 39, 40]","[24, 25, 26, 27, 28, 29, 30, 36, 37, 38, 39, 40]","[19, 46, 72, 35, 78, 70, 59, 6, 64, 33, 15, 65]"
causal-gen-011,11,relation_statements,112,1,2,donor_random_positions,7,google/gemma-2-9b-it,11c9b309abf73637e4b6f9a3fa1e92e615547819,system-prepended-to-user,85,12,-3.75,10.3125,-7.0,-3.75,0.0,False,False,"[24, 25, 26, 27, 28, 29, 30, 36, 37, 38, 39, 40]","[19, 46, 72, 35, 78, 70, 59, 6, 64, 33, 15, 65]","[19, 46, 72, 35, 78, 70, 59, 6, 64, 33, 15, 65]"
causal-gen-011,11,relation_statements,112,1,2,donor_answer_position,7,google/gemma-2-9b-it,11c9b309abf73637e4b6f9a3fa1e92e615547819,system-prepended-to-user,85,12,-3.75,10.3125,-7.0,-3.75,0.0,False,False,"[24, 25, 26, 27, 28, 29, 30, 36, 37, 38, 39, 40]",[84],"[19, 46, 72, 35, 78, 70, 59, 6, 64, 33, 15, 65]"
causal-gen-012,12,relation_statements,113,2,2,easy_number_tokens,7,google/gemma-2-9b-it,11c9b309abf73637e4b6f9a3fa1e92e615547819,system-prepended-to-user,85,12,5.625,10.375,-7.5625,6.6875,1.0625,True,True,"[24, 25, 26, 27, 28, 29, 30, 36, 37, 38, 39, 40]","[34, 35, 36, 37, 38, 39, 40, 24, 25, 26, 27, 28]","[81, 2, 73, 58, 55, 69, 21, 56, 45, 68, 78, 72]"
causal-gen-012,12,relation_statements,113,2,2,easy_random_positions,7,google/gemma-2-9b-it,11c9b309abf73637e4b6f9a3fa1e92e615547819,system-prepended-to-user,85,12,5.625,10.375,-7.5625,5.625,0.0,True,True,"[24, 25, 26, 27, 28, 29, 30, 36, 37, 38, 39, 40]","[81, 2, 73, 58, 55, 69, 21, 56, 45, 68, 78, 72]","[81, 2, 73, 58, 55, 69, 21, 56, 45, 68, 78, 72]"
causal-gen-012,12,relation_statements,113,2,2,easy_answer_position,7,google/gemma-2-9b-it,11c9b309abf73637e4b6f9a3fa1e92e615547819,system-prepended-to-user,85,12,5.625,10.375,-7.5625,5.625,0.0,True,True,"[24, 25, 26, 27, 28, 29, 30, 36, 37, 38, 39, 40]",[84],"[81, 2, 73, 58, 55, 69, 21, 56, 45, 68, 78, 72]"
causal-gen-012,12,relation_statements,113,2,2,donor_number_tokens,7,google/gemma-2-9b-it,11c9b309abf73637e4b6f9a3fa1e92e615547819,system-prepended-to-user,85,12,5.625,10.375,-7.5625,-7.5625,-13.1875,True,False,"[24, 25, 26, 27, 28, 29, 30, 36, 37, 38, 39, 40]","[24, 25, 26, 27, 28, 29, 30, 36, 37, 38, 39, 40]","[81, 2, 73, 58, 55, 69, 21, 56, 45, 68, 78, 72]"
causal-gen-012,12,relation_statements,113,2,2,donor_random_positions,7,google/gemma-2-9b-it,11c9b309abf73637e4b6f9a3fa1e92e615547819,system-prepended-to-user,85,12,5.625,10.375,-7.5625,5.625,0.0,True,True,"[24, 25, 26, 27, 28, 29, 30, 36, 37, 38, 39, 40]","[81, 2, 73, 58, 55, 69, 21, 56, 45, 68, 78, 72]","[81, 2, 73, 58, 55, 69, 21, 56, 45, 68, 78, 72]"
causal-gen-012,12,relation_statements,113,2,2,donor_answer_position,7,google/gemma-2-9b-it,11c9b309abf73637e4b6f9a3fa1e92e615547819,system-prepended-to-user,85,12,5.625,10.375,-7.5625,5.625,0.0,True,True,"[24, 25, 26, 27, 28, 29, 30, 36, 37, 38, 39, 40]",[84],"[81, 2, 73, 58, 55, 69, 21, 56, 45, 68, 78, 72]"
causal-gen-013,13,relation_statements,114,3,2,easy_number_tokens,7,google/gemma-2-9b-it,11c9b309abf73637e4b6f9a3fa1e92e615547819,system-prepended-to-user,85,12,4.125,10.375,-7.3125,6.9375,2.8125,True,True,"[24, 25, 26, 27, 28, 29, 30, 36, 37, 38, 39, 40]","[34, 35, 36, 37, 38, 39, 40, 24, 25, 26, 27, 28]","[78, 46, 2, 31, 10, 63, 1, 60, 65, 7, 81, 20]"
causal-gen-013,13,relation_statements,114,3,2,easy_random_positions,7,google/gemma-2-9b-it,11c9b309abf73637e4b6f9a3fa1e92e615547819,system-prepended-to-user,85,12,4.125,10.375,-7.3125,4.25,0.125,True,True,"[24, 25, 26, 27, 28, 29, 30, 36, 37, 38, 39, 40]","[78, 46, 2, 31, 10, 63, 1, 60, 65, 7, 81, 20]","[78, 46, 2, 31, 10, 63, 1, 60, 65, 7, 81, 20]"
causal-gen-013,13,relation_statements,114,3,2,easy_answer_position,7,google/gemma-2-9b-it,11c9b309abf73637e4b6f9a3fa1e92e615547819,system-prepended-to-user,85,12,4.125,10.375,-7.3125,4.125,0.0,True,True,"[24, 25, 26, 27, 28, 29, 30, 36, 37, 38, 39, 40]",[84],"[78, 46, 2, 31, 10, 63, 1, 60, 65, 7, 81, 20]"
causal-gen-013,13,relation_statements,114,3,2,donor_number_tokens,7,google/gemma-2-9b-it,11c9b309abf73637e4b6f9a3fa1e92e615547819,system-prepended-to-user,85,12,4.125,10.375,-7.3125,-7.3125,-11.4375,True,False,"[24, 25, 26, 27, 28, 29, 30, 36, 37, 38, 39, 40]","[24, 25, 26, 27, 28, 29, 30, 36, 37, 38, 39, 40]","[78, 46, 2, 31, 10, 63, 1, 60, 65, 7, 81, 20]"
causal-gen-013,13,relation_statements,114,3,2,donor_random_positions,7,google/gemma-2-9b-it,11c9b309abf73637e4b6f9a3fa1e92e615547819,system-prepended-to-user,85,12,4.125,10.375,-7.3125,4.125,0.0,True,True,"[24, 25, 26, 27, 28, 29, 30, 36, 37, 38, 39, 40]","[78, 46, 2, 31, 10, 63, 1, 60, 65, 7, 81, 20]","[78, 46, 2, 31, 10, 63, 1, 60, 65, 7, 81, 20]"
causal-gen-013,13,relation_statements,114,3,2,donor_answer_position,7,google/gemma-2-9b-it,11c9b309abf73637e4b6f9a3fa1e92e615547819,system-prepended-to-user,85,12,4.125,10.375,-7.3125,4.125,0.0,True,True,"[24, 25, 26, 27, 28, 29, 30, 36, 37, 38, 39, 40]",[84],"[78, 46, 2, 31, 10, 63, 1, 60, 65, 7, 81, 20]"
causal-gen-014,14,relation_statements,115,4,2,easy_number_tokens,7,google/gemma-2-9b-it,11c9b309abf73637e4b6f9a3fa1e92e615547819,system-prepended-to-user,85,12,5.625,10.5625,-7.4375,7.75,2.125,True,True,"[24, 25, 26, 27, 28, 29, 30, 36, 37, 38, 39, 40]","[34, 35, 36, 37, 38, 39, 40, 24, 25, 26, 27, 28]","[42, 46, 2, 1, 4, 44, 16, 33, 64, 47, 55, 49]"
causal-gen-014,14,relation_statements,115,4,2,easy_random_positions,7,google/gemma-2-9b-it,11c9b309abf73637e4b6f9a3fa1e92e615547819,system-prepended-to-user,85,12,5.625,10.5625,-7.4375,3.75,-1.875,True,True,"[24, 25, 26, 27, 28, 29, 30, 36, 37, 38, 39, 40]","[42, 46, 2, 1, 4, 44, 16, 33, 64, 47, 55, 49]","[42, 46, 2, 1, 4, 44, 16, 33, 64, 47, 55, 49]"
causal-gen-014,14,relation_statements,115,4,2,easy_answer_position,7,google/gemma-2-9b-it,11c9b309abf73637e4b6f9a3fa1e92e615547819,system-prepended-to-user,85,12,5.625,10.5625,-7.4375,5.75,0.125,True,True,"[24, 25, 26, 27, 28, 29, 30, 36, 37, 38, 39, 40]",[84],"[42, 46, 2, 1, 4, 44, 16, 33, 64, 47, 55, 49]"
causal-gen-014,14,relation_statements,115,4,2,donor_number_tokens,7,google/gemma-2-9b-it,11c9b309abf73637e4b6f9a3fa1e92e615547819,system-prepended-to-user,85,12,5.625,10.5625,-7.4375,-7.0625,-12.6875,True,False,"[24, 25, 26, 27, 28, 29, 30, 36, 37, 38, 39, 40]","[24, 25, 26, 27, 28, 29, 30, 36, 37, 38, 39, 40]","[42, 46, 2, 1, 4, 44, 16, 33, 64, 47, 55, 49]"
causal-gen-014,14,relation_statements,115,4,2,donor_random_positions,7,google/gemma-2-9b-it,11c9b309abf73637e4b6f9a3fa1e92e615547819,system-prepended-to-user,85,12,5.625,10.5625,-7.4375,5.5,-0.125,True,True,"[24, 25, 26, 27, 28, 29, 30, 36, 37, 38, 39, 40]","[42, 46, 2, 1, 4, 44, 16, 33, 64, 47, 55, 49]","[42, 46, 2, 1, 4, 44, 16, 33, 64, 47, 55, 49]"
causal-gen-014,14,relation_statements,115,4,2,donor_answer_position,7,google/gemma-2-9b-it,11c9b309abf73637e4b6f9a3fa1e92e615547819,system-prepended-to-user,85,12,5.625,10.5625,-7.4375,5.625,0.0,True,True,"[24, 25, 26, 27, 28, 29, 30, 36, 37, 38, 39, 40]",[84],"[42, 46, 2, 1, 4, 44, 16, 33, 64, 47, 55, 49]"
causal-gen-015,15,relation_statements,116,5,2,easy_number_tokens,7,google/gemma-2-9b-it,11c9b309abf73637e4b6f9a3fa1e92e615547819,system-prepended-to-user,85,12,6.375,10.625,-8.0,8.6875,2.3125,True,True,"[24, 25, 26, 27, 28, 29, 30, 36, 37, 38, 39, 40]","[34, 35, 36, 37, 38, 39, 40, 24, 25, 26, 27, 28]","[55, 69, 62, 2, 33, 5, 10, 13, 35, 78, 9, 4]"
causal-gen-015,15,relation_statements,116,5,2,easy_random_positions,7,google/gemma-2-9b-it,11c9b309abf73637e4b6f9a3fa1e92e615547819,system-prepended-to-user,85,12,6.375,10.625,-8.0,5.625,-0.75,True,True,"[24, 25, 26, 27, 28, 29, 30, 36, 37, 38, 39, 40]","[55, 69, 62, 2, 33, 5, 10, 13, 35, 78, 9, 4]","[55, 69, 62, 2, 33, 5, 10, 13, 35, 78, 9, 4]"
causal-gen-015,15,relation_statements,116,5,2,easy_answer_position,7,google/gemma-2-9b-it,11c9b309abf73637e4b6f9a3fa1e92e615547819,system-prepended-to-user,85,12,6.375,10.625,-8.0,6.4375,0.0625,True,True,"[24, 25, 26, 27, 28, 29, 30, 36, 37, 38, 39, 40]",[84],"[55, 69, 62, 2, 33, 5, 10, 13, 35, 78, 9, 4]"
causal-gen-015,15,relation_statements,116,5,2,donor_number_tokens,7,google/gemma-2-9b-it,11c9b309abf73637e4b6f9a3fa1e92e615547819,system-prepended-to-user,85,12,6.375,10.625,-8.0,-7.875,-14.25,True,False,"[24, 25, 26, 27, 28, 29, 30, 36, 37, 38, 39, 40]","[24, 25, 26, 27, 28, 29, 30, 36, 37, 38, 39, 40]","[55, 69, 62, 2, 33, 5, 10, 13, 35, 78, 9, 4]"
causal-gen-015,15,relation_statements,116,5,2,donor_random_positions,7,google/gemma-2-9b-it,11c9b309abf73637e4b6f9a3fa1e92e615547819,system-prepended-to-user,85,12,6.375,10.625,-8.0,6.4375,0.0625,True,True,"[24, 25, 26, 27, 28, 29, 30, 36, 37, 38, 39, 40]","[55, 69, 62, 2, 33, 5, 10, 13, 35, 78, 9, 4]","[55, 69, 62, 2, 33, 5, 10, 13, 35, 78, 9, 4]"
causal-gen-015,15,relation_statements,116,5,2,donor_answer_position,7,google/gemma-2-9b-it,11c9b309abf73637e4b6f9a3fa1e92e615547819,system-prepended-to-user,85,12,6.375,10.625,-8.0,6.25,-0.125,True,True,"[24, 25, 26, 27, 28, 29, 30, 36, 37, 38, 39, 40]",[84],"[55, 69, 62, 2, 33, 5, 10, 13, 35, 78, 9, 4]"
causal-gen-016,16,relation_statements,117,6,2,easy_number_tokens,7,google/gemma-2-9b-it,11c9b309abf73637e4b6f9a3fa1e92e615547819,system-prepended-to-user,85,12,6.5625,10.625,-7.75,7.375,0.8125,True,True,"[24, 25, 26, 27, 28, 29, 30, 36, 37, 38, 39, 40]","[34, 35, 36, 37, 38, 39, 40, 24, 25, 26, 27, 28]","[47, 82, 71, 60, 72, 15, 48, 14, 83, 81, 11, 31]"
causal-gen-016,16,relation_statements,117,6,2,easy_random_positions,7,google/gemma-2-9b-it,11c9b309abf73637e4b6f9a3fa1e92e615547819,system-prepended-to-user,85,12,6.5625,10.625,-7.75,6.5625,0.0,True,True,"[24, 25, 26, 27, 28, 29, 30, 36, 37, 38, 39, 40]","[47, 82, 71, 60, 72, 15, 48, 14, 83, 81, 11, 31]","[47, 82, 71, 60, 72, 15, 48, 14, 83, 81, 11, 31]"
causal-gen-016,16,relation_statements,117,6,2,easy_answer_position,7,google/gemma-2-9b-it,11c9b309abf73637e4b6f9a3fa1e92e615547819,system-prepended-to-user,85,12,6.5625,10.625,-7.75,6.5625,0.0,True,True,"[24, 25, 26, 27, 28, 29, 30, 36, 37, 38, 39, 40]",[84],"[47, 82, 71, 60, 72, 15, 48, 14, 83, 81, 11, 31]"
causal-gen-016,16,relation_statements,117,6,2,donor_number_tokens,7,google/gemma-2-9b-it,11c9b309abf73637e4b6f9a3fa1e92e615547819,system-prepended-to-user,85,12,6.5625,10.625,-7.75,-7.75,-14.3125,True,False,"[24, 25, 26, 27, 28, 29, 30, 36, 37, 38, 39, 40]","[24, 25, 26, 27, 28, 29, 30, 36, 37, 38, 39, 40]","[47, 82, 71, 60, 72, 15, 48, 14, 83, 81, 11, 31]"
causal-gen-016,16,relation_statements,117,6,2,donor_random_positions,7,google/gemma-2-9b-it,11c9b309abf73637e4b6f9a3fa1e92e615547819,system-prepended-to-user,85,12,6.5625,10.625,-7.75,6.5,-0.0625,True,True,"[24, 25, 26, 27, 28, 29, 30, 36, 37, 38, 39, 40]","[47, 82, 71, 60, 72, 15, 48, 14, 83, 81, 11, 31]","[47, 82, 71, 60, 72, 15, 48, 14, 83, 81, 11, 31]"
causal-gen-016,16,relation_statements,117,6,2,donor_answer_position,7,google/gemma-2-9b-it,11c9b309abf73637e4b6f9a3fa1e92e615547819,system-prepended-to-user,85,12,6.5625,10.625,-7.75,6.5,-0.0625,True,True,"[24, 25, 26, 27, 28, 29, 30, 36, 37, 38, 39, 40]",[84],"[47, 82, 71, 60, 72, 15, 48, 14, 83, 81, 11, 31]"
causal-gen-017,17,relation_statements,118,7,2,easy_number_tokens,7,google/gemma-2-9b-it,11c9b309abf73637e4b6f9a3fa1e92e615547819,system-prepended-to-user,85,12,5.625,10.5625,-7.0625,6.4375,0.8125,True,True,"[24, 25, 26, 27, 28, 29, 30, 36, 37, 38, 39, 40]","[34, 35, 36, 37, 38, 39, 40, 24, 25, 26, 27, 28]","[64, 3, 47, 76, 73, 54, 7, 33, 57, 5, 41, 71]"
causal-gen-017,17,relation_statements,118,7,2,easy_random_positions,7,google/gemma-2-9b-it,11c9b309abf73637e4b6f9a3fa1e92e615547819,system-prepended-to-user,85,12,5.625,10.5625,-7.0625,1.375,-4.25,True,True,"[24, 25, 26, 27, 28, 29, 30, 36, 37, 38, 39, 40]","[64, 3, 47, 76, 73, 54, 7, 33, 57, 5, 41, 71]","[64, 3, 47, 76, 73, 54, 7, 33, 57, 5, 41, 71]"
causal-gen-017,17,relation_statements,118,7,2,easy_answer_position,7,google/gemma-2-9b-it,11c9b309abf73637e4b6f9a3fa1e92e615547819,system-prepended-to-user,85,12,5.625,10.5625,-7.0625,5.5,-0.125,True,True,"[24, 25, 26, 27, 28, 29, 30, 36, 37, 38, 39, 40]",[84],"[64, 3, 47, 76, 73, 54, 7, 33, 57, 5, 41, 71]"
causal-gen-017,17,relation_statements,118,7,2,donor_number_tokens,7,google/gemma-2-9b-it,11c9b309abf73637e4b6f9a3fa1e92e615547819,system-prepended-to-user,85,12,5.625,10.5625,-7.0625,-7.1875,-12.8125,True,False,"[24, 25, 26, 27, 28, 29, 30, 36, 37, 38, 39, 40]","[24, 25, 26, 27, 28, 29, 30, 36, 37, 38, 39, 40]","[64, 3, 47, 76, 73, 54, 7, 33, 57, 5, 41, 71]"
causal-gen-017,17,relation_statements,118,7,2,donor_random_positions,7,google/gemma-2-9b-it,11c9b309abf73637e4b6f9a3fa1e92e615547819,system-prepended-to-user,85,12,5.625,10.5625,-7.0625,5.875,0.25,True,True,"[24, 25, 26, 27, 28, 29, 30, 36, 37, 38, 39, 40]","[64, 3, 47, 76, 73, 54, 7, 33, 57, 5, 41, 71]","[64, 3, 47, 76, 73, 54, 7, 33, 57, 5, 41, 71]"
causal-gen-017,17,relation_statements,118,7,2,donor_answer_position,7,google/gemma-2-9b-it,11c9b309abf73637e4b6f9a3fa1e92e615547819,system-prepended-to-user,85,12,5.625,10.5625,-7.0625,5.5,-0.125,True,True,"[24, 25, 26, 27, 28, 29, 30, 36, 37, 38, 39, 40]",[84],"[64, 3, 47, 76, 73, 54, 7, 33, 57, 5, 41, 71]"
causal-gen-018,18,relation_statements,119,8,2,easy_number_tokens,7,google/gemma-2-9b-it,11c9b309abf73637e4b6f9a3fa1e92e615547819,system-prepended-to-user,85,12,5.125,10.3125,-9.3125,1.0,-4.125,True,True,"[24, 25, 26, 27, 28, 29, 30, 36, 37, 38, 39, 40]","[34, 35, 36, 37, 38, 39, 40, 24, 25, 26, 27, 28]","[10, 67, 33, 1, 80, 3, 12, 14, 34, 48, 63, 55]"
causal-gen-018,18,relation_statements,119,8,2,easy_random_positions,7,google/gemma-2-9b-it,11c9b309abf73637e4b6f9a3fa1e92e615547819,system-prepended-to-user,85,12,5.125,10.3125,-9.3125,5.5,0.375,True,True,"[24, 25, 26, 27, 28, 29, 30, 36, 37, 38, 39, 40]","[10, 67, 33, 1, 80, 3, 12, 14, 34, 48, 63, 55]","[10, 67, 33, 1, 80, 3, 12, 14, 34, 48, 63, 55]"
causal-gen-018,18,relation_statements,119,8,2,easy_answer_position,7,google/gemma-2-9b-it,11c9b309abf73637e4b6f9a3fa1e92e615547819,system-prepended-to-user,85,12,5.125,10.3125,-9.3125,5.125,0.0,True,True,"[24, 25, 26, 27, 28, 29, 30, 36, 37, 38, 39, 40]",[84],"[10, 67, 33, 1, 80, 3, 12, 14, 34, 48, 63, 55]"
causal-gen-018,18,relation_statements,119,8,2,donor_number_tokens,7,google/gemma-2-9b-it,11c9b309abf73637e4b6f9a3fa1e92e615547819,system-prepended-to-user,85,12,5.125,10.3125,-9.3125,-9.3125,-14.4375,True,False,"[24, 25, 26, 27, 28, 29, 30, 36, 37, 38, 39, 40]","[24, 25, 26, 27, 28, 29, 30, 36, 37, 38, 39, 40]","[10, 67, 33, 1, 80, 3, 12, 14, 34, 48, 63, 55]"
causal-gen-018,18,relation_statements,119,8,2,donor_random_positions,7,google/gemma-2-9b-it,11c9b309abf73637e4b6f9a3fa1e92e615547819,system-prepended-to-user,85,12,5.125,10.3125,-9.3125,5.125,0.0,True,True,"[24, 25, 26, 27, 28, 29, 30, 36, 37, 38, 39, 40]","[10, 67, 33, 1, 80, 3, 12, 14, 34, 48, 63, 55]","[10, 67, 33, 1, 80, 3, 12, 14, 34, 48, 63, 55]"
causal-gen-018,18,relation_statements,119,8,2,donor_answer_position,7,google/gemma-2-9b-it,11c9b309abf73637e4b6f9a3fa1e92e615547819,system-prepended-to-user,85,12,5.125,10.3125,-9.3125,5.125,0.0,True,True,"[24, 25, 26, 27, 28, 29, 30, 36, 37, 38, 39, 40]",[84],"[10, 67, 33, 1, 80, 3, 12, 14, 34, 48, 63, 55]"
causal-gen-019,19,relation_statements,120,9,2,easy_number_tokens,7,google/gemma-2-9b-it,11c9b309abf73637e4b6f9a3fa1e92e615547819,system-prepended-to-user,85,12,-2.875,10.3125,-9.1875,6.4375,9.3125,False,True,"[24, 25, 26, 27, 28, 29, 30, 36, 37, 38, 39, 40]","[34, 35, 36, 37, 38, 39, 40, 24, 25, 26, 27, 28]","[9, 46, 77, 31, 14, 17, 43, 18, 67, 42, 6, 48]"
causal-gen-019,19,relation_statements,120,9,2,easy_random_positions,7,google/gemma-2-9b-it,11c9b309abf73637e4b6f9a3fa1e92e615547819,system-prepended-to-user,85,12,-2.875,10.3125,-9.1875,-3.25,-0.375,False,False,"[24, 25, 26, 27, 28, 29, 30, 36, 37, 38, 39, 40]","[9, 46, 77, 31, 14, 17, 43, 18, 67, 42, 6, 48]","[9, 46, 77, 31, 14, 17, 43, 18, 67, 42, 6, 48]"
causal-gen-019,19,relation_statements,120,9,2,easy_answer_position,7,google/gemma-2-9b-it,11c9b309abf73637e4b6f9a3fa1e92e615547819,system-prepended-to-user,85,12,-2.875,10.3125,-9.1875,-2.75,0.125,False,False,"[24, 25, 26, 27, 28, 29, 30, 36, 37, 38, 39, 40]",[84],"[9, 46, 77, 31, 14, 17, 43, 18, 67, 42, 6, 48]"
causal-gen-019,19,relation_statements,120,9,2,donor_number_tokens,7,google/gemma-2-9b-it,11c9b309abf73637e4b6f9a3fa1e92e615547819,system-prepended-to-user,85,12,-2.875,10.3125,-9.1875,-9.3125,-6.4375,False,False,"[24, 25, 26, 27, 28, 29, 30, 36, 37, 38, 39, 40]","[24, 25, 26, 27, 28, 29, 30, 36, 37, 38, 39, 40]","[9, 46, 77, 31, 14, 17, 43, 18, 67, 42, 6, 48]"
causal-gen-019,19,relation_statements,120,9,2,donor_random_positions,7,google/gemma-2-9b-it,11c9b309abf73637e4b6f9a3fa1e92e615547819,system-prepended-to-user,85,12,-2.875,10.3125,-9.1875,-3.125,-0.25,False,False,"[24, 25, 26, 27, 28, 29, 30, 36, 37, 38, 39, 40]","[9, 46, 77, 31, 14, 17, 43, 18, 67, 42, 6, 48]","[9, 46, 77, 31, 14, 17, 43, 18, 67, 42, 6, 48]"
causal-gen-019,19,relation_statements,120,9,2,donor_answer_position,7,google/gemma-2-9b-it,11c9b309abf73637e4b6f9a3fa1e92e615547819,system-prepended-to-user,85,12,-2.875,10.3125,-9.1875,-2.875,0.0,False,False,"[24, 25, 26, 27, 28, 29, 30, 36, 37, 38, 39, 40]",[84],"[9, 46, 77, 31, 14, 17, 43, 18, 67, 42, 6, 48]"
causal-gen-020,20,relation_statements,121,0,3,easy_number_tokens,7,google/gemma-2-9b-it,11c9b309abf73637e4b6f9a3fa1e92e615547819,system-prepended-to-user,86,13,7.9375,10.3125,-3.625,9.1875,1.25,True,True,"[24, 25, 26, 27, 28, 29, 30, 31, 37, 38, 39, 40, 41]","[34, 35, 36, 37, 38, 39, 40, 41, 24, 25, 26, 27, 28]","[18, 34, 74, 13, 67, 81, 59, 23, 76, 9, 72, 42, 50]"
causal-gen-020,20,relation_statements,121,0,3,easy_random_positions,7,google/gemma-2-9b-it,11c9b309abf73637e4b6f9a3fa1e92e615547819,system-prepended-to-user,86,13,7.9375,10.3125,-3.625,6.5625,-1.375,True,True,"[24, 25, 26, 27, 28, 29, 30, 31, 37, 38, 39, 40, 41]","[18, 34, 74, 13, 67, 81, 59, 23, 76, 9, 72, 42, 50]","[18, 34, 74, 13, 67, 81, 59, 23, 76, 9, 72, 42, 50]"
causal-gen-020,20,relation_statements,121,0,3,easy_answer_position,7,google/gemma-2-9b-it,11c9b309abf73637e4b6f9a3fa1e92e615547819,system-prepended-to-user,86,13,7.9375,10.3125,-3.625,8.125,0.1875,True,True,"[24, 25, 26, 27, 28, 29, 30, 31, 37, 38, 39, 40, 41]",[85],"[18, 34, 74, 13, 67, 81, 59, 23, 76, 9, 72, 42, 50]"
causal-gen-020,20,relation_statements,121,0,3,donor_number_tokens,7,google/gemma-2-9b-it,11c9b309abf73637e4b6f9a3fa1e92e615547819,system-prepended-to-user,86,13,7.9375,10.3125,-3.625,-2.875,-10.8125,True,False,"[24, 25, 26, 27, 28, 29, 30, 31, 37, 38, 39, 40, 41]","[24, 25, 26, 27, 28, 29, 30, 31, 37, 38, 39, 40, 41]","[18, 34, 74, 13, 67, 81, 59, 23, 76, 9, 72, 42, 50]"
causal-gen-020,20,relation_statements,121,0,3,donor_random_positions,7,google/gemma-2-9b-it,11c9b309abf73637e4b6f9a3fa1e92e615547819,system-prepended-to-user,86,13,7.9375,10.3125,-3.625,7.75,-0.1875,True,True,"[24, 25, 26, 27, 28, 29, 30, 31, 37, 38, 39, 40, 41]","[18, 34, 74, 13, 67, 81, 59, 23, 76, 9, 72, 42, 50]","[18, 34, 74, 13, 67, 81, 59, 23, 76, 9, 72, 42, 50]"
causal-gen-020,20,relation_statements,121,0,3,donor_answer_position,7,google/gemma-2-9b-it,11c9b309abf73637e4b6f9a3fa1e92e615547819,system-prepended-to-user,86,13,7.9375,10.3125,-3.625,8.125,0.1875,True,True,"[24, 25, 26, 27, 28, 29, 30, 31, 37, 38, 39, 40, 41]",[85],"[18, 34, 74, 13, 67, 81, 59, 23, 76, 9, 72, 42, 50]"
causal-gen-021,21,relation_statements,122,1,3,easy_number_tokens,7,google/gemma-2-9b-it,11c9b309abf73637e4b6f9a3fa1e92e615547819,system-prepended-to-user,86,13,1.375,10.3125,-6.25,6.8125,5.4375,True,True,"[24, 25, 26, 27, 28, 29, 30, 31, 37, 38, 39, 40, 41]","[34, 35, 36, 37, 38, 39, 40, 41, 24, 25, 26, 27, 28]","[14, 65, 58, 20, 21, 10, 83, 62, 36, 57, 17, 81, 82]"
causal-gen-021,21,relation_statements,122,1,3,easy_random_positions,7,google/gemma-2-9b-it,11c9b309abf73637e4b6f9a3fa1e92e615547819,system-prepended-to-user,86,13,1.375,10.3125,-6.25,4.75,3.375,True,True,"[24, 25, 26, 27, 28, 29, 30, 31, 37, 38, 39, 40, 41]","[14, 65, 58, 20, 21, 10, 83, 62, 36, 57, 17, 81, 82]","[14, 65, 58, 20, 21, 10, 83, 62, 36, 57, 17, 81, 82]"
causal-gen-021,21,relation_statements,122,1,3,easy_answer_position,7,google/gemma-2-9b-it,11c9b309abf73637e4b6f9a3fa1e92e615547819,system-prepended-to-user,86,13,1.375,10.3125,-6.25,1.625,0.25,True,True,"[24, 25, 26, 27, 28, 29, 30, 31, 37, 38, 39, 40, 41]",[85],"[14, 65, 58, 20, 21, 10, 83, 62, 36, 57, 17, 81, 82]"
causal-gen-021,21,relation_statements,122,1,3,donor_number_tokens,7,google/gemma-2-9b-it,11c9b309abf73637e4b6f9a3fa1e92e615547819,system-prepended-to-user,86,13,1.375,10.3125,-6.25,-6.375,-7.75,True,False,"[24, 25, 26, 27, 28, 29, 30, 31, 37, 38, 39, 40, 41]","[24, 25, 26, 27, 28, 29, 30, 31, 37, 38, 39, 40, 41]","[14, 65, 58, 20, 21, 10, 83, 62, 36, 57, 17, 81, 82]"
causal-gen-021,21,relation_statements,122,1,3,donor_random_positions,7,google/gemma-2-9b-it,11c9b309abf73637e4b6f9a3fa1e92e615547819,system-prepended-to-user,86,13,1.375,10.3125,-6.25,1.5,0.125,True,True,"[24, 25, 26, 27, 28, 29, 30, 31, 37, 38, 39, 40, 41]","[14, 65, 58, 20, 21, 10, 83, 62, 36, 57, 17, 81, 82]","[14, 65, 58, 20, 21, 10, 83, 62, 36, 57, 17, 81, 82]"
causal-gen-021,21,relation_statements,122,1,3,donor_answer_position,7,google/gemma-2-9b-it,11c9b309abf73637e4b6f9a3fa1e92e615547819,system-prepended-to-user,86,13,1.375,10.3125,-6.25,1.5,0.125,True,True,"[24, 25, 26, 27, 28, 29, 30, 31, 37, 38, 39, 40, 41]",[85],"[14, 65, 58, 20, 21, 10, 83, 62, 36, 57, 17, 81, 82]"
causal-gen-022,22,relation_statements,123,2,3,easy_number_tokens,7,google/gemma-2-9b-it,11c9b309abf73637e4b6f9a3fa1e92e615547819,system-prepended-to-user,86,13,6.125,10.3125,-5.0,6.6875,0.5625,True,True,"[24, 25, 26, 27, 28, 29, 30, 31, 37, 38, 39, 40, 41]","[34, 35, 36, 37, 38, 39, 40, 41, 24, 25, 26, 27, 28]","[54, 20, 4, 64, 43, 82, 65, 17, 66, 35, 80, 19, 5]"
causal-gen-022,22,relation_statements,123,2,3,easy_random_positions,7,google/gemma-2-9b-it,11c9b309abf73637e4b6f9a3fa1e92e615547819,system-prepended-to-user,86,13,6.125,10.3125,-5.0,5.125,-1.0,True,True,"[24, 25, 26, 27, 28, 29, 30, 31, 37, 38, 39, 40, 41]","[54, 20, 4, 64, 43, 82, 65, 17, 66, 35, 80, 19, 5]","[54, 20, 4, 64, 43, 82, 65, 17, 66, 35, 80, 19, 5]"
causal-gen-022,22,relation_statements,123,2,3,easy_answer_position,7,google/gemma-2-9b-it,11c9b309abf73637e4b6f9a3fa1e92e615547819,system-prepended-to-user,86,13,6.125,10.3125,-5.0,6.0,-0.125,True,True,"[24, 25, 26, 27, 28, 29, 30, 31, 37, 38, 39, 40, 41]",[85],"[54, 20, 4, 64, 43, 82, 65, 17, 66, 35, 80, 19, 5]"
causal-gen-022,22,relation_statements,123,2,3,donor_number_tokens,7,google/gemma-2-9b-it,11c9b309abf73637e4b6f9a3fa1e92e615547819,system-prepended-to-user,86,13,6.125,10.3125,-5.0,-5.0,-11.125,True,False,"[24, 25, 26, 27, 28, 29, 30, 31, 37, 38, 39, 40, 41]","[24, 25, 26, 27, 28, 29, 30, 31, 37, 38, 39, 40, 41]","[54, 20, 4, 64, 43, 82, 65, 17, 66, 35, 80, 19, 5]"
causal-gen-022,22,relation_statements,123,2,3,donor_random_positions,7,google/gemma-2-9b-it,11c9b309abf73637e4b6f9a3fa1e92e615547819,system-prepended-to-user,86,13,6.125,10.3125,-5.0,6.25,0.125,True,True,"[24, 25, 26, 27, 28, 29, 30, 31, 37, 38, 39, 40, 41]","[54, 20, 4, 64, 43, 82, 65, 17, 66, 35, 80, 19, 5]","[54, 20, 4, 64, 43, 82, 65, 17, 66, 35, 80, 19, 5]"
causal-gen-022,22,relation_statements,123,2,3,donor_answer_position,7,google/gemma-2-9b-it,11c9b309abf73637e4b6f9a3fa1e92e615547819,system-prepended-to-user,86,13,6.125,10.3125,-5.0,6.0,-0.125,True,True,"[24, 25, 26, 27, 28, 29, 30, 31, 37, 38, 39, 40, 41]",[85],"[54, 20, 4, 64, 43, 82, 65, 17, 66, 35, 80, 19, 5]"
causal-gen-023,23,relation_statements,124,3,3,easy_number_tokens,7,google/gemma-2-9b-it,11c9b309abf73637e4b6f9a3fa1e92e615547819,system-prepended-to-user,86,13,4.75,10.3125,-6.375,5.625,0.875,True,True,"[24, 25, 26, 27, 28, 29, 30, 31, 37, 38, 39, 40, 41]","[34, 35, 36, 37, 38, 39, 40, 41, 24, 25, 26, 27, 28]","[68, 6, 67, 5, 73, 56, 62, 69, 84, 48, 35, 32, 74]"
causal-gen-023,23,relation_statements,124,3,3,easy_random_positions,7,google/gemma-2-9b-it,11c9b309abf73637e4b6f9a3fa1e92e615547819,system-prepended-to-user,86,13,4.75,10.3125,-6.375,5.125,0.375,True,True,"[24, 25, 26, 27, 28, 29, 30, 31, 37, 38, 39, 40, 41]","[68, 6, 67, 5, 73, 56, 62, 69, 84, 48, 35, 32, 74]","[68, 6, 67, 5, 73, 56, 62, 69, 84, 48, 35, 32, 74]"
causal-gen-023,23,relation_statements,124,3,3,easy_answer_position,7,google/gemma-2-9b-it,11c9b309abf73637e4b6f9a3fa1e92e615547819,system-prepended-to-user,86,13,4.75,10.3125,-6.375,5.0,0.25,True,True,"[24, 25, 26, 27, 28, 29, 30, 31, 37, 38, 39, 40, 41]",[85],"[68, 6, 67, 5, 73, 56, 62, 69, 84, 48, 35, 32, 74]"
causal-gen-023,23,relation_statements,124,3,3,donor_number_tokens,7,google/gemma-2-9b-it,11c9b309abf73637e4b6f9a3fa1e92e615547819,system-prepended-to-user,86,13,4.75,10.3125,-6.375,-6.25,-11.0,True,False,"[24, 25, 26, 27, 28, 29, 30, 31, 37, 38, 39, 40, 41]","[24, 25, 26, 27, 28, 29, 30, 31, 37, 38, 39, 40, 41]","[68, 6, 67, 5, 73, 56, 62, 69, 84, 48, 35, 32, 74]"
causal-gen-023,23,relation_statements,124,3,3,donor_random_positions,7,google/gemma-2-9b-it,11c9b309abf73637e4b6f9a3fa1e92e615547819,system-prepended-to-user,86,13,4.75,10.3125,-6.375,5.0,0.25,True,True,"[24, 25, 26, 27, 28, 29, 30, 31, 37, 38, 39, 40, 41]","[68, 6, 67, 5, 73, 56, 62, 69, 84, 48, 35, 32, 74]","[68, 6, 67, 5, 73, 56, 62, 69, 84, 48, 35, 32, 74]"
causal-gen-023,23,relation_statements,124,3,3,donor_answer_position,7,google/gemma-2-9b-it,11c9b309abf73637e4b6f9a3fa1e92e615547819,system-prepended-to-user,86,13,4.75,10.3125,-6.375,5.0,0.25,True,True,"[24, 25, 26, 27, 28, 29, 30, 31, 37, 38, 39, 40, 41]",[85],"[68, 6, 67, 5, 73, 56, 62, 69, 84, 48, 35, 32, 74]"
causal-gen-024,24,relation_statements,125,4,3,easy_number_tokens,7,google/gemma-2-9b-it,11c9b309abf73637e4b6f9a3fa1e92e615547819,system-prepended-to-user,86,13,5.625,10.5,-6.25,6.125,0.5,True,True,"[24, 25, 26, 27, 28, 29, 30, 31, 37, 38, 39, 40, 41]","[34, 35, 36, 37, 38, 39, 40, 41, 24, 25, 26, 27, 28]","[43, 79, 14, 2, 50, 7, 70, 12, 3, 20, 63, 4, 59]"
causal-gen-024,24,relation_statements,125,4,3,easy_random_positions,7,google/gemma-2-9b-it,11c9b309abf73637e4b6f9a3fa1e92e615547819,system-prepended-to-user,86,13,5.625,10.5,-6.25,5.75,0.125,True,True,"[24, 25, 26, 27, 28, 29, 30, 31, 37, 38, 39, 40, 41]","[43, 79, 14, 2, 50, 7, 70, 12, 3, 20, 63, 4, 59]","[43, 79, 14, 2, 50, 7, 70, 12, 3, 20, 63, 4, 59]"
causal-gen-024,24,relation_statements,125,4,3,easy_answer_position,7,google/gemma-2-9b-it,11c9b309abf73637e4b6f9a3fa1e92e615547819,system-prepended-to-user,86,13,5.625,10.5,-6.25,5.625,0.0,True,True,"[24, 25, 26, 27, 28, 29, 30, 31, 37, 38, 39, 40, 41]",[85],"[43, 79, 14, 2, 50, 7, 70, 12, 3, 20, 63, 4, 59]"
causal-gen-024,24,relation_statements,125,4,3,donor_number_tokens,7,google/gemma-2-9b-it,11c9b309abf73637e4b6f9a3fa1e92e615547819,system-prepended-to-user,86,13,5.625,10.5,-6.25,-6.25,-11.875,True,False,"[24, 25, 26, 27, 28, 29, 30, 31, 37, 38, 39, 40, 41]","[24, 25, 26, 27, 28, 29, 30, 31, 37, 38, 39, 40, 41]","[43, 79, 14, 2, 50, 7, 70, 12, 3, 20, 63, 4, 59]"
causal-gen-024,24,relation_statements,125,4,3,donor_random_positions,7,google/gemma-2-9b-it,11c9b309abf73637e4b6f9a3fa1e92e615547819,system-prepended-to-user,86,13,5.625,10.5,-6.25,5.625,0.0,True,True,"[24, 25, 26, 27, 28, 29, 30, 31, 37, 38, 39, 40, 41]","[43, 79, 14, 2, 50, 7, 70, 12, 3, 20, 63, 4, 59]","[43, 79, 14, 2, 50, 7, 70, 12, 3, 20, 63, 4, 59]"
causal-gen-024,24,relation_statements,125,4,3,donor_answer_position,7,google/gemma-2-9b-it,11c9b309abf73637e4b6f9a3fa1e92e615547819,system-prepended-to-user,86,13,5.625,10.5,-6.25,5.75,0.125,True,True,"[24, 25, 26, 27, 28, 29, 30, 31, 37, 38, 39, 40, 41]",[85],"[43, 79, 14, 2, 50, 7, 70, 12, 3, 20, 63, 4, 59]"
causal-gen-025,25,relation_statements,126,5,3,easy_number_tokens,7,google/gemma-2-9b-it,11c9b309abf73637e4b6f9a3fa1e92e615547819,system-prepended-to-user,86,13,5.75,10.625,-6.625,8.125,2.375,True,True,"[24, 25, 26, 27, 28, 29, 30, 31, 37, 38, 39, 40, 41]","[34, 35, 36, 37, 38, 39, 40, 41, 24, 25, 26, 27, 28]","[65, 60, 76, 5, 48, 70, 55, 35, 8, 78, 12, 47, 82]"
causal-gen-025,25,relation_statements,126,5,3,easy_random_positions,7,google/gemma-2-9b-it,11c9b309abf73637e4b6f9a3fa1e92e615547819,system-prepended-to-user,86,13,5.75,10.625,-6.625,5.125,-0.625,True,True,"[24, 25, 26, 27, 28, 29, 30, 31, 37, 38, 39, 40, 41]","[65, 60, 76, 5, 48, 70, 55, 35, 8, 78, 12, 47, 82]","[65, 60, 76, 5, 48, 70, 55, 35, 8, 78, 12, 47, 82]"
causal-gen-025,25,relation_statements,126,5,3,easy_answer_position,7,google/gemma-2-9b-it,11c9b309abf73637e4b6f9a3fa1e92e615547819,system-prepended-to-user,86,13,5.75,10.625,-6.625,5.75,0.0,True,True,"[24, 25, 26, 27, 28, 29, 30, 31, 37, 38, 39, 40, 41]",[85],"[65, 60, 76, 5, 48, 70, 55, 35, 8, 78, 12, 47, 82]"
causal-gen-025,25,relation_statements,126,5,3,donor_number_tokens,7,google/gemma-2-9b-it,11c9b309abf73637e4b6f9a3fa1e92e615547819,system-prepended-to-user,86,13,5.75,10.625,-6.625,-6.625,-12.375,True,False,"[24, 25, 26, 27, 28, 29, 30, 31, 37, 38, 39, 40, 41]","[24, 25, 26, 27, 28, 29, 30, 31, 37, 38, 39, 40, 41]","[65, 60, 76, 5, 48, 70, 55, 35, 8, 78, 12, 47, 82]"
causal-gen-025,25,relation_statements,126,5,3,donor_random_positions,7,google/gemma-2-9b-it,11c9b309abf73637e4b6f9a3fa1e92e615547819,system-prepended-to-user,86,13,5.75,10.625,-6.625,5.75,0.0,True,True,"[24, 25, 26, 27, 28, 29, 30, 31, 37, 38, 39, 40, 41]","[65, 60, 76, 5, 48, 70, 55, 35, 8, 78, 12, 47, 82]","[65, 60, 76, 5, 48, 70, 55, 35, 8, 78, 12, 47, 82]"
causal-gen-025,25,relation_statements,126,5,3,donor_answer_position,7,google/gemma-2-9b-it,11c9b309abf73637e4b6f9a3fa1e92e615547819,system-prepended-to-user,86,13,5.75,10.625,-6.625,5.875,0.125,True,True,"[24, 25, 26, 27, 28, 29, 30, 31, 37, 38, 39, 40, 41]",[85],"[65, 60, 76, 5, 48, 70, 55, 35, 8, 78, 12, 47, 82]"
causal-gen-026,26,relation_statements,127,6,3,easy_number_tokens,7,google/gemma-2-9b-it,11c9b309abf73637e4b6f9a3fa1e92e615547819,system-prepended-to-user,86,13,5.5,10.3125,-6.75,6.25,0.75,True,True,"[24, 25, 26, 27, 28, 29, 30, 31, 37, 38, 39, 40, 41]","[34, 35, 36, 37, 38, 39, 40, 41, 24, 25, 26, 27, 28]","[46, 36, 68, 52, 15, 16, 59, 84, 11, 81, 23, 66, 53]"
causal-gen-026,26,relation_statements,127,6,3,easy_random_positions,7,google/gemma-2-9b-it,11c9b309abf73637e4b6f9a3fa1e92e615547819,system-prepended-to-user,86,13,5.5,10.3125,-6.75,6.9375,1.4375,True,True,"[24, 25, 26, 27, 28, 29, 30, 31, 37, 38, 39, 40, 41]","[46, 36, 68, 52, 15, 16, 59, 84, 11, 81, 23, 66, 53]","[46, 36, 68, 52, 15, 16, 59, 84, 11, 81, 23, 66, 53]"
causal-gen-026,26,relation_statements,127,6,3,easy_answer_position,7,google/gemma-2-9b-it,11c9b309abf73637e4b6f9a3fa1e92e615547819,system-prepended-to-user,86,13,5.5,10.3125,-6.75,5.5,0.0,True,True,"[24, 25, 26, 27, 28, 29, 30, 31, 37, 38, 39, 40, 41]",[85],"[46, 36, 68, 52, 15, 16, 59, 84, 11, 81, 23, 66, 53]"
causal-gen-026,26,relation_statements,127,6,3,donor_number_tokens,7,google/gemma-2-9b-it,11c9b309abf73637e4b6f9a3fa1e92e615547819,system-prepended-to-user,86,13,5.5,10.3125,-6.75,-6.625,-12.125,True,False,"[24, 25, 26, 27, 28, 29, 30, 31, 37, 38, 39, 40, 41]","[24, 25, 26, 27, 28, 29, 30, 31, 37, 38, 39, 40, 41]","[46, 36, 68, 52, 15, 16, 59, 84, 11, 81, 23, 66, 53]"
causal-gen-026,26,relation_statements,127,6,3,donor_random_positions,7,google/gemma-2-9b-it,11c9b309abf73637e4b6f9a3fa1e92e615547819,system-prepended-to-user,86,13,5.5,10.3125,-6.75,5.375,-0.125,True,True,"[24, 25, 26, 27, 28, 29, 30, 31, 37, 38, 39, 40, 41]","[46, 36, 68, 52, 15, 16, 59, 84, 11, 81, 23, 66, 53]","[46, 36, 68, 52, 15, 16, 59, 84, 11, 81, 23, 66, 53]"
causal-gen-026,26,relation_statements,127,6,3,donor_answer_position,7,google/gemma-2-9b-it,11c9b309abf73637e4b6f9a3fa1e92e615547819,system-prepended-to-user,86,13,5.5,10.3125,-6.75,5.5,0.0,True,True,"[24, 25, 26, 27, 28, 29, 30, 31, 37, 38, 39, 40, 41]",[85],"[46, 36, 68, 52, 15, 16, 59, 84, 11, 81, 23, 66, 53]"
causal-gen-027,27,relation_statements,128,7,3,easy_number_tokens,7,google/gemma-2-9b-it,11c9b309abf73637e4b6f9a3fa1e92e615547819,system-prepended-to-user,86,13,5.625,10.3125,-6.625,3.875,-1.75,True,True,"[24, 25, 26, 27, 28, 29, 30, 31, 37, 38, 39, 40, 41]","[34, 35, 36, 37, 38, 39, 40, 41, 24, 25, 26, 27, 28]","[3, 21, 75, 80, 76, 44, 65, 6, 83, 59, 56, 15, 32]"
causal-gen-027,27,relation_statements,128,7,3,easy_random_positions,7,google/gemma-2-9b-it,11c9b309abf73637e4b6f9a3fa1e92e615547819,system-prepended-to-user,86,13,5.625,10.3125,-6.625,5.875,0.25,True,True,"[24, 25, 26, 27, 28, 29, 30, 31, 37, 38, 39, 40, 41]","[3, 21, 75, 80, 76, 44, 65, 6, 83, 59, 56, 15, 32]","[3, 21, 75, 80, 76, 44, 65, 6, 83, 59, 56, 15, 32]"
causal-gen-027,27,relation_statements,128,7,3,easy_answer_position,7,google/gemma-2-9b-it,11c9b309abf73637e4b6f9a3fa1e92e615547819,system-prepended-to-user,86,13,5.625,10.3125,-6.625,5.625,0.0,True,True,"[24, 25, 26, 27, 28, 29, 30, 31, 37, 38, 39, 40, 41]",[85],"[3, 21, 75, 80, 76, 44, 65, 6, 83, 59, 56, 15, 32]"
causal-gen-027,27,relation_statements,128,7,3,donor_number_tokens,7,google/gemma-2-9b-it,11c9b309abf73637e4b6f9a3fa1e92e615547819,system-prepended-to-user,86,13,5.625,10.3125,-6.625,-6.25,-11.875,True,False,"[24, 25, 26, 27, 28, 29, 30, 31, 37, 38, 39, 40, 41]","[24, 25, 26, 27, 28, 29, 30, 31, 37, 38, 39, 40, 41]","[3, 21, 75, 80, 76, 44, 65, 6, 83, 59, 56, 15, 32]"
causal-gen-027,27,relation_statements,128,7,3,donor_random_positions,7,google/gemma-2-9b-it,11c9b309abf73637e4b6f9a3fa1e92e615547819,system-prepended-to-user,86,13,5.625,10.3125,-6.625,5.75,0.125,True,True,"[24, 25, 26, 27, 28, 29, 30, 31, 37, 38, 39, 40, 41]","[3, 21, 75, 80, 76, 44, 65, 6, 83, 59, 56, 15, 32]","[3, 21, 75, 80, 76, 44, 65, 6, 83, 59, 56, 15, 32]"
causal-gen-027,27,relation_statements,128,7,3,donor_answer_position,7,google/gemma-2-9b-it,11c9b309abf73637e4b6f9a3fa1e92e615547819,system-prepended-to-user,86,13,5.625,10.3125,-6.625,5.625,0.0,True,True,"[24, 25, 26, 27, 28, 29, 30, 31, 37, 38, 39, 40, 41]",[85],"[3, 21, 75, 80, 76, 44, 65, 6, 83, 59, 56, 15, 32]"
causal-gen-028,28,relation_statements,129,8,3,easy_number_tokens,7,google/gemma-2-9b-it,11c9b309abf73637e4b6f9a3fa1e92e615547819,system-prepended-to-user,86,13,6.25,10.3125,-8.1875,6.8125,0.5625,True,True,"[24, 25, 26, 27, 28, 29, 30, 31, 37, 38, 39, 40, 41]","[34, 35, 36, 37, 38, 39, 40, 41, 24, 25, 26, 27, 28]","[57, 7, 3, 1, 80, 18, 68, 61, 52, 71, 14, 75, 49]"
causal-gen-028,28,relation_statements,129,8,3,easy_random_positions,7,google/gemma-2-9b-it,11c9b309abf73637e4b6f9a3fa1e92e615547819,system-prepended-to-user,86,13,6.25,10.3125,-8.1875,6.25,0.0,True,True,"[24, 25, 26, 27, 28, 29, 30, 31, 37, 38, 39, 40, 41]","[57, 7, 3, 1, 80, 18, 68, 61, 52, 71, 14, 75, 49]","[57, 7, 3, 1, 80, 18, 68, 61, 52, 71, 14, 75, 49]"
causal-gen-028,28,relation_statements,129,8,3,easy_answer_position,7,google/gemma-2-9b-it,11c9b309abf73637e4b6f9a3fa1e92e615547819,system-prepended-to-user,86,13,6.25,10.3125,-8.1875,6.25,0.0,True,True,"[24, 25, 26, 27, 28, 29, 30, 31, 37, 38, 39, 40, 41]",[85],"[57, 7, 3, 1, 80, 18, 68, 61, 52, 71, 14, 75, 49]"
causal-gen-028,28,relation_statements,129,8,3,donor_number_tokens,7,google/gemma-2-9b-it,11c9b309abf73637e4b6f9a3fa1e92e615547819,system-prepended-to-user,86,13,6.25,10.3125,-8.1875,-8.1875,-14.4375,True,False,"[24, 25, 26, 27, 28, 29, 30, 31, 37, 38, 39, 40, 41]","[24, 25, 26, 27, 28, 29, 30, 31, 37, 38, 39, 40, 41]","[57, 7, 3, 1, 80, 18, 68, 61, 52, 71, 14, 75, 49]"
causal-gen-028,28,relation_statements,129,8,3,donor_random_positions,7,google/gemma-2-9b-it,11c9b309abf73637e4b6f9a3fa1e92e615547819,system-prepended-to-user,86,13,6.25,10.3125,-8.1875,6.25,0.0,True,True,"[24, 25, 26, 27, 28, 29, 30, 31, 37, 38, 39, 40, 41]","[57, 7, 3, 1, 80, 18, 68, 61, 52, 71, 14, 75, 49]","[57, 7, 3, 1, 80, 18, 68, 61, 52, 71, 14, 75, 49]"
causal-gen-028,28,relation_statements,129,8,3,donor_answer_position,7,google/gemma-2-9b-it,11c9b309abf73637e4b6f9a3fa1e92e615547819,system-prepended-to-user,86,13,6.25,10.3125,-8.1875,6.25,0.0,True,True,"[24, 25, 26, 27, 28, 29, 30, 31, 37, 38, 39, 40, 41]",[85],"[57, 7, 3, 1, 80, 18, 68, 61, 52, 71, 14, 75, 49]"
causal-gen-029,29,relation_statements,130,9,3,easy_number_tokens,7,google/gemma-2-9b-it,11c9b309abf73637e4b6f9a3fa1e92e615547819,system-prepended-to-user,86,13,4.375,10.4375,-9.0,7.375,3.0,True,True,"[24, 25, 26, 27, 28, 29, 30, 31, 37, 38, 39, 40, 41]","[34, 35, 36, 37, 38, 39, 40, 41, 24, 25, 26, 27, 28]","[5, 18, 81, 70, 2, 59, 11, 64, 73, 44, 62, 72, 17]"
causal-gen-029,29,relation_statements,130,9,3,easy_random_positions,7,google/gemma-2-9b-it,11c9b309abf73637e4b6f9a3fa1e92e615547819,system-prepended-to-user,86,13,4.375,10.4375,-9.0,4.25,-0.125,True,True,"[24, 25, 26, 27, 28, 29, 30, 31, 37, 38, 39, 40, 41]","[5, 18, 81, 70, 2, 59, 11, 64, 73, 44, 62, 72, 17]","[5, 18, 81, 70, 2, 59, 11, 64, 73, 44, 62, 72, 17]"
causal-gen-029,29,relation_statements,130,9,3,easy_answer_position,7,google/gemma-2-9b-it,11c9b309abf73637e4b6f9a3fa1e92e615547819,system-prepended-to-user,86,13,4.375,10.4375,-9.0,4.375,0.0,True,True,"[24, 25, 26, 27, 28, 29, 30, 31, 37, 38, 39, 40, 41]",[85],"[5, 18, 81, 70, 2, 59, 11, 64, 73, 44, 62, 72, 17]"
causal-gen-029,29,relation_statements,130,9,3,donor_number_tokens,7,google/gemma-2-9b-it,11c9b309abf73637e4b6f9a3fa1e92e615547819,system-prepended-to-user,86,13,4.375,10.4375,-9.0,-9.125,-13.5,True,False,"[24, 25, 26, 27, 28, 29, 30, 31, 37, 38, 39, 40, 41]","[24, 25, 26, 27, 28, 29, 30, 31, 37, 38, 39, 40, 41]","[5, 18, 81, 70, 2, 59, 11, 64, 73, 44, 62, 72, 17]"
causal-gen-029,29,relation_statements,130,9,3,donor_random_positions,7,google/gemma-2-9b-it,11c9b309abf73637e4b6f9a3fa1e92e615547819,system-prepended-to-user,86,13,4.375,10.4375,-9.0,4.25,-0.125,True,True,"[24, 25, 26, 27, 28, 29, 30, 31, 37, 38, 39, 40, 41]","[5, 18, 81, 70, 2, 59, 11, 64, 73, 44, 62, 72, 17]","[5, 18, 81, 70, 2, 59, 11, 64, 73, 44, 62, 72, 17]"
causal-gen-029,29,relation_statements,130,9,3,donor_answer_position,7,google/gemma-2-9b-it,11c9b309abf73637e4b6f9a3fa1e92e615547819,system-prepended-to-user,86,13,4.375,10.4375,-9.0,4.5,0.125,True,True,"[24, 25, 26, 27, 28, 29, 30, 31, 37, 38, 39, 40, 41]",[85],"[5, 18, 81, 70, 2, 59, 11, 64, 73, 44, 62, 72, 17]"
causal-gen-030,30,relation_statements,131,0,4,easy_number_tokens,7,google/gemma-2-9b-it,11c9b309abf73637e4b6f9a3fa1e92e615547819,system-prepended-to-user,87,14,8.25,10.125,-3.375,9.3125,1.0625,True,True,"[24, 25, 26, 27, 28, 29, 30, 31, 32, 38, 39, 40, 41, 42]","[34, 35, 36, 37, 38, 39, 40, 41, 42, 24, 25, 26, 27, 28]","[68, 49, 2, 52, 45, 51, 53, 43, 11, 67, 50, 84, 4, 18]"
causal-gen-030,30,relation_statements,131,0,4,easy_random_positions,7,google/gemma-2-9b-it,11c9b309abf73637e4b6f9a3fa1e92e615547819,system-prepended-to-user,87,14,8.25,10.125,-3.375,8.25,0.0,True,True,"[24, 25, 26, 27, 28, 29, 30, 31, 32, 38, 39, 40, 41, 42]","[68, 49, 2, 52, 45, 51, 53, 43, 11, 67, 50, 84, 4, 18]","[68, 49, 2, 52, 45, 51, 53, 43, 11, 67, 50, 84, 4, 18]"
causal-gen-030,30,relation_statements,131,0,4,easy_answer_position,7,google/gemma-2-9b-it,11c9b309abf73637e4b6f9a3fa1e92e615547819,system-prepended-to-user,87,14,8.25,10.125,-3.375,8.25,0.0,True,True,"[24, 25, 26, 27, 28, 29, 30, 31, 32, 38, 39, 40, 41, 42]",[86],"[68, 49, 2, 52, 45, 51, 53, 43, 11, 67, 50, 84, 4, 18]"
causal-gen-030,30,relation_statements,131,0,4,donor_number_tokens,7,google/gemma-2-9b-it,11c9b309abf73637e4b6f9a3fa1e92e615547819,system-prepended-to-user,87,14,8.25,10.125,-3.375,-2.25,-10.5,True,False,"[24, 25, 26, 27, 28, 29, 30, 31, 32, 38, 39, 40, 41, 42]","[24, 25, 26, 27, 28, 29, 30, 31, 32, 38, 39, 40, 41, 42]","[68, 49, 2, 52, 45, 51, 53, 43, 11, 67, 50, 84, 4, 18]"
causal-gen-030,30,relation_statements,131,0,4,donor_random_positions,7,google/gemma-2-9b-it,11c9b309abf73637e4b6f9a3fa1e92e615547819,system-prepended-to-user,87,14,8.25,10.125,-3.375,7.9375,-0.3125,True,True,"[24, 25, 26, 27, 28, 29, 30, 31, 32, 38, 39, 40, 41, 42]","[68, 49, 2, 52, 45, 51, 53, 43, 11, 67, 50, 84, 4, 18]","[68, 49, 2, 52, 45, 51, 53, 43, 11, 67, 50, 84, 4, 18]"
causal-gen-030,30,relation_statements,131,0,4,donor_answer_position,7,google/gemma-2-9b-it,11c9b309abf73637e4b6f9a3fa1e92e615547819,system-prepended-to-user,87,14,8.25,10.125,-3.375,8.25,0.0,True,True,"[24, 25, 26, 27, 28, 29, 30, 31, 32, 38, 39, 40, 41, 42]",[86],"[68, 49, 2, 52, 45, 51, 53, 43, 11, 67, 50, 84, 4, 18]"
causal-gen-031,31,relation_statements,132,1,4,easy_number_tokens,7,google/gemma-2-9b-it,11c9b309abf73637e4b6f9a3fa1e92e615547819,system-prepended-to-user,87,14,5.625,10.3125,-6.0,7.125,1.5,True,True,"[24, 25, 26, 27, 28, 29, 30, 31, 32, 38, 39, 40, 41, 42]","[34, 35, 36, 37, 38, 39, 40, 41, 42, 24, 25, 26, 27, 28]","[43, 7, 12, 59, 82, 14, 44, 45, 21, 65, 15, 9, 54, 46]"
causal-gen-031,31,relation_statements,132,1,4,easy_random_positions,7,google/gemma-2-9b-it,11c9b309abf73637e4b6f9a3fa1e92e615547819,system-prepended-to-user,87,14,5.625,10.3125,-6.0,6.25,0.625,True,True,"[24, 25, 26, 27, 28, 29, 30, 31, 32, 38, 39, 40, 41, 42]","[43, 7, 12, 59, 82, 14, 44, 45, 21, 65, 15, 9, 54, 46]","[43, 7, 12, 59, 82, 14, 44, 45, 21, 65, 15, 9, 54, 46]"
causal-gen-031,31,relation_statements,132,1,4,easy_answer_position,7,google/gemma-2-9b-it,11c9b309abf73637e4b6f9a3fa1e92e615547819,system-prepended-to-user,87,14,5.625,10.3125,-6.0,5.5,-0.125,True,True,"[24, 25, 26, 27, 28, 29, 30, 31, 32, 38, 39, 40, 41, 42]",[86],"[43, 7, 12, 59, 82, 14, 44, 45, 21, 65, 15, 9, 54, 46]"
causal-gen-031,31,relation_statements,132,1,4,donor_number_tokens,7,google/gemma-2-9b-it,11c9b309abf73637e4b6f9a3fa1e92e615547819,system-prepended-to-user,87,14,5.625,10.3125,-6.0,-6.0,-11.625,True,False,"[24, 25, 26, 27, 28, 29, 30, 31, 32, 38, 39, 40, 41, 42]","[24, 25, 26, 27, 28, 29, 30, 31, 32, 38, 39, 40, 41, 42]","[43, 7, 12, 59, 82, 14, 44, 45, 21, 65, 15, 9, 54, 46]"
causal-gen-031,31,relation_statements,132,1,4,donor_random_positions,7,google/gemma-2-9b-it,11c9b309abf73637e4b6f9a3fa1e92e615547819,system-prepended-to-user,87,14,5.625,10.3125,-6.0,5.875,0.25,True,True,"[24, 25, 26, 27, 28, 29, 30, 31, 32, 38, 39, 40, 41, 42]","[43, 7, 12, 59, 82, 14, 44, 45, 21, 65, 15, 9, 54, 46]","[43, 7, 12, 59, 82, 14, 44, 45, 21, 65, 15, 9, 54, 46]"
causal-gen-031,31,relation_statements,132,1,4,donor_answer_position,7,google/gemma-2-9b-it,11c9b309abf73637e4b6f9a3fa1e92e615547819,system-prepended-to-user,87,14,5.625,10.3125,-6.0,5.5,-0.125,True,True,"[24, 25, 26, 27, 28, 29, 30, 31, 32, 38, 39, 40, 41, 42]",[86],"[43, 7, 12, 59, 82, 14, 44, 45, 21, 65, 15, 9, 54, 46]"
causal-gen-032,32,relation_statements,133,2,4,easy_number_tokens,7,google/gemma-2-9b-it,11c9b309abf73637e4b6f9a3fa1e92e615547819,system-prepended-to-user,87,14,7.125,10.125,-6.375,6.8125,-0.3125,True,True,"[24, 25, 26, 27, 28, 29, 30, 31, 32, 38, 39, 40, 41, 42]","[34, 35, 36, 37, 38, 39, 40, 41, 42, 24, 25, 26, 27, 28]","[63, 49, 51, 22, 74, 13, 17, 57, 81, 20, 35, 36, 14, 9]"
causal-gen-032,32,relation_statements,133,2,4,easy_random_positions,7,google/gemma-2-9b-it,11c9b309abf73637e4b6f9a3fa1e92e615547819,system-prepended-to-user,87,14,7.125,10.125,-6.375,5.75,-1.375,True,True,"[24, 25, 26, 27, 28, 29, 30, 31, 32, 38, 39, 40, 41, 42]","[63, 49, 51, 22, 74, 13, 17, 57, 81, 20, 35, 36, 14, 9]","[63, 49, 51, 22, 74, 13, 17, 57, 81, 20, 35, 36, 14, 9]"
causal-gen-032,32,relation_statements,133,2,4,easy_answer_position,7,google/gemma-2-9b-it,11c9b309abf73637e4b6f9a3fa1e92e615547819,system-prepended-to-user,87,14,7.125,10.125,-6.375,7.125,0.0,True,True,"[24, 25, 26, 27, 28, 29, 30, 31, 32, 38, 39, 40, 41, 42]",[86],"[63, 49, 51, 22, 74, 13, 17, 57, 81, 20, 35, 36, 14, 9]"
causal-gen-032,32,relation_statements,133,2,4,donor_number_tokens,7,google/gemma-2-9b-it,11c9b309abf73637e4b6f9a3fa1e92e615547819,system-prepended-to-user,87,14,7.125,10.125,-6.375,-6.375,-13.5,True,False,"[24, 25, 26, 27, 28, 29, 30, 31, 32, 38, 39, 40, 41, 42]","[24, 25, 26, 27, 28, 29, 30, 31, 32, 38, 39, 40, 41, 42]","[63, 49, 51, 22, 74, 13, 17, 57, 81, 20, 35, 36, 14, 9]"
causal-gen-032,32,relation_statements,133,2,4,donor_random_positions,7,google/gemma-2-9b-it,11c9b309abf73637e4b6f9a3fa1e92e615547819,system-prepended-to-user,87,14,7.125,10.125,-6.375,7.125,0.0,True,True,"[24, 25, 26, 27, 28, 29, 30, 31, 32, 38, 39, 40, 41, 42]","[63, 49, 51, 22, 74, 13, 17, 57, 81, 20, 35, 36, 14, 9]","[63, 49, 51, 22, 74, 13, 17, 57, 81, 20, 35, 36, 14, 9]"
causal-gen-032,32,relation_statements,133,2,4,donor_answer_position,7,google/gemma-2-9b-it,11c9b309abf73637e4b6f9a3fa1e92e615547819,system-prepended-to-user,87,14,7.125,10.125,-6.375,7.0,-0.125,True,True,"[24, 25, 26, 27, 28, 29, 30, 31, 32, 38, 39, 40, 41, 42]",[86],"[63, 49, 51, 22, 74, 13, 17, 57, 81, 20, 35, 36, 14, 9]"
causal-gen-033,33,relation_statements,134,3,4,easy_number_tokens,7,google/gemma-2-9b-it,11c9b309abf73637e4b6f9a3fa1e92e615547819,system-prepended-to-user,87,14,6.25,10.1875,-6.5,5.375,-0.875,True,True,"[24, 25, 26, 27, 28, 29, 30, 31, 32, 38, 39, 40, 41, 42]","[34, 35, 36, 37, 38, 39, 40, 41, 42, 24, 25, 26, 27, 28]","[75, 85, 71, 78, 15, 55, 62, 12, 54, 80, 34, 3, 50, 83]"
causal-gen-033,33,relation_statements,134,3,4,easy_random_positions,7,google/gemma-2-9b-it,11c9b309abf73637e4b6f9a3fa1e92e615547819,system-prepended-to-user,87,14,6.25,10.1875,-6.5,6.5625,0.3125,True,True,"[24, 25, 26, 27, 28, 29, 30, 31, 32, 38, 39, 40, 41, 42]","[75, 85, 71, 78, 15, 55, 62, 12, 54, 80, 34, 3, 50, 83]","[75, 85, 71, 78, 15, 55, 62, 12, 54, 80, 34, 3, 50, 83]"
causal-gen-033,33,relation_statements,134,3,4,easy_answer_position,7,google/gemma-2-9b-it,11c9b309abf73637e4b6f9a3fa1e92e615547819,system-prepended-to-user,87,14,6.25,10.1875,-6.5,6.3125,0.0625,True,True,"[24, 25, 26, 27, 28, 29, 30, 31, 32, 38, 39, 40, 41, 42]",[86],"[75, 85, 71, 78, 15, 55, 62, 12, 54, 80, 34, 3, 50, 83]"
causal-gen-033,33,relation_statements,134,3,4,donor_number_tokens,7,google/gemma-2-9b-it,11c9b309abf73637e4b6f9a3fa1e92e615547819,system-prepended-to-user,87,14,6.25,10.1875,-6.5,-6.625,-12.875,True,False,"[24, 25, 26, 27, 28, 29, 30, 31, 32, 38, 39, 40, 41, 42]","[24, 25, 26, 27, 28, 29, 30, 31, 32, 38, 39, 40, 41, 42]","[75, 85, 71, 78, 15, 55, 62, 12, 54, 80, 34, 3, 50, 83]"
causal-gen-033,33,relation_statements,134,3,4,donor_random_positions,7,google/gemma-2-9b-it,11c9b309abf73637e4b6f9a3fa1e92e615547819,system-prepended-to-user,87,14,6.25,10.1875,-6.5,6.25,0.0,True,True,"[24, 25, 26, 27, 28, 29, 30, 31, 32, 38, 39, 40, 41, 42]","[75, 85, 71, 78, 15, 55, 62, 12, 54, 80, 34, 3, 50, 83]","[75, 85, 71, 78, 15, 55, 62, 12, 54, 80, 34, 3, 50, 83]"
causal-gen-033,33,relation_statements,134,3,4,donor_answer_position,7,google/gemma-2-9b-it,11c9b309abf73637e4b6f9a3fa1e92e615547819,system-prepended-to-user,87,14,6.25,10.1875,-6.5,6.375,0.125,True,True,"[24, 25, 26, 27, 28, 29, 30, 31, 32, 38, 39, 40, 41, 42]",[86],"[75, 85, 71, 78, 15, 55, 62, 12, 54, 80, 34, 3, 50, 83]"
causal-gen-034,34,relation_statements,135,4,4,easy_number_tokens,7,google/gemma-2-9b-it,11c9b309abf73637e4b6f9a3fa1e92e615547819,system-prepended-to-user,87,14,6.9375,10.1875,-6.5,7.625,0.6875,True,True,"[24, 25, 26, 27, 28, 29, 30, 31, 32, 38, 39, 40, 41, 42]","[34, 35, 36, 37, 38, 39, 40, 41, 42, 24, 25, 26, 27, 28]","[85, 56, 70, 55, 1, 69, 50, 43, 71, 54, 80, 84, 17, 76]"
causal-gen-034,34,relation_statements,135,4,4,easy_random_positions,7,google/gemma-2-9b-it,11c9b309abf73637e4b6f9a3fa1e92e615547819,system-prepended-to-user,87,14,6.9375,10.1875,-6.5,7.25,0.3125,True,True,"[24, 25, 26, 27, 28, 29, 30, 31, 32, 38, 39, 40, 41, 42]","[85, 56, 70, 55, 1, 69, 50, 43, 71, 54, 80, 84, 17, 76]","[85, 56, 70, 55, 1, 69, 50, 43, 71, 54, 80, 84, 17, 76]"
causal-gen-034,34,relation_statements,135,4,4,easy_answer_position,7,google/gemma-2-9b-it,11c9b309abf73637e4b6f9a3fa1e92e615547819,system-prepended-to-user,87,14,6.9375,10.1875,-6.5,6.9375,0.0,True,True,"[24, 25, 26, 27, 28, 29, 30, 31, 32, 38, 39, 40, 41, 42]",[86],"[85, 56, 70, 55, 1, 69, 50, 43, 71, 54, 80, 84, 17, 76]"
causal-gen-034,34,relation_statements,135,4,4,donor_number_tokens,7,google/gemma-2-9b-it,11c9b309abf73637e4b6f9a3fa1e92e615547819,system-prepended-to-user,87,14,6.9375,10.1875,-6.5,-6.375,-13.3125,True,False,"[24, 25, 26, 27, 28, 29, 30, 31, 32, 38, 39, 40, 41, 42]","[24, 25, 26, 27, 28, 29, 30, 31, 32, 38, 39, 40, 41, 42]","[85, 56, 70, 55, 1, 69, 50, 43, 71, 54, 80, 84, 17, 76]"
causal-gen-034,34,relation_statements,135,4,4,donor_random_positions,7,google/gemma-2-9b-it,11c9b309abf73637e4b6f9a3fa1e92e615547819,system-prepended-to-user,87,14,6.9375,10.1875,-6.5,6.8125,-0.125,True,True,"[24, 25, 26, 27, 28, 29, 30, 31, 32, 38, 39, 40, 41, 42]","[85, 56, 70, 55, 1, 69, 50, 43, 71, 54, 80, 84, 17, 76]","[85, 56, 70, 55, 1, 69, 50, 43, 71, 54, 80, 84, 17, 76]"
causal-gen-034,34,relation_statements,135,4,4,donor_answer_position,7,google/gemma-2-9b-it,11c9b309abf73637e4b6f9a3fa1e92e615547819,system-prepended-to-user,87,14,6.9375,10.1875,-6.5,6.9375,0.0,True,True,"[24, 25, 26, 27, 28, 29, 30, 31, 32, 38, 39, 40, 41, 42]",[86],"[85, 56, 70, 55, 1, 69, 50, 43, 71, 54, 80, 84, 17, 76]"
causal-gen-035,35,relation_statements,136,5,4,easy_number_tokens,7,google/gemma-2-9b-it,11c9b309abf73637e4b6f9a3fa1e92e615547819,system-prepended-to-user,87,14,7.25,10.4375,-6.625,8.0,0.75,True,True,"[24, 25, 26, 27, 28, 29, 30, 31, 32, 38, 39, 40, 41, 42]","[34, 35, 36, 37, 38, 39, 40, 41, 42, 24, 25, 26, 27, 28]","[13, 62, 63, 16, 83, 10, 58, 69, 66, 74, 80, 72, 68, 57]"
causal-gen-035,35,relation_statements,136,5,4,easy_random_positions,7,google/gemma-2-9b-it,11c9b309abf73637e4b6f9a3fa1e92e615547819,system-prepended-to-user,87,14,7.25,10.4375,-6.625,7.25,0.0,True,True,"[24, 25, 26, 27, 28, 29, 30, 31, 32, 38, 39, 40, 41, 42]","[13, 62, 63, 16, 83, 10, 58, 69, 66, 74, 80, 72, 68, 57]","[13, 62, 63, 16, 83, 10, 58, 69, 66, 74, 80, 72, 68, 57]"
causal-gen-035,35,relation_statements,136,5,4,easy_answer_position,7,google/gemma-2-9b-it,11c9b309abf73637e4b6f9a3fa1e92e615547819,system-prepended-to-user,87,14,7.25,10.4375,-6.625,7.25,0.0,True,True,"[24, 25, 26, 27, 28, 29, 30, 31, 32, 38, 39, 40, 41, 42]",[86],"[13, 62, 63, 16, 83, 10, 58, 69, 66, 74, 80, 72, 68, 57]"
causal-gen-035,35,relation_statements,136,5,4,donor_number_tokens,7,google/gemma-2-9b-it,11c9b309abf73637e4b6f9a3fa1e92e615547819,system-prepended-to-user,87,14,7.25,10.4375,-6.625,-6.5,-13.75,True,False,"[24, 25, 26, 27, 28, 29, 30, 31, 32, 38, 39, 40, 41, 42]","[24, 25, 26, 27, 28, 29, 30, 31, 32, 38, 39, 40, 41, 42]","[13, 62, 63, 16, 83, 10, 58, 69, 66, 74, 80, 72, 68, 57]"
causal-gen-035,35,relation_statements,136,5,4,donor_random_positions,7,google/gemma-2-9b-it,11c9b309abf73637e4b6f9a3fa1e92e615547819,system-prepended-to-user,87,14,7.25,10.4375,-6.625,7.25,0.0,True,True,"[24, 25, 26, 27, 28, 29, 30, 31, 32, 38, 39, 40, 41, 42]","[13, 62, 63, 16, 83, 10, 58, 69, 66, 74, 80, 72, 68, 57]","[13, 62, 63, 16, 83, 10, 58, 69, 66, 74, 80, 72, 68, 57]"
causal-gen-035,35,relation_statements,136,5,4,donor_answer_position,7,google/gemma-2-9b-it,11c9b309abf73637e4b6f9a3fa1e92e615547819,system-prepended-to-user,87,14,7.25,10.4375,-6.625,7.25,0.0,True,True,"[24, 25, 26, 27, 28, 29, 30, 31, 32, 38, 39, 40, 41, 42]",[86],"[13, 62, 63, 16, 83, 10, 58, 69, 66, 74, 80, 72, 68, 57]"
causal-gen-036,36,relation_statements,137,6,4,easy_number_tokens,7,google/gemma-2-9b-it,11c9b309abf73637e4b6f9a3fa1e92e615547819,system-prepended-to-user,87,14,7.0625,10.3125,-6.75,4.0,-3.0625,True,True,"[24, 25, 26, 27, 28, 29, 30, 31, 32, 38, 39, 40, 41, 42]","[34, 35, 36, 37, 38, 39, 40, 41, 42, 24, 25, 26, 27, 28]","[12, 7, 73, 63, 45, 46, 1, 62, 69, 54, 56, 37, 57, 74]"
causal-gen-036,36,relation_statements,137,6,4,easy_random_positions,7,google/gemma-2-9b-it,11c9b309abf73637e4b6f9a3fa1e92e615547819,system-prepended-to-user,87,14,7.0625,10.3125,-6.75,7.125,0.0625,True,True,"[24, 25, 26, 27, 28, 29, 30, 31, 32, 38, 39, 40, 41, 42]","[12, 7, 73, 63, 45, 46, 1, 62, 69, 54, 56, 37, 57, 74]","[12, 7, 73, 63, 45, 46, 1, 62, 69, 54, 56, 37, 57, 74]"
causal-gen-036,36,relation_statements,137,6,4,easy_answer_position,7,google/gemma-2-9b-it,11c9b309abf73637e4b6f9a3fa1e92e615547819,system-prepended-to-user,87,14,7.0625,10.3125,-6.75,7.0625,0.0,True,True,"[24, 25, 26, 27, 28, 29, 30, 31, 32, 38, 39, 40, 41, 42]",[86],"[12, 7, 73, 63, 45, 46, 1, 62, 69, 54, 56, 37, 57, 74]"
causal-gen-036,36,relation_statements,137,6,4,donor_number_tokens,7,google/gemma-2-9b-it,11c9b309abf73637e4b6f9a3fa1e92e615547819,system-prepended-to-user,87,14,7.0625,10.3125,-6.75,-6.625,-13.6875,True,False,"[24, 25, 26, 27, 28, 29, 30, 31, 32, 38, 39, 40, 41, 42]","[24, 25, 26, 27, 28, 29, 30, 31, 32, 38, 39, 40, 41, 42]","[12, 7, 73, 63, 45, 46, 1, 62, 69, 54, 56, 37, 57, 74]"
causal-gen-036,36,relation_statements,137,6,4,donor_random_positions,7,google/gemma-2-9b-it,11c9b309abf73637e4b6f9a3fa1e92e615547819,system-prepended-to-user,87,14,7.0625,10.3125,-6.75,7.125,0.0625,True,True,"[24, 25, 26, 27, 28, 29, 30, 31, 32, 38, 39, 40, 41, 42]","[12, 7, 73, 63, 45, 46, 1, 62, 69, 54, 56, 37, 57, 74]","[12, 7, 73, 63, 45, 46, 1, 62, 69, 54, 56, 37, 57, 74]"
causal-gen-036,36,relation_statements,137,6,4,donor_answer_position,7,google/gemma-2-9b-it,11c9b309abf73637e4b6f9a3fa1e92e615547819,system-prepended-to-user,87,14,7.0625,10.3125,-6.75,7.0625,0.0,True,True,"[24, 25, 26, 27, 28, 29, 30, 31, 32, 38, 39, 40, 41, 42]",[86],"[12, 7, 73, 63, 45, 46, 1, 62, 69, 54, 56, 37, 57, 74]"
causal-gen-037,37,relation_statements,138,7,4,easy_number_tokens,7,google/gemma-2-9b-it,11c9b309abf73637e4b6f9a3fa1e92e615547819,system-prepended-to-user,87,14,7.125,10.125,-5.25,6.25,-0.875,True,True,"[24, 25, 26, 27, 28, 29, 30, 31, 32, 38, 39, 40, 41, 42]","[34, 35, 36, 37, 38, 39, 40, 41, 42, 24, 25, 26, 27, 28]","[46, 55, 84, 63, 17, 16, 72, 44, 6, 49, 2, 5, 9, 10]"
causal-gen-037,37,relation_statements,138,7,4,easy_random_positions,7,google/gemma-2-9b-it,11c9b309abf73637e4b6f9a3fa1e92e615547819,system-prepended-to-user,87,14,7.125,10.125,-5.25,7.125,0.0,True,True,"[24, 25, 26, 27, 28, 29, 30, 31, 32, 38, 39, 40, 41, 42]","[46, 55, 84, 63, 17, 16, 72, 44, 6, 49, 2, 5, 9, 10]","[46, 55, 84, 63, 17, 16, 72, 44, 6, 49, 2, 5, 9, 10]"
causal-gen-037,37,relation_statements,138,7,4,easy_answer_position,7,google/gemma-2-9b-it,11c9b309abf73637e4b6f9a3fa1e92e615547819,system-prepended-to-user,87,14,7.125,10.125,-5.25,7.25,0.125,True,True,"[24, 25, 26, 27, 28, 29, 30, 31, 32, 38, 39, 40, 41, 42]",[86],"[46, 55, 84, 63, 17, 16, 72, 44, 6, 49, 2, 5, 9, 10]"
causal-gen-037,37,relation_statements,138,7,4,donor_number_tokens,7,google/gemma-2-9b-it,11c9b309abf73637e4b6f9a3fa1e92e615547819,system-prepended-to-user,87,14,7.125,10.125,-5.25,-5.125,-12.25,True,False,"[24, 25, 26, 27, 28, 29, 30, 31, 32, 38, 39, 40, 41, 42]","[24, 25, 26, 27, 28, 29, 30, 31, 32, 38, 39, 40, 41, 42]","[46, 55, 84, 63, 17, 16, 72, 44, 6, 49, 2, 5, 9, 10]"
causal-gen-037,37,relation_statements,138,7,4,donor_random_positions,7,google/gemma-2-9b-it,11c9b309abf73637e4b6f9a3fa1e92e615547819,system-prepended-to-user,87,14,7.125,10.125,-5.25,7.125,0.0,True,True,"[24, 25, 26, 27, 28, 29, 30, 31, 32, 38, 39, 40, 41, 42]","[46, 55, 84, 63, 17, 16, 72, 44, 6, 49, 2, 5, 9, 10]","[46, 55, 84, 63, 17, 16, 72, 44, 6, 49, 2, 5, 9, 10]"
causal-gen-037,37,relation_statements,138,7,4,donor_answer_position,7,google/gemma-2-9b-it,11c9b309abf73637e4b6f9a3fa1e92e615547819,system-prepended-to-user,87,14,7.125,10.125,-5.25,7.125,0.0,True,True,"[24, 25, 26, 27, 28, 29, 30, 31, 32, 38, 39, 40, 41, 42]",[86],"[46, 55, 84, 63, 17, 16, 72, 44, 6, 49, 2, 5, 9, 10]"
causal-gen-038,38,relation_statements,139,8,4,easy_number_tokens,7,google/gemma-2-9b-it,11c9b309abf73637e4b6f9a3fa1e92e615547819,system-prepended-to-user,87,14,6.9375,10.125,-8.1875,4.0,-2.9375,True,True,"[24, 25, 26, 27, 28, 29, 30, 31, 32, 38, 39, 40, 41, 42]","[34, 35, 36, 37, 38, 39, 40, 41, 42, 24, 25, 26, 27, 28]","[20, 7, 16, 23, 70, 35, 54, 33, 63, 60, 78, 62, 14, 45]"
causal-gen-038,38,relation_statements,139,8,4,easy_random_positions,7,google/gemma-2-9b-it,11c9b309abf73637e4b6f9a3fa1e92e615547819,system-prepended-to-user,87,14,6.9375,10.125,-8.1875,5.0,-1.9375,True,True,"[24, 25, 26, 27, 28, 29, 30, 31, 32, 38, 39, 40, 41, 42]","[20, 7, 16, 23, 70, 35, 54, 33, 63, 60, 78, 62, 14, 45]","[20, 7, 16, 23, 70, 35, 54, 33, 63, 60, 78, 62, 14, 45]"
causal-gen-038,38,relation_statements,139,8,4,easy_answer_position,7,google/gemma-2-9b-it,11c9b309abf73637e4b6f9a3fa1e92e615547819,system-prepended-to-user,87,14,6.9375,10.125,-8.1875,6.9375,0.0,True,True,"[24, 25, 26, 27, 28, 29, 30, 31, 32, 38, 39, 40, 41, 42]",[86],"[20, 7, 16, 23, 70, 35, 54, 33, 63, 60, 78, 62, 14, 45]"
causal-gen-038,38,relation_statements,139,8,4,donor_number_tokens,7,google/gemma-2-9b-it,11c9b309abf73637e4b6f9a3fa1e92e615547819,system-prepended-to-user,87,14,6.9375,10.125,-8.1875,-8.1875,-15.125,True,False,"[24, 25, 26, 27, 28, 29, 30, 31, 32, 38, 39, 40, 41, 42]","[24, 25, 26, 27, 28, 29, 30, 31, 32, 38, 39, 40, 41, 42]","[20, 7, 16, 23, 70, 35, 54, 33, 63, 60, 78, 62, 14, 45]"
causal-gen-038,38,relation_statements,139,8,4,donor_random_positions,7,google/gemma-2-9b-it,11c9b309abf73637e4b6f9a3fa1e92e615547819,system-prepended-to-user,87,14,6.9375,10.125,-8.1875,6.9375,0.0,True,True,"[24, 25, 26, 27, 28, 29, 30, 31, 32, 38, 39, 40, 41, 42]","[20, 7, 16, 23, 70, 35, 54, 33, 63, 60, 78, 62, 14, 45]","[20, 7, 16, 23, 70, 35, 54, 33, 63, 60, 78, 62, 14, 45]"
causal-gen-038,38,relation_statements,139,8,4,donor_answer_position,7,google/gemma-2-9b-it,11c9b309abf73637e4b6f9a3fa1e92e615547819,system-prepended-to-user,87,14,6.9375,10.125,-8.1875,6.9375,0.0,True,True,"[24, 25, 26, 27, 28, 29, 30, 31, 32, 38, 39, 40, 41, 42]",[86],"[20, 7, 16, 23, 70, 35, 54, 33, 63, 60, 78, 62, 14, 45]"
causal-gen-039,39,relation_statements,140,9,4,easy_number_tokens,7,google/gemma-2-9b-it,11c9b309abf73637e4b6f9a3fa1e92e615547819,system-prepended-to-user,87,14,4.875,10.125,-8.4375,6.4375,1.5625,True,True,"[24, 25, 26, 27, 28, 29, 30, 31, 32, 38, 39, 40, 41, 42]","[34, 35, 36, 37, 38, 39, 40, 41, 42, 24, 25, 26, 27, 28]","[66, 16, 17, 82, 7, 51, 9, 74, 58, 57, 6, 75, 13, 11]"
causal-gen-039,39,relation_statements,140,9,4,easy_random_positions,7,google/gemma-2-9b-it,11c9b309abf73637e4b6f9a3fa1e92e615547819,system-prepended-to-user,87,14,4.875,10.125,-8.4375,4.75,-0.125,True,True,"[24, 25, 26, 27, 28, 29, 30, 31, 32, 38, 39, 40, 41, 42]","[66, 16, 17, 82, 7, 51, 9, 74, 58, 57, 6, 75, 13, 11]","[66, 16, 17, 82, 7, 51, 9, 74, 58, 57, 6, 75, 13, 11]"
causal-gen-039,39,relation_statements,140,9,4,easy_answer_position,7,google/gemma-2-9b-it,11c9b309abf73637e4b6f9a3fa1e92e615547819,system-prepended-to-user,87,14,4.875,10.125,-8.4375,4.875,0.0,True,True,"[24, 25, 26, 27, 28, 29, 30, 31, 32, 38, 39, 40, 41, 42]",[86],"[66, 16, 17, 82, 7, 51, 9, 74, 58, 57, 6, 75, 13, 11]"
causal-gen-039,39,relation_statements,140,9,4,donor_number_tokens,7,google/gemma-2-9b-it,11c9b309abf73637e4b6f9a3fa1e92e615547819,system-prepended-to-user,87,14,4.875,10.125,-8.4375,-8.5625,-13.4375,True,False,"[24, 25, 26, 27, 28, 29, 30, 31, 32, 38, 39, 40, 41, 42]","[24, 25, 26, 27, 28, 29, 30, 31, 32, 38, 39, 40, 41, 42]","[66, 16, 17, 82, 7, 51, 9, 74, 58, 57, 6, 75, 13, 11]"
causal-gen-039,39,relation_statements,140,9,4,donor_random_positions,7,google/gemma-2-9b-it,11c9b309abf73637e4b6f9a3fa1e92e615547819,system-prepended-to-user,87,14,4.875,10.125,-8.4375,4.625,-0.25,True,True,"[24, 25, 26, 27, 28, 29, 30, 31, 32, 38, 39, 40, 41, 42]","[66, 16, 17, 82, 7, 51, 9, 74, 58, 57, 6, 75, 13, 11]","[66, 16, 17, 82, 7, 51, 9, 74, 58, 57, 6, 75, 13, 11]"
causal-gen-039,39,relation_statements,140,9,4,donor_answer_position,7,google/gemma-2-9b-it,11c9b309abf73637e4b6f9a3fa1e92e615547819,system-prepended-to-user,87,14,4.875,10.125,-8.4375,5.0,0.125,True,True,"[24, 25, 26, 27, 28, 29, 30, 31, 32, 38, 39, 40, 41, 42]",[86],"[66, 16, 17, 82, 7, 51, 9, 74, 58, 57, 6, 75, 13, 11]"
causal-gen-040,40,relation_statements,141,0,5,easy_number_tokens,7,google/gemma-2-9b-it,11c9b309abf73637e4b6f9a3fa1e92e615547819,system-prepended-to-user,88,15,8.6875,10.125,-3.25,9.4375,0.75,True,True,"[24, 25, 26, 27, 28, 29, 30, 31, 32, 33, 39, 40, 41, 42, 43]","[34, 35, 36, 37, 38, 39, 40, 41, 42, 43, 24, 25, 26, 27, 28]","[66, 14, 64, 17, 9, 60, 77, 61, 53, 52, 18, 72, 75, 44, 4]"
causal-gen-040,40,relation_statements,141,0,5,easy_random_positions,7,google/gemma-2-9b-it,11c9b309abf73637e4b6f9a3fa1e92e615547819,system-prepended-to-user,88,15,8.6875,10.125,-3.25,8.6875,0.0,True,True,"[24, 25, 26, 27, 28, 29, 30, 31, 32, 33, 39, 40, 41, 42, 43]","[66, 14, 64, 17, 9, 60, 77, 61, 53, 52, 18, 72, 75, 44, 4]","[66, 14, 64, 17, 9, 60, 77, 61, 53, 52, 18, 72, 75, 44, 4]"
causal-gen-040,40,relation_statements,141,0,5,easy_answer_position,7,google/gemma-2-9b-it,11c9b309abf73637e4b6f9a3fa1e92e615547819,system-prepended-to-user,88,15,8.6875,10.125,-3.25,8.6875,0.0,True,True,"[24, 25, 26, 27, 28, 29, 30, 31, 32, 33, 39, 40, 41, 42, 43]",[87],"[66, 14, 64, 17, 9, 60, 77, 61, 53, 52, 18, 72, 75, 44, 4]"
causal-gen-040,40,relation_statements,141,0,5,donor_number_tokens,7,google/gemma-2-9b-it,11c9b309abf73637e4b6f9a3fa1e92e615547819,system-prepended-to-user,88,15,8.6875,10.125,-3.25,-2.0,-10.6875,True,False,"[24, 25, 26, 27, 28, 29, 30, 31, 32, 33, 39, 40, 41, 42, 43]","[24, 25, 26, 27, 28, 29, 30, 31, 32, 33, 39, 40, 41, 42, 43]","[66, 14, 64, 17, 9, 60, 77, 61, 53, 52, 18, 72, 75, 44, 4]"
causal-gen-040,40,relation_statements,141,0,5,donor_random_positions,7,google/gemma-2-9b-it,11c9b309abf73637e4b6f9a3fa1e92e615547819,system-prepended-to-user,88,15,8.6875,10.125,-3.25,8.625,-0.0625,True,True,"[24, 25, 26, 27, 28, 29, 30, 31, 32, 33, 39, 40, 41, 42, 43]","[66, 14, 64, 17, 9, 60, 77, 61, 53, 52, 18, 72, 75, 44, 4]","[66, 14, 64, 17, 9, 60, 77, 61, 53, 52, 18, 72, 75, 44, 4]"
causal-gen-040,40,relation_statements,141,0,5,donor_answer_position,7,google/gemma-2-9b-it,11c9b309abf73637e4b6f9a3fa1e92e615547819,system-prepended-to-user,88,15,8.6875,10.125,-3.25,8.625,-0.0625,True,True,"[24, 25, 26, 27, 28, 29, 30, 31, 32, 33, 39, 40, 41, 42, 43]",[87],"[66, 14, 64, 17, 9, 60, 77, 61, 53, 52, 18, 72, 75, 44, 4]"
causal-gen-041,41,relation_statements,142,1,5,easy_number_tokens,7,google/gemma-2-9b-it,11c9b309abf73637e4b6f9a3fa1e92e615547819,system-prepended-to-user,88,15,5.0,10.125,-5.125,6.6875,1.6875,True,True,"[24, 25, 26, 27, 28, 29, 30, 31, 32, 33, 39, 40, 41, 42, 43]","[34, 35, 36, 37, 38, 39, 40, 41, 42, 43, 24, 25, 26, 27, 28]","[82, 61, 46, 9, 14, 59, 83, 20, 1, 70, 84, 15, 45, 7, 55]"
causal-gen-041,41,relation_statements,142,1,5,easy_random_positions,7,google/gemma-2-9b-it,11c9b309abf73637e4b6f9a3fa1e92e615547819,system-prepended-to-user,88,15,5.0,10.125,-5.125,5.0,0.0,True,True,"[24, 25, 26, 27, 28, 29, 30, 31, 32, 33, 39, 40, 41, 42, 43]","[82, 61, 46, 9, 14, 59, 83, 20, 1, 70, 84, 15, 45, 7, 55]","[82, 61, 46, 9, 14, 59, 83, 20, 1, 70, 84, 15, 45, 7, 55]"
causal-gen-041,41,relation_statements,142,1,5,easy_answer_position,7,google/gemma-2-9b-it,11c9b309abf73637e4b6f9a3fa1e92e615547819,system-prepended-to-user,88,15,5.0,10.125,-5.125,5.0,0.0,True,True,"[24, 25, 26, 27, 28, 29, 30, 31, 32, 33, 39, 40, 41, 42, 43]",[87],"[82, 61, 46, 9, 14, 59, 83, 20, 1, 70, 84, 15, 45, 7, 55]"
causal-gen-041,41,relation_statements,142,1,5,donor_number_tokens,7,google/gemma-2-9b-it,11c9b309abf73637e4b6f9a3fa1e92e615547819,system-prepended-to-user,88,15,5.0,10.125,-5.125,-5.125,-10.125,True,False,"[24, 25, 26, 27, 28, 29, 30, 31, 32, 33, 39, 40, 41, 42, 43]","[24, 25, 26, 27, 28, 29, 30, 31, 32, 33, 39, 40, 41, 42, 43]","[82, 61, 46, 9, 14, 59, 83, 20, 1, 70, 84, 15, 45, 7, 55]"
causal-gen-041,41,relation_statements,142,1,5,donor_random_positions,7,google/gemma-2-9b-it,11c9b309abf73637e4b6f9a3fa1e92e615547819,system-prepended-to-user,88,15,5.0,10.125,-5.125,5.0,0.0,True,True,"[24, 25, 26, 27, 28, 29, 30, 31, 32, 33, 39, 40, 41, 42, 43]","[82, 61, 46, 9, 14, 59, 83, 20, 1, 70, 84, 15, 45, 7, 55]","[82, 61, 46, 9, 14, 59, 83, 20, 1, 70, 84, 15, 45, 7, 55]"
causal-gen-041,41,relation_statements,142,1,5,donor_answer_position,7,google/gemma-2-9b-it,11c9b309abf73637e4b6f9a3fa1e92e615547819,system-prepended-to-user,88,15,5.0,10.125,-5.125,5.0,0.0,True,True,"[24, 25, 26, 27, 28, 29, 30, 31, 32, 33, 39, 40, 41, 42, 43]",[87],"[82, 61, 46, 9, 14, 59, 83, 20, 1, 70, 84, 15, 45, 7, 55]"
causal-gen-042,42,relation_statements,143,2,5,easy_number_tokens,7,google/gemma-2-9b-it,11c9b309abf73637e4b6f9a3fa1e92e615547819,system-prepended-to-user,88,15,7.5,10.125,-5.625,6.0,-1.5,True,True,"[24, 25, 26, 27, 28, 29, 30, 31, 32, 33, 39, 40, 41, 42, 43]","[34, 35, 36, 37, 38, 39, 40, 41, 42, 43, 24, 25, 26, 27, 28]","[54, 10, 17, 62, 86, 63, 15, 59, 34, 23, 66, 3, 51, 53, 2]"
causal-gen-042,42,relation_statements,143,2,5,easy_random_positions,7,google/gemma-2-9b-it,11c9b309abf73637e4b6f9a3fa1e92e615547819,system-prepended-to-user,88,15,7.5,10.125,-5.625,7.375,-0.125,True,True,"[24, 25, 26, 27, 28, 29, 30, 31, 32, 33, 39, 40, 41, 42, 43]","[54, 10, 17, 62, 86, 63, 15, 59, 34, 23, 66, 3, 51, 53, 2]","[54, 10, 17, 62, 86, 63, 15, 59, 34, 23, 66, 3, 51, 53, 2]"
causal-gen-042,42,relation_statements,143,2,5,easy_answer_position,7,google/gemma-2-9b-it,11c9b309abf73637e4b6f9a3fa1e92e615547819,system-prepended-to-user,88,15,7.5,10.125,-5.625,7.5,0.0,True,True,"[24, 25, 26, 27, 28, 29, 30, 31, 32, 33, 39, 40, 41, 42, 43]",[87],"[54, 10, 17, 62, 86, 63, 15, 59, 34, 23, 66, 3, 51, 53, 2]"
causal-gen-042,42,relation_statements,143,2,5,donor_number_tokens,7,google/gemma-2-9b-it,11c9b309abf73637e4b6f9a3fa1e92e615547819,system-prepended-to-user,88,15,7.5,10.125,-5.625,-5.625,-13.125,True,False,"[24, 25, 26, 27, 28, 29, 30, 31, 32, 33, 39, 40, 41, 42, 43]","[24, 25, 26, 27, 28, 29, 30, 31, 32, 33, 39, 40, 41, 42, 43]","[54, 10, 17, 62, 86, 63, 15, 59, 34, 23, 66, 3, 51, 53, 2]"
causal-gen-042,42,relation_statements,143,2,5,donor_random_positions,7,google/gemma-2-9b-it,11c9b309abf73637e4b6f9a3fa1e92e615547819,system-prepended-to-user,88,15,7.5,10.125,-5.625,7.5,0.0,True,True,"[24, 25, 26, 27, 28, 29, 30, 31, 32, 33, 39, 40, 41, 42, 43]","[54, 10, 17, 62, 86, 63, 15, 59, 34, 23, 66, 3, 51, 53, 2]","[54, 10, 17, 62, 86, 63, 15, 59, 34, 23, 66, 3, 51, 53, 2]"
causal-gen-042,42,relation_statements,143,2,5,donor_answer_position,7,google/gemma-2-9b-it,11c9b309abf73637e4b6f9a3fa1e92e615547819,system-prepended-to-user,88,15,7.5,10.125,-5.625,7.5,0.0,True,True,"[24, 25, 26, 27, 28, 29, 30, 31, 32, 33, 39, 40, 41, 42, 43]",[87],"[54, 10, 17, 62, 86, 63, 15, 59, 34, 23, 66, 3, 51, 53, 2]"
causal-gen-043,43,relation_statements,144,3,5,easy_number_tokens,7,google/gemma-2-9b-it,11c9b309abf73637e4b6f9a3fa1e92e615547819,system-prepended-to-user,88,15,6.6875,10.125,-6.0,5.625,-1.0625,True,True,"[24, 25, 26, 27, 28, 29, 30, 31, 32, 33, 39, 40, 41, 42, 43]","[34, 35, 36, 37, 38, 39, 40, 41, 42, 43, 24, 25, 26, 27, 28]","[76, 46, 86, 60, 79, 75, 36, 22, 23, 73, 11, 77, 21, 83, 84]"
causal-gen-043,43,relation_statements,144,3,5,easy_random_positions,7,google/gemma-2-9b-it,11c9b309abf73637e4b6f9a3fa1e92e615547819,system-prepended-to-user,88,15,6.6875,10.125,-6.0,2.125,-4.5625,True,True,"[24, 25, 26, 27, 28, 29, 30, 31, 32, 33, 39, 40, 41, 42, 43]","[76, 46, 86, 60, 79, 75, 36, 22, 23, 73, 11, 77, 21, 83, 84]","[76, 46, 86, 60, 79, 75, 36, 22, 23, 73, 11, 77, 21, 83, 84]"
causal-gen-043,43,relation_statements,144,3,5,easy_answer_position,7,google/gemma-2-9b-it,11c9b309abf73637e4b6f9a3fa1e92e615547819,system-prepended-to-user,88,15,6.6875,10.125,-6.0,6.6875,0.0,True,True,"[24, 25, 26, 27, 28, 29, 30, 31, 32, 33, 39, 40, 41, 42, 43]",[87],"[76, 46, 86, 60, 79, 75, 36, 22, 23, 73, 11, 77, 21, 83, 84]"
causal-gen-043,43,relation_statements,144,3,5,donor_number_tokens,7,google/gemma-2-9b-it,11c9b309abf73637e4b6f9a3fa1e92e615547819,system-prepended-to-user,88,15,6.6875,10.125,-6.0,-5.875,-12.5625,True,False,"[24, 25, 26, 27, 28, 29, 30, 31, 32, 33, 39, 40, 41, 42, 43]","[24, 25, 26, 27, 28, 29, 30, 31, 32, 33, 39, 40, 41, 42, 43]","[76, 46, 86, 60, 79, 75, 36, 22, 23, 73, 11, 77, 21, 83, 84]"
causal-gen-043,43,relation_statements,144,3,5,donor_random_positions,7,google/gemma-2-9b-it,11c9b309abf73637e4b6f9a3fa1e92e615547819,system-prepended-to-user,88,15,6.6875,10.125,-6.0,6.4375,-0.25,True,True,"[24, 25, 26, 27, 28, 29, 30, 31, 32, 33, 39, 40, 41, 42, 43]","[76, 46, 86, 60, 79, 75, 36, 22, 23, 73, 11, 77, 21, 83, 84]","[76, 46, 86, 60, 79, 75, 36, 22, 23, 73, 11, 77, 21, 83, 84]"
causal-gen-043,43,relation_statements,144,3,5,donor_answer_position,7,google/gemma-2-9b-it,11c9b309abf73637e4b6f9a3fa1e92e615547819,system-prepended-to-user,88,15,6.6875,10.125,-6.0,6.6875,0.0,True,True,"[24, 25, 26, 27, 28, 29, 30, 31, 32, 33, 39, 40, 41, 42, 43]",[87],"[76, 46, 86, 60, 79, 75, 36, 22, 23, 73, 11, 77, 21, 83, 84]"
causal-gen-044,44,relation_statements,145,4,5,easy_number_tokens,7,google/gemma-2-9b-it,11c9b309abf73637e4b6f9a3fa1e92e615547819,system-prepended-to-user,88,15,6.8125,10.25,-6.125,6.8125,0.0,True,True,"[24, 25, 26, 27, 28, 29, 30, 31, 32, 33, 39, 40, 41, 42, 43]","[34, 35, 36, 37, 38, 39, 40, 41, 42, 43, 24, 25, 26, 27, 28]","[60, 19, 76, 22, 12, 38, 11, 6, 48, 46, 23, 64, 51, 57, 75]"
causal-gen-044,44,relation_statements,145,4,5,easy_random_positions,7,google/gemma-2-9b-it,11c9b309abf73637e4b6f9a3fa1e92e615547819,system-prepended-to-user,88,15,6.8125,10.25,-6.125,6.5625,-0.25,True,True,"[24, 25, 26, 27, 28, 29, 30, 31, 32, 33, 39, 40, 41, 42, 43]","[60, 19, 76, 22, 12, 38, 11, 6, 48, 46, 23, 64, 51, 57, 75]","[60, 19, 76, 22, 12, 38, 11, 6, 48, 46, 23, 64, 51, 57, 75]"
causal-gen-044,44,relation_statements,145,4,5,easy_answer_position,7,google/gemma-2-9b-it,11c9b309abf73637e4b6f9a3fa1e92e615547819,system-prepended-to-user,88,15,6.8125,10.25,-6.125,6.8125,0.0,True,True,"[24, 25, 26, 27, 28, 29, 30, 31, 32, 33, 39, 40, 41, 42, 43]",[87],"[60, 19, 76, 22, 12, 38, 11, 6, 48, 46, 23, 64, 51, 57, 75]"
causal-gen-044,44,relation_statements,145,4,5,donor_number_tokens,7,google/gemma-2-9b-it,11c9b309abf73637e4b6f9a3fa1e92e615547819,system-prepended-to-user,88,15,6.8125,10.25,-6.125,-6.0,-12.8125,True,False,"[24, 25, 26, 27, 28, 29, 30, 31, 32, 33, 39, 40, 41, 42, 43]","[24, 25, 26, 27, 28, 29, 30, 31, 32, 33, 39, 40, 41, 42, 43]","[60, 19, 76, 22, 12, 38, 11, 6, 48, 46, 23, 64, 51, 57, 75]"
causal-gen-044,44,relation_statements,145,4,5,donor_random_positions,7,google/gemma-2-9b-it,11c9b309abf73637e4b6f9a3fa1e92e615547819,system-prepended-to-user,88,15,6.8125,10.25,-6.125,6.8125,0.0,True,True,"[24, 25, 26, 27, 28, 29, 30, 31, 32, 33, 39, 40, 41, 42, 43]","[60, 19, 76, 22, 12, 38, 11, 6, 48, 46, 23, 64, 51, 57, 75]","[60, 19, 76, 22, 12, 38, 11, 6, 48, 46, 23, 64, 51, 57, 75]"
causal-gen-044,44,relation_statements,145,4,5,donor_answer_position,7,google/gemma-2-9b-it,11c9b309abf73637e4b6f9a3fa1e92e615547819,system-prepended-to-user,88,15,6.8125,10.25,-6.125,6.6875,-0.125,True,True,"[24, 25, 26, 27, 28, 29, 30, 31, 32, 33, 39, 40, 41, 42, 43]",[87],"[60, 19, 76, 22, 12, 38, 11, 6, 48, 46, 23, 64, 51, 57, 75]"
causal-gen-045,45,relation_statements,146,5,5,easy_number_tokens,7,google/gemma-2-9b-it,11c9b309abf73637e4b6f9a3fa1e92e615547819,system-prepended-to-user,88,15,7.0625,10.25,-5.625,7.0,-0.0625,True,True,"[24, 25, 26, 27, 28, 29, 30, 31, 32, 33, 39, 40, 41, 42, 43]","[34, 35, 36, 37, 38, 39, 40, 41, 42, 43, 24, 25, 26, 27, 28]","[45, 67, 55, 64, 77, 51, 86, 69, 75, 3, 59, 68, 78, 79, 17]"
causal-gen-045,45,relation_statements,146,5,5,easy_random_positions,7,google/gemma-2-9b-it,11c9b309abf73637e4b6f9a3fa1e92e615547819,system-prepended-to-user,88,15,7.0625,10.25,-5.625,6.9375,-0.125,True,True,"[24, 25, 26, 27, 28, 29, 30, 31, 32, 33, 39, 40, 41, 42, 43]","[45, 67, 55, 64, 77, 51, 86, 69, 75, 3, 59, 68, 78, 79, 17]","[45, 67, 55, 64, 77, 51, 86, 69, 75, 3, 59, 68, 78, 79, 17]"
causal-gen-045,45,relation_statements,146,5,5,easy_answer_position,7,google/gemma-2-9b-it,11c9b309abf73637e4b6f9a3fa1e92e615547819,system-prepended-to-user,88,15,7.0625,10.25,-5.625,7.0,-0.0625,True,True,"[24, 25, 26, 27, 28, 29, 30, 31, 32, 33, 39, 40, 41, 42, 43]",[87],"[45, 67, 55, 64, 77, 51, 86, 69, 75, 3, 59, 68, 78, 79, 17]"
causal-gen-045,45,relation_statements,146,5,5,donor_number_tokens,7,google/gemma-2-9b-it,11c9b309abf73637e4b6f9a3fa1e92e615547819,system-prepended-to-user,88,15,7.0625,10.25,-5.625,-5.75,-12.8125,True,False,"[24, 25, 26, 27, 28, 29, 30, 31, 32, 33, 39, 40, 41, 42, 43]","[24, 25, 26, 27, 28, 29, 30, 31, 32, 33, 39, 40, 41, 42, 43]","[45, 67, 55, 64, 77, 51, 86, 69, 75, 3, 59, 68, 78, 79, 17]"
causal-gen-045,45,relation_statements,146,5,5,donor_random_positions,7,google/gemma-2-9b-it,11c9b309abf73637e4b6f9a3fa1e92e615547819,system-prepended-to-user,88,15,7.0625,10.25,-5.625,7.0,-0.0625,True,True,"[24, 25, 26, 27, 28, 29, 30, 31, 32, 33, 39, 40, 41, 42, 43]","[45, 67, 55, 64, 77, 51, 86, 69, 75, 3, 59, 68, 78, 79, 17]","[45, 67, 55, 64, 77, 51, 86, 69, 75, 3, 59, 68, 78, 79, 17]"
causal-gen-045,45,relation_statements,146,5,5,donor_answer_position,7,google/gemma-2-9b-it,11c9b309abf73637e4b6f9a3fa1e92e615547819,system-prepended-to-user,88,15,7.0625,10.25,-5.625,7.0625,0.0,True,True,"[24, 25, 26, 27, 28, 29, 30, 31, 32, 33, 39, 40, 41, 42, 43]",[87],"[45, 67, 55, 64, 77, 51, 86, 69, 75, 3, 59, 68, 78, 79, 17]"
causal-gen-046,46,relation_statements,147,6,5,easy_number_tokens,7,google/gemma-2-9b-it,11c9b309abf73637e4b6f9a3fa1e92e615547819,system-prepended-to-user,88,15,7.25,10.25,-6.125,6.9375,-0.3125,True,True,"[24, 25, 26, 27, 28, 29, 30, 31, 32, 33, 39, 40, 41, 42, 43]","[34, 35, 36, 37, 38, 39, 40, 41, 42, 43, 24, 25, 26, 27, 28]","[55, 50, 16, 38, 52, 79, 53, 54, 35, 85, 75, 19, 9, 23, 58]"
causal-gen-046,46,relation_statements,147,6,5,easy_random_positions,7,google/gemma-2-9b-it,11c9b309abf73637e4b6f9a3fa1e92e615547819,system-prepended-to-user,88,15,7.25,10.25,-6.125,6.8125,-0.4375,True,True,"[24, 25, 26, 27, 28, 29, 30, 31, 32, 33, 39, 40, 41, 42, 43]","[55, 50, 16, 38, 52, 79, 53, 54, 35, 85, 75, 19, 9, 23, 58]","[55, 50, 16, 38, 52, 79, 53, 54, 35, 85, 75, 19, 9, 23, 58]"
causal-gen-046,46,relation_statements,147,6,5,easy_answer_position,7,google/gemma-2-9b-it,11c9b309abf73637e4b6f9a3fa1e92e615547819,system-prepended-to-user,88,15,7.25,10.25,-6.125,7.375,0.125,True,True,"[24, 25, 26, 27, 28, 29, 30, 31, 32, 33, 39, 40, 41, 42, 43]",[87],"[55, 50, 16, 38, 52, 79, 53, 54, 35, 85, 75, 19, 9, 23, 58]"
causal-gen-046,46,relation_statements,147,6,5,donor_number_tokens,7,google/gemma-2-9b-it,11c9b309abf73637e4b6f9a3fa1e92e615547819,system-prepended-to-user,88,15,7.25,10.25,-6.125,-6.0,-13.25,True,False,"[24, 25, 26, 27, 28, 29, 30, 31, 32, 33, 39, 40, 41, 42, 43]","[24, 25, 26, 27, 28, 29, 30, 31, 32, 33, 39, 40, 41, 42, 43]","[55, 50, 16, 38, 52, 79, 53, 54, 35, 85, 75, 19, 9, 23, 58]"
causal-gen-046,46,relation_statements,147,6,5,donor_random_positions,7,google/gemma-2-9b-it,11c9b309abf73637e4b6f9a3fa1e92e615547819,system-prepended-to-user,88,15,7.25,10.25,-6.125,7.375,0.125,True,True,"[24, 25, 26, 27, 28, 29, 30, 31, 32, 33, 39, 40, 41, 42, 43]","[55, 50, 16, 38, 52, 79, 53, 54, 35, 85, 75, 19, 9, 23, 58]","[55, 50, 16, 38, 52, 79, 53, 54, 35, 85, 75, 19, 9, 23, 58]"
causal-gen-046,46,relation_statements,147,6,5,donor_answer_position,7,google/gemma-2-9b-it,11c9b309abf73637e4b6f9a3fa1e92e615547819,system-prepended-to-user,88,15,7.25,10.25,-6.125,7.375,0.125,True,True,"[24, 25, 26, 27, 28, 29, 30, 31, 32, 33, 39, 40, 41, 42, 43]",[87],"[55, 50, 16, 38, 52, 79, 53, 54, 35, 85, 75, 19, 9, 23, 58]"
causal-gen-047,47,relation_statements,148,7,5,easy_number_tokens,7,google/gemma-2-9b-it,11c9b309abf73637e4b6f9a3fa1e92e615547819,system-prepended-to-user,88,15,6.9375,10.25,-5.125,4.75,-2.1875,True,True,"[24, 25, 26, 27, 28, 29, 30, 31, 32, 33, 39, 40, 41, 42, 43]","[34, 35, 36, 37, 38, 39, 40, 41, 42, 43, 24, 25, 26, 27, 28]","[54, 62, 36, 45, 75, 73, 3, 16, 64, 84, 78, 72, 1, 51, 35]"
causal-gen-047,47,relation_statements,148,7,5,easy_random_positions,7,google/gemma-2-9b-it,11c9b309abf73637e4b6f9a3fa1e92e615547819,system-prepended-to-user,88,15,6.9375,10.25,-5.125,5.125,-1.8125,True,True,"[24, 25, 26, 27, 28, 29, 30, 31, 32, 33, 39, 40, 41, 42, 43]","[54, 62, 36, 45, 75, 73, 3, 16, 64, 84, 78, 72, 1, 51, 35]","[54, 62, 36, 45, 75, 73, 3, 16, 64, 84, 78, 72, 1, 51, 35]"
causal-gen-047,47,relation_statements,148,7,5,easy_answer_position,7,google/gemma-2-9b-it,11c9b309abf73637e4b6f9a3fa1e92e615547819,system-prepended-to-user,88,15,6.9375,10.25,-5.125,6.8125,-0.125,True,True,"[24, 25, 26, 27, 28, 29, 30, 31, 32, 33, 39, 40, 41, 42, 43]",[87],"[54, 62, 36, 45, 75, 73, 3, 16, 64, 84, 78, 72, 1, 51, 35]"
causal-gen-047,47,relation_statements,148,7,5,donor_number_tokens,7,google/gemma-2-9b-it,11c9b309abf73637e4b6f9a3fa1e92e615547819,system-prepended-to-user,88,15,6.9375,10.25,-5.125,-5.25,-12.1875,True,False,"[24, 25, 26, 27, 28, 29, 30, 31, 32, 33, 39, 40, 41, 42, 43]","[24, 25, 26, 27, 28, 29, 30, 31, 32, 33, 39, 40, 41, 42, 43]","[54, 62, 36, 45, 75, 73, 3, 16, 64, 84, 78, 72, 1, 51, 35]"
causal-gen-047,47,relation_statements,148,7,5,donor_random_positions,7,google/gemma-2-9b-it,11c9b309abf73637e4b6f9a3fa1e92e615547819,system-prepended-to-user,88,15,6.9375,10.25,-5.125,6.9375,0.0,True,True,"[24, 25, 26, 27, 28, 29, 30, 31, 32, 33, 39, 40, 41, 42, 43]","[54, 62, 36, 45, 75, 73, 3, 16, 64, 84, 78, 72, 1, 51, 35]","[54, 62, 36, 45, 75, 73, 3, 16, 64, 84, 78, 72, 1, 51, 35]"
causal-gen-047,47,relation_statements,148,7,5,donor_answer_position,7,google/gemma-2-9b-it,11c9b309abf73637e4b6f9a3fa1e92e615547819,system-prepended-to-user,88,15,6.9375,10.25,-5.125,6.8125,-0.125,True,True,"[24, 25, 26, 27, 28, 29, 30, 31, 32, 33, 39, 40, 41, 42, 43]",[87],"[54, 62, 36, 45, 75, 73, 3, 16, 64, 84, 78, 72, 1, 51, 35]"
causal-gen-048,48,relation_statements,149,8,5,easy_number_tokens,7,google/gemma-2-9b-it,11c9b309abf73637e4b6f9a3fa1e92e615547819,system-prepended-to-user,88,15,6.9375,10.125,-8.625,4.125,-2.8125,True,True,"[24, 25, 26, 27, 28, 29, 30, 31, 32, 33, 39, 40, 41, 42, 43]","[34, 35, 36, 37, 38, 39, 40, 41, 42, 43, 24, 25, 26, 27, 28]","[11, 59, 7, 4, 60, 61, 74, 15, 67, 52, 75, 78, 44, 35, 23]"
causal-gen-048,48,relation_statements,149,8,5,easy_random_positions,7,google/gemma-2-9b-it,11c9b309abf73637e4b6f9a3fa1e92e615547819,system-prepended-to-user,88,15,6.9375,10.125,-8.625,6.5625,-0.375,True,True,"[24, 25, 26, 27, 28, 29, 30, 31, 32, 33, 39, 40, 41, 42, 43]","[11, 59, 7, 4, 60, 61, 74, 15, 67, 52, 75, 78, 44, 35, 23]","[11, 59, 7, 4, 60, 61, 74, 15, 67, 52, 75, 78, 44, 35, 23]"
causal-gen-048,48,relation_statements,149,8,5,easy_answer_position,7,google/gemma-2-9b-it,11c9b309abf73637e4b6f9a3fa1e92e615547819,system-prepended-to-user,88,15,6.9375,10.125,-8.625,6.8125,-0.125,True,True,"[24, 25, 26, 27, 28, 29, 30, 31, 32, 33, 39, 40, 41, 42, 43]",[87],"[11, 59, 7, 4, 60, 61, 74, 15, 67, 52, 75, 78, 44, 35, 23]"
causal-gen-048,48,relation_statements,149,8,5,donor_number_tokens,7,google/gemma-2-9b-it,11c9b309abf73637e4b6f9a3fa1e92e615547819,system-prepended-to-user,88,15,6.9375,10.125,-8.625,-8.625,-15.5625,True,False,"[24, 25, 26, 27, 28, 29, 30, 31, 32, 33, 39, 40, 41, 42, 43]","[24, 25, 26, 27, 28, 29, 30, 31, 32, 33, 39, 40, 41, 42, 43]","[11, 59, 7, 4, 60, 61, 74, 15, 67, 52, 75, 78, 44, 35, 23]"
causal-gen-048,48,relation_statements,149,8,5,donor_random_positions,7,google/gemma-2-9b-it,11c9b309abf73637e4b6f9a3fa1e92e615547819,system-prepended-to-user,88,15,6.9375,10.125,-8.625,6.8125,-0.125,True,True,"[24, 25, 26, 27, 28, 29, 30, 31, 32, 33, 39, 40, 41, 42, 43]","[11, 59, 7, 4, 60, 61, 74, 15, 67, 52, 75, 78, 44, 35, 23]","[11, 59, 7, 4, 60, 61, 74, 15, 67, 52, 75, 78, 44, 35, 23]"
causal-gen-048,48,relation_statements,149,8,5,donor_answer_position,7,google/gemma-2-9b-it,11c9b309abf73637e4b6f9a3fa1e92e615547819,system-prepended-to-user,88,15,6.9375,10.125,-8.625,6.9375,0.0,True,True,"[24, 25, 26, 27, 28, 29, 30, 31, 32, 33, 39, 40, 41, 42, 43]",[87],"[11, 59, 7, 4, 60, 61, 74, 15, 67, 52, 75, 78, 44, 35, 23]"
causal-gen-049,49,relation_statements,150,9,5,easy_number_tokens,7,google/gemma-2-9b-it,11c9b309abf73637e4b6f9a3fa1e92e615547819,system-prepended-to-user,88,15,5.25,10.125,-8.0,7.0,1.75,True,True,"[24, 25, 26, 27, 28, 29, 30, 31, 32, 33, 39, 40, 41, 42, 43]","[34, 35, 36, 37, 38, 39, 40, 41, 42, 43, 24, 25, 26, 27, 28]","[34, 51, 67, 84, 76, 36, 35, 73, 2, 54, 7, 11, 46, 9, 72]"
causal-gen-049,49,relation_statements,150,9,5,easy_random_positions,7,google/gemma-2-9b-it,11c9b309abf73637e4b6f9a3fa1e92e615547819,system-prepended-to-user,88,15,5.25,10.125,-8.0,2.25,-3.0,True,True,"[24, 25, 26, 27, 28, 29, 30, 31, 32, 33, 39, 40, 41, 42, 43]","[34, 51, 67, 84, 76, 36, 35, 73, 2, 54, 7, 11, 46, 9, 72]","[34, 51, 67, 84, 76, 36, 35, 73, 2, 54, 7, 11, 46, 9, 72]"
causal-gen-049,49,relation_statements,150,9,5,easy_answer_position,7,google/gemma-2-9b-it,11c9b309abf73637e4b6f9a3fa1e92e615547819,system-prepended-to-user,88,15,5.25,10.125,-8.0,5.125,-0.125,True,True,"[24, 25, 26, 27, 28, 29, 30, 31, 32, 33, 39, 40, 41, 42, 43]",[87],"[34, 51, 67, 84, 76, 36, 35, 73, 2, 54, 7, 11, 46, 9, 72]"
causal-gen-049,49,relation_statements,150,9,5,donor_number_tokens,7,google/gemma-2-9b-it,11c9b309abf73637e4b6f9a3fa1e92e615547819,system-prepended-to-user,88,15,5.25,10.125,-8.0,-8.0625,-13.3125,True,False,"[24, 25, 26, 27, 28, 29, 30, 31, 32, 33, 39, 40, 41, 42, 43]","[24, 25, 26, 27, 28, 29, 30, 31, 32, 33, 39, 40, 41, 42, 43]","[34, 51, 67, 84, 76, 36, 35, 73, 2, 54, 7, 11, 46, 9, 72]"
causal-gen-049,49,relation_statements,150,9,5,donor_random_positions,7,google/gemma-2-9b-it,11c9b309abf73637e4b6f9a3fa1e92e615547819,system-prepended-to-user,88,15,5.25,10.125,-8.0,5.25,0.0,True,True,"[24, 25, 26, 27, 28, 29, 30, 31, 32, 33, 39, 40, 41, 42, 43]","[34, 51, 67, 84, 76, 36, 35, 73, 2, 54, 7, 11, 46, 9, 72]","[34, 51, 67, 84, 76, 36, 35, 73, 2, 54, 7, 11, 46, 9, 72]"
causal-gen-049,49,relation_statements,150,9,5,donor_answer_position,7,google/gemma-2-9b-it,11c9b309abf73637e4b6f9a3fa1e92e615547819,system-prepended-to-user,88,15,5.25,10.125,-8.0,5.25,0.0,True,True,"[24, 25, 26, 27, 28, 29, 30, 31, 32, 33, 39, 40, 41, 42, 43]",[87],"[34, 51, 67, 84, 76, 36, 35, 73, 2, 54, 7, 11, 46, 9, 72]"
causal-gen-050,50,direct_choice,151,0,1,easy_number_tokens,7,google/gemma-2-9b-it,11c9b309abf73637e4b6f9a3fa1e92e615547819,system-prepended-to-user,78,11,5.0,10.1875,-7.625,5.9375,0.9375,True,True,"[19, 20, 21, 22, 23, 24, 31, 32, 33, 34, 35]","[30, 31, 32, 33, 34, 35, 19, 20, 21, 22, 23]","[17, 64, 41, 7, 45, 71, 55, 44, 46, 58, 57]"
causal-gen-050,50,direct_choice,151,0,1,easy_random_positions,7,google/gemma-2-9b-it,11c9b309abf73637e4b6f9a3fa1e92e615547819,system-prepended-to-user,78,11,5.0,10.1875,-7.625,5.0,0.0,True,True,"[19, 20, 21, 22, 23, 24, 31, 32, 33, 34, 35]","[17, 64, 41, 7, 45, 71, 55, 44, 46, 58, 57]","[17, 64, 41, 7, 45, 71, 55, 44, 46, 58, 57]"
causal-gen-050,50,direct_choice,151,0,1,easy_answer_position,7,google/gemma-2-9b-it,11c9b309abf73637e4b6f9a3fa1e92e615547819,system-prepended-to-user,78,11,5.0,10.1875,-7.625,5.0,0.0,True,True,"[19, 20, 21, 22, 23, 24, 31, 32, 33, 34, 35]",[77],"[17, 64, 41, 7, 45, 71, 55, 44, 46, 58, 57]"
causal-gen-050,50,direct_choice,151,0,1,donor_number_tokens,7,google/gemma-2-9b-it,11c9b309abf73637e4b6f9a3fa1e92e615547819,system-prepended-to-user,78,11,5.0,10.1875,-7.625,-7.8125,-12.8125,True,False,"[19, 20, 21, 22, 23, 24, 31, 32, 33, 34, 35]","[19, 20, 21, 22, 23, 24, 31, 32, 33, 34, 35]","[17, 64, 41, 7, 45, 71, 55, 44, 46, 58, 57]"
causal-gen-050,50,direct_choice,151,0,1,donor_random_positions,7,google/gemma-2-9b-it,11c9b309abf73637e4b6f9a3fa1e92e615547819,system-prepended-to-user,78,11,5.0,10.1875,-7.625,5.0,0.0,True,True,"[19, 20, 21, 22, 23, 24, 31, 32, 33, 34, 35]","[17, 64, 41, 7, 45, 71, 55, 44, 46, 58, 57]","[17, 64, 41, 7, 45, 71, 55, 44, 46, 58, 57]"
causal-gen-050,50,direct_choice,151,0,1,donor_answer_position,7,google/gemma-2-9b-it,11c9b309abf73637e4b6f9a3fa1e92e615547819,system-prepended-to-user,78,11,5.0,10.1875,-7.625,5.0,0.0,True,True,"[19, 20, 21, 22, 23, 24, 31, 32, 33, 34, 35]",[77],"[17, 64, 41, 7, 45, 71, 55, 44, 46, 58, 57]"
causal-gen-051,51,direct_choice,152,1,1,easy_number_tokens,7,google/gemma-2-9b-it,11c9b309abf73637e4b6f9a3fa1e92e615547819,system-prepended-to-user,78,11,-9.5625,9.3125,-7.8125,-3.375,6.1875,False,False,"[19, 20, 21, 22, 23, 24, 31, 32, 33, 34, 35]","[30, 31, 32, 33, 34, 35, 19, 20, 21, 22, 23]","[1, 58, 50, 13, 71, 46, 45, 72, 7, 12, 56]"
causal-gen-051,51,direct_choice,152,1,1,easy_random_positions,7,google/gemma-2-9b-it,11c9b309abf73637e4b6f9a3fa1e92e615547819,system-prepended-to-user,78,11,-9.5625,9.3125,-7.8125,-9.5,0.0625,False,False,"[19, 20, 21, 22, 23, 24, 31, 32, 33, 34, 35]","[1, 58, 50, 13, 71, 46, 45, 72, 7, 12, 56]","[1, 58, 50, 13, 71, 46, 45, 72, 7, 12, 56]"
causal-gen-051,51,direct_choice,152,1,1,easy_answer_position,7,google/gemma-2-9b-it,11c9b309abf73637e4b6f9a3fa1e92e615547819,system-prepended-to-user,78,11,-9.5625,9.3125,-7.8125,-9.4375,0.125,False,False,"[19, 20, 21, 22, 23, 24, 31, 32, 33, 34, 35]",[77],"[1, 58, 50, 13, 71, 46, 45, 72, 7, 12, 56]"
causal-gen-051,51,direct_choice,152,1,1,donor_number_tokens,7,google/gemma-2-9b-it,11c9b309abf73637e4b6f9a3fa1e92e615547819,system-prepended-to-user,78,11,-9.5625,9.3125,-7.8125,-7.5625,2.0,False,False,"[19, 20, 21, 22, 23, 24, 31, 32, 33, 34, 35]","[19, 20, 21, 22, 23, 24, 31, 32, 33, 34, 35]","[1, 58, 50, 13, 71, 46, 45, 72, 7, 12, 56]"
causal-gen-051,51,direct_choice,152,1,1,donor_random_positions,7,google/gemma-2-9b-it,11c9b309abf73637e4b6f9a3fa1e92e615547819,system-prepended-to-user,78,11,-9.5625,9.3125,-7.8125,-9.5,0.0625,False,False,"[19, 20, 21, 22, 23, 24, 31, 32, 33, 34, 35]","[1, 58, 50, 13, 71, 46, 45, 72, 7, 12, 56]","[1, 58, 50, 13, 71, 46, 45, 72, 7, 12, 56]"
causal-gen-051,51,direct_choice,152,1,1,donor_answer_position,7,google/gemma-2-9b-it,11c9b309abf73637e4b6f9a3fa1e92e615547819,system-prepended-to-user,78,11,-9.5625,9.3125,-7.8125,-9.625,-0.0625,False,False,"[19, 20, 21, 22, 23, 24, 31, 32, 33, 34, 35]",[77],"[1, 58, 50, 13, 71, 46, 45, 72, 7, 12, 56]"
causal-gen-052,52,direct_choice,153,2,1,easy_number_tokens,7,google/gemma-2-9b-it,11c9b309abf73637e4b6f9a3fa1e92e615547819,system-prepended-to-user,78,11,-7.875,9.8125,-8.8125,-0.875,7.0,False,False,"[19, 20, 21, 22, 23, 24, 31, 32, 33, 34, 35]","[30, 31, 32, 33, 34, 35, 19, 20, 21, 22, 23]","[66, 14, 49, 27, 70, 7, 25, 37, 39, 10, 2]"
causal-gen-052,52,direct_choice,153,2,1,easy_random_positions,7,google/gemma-2-9b-it,11c9b309abf73637e4b6f9a3fa1e92e615547819,system-prepended-to-user,78,11,-7.875,9.8125,-8.8125,-7.125,0.75,False,False,"[19, 20, 21, 22, 23, 24, 31, 32, 33, 34, 35]","[66, 14, 49, 27, 70, 7, 25, 37, 39, 10, 2]","[66, 14, 49, 27, 70, 7, 25, 37, 39, 10, 2]"
causal-gen-052,52,direct_choice,153,2,1,easy_answer_position,7,google/gemma-2-9b-it,11c9b309abf73637e4b6f9a3fa1e92e615547819,system-prepended-to-user,78,11,-7.875,9.8125,-8.8125,-7.6875,0.1875,False,False,"[19, 20, 21, 22, 23, 24, 31, 32, 33, 34, 35]",[77],"[66, 14, 49, 27, 70, 7, 25, 37, 39, 10, 2]"
causal-gen-052,52,direct_choice,153,2,1,donor_number_tokens,7,google/gemma-2-9b-it,11c9b309abf73637e4b6f9a3fa1e92e615547819,system-prepended-to-user,78,11,-7.875,9.8125,-8.8125,-8.5,-0.625,False,False,"[19, 20, 21, 22, 23, 24, 31, 32, 33, 34, 35]","[19, 20, 21, 22, 23, 24, 31, 32, 33, 34, 35]","[66, 14, 49, 27, 70, 7, 25, 37, 39, 10, 2]"
causal-gen-052,52,direct_choice,153,2,1,donor_random_positions,7,google/gemma-2-9b-it,11c9b309abf73637e4b6f9a3fa1e92e615547819,system-prepended-to-user,78,11,-7.875,9.8125,-8.8125,-7.875,0.0,False,False,"[19, 20, 21, 22, 23, 24, 31, 32, 33, 34, 35]","[66, 14, 49, 27, 70, 7, 25, 37, 39, 10, 2]","[66, 14, 49, 27, 70, 7, 25, 37, 39, 10, 2]"
causal-gen-052,52,direct_choice,153,2,1,donor_answer_position,7,google/gemma-2-9b-it,11c9b309abf73637e4b6f9a3fa1e92e615547819,system-prepended-to-user,78,11,-7.875,9.8125,-8.8125,-7.75,0.125,False,False,"[19, 20, 21, 22, 23, 24, 31, 32, 33, 34, 35]",[77],"[66, 14, 49, 27, 70, 7, 25, 37, 39, 10, 2]"
causal-gen-053,53,direct_choice,154,3,1,easy_number_tokens,7,google/gemma-2-9b-it,11c9b309abf73637e4b6f9a3fa1e92e615547819,system-prepended-to-user,78,11,-8.875,9.8125,-8.0625,-4.0,4.875,False,False,"[19, 20, 21, 22, 23, 24, 31, 32, 33, 34, 35]","[30, 31, 32, 33, 34, 35, 19, 20, 21, 22, 23]","[69, 65, 13, 46, 41, 75, 57, 64, 44, 72, 53]"
causal-gen-053,53,direct_choice,154,3,1,easy_random_positions,7,google/gemma-2-9b-it,11c9b309abf73637e4b6f9a3fa1e92e615547819,system-prepended-to-user,78,11,-8.875,9.8125,-8.0625,-8.8125,0.0625,False,False,"[19, 20, 21, 22, 23, 24, 31, 32, 33, 34, 35]","[69, 65, 13, 46, 41, 75, 57, 64, 44, 72, 53]","[69, 65, 13, 46, 41, 75, 57, 64, 44, 72, 53]"
causal-gen-053,53,direct_choice,154,3,1,easy_answer_position,7,google/gemma-2-9b-it,11c9b309abf73637e4b6f9a3fa1e92e615547819,system-prepended-to-user,78,11,-8.875,9.8125,-8.0625,-8.875,0.0,False,False,"[19, 20, 21, 22, 23, 24, 31, 32, 33, 34, 35]",[77],"[69, 65, 13, 46, 41, 75, 57, 64, 44, 72, 53]"
causal-gen-053,53,direct_choice,154,3,1,donor_number_tokens,7,google/gemma-2-9b-it,11c9b309abf73637e4b6f9a3fa1e92e615547819,system-prepended-to-user,78,11,-8.875,9.8125,-8.0625,-7.75,1.125,False,False,"[19, 20, 21, 22, 23, 24, 31, 32, 33, 34, 35]","[19, 20, 21, 22, 23, 24, 31, 32, 33, 34, 35]","[69, 65, 13, 46, 41, 75, 57, 64, 44, 72, 53]"
causal-gen-053,53,direct_choice,154,3,1,donor_random_positions,7,google/gemma-2-9b-it,11c9b309abf73637e4b6f9a3fa1e92e615547819,system-prepended-to-user,78,11,-8.875,9.8125,-8.0625,-8.875,0.0,False,False,"[19, 20, 21, 22, 23, 24, 31, 32, 33, 34, 35]","[69, 65, 13, 46, 41, 75, 57, 64, 44, 72, 53]","[69, 65, 13, 46, 41, 75, 57, 64, 44, 72, 53]"
causal-gen-053,53,direct_choice,154,3,1,donor_answer_position,7,google/gemma-2-9b-it,11c9b309abf73637e4b6f9a3fa1e92e615547819,system-prepended-to-user,78,11,-8.875,9.8125,-8.0625,-8.875,0.0,False,False,"[19, 20, 21, 22, 23, 24, 31, 32, 33, 34, 35]",[77],"[69, 65, 13, 46, 41, 75, 57, 64, 44, 72, 53]"
causal-gen-054,54,direct_choice,155,4,1,easy_number_tokens,7,google/gemma-2-9b-it,11c9b309abf73637e4b6f9a3fa1e92e615547819,system-prepended-to-user,78,11,-7.125,10.0625,-8.5,-1.5,5.625,False,False,"[19, 20, 21, 22, 23, 24, 31, 32, 33, 34, 35]","[30, 31, 32, 33, 34, 35, 19, 20, 21, 22, 23]","[17, 41, 63, 56, 13, 46, 66, 71, 11, 28, 52]"
causal-gen-054,54,direct_choice,155,4,1,easy_random_positions,7,google/gemma-2-9b-it,11c9b309abf73637e4b6f9a3fa1e92e615547819,system-prepended-to-user,78,11,-7.125,10.0625,-8.5,-7.625,-0.5,False,False,"[19, 20, 21, 22, 23, 24, 31, 32, 33, 34, 35]","[17, 41, 63, 56, 13, 46, 66, 71, 11, 28, 52]","[17, 41, 63, 56, 13, 46, 66, 71, 11, 28, 52]"
causal-gen-054,54,direct_choice,155,4,1,easy_answer_position,7,google/gemma-2-9b-it,11c9b309abf73637e4b6f9a3fa1e92e615547819,system-prepended-to-user,78,11,-7.125,10.0625,-8.5,-7.125,0.0,False,False,"[19, 20, 21, 22, 23, 24, 31, 32, 33, 34, 35]",[77],"[17, 41, 63, 56, 13, 46, 66, 71, 11, 28, 52]"
causal-gen-054,54,direct_choice,155,4,1,donor_number_tokens,7,google/gemma-2-9b-it,11c9b309abf73637e4b6f9a3fa1e92e615547819,system-prepended-to-user,78,11,-7.125,10.0625,-8.5,-8.25,-1.125,False,False,"[19, 20, 21, 22, 23, 24, 31, 32, 33, 34, 35]","[19, 20, 21, 22, 23, 24, 31, 32, 33, 34, 35]","[17, 41, 63, 56, 13, 46, 66, 71, 11, 28, 52]"
causal-gen-054,54,direct_choice,155,4,1,donor_random_positions,7,google/gemma-2-9b-it,11c9b309abf73637e4b6f9a3fa1e92e615547819,system-prepended-to-user,78,11,-7.125,10.0625,-8.5,-7.125,0.0,False,False,"[19, 20, 21, 22, 23, 24, 31, 32, 33, 34, 35]","[17, 41, 63, 56, 13, 46, 66, 71, 11, 28, 52]","[17, 41, 63, 56, 13, 46, 66, 71, 11, 28, 52]"
causal-gen-054,54,direct_choice,155,4,1,donor_answer_position,7,google/gemma-2-9b-it,11c9b309abf73637e4b6f9a3fa1e92e615547819,system-prepended-to-user,78,11,-7.125,10.0625,-8.5,-7.125,0.0,False,False,"[19, 20, 21, 22, 23, 24, 31, 32, 33, 34, 35]",[77],"[17, 41, 63, 56, 13, 46, 66, 71, 11, 28, 52]"
causal-gen-055,55,direct_choice,156,5,1,easy_number_tokens,7,google/gemma-2-9b-it,11c9b309abf73637e4b6f9a3fa1e92e615547819,system-prepended-to-user,78,11,-7.5,10.375,-9.125,-2.625,4.875,False,False,"[19, 20, 21, 22, 23, 24, 31, 32, 33, 34, 35]","[30, 31, 32, 33, 34, 35, 19, 20, 21, 22, 23]","[61, 71, 72, 75, 4, 57, 53, 10, 49, 25, 60]"
causal-gen-055,55,direct_choice,156,5,1,easy_random_positions,7,google/gemma-2-9b-it,11c9b309abf73637e4b6f9a3fa1e92e615547819,system-prepended-to-user,78,11,-7.5,10.375,-9.125,-6.875,0.625,False,False,"[19, 20, 21, 22, 23, 24, 31, 32, 33, 34, 35]","[61, 71, 72, 75, 4, 57, 53, 10, 49, 25, 60]","[61, 71, 72, 75, 4, 57, 53, 10, 49, 25, 60]"
causal-gen-055,55,direct_choice,156,5,1,easy_answer_position,7,google/gemma-2-9b-it,11c9b309abf73637e4b6f9a3fa1e92e615547819,system-prepended-to-user,78,11,-7.5,10.375,-9.125,-7.5,0.0,False,False,"[19, 20, 21, 22, 23, 24, 31, 32, 33, 34, 35]",[77],"[61, 71, 72, 75, 4, 57, 53, 10, 49, 25, 60]"
causal-gen-055,55,direct_choice,156,5,1,donor_number_tokens,7,google/gemma-2-9b-it,11c9b309abf73637e4b6f9a3fa1e92e615547819,system-prepended-to-user,78,11,-7.5,10.375,-9.125,-8.9375,-1.4375,False,False,"[19, 20, 21, 22, 23, 24, 31, 32, 33, 34, 35]","[19, 20, 21, 22, 23, 24, 31, 32, 33, 34, 35]","[61, 71, 72, 75, 4, 57, 53, 10, 49, 25, 60]"
causal-gen-055,55,direct_choice,156,5,1,donor_random_positions,7,google/gemma-2-9b-it,11c9b309abf73637e4b6f9a3fa1e92e615547819,system-prepended-to-user,78,11,-7.5,10.375,-9.125,-7.5,0.0,False,False,"[19, 20, 21, 22, 23, 24, 31, 32, 33, 34, 35]","[61, 71, 72, 75, 4, 57, 53, 10, 49, 25, 60]","[61, 71, 72, 75, 4, 57, 53, 10, 49, 25, 60]"
causal-gen-055,55,direct_choice,156,5,1,donor_answer_position,7,google/gemma-2-9b-it,11c9b309abf73637e4b6f9a3fa1e92e615547819,system-prepended-to-user,78,11,-7.5,10.375,-9.125,-7.5,0.0,False,False,"[19, 20, 21, 22, 23, 24, 31, 32, 33, 34, 35]",[77],"[61, 71, 72, 75, 4, 57, 53, 10, 49, 25, 60]"
causal-gen-056,56,direct_choice,157,6,1,easy_number_tokens,7,google/gemma-2-9b-it,11c9b309abf73637e4b6f9a3fa1e92e615547819,system-prepended-to-user,78,11,-6.6875,10.0625,-9.5,-5.625,1.0625,False,False,"[19, 20, 21, 22, 23, 24, 31, 32, 33, 34, 35]","[30, 31, 32, 33, 34, 35, 19, 20, 21, 22, 23]","[8, 44, 72, 69, 10, 61, 27, 37, 75, 73, 25]"
causal-gen-056,56,direct_choice,157,6,1,easy_random_positions,7,google/gemma-2-9b-it,11c9b309abf73637e4b6f9a3fa1e92e615547819,system-prepended-to-user,78,11,-6.6875,10.0625,-9.5,-5.5,1.1875,False,False,"[19, 20, 21, 22, 23, 24, 31, 32, 33, 34, 35]","[8, 44, 72, 69, 10, 61, 27, 37, 75, 73, 25]","[8, 44, 72, 69, 10, 61, 27, 37, 75, 73, 25]"
causal-gen-056,56,direct_choice,157,6,1,easy_answer_position,7,google/gemma-2-9b-it,11c9b309abf73637e4b6f9a3fa1e92e615547819,system-prepended-to-user,78,11,-6.6875,10.0625,-9.5,-6.5625,0.125,False,False,"[19, 20, 21, 22, 23, 24, 31, 32, 33, 34, 35]",[77],"[8, 44, 72, 69, 10, 61, 27, 37, 75, 73, 25]"
causal-gen-056,56,direct_choice,157,6,1,donor_number_tokens,7,google/gemma-2-9b-it,11c9b309abf73637e4b6f9a3fa1e92e615547819,system-prepended-to-user,78,11,-6.6875,10.0625,-9.5,-9.4375,-2.75,False,False,"[19, 20, 21, 22, 23, 24, 31, 32, 33, 34, 35]","[19, 20, 21, 22, 23, 24, 31, 32, 33, 34, 35]","[8, 44, 72, 69, 10, 61, 27, 37, 75, 73, 25]"
causal-gen-056,56,direct_choice,157,6,1,donor_random_positions,7,google/gemma-2-9b-it,11c9b309abf73637e4b6f9a3fa1e92e615547819,system-prepended-to-user,78,11,-6.6875,10.0625,-9.5,-6.6875,0.0,False,False,"[19, 20, 21, 22, 23, 24, 31, 32, 33, 34, 35]","[8, 44, 72, 69, 10, 61, 27, 37, 75, 73, 25]","[8, 44, 72, 69, 10, 61, 27, 37, 75, 73, 25]"
causal-gen-056,56,direct_choice,157,6,1,donor_answer_position,7,google/gemma-2-9b-it,11c9b309abf73637e4b6f9a3fa1e92e615547819,system-prepended-to-user,78,11,-6.6875,10.0625,-9.5,-6.6875,0.0,False,False,"[19, 20, 21, 22, 23, 24, 31, 32, 33, 34, 35]",[77],"[8, 44, 72, 69, 10, 61, 27, 37, 75, 73, 25]"
causal-gen-057,57,direct_choice,158,7,1,easy_number_tokens,7,google/gemma-2-9b-it,11c9b309abf73637e4b6f9a3fa1e92e615547819,system-prepended-to-user,78,11,-7.125,10.0625,-9.875,-2.25,4.875,False,False,"[19, 20, 21, 22, 23, 24, 31, 32, 33, 34, 35]","[30, 31, 32, 33, 34, 35, 19, 20, 21, 22, 23]","[60, 9, 58, 18, 73, 57, 15, 74, 55, 51, 17]"
causal-gen-057,57,direct_choice,158,7,1,easy_random_positions,7,google/gemma-2-9b-it,11c9b309abf73637e4b6f9a3fa1e92e615547819,system-prepended-to-user,78,11,-7.125,10.0625,-9.875,-7.125,0.0,False,False,"[19, 20, 21, 22, 23, 24, 31, 32, 33, 34, 35]","[60, 9, 58, 18, 73, 57, 15, 74, 55, 51, 17]","[60, 9, 58, 18, 73, 57, 15, 74, 55, 51, 17]"
causal-gen-057,57,direct_choice,158,7,1,easy_answer_position,7,google/gemma-2-9b-it,11c9b309abf73637e4b6f9a3fa1e92e615547819,system-prepended-to-user,78,11,-7.125,10.0625,-9.875,-7.25,-0.125,False,False,"[19, 20, 21, 22, 23, 24, 31, 32, 33, 34, 35]",[77],"[60, 9, 58, 18, 73, 57, 15, 74, 55, 51, 17]"
causal-gen-057,57,direct_choice,158,7,1,donor_number_tokens,7,google/gemma-2-9b-it,11c9b309abf73637e4b6f9a3fa1e92e615547819,system-prepended-to-user,78,11,-7.125,10.0625,-9.875,-10.0625,-2.9375,False,False,"[19, 20, 21, 22, 23, 24, 31, 32, 33, 34, 35]","[19, 20, 21, 22, 23, 24, 31, 32, 33, 34, 35]","[60, 9, 58, 18, 73, 57, 15, 74, 55, 51, 17]"
causal-gen-057,57,direct_choice,158,7,1,donor_random_positions,7,google/gemma-2-9b-it,11c9b309abf73637e4b6f9a3fa1e92e615547819,system-prepended-to-user,78,11,-7.125,10.0625,-9.875,-7.25,-0.125,False,False,"[19, 20, 21, 22, 23, 24, 31, 32, 33, 34, 35]","[60, 9, 58, 18, 73, 57, 15, 74, 55, 51, 17]","[60, 9, 58, 18, 73, 57, 15, 74, 55, 51, 17]"
causal-gen-057,57,direct_choice,158,7,1,donor_answer_position,7,google/gemma-2-9b-it,11c9b309abf73637e4b6f9a3fa1e92e615547819,system-prepended-to-user,78,11,-7.125,10.0625,-9.875,-7.25,-0.125,False,False,"[19, 20, 21, 22, 23, 24, 31, 32, 33, 34, 35]",[77],"[60, 9, 58, 18, 73, 57, 15, 74, 55, 51, 17]"
causal-gen-058,58,direct_choice,159,8,1,easy_number_tokens,7,google/gemma-2-9b-it,11c9b309abf73637e4b6f9a3fa1e92e615547819,system-prepended-to-user,78,11,-6.0,9.9375,-10.75,-4.625,1.375,False,False,"[19, 20, 21, 22, 23, 24, 31, 32, 33, 34, 35]","[30, 31, 32, 33, 34, 35, 19, 20, 21, 22, 23]","[50, 45, 8, 43, 66, 74, 69, 73, 3, 2, 15]"
causal-gen-058,58,direct_choice,159,8,1,easy_random_positions,7,google/gemma-2-9b-it,11c9b309abf73637e4b6f9a3fa1e92e615547819,system-prepended-to-user,78,11,-6.0,9.9375,-10.75,-6.125,-0.125,False,False,"[19, 20, 21, 22, 23, 24, 31, 32, 33, 34, 35]","[50, 45, 8, 43, 66, 74, 69, 73, 3, 2, 15]","[50, 45, 8, 43, 66, 74, 69, 73, 3, 2, 15]"
causal-gen-058,58,direct_choice,159,8,1,easy_answer_position,7,google/gemma-2-9b-it,11c9b309abf73637e4b6f9a3fa1e92e615547819,system-prepended-to-user,78,11,-6.0,9.9375,-10.75,-6.125,-0.125,False,False,"[19, 20, 21, 22, 23, 24, 31, 32, 33, 34, 35]",[77],"[50, 45, 8, 43, 66, 74, 69, 73, 3, 2, 15]"
causal-gen-058,58,direct_choice,159,8,1,donor_number_tokens,7,google/gemma-2-9b-it,11c9b309abf73637e4b6f9a3fa1e92e615547819,system-prepended-to-user,78,11,-6.0,9.9375,-10.75,-10.75,-4.75,False,False,"[19, 20, 21, 22, 23, 24, 31, 32, 33, 34, 35]","[19, 20, 21, 22, 23, 24, 31, 32, 33, 34, 35]","[50, 45, 8, 43, 66, 74, 69, 73, 3, 2, 15]"
causal-gen-058,58,direct_choice,159,8,1,donor_random_positions,7,google/gemma-2-9b-it,11c9b309abf73637e4b6f9a3fa1e92e615547819,system-prepended-to-user,78,11,-6.0,9.9375,-10.75,-6.125,-0.125,False,False,"[19, 20, 21, 22, 23, 24, 31, 32, 33, 34, 35]","[50, 45, 8, 43, 66, 74, 69, 73, 3, 2, 15]","[50, 45, 8, 43, 66, 74, 69, 73, 3, 2, 15]"
causal-gen-058,58,direct_choice,159,8,1,donor_answer_position,7,google/gemma-2-9b-it,11c9b309abf73637e4b6f9a3fa1e92e615547819,system-prepended-to-user,78,11,-6.0,9.9375,-10.75,-6.0,0.0,False,False,"[19, 20, 21, 22, 23, 24, 31, 32, 33, 34, 35]",[77],"[50, 45, 8, 43, 66, 74, 69, 73, 3, 2, 15]"
causal-gen-059,59,direct_choice,160,9,1,easy_number_tokens,7,google/gemma-2-9b-it,11c9b309abf73637e4b6f9a3fa1e92e615547819,system-prepended-to-user,78,11,-9.6875,9.9375,-11.0,-3.875,5.8125,False,False,"[19, 20, 21, 22, 23, 24, 31, 32, 33, 34, 35]","[30, 31, 32, 33, 34, 35, 19, 20, 21, 22, 23]","[64, 13, 37, 75, 38, 39, 46, 59, 71, 7, 9]"
causal-gen-059,59,direct_choice,160,9,1,easy_random_positions,7,google/gemma-2-9b-it,11c9b309abf73637e4b6f9a3fa1e92e615547819,system-prepended-to-user,78,11,-9.6875,9.9375,-11.0,-9.6875,0.0,False,False,"[19, 20, 21, 22, 23, 24, 31, 32, 33, 34, 35]","[64, 13, 37, 75, 38, 39, 46, 59, 71, 7, 9]","[64, 13, 37, 75, 38, 39, 46, 59, 71, 7, 9]"
causal-gen-059,59,direct_choice,160,9,1,easy_answer_position,7,google/gemma-2-9b-it,11c9b309abf73637e4b6f9a3fa1e92e615547819,system-prepended-to-user,78,11,-9.6875,9.9375,-11.0,-9.5625,0.125,False,False,"[19, 20, 21, 22, 23, 24, 31, 32, 33, 34, 35]",[77],"[64, 13, 37, 75, 38, 39, 46, 59, 71, 7, 9]"
causal-gen-059,59,direct_choice,160,9,1,donor_number_tokens,7,google/gemma-2-9b-it,11c9b309abf73637e4b6f9a3fa1e92e615547819,system-prepended-to-user,78,11,-9.6875,9.9375,-11.0,-11.0,-1.3125,False,False,"[19, 20, 21, 22, 23, 24, 31, 32, 33, 34, 35]","[19, 20, 21, 22, 23, 24, 31, 32, 33, 34, 35]","[64, 13, 37, 75, 38, 39, 46, 59, 71, 7, 9]"
causal-gen-059,59,direct_choice,160,9,1,donor_random_positions,7,google/gemma-2-9b-it,11c9b309abf73637e4b6f9a3fa1e92e615547819,system-prepended-to-user,78,11,-9.6875,9.9375,-11.0,-9.625,0.0625,False,False,"[19, 20, 21, 22, 23, 24, 31, 32, 33, 34, 35]","[64, 13, 37, 75, 38, 39, 46, 59, 71, 7, 9]","[64, 13, 37, 75, 38, 39, 46, 59, 71, 7, 9]"
causal-gen-059,59,direct_choice,160,9,1,donor_answer_position,7,google/gemma-2-9b-it,11c9b309abf73637e4b6f9a3fa1e92e615547819,system-prepended-to-user,78,11,-9.6875,9.9375,-11.0,-9.6875,0.0,False,False,"[19, 20, 21, 22, 23, 24, 31, 32, 33, 34, 35]",[77],"[64, 13, 37, 75, 38, 39, 46, 59, 71, 7, 9]"
causal-gen-060,60,direct_choice,161,0,2,easy_number_tokens,7,google/gemma-2-9b-it,11c9b309abf73637e4b6f9a3fa1e92e615547819,system-prepended-to-user,79,12,2.0,10.0,-6.0,3.375,1.375,True,True,"[19, 20, 21, 22, 23, 24, 25, 32, 33, 34, 35, 36]","[30, 31, 32, 33, 34, 35, 36, 19, 20, 21, 22, 23]","[73, 1, 57, 53, 9, 11, 27, 70, 16, 3, 17, 5]"
causal-gen-060,60,direct_choice,161,0,2,easy_random_positions,7,google/gemma-2-9b-it,11c9b309abf73637e4b6f9a3fa1e92e615547819,system-prepended-to-user,79,12,2.0,10.0,-6.0,2.75,0.75,True,True,"[19, 20, 21, 22, 23, 24, 25, 32, 33, 34, 35, 36]","[73, 1, 57, 53, 9, 11, 27, 70, 16, 3, 17, 5]","[73, 1, 57, 53, 9, 11, 27, 70, 16, 3, 17, 5]"
causal-gen-060,60,direct_choice,161,0,2,easy_answer_position,7,google/gemma-2-9b-it,11c9b309abf73637e4b6f9a3fa1e92e615547819,system-prepended-to-user,79,12,2.0,10.0,-6.0,2.125,0.125,True,True,"[19, 20, 21, 22, 23, 24, 25, 32, 33, 34, 35, 36]",[78],"[73, 1, 57, 53, 9, 11, 27, 70, 16, 3, 17, 5]"
causal-gen-060,60,direct_choice,161,0,2,donor_number_tokens,7,google/gemma-2-9b-it,11c9b309abf73637e4b6f9a3fa1e92e615547819,system-prepended-to-user,79,12,2.0,10.0,-6.0,-5.875,-7.875,True,False,"[19, 20, 21, 22, 23, 24, 25, 32, 33, 34, 35, 36]","[19, 20, 21, 22, 23, 24, 25, 32, 33, 34, 35, 36]","[73, 1, 57, 53, 9, 11, 27, 70, 16, 3, 17, 5]"
causal-gen-060,60,direct_choice,161,0,2,donor_random_positions,7,google/gemma-2-9b-it,11c9b309abf73637e4b6f9a3fa1e92e615547819,system-prepended-to-user,79,12,2.0,10.0,-6.0,2.125,0.125,True,True,"[19, 20, 21, 22, 23, 24, 25, 32, 33, 34, 35, 36]","[73, 1, 57, 53, 9, 11, 27, 70, 16, 3, 17, 5]","[73, 1, 57, 53, 9, 11, 27, 70, 16, 3, 17, 5]"
causal-gen-060,60,direct_choice,161,0,2,donor_answer_position,7,google/gemma-2-9b-it,11c9b309abf73637e4b6f9a3fa1e92e615547819,system-prepended-to-user,79,12,2.0,10.0,-6.0,2.0,0.0,True,True,"[19, 20, 21, 22, 23, 24, 25, 32, 33, 34, 35, 36]",[78],"[73, 1, 57, 53, 9, 11, 27, 70, 16, 3, 17, 5]"
causal-gen-061,61,direct_choice,162,1,2,easy_number_tokens,7,google/gemma-2-9b-it,11c9b309abf73637e4b6f9a3fa1e92e615547819,system-prepended-to-user,79,12,-6.9375,9.0625,-6.75,2.5,9.4375,False,True,"[19, 20, 21, 22, 23, 24, 25, 32, 33, 34, 35, 36]","[30, 31, 32, 33, 34, 35, 36, 19, 20, 21, 22, 23]","[27, 71, 68, 54, 38, 73, 41, 47, 37, 50, 1, 7]"
causal-gen-061,61,direct_choice,162,1,2,easy_random_positions,7,google/gemma-2-9b-it,11c9b309abf73637e4b6f9a3fa1e92e615547819,system-prepended-to-user,79,12,-6.9375,9.0625,-6.75,-0.625,6.3125,False,False,"[19, 20, 21, 22, 23, 24, 25, 32, 33, 34, 35, 36]","[27, 71, 68, 54, 38, 73, 41, 47, 37, 50, 1, 7]","[27, 71, 68, 54, 38, 73, 41, 47, 37, 50, 1, 7]"
causal-gen-061,61,direct_choice,162,1,2,easy_answer_position,7,google/gemma-2-9b-it,11c9b309abf73637e4b6f9a3fa1e92e615547819,system-prepended-to-user,79,12,-6.9375,9.0625,-6.75,-6.9375,0.0,False,False,"[19, 20, 21, 22, 23, 24, 25, 32, 33, 34, 35, 36]",[78],"[27, 71, 68, 54, 38, 73, 41, 47, 37, 50, 1, 7]"
causal-gen-061,61,direct_choice,162,1,2,donor_number_tokens,7,google/gemma-2-9b-it,11c9b309abf73637e4b6f9a3fa1e92e615547819,system-prepended-to-user,79,12,-6.9375,9.0625,-6.75,-6.6875,0.25,False,False,"[19, 20, 21, 22, 23, 24, 25, 32, 33, 34, 35, 36]","[19, 20, 21, 22, 23, 24, 25, 32, 33, 34, 35, 36]","[27, 71, 68, 54, 38, 73, 41, 47, 37, 50, 1, 7]"
causal-gen-061,61,direct_choice,162,1,2,donor_random_positions,7,google/gemma-2-9b-it,11c9b309abf73637e4b6f9a3fa1e92e615547819,system-prepended-to-user,79,12,-6.9375,9.0625,-6.75,-6.125,0.8125,False,False,"[19, 20, 21, 22, 23, 24, 25, 32, 33, 34, 35, 36]","[27, 71, 68, 54, 38, 73, 41, 47, 37, 50, 1, 7]","[27, 71, 68, 54, 38, 73, 41, 47, 37, 50, 1, 7]"
causal-gen-061,61,direct_choice,162,1,2,donor_answer_position,7,google/gemma-2-9b-it,11c9b309abf73637e4b6f9a3fa1e92e615547819,system-prepended-to-user,79,12,-6.9375,9.0625,-6.75,-7.0,-0.0625,False,False,"[19, 20, 21, 22, 23, 24, 25, 32, 33, 34, 35, 36]",[78],"[27, 71, 68, 54, 38, 73, 41, 47, 37, 50, 1, 7]"
causal-gen-062,62,direct_choice,163,2,2,easy_number_tokens,7,google/gemma-2-9b-it,11c9b309abf73637e4b6f9a3fa1e92e615547819,system-prepended-to-user,79,12,-3.375,9.625,-7.5,-2.75,0.625,False,False,"[19, 20, 21, 22, 23, 24, 25, 32, 33, 34, 35, 36]","[30, 31, 32, 33, 34, 35, 36, 19, 20, 21, 22, 23]","[61, 75, 64, 4, 3, 6, 65, 56, 14, 69, 73, 8]"
causal-gen-062,62,direct_choice,163,2,2,easy_random_positions,7,google/gemma-2-9b-it,11c9b309abf73637e4b6f9a3fa1e92e615547819,system-prepended-to-user,79,12,-3.375,9.625,-7.5,-3.375,0.0,False,False,"[19, 20, 21, 22, 23, 24, 25, 32, 33, 34, 35, 36]","[61, 75, 64, 4, 3, 6, 65, 56, 14, 69, 73, 8]","[61, 75, 64, 4, 3, 6, 65, 56, 14, 69, 73, 8]"
causal-gen-062,62,direct_choice,163,2,2,easy_answer_position,7,google/gemma-2-9b-it,11c9b309abf73637e4b6f9a3fa1e92e615547819,system-prepended-to-user,79,12,-3.375,9.625,-7.5,-3.5,-0.125,False,False,"[19, 20, 21, 22, 23, 24, 25, 32, 33, 34, 35, 36]",[78],"[61, 75, 64, 4, 3, 6, 65, 56, 14, 69, 73, 8]"
causal-gen-062,62,direct_choice,163,2,2,donor_number_tokens,7,google/gemma-2-9b-it,11c9b309abf73637e4b6f9a3fa1e92e615547819,system-prepended-to-user,79,12,-3.375,9.625,-7.5,-7.25,-3.875,False,False,"[19, 20, 21, 22, 23, 24, 25, 32, 33, 34, 35, 36]","[19, 20, 21, 22, 23, 24, 25, 32, 33, 34, 35, 36]","[61, 75, 64, 4, 3, 6, 65, 56, 14, 69, 73, 8]"
causal-gen-062,62,direct_choice,163,2,2,donor_random_positions,7,google/gemma-2-9b-it,11c9b309abf73637e4b6f9a3fa1e92e615547819,system-prepended-to-user,79,12,-3.375,9.625,-7.5,-3.25,0.125,False,False,"[19, 20, 21, 22, 23, 24, 25, 32, 33, 34, 35, 36]","[61, 75, 64, 4, 3, 6, 65, 56, 14, 69, 73, 8]","[61, 75, 64, 4, 3, 6, 65, 56, 14, 69, 73, 8]"
causal-gen-062,62,direct_choice,163,2,2,donor_answer_position,7,google/gemma-2-9b-it,11c9b309abf73637e4b6f9a3fa1e92e615547819,system-prepended-to-user,79,12,-3.375,9.625,-7.5,-3.5,-0.125,False,False,"[19, 20, 21, 22, 23, 24, 25, 32, 33, 34, 35, 36]",[78],"[61, 75, 64, 4, 3, 6, 65, 56, 14, 69, 73, 8]"
causal-gen-063,63,direct_choice,164,3,2,easy_number_tokens,7,google/gemma-2-9b-it,11c9b309abf73637e4b6f9a3fa1e92e615547819,system-prepended-to-user,79,12,-4.75,9.625,-7.375,-4.5,0.25,False,False,"[19, 20, 21, 22, 23, 24, 25, 32, 33, 34, 35, 36]","[30, 31, 32, 33, 34, 35, 36, 19, 20, 21, 22, 23]","[43, 56, 16, 69, 1, 55, 76, 73, 58, 15, 74, 41]"
causal-gen-063,63,direct_choice,164,3,2,easy_random_positions,7,google/gemma-2-9b-it,11c9b309abf73637e4b6f9a3fa1e92e615547819,system-prepended-to-user,79,12,-4.75,9.625,-7.375,-4.625,0.125,False,False,"[19, 20, 21, 22, 23, 24, 25, 32, 33, 34, 35, 36]","[43, 56, 16, 69, 1, 55, 76, 73, 58, 15, 74, 41]","[43, 56, 16, 69, 1, 55, 76, 73, 58, 15, 74, 41]"
causal-gen-063,63,direct_choice,164,3,2,easy_answer_position,7,google/gemma-2-9b-it,11c9b309abf73637e4b6f9a3fa1e92e615547819,system-prepended-to-user,79,12,-4.75,9.625,-7.375,-4.75,0.0,False,False,"[19, 20, 21, 22, 23, 24, 25, 32, 33, 34, 35, 36]",[78],"[43, 56, 16, 69, 1, 55, 76, 73, 58, 15, 74, 41]"
causal-gen-063,63,direct_choice,164,3,2,donor_number_tokens,7,google/gemma-2-9b-it,11c9b309abf73637e4b6f9a3fa1e92e615547819,system-prepended-to-user,79,12,-4.75,9.625,-7.375,-7.25,-2.5,False,False,"[19, 20, 21, 22, 23, 24, 25, 32, 33, 34, 35, 36]","[19, 20, 21, 22, 23, 24, 25, 32, 33, 34, 35, 36]","[43, 56, 16, 69, 1, 55, 76, 73, 58, 15, 74, 41]"
causal-gen-063,63,direct_choice,164,3,2,donor_random_positions,7,google/gemma-2-9b-it,11c9b309abf73637e4b6f9a3fa1e92e615547819,system-prepended-to-user,79,12,-4.75,9.625,-7.375,-4.75,0.0,False,False,"[19, 20, 21, 22, 23, 24, 25, 32, 33, 34, 35, 36]","[43, 56, 16, 69, 1, 55, 76, 73, 58, 15, 74, 41]","[43, 56, 16, 69, 1, 55, 76, 73, 58, 15, 74, 41]"
causal-gen-063,63,direct_choice,164,3,2,donor_answer_position,7,google/gemma-2-9b-it,11c9b309abf73637e4b6f9a3fa1e92e615547819,system-prepended-to-user,79,12,-4.75,9.625,-7.375,-4.875,-0.125,False,False,"[19, 20, 21, 22, 23, 24, 25, 32, 33, 34, 35, 36]",[78],"[43, 56, 16, 69, 1, 55, 76, 73, 58, 15, 74, 41]"
causal-gen-064,64,direct_choice,165,4,2,easy_number_tokens,7,google/gemma-2-9b-it,11c9b309abf73637e4b6f9a3fa1e92e615547819,system-prepended-to-user,79,12,-4.625,9.8125,-7.5625,-0.875,3.75,False,False,"[19, 20, 21, 22, 23, 24, 25, 32, 33, 34, 35, 36]","[30, 31, 32, 33, 34, 35, 36, 19, 20, 21, 22, 23]","[49, 2, 18, 64, 9, 65, 4, 72, 53, 50, 7, 43]"
causal-gen-064,64,direct_choice,165,4,2,easy_random_positions,7,google/gemma-2-9b-it,11c9b309abf73637e4b6f9a3fa1e92e615547819,system-prepended-to-user,79,12,-4.625,9.8125,-7.5625,-4.625,0.0,False,False,"[19, 20, 21, 22, 23, 24, 25, 32, 33, 34, 35, 36]","[49, 2, 18, 64, 9, 65, 4, 72, 53, 50, 7, 43]","[49, 2, 18, 64, 9, 65, 4, 72, 53, 50, 7, 43]"
causal-gen-064,64,direct_choice,165,4,2,easy_answer_position,7,google/gemma-2-9b-it,11c9b309abf73637e4b6f9a3fa1e92e615547819,system-prepended-to-user,79,12,-4.625,9.8125,-7.5625,-4.625,0.0,False,False,"[19, 20, 21, 22, 23, 24, 25, 32, 33, 34, 35, 36]",[78],"[49, 2, 18, 64, 9, 65, 4, 72, 53, 50, 7, 43]"
causal-gen-064,64,direct_choice,165,4,2,donor_number_tokens,7,google/gemma-2-9b-it,11c9b309abf73637e4b6f9a3fa1e92e615547819,system-prepended-to-user,79,12,-4.625,9.8125,-7.5625,-7.375,-2.75,False,False,"[19, 20, 21, 22, 23, 24, 25, 32, 33, 34, 35, 36]","[19, 20, 21, 22, 23, 24, 25, 32, 33, 34, 35, 36]","[49, 2, 18, 64, 9, 65, 4, 72, 53, 50, 7, 43]"
causal-gen-064,64,direct_choice,165,4,2,donor_random_positions,7,google/gemma-2-9b-it,11c9b309abf73637e4b6f9a3fa1e92e615547819,system-prepended-to-user,79,12,-4.625,9.8125,-7.5625,-4.5,0.125,False,False,"[19, 20, 21, 22, 23, 24, 25, 32, 33, 34, 35, 36]","[49, 2, 18, 64, 9, 65, 4, 72, 53, 50, 7, 43]","[49, 2, 18, 64, 9, 65, 4, 72, 53, 50, 7, 43]"
causal-gen-064,64,direct_choice,165,4,2,donor_answer_position,7,google/gemma-2-9b-it,11c9b309abf73637e4b6f9a3fa1e92e615547819,system-prepended-to-user,79,12,-4.625,9.8125,-7.5625,-4.625,0.0,False,False,"[19, 20, 21, 22, 23, 24, 25, 32, 33, 34, 35, 36]",[78],"[49, 2, 18, 64, 9, 65, 4, 72, 53, 50, 7, 43]"
causal-gen-065,65,direct_choice,166,5,2,easy_number_tokens,7,google/gemma-2-9b-it,11c9b309abf73637e4b6f9a3fa1e92e615547819,system-prepended-to-user,79,12,-2.125,10.0,-7.9375,-2.75,-0.625,False,False,"[19, 20, 21, 22, 23, 24, 25, 32, 33, 34, 35, 36]","[30, 31, 32, 33, 34, 35, 36, 19, 20, 21, 22, 23]","[14, 38, 5, 42, 50, 7, 72, 73, 18, 40, 60, 53]"
causal-gen-065,65,direct_choice,166,5,2,easy_random_positions,7,google/gemma-2-9b-it,11c9b309abf73637e4b6f9a3fa1e92e615547819,system-prepended-to-user,79,12,-2.125,10.0,-7.9375,-2.125,0.0,False,False,"[19, 20, 21, 22, 23, 24, 25, 32, 33, 34, 35, 36]","[14, 38, 5, 42, 50, 7, 72, 73, 18, 40, 60, 53]","[14, 38, 5, 42, 50, 7, 72, 73, 18, 40, 60, 53]"
causal-gen-065,65,direct_choice,166,5,2,easy_answer_position,7,google/gemma-2-9b-it,11c9b309abf73637e4b6f9a3fa1e92e615547819,system-prepended-to-user,79,12,-2.125,10.0,-7.9375,-2.125,0.0,False,False,"[19, 20, 21, 22, 23, 24, 25, 32, 33, 34, 35, 36]",[78],"[14, 38, 5, 42, 50, 7, 72, 73, 18, 40, 60, 53]"
causal-gen-065,65,direct_choice,166,5,2,donor_number_tokens,7,google/gemma-2-9b-it,11c9b309abf73637e4b6f9a3fa1e92e615547819,system-prepended-to-user,79,12,-2.125,10.0,-7.9375,-7.875,-5.75,False,False,"[19, 20, 21, 22, 23, 24, 25, 32, 33, 34, 35, 36]","[19, 20, 21, 22, 23, 24, 25, 32, 33, 34, 35, 36]","[14, 38, 5, 42, 50, 7, 72, 73, 18, 40, 60, 53]"
causal-gen-065,65,direct_choice,166,5,2,donor_random_positions,7,google/gemma-2-9b-it,11c9b309abf73637e4b6f9a3fa1e92e615547819,system-prepended-to-user,79,12,-2.125,10.0,-7.9375,-2.125,0.0,False,False,"[19, 20, 21, 22, 23, 24, 25, 32, 33, 34, 35, 36]","[14, 38, 5, 42, 50, 7, 72, 73, 18, 40, 60, 53]","[14, 38, 5, 42, 50, 7, 72, 73, 18, 40, 60, 53]"
causal-gen-065,65,direct_choice,166,5,2,donor_answer_position,7,google/gemma-2-9b-it,11c9b309abf73637e4b6f9a3fa1e92e615547819,system-prepended-to-user,79,12,-2.125,10.0,-7.9375,-2.125,0.0,False,False,"[19, 20, 21, 22, 23, 24, 25, 32, 33, 34, 35, 36]",[78],"[14, 38, 5, 42, 50, 7, 72, 73, 18, 40, 60, 53]"
causal-gen-066,66,direct_choice,167,6,2,easy_number_tokens,7,google/gemma-2-9b-it,11c9b309abf73637e4b6f9a3fa1e92e615547819,system-prepended-to-user,79,12,-4.125,9.75,-8.0625,-6.5625,-2.4375,False,False,"[19, 20, 21, 22, 23, 24, 25, 32, 33, 34, 35, 36]","[30, 31, 32, 33, 34, 35, 36, 19, 20, 21, 22, 23]","[53, 11, 6, 57, 5, 47, 31, 49, 48, 62, 12, 52]"
causal-gen-066,66,direct_choice,167,6,2,easy_random_positions,7,google/gemma-2-9b-it,11c9b309abf73637e4b6f9a3fa1e92e615547819,system-prepended-to-user,79,12,-4.125,9.75,-8.0625,-2.0,2.125,False,False,"[19, 20, 21, 22, 23, 24, 25, 32, 33, 34, 35, 36]","[53, 11, 6, 57, 5, 47, 31, 49, 48, 62, 12, 52]","[53, 11, 6, 57, 5, 47, 31, 49, 48, 62, 12, 52]"
causal-gen-066,66,direct_choice,167,6,2,easy_answer_position,7,google/gemma-2-9b-it,11c9b309abf73637e4b6f9a3fa1e92e615547819,system-prepended-to-user,79,12,-4.125,9.75,-8.0625,-4.0,0.125,False,False,"[19, 20, 21, 22, 23, 24, 25, 32, 33, 34, 35, 36]",[78],"[53, 11, 6, 57, 5, 47, 31, 49, 48, 62, 12, 52]"
causal-gen-066,66,direct_choice,167,6,2,donor_number_tokens,7,google/gemma-2-9b-it,11c9b309abf73637e4b6f9a3fa1e92e615547819,system-prepended-to-user,79,12,-4.125,9.75,-8.0625,-8.125,-4.0,False,False,"[19, 20, 21, 22, 23, 24, 25, 32, 33, 34, 35, 36]","[19, 20, 21, 22, 23, 24, 25, 32, 33, 34, 35, 36]","[53, 11, 6, 57, 5, 47, 31, 49, 48, 62, 12, 52]"
causal-gen-066,66,direct_choice,167,6,2,donor_random_positions,7,google/gemma-2-9b-it,11c9b309abf73637e4b6f9a3fa1e92e615547819,system-prepended-to-user,79,12,-4.125,9.75,-8.0625,-4.125,0.0,False,False,"[19, 20, 21, 22, 23, 24, 25, 32, 33, 34, 35, 36]","[53, 11, 6, 57, 5, 47, 31, 49, 48, 62, 12, 52]","[53, 11, 6, 57, 5, 47, 31, 49, 48, 62, 12, 52]"
causal-gen-066,66,direct_choice,167,6,2,donor_answer_position,7,google/gemma-2-9b-it,11c9b309abf73637e4b6f9a3fa1e92e615547819,system-prepended-to-user,79,12,-4.125,9.75,-8.0625,-4.0,0.125,False,False,"[19, 20, 21, 22, 23, 24, 25, 32, 33, 34, 35, 36]",[78],"[53, 11, 6, 57, 5, 47, 31, 49, 48, 62, 12, 52]"
causal-gen-067,67,direct_choice,168,7,2,easy_number_tokens,7,google/gemma-2-9b-it,11c9b309abf73637e4b6f9a3fa1e92e615547819,system-prepended-to-user,79,12,-5.125,9.75,-8.8125,-2.125,3.0,False,False,"[19, 20, 21, 22, 23, 24, 25, 32, 33, 34, 35, 36]","[30, 31, 32, 33, 34, 35, 36, 19, 20, 21, 22, 23]","[43, 18, 51, 38, 57, 11, 2, 65, 42, 41, 63, 69]"
causal-gen-067,67,direct_choice,168,7,2,easy_random_positions,7,google/gemma-2-9b-it,11c9b309abf73637e4b6f9a3fa1e92e615547819,system-prepended-to-user,79,12,-5.125,9.75,-8.8125,-5.375,-0.25,False,False,"[19, 20, 21, 22, 23, 24, 25, 32, 33, 34, 35, 36]","[43, 18, 51, 38, 57, 11, 2, 65, 42, 41, 63, 69]","[43, 18, 51, 38, 57, 11, 2, 65, 42, 41, 63, 69]"
causal-gen-067,67,direct_choice,168,7,2,easy_answer_position,7,google/gemma-2-9b-it,11c9b309abf73637e4b6f9a3fa1e92e615547819,system-prepended-to-user,79,12,-5.125,9.75,-8.8125,-5.125,0.0,False,False,"[19, 20, 21, 22, 23, 24, 25, 32, 33, 34, 35, 36]",[78],"[43, 18, 51, 38, 57, 11, 2, 65, 42, 41, 63, 69]"
causal-gen-067,67,direct_choice,168,7,2,donor_number_tokens,7,google/gemma-2-9b-it,11c9b309abf73637e4b6f9a3fa1e92e615547819,system-prepended-to-user,79,12,-5.125,9.75,-8.8125,-9.0,-3.875,False,False,"[19, 20, 21, 22, 23, 24, 25, 32, 33, 34, 35, 36]","[19, 20, 21, 22, 23, 24, 25, 32, 33, 34, 35, 36]","[43, 18, 51, 38, 57, 11, 2, 65, 42, 41, 63, 69]"
causal-gen-067,67,direct_choice,168,7,2,donor_random_positions,7,google/gemma-2-9b-it,11c9b309abf73637e4b6f9a3fa1e92e615547819,system-prepended-to-user,79,12,-5.125,9.75,-8.8125,-5.125,0.0,False,False,"[19, 20, 21, 22, 23, 24, 25, 32, 33, 34, 35, 36]","[43, 18, 51, 38, 57, 11, 2, 65, 42, 41, 63, 69]","[43, 18, 51, 38, 57, 11, 2, 65, 42, 41, 63, 69]"
causal-gen-067,67,direct_choice,168,7,2,donor_answer_position,7,google/gemma-2-9b-it,11c9b309abf73637e4b6f9a3fa1e92e615547819,system-prepended-to-user,79,12,-5.125,9.75,-8.8125,-5.125,0.0,False,False,"[19, 20, 21, 22, 23, 24, 25, 32, 33, 34, 35, 36]",[78],"[43, 18, 51, 38, 57, 11, 2, 65, 42, 41, 63, 69]"
causal-gen-068,68,direct_choice,169,8,2,easy_number_tokens,7,google/gemma-2-9b-it,11c9b309abf73637e4b6f9a3fa1e92e615547819,system-prepended-to-user,79,12,-2.0,9.5625,-9.75,-4.875,-2.875,False,False,"[19, 20, 21, 22, 23, 24, 25, 32, 33, 34, 35, 36]","[30, 31, 32, 33, 34, 35, 36, 19, 20, 21, 22, 23]","[51, 7, 43, 16, 2, 9, 74, 57, 45, 11, 76, 28]"
causal-gen-068,68,direct_choice,169,8,2,easy_random_positions,7,google/gemma-2-9b-it,11c9b309abf73637e4b6f9a3fa1e92e615547819,system-prepended-to-user,79,12,-2.0,9.5625,-9.75,-2.25,-0.25,False,False,"[19, 20, 21, 22, 23, 24, 25, 32, 33, 34, 35, 36]","[51, 7, 43, 16, 2, 9, 74, 57, 45, 11, 76, 28]","[51, 7, 43, 16, 2, 9, 74, 57, 45, 11, 76, 28]"
causal-gen-068,68,direct_choice,169,8,2,easy_answer_position,7,google/gemma-2-9b-it,11c9b309abf73637e4b6f9a3fa1e92e615547819,system-prepended-to-user,79,12,-2.0,9.5625,-9.75,-2.0,0.0,False,False,"[19, 20, 21, 22, 23, 24, 25, 32, 33, 34, 35, 36]",[78],"[51, 7, 43, 16, 2, 9, 74, 57, 45, 11, 76, 28]"
causal-gen-068,68,direct_choice,169,8,2,donor_number_tokens,7,google/gemma-2-9b-it,11c9b309abf73637e4b6f9a3fa1e92e615547819,system-prepended-to-user,79,12,-2.0,9.5625,-9.75,-9.8125,-7.8125,False,False,"[19, 20, 21, 22, 23, 24, 25, 32, 33, 34, 35, 36]","[19, 20, 21, 22, 23, 24, 25, 32, 33, 34, 35, 36]","[51, 7, 43, 16, 2, 9, 74, 57, 45, 11, 76, 28]"
causal-gen-068,68,direct_choice,169,8,2,donor_random_positions,7,google/gemma-2-9b-it,11c9b309abf73637e4b6f9a3fa1e92e615547819,system-prepended-to-user,79,12,-2.0,9.5625,-9.75,-1.625,0.375,False,False,"[19, 20, 21, 22, 23, 24, 25, 32, 33, 34, 35, 36]","[51, 7, 43, 16, 2, 9, 74, 57, 45, 11, 76, 28]","[51, 7, 43, 16, 2, 9, 74, 57, 45, 11, 76, 28]"
causal-gen-068,68,direct_choice,169,8,2,donor_answer_position,7,google/gemma-2-9b-it,11c9b309abf73637e4b6f9a3fa1e92e615547819,system-prepended-to-user,79,12,-2.0,9.5625,-9.75,-1.875,0.125,False,False,"[19, 20, 21, 22, 23, 24, 25, 32, 33, 34, 35, 36]",[78],"[51, 7, 43, 16, 2, 9, 74, 57, 45, 11, 76, 28]"
causal-gen-069,69,direct_choice,170,9,2,easy_number_tokens,7,google/gemma-2-9b-it,11c9b309abf73637e4b6f9a3fa1e92e615547819,system-prepended-to-user,79,12,-6.0,9.625,-10.3125,-1.25,4.75,False,False,"[19, 20, 21, 22, 23, 24, 25, 32, 33, 34, 35, 36]","[30, 31, 32, 33, 34, 35, 36, 19, 20, 21, 22, 23]","[62, 6, 14, 9, 61, 75, 38, 26, 49, 70, 54, 29]"
causal-gen-069,69,direct_choice,170,9,2,easy_random_positions,7,google/gemma-2-9b-it,11c9b309abf73637e4b6f9a3fa1e92e615547819,system-prepended-to-user,79,12,-6.0,9.625,-10.3125,-5.0,1.0,False,False,"[19, 20, 21, 22, 23, 24, 25, 32, 33, 34, 35, 36]","[62, 6, 14, 9, 61, 75, 38, 26, 49, 70, 54, 29]","[62, 6, 14, 9, 61, 75, 38, 26, 49, 70, 54, 29]"
causal-gen-069,69,direct_choice,170,9,2,easy_answer_position,7,google/gemma-2-9b-it,11c9b309abf73637e4b6f9a3fa1e92e615547819,system-prepended-to-user,79,12,-6.0,9.625,-10.3125,-6.0,0.0,False,False,"[19, 20, 21, 22, 23, 24, 25, 32, 33, 34, 35, 36]",[78],"[62, 6, 14, 9, 61, 75, 38, 26, 49, 70, 54, 29]"
causal-gen-069,69,direct_choice,170,9,2,donor_number_tokens,7,google/gemma-2-9b-it,11c9b309abf73637e4b6f9a3fa1e92e615547819,system-prepended-to-user,79,12,-6.0,9.625,-10.3125,-10.25,-4.25,False,False,"[19, 20, 21, 22, 23, 24, 25, 32, 33, 34, 35, 36]","[19, 20, 21, 22, 23, 24, 25, 32, 33, 34, 35, 36]","[62, 6, 14, 9, 61, 75, 38, 26, 49, 70, 54, 29]"
causal-gen-069,69,direct_choice,170,9,2,donor_random_positions,7,google/gemma-2-9b-it,11c9b309abf73637e4b6f9a3fa1e92e615547819,system-prepended-to-user,79,12,-6.0,9.625,-10.3125,-6.0,0.0,False,False,"[19, 20, 21, 22, 23, 24, 25, 32, 33, 34, 35, 36]","[62, 6, 14, 9, 61, 75, 38, 26, 49, 70, 54, 29]","[62, 6, 14, 9, 61, 75, 38, 26, 49, 70, 54, 29]"
causal-gen-069,69,direct_choice,170,9,2,donor_answer_position,7,google/gemma-2-9b-it,11c9b309abf73637e4b6f9a3fa1e92e615547819,system-prepended-to-user,79,12,-6.0,9.625,-10.3125,-5.875,0.125,False,False,"[19, 20, 21, 22, 23, 24, 25, 32, 33, 34, 35, 36]",[78],"[62, 6, 14, 9, 61, 75, 38, 26, 49, 70, 54, 29]"
causal-gen-070,70,direct_choice,171,0,3,easy_number_tokens,7,google/gemma-2-9b-it,11c9b309abf73637e4b6f9a3fa1e92e615547819,system-prepended-to-user,80,13,4.25,9.9375,-6.25,6.6875,2.4375,True,True,"[19, 20, 21, 22, 23, 24, 25, 26, 33, 34, 35, 36, 37]","[30, 31, 32, 33, 34, 35, 36, 37, 19, 20, 21, 22, 23]","[55, 4, 45, 51, 15, 9, 10, 50, 32, 76, 1, 78, 14]"
causal-gen-070,70,direct_choice,171,0,3,easy_random_positions,7,google/gemma-2-9b-it,11c9b309abf73637e4b6f9a3fa1e92e615547819,system-prepended-to-user,80,13,4.25,9.9375,-6.25,6.0,1.75,True,True,"[19, 20, 21, 22, 23, 24, 25, 26, 33, 34, 35, 36, 37]","[55, 4, 45, 51, 15, 9, 10, 50, 32, 76, 1, 78, 14]","[55, 4, 45, 51, 15, 9, 10, 50, 32, 76, 1, 78, 14]"
causal-gen-070,70,direct_choice,171,0,3,easy_answer_position,7,google/gemma-2-9b-it,11c9b309abf73637e4b6f9a3fa1e92e615547819,system-prepended-to-user,80,13,4.25,9.9375,-6.25,4.125,-0.125,True,True,"[19, 20, 21, 22, 23, 24, 25, 26, 33, 34, 35, 36, 37]",[79],"[55, 4, 45, 51, 15, 9, 10, 50, 32, 76, 1, 78, 14]"
causal-gen-070,70,direct_choice,171,0,3,donor_number_tokens,7,google/gemma-2-9b-it,11c9b309abf73637e4b6f9a3fa1e92e615547819,system-prepended-to-user,80,13,4.25,9.9375,-6.25,-6.25,-10.5,True,False,"[19, 20, 21, 22, 23, 24, 25, 26, 33, 34, 35, 36, 37]","[19, 20, 21, 22, 23, 24, 25, 26, 33, 34, 35, 36, 37]","[55, 4, 45, 51, 15, 9, 10, 50, 32, 76, 1, 78, 14]"
causal-gen-070,70,direct_choice,171,0,3,donor_random_positions,7,google/gemma-2-9b-it,11c9b309abf73637e4b6f9a3fa1e92e615547819,system-prepended-to-user,80,13,4.25,9.9375,-6.25,4.125,-0.125,True,True,"[19, 20, 21, 22, 23, 24, 25, 26, 33, 34, 35, 36, 37]","[55, 4, 45, 51, 15, 9, 10, 50, 32, 76, 1, 78, 14]","[55, 4, 45, 51, 15, 9, 10, 50, 32, 76, 1, 78, 14]"
causal-gen-070,70,direct_choice,171,0,3,donor_answer_position,7,google/gemma-2-9b-it,11c9b309abf73637e4b6f9a3fa1e92e615547819,system-prepended-to-user,80,13,4.25,9.9375,-6.25,4.125,-0.125,True,True,"[19, 20, 21, 22, 23, 24, 25, 26, 33, 34, 35, 36, 37]",[79],"[55, 4, 45, 51, 15, 9, 10, 50, 32, 76, 1, 78, 14]"
causal-gen-071,71,direct_choice,172,1,3,easy_number_tokens,7,google/gemma-2-9b-it,11c9b309abf73637e4b6f9a3fa1e92e615547819,system-prepended-to-user,80,13,-5.0,9.3125,-6.375,-0.875,4.125,False,False,"[19, 20, 21, 22, 23, 24, 25, 26, 33, 34, 35, 36, 37]","[30, 31, 32, 33, 34, 35, 36, 37, 19, 20, 21, 22, 23]","[4, 43, 14, 18, 16, 15, 39, 69, 7, 45, 65, 9, 32]"
causal-gen-071,71,direct_choice,172,1,3,easy_random_positions,7,google/gemma-2-9b-it,11c9b309abf73637e4b6f9a3fa1e92e615547819,system-prepended-to-user,80,13,-5.0,9.3125,-6.375,-2.125,2.875,False,False,"[19, 20, 21, 22, 23, 24, 25, 26, 33, 34, 35, 36, 37]","[4, 43, 14, 18, 16, 15, 39, 69, 7, 45, 65, 9, 32]","[4, 43, 14, 18, 16, 15, 39, 69, 7, 45, 65, 9, 32]"
causal-gen-071,71,direct_choice,172,1,3,easy_answer_position,7,google/gemma-2-9b-it,11c9b309abf73637e4b6f9a3fa1e92e615547819,system-prepended-to-user,80,13,-5.0,9.3125,-6.375,-5.0,0.0,False,False,"[19, 20, 21, 22, 23, 24, 25, 26, 33, 34, 35, 36, 37]",[79],"[4, 43, 14, 18, 16, 15, 39, 69, 7, 45, 65, 9, 32]"
causal-gen-071,71,direct_choice,172,1,3,donor_number_tokens,7,google/gemma-2-9b-it,11c9b309abf73637e4b6f9a3fa1e92e615547819,system-prepended-to-user,80,13,-5.0,9.3125,-6.375,-6.375,-1.375,False,False,"[19, 20, 21, 22, 23, 24, 25, 26, 33, 34, 35, 36, 37]","[19, 20, 21, 22, 23, 24, 25, 26, 33, 34, 35, 36, 37]","[4, 43, 14, 18, 16, 15, 39, 69, 7, 45, 65, 9, 32]"
causal-gen-071,71,direct_choice,172,1,3,donor_random_positions,7,google/gemma-2-9b-it,11c9b309abf73637e4b6f9a3fa1e92e615547819,system-prepended-to-user,80,13,-5.0,9.3125,-6.375,-5.125,-0.125,False,False,"[19, 20, 21, 22, 23, 24, 25, 26, 33, 34, 35, 36, 37]","[4, 43, 14, 18, 16, 15, 39, 69, 7, 45, 65, 9, 32]","[4, 43, 14, 18, 16, 15, 39, 69, 7, 45, 65, 9, 32]"
causal-gen-071,71,direct_choice,172,1,3,donor_answer_position,7,google/gemma-2-9b-it,11c9b309abf73637e4b6f9a3fa1e92e615547819,system-prepended-to-user,80,13,-5.0,9.3125,-6.375,-5.0,0.0,False,False,"[19, 20, 21, 22, 23, 24, 25, 26, 33, 34, 35, 36, 37]",[79],"[4, 43, 14, 18, 16, 15, 39, 69, 7, 45, 65, 9, 32]"
causal-gen-072,72,direct_choice,173,2,3,easy_number_tokens,7,google/gemma-2-9b-it,11c9b309abf73637e4b6f9a3fa1e92e615547819,system-prepended-to-user,80,13,0.5,9.6875,-7.375,-1.625,-2.125,True,False,"[19, 20, 21, 22, 23, 24, 25, 26, 33, 34, 35, 36, 37]","[30, 31, 32, 33, 34, 35, 36, 37, 19, 20, 21, 22, 23]","[14, 53, 62, 50, 15, 30, 48, 46, 43, 75, 16, 66, 73]"
causal-gen-072,72,direct_choice,173,2,3,easy_random_positions,7,google/gemma-2-9b-it,11c9b309abf73637e4b6f9a3fa1e92e615547819,system-prepended-to-user,80,13,0.5,9.6875,-7.375,-3.25,-3.75,True,False,"[19, 20, 21, 22, 23, 24, 25, 26, 33, 34, 35, 36, 37]","[14, 53, 62, 50, 15, 30, 48, 46, 43, 75, 16, 66, 73]","[14, 53, 62, 50, 15, 30, 48, 46, 43, 75, 16, 66, 73]"
causal-gen-072,72,direct_choice,173,2,3,easy_answer_position,7,google/gemma-2-9b-it,11c9b309abf73637e4b6f9a3fa1e92e615547819,system-prepended-to-user,80,13,0.5,9.6875,-7.375,0.375,-0.125,True,True,"[19, 20, 21, 22, 23, 24, 25, 26, 33, 34, 35, 36, 37]",[79],"[14, 53, 62, 50, 15, 30, 48, 46, 43, 75, 16, 66, 73]"
causal-gen-072,72,direct_choice,173,2,3,donor_number_tokens,7,google/gemma-2-9b-it,11c9b309abf73637e4b6f9a3fa1e92e615547819,system-prepended-to-user,80,13,0.5,9.6875,-7.375,-7.25,-7.75,True,False,"[19, 20, 21, 22, 23, 24, 25, 26, 33, 34, 35, 36, 37]","[19, 20, 21, 22, 23, 24, 25, 26, 33, 34, 35, 36, 37]","[14, 53, 62, 50, 15, 30, 48, 46, 43, 75, 16, 66, 73]"
causal-gen-072,72,direct_choice,173,2,3,donor_random_positions,7,google/gemma-2-9b-it,11c9b309abf73637e4b6f9a3fa1e92e615547819,system-prepended-to-user,80,13,0.5,9.6875,-7.375,0.25,-0.25,True,True,"[19, 20, 21, 22, 23, 24, 25, 26, 33, 34, 35, 36, 37]","[14, 53, 62, 50, 15, 30, 48, 46, 43, 75, 16, 66, 73]","[14, 53, 62, 50, 15, 30, 48, 46, 43, 75, 16, 66, 73]"
causal-gen-072,72,direct_choice,173,2,3,donor_answer_position,7,google/gemma-2-9b-it,11c9b309abf73637e4b6f9a3fa1e92e615547819,system-prepended-to-user,80,13,0.5,9.6875,-7.375,0.5,0.0,True,True,"[19, 20, 21, 22, 23, 24, 25, 26, 33, 34, 35, 36, 37]",[79],"[14, 53, 62, 50, 15, 30, 48, 46, 43, 75, 16, 66, 73]"
causal-gen-073,73,direct_choice,174,3,3,easy_number_tokens,7,google/gemma-2-9b-it,11c9b309abf73637e4b6f9a3fa1e92e615547819,system-prepended-to-user,80,13,1.125,9.75,-7.0,-2.375,-3.5,True,False,"[19, 20, 21, 22, 23, 24, 25, 26, 33, 34, 35, 36, 37]","[30, 31, 32, 33, 34, 35, 36, 37, 19, 20, 21, 22, 23]","[3, 28, 41, 60, 49, 73, 48, 75, 68, 8, 38, 53, 45]"
causal-gen-073,73,direct_choice,174,3,3,easy_random_positions,7,google/gemma-2-9b-it,11c9b309abf73637e4b6f9a3fa1e92e615547819,system-prepended-to-user,80,13,1.125,9.75,-7.0,6.4375,5.3125,True,True,"[19, 20, 21, 22, 23, 24, 25, 26, 33, 34, 35, 36, 37]","[3, 28, 41, 60, 49, 73, 48, 75, 68, 8, 38, 53, 45]","[3, 28, 41, 60, 49, 73, 48, 75, 68, 8, 38, 53, 45]"
causal-gen-073,73,direct_choice,174,3,3,easy_answer_position,7,google/gemma-2-9b-it,11c9b309abf73637e4b6f9a3fa1e92e615547819,system-prepended-to-user,80,13,1.125,9.75,-7.0,1.125,0.0,True,True,"[19, 20, 21, 22, 23, 24, 25, 26, 33, 34, 35, 36, 37]",[79],"[3, 28, 41, 60, 49, 73, 48, 75, 68, 8, 38, 53, 45]"
causal-gen-073,73,direct_choice,174,3,3,donor_number_tokens,7,google/gemma-2-9b-it,11c9b309abf73637e4b6f9a3fa1e92e615547819,system-prepended-to-user,80,13,1.125,9.75,-7.0,-6.9375,-8.0625,True,False,"[19, 20, 21, 22, 23, 24, 25, 26, 33, 34, 35, 36, 37]","[19, 20, 21, 22, 23, 24, 25, 26, 33, 34, 35, 36, 37]","[3, 28, 41, 60, 49, 73, 48, 75, 68, 8, 38, 53, 45]"
causal-gen-073,73,direct_choice,174,3,3,donor_random_positions,7,google/gemma-2-9b-it,11c9b309abf73637e4b6f9a3fa1e92e615547819,system-prepended-to-user,80,13,1.125,9.75,-7.0,3.75,2.625,True,True,"[19, 20, 21, 22, 23, 24, 25, 26, 33, 34, 35, 36, 37]","[3, 28, 41, 60, 49, 73, 48, 75, 68, 8, 38, 53, 45]","[3, 28, 41, 60, 49, 73, 48, 75, 68, 8, 38, 53, 45]"
causal-gen-073,73,direct_choice,174,3,3,donor_answer_position,7,google/gemma-2-9b-it,11c9b309abf73637e4b6f9a3fa1e92e615547819,system-prepended-to-user,80,13,1.125,9.75,-7.0,1.25,0.125,True,True,"[19, 20, 21, 22, 23, 24, 25, 26, 33, 34, 35, 36, 37]",[79],"[3, 28, 41, 60, 49, 73, 48, 75, 68, 8, 38, 53, 45]"
causal-gen-074,74,direct_choice,175,4,3,easy_number_tokens,7,google/gemma-2-9b-it,11c9b309abf73637e4b6f9a3fa1e92e615547819,system-prepended-to-user,80,13,0.0,9.9375,-7.125,-0.375,-0.375,False,False,"[19, 20, 21, 22, 23, 24, 25, 26, 33, 34, 35, 36, 37]","[30, 31, 32, 33, 34, 35, 36, 37, 19, 20, 21, 22, 23]","[6, 38, 53, 32, 45, 48, 76, 5, 55, 39, 28, 74, 11]"
causal-gen-074,74,direct_choice,175,4,3,easy_random_positions,7,google/gemma-2-9b-it,11c9b309abf73637e4b6f9a3fa1e92e615547819,system-prepended-to-user,80,13,0.0,9.9375,-7.125,7.125,7.125,False,True,"[19, 20, 21, 22, 23, 24, 25, 26, 33, 34, 35, 36, 37]","[6, 38, 53, 32, 45, 48, 76, 5, 55, 39, 28, 74, 11]","[6, 38, 53, 32, 45, 48, 76, 5, 55, 39, 28, 74, 11]"
causal-gen-074,74,direct_choice,175,4,3,easy_answer_position,7,google/gemma-2-9b-it,11c9b309abf73637e4b6f9a3fa1e92e615547819,system-prepended-to-user,80,13,0.0,9.9375,-7.125,0.125,0.125,False,True,"[19, 20, 21, 22, 23, 24, 25, 26, 33, 34, 35, 36, 37]",[79],"[6, 38, 53, 32, 45, 48, 76, 5, 55, 39, 28, 74, 11]"
causal-gen-074,74,direct_choice,175,4,3,donor_number_tokens,7,google/gemma-2-9b-it,11c9b309abf73637e4b6f9a3fa1e92e615547819,system-prepended-to-user,80,13,0.0,9.9375,-7.125,-6.8125,-6.8125,False,False,"[19, 20, 21, 22, 23, 24, 25, 26, 33, 34, 35, 36, 37]","[19, 20, 21, 22, 23, 24, 25, 26, 33, 34, 35, 36, 37]","[6, 38, 53, 32, 45, 48, 76, 5, 55, 39, 28, 74, 11]"
causal-gen-074,74,direct_choice,175,4,3,donor_random_positions,7,google/gemma-2-9b-it,11c9b309abf73637e4b6f9a3fa1e92e615547819,system-prepended-to-user,80,13,0.0,9.9375,-7.125,0.75,0.75,False,True,"[19, 20, 21, 22, 23, 24, 25, 26, 33, 34, 35, 36, 37]","[6, 38, 53, 32, 45, 48, 76, 5, 55, 39, 28, 74, 11]","[6, 38, 53, 32, 45, 48, 76, 5, 55, 39, 28, 74, 11]"
causal-gen-074,74,direct_choice,175,4,3,donor_answer_position,7,google/gemma-2-9b-it,11c9b309abf73637e4b6f9a3fa1e92e615547819,system-prepended-to-user,80,13,0.0,9.9375,-7.125,0.125,0.125,False,True,"[19, 20, 21, 22, 23, 24, 25, 26, 33, 34, 35, 36, 37]",[79],"[6, 38, 53, 32, 45, 48, 76, 5, 55, 39, 28, 74, 11]"
causal-gen-075,75,direct_choice,176,5,3,easy_number_tokens,7,google/gemma-2-9b-it,11c9b309abf73637e4b6f9a3fa1e92e615547819,system-prepended-to-user,80,13,-3.125,10.0,-6.8125,-2.875,0.25,False,False,"[19, 20, 21, 22, 23, 24, 25, 26, 33, 34, 35, 36, 37]","[30, 31, 32, 33, 34, 35, 36, 37, 19, 20, 21, 22, 23]","[54, 32, 40, 55, 45, 1, 64, 67, 75, 68, 38, 58, 47]"
causal-gen-075,75,direct_choice,176,5,3,easy_random_positions,7,google/gemma-2-9b-it,11c9b309abf73637e4b6f9a3fa1e92e615547819,system-prepended-to-user,80,13,-3.125,10.0,-6.8125,6.4375,9.5625,False,True,"[19, 20, 21, 22, 23, 24, 25, 26, 33, 34, 35, 36, 37]","[54, 32, 40, 55, 45, 1, 64, 67, 75, 68, 38, 58, 47]","[54, 32, 40, 55, 45, 1, 64, 67, 75, 68, 38, 58, 47]"
causal-gen-075,75,direct_choice,176,5,3,easy_answer_position,7,google/gemma-2-9b-it,11c9b309abf73637e4b6f9a3fa1e92e615547819,system-prepended-to-user,80,13,-3.125,10.0,-6.8125,-3.125,0.0,False,False,"[19, 20, 21, 22, 23, 24, 25, 26, 33, 34, 35, 36, 37]",[79],"[54, 32, 40, 55, 45, 1, 64, 67, 75, 68, 38, 58, 47]"
causal-gen-075,75,direct_choice,176,5,3,donor_number_tokens,7,google/gemma-2-9b-it,11c9b309abf73637e4b6f9a3fa1e92e615547819,system-prepended-to-user,80,13,-3.125,10.0,-6.8125,-6.6875,-3.5625,False,False,"[19, 20, 21, 22, 23, 24, 25, 26, 33, 34, 35, 36, 37]","[19, 20, 21, 22, 23, 24, 25, 26, 33, 34, 35, 36, 37]","[54, 32, 40, 55, 45, 1, 64, 67, 75, 68, 38, 58, 47]"
causal-gen-075,75,direct_choice,176,5,3,donor_random_positions,7,google/gemma-2-9b-it,11c9b309abf73637e4b6f9a3fa1e92e615547819,system-prepended-to-user,80,13,-3.125,10.0,-6.8125,1.25,4.375,False,True,"[19, 20, 21, 22, 23, 24, 25, 26, 33, 34, 35, 36, 37]","[54, 32, 40, 55, 45, 1, 64, 67, 75, 68, 38, 58, 47]","[54, 32, 40, 55, 45, 1, 64, 67, 75, 68, 38, 58, 47]"
causal-gen-075,75,direct_choice,176,5,3,donor_answer_position,7,google/gemma-2-9b-it,11c9b309abf73637e4b6f9a3fa1e92e615547819,system-prepended-to-user,80,13,-3.125,10.0,-6.8125,-3.125,0.0,False,False,"[19, 20, 21, 22, 23, 24, 25, 26, 33, 34, 35, 36, 37]",[79],"[54, 32, 40, 55, 45, 1, 64, 67, 75, 68, 38, 58, 47]"
causal-gen-076,76,direct_choice,177,6,3,easy_number_tokens,7,google/gemma-2-9b-it,11c9b309abf73637e4b6f9a3fa1e92e615547819,system-prepended-to-user,80,13,3.0,9.9375,-7.375,-4.875,-7.875,True,False,"[19, 20, 21, 22, 23, 24, 25, 26, 33, 34, 35, 36, 37]","[30, 31, 32, 33, 34, 35, 36, 37, 19, 20, 21, 22, 23]","[74, 44, 75, 43, 57, 31, 55, 2, 54, 66, 69, 47, 8]"
causal-gen-076,76,direct_choice,177,6,3,easy_random_positions,7,google/gemma-2-9b-it,11c9b309abf73637e4b6f9a3fa1e92e615547819,system-prepended-to-user,80,13,3.0,9.9375,-7.375,1.625,-1.375,True,True,"[19, 20, 21, 22, 23, 24, 25, 26, 33, 34, 35, 36, 37]","[74, 44, 75, 43, 57, 31, 55, 2, 54, 66, 69, 47, 8]","[74, 44, 75, 43, 57, 31, 55, 2, 54, 66, 69, 47, 8]"
causal-gen-076,76,direct_choice,177,6,3,easy_answer_position,7,google/gemma-2-9b-it,11c9b309abf73637e4b6f9a3fa1e92e615547819,system-prepended-to-user,80,13,3.0,9.9375,-7.375,3.25,0.25,True,True,"[19, 20, 21, 22, 23, 24, 25, 26, 33, 34, 35, 36, 37]",[79],"[74, 44, 75, 43, 57, 31, 55, 2, 54, 66, 69, 47, 8]"
causal-gen-076,76,direct_choice,177,6,3,donor_number_tokens,7,google/gemma-2-9b-it,11c9b309abf73637e4b6f9a3fa1e92e615547819,system-prepended-to-user,80,13,3.0,9.9375,-7.375,-7.25,-10.25,True,False,"[19, 20, 21, 22, 23, 24, 25, 26, 33, 34, 35, 36, 37]","[19, 20, 21, 22, 23, 24, 25, 26, 33, 34, 35, 36, 37]","[74, 44, 75, 43, 57, 31, 55, 2, 54, 66, 69, 47, 8]"
causal-gen-076,76,direct_choice,177,6,3,donor_random_positions,7,google/gemma-2-9b-it,11c9b309abf73637e4b6f9a3fa1e92e615547819,system-prepended-to-user,80,13,3.0,9.9375,-7.375,3.125,0.125,True,True,"[19, 20, 21, 22, 23, 24, 25, 26, 33, 34, 35, 36, 37]","[74, 44, 75, 43, 57, 31, 55, 2, 54, 66, 69, 47, 8]","[74, 44, 75, 43, 57, 31, 55, 2, 54, 66, 69, 47, 8]"
causal-gen-076,76,direct_choice,177,6,3,donor_answer_position,7,google/gemma-2-9b-it,11c9b309abf73637e4b6f9a3fa1e92e615547819,system-prepended-to-user,80,13,3.0,9.9375,-7.375,3.125,0.125,True,True,"[19, 20, 21, 22, 23, 24, 25, 26, 33, 34, 35, 36, 37]",[79],"[74, 44, 75, 43, 57, 31, 55, 2, 54, 66, 69, 47, 8]"
causal-gen-077,77,direct_choice,178,7,3,easy_number_tokens,7,google/gemma-2-9b-it,11c9b309abf73637e4b6f9a3fa1e92e615547819,system-prepended-to-user,80,13,-0.5,9.75,-7.375,-4.75,-4.25,False,False,"[19, 20, 21, 22, 23, 24, 25, 26, 33, 34, 35, 36, 37]","[30, 31, 32, 33, 34, 35, 36, 37, 19, 20, 21, 22, 23]","[17, 15, 59, 50, 70, 6, 68, 64, 62, 78, 29, 5, 11]"
causal-gen-077,77,direct_choice,178,7,3,easy_random_positions,7,google/gemma-2-9b-it,11c9b309abf73637e4b6f9a3fa1e92e615547819,system-prepended-to-user,80,13,-0.5,9.75,-7.375,-1.375,-0.875,False,False,"[19, 20, 21, 22, 23, 24, 25, 26, 33, 34, 35, 36, 37]","[17, 15, 59, 50, 70, 6, 68, 64, 62, 78, 29, 5, 11]","[17, 15, 59, 50, 70, 6, 68, 64, 62, 78, 29, 5, 11]"
causal-gen-077,77,direct_choice,178,7,3,easy_answer_position,7,google/gemma-2-9b-it,11c9b309abf73637e4b6f9a3fa1e92e615547819,system-prepended-to-user,80,13,-0.5,9.75,-7.375,-0.5,0.0,False,False,"[19, 20, 21, 22, 23, 24, 25, 26, 33, 34, 35, 36, 37]",[79],"[17, 15, 59, 50, 70, 6, 68, 64, 62, 78, 29, 5, 11]"
causal-gen-077,77,direct_choice,178,7,3,donor_number_tokens,7,google/gemma-2-9b-it,11c9b309abf73637e4b6f9a3fa1e92e615547819,system-prepended-to-user,80,13,-0.5,9.75,-7.375,-7.5,-7.0,False,False,"[19, 20, 21, 22, 23, 24, 25, 26, 33, 34, 35, 36, 37]","[19, 20, 21, 22, 23, 24, 25, 26, 33, 34, 35, 36, 37]","[17, 15, 59, 50, 70, 6, 68, 64, 62, 78, 29, 5, 11]"
causal-gen-077,77,direct_choice,178,7,3,donor_random_positions,7,google/gemma-2-9b-it,11c9b309abf73637e4b6f9a3fa1e92e615547819,system-prepended-to-user,80,13,-0.5,9.75,-7.375,-0.5,0.0,False,False,"[19, 20, 21, 22, 23, 24, 25, 26, 33, 34, 35, 36, 37]","[17, 15, 59, 50, 70, 6, 68, 64, 62, 78, 29, 5, 11]","[17, 15, 59, 50, 70, 6, 68, 64, 62, 78, 29, 5, 11]"
causal-gen-077,77,direct_choice,178,7,3,donor_answer_position,7,google/gemma-2-9b-it,11c9b309abf73637e4b6f9a3fa1e92e615547819,system-prepended-to-user,80,13,-0.5,9.75,-7.375,-0.5,0.0,False,False,"[19, 20, 21, 22, 23, 24, 25, 26, 33, 34, 35, 36, 37]",[79],"[17, 15, 59, 50, 70, 6, 68, 64, 62, 78, 29, 5, 11]"
causal-gen-078,78,direct_choice,179,8,3,easy_number_tokens,7,google/gemma-2-9b-it,11c9b309abf73637e4b6f9a3fa1e92e615547819,system-prepended-to-user,80,13,-0.25,9.5625,-9.625,-5.75,-5.5,False,False,"[19, 20, 21, 22, 23, 24, 25, 26, 33, 34, 35, 36, 37]","[30, 31, 32, 33, 34, 35, 36, 37, 19, 20, 21, 22, 23]","[44, 16, 2, 50, 60, 30, 32, 15, 74, 38, 5, 72, 76]"
causal-gen-078,78,direct_choice,179,8,3,easy_random_positions,7,google/gemma-2-9b-it,11c9b309abf73637e4b6f9a3fa1e92e615547819,system-prepended-to-user,80,13,-0.25,9.5625,-9.625,2.625,2.875,False,True,"[19, 20, 21, 22, 23, 24, 25, 26, 33, 34, 35, 36, 37]","[44, 16, 2, 50, 60, 30, 32, 15, 74, 38, 5, 72, 76]","[44, 16, 2, 50, 60, 30, 32, 15, 74, 38, 5, 72, 76]"
causal-gen-078,78,direct_choice,179,8,3,easy_answer_position,7,google/gemma-2-9b-it,11c9b309abf73637e4b6f9a3fa1e92e615547819,system-prepended-to-user,80,13,-0.25,9.5625,-9.625,-0.25,0.0,False,False,"[19, 20, 21, 22, 23, 24, 25, 26, 33, 34, 35, 36, 37]",[79],"[44, 16, 2, 50, 60, 30, 32, 15, 74, 38, 5, 72, 76]"
causal-gen-078,78,direct_choice,179,8,3,donor_number_tokens,7,google/gemma-2-9b-it,11c9b309abf73637e4b6f9a3fa1e92e615547819,system-prepended-to-user,80,13,-0.25,9.5625,-9.625,-9.5625,-9.3125,False,False,"[19, 20, 21, 22, 23, 24, 25, 26, 33, 34, 35, 36, 37]","[19, 20, 21, 22, 23, 24, 25, 26, 33, 34, 35, 36, 37]","[44, 16, 2, 50, 60, 30, 32, 15, 74, 38, 5, 72, 76]"
causal-gen-078,78,direct_choice,179,8,3,donor_random_positions,7,google/gemma-2-9b-it,11c9b309abf73637e4b6f9a3fa1e92e615547819,system-prepended-to-user,80,13,-0.25,9.5625,-9.625,2.0,2.25,False,True,"[19, 20, 21, 22, 23, 24, 25, 26, 33, 34, 35, 36, 37]","[44, 16, 2, 50, 60, 30, 32, 15, 74, 38, 5, 72, 76]","[44, 16, 2, 50, 60, 30, 32, 15, 74, 38, 5, 72, 76]"
causal-gen-078,78,direct_choice,179,8,3,donor_answer_position,7,google/gemma-2-9b-it,11c9b309abf73637e4b6f9a3fa1e92e615547819,system-prepended-to-user,80,13,-0.25,9.5625,-9.625,0.0,0.25,False,False,"[19, 20, 21, 22, 23, 24, 25, 26, 33, 34, 35, 36, 37]",[79],"[44, 16, 2, 50, 60, 30, 32, 15, 74, 38, 5, 72, 76]"
causal-gen-079,79,direct_choice,180,9,3,easy_number_tokens,7,google/gemma-2-9b-it,11c9b309abf73637e4b6f9a3fa1e92e615547819,system-prepended-to-user,80,13,-2.125,9.375,-9.6875,3.0,5.125,False,True,"[19, 20, 21, 22, 23, 24, 25, 26, 33, 34, 35, 36, 37]","[30, 31, 32, 33, 34, 35, 36, 37, 19, 20, 21, 22, 23]","[31, 54, 61, 10, 52, 2, 46, 39, 14, 16, 74, 65, 4]"
causal-gen-079,79,direct_choice,180,9,3,easy_random_positions,7,google/gemma-2-9b-it,11c9b309abf73637e4b6f9a3fa1e92e615547819,system-prepended-to-user,80,13,-2.125,9.375,-9.6875,1.75,3.875,False,True,"[19, 20, 21, 22, 23, 24, 25, 26, 33, 34, 35, 36, 37]","[31, 54, 61, 10, 52, 2, 46, 39, 14, 16, 74, 65, 4]","[31, 54, 61, 10, 52, 2, 46, 39, 14, 16, 74, 65, 4]"
causal-gen-079,79,direct_choice,180,9,3,easy_answer_position,7,google/gemma-2-9b-it,11c9b309abf73637e4b6f9a3fa1e92e615547819,system-prepended-to-user,80,13,-2.125,9.375,-9.6875,-2.125,0.0,False,False,"[19, 20, 21, 22, 23, 24, 25, 26, 33, 34, 35, 36, 37]",[79],"[31, 54, 61, 10, 52, 2, 46, 39, 14, 16, 74, 65, 4]"
causal-gen-079,79,direct_choice,180,9,3,donor_number_tokens,7,google/gemma-2-9b-it,11c9b309abf73637e4b6f9a3fa1e92e615547819,system-prepended-to-user,80,13,-2.125,9.375,-9.6875,-9.625,-7.5,False,False,"[19, 20, 21, 22, 23, 24, 25, 26, 33, 34, 35, 36, 37]","[19, 20, 21, 22, 23, 24, 25, 26, 33, 34, 35, 36, 37]","[31, 54, 61, 10, 52, 2, 46, 39, 14, 16, 74, 65, 4]"
causal-gen-079,79,direct_choice,180,9,3,donor_random_positions,7,google/gemma-2-9b-it,11c9b309abf73637e4b6f9a3fa1e92e615547819,system-prepended-to-user,80,13,-2.125,9.375,-9.6875,-2.125,0.0,False,False,"[19, 20, 21, 22, 23, 24, 25, 26, 33, 34, 35, 36, 37]","[31, 54, 61, 10, 52, 2, 46, 39, 14, 16, 74, 65, 4]","[31, 54, 61, 10, 52, 2, 46, 39, 14, 16, 74, 65, 4]"
causal-gen-079,79,direct_choice,180,9,3,donor_answer_position,7,google/gemma-2-9b-it,11c9b309abf73637e4b6f9a3fa1e92e615547819,system-prepended-to-user,80,13,-2.125,9.375,-9.6875,-2.125,0.0,False,False,"[19, 20, 21, 22, 23, 24, 25, 26, 33, 34, 35, 36, 37]",[79],"[31, 54, 61, 10, 52, 2, 46, 39, 14, 16, 74, 65, 4]"
causal-gen-080,80,direct_choice,181,0,4,easy_number_tokens,7,google/gemma-2-9b-it,11c9b309abf73637e4b6f9a3fa1e92e615547819,system-prepended-to-user,81,14,4.5,9.875,-5.5,-0.125,-4.625,True,False,"[19, 20, 21, 22, 23, 24, 25, 26, 27, 34, 35, 36, 37, 38]","[30, 31, 32, 33, 34, 35, 36, 37, 38, 19, 20, 21, 22, 23]","[46, 54, 18, 9, 50, 61, 68, 8, 44, 5, 28, 75, 29, 48]"
causal-gen-080,80,direct_choice,181,0,4,easy_random_positions,7,google/gemma-2-9b-it,11c9b309abf73637e4b6f9a3fa1e92e615547819,system-prepended-to-user,81,14,4.5,9.875,-5.5,3.5,-1.0,True,True,"[19, 20, 21, 22, 23, 24, 25, 26, 27, 34, 35, 36, 37, 38]","[46, 54, 18, 9, 50, 61, 68, 8, 44, 5, 28, 75, 29, 48]","[46, 54, 18, 9, 50, 61, 68, 8, 44, 5, 28, 75, 29, 48]"
causal-gen-080,80,direct_choice,181,0,4,easy_answer_position,7,google/gemma-2-9b-it,11c9b309abf73637e4b6f9a3fa1e92e615547819,system-prepended-to-user,81,14,4.5,9.875,-5.5,4.5,0.0,True,True,"[19, 20, 21, 22, 23, 24, 25, 26, 27, 34, 35, 36, 37, 38]",[80],"[46, 54, 18, 9, 50, 61, 68, 8, 44, 5, 28, 75, 29, 48]"
causal-gen-080,80,direct_choice,181,0,4,donor_number_tokens,7,google/gemma-2-9b-it,11c9b309abf73637e4b6f9a3fa1e92e615547819,system-prepended-to-user,81,14,4.5,9.875,-5.5,-5.25,-9.75,True,False,"[19, 20, 21, 22, 23, 24, 25, 26, 27, 34, 35, 36, 37, 38]","[19, 20, 21, 22, 23, 24, 25, 26, 27, 34, 35, 36, 37, 38]","[46, 54, 18, 9, 50, 61, 68, 8, 44, 5, 28, 75, 29, 48]"
causal-gen-080,80,direct_choice,181,0,4,donor_random_positions,7,google/gemma-2-9b-it,11c9b309abf73637e4b6f9a3fa1e92e615547819,system-prepended-to-user,81,14,4.5,9.875,-5.5,4.5,0.0,True,True,"[19, 20, 21, 22, 23, 24, 25, 26, 27, 34, 35, 36, 37, 38]","[46, 54, 18, 9, 50, 61, 68, 8, 44, 5, 28, 75, 29, 48]","[46, 54, 18, 9, 50, 61, 68, 8, 44, 5, 28, 75, 29, 48]"
causal-gen-080,80,direct_choice,181,0,4,donor_answer_position,7,google/gemma-2-9b-it,11c9b309abf73637e4b6f9a3fa1e92e615547819,system-prepended-to-user,81,14,4.5,9.875,-5.5,4.5,0.0,True,True,"[19, 20, 21, 22, 23, 24, 25, 26, 27, 34, 35, 36, 37, 38]",[80],"[46, 54, 18, 9, 50, 61, 68, 8, 44, 5, 28, 75, 29, 48]"
causal-gen-081,81,direct_choice,182,1,4,easy_number_tokens,7,google/gemma-2-9b-it,11c9b309abf73637e4b6f9a3fa1e92e615547819,system-prepended-to-user,81,14,-4.5,9.375,-6.0,-1.125,3.375,False,False,"[19, 20, 21, 22, 23, 24, 25, 26, 27, 34, 35, 36, 37, 38]","[30, 31, 32, 33, 34, 35, 36, 37, 38, 19, 20, 21, 22, 23]","[63, 68, 61, 58, 7, 39, 43, 73, 45, 55, 12, 15, 5, 69]"
causal-gen-081,81,direct_choice,182,1,4,easy_random_positions,7,google/gemma-2-9b-it,11c9b309abf73637e4b6f9a3fa1e92e615547819,system-prepended-to-user,81,14,-4.5,9.375,-6.0,4.5,9.0,False,True,"[19, 20, 21, 22, 23, 24, 25, 26, 27, 34, 35, 36, 37, 38]","[63, 68, 61, 58, 7, 39, 43, 73, 45, 55, 12, 15, 5, 69]","[63, 68, 61, 58, 7, 39, 43, 73, 45, 55, 12, 15, 5, 69]"
causal-gen-081,81,direct_choice,182,1,4,easy_answer_position,7,google/gemma-2-9b-it,11c9b309abf73637e4b6f9a3fa1e92e615547819,system-prepended-to-user,81,14,-4.5,9.375,-6.0,-4.625,-0.125,False,False,"[19, 20, 21, 22, 23, 24, 25, 26, 27, 34, 35, 36, 37, 38]",[80],"[63, 68, 61, 58, 7, 39, 43, 73, 45, 55, 12, 15, 5, 69]"
causal-gen-081,81,direct_choice,182,1,4,donor_number_tokens,7,google/gemma-2-9b-it,11c9b309abf73637e4b6f9a3fa1e92e615547819,system-prepended-to-user,81,14,-4.5,9.375,-6.0,-6.125,-1.625,False,False,"[19, 20, 21, 22, 23, 24, 25, 26, 27, 34, 35, 36, 37, 38]","[19, 20, 21, 22, 23, 24, 25, 26, 27, 34, 35, 36, 37, 38]","[63, 68, 61, 58, 7, 39, 43, 73, 45, 55, 12, 15, 5, 69]"
causal-gen-081,81,direct_choice,182,1,4,donor_random_positions,7,google/gemma-2-9b-it,11c9b309abf73637e4b6f9a3fa1e92e615547819,system-prepended-to-user,81,14,-4.5,9.375,-6.0,-1.25,3.25,False,False,"[19, 20, 21, 22, 23, 24, 25, 26, 27, 34, 35, 36, 37, 38]","[63, 68, 61, 58, 7, 39, 43, 73, 45, 55, 12, 15, 5, 69]","[63, 68, 61, 58, 7, 39, 43, 73, 45, 55, 12, 15, 5, 69]"
causal-gen-081,81,direct_choice,182,1,4,donor_answer_position,7,google/gemma-2-9b-it,11c9b309abf73637e4b6f9a3fa1e92e615547819,system-prepended-to-user,81,14,-4.5,9.375,-6.0,-4.5,0.0,False,False,"[19, 20, 21, 22, 23, 24, 25, 26, 27, 34, 35, 36, 37, 38]",[80],"[63, 68, 61, 58, 7, 39, 43, 73, 45, 55, 12, 15, 5, 69]"
causal-gen-082,82,direct_choice,183,2,4,easy_number_tokens,7,google/gemma-2-9b-it,11c9b309abf73637e4b6f9a3fa1e92e615547819,system-prepended-to-user,81,14,3.625,9.5,-6.5625,-1.0,-4.625,True,False,"[19, 20, 21, 22, 23, 24, 25, 26, 27, 34, 35, 36, 37, 38]","[30, 31, 32, 33, 34, 35, 36, 37, 38, 19, 20, 21, 22, 23]","[55, 17, 77, 9, 71, 49, 48, 79, 56, 72, 63, 30, 66, 45]"
causal-gen-082,82,direct_choice,183,2,4,easy_random_positions,7,google/gemma-2-9b-it,11c9b309abf73637e4b6f9a3fa1e92e615547819,system-prepended-to-user,81,14,3.625,9.5,-6.5625,2.875,-0.75,True,True,"[19, 20, 21, 22, 23, 24, 25, 26, 27, 34, 35, 36, 37, 38]","[55, 17, 77, 9, 71, 49, 48, 79, 56, 72, 63, 30, 66, 45]","[55, 17, 77, 9, 71, 49, 48, 79, 56, 72, 63, 30, 66, 45]"
causal-gen-082,82,direct_choice,183,2,4,easy_answer_position,7,google/gemma-2-9b-it,11c9b309abf73637e4b6f9a3fa1e92e615547819,system-prepended-to-user,81,14,3.625,9.5,-6.5625,3.75,0.125,True,True,"[19, 20, 21, 22, 23, 24, 25, 26, 27, 34, 35, 36, 37, 38]",[80],"[55, 17, 77, 9, 71, 49, 48, 79, 56, 72, 63, 30, 66, 45]"
causal-gen-082,82,direct_choice,183,2,4,donor_number_tokens,7,google/gemma-2-9b-it,11c9b309abf73637e4b6f9a3fa1e92e615547819,system-prepended-to-user,81,14,3.625,9.5,-6.5625,-6.5625,-10.1875,True,False,"[19, 20, 21, 22, 23, 24, 25, 26, 27, 34, 35, 36, 37, 38]","[19, 20, 21, 22, 23, 24, 25, 26, 27, 34, 35, 36, 37, 38]","[55, 17, 77, 9, 71, 49, 48, 79, 56, 72, 63, 30, 66, 45]"
causal-gen-082,82,direct_choice,183,2,4,donor_random_positions,7,google/gemma-2-9b-it,11c9b309abf73637e4b6f9a3fa1e92e615547819,system-prepended-to-user,81,14,3.625,9.5,-6.5625,3.625,0.0,True,True,"[19, 20, 21, 22, 23, 24, 25, 26, 27, 34, 35, 36, 37, 38]","[55, 17, 77, 9, 71, 49, 48, 79, 56, 72, 63, 30, 66, 45]","[55, 17, 77, 9, 71, 49, 48, 79, 56, 72, 63, 30, 66, 45]"
causal-gen-082,82,direct_choice,183,2,4,donor_answer_position,7,google/gemma-2-9b-it,11c9b309abf73637e4b6f9a3fa1e92e615547819,system-prepended-to-user,81,14,3.625,9.5,-6.5625,3.75,0.125,True,True,"[19, 20, 21, 22, 23, 24, 25, 26, 27, 34, 35, 36, 37, 38]",[80],"[55, 17, 77, 9, 71, 49, 48, 79, 56, 72, 63, 30, 66, 45]"
causal-gen-083,83,direct_choice,184,3,4,easy_number_tokens,7,google/gemma-2-9b-it,11c9b309abf73637e4b6f9a3fa1e92e615547819,system-prepended-to-user,81,14,-1.625,9.4375,-6.5625,-1.5,0.125,False,False,"[19, 20, 21, 22, 23, 24, 25, 26, 27, 34, 35, 36, 37, 38]","[30, 31, 32, 33, 34, 35, 36, 37, 38, 19, 20, 21, 22, 23]","[30, 74, 14, 51, 8, 62, 9, 54, 78, 15, 64, 33, 18, 58]"
causal-gen-083,83,direct_choice,184,3,4,easy_random_positions,7,google/gemma-2-9b-it,11c9b309abf73637e4b6f9a3fa1e92e615547819,system-prepended-to-user,81,14,-1.625,9.4375,-6.5625,-2.875,-1.25,False,False,"[19, 20, 21, 22, 23, 24, 25, 26, 27, 34, 35, 36, 37, 38]","[30, 74, 14, 51, 8, 62, 9, 54, 78, 15, 64, 33, 18, 58]","[30, 74, 14, 51, 8, 62, 9, 54, 78, 15, 64, 33, 18, 58]"
causal-gen-083,83,direct_choice,184,3,4,easy_answer_position,7,google/gemma-2-9b-it,11c9b309abf73637e4b6f9a3fa1e92e615547819,system-prepended-to-user,81,14,-1.625,9.4375,-6.5625,-1.875,-0.25,False,False,"[19, 20, 21, 22, 23, 24, 25, 26, 27, 34, 35, 36, 37, 38]",[80],"[30, 74, 14, 51, 8, 62, 9, 54, 78, 15, 64, 33, 18, 58]"
causal-gen-083,83,direct_choice,184,3,4,donor_number_tokens,7,google/gemma-2-9b-it,11c9b309abf73637e4b6f9a3fa1e92e615547819,system-prepended-to-user,81,14,-1.625,9.4375,-6.5625,-6.4375,-4.8125,False,False,"[19, 20, 21, 22, 23, 24, 25, 26, 27, 34, 35, 36, 37, 38]","[19, 20, 21, 22, 23, 24, 25, 26, 27, 34, 35, 36, 37, 38]","[30, 74, 14, 51, 8, 62, 9, 54, 78, 15, 64, 33, 18, 58]"
causal-gen-083,83,direct_choice,184,3,4,donor_random_positions,7,google/gemma-2-9b-it,11c9b309abf73637e4b6f9a3fa1e92e615547819,system-prepended-to-user,81,14,-1.625,9.4375,-6.5625,-1.875,-0.25,False,False,"[19, 20, 21, 22, 23, 24, 25, 26, 27, 34, 35, 36, 37, 38]","[30, 74, 14, 51, 8, 62, 9, 54, 78, 15, 64, 33, 18, 58]","[30, 74, 14, 51, 8, 62, 9, 54, 78, 15, 64, 33, 18, 58]"
causal-gen-083,83,direct_choice,184,3,4,donor_answer_position,7,google/gemma-2-9b-it,11c9b309abf73637e4b6f9a3fa1e92e615547819,system-prepended-to-user,81,14,-1.625,9.4375,-6.5625,-1.875,-0.25,False,False,"[19, 20, 21, 22, 23, 24, 25, 26, 27, 34, 35, 36, 37, 38]",[80],"[30, 74, 14, 51, 8, 62, 9, 54, 78, 15, 64, 33, 18, 58]"
causal-gen-084,84,direct_choice,185,4,4,easy_number_tokens,7,google/gemma-2-9b-it,11c9b309abf73637e4b6f9a3fa1e92e615547819,system-prepended-to-user,81,14,1.875,9.625,-6.6875,2.375,0.5,True,True,"[19, 20, 21, 22, 23, 24, 25, 26, 27, 34, 35, 36, 37, 38]","[30, 31, 32, 33, 34, 35, 36, 37, 38, 19, 20, 21, 22, 23]","[61, 76, 62, 48, 39, 2, 31, 17, 77, 51, 75, 57, 43, 7]"
causal-gen-084,84,direct_choice,185,4,4,easy_random_positions,7,google/gemma-2-9b-it,11c9b309abf73637e4b6f9a3fa1e92e615547819,system-prepended-to-user,81,14,1.875,9.625,-6.6875,2.25,0.375,True,True,"[19, 20, 21, 22, 23, 24, 25, 26, 27, 34, 35, 36, 37, 38]","[61, 76, 62, 48, 39, 2, 31, 17, 77, 51, 75, 57, 43, 7]","[61, 76, 62, 48, 39, 2, 31, 17, 77, 51, 75, 57, 43, 7]"
causal-gen-084,84,direct_choice,185,4,4,easy_answer_position,7,google/gemma-2-9b-it,11c9b309abf73637e4b6f9a3fa1e92e615547819,system-prepended-to-user,81,14,1.875,9.625,-6.6875,1.875,0.0,True,True,"[19, 20, 21, 22, 23, 24, 25, 26, 27, 34, 35, 36, 37, 38]",[80],"[61, 76, 62, 48, 39, 2, 31, 17, 77, 51, 75, 57, 43, 7]"
causal-gen-084,84,direct_choice,185,4,4,donor_number_tokens,7,google/gemma-2-9b-it,11c9b309abf73637e4b6f9a3fa1e92e615547819,system-prepended-to-user,81,14,1.875,9.625,-6.6875,-6.5625,-8.4375,True,False,"[19, 20, 21, 22, 23, 24, 25, 26, 27, 34, 35, 36, 37, 38]","[19, 20, 21, 22, 23, 24, 25, 26, 27, 34, 35, 36, 37, 38]","[61, 76, 62, 48, 39, 2, 31, 17, 77, 51, 75, 57, 43, 7]"
causal-gen-084,84,direct_choice,185,4,4,donor_random_positions,7,google/gemma-2-9b-it,11c9b309abf73637e4b6f9a3fa1e92e615547819,system-prepended-to-user,81,14,1.875,9.625,-6.6875,3.0,1.125,True,True,"[19, 20, 21, 22, 23, 24, 25, 26, 27, 34, 35, 36, 37, 38]","[61, 76, 62, 48, 39, 2, 31, 17, 77, 51, 75, 57, 43, 7]","[61, 76, 62, 48, 39, 2, 31, 17, 77, 51, 75, 57, 43, 7]"
causal-gen-084,84,direct_choice,185,4,4,donor_answer_position,7,google/gemma-2-9b-it,11c9b309abf73637e4b6f9a3fa1e92e615547819,system-prepended-to-user,81,14,1.875,9.625,-6.6875,1.875,0.0,True,True,"[19, 20, 21, 22, 23, 24, 25, 26, 27, 34, 35, 36, 37, 38]",[80],"[61, 76, 62, 48, 39, 2, 31, 17, 77, 51, 75, 57, 43, 7]"
causal-gen-085,85,direct_choice,186,5,4,easy_number_tokens,7,google/gemma-2-9b-it,11c9b309abf73637e4b6f9a3fa1e92e615547819,system-prepended-to-user,81,14,-0.75,9.8125,-6.3125,0.875,1.625,False,True,"[19, 20, 21, 22, 23, 24, 25, 26, 27, 34, 35, 36, 37, 38]","[30, 31, 32, 33, 34, 35, 36, 37, 38, 19, 20, 21, 22, 23]","[71, 3, 33, 7, 43, 18, 13, 63, 70, 65, 44, 30, 69, 29]"
causal-gen-085,85,direct_choice,186,5,4,easy_random_positions,7,google/gemma-2-9b-it,11c9b309abf73637e4b6f9a3fa1e92e615547819,system-prepended-to-user,81,14,-0.75,9.8125,-6.3125,-1.5,-0.75,False,False,"[19, 20, 21, 22, 23, 24, 25, 26, 27, 34, 35, 36, 37, 38]","[71, 3, 33, 7, 43, 18, 13, 63, 70, 65, 44, 30, 69, 29]","[71, 3, 33, 7, 43, 18, 13, 63, 70, 65, 44, 30, 69, 29]"
causal-gen-085,85,direct_choice,186,5,4,easy_answer_position,7,google/gemma-2-9b-it,11c9b309abf73637e4b6f9a3fa1e92e615547819,system-prepended-to-user,81,14,-0.75,9.8125,-6.3125,-0.75,0.0,False,False,"[19, 20, 21, 22, 23, 24, 25, 26, 27, 34, 35, 36, 37, 38]",[80],"[71, 3, 33, 7, 43, 18, 13, 63, 70, 65, 44, 30, 69, 29]"
causal-gen-085,85,direct_choice,186,5,4,donor_number_tokens,7,google/gemma-2-9b-it,11c9b309abf73637e4b6f9a3fa1e92e615547819,system-prepended-to-user,81,14,-0.75,9.8125,-6.3125,-6.4375,-5.6875,False,False,"[19, 20, 21, 22, 23, 24, 25, 26, 27, 34, 35, 36, 37, 38]","[19, 20, 21, 22, 23, 24, 25, 26, 27, 34, 35, 36, 37, 38]","[71, 3, 33, 7, 43, 18, 13, 63, 70, 65, 44, 30, 69, 29]"
causal-gen-085,85,direct_choice,186,5,4,donor_random_positions,7,google/gemma-2-9b-it,11c9b309abf73637e4b6f9a3fa1e92e615547819,system-prepended-to-user,81,14,-0.75,9.8125,-6.3125,-1.0,-0.25,False,False,"[19, 20, 21, 22, 23, 24, 25, 26, 27, 34, 35, 36, 37, 38]","[71, 3, 33, 7, 43, 18, 13, 63, 70, 65, 44, 30, 69, 29]","[71, 3, 33, 7, 43, 18, 13, 63, 70, 65, 44, 30, 69, 29]"
causal-gen-085,85,direct_choice,186,5,4,donor_answer_position,7,google/gemma-2-9b-it,11c9b309abf73637e4b6f9a3fa1e92e615547819,system-prepended-to-user,81,14,-0.75,9.8125,-6.3125,-0.75,0.0,False,False,"[19, 20, 21, 22, 23, 24, 25, 26, 27, 34, 35, 36, 37, 38]",[80],"[71, 3, 33, 7, 43, 18, 13, 63, 70, 65, 44, 30, 69, 29]"
causal-gen-086,86,direct_choice,187,6,4,easy_number_tokens,7,google/gemma-2-9b-it,11c9b309abf73637e4b6f9a3fa1e92e615547819,system-prepended-to-user,81,14,-3.125,9.625,-6.8125,-6.125,-3.0,False,False,"[19, 20, 21, 22, 23, 24, 25, 26, 27, 34, 35, 36, 37, 38]","[30, 31, 32, 33, 34, 35, 36, 37, 38, 19, 20, 21, 22, 23]","[53, 11, 15, 12, 14, 29, 2, 13, 33, 65, 50, 78, 32, 62]"
causal-gen-086,86,direct_choice,187,6,4,easy_random_positions,7,google/gemma-2-9b-it,11c9b309abf73637e4b6f9a3fa1e92e615547819,system-prepended-to-user,81,14,-3.125,9.625,-6.8125,0.125,3.25,False,True,"[19, 20, 21, 22, 23, 24, 25, 26, 27, 34, 35, 36, 37, 38]","[53, 11, 15, 12, 14, 29, 2, 13, 33, 65, 50, 78, 32, 62]","[53, 11, 15, 12, 14, 29, 2, 13, 33, 65, 50, 78, 32, 62]"
causal-gen-086,86,direct_choice,187,6,4,easy_answer_position,7,google/gemma-2-9b-it,11c9b309abf73637e4b6f9a3fa1e92e615547819,system-prepended-to-user,81,14,-3.125,9.625,-6.8125,-3.125,0.0,False,False,"[19, 20, 21, 22, 23, 24, 25, 26, 27, 34, 35, 36, 37, 38]",[80],"[53, 11, 15, 12, 14, 29, 2, 13, 33, 65, 50, 78, 32, 62]"
causal-gen-086,86,direct_choice,187,6,4,donor_number_tokens,7,google/gemma-2-9b-it,11c9b309abf73637e4b6f9a3fa1e92e615547819,system-prepended-to-user,81,14,-3.125,9.625,-6.8125,-6.8125,-3.6875,False,False,"[19, 20, 21, 22, 23, 24, 25, 26, 27, 34, 35, 36, 37, 38]","[19, 20, 21, 22, 23, 24, 25, 26, 27, 34, 35, 36, 37, 38]","[53, 11, 15, 12, 14, 29, 2, 13, 33, 65, 50, 78, 32, 62]"
causal-gen-086,86,direct_choice,187,6,4,donor_random_positions,7,google/gemma-2-9b-it,11c9b309abf73637e4b6f9a3fa1e92e615547819,system-prepended-to-user,81,14,-3.125,9.625,-6.8125,-3.0,0.125,False,False,"[19, 20, 21, 22, 23, 24, 25, 26, 27, 34, 35, 36, 37, 38]","[53, 11, 15, 12, 14, 29, 2, 13, 33, 65, 50, 78, 32, 62]","[53, 11, 15, 12, 14, 29, 2, 13, 33, 65, 50, 78, 32, 62]"
causal-gen-086,86,direct_choice,187,6,4,donor_answer_position,7,google/gemma-2-9b-it,11c9b309abf73637e4b6f9a3fa1e92e615547819,system-prepended-to-user,81,14,-3.125,9.625,-6.8125,-3.0,0.125,False,False,"[19, 20, 21, 22, 23, 24, 25, 26, 27, 34, 35, 36, 37, 38]",[80],"[53, 11, 15, 12, 14, 29, 2, 13, 33, 65, 50, 78, 32, 62]"
causal-gen-087,87,direct_choice,188,7,4,easy_number_tokens,7,google/gemma-2-9b-it,11c9b309abf73637e4b6f9a3fa1e92e615547819,system-prepended-to-user,81,14,0.125,9.625,-7.375,-3.5,-3.625,True,False,"[19, 20, 21, 22, 23, 24, 25, 26, 27, 34, 35, 36, 37, 38]","[30, 31, 32, 33, 34, 35, 36, 37, 38, 19, 20, 21, 22, 23]","[14, 42, 52, 7, 63, 44, 70, 11, 78, 13, 64, 40, 54, 67]"
causal-gen-087,87,direct_choice,188,7,4,easy_random_positions,7,google/gemma-2-9b-it,11c9b309abf73637e4b6f9a3fa1e92e615547819,system-prepended-to-user,81,14,0.125,9.625,-7.375,0.25,0.125,True,True,"[19, 20, 21, 22, 23, 24, 25, 26, 27, 34, 35, 36, 37, 38]","[14, 42, 52, 7, 63, 44, 70, 11, 78, 13, 64, 40, 54, 67]","[14, 42, 52, 7, 63, 44, 70, 11, 78, 13, 64, 40, 54, 67]"
causal-gen-087,87,direct_choice,188,7,4,easy_answer_position,7,google/gemma-2-9b-it,11c9b309abf73637e4b6f9a3fa1e92e615547819,system-prepended-to-user,81,14,0.125,9.625,-7.375,0.25,0.125,True,True,"[19, 20, 21, 22, 23, 24, 25, 26, 27, 34, 35, 36, 37, 38]",[80],"[14, 42, 52, 7, 63, 44, 70, 11, 78, 13, 64, 40, 54, 67]"
causal-gen-087,87,direct_choice,188,7,4,donor_number_tokens,7,google/gemma-2-9b-it,11c9b309abf73637e4b6f9a3fa1e92e615547819,system-prepended-to-user,81,14,0.125,9.625,-7.375,-7.375,-7.5,True,False,"[19, 20, 21, 22, 23, 24, 25, 26, 27, 34, 35, 36, 37, 38]","[19, 20, 21, 22, 23, 24, 25, 26, 27, 34, 35, 36, 37, 38]","[14, 42, 52, 7, 63, 44, 70, 11, 78, 13, 64, 40, 54, 67]"
causal-gen-087,87,direct_choice,188,7,4,donor_random_positions,7,google/gemma-2-9b-it,11c9b309abf73637e4b6f9a3fa1e92e615547819,system-prepended-to-user,81,14,0.125,9.625,-7.375,0.375,0.25,True,True,"[19, 20, 21, 22, 23, 24, 25, 26, 27, 34, 35, 36, 37, 38]","[14, 42, 52, 7, 63, 44, 70, 11, 78, 13, 64, 40, 54, 67]","[14, 42, 52, 7, 63, 44, 70, 11, 78, 13, 64, 40, 54, 67]"
causal-gen-087,87,direct_choice,188,7,4,donor_answer_position,7,google/gemma-2-9b-it,11c9b309abf73637e4b6f9a3fa1e92e615547819,system-prepended-to-user,81,14,0.125,9.625,-7.375,0.125,0.0,True,True,"[19, 20, 21, 22, 23, 24, 25, 26, 27, 34, 35, 36, 37, 38]",[80],"[14, 42, 52, 7, 63, 44, 70, 11, 78, 13, 64, 40, 54, 67]"
causal-gen-088,88,direct_choice,189,8,4,easy_number_tokens,7,google/gemma-2-9b-it,11c9b309abf73637e4b6f9a3fa1e92e615547819,system-prepended-to-user,81,14,-1.625,9.5,-9.3125,-3.25,-1.625,False,False,"[19, 20, 21, 22, 23, 24, 25, 26, 27, 34, 35, 36, 37, 38]","[30, 31, 32, 33, 34, 35, 36, 37, 38, 19, 20, 21, 22, 23]","[50, 45, 53, 78, 72, 39, 7, 52, 18, 49, 66, 76, 29, 69]"
causal-gen-088,88,direct_choice,189,8,4,easy_random_positions,7,google/gemma-2-9b-it,11c9b309abf73637e4b6f9a3fa1e92e615547819,system-prepended-to-user,81,14,-1.625,9.5,-9.3125,5.375,7.0,False,True,"[19, 20, 21, 22, 23, 24, 25, 26, 27, 34, 35, 36, 37, 38]","[50, 45, 53, 78, 72, 39, 7, 52, 18, 49, 66, 76, 29, 69]","[50, 45, 53, 78, 72, 39, 7, 52, 18, 49, 66, 76, 29, 69]"
causal-gen-088,88,direct_choice,189,8,4,easy_answer_position,7,google/gemma-2-9b-it,11c9b309abf73637e4b6f9a3fa1e92e615547819,system-prepended-to-user,81,14,-1.625,9.5,-9.3125,-1.5,0.125,False,False,"[19, 20, 21, 22, 23, 24, 25, 26, 27, 34, 35, 36, 37, 38]",[80],"[50, 45, 53, 78, 72, 39, 7, 52, 18, 49, 66, 76, 29, 69]"
causal-gen-088,88,direct_choice,189,8,4,donor_number_tokens,7,google/gemma-2-9b-it,11c9b309abf73637e4b6f9a3fa1e92e615547819,system-prepended-to-user,81,14,-1.625,9.5,-9.3125,-9.25,-7.625,False,False,"[19, 20, 21, 22, 23, 24, 25, 26, 27, 34, 35, 36, 37, 38]","[19, 20, 21, 22, 23, 24, 25, 26, 27, 34, 35, 36, 37, 38]","[50, 45, 53, 78, 72, 39, 7, 52, 18, 49, 66, 76, 29, 69]"
causal-gen-088,88,direct_choice,189,8,4,donor_random_positions,7,google/gemma-2-9b-it,11c9b309abf73637e4b6f9a3fa1e92e615547819,system-prepended-to-user,81,14,-1.625,9.5,-9.3125,-0.125,1.5,False,False,"[19, 20, 21, 22, 23, 24, 25, 26, 27, 34, 35, 36, 37, 38]","[50, 45, 53, 78, 72, 39, 7, 52, 18, 49, 66, 76, 29, 69]","[50, 45, 53, 78, 72, 39, 7, 52, 18, 49, 66, 76, 29, 69]"
causal-gen-088,88,direct_choice,189,8,4,donor_answer_position,7,google/gemma-2-9b-it,11c9b309abf73637e4b6f9a3fa1e92e615547819,system-prepended-to-user,81,14,-1.625,9.5,-9.3125,-1.625,0.0,False,False,"[19, 20, 21, 22, 23, 24, 25, 26, 27, 34, 35, 36, 37, 38]",[80],"[50, 45, 53, 78, 72, 39, 7, 52, 18, 49, 66, 76, 29, 69]"
causal-gen-089,89,direct_choice,190,9,4,easy_number_tokens,7,google/gemma-2-9b-it,11c9b309abf73637e4b6f9a3fa1e92e615547819,system-prepended-to-user,81,14,-4.375,9.1875,-9.4375,0.5,4.875,False,True,"[19, 20, 21, 22, 23, 24, 25, 26, 27, 34, 35, 36, 37, 38]","[30, 31, 32, 33, 34, 35, 36, 37, 38, 19, 20, 21, 22, 23]","[32, 70, 74, 78, 14, 13, 71, 41, 11, 2, 1, 76, 62, 46]"
causal-gen-089,89,direct_choice,190,9,4,easy_random_positions,7,google/gemma-2-9b-it,11c9b309abf73637e4b6f9a3fa1e92e615547819,system-prepended-to-user,81,14,-4.375,9.1875,-9.4375,1.375,5.75,False,True,"[19, 20, 21, 22, 23, 24, 25, 26, 27, 34, 35, 36, 37, 38]","[32, 70, 74, 78, 14, 13, 71, 41, 11, 2, 1, 76, 62, 46]","[32, 70, 74, 78, 14, 13, 71, 41, 11, 2, 1, 76, 62, 46]"
causal-gen-089,89,direct_choice,190,9,4,easy_answer_position,7,google/gemma-2-9b-it,11c9b309abf73637e4b6f9a3fa1e92e615547819,system-prepended-to-user,81,14,-4.375,9.1875,-9.4375,-4.375,0.0,False,False,"[19, 20, 21, 22, 23, 24, 25, 26, 27, 34, 35, 36, 37, 38]",[80],"[32, 70, 74, 78, 14, 13, 71, 41, 11, 2, 1, 76, 62, 46]"
causal-gen-089,89,direct_choice,190,9,4,donor_number_tokens,7,google/gemma-2-9b-it,11c9b309abf73637e4b6f9a3fa1e92e615547819,system-prepended-to-user,81,14,-4.375,9.1875,-9.4375,-9.5625,-5.1875,False,False,"[19, 20, 21, 22, 23, 24, 25, 26, 27, 34, 35, 36, 37, 38]","[19, 20, 21, 22, 23, 24, 25, 26, 27, 34, 35, 36, 37, 38]","[32, 70, 74, 78, 14, 13, 71, 41, 11, 2, 1, 76, 62, 46]"
causal-gen-089,89,direct_choice,190,9,4,donor_random_positions,7,google/gemma-2-9b-it,11c9b309abf73637e4b6f9a3fa1e92e615547819,system-prepended-to-user,81,14,-4.375,9.1875,-9.4375,-4.375,0.0,False,False,"[19, 20, 21, 22, 23, 24, 25, 26, 27, 34, 35, 36, 37, 38]","[32, 70, 74, 78, 14, 13, 71, 41, 11, 2, 1, 76, 62, 46]","[32, 70, 74, 78, 14, 13, 71, 41, 11, 2, 1, 76, 62, 46]"
causal-gen-089,89,direct_choice,190,9,4,donor_answer_position,7,google/gemma-2-9b-it,11c9b309abf73637e4b6f9a3fa1e92e615547819,system-prepended-to-user,81,14,-4.375,9.1875,-9.4375,-4.375,0.0,False,False,"[19, 20, 21, 22, 23, 24, 25, 26, 27, 34, 35, 36, 37, 38]",[80],"[32, 70, 74, 78, 14, 13, 71, 41, 11, 2, 1, 76, 62, 46]"
causal-gen-090,90,direct_choice,191,0,5,easy_number_tokens,7,google/gemma-2-9b-it,11c9b309abf73637e4b6f9a3fa1e92e615547819,system-prepended-to-user,82,15,4.875,9.9375,-5.25,0.25,-4.625,True,True,"[19, 20, 21, 22, 23, 24, 25, 26, 27, 28, 35, 36, 37, 38, 39]","[30, 31, 32, 33, 34, 35, 36, 37, 38, 39, 19, 20, 21, 22, 23]","[43, 16, 7, 74, 17, 3, 1, 15, 2, 79, 76, 52, 44, 60, 53]"
causal-gen-090,90,direct_choice,191,0,5,easy_random_positions,7,google/gemma-2-9b-it,11c9b309abf73637e4b6f9a3fa1e92e615547819,system-prepended-to-user,82,15,4.875,9.9375,-5.25,4.875,0.0,True,True,"[19, 20, 21, 22, 23, 24, 25, 26, 27, 28, 35, 36, 37, 38, 39]","[43, 16, 7, 74, 17, 3, 1, 15, 2, 79, 76, 52, 44, 60, 53]","[43, 16, 7, 74, 17, 3, 1, 15, 2, 79, 76, 52, 44, 60, 53]"
causal-gen-090,90,direct_choice,191,0,5,easy_answer_position,7,google/gemma-2-9b-it,11c9b309abf73637e4b6f9a3fa1e92e615547819,system-prepended-to-user,82,15,4.875,9.9375,-5.25,4.875,0.0,True,True,"[19, 20, 21, 22, 23, 24, 25, 26, 27, 28, 35, 36, 37, 38, 39]",[81],"[43, 16, 7, 74, 17, 3, 1, 15, 2, 79, 76, 52, 44, 60, 53]"
causal-gen-090,90,direct_choice,191,0,5,donor_number_tokens,7,google/gemma-2-9b-it,11c9b309abf73637e4b6f9a3fa1e92e615547819,system-prepended-to-user,82,15,4.875,9.9375,-5.25,-5.125,-10.0,True,False,"[19, 20, 21, 22, 23, 24, 25, 26, 27, 28, 35, 36, 37, 38, 39]","[19, 20, 21, 22, 23, 24, 25, 26, 27, 28, 35, 36, 37, 38, 39]","[43, 16, 7, 74, 17, 3, 1, 15, 2, 79, 76, 52, 44, 60, 53]"
causal-gen-090,90,direct_choice,191,0,5,donor_random_positions,7,google/gemma-2-9b-it,11c9b309abf73637e4b6f9a3fa1e92e615547819,system-prepended-to-user,82,15,4.875,9.9375,-5.25,4.875,0.0,True,True,"[19, 20, 21, 22, 23, 24, 25, 26, 27, 28, 35, 36, 37, 38, 39]","[43, 16, 7, 74, 17, 3, 1, 15, 2, 79, 76, 52, 44, 60, 53]","[43, 16, 7, 74, 17, 3, 1, 15, 2, 79, 76, 52, 44, 60, 53]"
causal-gen-090,90,direct_choice,191,0,5,donor_answer_position,7,google/gemma-2-9b-it,11c9b309abf73637e4b6f9a3fa1e92e615547819,system-prepended-to-user,82,15,4.875,9.9375,-5.25,4.875,0.0,True,True,"[19, 20, 21, 22, 23, 24, 25, 26, 27, 28, 35, 36, 37, 38, 39]",[81],"[43, 16, 7, 74, 17, 3, 1, 15, 2, 79, 76, 52, 44, 60, 53]"
causal-gen-091,91,direct_choice,192,1,5,easy_number_tokens,7,google/gemma-2-9b-it,11c9b309abf73637e4b6f9a3fa1e92e615547819,system-prepended-to-user,82,15,-5.625,9.1875,-6.1875,-0.625,5.0,False,False,"[19, 20, 21, 22, 23, 24, 25, 26, 27, 28, 35, 36, 37, 38, 39]","[30, 31, 32, 33, 34, 35, 36, 37, 38, 39, 19, 20, 21, 22, 23]","[59, 63, 11, 8, 50, 46, 30, 10, 74, 34, 64, 66, 49, 7, 69]"
causal-gen-091,91,direct_choice,192,1,5,easy_random_positions,7,google/gemma-2-9b-it,11c9b309abf73637e4b6f9a3fa1e92e615547819,system-prepended-to-user,82,15,-5.625,9.1875,-6.1875,-4.25,1.375,False,False,"[19, 20, 21, 22, 23, 24, 25, 26, 27, 28, 35, 36, 37, 38, 39]","[59, 63, 11, 8, 50, 46, 30, 10, 74, 34, 64, 66, 49, 7, 69]","[59, 63, 11, 8, 50, 46, 30, 10, 74, 34, 64, 66, 49, 7, 69]"
causal-gen-091,91,direct_choice,192,1,5,easy_answer_position,7,google/gemma-2-9b-it,11c9b309abf73637e4b6f9a3fa1e92e615547819,system-prepended-to-user,82,15,-5.625,9.1875,-6.1875,-5.625,0.0,False,False,"[19, 20, 21, 22, 23, 24, 25, 26, 27, 28, 35, 36, 37, 38, 39]",[81],"[59, 63, 11, 8, 50, 46, 30, 10, 74, 34, 64, 66, 49, 7, 69]"
causal-gen-091,91,direct_choice,192,1,5,donor_number_tokens,7,google/gemma-2-9b-it,11c9b309abf73637e4b6f9a3fa1e92e615547819,system-prepended-to-user,82,15,-5.625,9.1875,-6.1875,-6.0625,-0.4375,False,False,"[19, 20, 21, 22, 23, 24, 25, 26, 27, 28, 35, 36, 37, 38, 39]","[19, 20, 21, 22, 23, 24, 25, 26, 27, 28, 35, 36, 37, 38, 39]","[59, 63, 11, 8, 50, 46, 30, 10, 74, 34, 64, 66, 49, 7, 69]"
causal-gen-091,91,direct_choice,192,1,5,donor_random_positions,7,google/gemma-2-9b-it,11c9b309abf73637e4b6f9a3fa1e92e615547819,system-prepended-to-user,82,15,-5.625,9.1875,-6.1875,-5.5,0.125,False,False,"[19, 20, 21, 22, 23, 24, 25, 26, 27, 28, 35, 36, 37, 38, 39]","[59, 63, 11, 8, 50, 46, 30, 10, 74, 34, 64, 66, 49, 7, 69]","[59, 63, 11, 8, 50, 46, 30, 10, 74, 34, 64, 66, 49, 7, 69]"
causal-gen-091,91,direct_choice,192,1,5,donor_answer_position,7,google/gemma-2-9b-it,11c9b309abf73637e4b6f9a3fa1e92e615547819,system-prepended-to-user,82,15,-5.625,9.1875,-6.1875,-5.5,0.125,False,False,"[19, 20, 21, 22, 23, 24, 25, 26, 27, 28, 35, 36, 37, 38, 39]",[81],"[59, 63, 11, 8, 50, 46, 30, 10, 74, 34, 64, 66, 49, 7, 69]"
causal-gen-092,92,direct_choice,193,2,5,easy_number_tokens,7,google/gemma-2-9b-it,11c9b309abf73637e4b6f9a3fa1e92e615547819,system-prepended-to-user,82,15,3.5,9.375,-6.5625,0.5,-3.0,True,True,"[19, 20, 21, 22, 23, 24, 25, 26, 27, 28, 35, 36, 37, 38, 39]","[30, 31, 32, 33, 34, 35, 36, 37, 38, 39, 19, 20, 21, 22, 23]","[12, 53, 59, 75, 51, 14, 74, 6, 7, 9, 18, 77, 45, 57, 2]"
causal-gen-092,92,direct_choice,193,2,5,easy_random_positions,7,google/gemma-2-9b-it,11c9b309abf73637e4b6f9a3fa1e92e615547819,system-prepended-to-user,82,15,3.5,9.375,-6.5625,3.5,0.0,True,True,"[19, 20, 21, 22, 23, 24, 25, 26, 27, 28, 35, 36, 37, 38, 39]","[12, 53, 59, 75, 51, 14, 74, 6, 7, 9, 18, 77, 45, 57, 2]","[12, 53, 59, 75, 51, 14, 74, 6, 7, 9, 18, 77, 45, 57, 2]"
causal-gen-092,92,direct_choice,193,2,5,easy_answer_position,7,google/gemma-2-9b-it,11c9b309abf73637e4b6f9a3fa1e92e615547819,system-prepended-to-user,82,15,3.5,9.375,-6.5625,3.5,0.0,True,True,"[19, 20, 21, 22, 23, 24, 25, 26, 27, 28, 35, 36, 37, 38, 39]",[81],"[12, 53, 59, 75, 51, 14, 74, 6, 7, 9, 18, 77, 45, 57, 2]"
causal-gen-092,92,direct_choice,193,2,5,donor_number_tokens,7,google/gemma-2-9b-it,11c9b309abf73637e4b6f9a3fa1e92e615547819,system-prepended-to-user,82,15,3.5,9.375,-6.5625,-6.5625,-10.0625,True,False,"[19, 20, 21, 22, 23, 24, 25, 26, 27, 28, 35, 36, 37, 38, 39]","[19, 20, 21, 22, 23, 24, 25, 26, 27, 28, 35, 36, 37, 38, 39]","[12, 53, 59, 75, 51, 14, 74, 6, 7, 9, 18, 77, 45, 57, 2]"
causal-gen-092,92,direct_choice,193,2,5,donor_random_positions,7,google/gemma-2-9b-it,11c9b309abf73637e4b6f9a3fa1e92e615547819,system-prepended-to-user,82,15,3.5,9.375,-6.5625,3.375,-0.125,True,True,"[19, 20, 21, 22, 23, 24, 25, 26, 27, 28, 35, 36, 37, 38, 39]","[12, 53, 59, 75, 51, 14, 74, 6, 7, 9, 18, 77, 45, 57, 2]","[12, 53, 59, 75, 51, 14, 74, 6, 7, 9, 18, 77, 45, 57, 2]"
causal-gen-092,92,direct_choice,193,2,5,donor_answer_position,7,google/gemma-2-9b-it,11c9b309abf73637e4b6f9a3fa1e92e615547819,system-prepended-to-user,82,15,3.5,9.375,-6.5625,3.5,0.0,True,True,"[19, 20, 21, 22, 23, 24, 25, 26, 27, 28, 35, 36, 37, 38, 39]",[81],"[12, 53, 59, 75, 51, 14, 74, 6, 7, 9, 18, 77, 45, 57, 2]"
causal-gen-093,93,direct_choice,194,3,5,easy_number_tokens,7,google/gemma-2-9b-it,11c9b309abf73637e4b6f9a3fa1e92e615547819,system-prepended-to-user,82,15,1.125,9.6875,-6.4375,-1.25,-2.375,True,False,"[19, 20, 21, 22, 23, 24, 25, 26, 27, 28, 35, 36, 37, 38, 39]","[30, 31, 32, 33, 34, 35, 36, 37, 38, 39, 19, 20, 21, 22, 23]","[65, 13, 67, 32, 17, 78, 49, 70, 52, 72, 43, 64, 46, 74, 63]"
causal-gen-093,93,direct_choice,194,3,5,easy_random_positions,7,google/gemma-2-9b-it,11c9b309abf73637e4b6f9a3fa1e92e615547819,system-prepended-to-user,82,15,1.125,9.6875,-6.4375,-3.25,-4.375,True,False,"[19, 20, 21, 22, 23, 24, 25, 26, 27, 28, 35, 36, 37, 38, 39]","[65, 13, 67, 32, 17, 78, 49, 70, 52, 72, 43, 64, 46, 74, 63]","[65, 13, 67, 32, 17, 78, 49, 70, 52, 72, 43, 64, 46, 74, 63]"
causal-gen-093,93,direct_choice,194,3,5,easy_answer_position,7,google/gemma-2-9b-it,11c9b309abf73637e4b6f9a3fa1e92e615547819,system-prepended-to-user,82,15,1.125,9.6875,-6.4375,1.0,-0.125,True,True,"[19, 20, 21, 22, 23, 24, 25, 26, 27, 28, 35, 36, 37, 38, 39]",[81],"[65, 13, 67, 32, 17, 78, 49, 70, 52, 72, 43, 64, 46, 74, 63]"
causal-gen-093,93,direct_choice,194,3,5,donor_number_tokens,7,google/gemma-2-9b-it,11c9b309abf73637e4b6f9a3fa1e92e615547819,system-prepended-to-user,82,15,1.125,9.6875,-6.4375,-6.4375,-7.5625,True,False,"[19, 20, 21, 22, 23, 24, 25, 26, 27, 28, 35, 36, 37, 38, 39]","[19, 20, 21, 22, 23, 24, 25, 26, 27, 28, 35, 36, 37, 38, 39]","[65, 13, 67, 32, 17, 78, 49, 70, 52, 72, 43, 64, 46, 74, 63]"
causal-gen-093,93,direct_choice,194,3,5,donor_random_positions,7,google/gemma-2-9b-it,11c9b309abf73637e4b6f9a3fa1e92e615547819,system-prepended-to-user,82,15,1.125,9.6875,-6.4375,1.25,0.125,True,True,"[19, 20, 21, 22, 23, 24, 25, 26, 27, 28, 35, 36, 37, 38, 39]","[65, 13, 67, 32, 17, 78, 49, 70, 52, 72, 43, 64, 46, 74, 63]","[65, 13, 67, 32, 17, 78, 49, 70, 52, 72, 43, 64, 46, 74, 63]"
causal-gen-093,93,direct_choice,194,3,5,donor_answer_position,7,google/gemma-2-9b-it,11c9b309abf73637e4b6f9a3fa1e92e615547819,system-prepended-to-user,82,15,1.125,9.6875,-6.4375,1.0,-0.125,True,True,"[19, 20, 21, 22, 23, 24, 25, 26, 27, 28, 35, 36, 37, 38, 39]",[81],"[65, 13, 67, 32, 17, 78, 49, 70, 52, 72, 43, 64, 46, 74, 63]"
causal-gen-094,94,direct_choice,195,4,5,easy_number_tokens,7,google/gemma-2-9b-it,11c9b309abf73637e4b6f9a3fa1e92e615547819,system-prepended-to-user,82,15,4.0,9.8125,-7.125,5.25,1.25,True,True,"[19, 20, 21, 22, 23, 24, 25, 26, 27, 28, 35, 36, 37, 38, 39]","[30, 31, 32, 33, 34, 35, 36, 37, 38, 39, 19, 20, 21, 22, 23]","[66, 13, 43, 4, 44, 62, 40, 42, 64, 1, 10, 16, 80, 31, 50]"
causal-gen-094,94,direct_choice,195,4,5,easy_random_positions,7,google/gemma-2-9b-it,11c9b309abf73637e4b6f9a3fa1e92e615547819,system-prepended-to-user,82,15,4.0,9.8125,-7.125,6.1875,2.1875,True,True,"[19, 20, 21, 22, 23, 24, 25, 26, 27, 28, 35, 36, 37, 38, 39]","[66, 13, 43, 4, 44, 62, 40, 42, 64, 1, 10, 16, 80, 31, 50]","[66, 13, 43, 4, 44, 62, 40, 42, 64, 1, 10, 16, 80, 31, 50]"
causal-gen-094,94,direct_choice,195,4,5,easy_answer_position,7,google/gemma-2-9b-it,11c9b309abf73637e4b6f9a3fa1e92e615547819,system-prepended-to-user,82,15,4.0,9.8125,-7.125,3.875,-0.125,True,True,"[19, 20, 21, 22, 23, 24, 25, 26, 27, 28, 35, 36, 37, 38, 39]",[81],"[66, 13, 43, 4, 44, 62, 40, 42, 64, 1, 10, 16, 80, 31, 50]"
causal-gen-094,94,direct_choice,195,4,5,donor_number_tokens,7,google/gemma-2-9b-it,11c9b309abf73637e4b6f9a3fa1e92e615547819,system-prepended-to-user,82,15,4.0,9.8125,-7.125,-6.875,-10.875,True,False,"[19, 20, 21, 22, 23, 24, 25, 26, 27, 28, 35, 36, 37, 38, 39]","[19, 20, 21, 22, 23, 24, 25, 26, 27, 28, 35, 36, 37, 38, 39]","[66, 13, 43, 4, 44, 62, 40, 42, 64, 1, 10, 16, 80, 31, 50]"
causal-gen-094,94,direct_choice,195,4,5,donor_random_positions,7,google/gemma-2-9b-it,11c9b309abf73637e4b6f9a3fa1e92e615547819,system-prepended-to-user,82,15,4.0,9.8125,-7.125,4.25,0.25,True,True,"[19, 20, 21, 22, 23, 24, 25, 26, 27, 28, 35, 36, 37, 38, 39]","[66, 13, 43, 4, 44, 62, 40, 42, 64, 1, 10, 16, 80, 31, 50]","[66, 13, 43, 4, 44, 62, 40, 42, 64, 1, 10, 16, 80, 31, 50]"
causal-gen-094,94,direct_choice,195,4,5,donor_answer_position,7,google/gemma-2-9b-it,11c9b309abf73637e4b6f9a3fa1e92e615547819,system-prepended-to-user,82,15,4.0,9.8125,-7.125,3.875,-0.125,True,True,"[19, 20, 21, 22, 23, 24, 25, 26, 27, 28, 35, 36, 37, 38, 39]",[81],"[66, 13, 43, 4, 44, 62, 40, 42, 64, 1, 10, 16, 80, 31, 50]"
causal-gen-095,95,direct_choice,196,5,5,easy_number_tokens,7,google/gemma-2-9b-it,11c9b309abf73637e4b6f9a3fa1e92e615547819,system-prepended-to-user,82,15,-1.75,9.9375,-6.3125,4.25,6.0,False,True,"[19, 20, 21, 22, 23, 24, 25, 26, 27, 28, 35, 36, 37, 38, 39]","[30, 31, 32, 33, 34, 35, 36, 37, 38, 39, 19, 20, 21, 22, 23]","[18, 16, 42, 41, 59, 52, 61, 76, 40, 58, 4, 43, 3, 47, 30]"
causal-gen-095,95,direct_choice,196,5,5,easy_random_positions,7,google/gemma-2-9b-it,11c9b309abf73637e4b6f9a3fa1e92e615547819,system-prepended-to-user,82,15,-1.75,9.9375,-6.3125,5.75,7.5,False,True,"[19, 20, 21, 22, 23, 24, 25, 26, 27, 28, 35, 36, 37, 38, 39]","[18, 16, 42, 41, 59, 52, 61, 76, 40, 58, 4, 43, 3, 47, 30]","[18, 16, 42, 41, 59, 52, 61, 76, 40, 58, 4, 43, 3, 47, 30]"
causal-gen-095,95,direct_choice,196,5,5,easy_answer_position,7,google/gemma-2-9b-it,11c9b309abf73637e4b6f9a3fa1e92e615547819,system-prepended-to-user,82,15,-1.75,9.9375,-6.3125,-1.875,-0.125,False,False,"[19, 20, 21, 22, 23, 24, 25, 26, 27, 28, 35, 36, 37, 38, 39]",[81],"[18, 16, 42, 41, 59, 52, 61, 76, 40, 58, 4, 43, 3, 47, 30]"
causal-gen-095,95,direct_choice,196,5,5,donor_number_tokens,7,google/gemma-2-9b-it,11c9b309abf73637e4b6f9a3fa1e92e615547819,system-prepended-to-user,82,15,-1.75,9.9375,-6.3125,-6.3125,-4.5625,False,False,"[19, 20, 21, 22, 23, 24, 25, 26, 27, 28, 35, 36, 37, 38, 39]","[19, 20, 21, 22, 23, 24, 25, 26, 27, 28, 35, 36, 37, 38, 39]","[18, 16, 42, 41, 59, 52, 61, 76, 40, 58, 4, 43, 3, 47, 30]"
causal-gen-095,95,direct_choice,196,5,5,donor_random_positions,7,google/gemma-2-9b-it,11c9b309abf73637e4b6f9a3fa1e92e615547819,system-prepended-to-user,82,15,-1.75,9.9375,-6.3125,2.375,4.125,False,True,"[19, 20, 21, 22, 23, 24, 25, 26, 27, 28, 35, 36, 37, 38, 39]","[18, 16, 42, 41, 59, 52, 61, 76, 40, 58, 4, 43, 3, 47, 30]","[18, 16, 42, 41, 59, 52, 61, 76, 40, 58, 4, 43, 3, 47, 30]"
causal-gen-095,95,direct_choice,196,5,5,donor_answer_position,7,google/gemma-2-9b-it,11c9b309abf73637e4b6f9a3fa1e92e615547819,system-prepended-to-user,82,15,-1.75,9.9375,-6.3125,-1.875,-0.125,False,False,"[19, 20, 21, 22, 23, 24, 25, 26, 27, 28, 35, 36, 37, 38, 39]",[81],"[18, 16, 42, 41, 59, 52, 61, 76, 40, 58, 4, 43, 3, 47, 30]"
causal-gen-096,96,direct_choice,197,6,5,easy_number_tokens,7,google/gemma-2-9b-it,11c9b309abf73637e4b6f9a3fa1e92e615547819,system-prepended-to-user,82,15,2.625,9.8125,-6.875,3.25,0.625,True,True,"[19, 20, 21, 22, 23, 24, 25, 26, 27, 28, 35, 36, 37, 38, 39]","[30, 31, 32, 33, 34, 35, 36, 37, 38, 39, 19, 20, 21, 22, 23]","[60, 53, 15, 62, 64, 65, 77, 74, 13, 56, 1, 47, 76, 80, 17]"
causal-gen-096,96,direct_choice,197,6,5,easy_random_positions,7,google/gemma-2-9b-it,11c9b309abf73637e4b6f9a3fa1e92e615547819,system-prepended-to-user,82,15,2.625,9.8125,-6.875,2.75,0.125,True,True,"[19, 20, 21, 22, 23, 24, 25, 26, 27, 28, 35, 36, 37, 38, 39]","[60, 53, 15, 62, 64, 65, 77, 74, 13, 56, 1, 47, 76, 80, 17]","[60, 53, 15, 62, 64, 65, 77, 74, 13, 56, 1, 47, 76, 80, 17]"
causal-gen-096,96,direct_choice,197,6,5,easy_answer_position,7,google/gemma-2-9b-it,11c9b309abf73637e4b6f9a3fa1e92e615547819,system-prepended-to-user,82,15,2.625,9.8125,-6.875,2.5,-0.125,True,True,"[19, 20, 21, 22, 23, 24, 25, 26, 27, 28, 35, 36, 37, 38, 39]",[81],"[60, 53, 15, 62, 64, 65, 77, 74, 13, 56, 1, 47, 76, 80, 17]"
causal-gen-096,96,direct_choice,197,6,5,donor_number_tokens,7,google/gemma-2-9b-it,11c9b309abf73637e4b6f9a3fa1e92e615547819,system-prepended-to-user,82,15,2.625,9.8125,-6.875,-6.875,-9.5,True,False,"[19, 20, 21, 22, 23, 24, 25, 26, 27, 28, 35, 36, 37, 38, 39]","[19, 20, 21, 22, 23, 24, 25, 26, 27, 28, 35, 36, 37, 38, 39]","[60, 53, 15, 62, 64, 65, 77, 74, 13, 56, 1, 47, 76, 80, 17]"
causal-gen-096,96,direct_choice,197,6,5,donor_random_positions,7,google/gemma-2-9b-it,11c9b309abf73637e4b6f9a3fa1e92e615547819,system-prepended-to-user,82,15,2.625,9.8125,-6.875,2.375,-0.25,True,True,"[19, 20, 21, 22, 23, 24, 25, 26, 27, 28, 35, 36, 37, 38, 39]","[60, 53, 15, 62, 64, 65, 77, 74, 13, 56, 1, 47, 76, 80, 17]","[60, 53, 15, 62, 64, 65, 77, 74, 13, 56, 1, 47, 76, 80, 17]"
causal-gen-096,96,direct_choice,197,6,5,donor_answer_position,7,google/gemma-2-9b-it,11c9b309abf73637e4b6f9a3fa1e92e615547819,system-prepended-to-user,82,15,2.625,9.8125,-6.875,2.625,0.0,True,True,"[19, 20, 21, 22, 23, 24, 25, 26, 27, 28, 35, 36, 37, 38, 39]",[81],"[60, 53, 15, 62, 64, 65, 77, 74, 13, 56, 1, 47, 76, 80, 17]"
causal-gen-097,97,direct_choice,198,7,5,easy_number_tokens,7,google/gemma-2-9b-it,11c9b309abf73637e4b6f9a3fa1e92e615547819,system-prepended-to-user,82,15,1.625,9.625,-8.25,3.0,1.375,True,True,"[19, 20, 21, 22, 23, 24, 25, 26, 27, 28, 35, 36, 37, 38, 39]","[30, 31, 32, 33, 34, 35, 36, 37, 38, 39, 19, 20, 21, 22, 23]","[9, 34, 29, 41, 5, 61, 51, 79, 54, 44, 1, 67, 72, 11, 15]"
causal-gen-097,97,direct_choice,198,7,5,easy_random_positions,7,google/gemma-2-9b-it,11c9b309abf73637e4b6f9a3fa1e92e615547819,system-prepended-to-user,82,15,1.625,9.625,-8.25,3.125,1.5,True,True,"[19, 20, 21, 22, 23, 24, 25, 26, 27, 28, 35, 36, 37, 38, 39]","[9, 34, 29, 41, 5, 61, 51, 79, 54, 44, 1, 67, 72, 11, 15]","[9, 34, 29, 41, 5, 61, 51, 79, 54, 44, 1, 67, 72, 11, 15]"
causal-gen-097,97,direct_choice,198,7,5,easy_answer_position,7,google/gemma-2-9b-it,11c9b309abf73637e4b6f9a3fa1e92e615547819,system-prepended-to-user,82,15,1.625,9.625,-8.25,1.625,0.0,True,True,"[19, 20, 21, 22, 23, 24, 25, 26, 27, 28, 35, 36, 37, 38, 39]",[81],"[9, 34, 29, 41, 5, 61, 51, 79, 54, 44, 1, 67, 72, 11, 15]"
causal-gen-097,97,direct_choice,198,7,5,donor_number_tokens,7,google/gemma-2-9b-it,11c9b309abf73637e4b6f9a3fa1e92e615547819,system-prepended-to-user,82,15,1.625,9.625,-8.25,-8.125,-9.75,True,False,"[19, 20, 21, 22, 23, 24, 25, 26, 27, 28, 35, 36, 37, 38, 39]","[19, 20, 21, 22, 23, 24, 25, 26, 27, 28, 35, 36, 37, 38, 39]","[9, 34, 29, 41, 5, 61, 51, 79, 54, 44, 1, 67, 72, 11, 15]"
causal-gen-097,97,direct_choice,198,7,5,donor_random_positions,7,google/gemma-2-9b-it,11c9b309abf73637e4b6f9a3fa1e92e615547819,system-prepended-to-user,82,15,1.625,9.625,-8.25,1.75,0.125,True,True,"[19, 20, 21, 22, 23, 24, 25, 26, 27, 28, 35, 36, 37, 38, 39]","[9, 34, 29, 41, 5, 61, 51, 79, 54, 44, 1, 67, 72, 11, 15]","[9, 34, 29, 41, 5, 61, 51, 79, 54, 44, 1, 67, 72, 11, 15]"
causal-gen-097,97,direct_choice,198,7,5,donor_answer_position,7,google/gemma-2-9b-it,11c9b309abf73637e4b6f9a3fa1e92e615547819,system-prepended-to-user,82,15,1.625,9.625,-8.25,1.625,0.0,True,True,"[19, 20, 21, 22, 23, 24, 25, 26, 27, 28, 35, 36, 37, 38, 39]",[81],"[9, 34, 29, 41, 5, 61, 51, 79, 54, 44, 1, 67, 72, 11, 15]"
causal-gen-098,98,direct_choice,199,8,5,easy_number_tokens,7,google/gemma-2-9b-it,11c9b309abf73637e4b6f9a3fa1e92e615547819,system-prepended-to-user,82,15,0.125,9.5,-10.3125,2.75,2.625,True,True,"[19, 20, 21, 22, 23, 24, 25, 26, 27, 28, 35, 36, 37, 38, 39]","[30, 31, 32, 33, 34, 35, 36, 37, 38, 39, 19, 20, 21, 22, 23]","[12, 50, 11, 10, 46, 60, 58, 8, 44, 62, 4, 18, 48, 79, 56]"
causal-gen-098,98,direct_choice,199,8,5,easy_random_positions,7,google/gemma-2-9b-it,11c9b309abf73637e4b6f9a3fa1e92e615547819,system-prepended-to-user,82,15,0.125,9.5,-10.3125,0.125,0.0,True,True,"[19, 20, 21, 22, 23, 24, 25, 26, 27, 28, 35, 36, 37, 38, 39]","[12, 50, 11, 10, 46, 60, 58, 8, 44, 62, 4, 18, 48, 79, 56]","[12, 50, 11, 10, 46, 60, 58, 8, 44, 62, 4, 18, 48, 79, 56]"
causal-gen-098,98,direct_choice,199,8,5,easy_answer_position,7,google/gemma-2-9b-it,11c9b309abf73637e4b6f9a3fa1e92e615547819,system-prepended-to-user,82,15,0.125,9.5,-10.3125,0.125,0.0,True,True,"[19, 20, 21, 22, 23, 24, 25, 26, 27, 28, 35, 36, 37, 38, 39]",[81],"[12, 50, 11, 10, 46, 60, 58, 8, 44, 62, 4, 18, 48, 79, 56]"
causal-gen-098,98,direct_choice,199,8,5,donor_number_tokens,7,google/gemma-2-9b-it,11c9b309abf73637e4b6f9a3fa1e92e615547819,system-prepended-to-user,82,15,0.125,9.5,-10.3125,-10.1875,-10.3125,True,False,"[19, 20, 21, 22, 23, 24, 25, 26, 27, 28, 35, 36, 37, 38, 39]","[19, 20, 21, 22, 23, 24, 25, 26, 27, 28, 35, 36, 37, 38, 39]","[12, 50, 11, 10, 46, 60, 58, 8, 44, 62, 4, 18, 48, 79, 56]"
causal-gen-098,98,direct_choice,199,8,5,donor_random_positions,7,google/gemma-2-9b-it,11c9b309abf73637e4b6f9a3fa1e92e615547819,system-prepended-to-user,82,15,0.125,9.5,-10.3125,0.125,0.0,True,True,"[19, 20, 21, 22, 23, 24, 25, 26, 27, 28, 35, 36, 37, 38, 39]","[12, 50, 11, 10, 46, 60, 58, 8, 44, 62, 4, 18, 48, 79, 56]","[12, 50, 11, 10, 46, 60, 58, 8, 44, 62, 4, 18, 48, 79, 56]"
causal-gen-098,98,direct_choice,199,8,5,donor_answer_position,7,google/gemma-2-9b-it,11c9b309abf73637e4b6f9a3fa1e92e615547819,system-prepended-to-user,82,15,0.125,9.5,-10.3125,0.25,0.125,True,True,"[19, 20, 21, 22, 23, 24, 25, 26, 27, 28, 35, 36, 37, 38, 39]",[81],"[12, 50, 11, 10, 46, 60, 58, 8, 44, 62, 4, 18, 48, 79, 56]"
causal-gen-099,99,direct_choice,200,9,5,easy_number_tokens,7,google/gemma-2-9b-it,11c9b309abf73637e4b6f9a3fa1e92e615547819,system-prepended-to-user,82,15,-5.375,9.0625,-9.8125,-2.25,3.125,False,False,"[19, 20, 21, 22, 23, 24, 25, 26, 27, 28, 35, 36, 37, 38, 39]","[30, 31, 32, 33, 34, 35, 36, 37, 38, 39, 19, 20, 21, 22, 23]","[31, 59, 66, 6, 76, 1, 75, 29, 30, 17, 5, 33, 46, 68, 41]"
causal-gen-099,99,direct_choice,200,9,5,easy_random_positions,7,google/gemma-2-9b-it,11c9b309abf73637e4b6f9a3fa1e92e615547819,system-prepended-to-user,82,15,-5.375,9.0625,-9.8125,-1.125,4.25,False,False,"[19, 20, 21, 22, 23, 24, 25, 26, 27, 28, 35, 36, 37, 38, 39]","[31, 59, 66, 6, 76, 1, 75, 29, 30, 17, 5, 33, 46, 68, 41]","[31, 59, 66, 6, 76, 1, 75, 29, 30, 17, 5, 33, 46, 68, 41]"
causal-gen-099,99,direct_choice,200,9,5,easy_answer_position,7,google/gemma-2-9b-it,11c9b309abf73637e4b6f9a3fa1e92e615547819,system-prepended-to-user,82,15,-5.375,9.0625,-9.8125,-5.25,0.125,False,False,"[19, 20, 21, 22, 23, 24, 25, 26, 27, 28, 35, 36, 37, 38, 39]",[81],"[31, 59, 66, 6, 76, 1, 75, 29, 30, 17, 5, 33, 46, 68, 41]"
causal-gen-099,99,direct_choice,200,9,5,donor_number_tokens,7,google/gemma-2-9b-it,11c9b309abf73637e4b6f9a3fa1e92e615547819,system-prepended-to-user,82,15,-5.375,9.0625,-9.8125,-9.8125,-4.4375,False,False,"[19, 20, 21, 22, 23, 24, 25, 26, 27, 28, 35, 36, 37, 38, 39]","[19, 20, 21, 22, 23, 24, 25, 26, 27, 28, 35, 36, 37, 38, 39]","[31, 59, 66, 6, 76, 1, 75, 29, 30, 17, 5, 33, 46, 68, 41]"
causal-gen-099,99,direct_choice,200,9,5,donor_random_positions,7,google/gemma-2-9b-it,11c9b309abf73637e4b6f9a3fa1e92e615547819,system-prepended-to-user,82,15,-5.375,9.0625,-9.8125,-5.25,0.125,False,False,"[19, 20, 21, 22, 23, 24, 25, 26, 27, 28, 35, 36, 37, 38, 39]","[31, 59, 66, 6, 76, 1, 75, 29, 30, 17, 5, 33, 46, 68, 41]","[31, 59, 66, 6, 76, 1, 75, 29, 30, 17, 5, 33, 46, 68, 41]"
causal-gen-099,99,direct_choice,200,9,5,donor_answer_position,7,google/gemma-2-9b-it,11c9b309abf73637e4b6f9a3fa1e92e615547819,system-prepended-to-user,82,15,-5.375,9.0625,-9.8125,-5.25,0.125,False,False,"[19, 20, 21, 22, 23, 24, 25, 26, 27, 28, 35, 36, 37, 38, 39]",[81],"[31, 59, 66, 6, 76, 1, 75, 29, 30, 17, 5, 33, 46, 68, 41]"
