case,split,digit,whole,zeros,layer,control,source_margin,target_margin,patched_margin,margin_effect,target_correct,patched_correct,model,revision
0,discovery,1,34,3,0,answer_position,26.625,23.125,23.125,0.0,True,True,Qwen/Qwen3-4B-Instruct-2507,cdbee75f17c01a7cc42f958dc650907174af0554
0,discovery,1,34,3,0,number_tokens,26.625,23.125,22.875,-0.25,True,True,Qwen/Qwen3-4B-Instruct-2507,cdbee75f17c01a7cc42f958dc650907174af0554
0,discovery,1,34,3,0,random_positions,26.625,23.125,9.0,-14.125,True,True,Qwen/Qwen3-4B-Instruct-2507,cdbee75f17c01a7cc42f958dc650907174af0554
0,discovery,1,34,3,1,answer_position,26.625,23.125,23.375,0.25,True,True,Qwen/Qwen3-4B-Instruct-2507,cdbee75f17c01a7cc42f958dc650907174af0554
0,discovery,1,34,3,1,number_tokens,26.625,23.125,23.75,0.625,True,True,Qwen/Qwen3-4B-Instruct-2507,cdbee75f17c01a7cc42f958dc650907174af0554
0,discovery,1,34,3,1,random_positions,26.625,23.125,9.5,-13.625,True,True,Qwen/Qwen3-4B-Instruct-2507,cdbee75f17c01a7cc42f958dc650907174af0554
0,discovery,1,34,3,2,answer_position,26.625,23.125,23.5,0.375,True,True,Qwen/Qwen3-4B-Instruct-2507,cdbee75f17c01a7cc42f958dc650907174af0554
0,discovery,1,34,3,2,number_tokens,26.625,23.125,23.375,0.25,True,True,Qwen/Qwen3-4B-Instruct-2507,cdbee75f17c01a7cc42f958dc650907174af0554
0,discovery,1,34,3,2,random_positions,26.625,23.125,9.0,-14.125,True,True,Qwen/Qwen3-4B-Instruct-2507,cdbee75f17c01a7cc42f958dc650907174af0554
0,discovery,1,34,3,3,answer_position,26.625,23.125,23.25,0.125,True,True,Qwen/Qwen3-4B-Instruct-2507,cdbee75f17c01a7cc42f958dc650907174af0554
0,discovery,1,34,3,3,number_tokens,26.625,23.125,22.75,-0.375,True,True,Qwen/Qwen3-4B-Instruct-2507,cdbee75f17c01a7cc42f958dc650907174af0554
0,discovery,1,34,3,3,random_positions,26.625,23.125,10.5,-12.625,True,True,Qwen/Qwen3-4B-Instruct-2507,cdbee75f17c01a7cc42f958dc650907174af0554
0,discovery,1,34,3,4,answer_position,26.625,23.125,23.375,0.25,True,True,Qwen/Qwen3-4B-Instruct-2507,cdbee75f17c01a7cc42f958dc650907174af0554
0,discovery,1,34,3,4,number_tokens,26.625,23.125,22.5,-0.625,True,True,Qwen/Qwen3-4B-Instruct-2507,cdbee75f17c01a7cc42f958dc650907174af0554
0,discovery,1,34,3,4,random_positions,26.625,23.125,9.25,-13.875,True,True,Qwen/Qwen3-4B-Instruct-2507,cdbee75f17c01a7cc42f958dc650907174af0554
0,discovery,1,34,3,5,answer_position,26.625,23.125,23.25,0.125,True,True,Qwen/Qwen3-4B-Instruct-2507,cdbee75f17c01a7cc42f958dc650907174af0554
0,discovery,1,34,3,5,number_tokens,26.625,23.125,21.0,-2.125,True,True,Qwen/Qwen3-4B-Instruct-2507,cdbee75f17c01a7cc42f958dc650907174af0554
0,discovery,1,34,3,5,random_positions,26.625,23.125,20.0,-3.125,True,True,Qwen/Qwen3-4B-Instruct-2507,cdbee75f17c01a7cc42f958dc650907174af0554
0,discovery,1,34,3,6,answer_position,26.625,23.125,23.25,0.125,True,True,Qwen/Qwen3-4B-Instruct-2507,cdbee75f17c01a7cc42f958dc650907174af0554
0,discovery,1,34,3,6,number_tokens,26.625,23.125,21.75,-1.375,True,True,Qwen/Qwen3-4B-Instruct-2507,cdbee75f17c01a7cc42f958dc650907174af0554
0,discovery,1,34,3,6,random_positions,26.625,23.125,23.25,0.125,True,True,Qwen/Qwen3-4B-Instruct-2507,cdbee75f17c01a7cc42f958dc650907174af0554
0,discovery,1,34,3,7,answer_position,26.625,23.125,23.375,0.25,True,True,Qwen/Qwen3-4B-Instruct-2507,cdbee75f17c01a7cc42f958dc650907174af0554
0,discovery,1,34,3,7,number_tokens,26.625,23.125,13.75,-9.375,True,True,Qwen/Qwen3-4B-Instruct-2507,cdbee75f17c01a7cc42f958dc650907174af0554
0,discovery,1,34,3,7,random_positions,26.625,23.125,23.0,-0.125,True,True,Qwen/Qwen3-4B-Instruct-2507,cdbee75f17c01a7cc42f958dc650907174af0554
0,discovery,1,34,3,8,answer_position,26.625,23.125,23.25,0.125,True,True,Qwen/Qwen3-4B-Instruct-2507,cdbee75f17c01a7cc42f958dc650907174af0554
0,discovery,1,34,3,8,number_tokens,26.625,23.125,15.25,-7.875,True,True,Qwen/Qwen3-4B-Instruct-2507,cdbee75f17c01a7cc42f958dc650907174af0554
0,discovery,1,34,3,8,random_positions,26.625,23.125,23.125,0.0,True,True,Qwen/Qwen3-4B-Instruct-2507,cdbee75f17c01a7cc42f958dc650907174af0554
0,discovery,1,34,3,9,answer_position,26.625,23.125,23.125,0.0,True,True,Qwen/Qwen3-4B-Instruct-2507,cdbee75f17c01a7cc42f958dc650907174af0554
0,discovery,1,34,3,9,number_tokens,26.625,23.125,6.75,-16.375,True,True,Qwen/Qwen3-4B-Instruct-2507,cdbee75f17c01a7cc42f958dc650907174af0554
0,discovery,1,34,3,9,random_positions,26.625,23.125,22.75,-0.375,True,True,Qwen/Qwen3-4B-Instruct-2507,cdbee75f17c01a7cc42f958dc650907174af0554
0,discovery,1,34,3,10,answer_position,26.625,23.125,23.25,0.125,True,True,Qwen/Qwen3-4B-Instruct-2507,cdbee75f17c01a7cc42f958dc650907174af0554
0,discovery,1,34,3,10,number_tokens,26.625,23.125,5.75,-17.375,True,True,Qwen/Qwen3-4B-Instruct-2507,cdbee75f17c01a7cc42f958dc650907174af0554
0,discovery,1,34,3,10,random_positions,26.625,23.125,22.875,-0.25,True,True,Qwen/Qwen3-4B-Instruct-2507,cdbee75f17c01a7cc42f958dc650907174af0554
0,discovery,1,34,3,11,answer_position,26.625,23.125,23.375,0.25,True,True,Qwen/Qwen3-4B-Instruct-2507,cdbee75f17c01a7cc42f958dc650907174af0554
0,discovery,1,34,3,11,number_tokens,26.625,23.125,-5.5,-28.625,True,False,Qwen/Qwen3-4B-Instruct-2507,cdbee75f17c01a7cc42f958dc650907174af0554
0,discovery,1,34,3,11,random_positions,26.625,23.125,23.0,-0.125,True,True,Qwen/Qwen3-4B-Instruct-2507,cdbee75f17c01a7cc42f958dc650907174af0554
0,discovery,1,34,3,12,answer_position,26.625,23.125,23.25,0.125,True,True,Qwen/Qwen3-4B-Instruct-2507,cdbee75f17c01a7cc42f958dc650907174af0554
0,discovery,1,34,3,12,number_tokens,26.625,23.125,5.5,-17.625,True,True,Qwen/Qwen3-4B-Instruct-2507,cdbee75f17c01a7cc42f958dc650907174af0554
0,discovery,1,34,3,12,random_positions,26.625,23.125,22.875,-0.25,True,True,Qwen/Qwen3-4B-Instruct-2507,cdbee75f17c01a7cc42f958dc650907174af0554
0,discovery,1,34,3,13,answer_position,26.625,23.125,23.125,0.0,True,True,Qwen/Qwen3-4B-Instruct-2507,cdbee75f17c01a7cc42f958dc650907174af0554
0,discovery,1,34,3,13,number_tokens,26.625,23.125,15.5,-7.625,True,True,Qwen/Qwen3-4B-Instruct-2507,cdbee75f17c01a7cc42f958dc650907174af0554
0,discovery,1,34,3,13,random_positions,26.625,23.125,23.125,0.0,True,True,Qwen/Qwen3-4B-Instruct-2507,cdbee75f17c01a7cc42f958dc650907174af0554
0,discovery,1,34,3,14,answer_position,26.625,23.125,23.125,0.0,True,True,Qwen/Qwen3-4B-Instruct-2507,cdbee75f17c01a7cc42f958dc650907174af0554
0,discovery,1,34,3,14,number_tokens,26.625,23.125,21.75,-1.375,True,True,Qwen/Qwen3-4B-Instruct-2507,cdbee75f17c01a7cc42f958dc650907174af0554
0,discovery,1,34,3,14,random_positions,26.625,23.125,23.125,0.0,True,True,Qwen/Qwen3-4B-Instruct-2507,cdbee75f17c01a7cc42f958dc650907174af0554
0,discovery,1,34,3,15,answer_position,26.625,23.125,23.0,-0.125,True,True,Qwen/Qwen3-4B-Instruct-2507,cdbee75f17c01a7cc42f958dc650907174af0554
0,discovery,1,34,3,15,number_tokens,26.625,23.125,24.125,1.0,True,True,Qwen/Qwen3-4B-Instruct-2507,cdbee75f17c01a7cc42f958dc650907174af0554
0,discovery,1,34,3,15,random_positions,26.625,23.125,23.125,0.0,True,True,Qwen/Qwen3-4B-Instruct-2507,cdbee75f17c01a7cc42f958dc650907174af0554
0,discovery,1,34,3,16,answer_position,26.625,23.125,23.25,0.125,True,True,Qwen/Qwen3-4B-Instruct-2507,cdbee75f17c01a7cc42f958dc650907174af0554
0,discovery,1,34,3,16,number_tokens,26.625,23.125,24.625,1.5,True,True,Qwen/Qwen3-4B-Instruct-2507,cdbee75f17c01a7cc42f958dc650907174af0554
0,discovery,1,34,3,16,random_positions,26.625,23.125,22.875,-0.25,True,True,Qwen/Qwen3-4B-Instruct-2507,cdbee75f17c01a7cc42f958dc650907174af0554
0,discovery,1,34,3,17,answer_position,26.625,23.125,23.375,0.25,True,True,Qwen/Qwen3-4B-Instruct-2507,cdbee75f17c01a7cc42f958dc650907174af0554
0,discovery,1,34,3,17,number_tokens,26.625,23.125,23.0,-0.125,True,True,Qwen/Qwen3-4B-Instruct-2507,cdbee75f17c01a7cc42f958dc650907174af0554
0,discovery,1,34,3,17,random_positions,26.625,23.125,22.5,-0.625,True,True,Qwen/Qwen3-4B-Instruct-2507,cdbee75f17c01a7cc42f958dc650907174af0554
0,discovery,1,34,3,18,answer_position,26.625,23.125,23.25,0.125,True,True,Qwen/Qwen3-4B-Instruct-2507,cdbee75f17c01a7cc42f958dc650907174af0554
0,discovery,1,34,3,18,number_tokens,26.625,23.125,22.25,-0.875,True,True,Qwen/Qwen3-4B-Instruct-2507,cdbee75f17c01a7cc42f958dc650907174af0554
0,discovery,1,34,3,18,random_positions,26.625,23.125,22.5,-0.625,True,True,Qwen/Qwen3-4B-Instruct-2507,cdbee75f17c01a7cc42f958dc650907174af0554
0,discovery,1,34,3,19,answer_position,26.625,23.125,24.25,1.125,True,True,Qwen/Qwen3-4B-Instruct-2507,cdbee75f17c01a7cc42f958dc650907174af0554
0,discovery,1,34,3,19,number_tokens,26.625,23.125,21.75,-1.375,True,True,Qwen/Qwen3-4B-Instruct-2507,cdbee75f17c01a7cc42f958dc650907174af0554
0,discovery,1,34,3,19,random_positions,26.625,23.125,22.0,-1.125,True,True,Qwen/Qwen3-4B-Instruct-2507,cdbee75f17c01a7cc42f958dc650907174af0554
0,discovery,1,34,3,20,answer_position,26.625,23.125,24.0,0.875,True,True,Qwen/Qwen3-4B-Instruct-2507,cdbee75f17c01a7cc42f958dc650907174af0554
0,discovery,1,34,3,20,number_tokens,26.625,23.125,22.75,-0.375,True,True,Qwen/Qwen3-4B-Instruct-2507,cdbee75f17c01a7cc42f958dc650907174af0554
0,discovery,1,34,3,20,random_positions,26.625,23.125,22.25,-0.875,True,True,Qwen/Qwen3-4B-Instruct-2507,cdbee75f17c01a7cc42f958dc650907174af0554
0,discovery,1,34,3,21,answer_position,26.625,23.125,25.625,2.5,True,True,Qwen/Qwen3-4B-Instruct-2507,cdbee75f17c01a7cc42f958dc650907174af0554
0,discovery,1,34,3,21,number_tokens,26.625,23.125,22.75,-0.375,True,True,Qwen/Qwen3-4B-Instruct-2507,cdbee75f17c01a7cc42f958dc650907174af0554
0,discovery,1,34,3,21,random_positions,26.625,23.125,22.75,-0.375,True,True,Qwen/Qwen3-4B-Instruct-2507,cdbee75f17c01a7cc42f958dc650907174af0554
0,discovery,1,34,3,22,answer_position,26.625,23.125,25.5,2.375,True,True,Qwen/Qwen3-4B-Instruct-2507,cdbee75f17c01a7cc42f958dc650907174af0554
0,discovery,1,34,3,22,number_tokens,26.625,23.125,23.0,-0.125,True,True,Qwen/Qwen3-4B-Instruct-2507,cdbee75f17c01a7cc42f958dc650907174af0554
0,discovery,1,34,3,22,random_positions,26.625,23.125,23.0,-0.125,True,True,Qwen/Qwen3-4B-Instruct-2507,cdbee75f17c01a7cc42f958dc650907174af0554
0,discovery,1,34,3,23,answer_position,26.625,23.125,25.25,2.125,True,True,Qwen/Qwen3-4B-Instruct-2507,cdbee75f17c01a7cc42f958dc650907174af0554
0,discovery,1,34,3,23,number_tokens,26.625,23.125,23.0,-0.125,True,True,Qwen/Qwen3-4B-Instruct-2507,cdbee75f17c01a7cc42f958dc650907174af0554
0,discovery,1,34,3,23,random_positions,26.625,23.125,22.75,-0.375,True,True,Qwen/Qwen3-4B-Instruct-2507,cdbee75f17c01a7cc42f958dc650907174af0554
0,discovery,1,34,3,24,answer_position,26.625,23.125,26.375,3.25,True,True,Qwen/Qwen3-4B-Instruct-2507,cdbee75f17c01a7cc42f958dc650907174af0554
0,discovery,1,34,3,24,number_tokens,26.625,23.125,23.0,-0.125,True,True,Qwen/Qwen3-4B-Instruct-2507,cdbee75f17c01a7cc42f958dc650907174af0554
0,discovery,1,34,3,24,random_positions,26.625,23.125,23.125,0.0,True,True,Qwen/Qwen3-4B-Instruct-2507,cdbee75f17c01a7cc42f958dc650907174af0554
0,discovery,1,34,3,25,answer_position,26.625,23.125,26.25,3.125,True,True,Qwen/Qwen3-4B-Instruct-2507,cdbee75f17c01a7cc42f958dc650907174af0554
0,discovery,1,34,3,25,number_tokens,26.625,23.125,23.0,-0.125,True,True,Qwen/Qwen3-4B-Instruct-2507,cdbee75f17c01a7cc42f958dc650907174af0554
0,discovery,1,34,3,25,random_positions,26.625,23.125,23.25,0.125,True,True,Qwen/Qwen3-4B-Instruct-2507,cdbee75f17c01a7cc42f958dc650907174af0554
0,discovery,1,34,3,26,answer_position,26.625,23.125,26.375,3.25,True,True,Qwen/Qwen3-4B-Instruct-2507,cdbee75f17c01a7cc42f958dc650907174af0554
0,discovery,1,34,3,26,number_tokens,26.625,23.125,23.375,0.25,True,True,Qwen/Qwen3-4B-Instruct-2507,cdbee75f17c01a7cc42f958dc650907174af0554
0,discovery,1,34,3,26,random_positions,26.625,23.125,23.25,0.125,True,True,Qwen/Qwen3-4B-Instruct-2507,cdbee75f17c01a7cc42f958dc650907174af0554
0,discovery,1,34,3,27,answer_position,26.625,23.125,26.25,3.125,True,True,Qwen/Qwen3-4B-Instruct-2507,cdbee75f17c01a7cc42f958dc650907174af0554
0,discovery,1,34,3,27,number_tokens,26.625,23.125,22.875,-0.25,True,True,Qwen/Qwen3-4B-Instruct-2507,cdbee75f17c01a7cc42f958dc650907174af0554
0,discovery,1,34,3,27,random_positions,26.625,23.125,23.5,0.375,True,True,Qwen/Qwen3-4B-Instruct-2507,cdbee75f17c01a7cc42f958dc650907174af0554
0,discovery,1,34,3,28,answer_position,26.625,23.125,26.5,3.375,True,True,Qwen/Qwen3-4B-Instruct-2507,cdbee75f17c01a7cc42f958dc650907174af0554
0,discovery,1,34,3,28,number_tokens,26.625,23.125,23.125,0.0,True,True,Qwen/Qwen3-4B-Instruct-2507,cdbee75f17c01a7cc42f958dc650907174af0554
0,discovery,1,34,3,28,random_positions,26.625,23.125,23.25,0.125,True,True,Qwen/Qwen3-4B-Instruct-2507,cdbee75f17c01a7cc42f958dc650907174af0554
0,discovery,1,34,3,29,answer_position,26.625,23.125,26.25,3.125,True,True,Qwen/Qwen3-4B-Instruct-2507,cdbee75f17c01a7cc42f958dc650907174af0554
0,discovery,1,34,3,29,number_tokens,26.625,23.125,22.875,-0.25,True,True,Qwen/Qwen3-4B-Instruct-2507,cdbee75f17c01a7cc42f958dc650907174af0554
0,discovery,1,34,3,29,random_positions,26.625,23.125,23.25,0.125,True,True,Qwen/Qwen3-4B-Instruct-2507,cdbee75f17c01a7cc42f958dc650907174af0554
0,discovery,1,34,3,30,answer_position,26.625,23.125,26.25,3.125,True,True,Qwen/Qwen3-4B-Instruct-2507,cdbee75f17c01a7cc42f958dc650907174af0554
0,discovery,1,34,3,30,number_tokens,26.625,23.125,22.875,-0.25,True,True,Qwen/Qwen3-4B-Instruct-2507,cdbee75f17c01a7cc42f958dc650907174af0554
0,discovery,1,34,3,30,random_positions,26.625,23.125,23.375,0.25,True,True,Qwen/Qwen3-4B-Instruct-2507,cdbee75f17c01a7cc42f958dc650907174af0554
0,discovery,1,34,3,31,answer_position,26.625,23.125,26.375,3.25,True,True,Qwen/Qwen3-4B-Instruct-2507,cdbee75f17c01a7cc42f958dc650907174af0554
0,discovery,1,34,3,31,number_tokens,26.625,23.125,22.875,-0.25,True,True,Qwen/Qwen3-4B-Instruct-2507,cdbee75f17c01a7cc42f958dc650907174af0554
0,discovery,1,34,3,31,random_positions,26.625,23.125,23.0,-0.125,True,True,Qwen/Qwen3-4B-Instruct-2507,cdbee75f17c01a7cc42f958dc650907174af0554
0,discovery,1,34,3,32,answer_position,26.625,23.125,26.375,3.25,True,True,Qwen/Qwen3-4B-Instruct-2507,cdbee75f17c01a7cc42f958dc650907174af0554
0,discovery,1,34,3,32,number_tokens,26.625,23.125,23.0,-0.125,True,True,Qwen/Qwen3-4B-Instruct-2507,cdbee75f17c01a7cc42f958dc650907174af0554
0,discovery,1,34,3,32,random_positions,26.625,23.125,23.125,0.0,True,True,Qwen/Qwen3-4B-Instruct-2507,cdbee75f17c01a7cc42f958dc650907174af0554
0,discovery,1,34,3,33,answer_position,26.625,23.125,26.25,3.125,True,True,Qwen/Qwen3-4B-Instruct-2507,cdbee75f17c01a7cc42f958dc650907174af0554
0,discovery,1,34,3,33,number_tokens,26.625,23.125,22.75,-0.375,True,True,Qwen/Qwen3-4B-Instruct-2507,cdbee75f17c01a7cc42f958dc650907174af0554
0,discovery,1,34,3,33,random_positions,26.625,23.125,23.125,0.0,True,True,Qwen/Qwen3-4B-Instruct-2507,cdbee75f17c01a7cc42f958dc650907174af0554
0,discovery,1,34,3,34,answer_position,26.625,23.125,26.5,3.375,True,True,Qwen/Qwen3-4B-Instruct-2507,cdbee75f17c01a7cc42f958dc650907174af0554
0,discovery,1,34,3,34,number_tokens,26.625,23.125,23.0,-0.125,True,True,Qwen/Qwen3-4B-Instruct-2507,cdbee75f17c01a7cc42f958dc650907174af0554
0,discovery,1,34,3,34,random_positions,26.625,23.125,23.25,0.125,True,True,Qwen/Qwen3-4B-Instruct-2507,cdbee75f17c01a7cc42f958dc650907174af0554
0,discovery,1,34,3,35,answer_position,26.625,23.125,26.625,3.5,True,True,Qwen/Qwen3-4B-Instruct-2507,cdbee75f17c01a7cc42f958dc650907174af0554
0,discovery,1,34,3,35,number_tokens,26.625,23.125,23.125,0.0,True,True,Qwen/Qwen3-4B-Instruct-2507,cdbee75f17c01a7cc42f958dc650907174af0554
0,discovery,1,34,3,35,random_positions,26.625,23.125,23.125,0.0,True,True,Qwen/Qwen3-4B-Instruct-2507,cdbee75f17c01a7cc42f958dc650907174af0554
1,discovery,1,35,4,0,answer_position,26.625,20.5,20.5,0.0,True,True,Qwen/Qwen3-4B-Instruct-2507,cdbee75f17c01a7cc42f958dc650907174af0554
1,discovery,1,35,4,0,number_tokens,26.625,20.5,20.25,-0.25,True,True,Qwen/Qwen3-4B-Instruct-2507,cdbee75f17c01a7cc42f958dc650907174af0554
1,discovery,1,35,4,0,random_positions,26.625,20.5,21.0,0.5,True,True,Qwen/Qwen3-4B-Instruct-2507,cdbee75f17c01a7cc42f958dc650907174af0554
1,discovery,1,35,4,1,answer_position,26.625,20.5,20.25,-0.25,True,True,Qwen/Qwen3-4B-Instruct-2507,cdbee75f17c01a7cc42f958dc650907174af0554
1,discovery,1,35,4,1,number_tokens,26.625,20.5,19.5,-1.0,True,True,Qwen/Qwen3-4B-Instruct-2507,cdbee75f17c01a7cc42f958dc650907174af0554
1,discovery,1,35,4,1,random_positions,26.625,20.5,21.0,0.5,True,True,Qwen/Qwen3-4B-Instruct-2507,cdbee75f17c01a7cc42f958dc650907174af0554
1,discovery,1,35,4,2,answer_position,26.625,20.5,20.5,0.0,True,True,Qwen/Qwen3-4B-Instruct-2507,cdbee75f17c01a7cc42f958dc650907174af0554
1,discovery,1,35,4,2,number_tokens,26.625,20.5,20.0,-0.5,True,True,Qwen/Qwen3-4B-Instruct-2507,cdbee75f17c01a7cc42f958dc650907174af0554
1,discovery,1,35,4,2,random_positions,26.625,20.5,20.5,0.0,True,True,Qwen/Qwen3-4B-Instruct-2507,cdbee75f17c01a7cc42f958dc650907174af0554
1,discovery,1,35,4,3,answer_position,26.625,20.5,20.5,0.0,True,True,Qwen/Qwen3-4B-Instruct-2507,cdbee75f17c01a7cc42f958dc650907174af0554
1,discovery,1,35,4,3,number_tokens,26.625,20.5,22.75,2.25,True,True,Qwen/Qwen3-4B-Instruct-2507,cdbee75f17c01a7cc42f958dc650907174af0554
1,discovery,1,35,4,3,random_positions,26.625,20.5,21.75,1.25,True,True,Qwen/Qwen3-4B-Instruct-2507,cdbee75f17c01a7cc42f958dc650907174af0554
1,discovery,1,35,4,4,answer_position,26.625,20.5,20.5,0.0,True,True,Qwen/Qwen3-4B-Instruct-2507,cdbee75f17c01a7cc42f958dc650907174af0554
1,discovery,1,35,4,4,number_tokens,26.625,20.5,23.25,2.75,True,True,Qwen/Qwen3-4B-Instruct-2507,cdbee75f17c01a7cc42f958dc650907174af0554
1,discovery,1,35,4,4,random_positions,26.625,20.5,22.0,1.5,True,True,Qwen/Qwen3-4B-Instruct-2507,cdbee75f17c01a7cc42f958dc650907174af0554
1,discovery,1,35,4,5,answer_position,26.625,20.5,20.75,0.25,True,True,Qwen/Qwen3-4B-Instruct-2507,cdbee75f17c01a7cc42f958dc650907174af0554
1,discovery,1,35,4,5,number_tokens,26.625,20.5,23.0,2.5,True,True,Qwen/Qwen3-4B-Instruct-2507,cdbee75f17c01a7cc42f958dc650907174af0554
1,discovery,1,35,4,5,random_positions,26.625,20.5,22.5,2.0,True,True,Qwen/Qwen3-4B-Instruct-2507,cdbee75f17c01a7cc42f958dc650907174af0554
1,discovery,1,35,4,6,answer_position,26.625,20.5,20.75,0.25,True,True,Qwen/Qwen3-4B-Instruct-2507,cdbee75f17c01a7cc42f958dc650907174af0554
1,discovery,1,35,4,6,number_tokens,26.625,20.5,23.5,3.0,True,True,Qwen/Qwen3-4B-Instruct-2507,cdbee75f17c01a7cc42f958dc650907174af0554
1,discovery,1,35,4,6,random_positions,26.625,20.5,21.75,1.25,True,True,Qwen/Qwen3-4B-Instruct-2507,cdbee75f17c01a7cc42f958dc650907174af0554
1,discovery,1,35,4,7,answer_position,26.625,20.5,20.5,0.0,True,True,Qwen/Qwen3-4B-Instruct-2507,cdbee75f17c01a7cc42f958dc650907174af0554
1,discovery,1,35,4,7,number_tokens,26.625,20.5,9.75,-10.75,True,True,Qwen/Qwen3-4B-Instruct-2507,cdbee75f17c01a7cc42f958dc650907174af0554
1,discovery,1,35,4,7,random_positions,26.625,20.5,21.75,1.25,True,True,Qwen/Qwen3-4B-Instruct-2507,cdbee75f17c01a7cc42f958dc650907174af0554
1,discovery,1,35,4,8,answer_position,26.625,20.5,20.5,0.0,True,True,Qwen/Qwen3-4B-Instruct-2507,cdbee75f17c01a7cc42f958dc650907174af0554
1,discovery,1,35,4,8,number_tokens,26.625,20.5,9.25,-11.25,True,True,Qwen/Qwen3-4B-Instruct-2507,cdbee75f17c01a7cc42f958dc650907174af0554
1,discovery,1,35,4,8,random_positions,26.625,20.5,23.625,3.125,True,True,Qwen/Qwen3-4B-Instruct-2507,cdbee75f17c01a7cc42f958dc650907174af0554
1,discovery,1,35,4,9,answer_position,26.625,20.5,20.5,0.0,True,True,Qwen/Qwen3-4B-Instruct-2507,cdbee75f17c01a7cc42f958dc650907174af0554
1,discovery,1,35,4,9,number_tokens,26.625,20.5,0.75,-19.75,True,True,Qwen/Qwen3-4B-Instruct-2507,cdbee75f17c01a7cc42f958dc650907174af0554
1,discovery,1,35,4,9,random_positions,26.625,20.5,24.125,3.625,True,True,Qwen/Qwen3-4B-Instruct-2507,cdbee75f17c01a7cc42f958dc650907174af0554
1,discovery,1,35,4,10,answer_position,26.625,20.5,20.5,0.0,True,True,Qwen/Qwen3-4B-Instruct-2507,cdbee75f17c01a7cc42f958dc650907174af0554
1,discovery,1,35,4,10,number_tokens,26.625,20.5,1.5,-19.0,True,True,Qwen/Qwen3-4B-Instruct-2507,cdbee75f17c01a7cc42f958dc650907174af0554
1,discovery,1,35,4,10,random_positions,26.625,20.5,24.375,3.875,True,True,Qwen/Qwen3-4B-Instruct-2507,cdbee75f17c01a7cc42f958dc650907174af0554
1,discovery,1,35,4,11,answer_position,26.625,20.5,20.5,0.0,True,True,Qwen/Qwen3-4B-Instruct-2507,cdbee75f17c01a7cc42f958dc650907174af0554
1,discovery,1,35,4,11,number_tokens,26.625,20.5,-12.0,-32.5,True,False,Qwen/Qwen3-4B-Instruct-2507,cdbee75f17c01a7cc42f958dc650907174af0554
1,discovery,1,35,4,11,random_positions,26.625,20.5,24.375,3.875,True,True,Qwen/Qwen3-4B-Instruct-2507,cdbee75f17c01a7cc42f958dc650907174af0554
1,discovery,1,35,4,12,answer_position,26.625,20.5,20.5,0.0,True,True,Qwen/Qwen3-4B-Instruct-2507,cdbee75f17c01a7cc42f958dc650907174af0554
1,discovery,1,35,4,12,number_tokens,26.625,20.5,2.75,-17.75,True,True,Qwen/Qwen3-4B-Instruct-2507,cdbee75f17c01a7cc42f958dc650907174af0554
1,discovery,1,35,4,12,random_positions,26.625,20.5,23.5,3.0,True,True,Qwen/Qwen3-4B-Instruct-2507,cdbee75f17c01a7cc42f958dc650907174af0554
1,discovery,1,35,4,13,answer_position,26.625,20.5,20.5,0.0,True,True,Qwen/Qwen3-4B-Instruct-2507,cdbee75f17c01a7cc42f958dc650907174af0554
1,discovery,1,35,4,13,number_tokens,26.625,20.5,12.75,-7.75,True,True,Qwen/Qwen3-4B-Instruct-2507,cdbee75f17c01a7cc42f958dc650907174af0554
1,discovery,1,35,4,13,random_positions,26.625,20.5,22.0,1.5,True,True,Qwen/Qwen3-4B-Instruct-2507,cdbee75f17c01a7cc42f958dc650907174af0554
1,discovery,1,35,4,14,answer_position,26.625,20.5,20.25,-0.25,True,True,Qwen/Qwen3-4B-Instruct-2507,cdbee75f17c01a7cc42f958dc650907174af0554
1,discovery,1,35,4,14,number_tokens,26.625,20.5,20.5,0.0,True,True,Qwen/Qwen3-4B-Instruct-2507,cdbee75f17c01a7cc42f958dc650907174af0554
1,discovery,1,35,4,14,random_positions,26.625,20.5,25.125,4.625,True,True,Qwen/Qwen3-4B-Instruct-2507,cdbee75f17c01a7cc42f958dc650907174af0554
1,discovery,1,35,4,15,answer_position,26.625,20.5,20.25,-0.25,True,True,Qwen/Qwen3-4B-Instruct-2507,cdbee75f17c01a7cc42f958dc650907174af0554
1,discovery,1,35,4,15,number_tokens,26.625,20.5,23.875,3.375,True,True,Qwen/Qwen3-4B-Instruct-2507,cdbee75f17c01a7cc42f958dc650907174af0554
1,discovery,1,35,4,15,random_positions,26.625,20.5,25.5,5.0,True,True,Qwen/Qwen3-4B-Instruct-2507,cdbee75f17c01a7cc42f958dc650907174af0554
1,discovery,1,35,4,16,answer_position,26.625,20.5,20.5,0.0,True,True,Qwen/Qwen3-4B-Instruct-2507,cdbee75f17c01a7cc42f958dc650907174af0554
1,discovery,1,35,4,16,number_tokens,26.625,20.5,24.0,3.5,True,True,Qwen/Qwen3-4B-Instruct-2507,cdbee75f17c01a7cc42f958dc650907174af0554
1,discovery,1,35,4,16,random_positions,26.625,20.5,26.125,5.625,True,True,Qwen/Qwen3-4B-Instruct-2507,cdbee75f17c01a7cc42f958dc650907174af0554
1,discovery,1,35,4,17,answer_position,26.625,20.5,20.0,-0.5,True,True,Qwen/Qwen3-4B-Instruct-2507,cdbee75f17c01a7cc42f958dc650907174af0554
1,discovery,1,35,4,17,number_tokens,26.625,20.5,22.5,2.0,True,True,Qwen/Qwen3-4B-Instruct-2507,cdbee75f17c01a7cc42f958dc650907174af0554
1,discovery,1,35,4,17,random_positions,26.625,20.5,25.75,5.25,True,True,Qwen/Qwen3-4B-Instruct-2507,cdbee75f17c01a7cc42f958dc650907174af0554
1,discovery,1,35,4,18,answer_position,26.625,20.5,20.5,0.0,True,True,Qwen/Qwen3-4B-Instruct-2507,cdbee75f17c01a7cc42f958dc650907174af0554
1,discovery,1,35,4,18,number_tokens,26.625,20.5,20.5,0.0,True,True,Qwen/Qwen3-4B-Instruct-2507,cdbee75f17c01a7cc42f958dc650907174af0554
1,discovery,1,35,4,18,random_positions,26.625,20.5,23.875,3.375,True,True,Qwen/Qwen3-4B-Instruct-2507,cdbee75f17c01a7cc42f958dc650907174af0554
1,discovery,1,35,4,19,answer_position,26.625,20.5,22.0,1.5,True,True,Qwen/Qwen3-4B-Instruct-2507,cdbee75f17c01a7cc42f958dc650907174af0554
1,discovery,1,35,4,19,number_tokens,26.625,20.5,18.5,-2.0,True,True,Qwen/Qwen3-4B-Instruct-2507,cdbee75f17c01a7cc42f958dc650907174af0554
1,discovery,1,35,4,19,random_positions,26.625,20.5,22.5,2.0,True,True,Qwen/Qwen3-4B-Instruct-2507,cdbee75f17c01a7cc42f958dc650907174af0554
1,discovery,1,35,4,20,answer_position,26.625,20.5,22.25,1.75,True,True,Qwen/Qwen3-4B-Instruct-2507,cdbee75f17c01a7cc42f958dc650907174af0554
1,discovery,1,35,4,20,number_tokens,26.625,20.5,19.5,-1.0,True,True,Qwen/Qwen3-4B-Instruct-2507,cdbee75f17c01a7cc42f958dc650907174af0554
1,discovery,1,35,4,20,random_positions,26.625,20.5,22.25,1.75,True,True,Qwen/Qwen3-4B-Instruct-2507,cdbee75f17c01a7cc42f958dc650907174af0554
1,discovery,1,35,4,21,answer_position,26.625,20.5,24.75,4.25,True,True,Qwen/Qwen3-4B-Instruct-2507,cdbee75f17c01a7cc42f958dc650907174af0554
1,discovery,1,35,4,21,number_tokens,26.625,20.5,20.0,-0.5,True,True,Qwen/Qwen3-4B-Instruct-2507,cdbee75f17c01a7cc42f958dc650907174af0554
1,discovery,1,35,4,21,random_positions,26.625,20.5,20.75,0.25,True,True,Qwen/Qwen3-4B-Instruct-2507,cdbee75f17c01a7cc42f958dc650907174af0554
1,discovery,1,35,4,22,answer_position,26.625,20.5,25.0,4.5,True,True,Qwen/Qwen3-4B-Instruct-2507,cdbee75f17c01a7cc42f958dc650907174af0554
1,discovery,1,35,4,22,number_tokens,26.625,20.5,20.25,-0.25,True,True,Qwen/Qwen3-4B-Instruct-2507,cdbee75f17c01a7cc42f958dc650907174af0554
1,discovery,1,35,4,22,random_positions,26.625,20.5,20.5,0.0,True,True,Qwen/Qwen3-4B-Instruct-2507,cdbee75f17c01a7cc42f958dc650907174af0554
1,discovery,1,35,4,23,answer_position,26.625,20.5,24.625,4.125,True,True,Qwen/Qwen3-4B-Instruct-2507,cdbee75f17c01a7cc42f958dc650907174af0554
1,discovery,1,35,4,23,number_tokens,26.625,20.5,19.75,-0.75,True,True,Qwen/Qwen3-4B-Instruct-2507,cdbee75f17c01a7cc42f958dc650907174af0554
1,discovery,1,35,4,23,random_positions,26.625,20.5,20.25,-0.25,True,True,Qwen/Qwen3-4B-Instruct-2507,cdbee75f17c01a7cc42f958dc650907174af0554
1,discovery,1,35,4,24,answer_position,26.625,20.5,25.75,5.25,True,True,Qwen/Qwen3-4B-Instruct-2507,cdbee75f17c01a7cc42f958dc650907174af0554
1,discovery,1,35,4,24,number_tokens,26.625,20.5,20.25,-0.25,True,True,Qwen/Qwen3-4B-Instruct-2507,cdbee75f17c01a7cc42f958dc650907174af0554
1,discovery,1,35,4,24,random_positions,26.625,20.5,20.75,0.25,True,True,Qwen/Qwen3-4B-Instruct-2507,cdbee75f17c01a7cc42f958dc650907174af0554
1,discovery,1,35,4,25,answer_position,26.625,20.5,25.625,5.125,True,True,Qwen/Qwen3-4B-Instruct-2507,cdbee75f17c01a7cc42f958dc650907174af0554
1,discovery,1,35,4,25,number_tokens,26.625,20.5,20.25,-0.25,True,True,Qwen/Qwen3-4B-Instruct-2507,cdbee75f17c01a7cc42f958dc650907174af0554
1,discovery,1,35,4,25,random_positions,26.625,20.5,20.75,0.25,True,True,Qwen/Qwen3-4B-Instruct-2507,cdbee75f17c01a7cc42f958dc650907174af0554
1,discovery,1,35,4,26,answer_position,26.625,20.5,25.875,5.375,True,True,Qwen/Qwen3-4B-Instruct-2507,cdbee75f17c01a7cc42f958dc650907174af0554
1,discovery,1,35,4,26,number_tokens,26.625,20.5,20.0,-0.5,True,True,Qwen/Qwen3-4B-Instruct-2507,cdbee75f17c01a7cc42f958dc650907174af0554
1,discovery,1,35,4,26,random_positions,26.625,20.5,21.0,0.5,True,True,Qwen/Qwen3-4B-Instruct-2507,cdbee75f17c01a7cc42f958dc650907174af0554
1,discovery,1,35,4,27,answer_position,26.625,20.5,25.875,5.375,True,True,Qwen/Qwen3-4B-Instruct-2507,cdbee75f17c01a7cc42f958dc650907174af0554
1,discovery,1,35,4,27,number_tokens,26.625,20.5,20.25,-0.25,True,True,Qwen/Qwen3-4B-Instruct-2507,cdbee75f17c01a7cc42f958dc650907174af0554
1,discovery,1,35,4,27,random_positions,26.625,20.5,20.75,0.25,True,True,Qwen/Qwen3-4B-Instruct-2507,cdbee75f17c01a7cc42f958dc650907174af0554
1,discovery,1,35,4,28,answer_position,26.625,20.5,26.125,5.625,True,True,Qwen/Qwen3-4B-Instruct-2507,cdbee75f17c01a7cc42f958dc650907174af0554
1,discovery,1,35,4,28,number_tokens,26.625,20.5,20.25,-0.25,True,True,Qwen/Qwen3-4B-Instruct-2507,cdbee75f17c01a7cc42f958dc650907174af0554
1,discovery,1,35,4,28,random_positions,26.625,20.5,21.0,0.5,True,True,Qwen/Qwen3-4B-Instruct-2507,cdbee75f17c01a7cc42f958dc650907174af0554
1,discovery,1,35,4,29,answer_position,26.625,20.5,26.125,5.625,True,True,Qwen/Qwen3-4B-Instruct-2507,cdbee75f17c01a7cc42f958dc650907174af0554
1,discovery,1,35,4,29,number_tokens,26.625,20.5,20.0,-0.5,True,True,Qwen/Qwen3-4B-Instruct-2507,cdbee75f17c01a7cc42f958dc650907174af0554
1,discovery,1,35,4,29,random_positions,26.625,20.5,20.75,0.25,True,True,Qwen/Qwen3-4B-Instruct-2507,cdbee75f17c01a7cc42f958dc650907174af0554
1,discovery,1,35,4,30,answer_position,26.625,20.5,26.125,5.625,True,True,Qwen/Qwen3-4B-Instruct-2507,cdbee75f17c01a7cc42f958dc650907174af0554
1,discovery,1,35,4,30,number_tokens,26.625,20.5,20.0,-0.5,True,True,Qwen/Qwen3-4B-Instruct-2507,cdbee75f17c01a7cc42f958dc650907174af0554
1,discovery,1,35,4,30,random_positions,26.625,20.5,20.75,0.25,True,True,Qwen/Qwen3-4B-Instruct-2507,cdbee75f17c01a7cc42f958dc650907174af0554
1,discovery,1,35,4,31,answer_position,26.625,20.5,26.25,5.75,True,True,Qwen/Qwen3-4B-Instruct-2507,cdbee75f17c01a7cc42f958dc650907174af0554
1,discovery,1,35,4,31,number_tokens,26.625,20.5,20.0,-0.5,True,True,Qwen/Qwen3-4B-Instruct-2507,cdbee75f17c01a7cc42f958dc650907174af0554
1,discovery,1,35,4,31,random_positions,26.625,20.5,20.75,0.25,True,True,Qwen/Qwen3-4B-Instruct-2507,cdbee75f17c01a7cc42f958dc650907174af0554
1,discovery,1,35,4,32,answer_position,26.625,20.5,26.25,5.75,True,True,Qwen/Qwen3-4B-Instruct-2507,cdbee75f17c01a7cc42f958dc650907174af0554
1,discovery,1,35,4,32,number_tokens,26.625,20.5,20.25,-0.25,True,True,Qwen/Qwen3-4B-Instruct-2507,cdbee75f17c01a7cc42f958dc650907174af0554
1,discovery,1,35,4,32,random_positions,26.625,20.5,20.5,0.0,True,True,Qwen/Qwen3-4B-Instruct-2507,cdbee75f17c01a7cc42f958dc650907174af0554
1,discovery,1,35,4,33,answer_position,26.625,20.5,26.25,5.75,True,True,Qwen/Qwen3-4B-Instruct-2507,cdbee75f17c01a7cc42f958dc650907174af0554
1,discovery,1,35,4,33,number_tokens,26.625,20.5,20.25,-0.25,True,True,Qwen/Qwen3-4B-Instruct-2507,cdbee75f17c01a7cc42f958dc650907174af0554
1,discovery,1,35,4,33,random_positions,26.625,20.5,20.75,0.25,True,True,Qwen/Qwen3-4B-Instruct-2507,cdbee75f17c01a7cc42f958dc650907174af0554
1,discovery,1,35,4,34,answer_position,26.625,20.5,26.25,5.75,True,True,Qwen/Qwen3-4B-Instruct-2507,cdbee75f17c01a7cc42f958dc650907174af0554
1,discovery,1,35,4,34,number_tokens,26.625,20.5,20.25,-0.25,True,True,Qwen/Qwen3-4B-Instruct-2507,cdbee75f17c01a7cc42f958dc650907174af0554
1,discovery,1,35,4,34,random_positions,26.625,20.5,20.0,-0.5,True,True,Qwen/Qwen3-4B-Instruct-2507,cdbee75f17c01a7cc42f958dc650907174af0554
1,discovery,1,35,4,35,answer_position,26.625,20.5,26.625,6.125,True,True,Qwen/Qwen3-4B-Instruct-2507,cdbee75f17c01a7cc42f958dc650907174af0554
1,discovery,1,35,4,35,number_tokens,26.625,20.5,20.5,0.0,True,True,Qwen/Qwen3-4B-Instruct-2507,cdbee75f17c01a7cc42f958dc650907174af0554
1,discovery,1,35,4,35,random_positions,26.625,20.5,20.5,0.0,True,True,Qwen/Qwen3-4B-Instruct-2507,cdbee75f17c01a7cc42f958dc650907174af0554
2,discovery,1,36,2,0,answer_position,26.625,9.25,9.5,0.25,True,True,Qwen/Qwen3-4B-Instruct-2507,cdbee75f17c01a7cc42f958dc650907174af0554
2,discovery,1,36,2,0,number_tokens,26.625,9.25,9.5,0.25,True,True,Qwen/Qwen3-4B-Instruct-2507,cdbee75f17c01a7cc42f958dc650907174af0554
2,discovery,1,36,2,0,random_positions,26.625,9.25,-3.25,-12.5,True,False,Qwen/Qwen3-4B-Instruct-2507,cdbee75f17c01a7cc42f958dc650907174af0554
2,discovery,1,36,2,1,answer_position,26.625,9.25,9.5,0.25,True,True,Qwen/Qwen3-4B-Instruct-2507,cdbee75f17c01a7cc42f958dc650907174af0554
2,discovery,1,36,2,1,number_tokens,26.625,9.25,10.25,1.0,True,True,Qwen/Qwen3-4B-Instruct-2507,cdbee75f17c01a7cc42f958dc650907174af0554
2,discovery,1,36,2,1,random_positions,26.625,9.25,2.0,-7.25,True,True,Qwen/Qwen3-4B-Instruct-2507,cdbee75f17c01a7cc42f958dc650907174af0554
2,discovery,1,36,2,2,answer_position,26.625,9.25,9.5,0.25,True,True,Qwen/Qwen3-4B-Instruct-2507,cdbee75f17c01a7cc42f958dc650907174af0554
2,discovery,1,36,2,2,number_tokens,26.625,9.25,9.25,0.0,True,True,Qwen/Qwen3-4B-Instruct-2507,cdbee75f17c01a7cc42f958dc650907174af0554
2,discovery,1,36,2,2,random_positions,26.625,9.25,3.25,-6.0,True,True,Qwen/Qwen3-4B-Instruct-2507,cdbee75f17c01a7cc42f958dc650907174af0554
2,discovery,1,36,2,3,answer_position,26.625,9.25,9.25,0.0,True,True,Qwen/Qwen3-4B-Instruct-2507,cdbee75f17c01a7cc42f958dc650907174af0554
2,discovery,1,36,2,3,number_tokens,26.625,9.25,18.5,9.25,True,True,Qwen/Qwen3-4B-Instruct-2507,cdbee75f17c01a7cc42f958dc650907174af0554
2,discovery,1,36,2,3,random_positions,26.625,9.25,8.75,-0.5,True,True,Qwen/Qwen3-4B-Instruct-2507,cdbee75f17c01a7cc42f958dc650907174af0554
2,discovery,1,36,2,4,answer_position,26.625,9.25,10.0,0.75,True,True,Qwen/Qwen3-4B-Instruct-2507,cdbee75f17c01a7cc42f958dc650907174af0554
2,discovery,1,36,2,4,number_tokens,26.625,9.25,18.5,9.25,True,True,Qwen/Qwen3-4B-Instruct-2507,cdbee75f17c01a7cc42f958dc650907174af0554
2,discovery,1,36,2,4,random_positions,26.625,9.25,16.0,6.75,True,True,Qwen/Qwen3-4B-Instruct-2507,cdbee75f17c01a7cc42f958dc650907174af0554
2,discovery,1,36,2,5,answer_position,26.625,9.25,9.75,0.5,True,True,Qwen/Qwen3-4B-Instruct-2507,cdbee75f17c01a7cc42f958dc650907174af0554
2,discovery,1,36,2,5,number_tokens,26.625,9.25,17.75,8.5,True,True,Qwen/Qwen3-4B-Instruct-2507,cdbee75f17c01a7cc42f958dc650907174af0554
2,discovery,1,36,2,5,random_positions,26.625,9.25,19.75,10.5,True,True,Qwen/Qwen3-4B-Instruct-2507,cdbee75f17c01a7cc42f958dc650907174af0554
2,discovery,1,36,2,6,answer_position,26.625,9.25,9.25,0.0,True,True,Qwen/Qwen3-4B-Instruct-2507,cdbee75f17c01a7cc42f958dc650907174af0554
2,discovery,1,36,2,6,number_tokens,26.625,9.25,19.5,10.25,True,True,Qwen/Qwen3-4B-Instruct-2507,cdbee75f17c01a7cc42f958dc650907174af0554
2,discovery,1,36,2,6,random_positions,26.625,9.25,19.75,10.5,True,True,Qwen/Qwen3-4B-Instruct-2507,cdbee75f17c01a7cc42f958dc650907174af0554
2,discovery,1,36,2,7,answer_position,26.625,9.25,9.75,0.5,True,True,Qwen/Qwen3-4B-Instruct-2507,cdbee75f17c01a7cc42f958dc650907174af0554
2,discovery,1,36,2,7,number_tokens,26.625,9.25,5.0,-4.25,True,True,Qwen/Qwen3-4B-Instruct-2507,cdbee75f17c01a7cc42f958dc650907174af0554
2,discovery,1,36,2,7,random_positions,26.625,9.25,19.0,9.75,True,True,Qwen/Qwen3-4B-Instruct-2507,cdbee75f17c01a7cc42f958dc650907174af0554
2,discovery,1,36,2,8,answer_position,26.625,9.25,9.5,0.25,True,True,Qwen/Qwen3-4B-Instruct-2507,cdbee75f17c01a7cc42f958dc650907174af0554
2,discovery,1,36,2,8,number_tokens,26.625,9.25,12.75,3.5,True,True,Qwen/Qwen3-4B-Instruct-2507,cdbee75f17c01a7cc42f958dc650907174af0554
2,discovery,1,36,2,8,random_positions,26.625,9.25,18.75,9.5,True,True,Qwen/Qwen3-4B-Instruct-2507,cdbee75f17c01a7cc42f958dc650907174af0554
2,discovery,1,36,2,9,answer_position,26.625,9.25,9.25,0.0,True,True,Qwen/Qwen3-4B-Instruct-2507,cdbee75f17c01a7cc42f958dc650907174af0554
2,discovery,1,36,2,9,number_tokens,26.625,9.25,-2.5,-11.75,True,False,Qwen/Qwen3-4B-Instruct-2507,cdbee75f17c01a7cc42f958dc650907174af0554
2,discovery,1,36,2,9,random_positions,26.625,9.25,18.5,9.25,True,True,Qwen/Qwen3-4B-Instruct-2507,cdbee75f17c01a7cc42f958dc650907174af0554
2,discovery,1,36,2,10,answer_position,26.625,9.25,9.75,0.5,True,True,Qwen/Qwen3-4B-Instruct-2507,cdbee75f17c01a7cc42f958dc650907174af0554
2,discovery,1,36,2,10,number_tokens,26.625,9.25,0.0,-9.25,True,False,Qwen/Qwen3-4B-Instruct-2507,cdbee75f17c01a7cc42f958dc650907174af0554
2,discovery,1,36,2,10,random_positions,26.625,9.25,20.5,11.25,True,True,Qwen/Qwen3-4B-Instruct-2507,cdbee75f17c01a7cc42f958dc650907174af0554
2,discovery,1,36,2,11,answer_position,26.625,9.25,9.5,0.25,True,True,Qwen/Qwen3-4B-Instruct-2507,cdbee75f17c01a7cc42f958dc650907174af0554
2,discovery,1,36,2,11,number_tokens,26.625,9.25,-15.25,-24.5,True,False,Qwen/Qwen3-4B-Instruct-2507,cdbee75f17c01a7cc42f958dc650907174af0554
2,discovery,1,36,2,11,random_positions,26.625,9.25,20.25,11.0,True,True,Qwen/Qwen3-4B-Instruct-2507,cdbee75f17c01a7cc42f958dc650907174af0554
2,discovery,1,36,2,12,answer_position,26.625,9.25,9.25,0.0,True,True,Qwen/Qwen3-4B-Instruct-2507,cdbee75f17c01a7cc42f958dc650907174af0554
2,discovery,1,36,2,12,number_tokens,26.625,9.25,-3.25,-12.5,True,False,Qwen/Qwen3-4B-Instruct-2507,cdbee75f17c01a7cc42f958dc650907174af0554
2,discovery,1,36,2,12,random_positions,26.625,9.25,20.25,11.0,True,True,Qwen/Qwen3-4B-Instruct-2507,cdbee75f17c01a7cc42f958dc650907174af0554
2,discovery,1,36,2,13,answer_position,26.625,9.25,9.75,0.5,True,True,Qwen/Qwen3-4B-Instruct-2507,cdbee75f17c01a7cc42f958dc650907174af0554
2,discovery,1,36,2,13,number_tokens,26.625,9.25,5.5,-3.75,True,True,Qwen/Qwen3-4B-Instruct-2507,cdbee75f17c01a7cc42f958dc650907174af0554
2,discovery,1,36,2,13,random_positions,26.625,9.25,19.25,10.0,True,True,Qwen/Qwen3-4B-Instruct-2507,cdbee75f17c01a7cc42f958dc650907174af0554
2,discovery,1,36,2,14,answer_position,26.625,9.25,9.5,0.25,True,True,Qwen/Qwen3-4B-Instruct-2507,cdbee75f17c01a7cc42f958dc650907174af0554
2,discovery,1,36,2,14,number_tokens,26.625,9.25,16.0,6.75,True,True,Qwen/Qwen3-4B-Instruct-2507,cdbee75f17c01a7cc42f958dc650907174af0554
2,discovery,1,36,2,14,random_positions,26.625,9.25,20.0,10.75,True,True,Qwen/Qwen3-4B-Instruct-2507,cdbee75f17c01a7cc42f958dc650907174af0554
2,discovery,1,36,2,15,answer_position,26.625,9.25,9.5,0.25,True,True,Qwen/Qwen3-4B-Instruct-2507,cdbee75f17c01a7cc42f958dc650907174af0554
2,discovery,1,36,2,15,number_tokens,26.625,9.25,23.125,13.875,True,True,Qwen/Qwen3-4B-Instruct-2507,cdbee75f17c01a7cc42f958dc650907174af0554
2,discovery,1,36,2,15,random_positions,26.625,9.25,19.5,10.25,True,True,Qwen/Qwen3-4B-Instruct-2507,cdbee75f17c01a7cc42f958dc650907174af0554
2,discovery,1,36,2,16,answer_position,26.625,9.25,10.0,0.75,True,True,Qwen/Qwen3-4B-Instruct-2507,cdbee75f17c01a7cc42f958dc650907174af0554
2,discovery,1,36,2,16,number_tokens,26.625,9.25,23.25,14.0,True,True,Qwen/Qwen3-4B-Instruct-2507,cdbee75f17c01a7cc42f958dc650907174af0554
2,discovery,1,36,2,16,random_positions,26.625,9.25,18.25,9.0,True,True,Qwen/Qwen3-4B-Instruct-2507,cdbee75f17c01a7cc42f958dc650907174af0554
2,discovery,1,36,2,17,answer_position,26.625,9.25,9.25,0.0,True,True,Qwen/Qwen3-4B-Instruct-2507,cdbee75f17c01a7cc42f958dc650907174af0554
2,discovery,1,36,2,17,number_tokens,26.625,9.25,21.5,12.25,True,True,Qwen/Qwen3-4B-Instruct-2507,cdbee75f17c01a7cc42f958dc650907174af0554
2,discovery,1,36,2,17,random_positions,26.625,9.25,17.25,8.0,True,True,Qwen/Qwen3-4B-Instruct-2507,cdbee75f17c01a7cc42f958dc650907174af0554
2,discovery,1,36,2,18,answer_position,26.625,9.25,10.25,1.0,True,True,Qwen/Qwen3-4B-Instruct-2507,cdbee75f17c01a7cc42f958dc650907174af0554
2,discovery,1,36,2,18,number_tokens,26.625,9.25,13.25,4.0,True,True,Qwen/Qwen3-4B-Instruct-2507,cdbee75f17c01a7cc42f958dc650907174af0554
2,discovery,1,36,2,18,random_positions,26.625,9.25,17.25,8.0,True,True,Qwen/Qwen3-4B-Instruct-2507,cdbee75f17c01a7cc42f958dc650907174af0554
2,discovery,1,36,2,19,answer_position,26.625,9.25,14.75,5.5,True,True,Qwen/Qwen3-4B-Instruct-2507,cdbee75f17c01a7cc42f958dc650907174af0554
2,discovery,1,36,2,19,number_tokens,26.625,9.25,6.0,-3.25,True,True,Qwen/Qwen3-4B-Instruct-2507,cdbee75f17c01a7cc42f958dc650907174af0554
2,discovery,1,36,2,19,random_positions,26.625,9.25,15.0,5.75,True,True,Qwen/Qwen3-4B-Instruct-2507,cdbee75f17c01a7cc42f958dc650907174af0554
2,discovery,1,36,2,20,answer_position,26.625,9.25,17.25,8.0,True,True,Qwen/Qwen3-4B-Instruct-2507,cdbee75f17c01a7cc42f958dc650907174af0554
2,discovery,1,36,2,20,number_tokens,26.625,9.25,8.0,-1.25,True,True,Qwen/Qwen3-4B-Instruct-2507,cdbee75f17c01a7cc42f958dc650907174af0554
2,discovery,1,36,2,20,random_positions,26.625,9.25,14.5,5.25,True,True,Qwen/Qwen3-4B-Instruct-2507,cdbee75f17c01a7cc42f958dc650907174af0554
2,discovery,1,36,2,21,answer_position,26.625,9.25,23.25,14.0,True,True,Qwen/Qwen3-4B-Instruct-2507,cdbee75f17c01a7cc42f958dc650907174af0554
2,discovery,1,36,2,21,number_tokens,26.625,9.25,7.75,-1.5,True,True,Qwen/Qwen3-4B-Instruct-2507,cdbee75f17c01a7cc42f958dc650907174af0554
2,discovery,1,36,2,21,random_positions,26.625,9.25,13.5,4.25,True,True,Qwen/Qwen3-4B-Instruct-2507,cdbee75f17c01a7cc42f958dc650907174af0554
2,discovery,1,36,2,22,answer_position,26.625,9.25,24.0,14.75,True,True,Qwen/Qwen3-4B-Instruct-2507,cdbee75f17c01a7cc42f958dc650907174af0554
2,discovery,1,36,2,22,number_tokens,26.625,9.25,8.5,-0.75,True,True,Qwen/Qwen3-4B-Instruct-2507,cdbee75f17c01a7cc42f958dc650907174af0554
2,discovery,1,36,2,22,random_positions,26.625,9.25,13.5,4.25,True,True,Qwen/Qwen3-4B-Instruct-2507,cdbee75f17c01a7cc42f958dc650907174af0554
2,discovery,1,36,2,23,answer_position,26.625,9.25,23.75,14.5,True,True,Qwen/Qwen3-4B-Instruct-2507,cdbee75f17c01a7cc42f958dc650907174af0554
2,discovery,1,36,2,23,number_tokens,26.625,9.25,8.25,-1.0,True,True,Qwen/Qwen3-4B-Instruct-2507,cdbee75f17c01a7cc42f958dc650907174af0554
2,discovery,1,36,2,23,random_positions,26.625,9.25,11.5,2.25,True,True,Qwen/Qwen3-4B-Instruct-2507,cdbee75f17c01a7cc42f958dc650907174af0554
2,discovery,1,36,2,24,answer_position,26.625,9.25,25.5,16.25,True,True,Qwen/Qwen3-4B-Instruct-2507,cdbee75f17c01a7cc42f958dc650907174af0554
2,discovery,1,36,2,24,number_tokens,26.625,9.25,9.0,-0.25,True,True,Qwen/Qwen3-4B-Instruct-2507,cdbee75f17c01a7cc42f958dc650907174af0554
2,discovery,1,36,2,24,random_positions,26.625,9.25,9.0,-0.25,True,True,Qwen/Qwen3-4B-Instruct-2507,cdbee75f17c01a7cc42f958dc650907174af0554
2,discovery,1,36,2,25,answer_position,26.625,9.25,25.5,16.25,True,True,Qwen/Qwen3-4B-Instruct-2507,cdbee75f17c01a7cc42f958dc650907174af0554
2,discovery,1,36,2,25,number_tokens,26.625,9.25,9.25,0.0,True,True,Qwen/Qwen3-4B-Instruct-2507,cdbee75f17c01a7cc42f958dc650907174af0554
2,discovery,1,36,2,25,random_positions,26.625,9.25,9.0,-0.25,True,True,Qwen/Qwen3-4B-Instruct-2507,cdbee75f17c01a7cc42f958dc650907174af0554
2,discovery,1,36,2,26,answer_position,26.625,9.25,25.625,16.375,True,True,Qwen/Qwen3-4B-Instruct-2507,cdbee75f17c01a7cc42f958dc650907174af0554
2,discovery,1,36,2,26,number_tokens,26.625,9.25,9.25,0.0,True,True,Qwen/Qwen3-4B-Instruct-2507,cdbee75f17c01a7cc42f958dc650907174af0554
2,discovery,1,36,2,26,random_positions,26.625,9.25,8.75,-0.5,True,True,Qwen/Qwen3-4B-Instruct-2507,cdbee75f17c01a7cc42f958dc650907174af0554
2,discovery,1,36,2,27,answer_position,26.625,9.25,25.625,16.375,True,True,Qwen/Qwen3-4B-Instruct-2507,cdbee75f17c01a7cc42f958dc650907174af0554
2,discovery,1,36,2,27,number_tokens,26.625,9.25,9.25,0.0,True,True,Qwen/Qwen3-4B-Instruct-2507,cdbee75f17c01a7cc42f958dc650907174af0554
2,discovery,1,36,2,27,random_positions,26.625,9.25,8.75,-0.5,True,True,Qwen/Qwen3-4B-Instruct-2507,cdbee75f17c01a7cc42f958dc650907174af0554
2,discovery,1,36,2,28,answer_position,26.625,9.25,25.75,16.5,True,True,Qwen/Qwen3-4B-Instruct-2507,cdbee75f17c01a7cc42f958dc650907174af0554
2,discovery,1,36,2,28,number_tokens,26.625,9.25,9.25,0.0,True,True,Qwen/Qwen3-4B-Instruct-2507,cdbee75f17c01a7cc42f958dc650907174af0554
2,discovery,1,36,2,28,random_positions,26.625,9.25,8.75,-0.5,True,True,Qwen/Qwen3-4B-Instruct-2507,cdbee75f17c01a7cc42f958dc650907174af0554
2,discovery,1,36,2,29,answer_position,26.625,9.25,25.75,16.5,True,True,Qwen/Qwen3-4B-Instruct-2507,cdbee75f17c01a7cc42f958dc650907174af0554
2,discovery,1,36,2,29,number_tokens,26.625,9.25,9.25,0.0,True,True,Qwen/Qwen3-4B-Instruct-2507,cdbee75f17c01a7cc42f958dc650907174af0554
2,discovery,1,36,2,29,random_positions,26.625,9.25,8.5,-0.75,True,True,Qwen/Qwen3-4B-Instruct-2507,cdbee75f17c01a7cc42f958dc650907174af0554
2,discovery,1,36,2,30,answer_position,26.625,9.25,25.75,16.5,True,True,Qwen/Qwen3-4B-Instruct-2507,cdbee75f17c01a7cc42f958dc650907174af0554
2,discovery,1,36,2,30,number_tokens,26.625,9.25,9.25,0.0,True,True,Qwen/Qwen3-4B-Instruct-2507,cdbee75f17c01a7cc42f958dc650907174af0554
2,discovery,1,36,2,30,random_positions,26.625,9.25,9.0,-0.25,True,True,Qwen/Qwen3-4B-Instruct-2507,cdbee75f17c01a7cc42f958dc650907174af0554
2,discovery,1,36,2,31,answer_position,26.625,9.25,26.0,16.75,True,True,Qwen/Qwen3-4B-Instruct-2507,cdbee75f17c01a7cc42f958dc650907174af0554
2,discovery,1,36,2,31,number_tokens,26.625,9.25,9.25,0.0,True,True,Qwen/Qwen3-4B-Instruct-2507,cdbee75f17c01a7cc42f958dc650907174af0554
2,discovery,1,36,2,31,random_positions,26.625,9.25,9.0,-0.25,True,True,Qwen/Qwen3-4B-Instruct-2507,cdbee75f17c01a7cc42f958dc650907174af0554
2,discovery,1,36,2,32,answer_position,26.625,9.25,25.875,16.625,True,True,Qwen/Qwen3-4B-Instruct-2507,cdbee75f17c01a7cc42f958dc650907174af0554
2,discovery,1,36,2,32,number_tokens,26.625,9.25,9.25,0.0,True,True,Qwen/Qwen3-4B-Instruct-2507,cdbee75f17c01a7cc42f958dc650907174af0554
2,discovery,1,36,2,32,random_positions,26.625,9.25,9.0,-0.25,True,True,Qwen/Qwen3-4B-Instruct-2507,cdbee75f17c01a7cc42f958dc650907174af0554
2,discovery,1,36,2,33,answer_position,26.625,9.25,25.875,16.625,True,True,Qwen/Qwen3-4B-Instruct-2507,cdbee75f17c01a7cc42f958dc650907174af0554
2,discovery,1,36,2,33,number_tokens,26.625,9.25,9.25,0.0,True,True,Qwen/Qwen3-4B-Instruct-2507,cdbee75f17c01a7cc42f958dc650907174af0554
2,discovery,1,36,2,33,random_positions,26.625,9.25,9.25,0.0,True,True,Qwen/Qwen3-4B-Instruct-2507,cdbee75f17c01a7cc42f958dc650907174af0554
2,discovery,1,36,2,34,answer_position,26.625,9.25,26.25,17.0,True,True,Qwen/Qwen3-4B-Instruct-2507,cdbee75f17c01a7cc42f958dc650907174af0554
2,discovery,1,36,2,34,number_tokens,26.625,9.25,9.25,0.0,True,True,Qwen/Qwen3-4B-Instruct-2507,cdbee75f17c01a7cc42f958dc650907174af0554
2,discovery,1,36,2,34,random_positions,26.625,9.25,9.5,0.25,True,True,Qwen/Qwen3-4B-Instruct-2507,cdbee75f17c01a7cc42f958dc650907174af0554
2,discovery,1,36,2,35,answer_position,26.625,9.25,26.625,17.375,True,True,Qwen/Qwen3-4B-Instruct-2507,cdbee75f17c01a7cc42f958dc650907174af0554
2,discovery,1,36,2,35,number_tokens,26.625,9.25,9.25,0.0,True,True,Qwen/Qwen3-4B-Instruct-2507,cdbee75f17c01a7cc42f958dc650907174af0554
2,discovery,1,36,2,35,random_positions,26.625,9.25,9.25,0.0,True,True,Qwen/Qwen3-4B-Instruct-2507,cdbee75f17c01a7cc42f958dc650907174af0554
3,discovery,1,37,3,0,answer_position,27.25,21.5,21.25,-0.25,True,True,Qwen/Qwen3-4B-Instruct-2507,cdbee75f17c01a7cc42f958dc650907174af0554
3,discovery,1,37,3,0,number_tokens,27.25,21.5,21.0,-0.5,True,True,Qwen/Qwen3-4B-Instruct-2507,cdbee75f17c01a7cc42f958dc650907174af0554
3,discovery,1,37,3,0,random_positions,27.25,21.5,21.25,-0.25,True,True,Qwen/Qwen3-4B-Instruct-2507,cdbee75f17c01a7cc42f958dc650907174af0554
3,discovery,1,37,3,1,answer_position,27.25,21.5,21.5,0.0,True,True,Qwen/Qwen3-4B-Instruct-2507,cdbee75f17c01a7cc42f958dc650907174af0554
3,discovery,1,37,3,1,number_tokens,27.25,21.5,21.5,0.0,True,True,Qwen/Qwen3-4B-Instruct-2507,cdbee75f17c01a7cc42f958dc650907174af0554
3,discovery,1,37,3,1,random_positions,27.25,21.5,21.25,-0.25,True,True,Qwen/Qwen3-4B-Instruct-2507,cdbee75f17c01a7cc42f958dc650907174af0554
3,discovery,1,37,3,2,answer_position,27.25,21.5,21.5,0.0,True,True,Qwen/Qwen3-4B-Instruct-2507,cdbee75f17c01a7cc42f958dc650907174af0554
3,discovery,1,37,3,2,number_tokens,27.25,21.5,21.25,-0.25,True,True,Qwen/Qwen3-4B-Instruct-2507,cdbee75f17c01a7cc42f958dc650907174af0554
3,discovery,1,37,3,2,random_positions,27.25,21.5,21.25,-0.25,True,True,Qwen/Qwen3-4B-Instruct-2507,cdbee75f17c01a7cc42f958dc650907174af0554
3,discovery,1,37,3,3,answer_position,27.25,21.5,21.25,-0.25,True,True,Qwen/Qwen3-4B-Instruct-2507,cdbee75f17c01a7cc42f958dc650907174af0554
3,discovery,1,37,3,3,number_tokens,27.25,21.5,22.0,0.5,True,True,Qwen/Qwen3-4B-Instruct-2507,cdbee75f17c01a7cc42f958dc650907174af0554
3,discovery,1,37,3,3,random_positions,27.25,21.5,21.5,0.0,True,True,Qwen/Qwen3-4B-Instruct-2507,cdbee75f17c01a7cc42f958dc650907174af0554
3,discovery,1,37,3,4,answer_position,27.25,21.5,21.5,0.0,True,True,Qwen/Qwen3-4B-Instruct-2507,cdbee75f17c01a7cc42f958dc650907174af0554
3,discovery,1,37,3,4,number_tokens,27.25,21.5,22.5,1.0,True,True,Qwen/Qwen3-4B-Instruct-2507,cdbee75f17c01a7cc42f958dc650907174af0554
3,discovery,1,37,3,4,random_positions,27.25,21.5,21.5,0.0,True,True,Qwen/Qwen3-4B-Instruct-2507,cdbee75f17c01a7cc42f958dc650907174af0554
3,discovery,1,37,3,5,answer_position,27.25,21.5,21.25,-0.25,True,True,Qwen/Qwen3-4B-Instruct-2507,cdbee75f17c01a7cc42f958dc650907174af0554
3,discovery,1,37,3,5,number_tokens,27.25,21.5,21.0,-0.5,True,True,Qwen/Qwen3-4B-Instruct-2507,cdbee75f17c01a7cc42f958dc650907174af0554
3,discovery,1,37,3,5,random_positions,27.25,21.5,21.75,0.25,True,True,Qwen/Qwen3-4B-Instruct-2507,cdbee75f17c01a7cc42f958dc650907174af0554
3,discovery,1,37,3,6,answer_position,27.25,21.5,21.25,-0.25,True,True,Qwen/Qwen3-4B-Instruct-2507,cdbee75f17c01a7cc42f958dc650907174af0554
3,discovery,1,37,3,6,number_tokens,27.25,21.5,21.0,-0.5,True,True,Qwen/Qwen3-4B-Instruct-2507,cdbee75f17c01a7cc42f958dc650907174af0554
3,discovery,1,37,3,6,random_positions,27.25,21.5,21.75,0.25,True,True,Qwen/Qwen3-4B-Instruct-2507,cdbee75f17c01a7cc42f958dc650907174af0554
3,discovery,1,37,3,7,answer_position,27.25,21.5,21.5,0.0,True,True,Qwen/Qwen3-4B-Instruct-2507,cdbee75f17c01a7cc42f958dc650907174af0554
3,discovery,1,37,3,7,number_tokens,27.25,21.5,5.25,-16.25,True,True,Qwen/Qwen3-4B-Instruct-2507,cdbee75f17c01a7cc42f958dc650907174af0554
3,discovery,1,37,3,7,random_positions,27.25,21.5,21.5,0.0,True,True,Qwen/Qwen3-4B-Instruct-2507,cdbee75f17c01a7cc42f958dc650907174af0554
3,discovery,1,37,3,8,answer_position,27.25,21.5,21.5,0.0,True,True,Qwen/Qwen3-4B-Instruct-2507,cdbee75f17c01a7cc42f958dc650907174af0554
3,discovery,1,37,3,8,number_tokens,27.25,21.5,3.0,-18.5,True,True,Qwen/Qwen3-4B-Instruct-2507,cdbee75f17c01a7cc42f958dc650907174af0554
3,discovery,1,37,3,8,random_positions,27.25,21.5,21.25,-0.25,True,True,Qwen/Qwen3-4B-Instruct-2507,cdbee75f17c01a7cc42f958dc650907174af0554
3,discovery,1,37,3,9,answer_position,27.25,21.5,21.5,0.0,True,True,Qwen/Qwen3-4B-Instruct-2507,cdbee75f17c01a7cc42f958dc650907174af0554
3,discovery,1,37,3,9,number_tokens,27.25,21.5,1.0,-20.5,True,True,Qwen/Qwen3-4B-Instruct-2507,cdbee75f17c01a7cc42f958dc650907174af0554
3,discovery,1,37,3,9,random_positions,27.25,21.5,21.75,0.25,True,True,Qwen/Qwen3-4B-Instruct-2507,cdbee75f17c01a7cc42f958dc650907174af0554
3,discovery,1,37,3,10,answer_position,27.25,21.5,21.25,-0.25,True,True,Qwen/Qwen3-4B-Instruct-2507,cdbee75f17c01a7cc42f958dc650907174af0554
3,discovery,1,37,3,10,number_tokens,27.25,21.5,5.5,-16.0,True,True,Qwen/Qwen3-4B-Instruct-2507,cdbee75f17c01a7cc42f958dc650907174af0554
3,discovery,1,37,3,10,random_positions,27.25,21.5,22.0,0.5,True,True,Qwen/Qwen3-4B-Instruct-2507,cdbee75f17c01a7cc42f958dc650907174af0554
3,discovery,1,37,3,11,answer_position,27.25,21.5,21.25,-0.25,True,True,Qwen/Qwen3-4B-Instruct-2507,cdbee75f17c01a7cc42f958dc650907174af0554
3,discovery,1,37,3,11,number_tokens,27.25,21.5,-9.0,-30.5,True,False,Qwen/Qwen3-4B-Instruct-2507,cdbee75f17c01a7cc42f958dc650907174af0554
3,discovery,1,37,3,11,random_positions,27.25,21.5,21.75,0.25,True,True,Qwen/Qwen3-4B-Instruct-2507,cdbee75f17c01a7cc42f958dc650907174af0554
3,discovery,1,37,3,12,answer_position,27.25,21.5,21.25,-0.25,True,True,Qwen/Qwen3-4B-Instruct-2507,cdbee75f17c01a7cc42f958dc650907174af0554
3,discovery,1,37,3,12,number_tokens,27.25,21.5,2.75,-18.75,True,True,Qwen/Qwen3-4B-Instruct-2507,cdbee75f17c01a7cc42f958dc650907174af0554
3,discovery,1,37,3,12,random_positions,27.25,21.5,22.25,0.75,True,True,Qwen/Qwen3-4B-Instruct-2507,cdbee75f17c01a7cc42f958dc650907174af0554
3,discovery,1,37,3,13,answer_position,27.25,21.5,21.75,0.25,True,True,Qwen/Qwen3-4B-Instruct-2507,cdbee75f17c01a7cc42f958dc650907174af0554
3,discovery,1,37,3,13,number_tokens,27.25,21.5,10.5,-11.0,True,True,Qwen/Qwen3-4B-Instruct-2507,cdbee75f17c01a7cc42f958dc650907174af0554
3,discovery,1,37,3,13,random_positions,27.25,21.5,22.25,0.75,True,True,Qwen/Qwen3-4B-Instruct-2507,cdbee75f17c01a7cc42f958dc650907174af0554
3,discovery,1,37,3,14,answer_position,27.25,21.5,21.5,0.0,True,True,Qwen/Qwen3-4B-Instruct-2507,cdbee75f17c01a7cc42f958dc650907174af0554
3,discovery,1,37,3,14,number_tokens,27.25,21.5,19.75,-1.75,True,True,Qwen/Qwen3-4B-Instruct-2507,cdbee75f17c01a7cc42f958dc650907174af0554
3,discovery,1,37,3,14,random_positions,27.25,21.5,22.25,0.75,True,True,Qwen/Qwen3-4B-Instruct-2507,cdbee75f17c01a7cc42f958dc650907174af0554
3,discovery,1,37,3,15,answer_position,27.25,21.5,21.5,0.0,True,True,Qwen/Qwen3-4B-Instruct-2507,cdbee75f17c01a7cc42f958dc650907174af0554
3,discovery,1,37,3,15,number_tokens,27.25,21.5,23.875,2.375,True,True,Qwen/Qwen3-4B-Instruct-2507,cdbee75f17c01a7cc42f958dc650907174af0554
3,discovery,1,37,3,15,random_positions,27.25,21.5,22.25,0.75,True,True,Qwen/Qwen3-4B-Instruct-2507,cdbee75f17c01a7cc42f958dc650907174af0554
3,discovery,1,37,3,16,answer_position,27.25,21.5,21.5,0.0,True,True,Qwen/Qwen3-4B-Instruct-2507,cdbee75f17c01a7cc42f958dc650907174af0554
3,discovery,1,37,3,16,number_tokens,27.25,21.5,24.25,2.75,True,True,Qwen/Qwen3-4B-Instruct-2507,cdbee75f17c01a7cc42f958dc650907174af0554
3,discovery,1,37,3,16,random_positions,27.25,21.5,22.0,0.5,True,True,Qwen/Qwen3-4B-Instruct-2507,cdbee75f17c01a7cc42f958dc650907174af0554
3,discovery,1,37,3,17,answer_position,27.25,21.5,21.25,-0.25,True,True,Qwen/Qwen3-4B-Instruct-2507,cdbee75f17c01a7cc42f958dc650907174af0554
3,discovery,1,37,3,17,number_tokens,27.25,21.5,23.0,1.5,True,True,Qwen/Qwen3-4B-Instruct-2507,cdbee75f17c01a7cc42f958dc650907174af0554
3,discovery,1,37,3,17,random_positions,27.25,21.5,22.25,0.75,True,True,Qwen/Qwen3-4B-Instruct-2507,cdbee75f17c01a7cc42f958dc650907174af0554
3,discovery,1,37,3,18,answer_position,27.25,21.5,21.5,0.0,True,True,Qwen/Qwen3-4B-Instruct-2507,cdbee75f17c01a7cc42f958dc650907174af0554
3,discovery,1,37,3,18,number_tokens,27.25,21.5,20.5,-1.0,True,True,Qwen/Qwen3-4B-Instruct-2507,cdbee75f17c01a7cc42f958dc650907174af0554
3,discovery,1,37,3,18,random_positions,27.25,21.5,22.75,1.25,True,True,Qwen/Qwen3-4B-Instruct-2507,cdbee75f17c01a7cc42f958dc650907174af0554
3,discovery,1,37,3,19,answer_position,27.25,21.5,22.75,1.25,True,True,Qwen/Qwen3-4B-Instruct-2507,cdbee75f17c01a7cc42f958dc650907174af0554
3,discovery,1,37,3,19,number_tokens,27.25,21.5,19.25,-2.25,True,True,Qwen/Qwen3-4B-Instruct-2507,cdbee75f17c01a7cc42f958dc650907174af0554
3,discovery,1,37,3,19,random_positions,27.25,21.5,22.25,0.75,True,True,Qwen/Qwen3-4B-Instruct-2507,cdbee75f17c01a7cc42f958dc650907174af0554
3,discovery,1,37,3,20,answer_position,27.25,21.5,23.25,1.75,True,True,Qwen/Qwen3-4B-Instruct-2507,cdbee75f17c01a7cc42f958dc650907174af0554
3,discovery,1,37,3,20,number_tokens,27.25,21.5,20.75,-0.75,True,True,Qwen/Qwen3-4B-Instruct-2507,cdbee75f17c01a7cc42f958dc650907174af0554
3,discovery,1,37,3,20,random_positions,27.25,21.5,22.25,0.75,True,True,Qwen/Qwen3-4B-Instruct-2507,cdbee75f17c01a7cc42f958dc650907174af0554
3,discovery,1,37,3,21,answer_position,27.25,21.5,25.5,4.0,True,True,Qwen/Qwen3-4B-Instruct-2507,cdbee75f17c01a7cc42f958dc650907174af0554
3,discovery,1,37,3,21,number_tokens,27.25,21.5,21.0,-0.5,True,True,Qwen/Qwen3-4B-Instruct-2507,cdbee75f17c01a7cc42f958dc650907174af0554
3,discovery,1,37,3,21,random_positions,27.25,21.5,22.0,0.5,True,True,Qwen/Qwen3-4B-Instruct-2507,cdbee75f17c01a7cc42f958dc650907174af0554
3,discovery,1,37,3,22,answer_position,27.25,21.5,25.75,4.25,True,True,Qwen/Qwen3-4B-Instruct-2507,cdbee75f17c01a7cc42f958dc650907174af0554
3,discovery,1,37,3,22,number_tokens,27.25,21.5,21.0,-0.5,True,True,Qwen/Qwen3-4B-Instruct-2507,cdbee75f17c01a7cc42f958dc650907174af0554
3,discovery,1,37,3,22,random_positions,27.25,21.5,21.75,0.25,True,True,Qwen/Qwen3-4B-Instruct-2507,cdbee75f17c01a7cc42f958dc650907174af0554
3,discovery,1,37,3,23,answer_position,27.25,21.5,25.25,3.75,True,True,Qwen/Qwen3-4B-Instruct-2507,cdbee75f17c01a7cc42f958dc650907174af0554
3,discovery,1,37,3,23,number_tokens,27.25,21.5,21.0,-0.5,True,True,Qwen/Qwen3-4B-Instruct-2507,cdbee75f17c01a7cc42f958dc650907174af0554
3,discovery,1,37,3,23,random_positions,27.25,21.5,21.5,0.0,True,True,Qwen/Qwen3-4B-Instruct-2507,cdbee75f17c01a7cc42f958dc650907174af0554
3,discovery,1,37,3,24,answer_position,27.25,21.5,26.75,5.25,True,True,Qwen/Qwen3-4B-Instruct-2507,cdbee75f17c01a7cc42f958dc650907174af0554
3,discovery,1,37,3,24,number_tokens,27.25,21.5,21.25,-0.25,True,True,Qwen/Qwen3-4B-Instruct-2507,cdbee75f17c01a7cc42f958dc650907174af0554
3,discovery,1,37,3,24,random_positions,27.25,21.5,21.5,0.0,True,True,Qwen/Qwen3-4B-Instruct-2507,cdbee75f17c01a7cc42f958dc650907174af0554
3,discovery,1,37,3,25,answer_position,27.25,21.5,26.5,5.0,True,True,Qwen/Qwen3-4B-Instruct-2507,cdbee75f17c01a7cc42f958dc650907174af0554
3,discovery,1,37,3,25,number_tokens,27.25,21.5,21.25,-0.25,True,True,Qwen/Qwen3-4B-Instruct-2507,cdbee75f17c01a7cc42f958dc650907174af0554
3,discovery,1,37,3,25,random_positions,27.25,21.5,21.5,0.0,True,True,Qwen/Qwen3-4B-Instruct-2507,cdbee75f17c01a7cc42f958dc650907174af0554
3,discovery,1,37,3,26,answer_position,27.25,21.5,26.75,5.25,True,True,Qwen/Qwen3-4B-Instruct-2507,cdbee75f17c01a7cc42f958dc650907174af0554
3,discovery,1,37,3,26,number_tokens,27.25,21.5,21.25,-0.25,True,True,Qwen/Qwen3-4B-Instruct-2507,cdbee75f17c01a7cc42f958dc650907174af0554
3,discovery,1,37,3,26,random_positions,27.25,21.5,21.5,0.0,True,True,Qwen/Qwen3-4B-Instruct-2507,cdbee75f17c01a7cc42f958dc650907174af0554
3,discovery,1,37,3,27,answer_position,27.25,21.5,26.5,5.0,True,True,Qwen/Qwen3-4B-Instruct-2507,cdbee75f17c01a7cc42f958dc650907174af0554
3,discovery,1,37,3,27,number_tokens,27.25,21.5,21.5,0.0,True,True,Qwen/Qwen3-4B-Instruct-2507,cdbee75f17c01a7cc42f958dc650907174af0554
3,discovery,1,37,3,27,random_positions,27.25,21.5,21.5,0.0,True,True,Qwen/Qwen3-4B-Instruct-2507,cdbee75f17c01a7cc42f958dc650907174af0554
3,discovery,1,37,3,28,answer_position,27.25,21.5,26.625,5.125,True,True,Qwen/Qwen3-4B-Instruct-2507,cdbee75f17c01a7cc42f958dc650907174af0554
3,discovery,1,37,3,28,number_tokens,27.25,21.5,21.25,-0.25,True,True,Qwen/Qwen3-4B-Instruct-2507,cdbee75f17c01a7cc42f958dc650907174af0554
3,discovery,1,37,3,28,random_positions,27.25,21.5,21.75,0.25,True,True,Qwen/Qwen3-4B-Instruct-2507,cdbee75f17c01a7cc42f958dc650907174af0554
3,discovery,1,37,3,29,answer_position,27.25,21.5,26.875,5.375,True,True,Qwen/Qwen3-4B-Instruct-2507,cdbee75f17c01a7cc42f958dc650907174af0554
3,discovery,1,37,3,29,number_tokens,27.25,21.5,21.25,-0.25,True,True,Qwen/Qwen3-4B-Instruct-2507,cdbee75f17c01a7cc42f958dc650907174af0554
3,discovery,1,37,3,29,random_positions,27.25,21.5,21.25,-0.25,True,True,Qwen/Qwen3-4B-Instruct-2507,cdbee75f17c01a7cc42f958dc650907174af0554
3,discovery,1,37,3,30,answer_position,27.25,21.5,26.625,5.125,True,True,Qwen/Qwen3-4B-Instruct-2507,cdbee75f17c01a7cc42f958dc650907174af0554
3,discovery,1,37,3,30,number_tokens,27.25,21.5,21.25,-0.25,True,True,Qwen/Qwen3-4B-Instruct-2507,cdbee75f17c01a7cc42f958dc650907174af0554
3,discovery,1,37,3,30,random_positions,27.25,21.5,21.5,0.0,True,True,Qwen/Qwen3-4B-Instruct-2507,cdbee75f17c01a7cc42f958dc650907174af0554
3,discovery,1,37,3,31,answer_position,27.25,21.5,26.75,5.25,True,True,Qwen/Qwen3-4B-Instruct-2507,cdbee75f17c01a7cc42f958dc650907174af0554
3,discovery,1,37,3,31,number_tokens,27.25,21.5,21.25,-0.25,True,True,Qwen/Qwen3-4B-Instruct-2507,cdbee75f17c01a7cc42f958dc650907174af0554
3,discovery,1,37,3,31,random_positions,27.25,21.5,21.5,0.0,True,True,Qwen/Qwen3-4B-Instruct-2507,cdbee75f17c01a7cc42f958dc650907174af0554
3,discovery,1,37,3,32,answer_position,27.25,21.5,26.75,5.25,True,True,Qwen/Qwen3-4B-Instruct-2507,cdbee75f17c01a7cc42f958dc650907174af0554
3,discovery,1,37,3,32,number_tokens,27.25,21.5,21.0,-0.5,True,True,Qwen/Qwen3-4B-Instruct-2507,cdbee75f17c01a7cc42f958dc650907174af0554
3,discovery,1,37,3,32,random_positions,27.25,21.5,21.25,-0.25,True,True,Qwen/Qwen3-4B-Instruct-2507,cdbee75f17c01a7cc42f958dc650907174af0554
3,discovery,1,37,3,33,answer_position,27.25,21.5,26.625,5.125,True,True,Qwen/Qwen3-4B-Instruct-2507,cdbee75f17c01a7cc42f958dc650907174af0554
3,discovery,1,37,3,33,number_tokens,27.25,21.5,21.25,-0.25,True,True,Qwen/Qwen3-4B-Instruct-2507,cdbee75f17c01a7cc42f958dc650907174af0554
3,discovery,1,37,3,33,random_positions,27.25,21.5,21.5,0.0,True,True,Qwen/Qwen3-4B-Instruct-2507,cdbee75f17c01a7cc42f958dc650907174af0554
3,discovery,1,37,3,34,answer_position,27.25,21.5,27.0,5.5,True,True,Qwen/Qwen3-4B-Instruct-2507,cdbee75f17c01a7cc42f958dc650907174af0554
3,discovery,1,37,3,34,number_tokens,27.25,21.5,21.25,-0.25,True,True,Qwen/Qwen3-4B-Instruct-2507,cdbee75f17c01a7cc42f958dc650907174af0554
3,discovery,1,37,3,34,random_positions,27.25,21.5,21.5,0.0,True,True,Qwen/Qwen3-4B-Instruct-2507,cdbee75f17c01a7cc42f958dc650907174af0554
3,discovery,1,37,3,35,answer_position,27.25,21.5,27.25,5.75,True,True,Qwen/Qwen3-4B-Instruct-2507,cdbee75f17c01a7cc42f958dc650907174af0554
3,discovery,1,37,3,35,number_tokens,27.25,21.5,21.5,0.0,True,True,Qwen/Qwen3-4B-Instruct-2507,cdbee75f17c01a7cc42f958dc650907174af0554
3,discovery,1,37,3,35,random_positions,27.25,21.5,21.5,0.0,True,True,Qwen/Qwen3-4B-Instruct-2507,cdbee75f17c01a7cc42f958dc650907174af0554
4,discovery,1,38,4,0,answer_position,26.625,19.75,19.75,0.0,True,True,Qwen/Qwen3-4B-Instruct-2507,cdbee75f17c01a7cc42f958dc650907174af0554
4,discovery,1,38,4,0,number_tokens,26.625,19.75,19.25,-0.5,True,True,Qwen/Qwen3-4B-Instruct-2507,cdbee75f17c01a7cc42f958dc650907174af0554
4,discovery,1,38,4,0,random_positions,26.625,19.75,20.25,0.5,True,True,Qwen/Qwen3-4B-Instruct-2507,cdbee75f17c01a7cc42f958dc650907174af0554
4,discovery,1,38,4,1,answer_position,26.625,19.75,20.0,0.25,True,True,Qwen/Qwen3-4B-Instruct-2507,cdbee75f17c01a7cc42f958dc650907174af0554
4,discovery,1,38,4,1,number_tokens,26.625,19.75,20.75,1.0,True,True,Qwen/Qwen3-4B-Instruct-2507,cdbee75f17c01a7cc42f958dc650907174af0554
4,discovery,1,38,4,1,random_positions,26.625,19.75,20.0,0.25,True,True,Qwen/Qwen3-4B-Instruct-2507,cdbee75f17c01a7cc42f958dc650907174af0554
4,discovery,1,38,4,2,answer_position,26.625,19.75,19.75,0.0,True,True,Qwen/Qwen3-4B-Instruct-2507,cdbee75f17c01a7cc42f958dc650907174af0554
4,discovery,1,38,4,2,number_tokens,26.625,19.75,20.25,0.5,True,True,Qwen/Qwen3-4B-Instruct-2507,cdbee75f17c01a7cc42f958dc650907174af0554
4,discovery,1,38,4,2,random_positions,26.625,19.75,19.75,0.0,True,True,Qwen/Qwen3-4B-Instruct-2507,cdbee75f17c01a7cc42f958dc650907174af0554
4,discovery,1,38,4,3,answer_position,26.625,19.75,19.75,0.0,True,True,Qwen/Qwen3-4B-Instruct-2507,cdbee75f17c01a7cc42f958dc650907174af0554
4,discovery,1,38,4,3,number_tokens,26.625,19.75,21.25,1.5,True,True,Qwen/Qwen3-4B-Instruct-2507,cdbee75f17c01a7cc42f958dc650907174af0554
4,discovery,1,38,4,3,random_positions,26.625,19.75,19.75,0.0,True,True,Qwen/Qwen3-4B-Instruct-2507,cdbee75f17c01a7cc42f958dc650907174af0554
4,discovery,1,38,4,4,answer_position,26.625,19.75,19.75,0.0,True,True,Qwen/Qwen3-4B-Instruct-2507,cdbee75f17c01a7cc42f958dc650907174af0554
4,discovery,1,38,4,4,number_tokens,26.625,19.75,20.5,0.75,True,True,Qwen/Qwen3-4B-Instruct-2507,cdbee75f17c01a7cc42f958dc650907174af0554
4,discovery,1,38,4,4,random_positions,26.625,19.75,20.0,0.25,True,True,Qwen/Qwen3-4B-Instruct-2507,cdbee75f17c01a7cc42f958dc650907174af0554
4,discovery,1,38,4,5,answer_position,26.625,19.75,20.0,0.25,True,True,Qwen/Qwen3-4B-Instruct-2507,cdbee75f17c01a7cc42f958dc650907174af0554
4,discovery,1,38,4,5,number_tokens,26.625,19.75,19.0,-0.75,True,True,Qwen/Qwen3-4B-Instruct-2507,cdbee75f17c01a7cc42f958dc650907174af0554
4,discovery,1,38,4,5,random_positions,26.625,19.75,19.75,0.0,True,True,Qwen/Qwen3-4B-Instruct-2507,cdbee75f17c01a7cc42f958dc650907174af0554
4,discovery,1,38,4,6,answer_position,26.625,19.75,20.0,0.25,True,True,Qwen/Qwen3-4B-Instruct-2507,cdbee75f17c01a7cc42f958dc650907174af0554
4,discovery,1,38,4,6,number_tokens,26.625,19.75,20.5,0.75,True,True,Qwen/Qwen3-4B-Instruct-2507,cdbee75f17c01a7cc42f958dc650907174af0554
4,discovery,1,38,4,6,random_positions,26.625,19.75,19.75,0.0,True,True,Qwen/Qwen3-4B-Instruct-2507,cdbee75f17c01a7cc42f958dc650907174af0554
4,discovery,1,38,4,7,answer_position,26.625,19.75,20.0,0.25,True,True,Qwen/Qwen3-4B-Instruct-2507,cdbee75f17c01a7cc42f958dc650907174af0554
4,discovery,1,38,4,7,number_tokens,26.625,19.75,1.25,-18.5,True,True,Qwen/Qwen3-4B-Instruct-2507,cdbee75f17c01a7cc42f958dc650907174af0554
4,discovery,1,38,4,7,random_positions,26.625,19.75,20.25,0.5,True,True,Qwen/Qwen3-4B-Instruct-2507,cdbee75f17c01a7cc42f958dc650907174af0554
4,discovery,1,38,4,8,answer_position,26.625,19.75,19.75,0.0,True,True,Qwen/Qwen3-4B-Instruct-2507,cdbee75f17c01a7cc42f958dc650907174af0554
4,discovery,1,38,4,8,number_tokens,26.625,19.75,5.0,-14.75,True,True,Qwen/Qwen3-4B-Instruct-2507,cdbee75f17c01a7cc42f958dc650907174af0554
4,discovery,1,38,4,8,random_positions,26.625,19.75,20.0,0.25,True,True,Qwen/Qwen3-4B-Instruct-2507,cdbee75f17c01a7cc42f958dc650907174af0554
4,discovery,1,38,4,9,answer_position,26.625,19.75,19.75,0.0,True,True,Qwen/Qwen3-4B-Instruct-2507,cdbee75f17c01a7cc42f958dc650907174af0554
4,discovery,1,38,4,9,number_tokens,26.625,19.75,0.25,-19.5,True,True,Qwen/Qwen3-4B-Instruct-2507,cdbee75f17c01a7cc42f958dc650907174af0554
4,discovery,1,38,4,9,random_positions,26.625,19.75,20.0,0.25,True,True,Qwen/Qwen3-4B-Instruct-2507,cdbee75f17c01a7cc42f958dc650907174af0554
4,discovery,1,38,4,10,answer_position,26.625,19.75,19.75,0.0,True,True,Qwen/Qwen3-4B-Instruct-2507,cdbee75f17c01a7cc42f958dc650907174af0554
4,discovery,1,38,4,10,number_tokens,26.625,19.75,2.75,-17.0,True,True,Qwen/Qwen3-4B-Instruct-2507,cdbee75f17c01a7cc42f958dc650907174af0554
4,discovery,1,38,4,10,random_positions,26.625,19.75,20.0,0.25,True,True,Qwen/Qwen3-4B-Instruct-2507,cdbee75f17c01a7cc42f958dc650907174af0554
4,discovery,1,38,4,11,answer_position,26.625,19.75,19.75,0.0,True,True,Qwen/Qwen3-4B-Instruct-2507,cdbee75f17c01a7cc42f958dc650907174af0554
4,discovery,1,38,4,11,number_tokens,26.625,19.75,-6.25,-26.0,True,False,Qwen/Qwen3-4B-Instruct-2507,cdbee75f17c01a7cc42f958dc650907174af0554
4,discovery,1,38,4,11,random_positions,26.625,19.75,20.0,0.25,True,True,Qwen/Qwen3-4B-Instruct-2507,cdbee75f17c01a7cc42f958dc650907174af0554
4,discovery,1,38,4,12,answer_position,26.625,19.75,20.0,0.25,True,True,Qwen/Qwen3-4B-Instruct-2507,cdbee75f17c01a7cc42f958dc650907174af0554
4,discovery,1,38,4,12,number_tokens,26.625,19.75,2.25,-17.5,True,True,Qwen/Qwen3-4B-Instruct-2507,cdbee75f17c01a7cc42f958dc650907174af0554
4,discovery,1,38,4,12,random_positions,26.625,19.75,20.25,0.5,True,True,Qwen/Qwen3-4B-Instruct-2507,cdbee75f17c01a7cc42f958dc650907174af0554
4,discovery,1,38,4,13,answer_position,26.625,19.75,19.75,0.0,True,True,Qwen/Qwen3-4B-Instruct-2507,cdbee75f17c01a7cc42f958dc650907174af0554
4,discovery,1,38,4,13,number_tokens,26.625,19.75,11.5,-8.25,True,True,Qwen/Qwen3-4B-Instruct-2507,cdbee75f17c01a7cc42f958dc650907174af0554
4,discovery,1,38,4,13,random_positions,26.625,19.75,20.0,0.25,True,True,Qwen/Qwen3-4B-Instruct-2507,cdbee75f17c01a7cc42f958dc650907174af0554
4,discovery,1,38,4,14,answer_position,26.625,19.75,19.75,0.0,True,True,Qwen/Qwen3-4B-Instruct-2507,cdbee75f17c01a7cc42f958dc650907174af0554
4,discovery,1,38,4,14,number_tokens,26.625,19.75,19.75,0.0,True,True,Qwen/Qwen3-4B-Instruct-2507,cdbee75f17c01a7cc42f958dc650907174af0554
4,discovery,1,38,4,14,random_positions,26.625,19.75,19.75,0.0,True,True,Qwen/Qwen3-4B-Instruct-2507,cdbee75f17c01a7cc42f958dc650907174af0554
4,discovery,1,38,4,15,answer_position,26.625,19.75,19.75,0.0,True,True,Qwen/Qwen3-4B-Instruct-2507,cdbee75f17c01a7cc42f958dc650907174af0554
4,discovery,1,38,4,15,number_tokens,26.625,19.75,23.875,4.125,True,True,Qwen/Qwen3-4B-Instruct-2507,cdbee75f17c01a7cc42f958dc650907174af0554
4,discovery,1,38,4,15,random_positions,26.625,19.75,19.5,-0.25,True,True,Qwen/Qwen3-4B-Instruct-2507,cdbee75f17c01a7cc42f958dc650907174af0554
4,discovery,1,38,4,16,answer_position,26.625,19.75,20.0,0.25,True,True,Qwen/Qwen3-4B-Instruct-2507,cdbee75f17c01a7cc42f958dc650907174af0554
4,discovery,1,38,4,16,number_tokens,26.625,19.75,23.5,3.75,True,True,Qwen/Qwen3-4B-Instruct-2507,cdbee75f17c01a7cc42f958dc650907174af0554
4,discovery,1,38,4,16,random_positions,26.625,19.75,20.0,0.25,True,True,Qwen/Qwen3-4B-Instruct-2507,cdbee75f17c01a7cc42f958dc650907174af0554
4,discovery,1,38,4,17,answer_position,26.625,19.75,19.75,0.0,True,True,Qwen/Qwen3-4B-Instruct-2507,cdbee75f17c01a7cc42f958dc650907174af0554
4,discovery,1,38,4,17,number_tokens,26.625,19.75,22.25,2.5,True,True,Qwen/Qwen3-4B-Instruct-2507,cdbee75f17c01a7cc42f958dc650907174af0554
4,discovery,1,38,4,17,random_positions,26.625,19.75,20.0,0.25,True,True,Qwen/Qwen3-4B-Instruct-2507,cdbee75f17c01a7cc42f958dc650907174af0554
4,discovery,1,38,4,18,answer_position,26.625,19.75,20.0,0.25,True,True,Qwen/Qwen3-4B-Instruct-2507,cdbee75f17c01a7cc42f958dc650907174af0554
4,discovery,1,38,4,18,number_tokens,26.625,19.75,20.0,0.25,True,True,Qwen/Qwen3-4B-Instruct-2507,cdbee75f17c01a7cc42f958dc650907174af0554
4,discovery,1,38,4,18,random_positions,26.625,19.75,20.25,0.5,True,True,Qwen/Qwen3-4B-Instruct-2507,cdbee75f17c01a7cc42f958dc650907174af0554
4,discovery,1,38,4,19,answer_position,26.625,19.75,21.5,1.75,True,True,Qwen/Qwen3-4B-Instruct-2507,cdbee75f17c01a7cc42f958dc650907174af0554
4,discovery,1,38,4,19,number_tokens,26.625,19.75,18.0,-1.75,True,True,Qwen/Qwen3-4B-Instruct-2507,cdbee75f17c01a7cc42f958dc650907174af0554
4,discovery,1,38,4,19,random_positions,26.625,19.75,20.75,1.0,True,True,Qwen/Qwen3-4B-Instruct-2507,cdbee75f17c01a7cc42f958dc650907174af0554
4,discovery,1,38,4,20,answer_position,26.625,19.75,22.0,2.25,True,True,Qwen/Qwen3-4B-Instruct-2507,cdbee75f17c01a7cc42f958dc650907174af0554
4,discovery,1,38,4,20,number_tokens,26.625,19.75,19.25,-0.5,True,True,Qwen/Qwen3-4B-Instruct-2507,cdbee75f17c01a7cc42f958dc650907174af0554
4,discovery,1,38,4,20,random_positions,26.625,19.75,20.5,0.75,True,True,Qwen/Qwen3-4B-Instruct-2507,cdbee75f17c01a7cc42f958dc650907174af0554
4,discovery,1,38,4,21,answer_position,26.625,19.75,24.75,5.0,True,True,Qwen/Qwen3-4B-Instruct-2507,cdbee75f17c01a7cc42f958dc650907174af0554
4,discovery,1,38,4,21,number_tokens,26.625,19.75,19.25,-0.5,True,True,Qwen/Qwen3-4B-Instruct-2507,cdbee75f17c01a7cc42f958dc650907174af0554
4,discovery,1,38,4,21,random_positions,26.625,19.75,20.5,0.75,True,True,Qwen/Qwen3-4B-Instruct-2507,cdbee75f17c01a7cc42f958dc650907174af0554
4,discovery,1,38,4,22,answer_position,26.625,19.75,25.125,5.375,True,True,Qwen/Qwen3-4B-Instruct-2507,cdbee75f17c01a7cc42f958dc650907174af0554
4,discovery,1,38,4,22,number_tokens,26.625,19.75,19.5,-0.25,True,True,Qwen/Qwen3-4B-Instruct-2507,cdbee75f17c01a7cc42f958dc650907174af0554
4,discovery,1,38,4,22,random_positions,26.625,19.75,20.25,0.5,True,True,Qwen/Qwen3-4B-Instruct-2507,cdbee75f17c01a7cc42f958dc650907174af0554
4,discovery,1,38,4,23,answer_position,26.625,19.75,24.875,5.125,True,True,Qwen/Qwen3-4B-Instruct-2507,cdbee75f17c01a7cc42f958dc650907174af0554
4,discovery,1,38,4,23,number_tokens,26.625,19.75,19.0,-0.75,True,True,Qwen/Qwen3-4B-Instruct-2507,cdbee75f17c01a7cc42f958dc650907174af0554
4,discovery,1,38,4,23,random_positions,26.625,19.75,20.25,0.5,True,True,Qwen/Qwen3-4B-Instruct-2507,cdbee75f17c01a7cc42f958dc650907174af0554
4,discovery,1,38,4,24,answer_position,26.625,19.75,26.0,6.25,True,True,Qwen/Qwen3-4B-Instruct-2507,cdbee75f17c01a7cc42f958dc650907174af0554
4,discovery,1,38,4,24,number_tokens,26.625,19.75,19.5,-0.25,True,True,Qwen/Qwen3-4B-Instruct-2507,cdbee75f17c01a7cc42f958dc650907174af0554
4,discovery,1,38,4,24,random_positions,26.625,19.75,20.0,0.25,True,True,Qwen/Qwen3-4B-Instruct-2507,cdbee75f17c01a7cc42f958dc650907174af0554
4,discovery,1,38,4,25,answer_position,26.625,19.75,25.875,6.125,True,True,Qwen/Qwen3-4B-Instruct-2507,cdbee75f17c01a7cc42f958dc650907174af0554
4,discovery,1,38,4,25,number_tokens,26.625,19.75,19.25,-0.5,True,True,Qwen/Qwen3-4B-Instruct-2507,cdbee75f17c01a7cc42f958dc650907174af0554
4,discovery,1,38,4,25,random_positions,26.625,19.75,19.75,0.0,True,True,Qwen/Qwen3-4B-Instruct-2507,cdbee75f17c01a7cc42f958dc650907174af0554
4,discovery,1,38,4,26,answer_position,26.625,19.75,26.125,6.375,True,True,Qwen/Qwen3-4B-Instruct-2507,cdbee75f17c01a7cc42f958dc650907174af0554
4,discovery,1,38,4,26,number_tokens,26.625,19.75,19.75,0.0,True,True,Qwen/Qwen3-4B-Instruct-2507,cdbee75f17c01a7cc42f958dc650907174af0554
4,discovery,1,38,4,26,random_positions,26.625,19.75,19.75,0.0,True,True,Qwen/Qwen3-4B-Instruct-2507,cdbee75f17c01a7cc42f958dc650907174af0554
4,discovery,1,38,4,27,answer_position,26.625,19.75,26.0,6.25,True,True,Qwen/Qwen3-4B-Instruct-2507,cdbee75f17c01a7cc42f958dc650907174af0554
4,discovery,1,38,4,27,number_tokens,26.625,19.75,19.75,0.0,True,True,Qwen/Qwen3-4B-Instruct-2507,cdbee75f17c01a7cc42f958dc650907174af0554
4,discovery,1,38,4,27,random_positions,26.625,19.75,20.0,0.25,True,True,Qwen/Qwen3-4B-Instruct-2507,cdbee75f17c01a7cc42f958dc650907174af0554
4,discovery,1,38,4,28,answer_position,26.625,19.75,26.25,6.5,True,True,Qwen/Qwen3-4B-Instruct-2507,cdbee75f17c01a7cc42f958dc650907174af0554
4,discovery,1,38,4,28,number_tokens,26.625,19.75,19.5,-0.25,True,True,Qwen/Qwen3-4B-Instruct-2507,cdbee75f17c01a7cc42f958dc650907174af0554
4,discovery,1,38,4,28,random_positions,26.625,19.75,19.75,0.0,True,True,Qwen/Qwen3-4B-Instruct-2507,cdbee75f17c01a7cc42f958dc650907174af0554
4,discovery,1,38,4,29,answer_position,26.625,19.75,26.25,6.5,True,True,Qwen/Qwen3-4B-Instruct-2507,cdbee75f17c01a7cc42f958dc650907174af0554
4,discovery,1,38,4,29,number_tokens,26.625,19.75,19.5,-0.25,True,True,Qwen/Qwen3-4B-Instruct-2507,cdbee75f17c01a7cc42f958dc650907174af0554
4,discovery,1,38,4,29,random_positions,26.625,19.75,20.0,0.25,True,True,Qwen/Qwen3-4B-Instruct-2507,cdbee75f17c01a7cc42f958dc650907174af0554
4,discovery,1,38,4,30,answer_position,26.625,19.75,26.5,6.75,True,True,Qwen/Qwen3-4B-Instruct-2507,cdbee75f17c01a7cc42f958dc650907174af0554
4,discovery,1,38,4,30,number_tokens,26.625,19.75,19.5,-0.25,True,True,Qwen/Qwen3-4B-Instruct-2507,cdbee75f17c01a7cc42f958dc650907174af0554
4,discovery,1,38,4,30,random_positions,26.625,19.75,19.75,0.0,True,True,Qwen/Qwen3-4B-Instruct-2507,cdbee75f17c01a7cc42f958dc650907174af0554
4,discovery,1,38,4,31,answer_position,26.625,19.75,26.5,6.75,True,True,Qwen/Qwen3-4B-Instruct-2507,cdbee75f17c01a7cc42f958dc650907174af0554
4,discovery,1,38,4,31,number_tokens,26.625,19.75,19.5,-0.25,True,True,Qwen/Qwen3-4B-Instruct-2507,cdbee75f17c01a7cc42f958dc650907174af0554
4,discovery,1,38,4,31,random_positions,26.625,19.75,19.75,0.0,True,True,Qwen/Qwen3-4B-Instruct-2507,cdbee75f17c01a7cc42f958dc650907174af0554
4,discovery,1,38,4,32,answer_position,26.625,19.75,26.25,6.5,True,True,Qwen/Qwen3-4B-Instruct-2507,cdbee75f17c01a7cc42f958dc650907174af0554
4,discovery,1,38,4,32,number_tokens,26.625,19.75,19.5,-0.25,True,True,Qwen/Qwen3-4B-Instruct-2507,cdbee75f17c01a7cc42f958dc650907174af0554
4,discovery,1,38,4,32,random_positions,26.625,19.75,19.75,0.0,True,True,Qwen/Qwen3-4B-Instruct-2507,cdbee75f17c01a7cc42f958dc650907174af0554
4,discovery,1,38,4,33,answer_position,26.625,19.75,26.25,6.5,True,True,Qwen/Qwen3-4B-Instruct-2507,cdbee75f17c01a7cc42f958dc650907174af0554
4,discovery,1,38,4,33,number_tokens,26.625,19.75,19.5,-0.25,True,True,Qwen/Qwen3-4B-Instruct-2507,cdbee75f17c01a7cc42f958dc650907174af0554
4,discovery,1,38,4,33,random_positions,26.625,19.75,19.75,0.0,True,True,Qwen/Qwen3-4B-Instruct-2507,cdbee75f17c01a7cc42f958dc650907174af0554
4,discovery,1,38,4,34,answer_position,26.625,19.75,26.5,6.75,True,True,Qwen/Qwen3-4B-Instruct-2507,cdbee75f17c01a7cc42f958dc650907174af0554
4,discovery,1,38,4,34,number_tokens,26.625,19.75,19.75,0.0,True,True,Qwen/Qwen3-4B-Instruct-2507,cdbee75f17c01a7cc42f958dc650907174af0554
4,discovery,1,38,4,34,random_positions,26.625,19.75,19.75,0.0,True,True,Qwen/Qwen3-4B-Instruct-2507,cdbee75f17c01a7cc42f958dc650907174af0554
4,discovery,1,38,4,35,answer_position,26.625,19.75,26.625,6.875,True,True,Qwen/Qwen3-4B-Instruct-2507,cdbee75f17c01a7cc42f958dc650907174af0554
4,discovery,1,38,4,35,number_tokens,26.625,19.75,19.75,0.0,True,True,Qwen/Qwen3-4B-Instruct-2507,cdbee75f17c01a7cc42f958dc650907174af0554
4,discovery,1,38,4,35,random_positions,26.625,19.75,19.75,0.0,True,True,Qwen/Qwen3-4B-Instruct-2507,cdbee75f17c01a7cc42f958dc650907174af0554
5,discovery,2,38,4,0,answer_position,27.25,23.75,23.75,0.0,True,True,Qwen/Qwen3-4B-Instruct-2507,cdbee75f17c01a7cc42f958dc650907174af0554
5,discovery,2,38,4,0,number_tokens,27.25,23.75,23.75,0.0,True,True,Qwen/Qwen3-4B-Instruct-2507,cdbee75f17c01a7cc42f958dc650907174af0554
5,discovery,2,38,4,0,random_positions,27.25,23.75,23.75,0.0,True,True,Qwen/Qwen3-4B-Instruct-2507,cdbee75f17c01a7cc42f958dc650907174af0554
5,discovery,2,38,4,1,answer_position,27.25,23.75,23.625,-0.125,True,True,Qwen/Qwen3-4B-Instruct-2507,cdbee75f17c01a7cc42f958dc650907174af0554
5,discovery,2,38,4,1,number_tokens,27.25,23.75,24.0,0.25,True,True,Qwen/Qwen3-4B-Instruct-2507,cdbee75f17c01a7cc42f958dc650907174af0554
5,discovery,2,38,4,1,random_positions,27.25,23.75,23.625,-0.125,True,True,Qwen/Qwen3-4B-Instruct-2507,cdbee75f17c01a7cc42f958dc650907174af0554
5,discovery,2,38,4,2,answer_position,27.25,23.75,23.625,-0.125,True,True,Qwen/Qwen3-4B-Instruct-2507,cdbee75f17c01a7cc42f958dc650907174af0554
5,discovery,2,38,4,2,number_tokens,27.25,23.75,24.0,0.25,True,True,Qwen/Qwen3-4B-Instruct-2507,cdbee75f17c01a7cc42f958dc650907174af0554
5,discovery,2,38,4,2,random_positions,27.25,23.75,24.5,0.75,True,True,Qwen/Qwen3-4B-Instruct-2507,cdbee75f17c01a7cc42f958dc650907174af0554
5,discovery,2,38,4,3,answer_position,27.25,23.75,23.625,-0.125,True,True,Qwen/Qwen3-4B-Instruct-2507,cdbee75f17c01a7cc42f958dc650907174af0554
5,discovery,2,38,4,3,number_tokens,27.25,23.75,23.75,0.0,True,True,Qwen/Qwen3-4B-Instruct-2507,cdbee75f17c01a7cc42f958dc650907174af0554
5,discovery,2,38,4,3,random_positions,27.25,23.75,25.0,1.25,True,True,Qwen/Qwen3-4B-Instruct-2507,cdbee75f17c01a7cc42f958dc650907174af0554
5,discovery,2,38,4,4,answer_position,27.25,23.75,23.625,-0.125,True,True,Qwen/Qwen3-4B-Instruct-2507,cdbee75f17c01a7cc42f958dc650907174af0554
5,discovery,2,38,4,4,number_tokens,27.25,23.75,23.5,-0.25,True,True,Qwen/Qwen3-4B-Instruct-2507,cdbee75f17c01a7cc42f958dc650907174af0554
5,discovery,2,38,4,4,random_positions,27.25,23.75,25.125,1.375,True,True,Qwen/Qwen3-4B-Instruct-2507,cdbee75f17c01a7cc42f958dc650907174af0554
5,discovery,2,38,4,5,answer_position,27.25,23.75,23.875,0.125,True,True,Qwen/Qwen3-4B-Instruct-2507,cdbee75f17c01a7cc42f958dc650907174af0554
5,discovery,2,38,4,5,number_tokens,27.25,23.75,22.5,-1.25,True,True,Qwen/Qwen3-4B-Instruct-2507,cdbee75f17c01a7cc42f958dc650907174af0554
5,discovery,2,38,4,5,random_positions,27.25,23.75,22.0,-1.75,True,True,Qwen/Qwen3-4B-Instruct-2507,cdbee75f17c01a7cc42f958dc650907174af0554
5,discovery,2,38,4,6,answer_position,27.25,23.75,23.625,-0.125,True,True,Qwen/Qwen3-4B-Instruct-2507,cdbee75f17c01a7cc42f958dc650907174af0554
5,discovery,2,38,4,6,number_tokens,27.25,23.75,22.75,-1.0,True,True,Qwen/Qwen3-4B-Instruct-2507,cdbee75f17c01a7cc42f958dc650907174af0554
5,discovery,2,38,4,6,random_positions,27.25,23.75,23.0,-0.75,True,True,Qwen/Qwen3-4B-Instruct-2507,cdbee75f17c01a7cc42f958dc650907174af0554
5,discovery,2,38,4,7,answer_position,27.25,23.75,23.875,0.125,True,True,Qwen/Qwen3-4B-Instruct-2507,cdbee75f17c01a7cc42f958dc650907174af0554
5,discovery,2,38,4,7,number_tokens,27.25,23.75,16.25,-7.5,True,True,Qwen/Qwen3-4B-Instruct-2507,cdbee75f17c01a7cc42f958dc650907174af0554
5,discovery,2,38,4,7,random_positions,27.25,23.75,23.5,-0.25,True,True,Qwen/Qwen3-4B-Instruct-2507,cdbee75f17c01a7cc42f958dc650907174af0554
5,discovery,2,38,4,8,answer_position,27.25,23.75,23.875,0.125,True,True,Qwen/Qwen3-4B-Instruct-2507,cdbee75f17c01a7cc42f958dc650907174af0554
5,discovery,2,38,4,8,number_tokens,27.25,23.75,17.5,-6.25,True,True,Qwen/Qwen3-4B-Instruct-2507,cdbee75f17c01a7cc42f958dc650907174af0554
5,discovery,2,38,4,8,random_positions,27.25,23.75,23.5,-0.25,True,True,Qwen/Qwen3-4B-Instruct-2507,cdbee75f17c01a7cc42f958dc650907174af0554
5,discovery,2,38,4,9,answer_position,27.25,23.75,23.75,0.0,True,True,Qwen/Qwen3-4B-Instruct-2507,cdbee75f17c01a7cc42f958dc650907174af0554
5,discovery,2,38,4,9,number_tokens,27.25,23.75,4.5,-19.25,True,True,Qwen/Qwen3-4B-Instruct-2507,cdbee75f17c01a7cc42f958dc650907174af0554
5,discovery,2,38,4,9,random_positions,27.25,23.75,23.125,-0.625,True,True,Qwen/Qwen3-4B-Instruct-2507,cdbee75f17c01a7cc42f958dc650907174af0554
5,discovery,2,38,4,10,answer_position,27.25,23.75,23.625,-0.125,True,True,Qwen/Qwen3-4B-Instruct-2507,cdbee75f17c01a7cc42f958dc650907174af0554
5,discovery,2,38,4,10,number_tokens,27.25,23.75,4.25,-19.5,True,True,Qwen/Qwen3-4B-Instruct-2507,cdbee75f17c01a7cc42f958dc650907174af0554
5,discovery,2,38,4,10,random_positions,27.25,23.75,23.75,0.0,True,True,Qwen/Qwen3-4B-Instruct-2507,cdbee75f17c01a7cc42f958dc650907174af0554
5,discovery,2,38,4,11,answer_position,27.25,23.75,23.75,0.0,True,True,Qwen/Qwen3-4B-Instruct-2507,cdbee75f17c01a7cc42f958dc650907174af0554
5,discovery,2,38,4,11,number_tokens,27.25,23.75,-5.75,-29.5,True,False,Qwen/Qwen3-4B-Instruct-2507,cdbee75f17c01a7cc42f958dc650907174af0554
5,discovery,2,38,4,11,random_positions,27.25,23.75,23.5,-0.25,True,True,Qwen/Qwen3-4B-Instruct-2507,cdbee75f17c01a7cc42f958dc650907174af0554
5,discovery,2,38,4,12,answer_position,27.25,23.75,23.5,-0.25,True,True,Qwen/Qwen3-4B-Instruct-2507,cdbee75f17c01a7cc42f958dc650907174af0554
5,discovery,2,38,4,12,number_tokens,27.25,23.75,2.5,-21.25,True,True,Qwen/Qwen3-4B-Instruct-2507,cdbee75f17c01a7cc42f958dc650907174af0554
5,discovery,2,38,4,12,random_positions,27.25,23.75,23.5,-0.25,True,True,Qwen/Qwen3-4B-Instruct-2507,cdbee75f17c01a7cc42f958dc650907174af0554
5,discovery,2,38,4,13,answer_position,27.25,23.75,23.625,-0.125,True,True,Qwen/Qwen3-4B-Instruct-2507,cdbee75f17c01a7cc42f958dc650907174af0554
5,discovery,2,38,4,13,number_tokens,27.25,23.75,15.25,-8.5,True,True,Qwen/Qwen3-4B-Instruct-2507,cdbee75f17c01a7cc42f958dc650907174af0554
5,discovery,2,38,4,13,random_positions,27.25,23.75,23.125,-0.625,True,True,Qwen/Qwen3-4B-Instruct-2507,cdbee75f17c01a7cc42f958dc650907174af0554
5,discovery,2,38,4,14,answer_position,27.25,23.75,23.625,-0.125,True,True,Qwen/Qwen3-4B-Instruct-2507,cdbee75f17c01a7cc42f958dc650907174af0554
5,discovery,2,38,4,14,number_tokens,27.25,23.75,22.25,-1.5,True,True,Qwen/Qwen3-4B-Instruct-2507,cdbee75f17c01a7cc42f958dc650907174af0554
5,discovery,2,38,4,14,random_positions,27.25,23.75,23.0,-0.75,True,True,Qwen/Qwen3-4B-Instruct-2507,cdbee75f17c01a7cc42f958dc650907174af0554
5,discovery,2,38,4,15,answer_position,27.25,23.75,23.625,-0.125,True,True,Qwen/Qwen3-4B-Instruct-2507,cdbee75f17c01a7cc42f958dc650907174af0554
5,discovery,2,38,4,15,number_tokens,27.25,23.75,25.5,1.75,True,True,Qwen/Qwen3-4B-Instruct-2507,cdbee75f17c01a7cc42f958dc650907174af0554
5,discovery,2,38,4,15,random_positions,27.25,23.75,23.75,0.0,True,True,Qwen/Qwen3-4B-Instruct-2507,cdbee75f17c01a7cc42f958dc650907174af0554
5,discovery,2,38,4,16,answer_position,27.25,23.75,23.625,-0.125,True,True,Qwen/Qwen3-4B-Instruct-2507,cdbee75f17c01a7cc42f958dc650907174af0554
5,discovery,2,38,4,16,number_tokens,27.25,23.75,25.25,1.5,True,True,Qwen/Qwen3-4B-Instruct-2507,cdbee75f17c01a7cc42f958dc650907174af0554
5,discovery,2,38,4,16,random_positions,27.25,23.75,23.75,0.0,True,True,Qwen/Qwen3-4B-Instruct-2507,cdbee75f17c01a7cc42f958dc650907174af0554
5,discovery,2,38,4,17,answer_position,27.25,23.75,23.625,-0.125,True,True,Qwen/Qwen3-4B-Instruct-2507,cdbee75f17c01a7cc42f958dc650907174af0554
5,discovery,2,38,4,17,number_tokens,27.25,23.75,24.375,0.625,True,True,Qwen/Qwen3-4B-Instruct-2507,cdbee75f17c01a7cc42f958dc650907174af0554
5,discovery,2,38,4,17,random_positions,27.25,23.75,23.75,0.0,True,True,Qwen/Qwen3-4B-Instruct-2507,cdbee75f17c01a7cc42f958dc650907174af0554
5,discovery,2,38,4,18,answer_position,27.25,23.75,23.625,-0.125,True,True,Qwen/Qwen3-4B-Instruct-2507,cdbee75f17c01a7cc42f958dc650907174af0554
5,discovery,2,38,4,18,number_tokens,27.25,23.75,23.375,-0.375,True,True,Qwen/Qwen3-4B-Instruct-2507,cdbee75f17c01a7cc42f958dc650907174af0554
5,discovery,2,38,4,18,random_positions,27.25,23.75,23.625,-0.125,True,True,Qwen/Qwen3-4B-Instruct-2507,cdbee75f17c01a7cc42f958dc650907174af0554
5,discovery,2,38,4,19,answer_position,27.25,23.75,24.625,0.875,True,True,Qwen/Qwen3-4B-Instruct-2507,cdbee75f17c01a7cc42f958dc650907174af0554
5,discovery,2,38,4,19,number_tokens,27.25,23.75,22.75,-1.0,True,True,Qwen/Qwen3-4B-Instruct-2507,cdbee75f17c01a7cc42f958dc650907174af0554
5,discovery,2,38,4,19,random_positions,27.25,23.75,23.75,0.0,True,True,Qwen/Qwen3-4B-Instruct-2507,cdbee75f17c01a7cc42f958dc650907174af0554
5,discovery,2,38,4,20,answer_position,27.25,23.75,24.375,0.625,True,True,Qwen/Qwen3-4B-Instruct-2507,cdbee75f17c01a7cc42f958dc650907174af0554
5,discovery,2,38,4,20,number_tokens,27.25,23.75,23.375,-0.375,True,True,Qwen/Qwen3-4B-Instruct-2507,cdbee75f17c01a7cc42f958dc650907174af0554
5,discovery,2,38,4,20,random_positions,27.25,23.75,23.75,0.0,True,True,Qwen/Qwen3-4B-Instruct-2507,cdbee75f17c01a7cc42f958dc650907174af0554
5,discovery,2,38,4,21,answer_position,27.25,23.75,26.25,2.5,True,True,Qwen/Qwen3-4B-Instruct-2507,cdbee75f17c01a7cc42f958dc650907174af0554
5,discovery,2,38,4,21,number_tokens,27.25,23.75,23.5,-0.25,True,True,Qwen/Qwen3-4B-Instruct-2507,cdbee75f17c01a7cc42f958dc650907174af0554
5,discovery,2,38,4,21,random_positions,27.25,23.75,23.5,-0.25,True,True,Qwen/Qwen3-4B-Instruct-2507,cdbee75f17c01a7cc42f958dc650907174af0554
5,discovery,2,38,4,22,answer_position,27.25,23.75,26.125,2.375,True,True,Qwen/Qwen3-4B-Instruct-2507,cdbee75f17c01a7cc42f958dc650907174af0554
5,discovery,2,38,4,22,number_tokens,27.25,23.75,23.625,-0.125,True,True,Qwen/Qwen3-4B-Instruct-2507,cdbee75f17c01a7cc42f958dc650907174af0554
5,discovery,2,38,4,22,random_positions,27.25,23.75,23.625,-0.125,True,True,Qwen/Qwen3-4B-Instruct-2507,cdbee75f17c01a7cc42f958dc650907174af0554
5,discovery,2,38,4,23,answer_position,27.25,23.75,25.875,2.125,True,True,Qwen/Qwen3-4B-Instruct-2507,cdbee75f17c01a7cc42f958dc650907174af0554
5,discovery,2,38,4,23,number_tokens,27.25,23.75,23.375,-0.375,True,True,Qwen/Qwen3-4B-Instruct-2507,cdbee75f17c01a7cc42f958dc650907174af0554
5,discovery,2,38,4,23,random_positions,27.25,23.75,24.0,0.25,True,True,Qwen/Qwen3-4B-Instruct-2507,cdbee75f17c01a7cc42f958dc650907174af0554
5,discovery,2,38,4,24,answer_position,27.25,23.75,26.75,3.0,True,True,Qwen/Qwen3-4B-Instruct-2507,cdbee75f17c01a7cc42f958dc650907174af0554
5,discovery,2,38,4,24,number_tokens,27.25,23.75,23.5,-0.25,True,True,Qwen/Qwen3-4B-Instruct-2507,cdbee75f17c01a7cc42f958dc650907174af0554
5,discovery,2,38,4,24,random_positions,27.25,23.75,23.875,0.125,True,True,Qwen/Qwen3-4B-Instruct-2507,cdbee75f17c01a7cc42f958dc650907174af0554
5,discovery,2,38,4,25,answer_position,27.25,23.75,26.5,2.75,True,True,Qwen/Qwen3-4B-Instruct-2507,cdbee75f17c01a7cc42f958dc650907174af0554
5,discovery,2,38,4,25,number_tokens,27.25,23.75,23.5,-0.25,True,True,Qwen/Qwen3-4B-Instruct-2507,cdbee75f17c01a7cc42f958dc650907174af0554
5,discovery,2,38,4,25,random_positions,27.25,23.75,23.875,0.125,True,True,Qwen/Qwen3-4B-Instruct-2507,cdbee75f17c01a7cc42f958dc650907174af0554
5,discovery,2,38,4,26,answer_position,27.25,23.75,26.625,2.875,True,True,Qwen/Qwen3-4B-Instruct-2507,cdbee75f17c01a7cc42f958dc650907174af0554
5,discovery,2,38,4,26,number_tokens,27.25,23.75,23.5,-0.25,True,True,Qwen/Qwen3-4B-Instruct-2507,cdbee75f17c01a7cc42f958dc650907174af0554
5,discovery,2,38,4,26,random_positions,27.25,23.75,23.625,-0.125,True,True,Qwen/Qwen3-4B-Instruct-2507,cdbee75f17c01a7cc42f958dc650907174af0554
5,discovery,2,38,4,27,answer_position,27.25,23.75,26.375,2.625,True,True,Qwen/Qwen3-4B-Instruct-2507,cdbee75f17c01a7cc42f958dc650907174af0554
5,discovery,2,38,4,27,number_tokens,27.25,23.75,23.5,-0.25,True,True,Qwen/Qwen3-4B-Instruct-2507,cdbee75f17c01a7cc42f958dc650907174af0554
5,discovery,2,38,4,27,random_positions,27.25,23.75,23.875,0.125,True,True,Qwen/Qwen3-4B-Instruct-2507,cdbee75f17c01a7cc42f958dc650907174af0554
5,discovery,2,38,4,28,answer_position,27.25,23.75,26.5,2.75,True,True,Qwen/Qwen3-4B-Instruct-2507,cdbee75f17c01a7cc42f958dc650907174af0554
5,discovery,2,38,4,28,number_tokens,27.25,23.75,23.5,-0.25,True,True,Qwen/Qwen3-4B-Instruct-2507,cdbee75f17c01a7cc42f958dc650907174af0554
5,discovery,2,38,4,28,random_positions,27.25,23.75,23.75,0.0,True,True,Qwen/Qwen3-4B-Instruct-2507,cdbee75f17c01a7cc42f958dc650907174af0554
5,discovery,2,38,4,29,answer_position,27.25,23.75,26.5,2.75,True,True,Qwen/Qwen3-4B-Instruct-2507,cdbee75f17c01a7cc42f958dc650907174af0554
5,discovery,2,38,4,29,number_tokens,27.25,23.75,23.5,-0.25,True,True,Qwen/Qwen3-4B-Instruct-2507,cdbee75f17c01a7cc42f958dc650907174af0554
5,discovery,2,38,4,29,random_positions,27.25,23.75,23.875,0.125,True,True,Qwen/Qwen3-4B-Instruct-2507,cdbee75f17c01a7cc42f958dc650907174af0554
5,discovery,2,38,4,30,answer_position,27.25,23.75,26.875,3.125,True,True,Qwen/Qwen3-4B-Instruct-2507,cdbee75f17c01a7cc42f958dc650907174af0554
5,discovery,2,38,4,30,number_tokens,27.25,23.75,23.625,-0.125,True,True,Qwen/Qwen3-4B-Instruct-2507,cdbee75f17c01a7cc42f958dc650907174af0554
5,discovery,2,38,4,30,random_positions,27.25,23.75,23.75,0.0,True,True,Qwen/Qwen3-4B-Instruct-2507,cdbee75f17c01a7cc42f958dc650907174af0554
5,discovery,2,38,4,31,answer_position,27.25,23.75,26.75,3.0,True,True,Qwen/Qwen3-4B-Instruct-2507,cdbee75f17c01a7cc42f958dc650907174af0554
5,discovery,2,38,4,31,number_tokens,27.25,23.75,23.5,-0.25,True,True,Qwen/Qwen3-4B-Instruct-2507,cdbee75f17c01a7cc42f958dc650907174af0554
5,discovery,2,38,4,31,random_positions,27.25,23.75,23.75,0.0,True,True,Qwen/Qwen3-4B-Instruct-2507,cdbee75f17c01a7cc42f958dc650907174af0554
5,discovery,2,38,4,32,answer_position,27.25,23.75,26.75,3.0,True,True,Qwen/Qwen3-4B-Instruct-2507,cdbee75f17c01a7cc42f958dc650907174af0554
5,discovery,2,38,4,32,number_tokens,27.25,23.75,23.625,-0.125,True,True,Qwen/Qwen3-4B-Instruct-2507,cdbee75f17c01a7cc42f958dc650907174af0554
5,discovery,2,38,4,32,random_positions,27.25,23.75,23.75,0.0,True,True,Qwen/Qwen3-4B-Instruct-2507,cdbee75f17c01a7cc42f958dc650907174af0554
5,discovery,2,38,4,33,answer_position,27.25,23.75,26.75,3.0,True,True,Qwen/Qwen3-4B-Instruct-2507,cdbee75f17c01a7cc42f958dc650907174af0554
5,discovery,2,38,4,33,number_tokens,27.25,23.75,23.5,-0.25,True,True,Qwen/Qwen3-4B-Instruct-2507,cdbee75f17c01a7cc42f958dc650907174af0554
5,discovery,2,38,4,33,random_positions,27.25,23.75,23.75,0.0,True,True,Qwen/Qwen3-4B-Instruct-2507,cdbee75f17c01a7cc42f958dc650907174af0554
5,discovery,2,38,4,34,answer_position,27.25,23.75,27.0,3.25,True,True,Qwen/Qwen3-4B-Instruct-2507,cdbee75f17c01a7cc42f958dc650907174af0554
5,discovery,2,38,4,34,number_tokens,27.25,23.75,23.75,0.0,True,True,Qwen/Qwen3-4B-Instruct-2507,cdbee75f17c01a7cc42f958dc650907174af0554
5,discovery,2,38,4,34,random_positions,27.25,23.75,23.75,0.0,True,True,Qwen/Qwen3-4B-Instruct-2507,cdbee75f17c01a7cc42f958dc650907174af0554
5,discovery,2,38,4,35,answer_position,27.25,23.75,27.25,3.5,True,True,Qwen/Qwen3-4B-Instruct-2507,cdbee75f17c01a7cc42f958dc650907174af0554
5,discovery,2,38,4,35,number_tokens,27.25,23.75,23.75,0.0,True,True,Qwen/Qwen3-4B-Instruct-2507,cdbee75f17c01a7cc42f958dc650907174af0554
5,discovery,2,38,4,35,random_positions,27.25,23.75,23.75,0.0,True,True,Qwen/Qwen3-4B-Instruct-2507,cdbee75f17c01a7cc42f958dc650907174af0554
6,discovery,2,39,2,0,answer_position,27.375,18.25,18.25,0.0,True,True,Qwen/Qwen3-4B-Instruct-2507,cdbee75f17c01a7cc42f958dc650907174af0554
6,discovery,2,39,2,0,number_tokens,27.375,18.25,18.25,0.0,True,True,Qwen/Qwen3-4B-Instruct-2507,cdbee75f17c01a7cc42f958dc650907174af0554
6,discovery,2,39,2,0,random_positions,27.375,18.25,14.5,-3.75,True,True,Qwen/Qwen3-4B-Instruct-2507,cdbee75f17c01a7cc42f958dc650907174af0554
6,discovery,2,39,2,1,answer_position,27.375,18.25,18.25,0.0,True,True,Qwen/Qwen3-4B-Instruct-2507,cdbee75f17c01a7cc42f958dc650907174af0554
6,discovery,2,39,2,1,number_tokens,27.375,18.25,18.0,-0.25,True,True,Qwen/Qwen3-4B-Instruct-2507,cdbee75f17c01a7cc42f958dc650907174af0554
6,discovery,2,39,2,1,random_positions,27.375,18.25,15.75,-2.5,True,True,Qwen/Qwen3-4B-Instruct-2507,cdbee75f17c01a7cc42f958dc650907174af0554
6,discovery,2,39,2,2,answer_position,27.375,18.25,18.5,0.25,True,True,Qwen/Qwen3-4B-Instruct-2507,cdbee75f17c01a7cc42f958dc650907174af0554
6,discovery,2,39,2,2,number_tokens,27.375,18.25,21.5,3.25,True,True,Qwen/Qwen3-4B-Instruct-2507,cdbee75f17c01a7cc42f958dc650907174af0554
6,discovery,2,39,2,2,random_positions,27.375,18.25,15.75,-2.5,True,True,Qwen/Qwen3-4B-Instruct-2507,cdbee75f17c01a7cc42f958dc650907174af0554
6,discovery,2,39,2,3,answer_position,27.375,18.25,18.25,0.0,True,True,Qwen/Qwen3-4B-Instruct-2507,cdbee75f17c01a7cc42f958dc650907174af0554
6,discovery,2,39,2,3,number_tokens,27.375,18.25,20.0,1.75,True,True,Qwen/Qwen3-4B-Instruct-2507,cdbee75f17c01a7cc42f958dc650907174af0554
6,discovery,2,39,2,3,random_positions,27.375,18.25,18.75,0.5,True,True,Qwen/Qwen3-4B-Instruct-2507,cdbee75f17c01a7cc42f958dc650907174af0554
6,discovery,2,39,2,4,answer_position,27.375,18.25,18.25,0.0,True,True,Qwen/Qwen3-4B-Instruct-2507,cdbee75f17c01a7cc42f958dc650907174af0554
6,discovery,2,39,2,4,number_tokens,27.375,18.25,21.25,3.0,True,True,Qwen/Qwen3-4B-Instruct-2507,cdbee75f17c01a7cc42f958dc650907174af0554
6,discovery,2,39,2,4,random_positions,27.375,18.25,20.0,1.75,True,True,Qwen/Qwen3-4B-Instruct-2507,cdbee75f17c01a7cc42f958dc650907174af0554
6,discovery,2,39,2,5,answer_position,27.375,18.25,18.25,0.0,True,True,Qwen/Qwen3-4B-Instruct-2507,cdbee75f17c01a7cc42f958dc650907174af0554
6,discovery,2,39,2,5,number_tokens,27.375,18.25,19.5,1.25,True,True,Qwen/Qwen3-4B-Instruct-2507,cdbee75f17c01a7cc42f958dc650907174af0554
6,discovery,2,39,2,5,random_positions,27.375,18.25,21.75,3.5,True,True,Qwen/Qwen3-4B-Instruct-2507,cdbee75f17c01a7cc42f958dc650907174af0554
6,discovery,2,39,2,6,answer_position,27.375,18.25,18.5,0.25,True,True,Qwen/Qwen3-4B-Instruct-2507,cdbee75f17c01a7cc42f958dc650907174af0554
6,discovery,2,39,2,6,number_tokens,27.375,18.25,20.5,2.25,True,True,Qwen/Qwen3-4B-Instruct-2507,cdbee75f17c01a7cc42f958dc650907174af0554
6,discovery,2,39,2,6,random_positions,27.375,18.25,21.0,2.75,True,True,Qwen/Qwen3-4B-Instruct-2507,cdbee75f17c01a7cc42f958dc650907174af0554
6,discovery,2,39,2,7,answer_position,27.375,18.25,18.5,0.25,True,True,Qwen/Qwen3-4B-Instruct-2507,cdbee75f17c01a7cc42f958dc650907174af0554
6,discovery,2,39,2,7,number_tokens,27.375,18.25,14.0,-4.25,True,True,Qwen/Qwen3-4B-Instruct-2507,cdbee75f17c01a7cc42f958dc650907174af0554
6,discovery,2,39,2,7,random_positions,27.375,18.25,21.0,2.75,True,True,Qwen/Qwen3-4B-Instruct-2507,cdbee75f17c01a7cc42f958dc650907174af0554
6,discovery,2,39,2,8,answer_position,27.375,18.25,18.25,0.0,True,True,Qwen/Qwen3-4B-Instruct-2507,cdbee75f17c01a7cc42f958dc650907174af0554
6,discovery,2,39,2,8,number_tokens,27.375,18.25,15.5,-2.75,True,True,Qwen/Qwen3-4B-Instruct-2507,cdbee75f17c01a7cc42f958dc650907174af0554
6,discovery,2,39,2,8,random_positions,27.375,18.25,20.5,2.25,True,True,Qwen/Qwen3-4B-Instruct-2507,cdbee75f17c01a7cc42f958dc650907174af0554
6,discovery,2,39,2,9,answer_position,27.375,18.25,18.5,0.25,True,True,Qwen/Qwen3-4B-Instruct-2507,cdbee75f17c01a7cc42f958dc650907174af0554
6,discovery,2,39,2,9,number_tokens,27.375,18.25,2.5,-15.75,True,True,Qwen/Qwen3-4B-Instruct-2507,cdbee75f17c01a7cc42f958dc650907174af0554
6,discovery,2,39,2,9,random_positions,27.375,18.25,20.25,2.0,True,True,Qwen/Qwen3-4B-Instruct-2507,cdbee75f17c01a7cc42f958dc650907174af0554
6,discovery,2,39,2,10,answer_position,27.375,18.25,18.0,-0.25,True,True,Qwen/Qwen3-4B-Instruct-2507,cdbee75f17c01a7cc42f958dc650907174af0554
6,discovery,2,39,2,10,number_tokens,27.375,18.25,0.5,-17.75,True,True,Qwen/Qwen3-4B-Instruct-2507,cdbee75f17c01a7cc42f958dc650907174af0554
6,discovery,2,39,2,10,random_positions,27.375,18.25,20.5,2.25,True,True,Qwen/Qwen3-4B-Instruct-2507,cdbee75f17c01a7cc42f958dc650907174af0554
6,discovery,2,39,2,11,answer_position,27.375,18.25,18.5,0.25,True,True,Qwen/Qwen3-4B-Instruct-2507,cdbee75f17c01a7cc42f958dc650907174af0554
6,discovery,2,39,2,11,number_tokens,27.375,18.25,-8.5,-26.75,True,False,Qwen/Qwen3-4B-Instruct-2507,cdbee75f17c01a7cc42f958dc650907174af0554
6,discovery,2,39,2,11,random_positions,27.375,18.25,20.25,2.0,True,True,Qwen/Qwen3-4B-Instruct-2507,cdbee75f17c01a7cc42f958dc650907174af0554
6,discovery,2,39,2,12,answer_position,27.375,18.25,18.25,0.0,True,True,Qwen/Qwen3-4B-Instruct-2507,cdbee75f17c01a7cc42f958dc650907174af0554
6,discovery,2,39,2,12,number_tokens,27.375,18.25,0.5,-17.75,True,True,Qwen/Qwen3-4B-Instruct-2507,cdbee75f17c01a7cc42f958dc650907174af0554
6,discovery,2,39,2,12,random_positions,27.375,18.25,20.0,1.75,True,True,Qwen/Qwen3-4B-Instruct-2507,cdbee75f17c01a7cc42f958dc650907174af0554
6,discovery,2,39,2,13,answer_position,27.375,18.25,18.25,0.0,True,True,Qwen/Qwen3-4B-Instruct-2507,cdbee75f17c01a7cc42f958dc650907174af0554
6,discovery,2,39,2,13,number_tokens,27.375,18.25,12.0,-6.25,True,True,Qwen/Qwen3-4B-Instruct-2507,cdbee75f17c01a7cc42f958dc650907174af0554
6,discovery,2,39,2,13,random_positions,27.375,18.25,20.25,2.0,True,True,Qwen/Qwen3-4B-Instruct-2507,cdbee75f17c01a7cc42f958dc650907174af0554
6,discovery,2,39,2,14,answer_position,27.375,18.25,18.75,0.5,True,True,Qwen/Qwen3-4B-Instruct-2507,cdbee75f17c01a7cc42f958dc650907174af0554
6,discovery,2,39,2,14,number_tokens,27.375,18.25,21.25,3.0,True,True,Qwen/Qwen3-4B-Instruct-2507,cdbee75f17c01a7cc42f958dc650907174af0554
6,discovery,2,39,2,14,random_positions,27.375,18.25,19.75,1.5,True,True,Qwen/Qwen3-4B-Instruct-2507,cdbee75f17c01a7cc42f958dc650907174af0554
6,discovery,2,39,2,15,answer_position,27.375,18.25,18.25,0.0,True,True,Qwen/Qwen3-4B-Instruct-2507,cdbee75f17c01a7cc42f958dc650907174af0554
6,discovery,2,39,2,15,number_tokens,27.375,18.25,24.25,6.0,True,True,Qwen/Qwen3-4B-Instruct-2507,cdbee75f17c01a7cc42f958dc650907174af0554
6,discovery,2,39,2,15,random_positions,27.375,18.25,20.5,2.25,True,True,Qwen/Qwen3-4B-Instruct-2507,cdbee75f17c01a7cc42f958dc650907174af0554
6,discovery,2,39,2,16,answer_position,27.375,18.25,18.5,0.25,True,True,Qwen/Qwen3-4B-Instruct-2507,cdbee75f17c01a7cc42f958dc650907174af0554
6,discovery,2,39,2,16,number_tokens,27.375,18.25,24.75,6.5,True,True,Qwen/Qwen3-4B-Instruct-2507,cdbee75f17c01a7cc42f958dc650907174af0554
6,discovery,2,39,2,16,random_positions,27.375,18.25,20.0,1.75,True,True,Qwen/Qwen3-4B-Instruct-2507,cdbee75f17c01a7cc42f958dc650907174af0554
6,discovery,2,39,2,17,answer_position,27.375,18.25,18.25,0.0,True,True,Qwen/Qwen3-4B-Instruct-2507,cdbee75f17c01a7cc42f958dc650907174af0554
6,discovery,2,39,2,17,number_tokens,27.375,18.25,23.5,5.25,True,True,Qwen/Qwen3-4B-Instruct-2507,cdbee75f17c01a7cc42f958dc650907174af0554
6,discovery,2,39,2,17,random_positions,27.375,18.25,19.75,1.5,True,True,Qwen/Qwen3-4B-Instruct-2507,cdbee75f17c01a7cc42f958dc650907174af0554
6,discovery,2,39,2,18,answer_position,27.375,18.25,18.5,0.25,True,True,Qwen/Qwen3-4B-Instruct-2507,cdbee75f17c01a7cc42f958dc650907174af0554
6,discovery,2,39,2,18,number_tokens,27.375,18.25,19.25,1.0,True,True,Qwen/Qwen3-4B-Instruct-2507,cdbee75f17c01a7cc42f958dc650907174af0554
6,discovery,2,39,2,18,random_positions,27.375,18.25,19.75,1.5,True,True,Qwen/Qwen3-4B-Instruct-2507,cdbee75f17c01a7cc42f958dc650907174af0554
6,discovery,2,39,2,19,answer_position,27.375,18.25,20.5,2.25,True,True,Qwen/Qwen3-4B-Instruct-2507,cdbee75f17c01a7cc42f958dc650907174af0554
6,discovery,2,39,2,19,number_tokens,27.375,18.25,15.5,-2.75,True,True,Qwen/Qwen3-4B-Instruct-2507,cdbee75f17c01a7cc42f958dc650907174af0554
6,discovery,2,39,2,19,random_positions,27.375,18.25,19.5,1.25,True,True,Qwen/Qwen3-4B-Instruct-2507,cdbee75f17c01a7cc42f958dc650907174af0554
6,discovery,2,39,2,20,answer_position,27.375,18.25,21.25,3.0,True,True,Qwen/Qwen3-4B-Instruct-2507,cdbee75f17c01a7cc42f958dc650907174af0554
6,discovery,2,39,2,20,number_tokens,27.375,18.25,17.5,-0.75,True,True,Qwen/Qwen3-4B-Instruct-2507,cdbee75f17c01a7cc42f958dc650907174af0554
6,discovery,2,39,2,20,random_positions,27.375,18.25,19.5,1.25,True,True,Qwen/Qwen3-4B-Instruct-2507,cdbee75f17c01a7cc42f958dc650907174af0554
6,discovery,2,39,2,21,answer_position,27.375,18.25,24.5,6.25,True,True,Qwen/Qwen3-4B-Instruct-2507,cdbee75f17c01a7cc42f958dc650907174af0554
6,discovery,2,39,2,21,number_tokens,27.375,18.25,17.5,-0.75,True,True,Qwen/Qwen3-4B-Instruct-2507,cdbee75f17c01a7cc42f958dc650907174af0554
6,discovery,2,39,2,21,random_positions,27.375,18.25,18.75,0.5,True,True,Qwen/Qwen3-4B-Instruct-2507,cdbee75f17c01a7cc42f958dc650907174af0554
6,discovery,2,39,2,22,answer_position,27.375,18.25,25.25,7.0,True,True,Qwen/Qwen3-4B-Instruct-2507,cdbee75f17c01a7cc42f958dc650907174af0554
6,discovery,2,39,2,22,number_tokens,27.375,18.25,17.5,-0.75,True,True,Qwen/Qwen3-4B-Instruct-2507,cdbee75f17c01a7cc42f958dc650907174af0554
6,discovery,2,39,2,22,random_positions,27.375,18.25,18.5,0.25,True,True,Qwen/Qwen3-4B-Instruct-2507,cdbee75f17c01a7cc42f958dc650907174af0554
6,discovery,2,39,2,23,answer_position,27.375,18.25,24.875,6.625,True,True,Qwen/Qwen3-4B-Instruct-2507,cdbee75f17c01a7cc42f958dc650907174af0554
6,discovery,2,39,2,23,number_tokens,27.375,18.25,17.25,-1.0,True,True,Qwen/Qwen3-4B-Instruct-2507,cdbee75f17c01a7cc42f958dc650907174af0554
6,discovery,2,39,2,23,random_positions,27.375,18.25,18.0,-0.25,True,True,Qwen/Qwen3-4B-Instruct-2507,cdbee75f17c01a7cc42f958dc650907174af0554
6,discovery,2,39,2,24,answer_position,27.375,18.25,26.25,8.0,True,True,Qwen/Qwen3-4B-Instruct-2507,cdbee75f17c01a7cc42f958dc650907174af0554
6,discovery,2,39,2,24,number_tokens,27.375,18.25,17.75,-0.5,True,True,Qwen/Qwen3-4B-Instruct-2507,cdbee75f17c01a7cc42f958dc650907174af0554
6,discovery,2,39,2,24,random_positions,27.375,18.25,17.75,-0.5,True,True,Qwen/Qwen3-4B-Instruct-2507,cdbee75f17c01a7cc42f958dc650907174af0554
6,discovery,2,39,2,25,answer_position,27.375,18.25,26.125,7.875,True,True,Qwen/Qwen3-4B-Instruct-2507,cdbee75f17c01a7cc42f958dc650907174af0554
6,discovery,2,39,2,25,number_tokens,27.375,18.25,17.75,-0.5,True,True,Qwen/Qwen3-4B-Instruct-2507,cdbee75f17c01a7cc42f958dc650907174af0554
6,discovery,2,39,2,25,random_positions,27.375,18.25,18.25,0.0,True,True,Qwen/Qwen3-4B-Instruct-2507,cdbee75f17c01a7cc42f958dc650907174af0554
6,discovery,2,39,2,26,answer_position,27.375,18.25,26.25,8.0,True,True,Qwen/Qwen3-4B-Instruct-2507,cdbee75f17c01a7cc42f958dc650907174af0554
6,discovery,2,39,2,26,number_tokens,27.375,18.25,17.75,-0.5,True,True,Qwen/Qwen3-4B-Instruct-2507,cdbee75f17c01a7cc42f958dc650907174af0554
6,discovery,2,39,2,26,random_positions,27.375,18.25,18.0,-0.25,True,True,Qwen/Qwen3-4B-Instruct-2507,cdbee75f17c01a7cc42f958dc650907174af0554
6,discovery,2,39,2,27,answer_position,27.375,18.25,26.125,7.875,True,True,Qwen/Qwen3-4B-Instruct-2507,cdbee75f17c01a7cc42f958dc650907174af0554
6,discovery,2,39,2,27,number_tokens,27.375,18.25,18.25,0.0,True,True,Qwen/Qwen3-4B-Instruct-2507,cdbee75f17c01a7cc42f958dc650907174af0554
6,discovery,2,39,2,27,random_positions,27.375,18.25,18.25,0.0,True,True,Qwen/Qwen3-4B-Instruct-2507,cdbee75f17c01a7cc42f958dc650907174af0554
6,discovery,2,39,2,28,answer_position,27.375,18.25,26.375,8.125,True,True,Qwen/Qwen3-4B-Instruct-2507,cdbee75f17c01a7cc42f958dc650907174af0554
6,discovery,2,39,2,28,number_tokens,27.375,18.25,18.0,-0.25,True,True,Qwen/Qwen3-4B-Instruct-2507,cdbee75f17c01a7cc42f958dc650907174af0554
6,discovery,2,39,2,28,random_positions,27.375,18.25,18.0,-0.25,True,True,Qwen/Qwen3-4B-Instruct-2507,cdbee75f17c01a7cc42f958dc650907174af0554
6,discovery,2,39,2,29,answer_position,27.375,18.25,26.25,8.0,True,True,Qwen/Qwen3-4B-Instruct-2507,cdbee75f17c01a7cc42f958dc650907174af0554
6,discovery,2,39,2,29,number_tokens,27.375,18.25,18.0,-0.25,True,True,Qwen/Qwen3-4B-Instruct-2507,cdbee75f17c01a7cc42f958dc650907174af0554
6,discovery,2,39,2,29,random_positions,27.375,18.25,18.0,-0.25,True,True,Qwen/Qwen3-4B-Instruct-2507,cdbee75f17c01a7cc42f958dc650907174af0554
6,discovery,2,39,2,30,answer_position,27.375,18.25,26.5,8.25,True,True,Qwen/Qwen3-4B-Instruct-2507,cdbee75f17c01a7cc42f958dc650907174af0554
6,discovery,2,39,2,30,number_tokens,27.375,18.25,18.25,0.0,True,True,Qwen/Qwen3-4B-Instruct-2507,cdbee75f17c01a7cc42f958dc650907174af0554
6,discovery,2,39,2,30,random_positions,27.375,18.25,18.0,-0.25,True,True,Qwen/Qwen3-4B-Instruct-2507,cdbee75f17c01a7cc42f958dc650907174af0554
6,discovery,2,39,2,31,answer_position,27.375,18.25,26.5,8.25,True,True,Qwen/Qwen3-4B-Instruct-2507,cdbee75f17c01a7cc42f958dc650907174af0554
6,discovery,2,39,2,31,number_tokens,27.375,18.25,18.25,0.0,True,True,Qwen/Qwen3-4B-Instruct-2507,cdbee75f17c01a7cc42f958dc650907174af0554
6,discovery,2,39,2,31,random_positions,27.375,18.25,18.25,0.0,True,True,Qwen/Qwen3-4B-Instruct-2507,cdbee75f17c01a7cc42f958dc650907174af0554
6,discovery,2,39,2,32,answer_position,27.375,18.25,26.625,8.375,True,True,Qwen/Qwen3-4B-Instruct-2507,cdbee75f17c01a7cc42f958dc650907174af0554
6,discovery,2,39,2,32,number_tokens,27.375,18.25,18.0,-0.25,True,True,Qwen/Qwen3-4B-Instruct-2507,cdbee75f17c01a7cc42f958dc650907174af0554
6,discovery,2,39,2,32,random_positions,27.375,18.25,18.25,0.0,True,True,Qwen/Qwen3-4B-Instruct-2507,cdbee75f17c01a7cc42f958dc650907174af0554
6,discovery,2,39,2,33,answer_position,27.375,18.25,26.625,8.375,True,True,Qwen/Qwen3-4B-Instruct-2507,cdbee75f17c01a7cc42f958dc650907174af0554
6,discovery,2,39,2,33,number_tokens,27.375,18.25,18.25,0.0,True,True,Qwen/Qwen3-4B-Instruct-2507,cdbee75f17c01a7cc42f958dc650907174af0554
6,discovery,2,39,2,33,random_positions,27.375,18.25,18.0,-0.25,True,True,Qwen/Qwen3-4B-Instruct-2507,cdbee75f17c01a7cc42f958dc650907174af0554
6,discovery,2,39,2,34,answer_position,27.375,18.25,26.75,8.5,True,True,Qwen/Qwen3-4B-Instruct-2507,cdbee75f17c01a7cc42f958dc650907174af0554
6,discovery,2,39,2,34,number_tokens,27.375,18.25,18.25,0.0,True,True,Qwen/Qwen3-4B-Instruct-2507,cdbee75f17c01a7cc42f958dc650907174af0554
6,discovery,2,39,2,34,random_positions,27.375,18.25,18.25,0.0,True,True,Qwen/Qwen3-4B-Instruct-2507,cdbee75f17c01a7cc42f958dc650907174af0554
6,discovery,2,39,2,35,answer_position,27.375,18.25,27.375,9.125,True,True,Qwen/Qwen3-4B-Instruct-2507,cdbee75f17c01a7cc42f958dc650907174af0554
6,discovery,2,39,2,35,number_tokens,27.375,18.25,18.25,0.0,True,True,Qwen/Qwen3-4B-Instruct-2507,cdbee75f17c01a7cc42f958dc650907174af0554
6,discovery,2,39,2,35,random_positions,27.375,18.25,18.25,0.0,True,True,Qwen/Qwen3-4B-Instruct-2507,cdbee75f17c01a7cc42f958dc650907174af0554
7,discovery,2,40,3,0,answer_position,26.0,22.0,22.0,0.0,True,True,Qwen/Qwen3-4B-Instruct-2507,cdbee75f17c01a7cc42f958dc650907174af0554
7,discovery,2,40,3,0,number_tokens,26.0,22.0,22.0,0.0,True,True,Qwen/Qwen3-4B-Instruct-2507,cdbee75f17c01a7cc42f958dc650907174af0554
7,discovery,2,40,3,0,random_positions,26.0,22.0,22.0,0.0,True,True,Qwen/Qwen3-4B-Instruct-2507,cdbee75f17c01a7cc42f958dc650907174af0554
7,discovery,2,40,3,1,answer_position,26.0,22.0,21.75,-0.25,True,True,Qwen/Qwen3-4B-Instruct-2507,cdbee75f17c01a7cc42f958dc650907174af0554
7,discovery,2,40,3,1,number_tokens,26.0,22.0,23.0,1.0,True,True,Qwen/Qwen3-4B-Instruct-2507,cdbee75f17c01a7cc42f958dc650907174af0554
7,discovery,2,40,3,1,random_positions,26.0,22.0,21.75,-0.25,True,True,Qwen/Qwen3-4B-Instruct-2507,cdbee75f17c01a7cc42f958dc650907174af0554
7,discovery,2,40,3,2,answer_position,26.0,22.0,21.75,-0.25,True,True,Qwen/Qwen3-4B-Instruct-2507,cdbee75f17c01a7cc42f958dc650907174af0554
7,discovery,2,40,3,2,number_tokens,26.0,22.0,22.5,0.5,True,True,Qwen/Qwen3-4B-Instruct-2507,cdbee75f17c01a7cc42f958dc650907174af0554
7,discovery,2,40,3,2,random_positions,26.0,22.0,21.75,-0.25,True,True,Qwen/Qwen3-4B-Instruct-2507,cdbee75f17c01a7cc42f958dc650907174af0554
7,discovery,2,40,3,3,answer_position,26.0,22.0,22.0,0.0,True,True,Qwen/Qwen3-4B-Instruct-2507,cdbee75f17c01a7cc42f958dc650907174af0554
7,discovery,2,40,3,3,number_tokens,26.0,22.0,18.25,-3.75,True,True,Qwen/Qwen3-4B-Instruct-2507,cdbee75f17c01a7cc42f958dc650907174af0554
7,discovery,2,40,3,3,random_positions,26.0,22.0,20.5,-1.5,True,True,Qwen/Qwen3-4B-Instruct-2507,cdbee75f17c01a7cc42f958dc650907174af0554
7,discovery,2,40,3,4,answer_position,26.0,22.0,21.75,-0.25,True,True,Qwen/Qwen3-4B-Instruct-2507,cdbee75f17c01a7cc42f958dc650907174af0554
7,discovery,2,40,3,4,number_tokens,26.0,22.0,19.25,-2.75,True,True,Qwen/Qwen3-4B-Instruct-2507,cdbee75f17c01a7cc42f958dc650907174af0554
7,discovery,2,40,3,4,random_positions,26.0,22.0,20.5,-1.5,True,True,Qwen/Qwen3-4B-Instruct-2507,cdbee75f17c01a7cc42f958dc650907174af0554
7,discovery,2,40,3,5,answer_position,26.0,22.0,22.0,0.0,True,True,Qwen/Qwen3-4B-Instruct-2507,cdbee75f17c01a7cc42f958dc650907174af0554
7,discovery,2,40,3,5,number_tokens,26.0,22.0,16.25,-5.75,True,True,Qwen/Qwen3-4B-Instruct-2507,cdbee75f17c01a7cc42f958dc650907174af0554
7,discovery,2,40,3,5,random_positions,26.0,22.0,16.5,-5.5,True,True,Qwen/Qwen3-4B-Instruct-2507,cdbee75f17c01a7cc42f958dc650907174af0554
7,discovery,2,40,3,6,answer_position,26.0,22.0,22.0,0.0,True,True,Qwen/Qwen3-4B-Instruct-2507,cdbee75f17c01a7cc42f958dc650907174af0554
7,discovery,2,40,3,6,number_tokens,26.0,22.0,17.5,-4.5,True,True,Qwen/Qwen3-4B-Instruct-2507,cdbee75f17c01a7cc42f958dc650907174af0554
7,discovery,2,40,3,6,random_positions,26.0,22.0,21.75,-0.25,True,True,Qwen/Qwen3-4B-Instruct-2507,cdbee75f17c01a7cc42f958dc650907174af0554
7,discovery,2,40,3,7,answer_position,26.0,22.0,22.0,0.0,True,True,Qwen/Qwen3-4B-Instruct-2507,cdbee75f17c01a7cc42f958dc650907174af0554
7,discovery,2,40,3,7,number_tokens,26.0,22.0,9.0,-13.0,True,True,Qwen/Qwen3-4B-Instruct-2507,cdbee75f17c01a7cc42f958dc650907174af0554
7,discovery,2,40,3,7,random_positions,26.0,22.0,21.75,-0.25,True,True,Qwen/Qwen3-4B-Instruct-2507,cdbee75f17c01a7cc42f958dc650907174af0554
7,discovery,2,40,3,8,answer_position,26.0,22.0,22.0,0.0,True,True,Qwen/Qwen3-4B-Instruct-2507,cdbee75f17c01a7cc42f958dc650907174af0554
7,discovery,2,40,3,8,number_tokens,26.0,22.0,16.25,-5.75,True,True,Qwen/Qwen3-4B-Instruct-2507,cdbee75f17c01a7cc42f958dc650907174af0554
7,discovery,2,40,3,8,random_positions,26.0,22.0,23.0,1.0,True,True,Qwen/Qwen3-4B-Instruct-2507,cdbee75f17c01a7cc42f958dc650907174af0554
7,discovery,2,40,3,9,answer_position,26.0,22.0,21.75,-0.25,True,True,Qwen/Qwen3-4B-Instruct-2507,cdbee75f17c01a7cc42f958dc650907174af0554
7,discovery,2,40,3,9,number_tokens,26.0,22.0,5.75,-16.25,True,True,Qwen/Qwen3-4B-Instruct-2507,cdbee75f17c01a7cc42f958dc650907174af0554
7,discovery,2,40,3,9,random_positions,26.0,22.0,24.375,2.375,True,True,Qwen/Qwen3-4B-Instruct-2507,cdbee75f17c01a7cc42f958dc650907174af0554
7,discovery,2,40,3,10,answer_position,26.0,22.0,22.0,0.0,True,True,Qwen/Qwen3-4B-Instruct-2507,cdbee75f17c01a7cc42f958dc650907174af0554
7,discovery,2,40,3,10,number_tokens,26.0,22.0,8.5,-13.5,True,True,Qwen/Qwen3-4B-Instruct-2507,cdbee75f17c01a7cc42f958dc650907174af0554
7,discovery,2,40,3,10,random_positions,26.0,22.0,24.5,2.5,True,True,Qwen/Qwen3-4B-Instruct-2507,cdbee75f17c01a7cc42f958dc650907174af0554
7,discovery,2,40,3,11,answer_position,26.0,22.0,22.0,0.0,True,True,Qwen/Qwen3-4B-Instruct-2507,cdbee75f17c01a7cc42f958dc650907174af0554
7,discovery,2,40,3,11,number_tokens,26.0,22.0,-5.5,-27.5,True,False,Qwen/Qwen3-4B-Instruct-2507,cdbee75f17c01a7cc42f958dc650907174af0554
7,discovery,2,40,3,11,random_positions,26.0,22.0,24.875,2.875,True,True,Qwen/Qwen3-4B-Instruct-2507,cdbee75f17c01a7cc42f958dc650907174af0554
7,discovery,2,40,3,12,answer_position,26.0,22.0,21.75,-0.25,True,True,Qwen/Qwen3-4B-Instruct-2507,cdbee75f17c01a7cc42f958dc650907174af0554
7,discovery,2,40,3,12,number_tokens,26.0,22.0,-2.25,-24.25,True,False,Qwen/Qwen3-4B-Instruct-2507,cdbee75f17c01a7cc42f958dc650907174af0554
7,discovery,2,40,3,12,random_positions,26.0,22.0,24.125,2.125,True,True,Qwen/Qwen3-4B-Instruct-2507,cdbee75f17c01a7cc42f958dc650907174af0554
7,discovery,2,40,3,13,answer_position,26.0,22.0,22.0,0.0,True,True,Qwen/Qwen3-4B-Instruct-2507,cdbee75f17c01a7cc42f958dc650907174af0554
7,discovery,2,40,3,13,number_tokens,26.0,22.0,10.75,-11.25,True,True,Qwen/Qwen3-4B-Instruct-2507,cdbee75f17c01a7cc42f958dc650907174af0554
7,discovery,2,40,3,13,random_positions,26.0,22.0,22.75,0.75,True,True,Qwen/Qwen3-4B-Instruct-2507,cdbee75f17c01a7cc42f958dc650907174af0554
7,discovery,2,40,3,14,answer_position,26.0,22.0,22.0,0.0,True,True,Qwen/Qwen3-4B-Instruct-2507,cdbee75f17c01a7cc42f958dc650907174af0554
7,discovery,2,40,3,14,number_tokens,26.0,22.0,20.0,-2.0,True,True,Qwen/Qwen3-4B-Instruct-2507,cdbee75f17c01a7cc42f958dc650907174af0554
7,discovery,2,40,3,14,random_positions,26.0,22.0,24.75,2.75,True,True,Qwen/Qwen3-4B-Instruct-2507,cdbee75f17c01a7cc42f958dc650907174af0554
7,discovery,2,40,3,15,answer_position,26.0,22.0,22.0,0.0,True,True,Qwen/Qwen3-4B-Instruct-2507,cdbee75f17c01a7cc42f958dc650907174af0554
7,discovery,2,40,3,15,number_tokens,26.0,22.0,23.5,1.5,True,True,Qwen/Qwen3-4B-Instruct-2507,cdbee75f17c01a7cc42f958dc650907174af0554
7,discovery,2,40,3,15,random_positions,26.0,22.0,25.875,3.875,True,True,Qwen/Qwen3-4B-Instruct-2507,cdbee75f17c01a7cc42f958dc650907174af0554
7,discovery,2,40,3,16,answer_position,26.0,22.0,22.0,0.0,True,True,Qwen/Qwen3-4B-Instruct-2507,cdbee75f17c01a7cc42f958dc650907174af0554
7,discovery,2,40,3,16,number_tokens,26.0,22.0,24.0,2.0,True,True,Qwen/Qwen3-4B-Instruct-2507,cdbee75f17c01a7cc42f958dc650907174af0554
7,discovery,2,40,3,16,random_positions,26.0,22.0,26.375,4.375,True,True,Qwen/Qwen3-4B-Instruct-2507,cdbee75f17c01a7cc42f958dc650907174af0554
7,discovery,2,40,3,17,answer_position,26.0,22.0,21.5,-0.5,True,True,Qwen/Qwen3-4B-Instruct-2507,cdbee75f17c01a7cc42f958dc650907174af0554
7,discovery,2,40,3,17,number_tokens,26.0,22.0,23.0,1.0,True,True,Qwen/Qwen3-4B-Instruct-2507,cdbee75f17c01a7cc42f958dc650907174af0554
7,discovery,2,40,3,17,random_positions,26.0,22.0,25.75,3.75,True,True,Qwen/Qwen3-4B-Instruct-2507,cdbee75f17c01a7cc42f958dc650907174af0554
7,discovery,2,40,3,18,answer_position,26.0,22.0,21.75,-0.25,True,True,Qwen/Qwen3-4B-Instruct-2507,cdbee75f17c01a7cc42f958dc650907174af0554
7,discovery,2,40,3,18,number_tokens,26.0,22.0,21.25,-0.75,True,True,Qwen/Qwen3-4B-Instruct-2507,cdbee75f17c01a7cc42f958dc650907174af0554
7,discovery,2,40,3,18,random_positions,26.0,22.0,25.5,3.5,True,True,Qwen/Qwen3-4B-Instruct-2507,cdbee75f17c01a7cc42f958dc650907174af0554
7,discovery,2,40,3,19,answer_position,26.0,22.0,22.75,0.75,True,True,Qwen/Qwen3-4B-Instruct-2507,cdbee75f17c01a7cc42f958dc650907174af0554
7,discovery,2,40,3,19,number_tokens,26.0,22.0,20.25,-1.75,True,True,Qwen/Qwen3-4B-Instruct-2507,cdbee75f17c01a7cc42f958dc650907174af0554
7,discovery,2,40,3,19,random_positions,26.0,22.0,24.25,2.25,True,True,Qwen/Qwen3-4B-Instruct-2507,cdbee75f17c01a7cc42f958dc650907174af0554
7,discovery,2,40,3,20,answer_position,26.0,22.0,22.5,0.5,True,True,Qwen/Qwen3-4B-Instruct-2507,cdbee75f17c01a7cc42f958dc650907174af0554
7,discovery,2,40,3,20,number_tokens,26.0,22.0,21.5,-0.5,True,True,Qwen/Qwen3-4B-Instruct-2507,cdbee75f17c01a7cc42f958dc650907174af0554
7,discovery,2,40,3,20,random_positions,26.0,22.0,23.625,1.625,True,True,Qwen/Qwen3-4B-Instruct-2507,cdbee75f17c01a7cc42f958dc650907174af0554
7,discovery,2,40,3,21,answer_position,26.0,22.0,24.75,2.75,True,True,Qwen/Qwen3-4B-Instruct-2507,cdbee75f17c01a7cc42f958dc650907174af0554
7,discovery,2,40,3,21,number_tokens,26.0,22.0,21.75,-0.25,True,True,Qwen/Qwen3-4B-Instruct-2507,cdbee75f17c01a7cc42f958dc650907174af0554
7,discovery,2,40,3,21,random_positions,26.0,22.0,21.75,-0.25,True,True,Qwen/Qwen3-4B-Instruct-2507,cdbee75f17c01a7cc42f958dc650907174af0554
7,discovery,2,40,3,22,answer_position,26.0,22.0,24.875,2.875,True,True,Qwen/Qwen3-4B-Instruct-2507,cdbee75f17c01a7cc42f958dc650907174af0554
7,discovery,2,40,3,22,number_tokens,26.0,22.0,21.75,-0.25,True,True,Qwen/Qwen3-4B-Instruct-2507,cdbee75f17c01a7cc42f958dc650907174af0554
7,discovery,2,40,3,22,random_positions,26.0,22.0,22.0,0.0,True,True,Qwen/Qwen3-4B-Instruct-2507,cdbee75f17c01a7cc42f958dc650907174af0554
7,discovery,2,40,3,23,answer_position,26.0,22.0,24.125,2.125,True,True,Qwen/Qwen3-4B-Instruct-2507,cdbee75f17c01a7cc42f958dc650907174af0554
7,discovery,2,40,3,23,number_tokens,26.0,22.0,21.5,-0.5,True,True,Qwen/Qwen3-4B-Instruct-2507,cdbee75f17c01a7cc42f958dc650907174af0554
7,discovery,2,40,3,23,random_positions,26.0,22.0,22.0,0.0,True,True,Qwen/Qwen3-4B-Instruct-2507,cdbee75f17c01a7cc42f958dc650907174af0554
7,discovery,2,40,3,24,answer_position,26.0,22.0,25.5,3.5,True,True,Qwen/Qwen3-4B-Instruct-2507,cdbee75f17c01a7cc42f958dc650907174af0554
7,discovery,2,40,3,24,number_tokens,26.0,22.0,21.75,-0.25,True,True,Qwen/Qwen3-4B-Instruct-2507,cdbee75f17c01a7cc42f958dc650907174af0554
7,discovery,2,40,3,24,random_positions,26.0,22.0,21.75,-0.25,True,True,Qwen/Qwen3-4B-Instruct-2507,cdbee75f17c01a7cc42f958dc650907174af0554
7,discovery,2,40,3,25,answer_position,26.0,22.0,25.0,3.0,True,True,Qwen/Qwen3-4B-Instruct-2507,cdbee75f17c01a7cc42f958dc650907174af0554
7,discovery,2,40,3,25,number_tokens,26.0,22.0,21.75,-0.25,True,True,Qwen/Qwen3-4B-Instruct-2507,cdbee75f17c01a7cc42f958dc650907174af0554
7,discovery,2,40,3,25,random_positions,26.0,22.0,22.0,0.0,True,True,Qwen/Qwen3-4B-Instruct-2507,cdbee75f17c01a7cc42f958dc650907174af0554
7,discovery,2,40,3,26,answer_position,26.0,22.0,25.25,3.25,True,True,Qwen/Qwen3-4B-Instruct-2507,cdbee75f17c01a7cc42f958dc650907174af0554
7,discovery,2,40,3,26,number_tokens,26.0,22.0,21.75,-0.25,True,True,Qwen/Qwen3-4B-Instruct-2507,cdbee75f17c01a7cc42f958dc650907174af0554
7,discovery,2,40,3,26,random_positions,26.0,22.0,22.0,0.0,True,True,Qwen/Qwen3-4B-Instruct-2507,cdbee75f17c01a7cc42f958dc650907174af0554
7,discovery,2,40,3,27,answer_position,26.0,22.0,25.125,3.125,True,True,Qwen/Qwen3-4B-Instruct-2507,cdbee75f17c01a7cc42f958dc650907174af0554
7,discovery,2,40,3,27,number_tokens,26.0,22.0,21.75,-0.25,True,True,Qwen/Qwen3-4B-Instruct-2507,cdbee75f17c01a7cc42f958dc650907174af0554
7,discovery,2,40,3,27,random_positions,26.0,22.0,22.0,0.0,True,True,Qwen/Qwen3-4B-Instruct-2507,cdbee75f17c01a7cc42f958dc650907174af0554
7,discovery,2,40,3,28,answer_position,26.0,22.0,25.0,3.0,True,True,Qwen/Qwen3-4B-Instruct-2507,cdbee75f17c01a7cc42f958dc650907174af0554
7,discovery,2,40,3,28,number_tokens,26.0,22.0,21.75,-0.25,True,True,Qwen/Qwen3-4B-Instruct-2507,cdbee75f17c01a7cc42f958dc650907174af0554
7,discovery,2,40,3,28,random_positions,26.0,22.0,22.0,0.0,True,True,Qwen/Qwen3-4B-Instruct-2507,cdbee75f17c01a7cc42f958dc650907174af0554
7,discovery,2,40,3,29,answer_position,26.0,22.0,25.375,3.375,True,True,Qwen/Qwen3-4B-Instruct-2507,cdbee75f17c01a7cc42f958dc650907174af0554
7,discovery,2,40,3,29,number_tokens,26.0,22.0,21.75,-0.25,True,True,Qwen/Qwen3-4B-Instruct-2507,cdbee75f17c01a7cc42f958dc650907174af0554
7,discovery,2,40,3,29,random_positions,26.0,22.0,22.0,0.0,True,True,Qwen/Qwen3-4B-Instruct-2507,cdbee75f17c01a7cc42f958dc650907174af0554
7,discovery,2,40,3,30,answer_position,26.0,22.0,25.375,3.375,True,True,Qwen/Qwen3-4B-Instruct-2507,cdbee75f17c01a7cc42f958dc650907174af0554
7,discovery,2,40,3,30,number_tokens,26.0,22.0,21.75,-0.25,True,True,Qwen/Qwen3-4B-Instruct-2507,cdbee75f17c01a7cc42f958dc650907174af0554
7,discovery,2,40,3,30,random_positions,26.0,22.0,22.0,0.0,True,True,Qwen/Qwen3-4B-Instruct-2507,cdbee75f17c01a7cc42f958dc650907174af0554
7,discovery,2,40,3,31,answer_position,26.0,22.0,25.625,3.625,True,True,Qwen/Qwen3-4B-Instruct-2507,cdbee75f17c01a7cc42f958dc650907174af0554
7,discovery,2,40,3,31,number_tokens,26.0,22.0,21.75,-0.25,True,True,Qwen/Qwen3-4B-Instruct-2507,cdbee75f17c01a7cc42f958dc650907174af0554
7,discovery,2,40,3,31,random_positions,26.0,22.0,22.0,0.0,True,True,Qwen/Qwen3-4B-Instruct-2507,cdbee75f17c01a7cc42f958dc650907174af0554
7,discovery,2,40,3,32,answer_position,26.0,22.0,25.5,3.5,True,True,Qwen/Qwen3-4B-Instruct-2507,cdbee75f17c01a7cc42f958dc650907174af0554
7,discovery,2,40,3,32,number_tokens,26.0,22.0,22.0,0.0,True,True,Qwen/Qwen3-4B-Instruct-2507,cdbee75f17c01a7cc42f958dc650907174af0554
7,discovery,2,40,3,32,random_positions,26.0,22.0,22.0,0.0,True,True,Qwen/Qwen3-4B-Instruct-2507,cdbee75f17c01a7cc42f958dc650907174af0554
7,discovery,2,40,3,33,answer_position,26.0,22.0,25.5,3.5,True,True,Qwen/Qwen3-4B-Instruct-2507,cdbee75f17c01a7cc42f958dc650907174af0554
7,discovery,2,40,3,33,number_tokens,26.0,22.0,21.75,-0.25,True,True,Qwen/Qwen3-4B-Instruct-2507,cdbee75f17c01a7cc42f958dc650907174af0554
7,discovery,2,40,3,33,random_positions,26.0,22.0,22.0,0.0,True,True,Qwen/Qwen3-4B-Instruct-2507,cdbee75f17c01a7cc42f958dc650907174af0554
7,discovery,2,40,3,34,answer_position,26.0,22.0,25.625,3.625,True,True,Qwen/Qwen3-4B-Instruct-2507,cdbee75f17c01a7cc42f958dc650907174af0554
7,discovery,2,40,3,34,number_tokens,26.0,22.0,22.0,0.0,True,True,Qwen/Qwen3-4B-Instruct-2507,cdbee75f17c01a7cc42f958dc650907174af0554
7,discovery,2,40,3,34,random_positions,26.0,22.0,21.5,-0.5,True,True,Qwen/Qwen3-4B-Instruct-2507,cdbee75f17c01a7cc42f958dc650907174af0554
7,discovery,2,40,3,35,answer_position,26.0,22.0,26.0,4.0,True,True,Qwen/Qwen3-4B-Instruct-2507,cdbee75f17c01a7cc42f958dc650907174af0554
7,discovery,2,40,3,35,number_tokens,26.0,22.0,22.0,0.0,True,True,Qwen/Qwen3-4B-Instruct-2507,cdbee75f17c01a7cc42f958dc650907174af0554
7,discovery,2,40,3,35,random_positions,26.0,22.0,22.0,0.0,True,True,Qwen/Qwen3-4B-Instruct-2507,cdbee75f17c01a7cc42f958dc650907174af0554
8,discovery,2,41,4,0,answer_position,27.375,24.125,24.25,0.125,True,True,Qwen/Qwen3-4B-Instruct-2507,cdbee75f17c01a7cc42f958dc650907174af0554
8,discovery,2,41,4,0,number_tokens,27.375,24.125,24.25,0.125,True,True,Qwen/Qwen3-4B-Instruct-2507,cdbee75f17c01a7cc42f958dc650907174af0554
8,discovery,2,41,4,0,random_positions,27.375,24.125,24.25,0.125,True,True,Qwen/Qwen3-4B-Instruct-2507,cdbee75f17c01a7cc42f958dc650907174af0554
8,discovery,2,41,4,1,answer_position,27.375,24.125,24.25,0.125,True,True,Qwen/Qwen3-4B-Instruct-2507,cdbee75f17c01a7cc42f958dc650907174af0554
8,discovery,2,41,4,1,number_tokens,27.375,24.125,24.875,0.75,True,True,Qwen/Qwen3-4B-Instruct-2507,cdbee75f17c01a7cc42f958dc650907174af0554
8,discovery,2,41,4,1,random_positions,27.375,24.125,24.5,0.375,True,True,Qwen/Qwen3-4B-Instruct-2507,cdbee75f17c01a7cc42f958dc650907174af0554
8,discovery,2,41,4,2,answer_position,27.375,24.125,24.125,0.0,True,True,Qwen/Qwen3-4B-Instruct-2507,cdbee75f17c01a7cc42f958dc650907174af0554
8,discovery,2,41,4,2,number_tokens,27.375,24.125,24.875,0.75,True,True,Qwen/Qwen3-4B-Instruct-2507,cdbee75f17c01a7cc42f958dc650907174af0554
8,discovery,2,41,4,2,random_positions,27.375,24.125,24.875,0.75,True,True,Qwen/Qwen3-4B-Instruct-2507,cdbee75f17c01a7cc42f958dc650907174af0554
8,discovery,2,41,4,3,answer_position,27.375,24.125,24.25,0.125,True,True,Qwen/Qwen3-4B-Instruct-2507,cdbee75f17c01a7cc42f958dc650907174af0554
8,discovery,2,41,4,3,number_tokens,27.375,24.125,24.0,-0.125,True,True,Qwen/Qwen3-4B-Instruct-2507,cdbee75f17c01a7cc42f958dc650907174af0554
8,discovery,2,41,4,3,random_positions,27.375,24.125,25.25,1.125,True,True,Qwen/Qwen3-4B-Instruct-2507,cdbee75f17c01a7cc42f958dc650907174af0554
8,discovery,2,41,4,4,answer_position,27.375,24.125,24.0,-0.125,True,True,Qwen/Qwen3-4B-Instruct-2507,cdbee75f17c01a7cc42f958dc650907174af0554
8,discovery,2,41,4,4,number_tokens,27.375,24.125,24.25,0.125,True,True,Qwen/Qwen3-4B-Instruct-2507,cdbee75f17c01a7cc42f958dc650907174af0554
8,discovery,2,41,4,4,random_positions,27.375,24.125,25.875,1.75,True,True,Qwen/Qwen3-4B-Instruct-2507,cdbee75f17c01a7cc42f958dc650907174af0554
8,discovery,2,41,4,5,answer_position,27.375,24.125,24.0,-0.125,True,True,Qwen/Qwen3-4B-Instruct-2507,cdbee75f17c01a7cc42f958dc650907174af0554
8,discovery,2,41,4,5,number_tokens,27.375,24.125,22.5,-1.625,True,True,Qwen/Qwen3-4B-Instruct-2507,cdbee75f17c01a7cc42f958dc650907174af0554
8,discovery,2,41,4,5,random_positions,27.375,24.125,23.25,-0.875,True,True,Qwen/Qwen3-4B-Instruct-2507,cdbee75f17c01a7cc42f958dc650907174af0554
8,discovery,2,41,4,6,answer_position,27.375,24.125,24.125,0.0,True,True,Qwen/Qwen3-4B-Instruct-2507,cdbee75f17c01a7cc42f958dc650907174af0554
8,discovery,2,41,4,6,number_tokens,27.375,24.125,22.75,-1.375,True,True,Qwen/Qwen3-4B-Instruct-2507,cdbee75f17c01a7cc42f958dc650907174af0554
8,discovery,2,41,4,6,random_positions,27.375,24.125,23.875,-0.25,True,True,Qwen/Qwen3-4B-Instruct-2507,cdbee75f17c01a7cc42f958dc650907174af0554
8,discovery,2,41,4,7,answer_position,27.375,24.125,24.125,0.0,True,True,Qwen/Qwen3-4B-Instruct-2507,cdbee75f17c01a7cc42f958dc650907174af0554
8,discovery,2,41,4,7,number_tokens,27.375,24.125,12.0,-12.125,True,True,Qwen/Qwen3-4B-Instruct-2507,cdbee75f17c01a7cc42f958dc650907174af0554
8,discovery,2,41,4,7,random_positions,27.375,24.125,24.125,0.0,True,True,Qwen/Qwen3-4B-Instruct-2507,cdbee75f17c01a7cc42f958dc650907174af0554
8,discovery,2,41,4,8,answer_position,27.375,24.125,24.375,0.25,True,True,Qwen/Qwen3-4B-Instruct-2507,cdbee75f17c01a7cc42f958dc650907174af0554
8,discovery,2,41,4,8,number_tokens,27.375,24.125,16.75,-7.375,True,True,Qwen/Qwen3-4B-Instruct-2507,cdbee75f17c01a7cc42f958dc650907174af0554
8,discovery,2,41,4,8,random_positions,27.375,24.125,24.25,0.125,True,True,Qwen/Qwen3-4B-Instruct-2507,cdbee75f17c01a7cc42f958dc650907174af0554
8,discovery,2,41,4,9,answer_position,27.375,24.125,24.125,0.0,True,True,Qwen/Qwen3-4B-Instruct-2507,cdbee75f17c01a7cc42f958dc650907174af0554
8,discovery,2,41,4,9,number_tokens,27.375,24.125,8.0,-16.125,True,True,Qwen/Qwen3-4B-Instruct-2507,cdbee75f17c01a7cc42f958dc650907174af0554
8,discovery,2,41,4,9,random_positions,27.375,24.125,24.125,0.0,True,True,Qwen/Qwen3-4B-Instruct-2507,cdbee75f17c01a7cc42f958dc650907174af0554
8,discovery,2,41,4,10,answer_position,27.375,24.125,24.375,0.25,True,True,Qwen/Qwen3-4B-Instruct-2507,cdbee75f17c01a7cc42f958dc650907174af0554
8,discovery,2,41,4,10,number_tokens,27.375,24.125,11.25,-12.875,True,True,Qwen/Qwen3-4B-Instruct-2507,cdbee75f17c01a7cc42f958dc650907174af0554
8,discovery,2,41,4,10,random_positions,27.375,24.125,24.25,0.125,True,True,Qwen/Qwen3-4B-Instruct-2507,cdbee75f17c01a7cc42f958dc650907174af0554
8,discovery,2,41,4,11,answer_position,27.375,24.125,24.125,0.0,True,True,Qwen/Qwen3-4B-Instruct-2507,cdbee75f17c01a7cc42f958dc650907174af0554
8,discovery,2,41,4,11,number_tokens,27.375,24.125,-10.5,-34.625,True,False,Qwen/Qwen3-4B-Instruct-2507,cdbee75f17c01a7cc42f958dc650907174af0554
8,discovery,2,41,4,11,random_positions,27.375,24.125,24.375,0.25,True,True,Qwen/Qwen3-4B-Instruct-2507,cdbee75f17c01a7cc42f958dc650907174af0554
8,discovery,2,41,4,12,answer_position,27.375,24.125,24.25,0.125,True,True,Qwen/Qwen3-4B-Instruct-2507,cdbee75f17c01a7cc42f958dc650907174af0554
8,discovery,2,41,4,12,number_tokens,27.375,24.125,1.75,-22.375,True,True,Qwen/Qwen3-4B-Instruct-2507,cdbee75f17c01a7cc42f958dc650907174af0554
8,discovery,2,41,4,12,random_positions,27.375,24.125,24.125,0.0,True,True,Qwen/Qwen3-4B-Instruct-2507,cdbee75f17c01a7cc42f958dc650907174af0554
8,discovery,2,41,4,13,answer_position,27.375,24.125,24.0,-0.125,True,True,Qwen/Qwen3-4B-Instruct-2507,cdbee75f17c01a7cc42f958dc650907174af0554
8,discovery,2,41,4,13,number_tokens,27.375,24.125,15.0,-9.125,True,True,Qwen/Qwen3-4B-Instruct-2507,cdbee75f17c01a7cc42f958dc650907174af0554
8,discovery,2,41,4,13,random_positions,27.375,24.125,24.125,0.0,True,True,Qwen/Qwen3-4B-Instruct-2507,cdbee75f17c01a7cc42f958dc650907174af0554
8,discovery,2,41,4,14,answer_position,27.375,24.125,24.0,-0.125,True,True,Qwen/Qwen3-4B-Instruct-2507,cdbee75f17c01a7cc42f958dc650907174af0554
8,discovery,2,41,4,14,number_tokens,27.375,24.125,21.75,-2.375,True,True,Qwen/Qwen3-4B-Instruct-2507,cdbee75f17c01a7cc42f958dc650907174af0554
8,discovery,2,41,4,14,random_positions,27.375,24.125,24.0,-0.125,True,True,Qwen/Qwen3-4B-Instruct-2507,cdbee75f17c01a7cc42f958dc650907174af0554
8,discovery,2,41,4,15,answer_position,27.375,24.125,24.125,0.0,True,True,Qwen/Qwen3-4B-Instruct-2507,cdbee75f17c01a7cc42f958dc650907174af0554
8,discovery,2,41,4,15,number_tokens,27.375,24.125,25.5,1.375,True,True,Qwen/Qwen3-4B-Instruct-2507,cdbee75f17c01a7cc42f958dc650907174af0554
8,discovery,2,41,4,15,random_positions,27.375,24.125,24.0,-0.125,True,True,Qwen/Qwen3-4B-Instruct-2507,cdbee75f17c01a7cc42f958dc650907174af0554
8,discovery,2,41,4,16,answer_position,27.375,24.125,24.25,0.125,True,True,Qwen/Qwen3-4B-Instruct-2507,cdbee75f17c01a7cc42f958dc650907174af0554
8,discovery,2,41,4,16,number_tokens,27.375,24.125,25.25,1.125,True,True,Qwen/Qwen3-4B-Instruct-2507,cdbee75f17c01a7cc42f958dc650907174af0554
8,discovery,2,41,4,16,random_positions,27.375,24.125,24.25,0.125,True,True,Qwen/Qwen3-4B-Instruct-2507,cdbee75f17c01a7cc42f958dc650907174af0554
8,discovery,2,41,4,17,answer_position,27.375,24.125,24.25,0.125,True,True,Qwen/Qwen3-4B-Instruct-2507,cdbee75f17c01a7cc42f958dc650907174af0554
8,discovery,2,41,4,17,number_tokens,27.375,24.125,24.625,0.5,True,True,Qwen/Qwen3-4B-Instruct-2507,cdbee75f17c01a7cc42f958dc650907174af0554
8,discovery,2,41,4,17,random_positions,27.375,24.125,24.25,0.125,True,True,Qwen/Qwen3-4B-Instruct-2507,cdbee75f17c01a7cc42f958dc650907174af0554
8,discovery,2,41,4,18,answer_position,27.375,24.125,24.25,0.125,True,True,Qwen/Qwen3-4B-Instruct-2507,cdbee75f17c01a7cc42f958dc650907174af0554
8,discovery,2,41,4,18,number_tokens,27.375,24.125,23.875,-0.25,True,True,Qwen/Qwen3-4B-Instruct-2507,cdbee75f17c01a7cc42f958dc650907174af0554
8,discovery,2,41,4,18,random_positions,27.375,24.125,24.125,0.0,True,True,Qwen/Qwen3-4B-Instruct-2507,cdbee75f17c01a7cc42f958dc650907174af0554
8,discovery,2,41,4,19,answer_position,27.375,24.125,24.75,0.625,True,True,Qwen/Qwen3-4B-Instruct-2507,cdbee75f17c01a7cc42f958dc650907174af0554
8,discovery,2,41,4,19,number_tokens,27.375,24.125,23.5,-0.625,True,True,Qwen/Qwen3-4B-Instruct-2507,cdbee75f17c01a7cc42f958dc650907174af0554
8,discovery,2,41,4,19,random_positions,27.375,24.125,24.375,0.25,True,True,Qwen/Qwen3-4B-Instruct-2507,cdbee75f17c01a7cc42f958dc650907174af0554
8,discovery,2,41,4,20,answer_position,27.375,24.125,24.625,0.5,True,True,Qwen/Qwen3-4B-Instruct-2507,cdbee75f17c01a7cc42f958dc650907174af0554
8,discovery,2,41,4,20,number_tokens,27.375,24.125,24.0,-0.125,True,True,Qwen/Qwen3-4B-Instruct-2507,cdbee75f17c01a7cc42f958dc650907174af0554
8,discovery,2,41,4,20,random_positions,27.375,24.125,24.75,0.625,True,True,Qwen/Qwen3-4B-Instruct-2507,cdbee75f17c01a7cc42f958dc650907174af0554
8,discovery,2,41,4,21,answer_position,27.375,24.125,26.5,2.375,True,True,Qwen/Qwen3-4B-Instruct-2507,cdbee75f17c01a7cc42f958dc650907174af0554
8,discovery,2,41,4,21,number_tokens,27.375,24.125,24.125,0.0,True,True,Qwen/Qwen3-4B-Instruct-2507,cdbee75f17c01a7cc42f958dc650907174af0554
8,discovery,2,41,4,21,random_positions,27.375,24.125,24.875,0.75,True,True,Qwen/Qwen3-4B-Instruct-2507,cdbee75f17c01a7cc42f958dc650907174af0554
8,discovery,2,41,4,22,answer_position,27.375,24.125,26.375,2.25,True,True,Qwen/Qwen3-4B-Instruct-2507,cdbee75f17c01a7cc42f958dc650907174af0554
8,discovery,2,41,4,22,number_tokens,27.375,24.125,23.875,-0.25,True,True,Qwen/Qwen3-4B-Instruct-2507,cdbee75f17c01a7cc42f958dc650907174af0554
8,discovery,2,41,4,22,random_positions,27.375,24.125,24.625,0.5,True,True,Qwen/Qwen3-4B-Instruct-2507,cdbee75f17c01a7cc42f958dc650907174af0554
8,discovery,2,41,4,23,answer_position,27.375,24.125,25.875,1.75,True,True,Qwen/Qwen3-4B-Instruct-2507,cdbee75f17c01a7cc42f958dc650907174af0554
8,discovery,2,41,4,23,number_tokens,27.375,24.125,23.75,-0.375,True,True,Qwen/Qwen3-4B-Instruct-2507,cdbee75f17c01a7cc42f958dc650907174af0554
8,discovery,2,41,4,23,random_positions,27.375,24.125,24.625,0.5,True,True,Qwen/Qwen3-4B-Instruct-2507,cdbee75f17c01a7cc42f958dc650907174af0554
8,discovery,2,41,4,24,answer_position,27.375,24.125,26.625,2.5,True,True,Qwen/Qwen3-4B-Instruct-2507,cdbee75f17c01a7cc42f958dc650907174af0554
8,discovery,2,41,4,24,number_tokens,27.375,24.125,23.875,-0.25,True,True,Qwen/Qwen3-4B-Instruct-2507,cdbee75f17c01a7cc42f958dc650907174af0554
8,discovery,2,41,4,24,random_positions,27.375,24.125,24.5,0.375,True,True,Qwen/Qwen3-4B-Instruct-2507,cdbee75f17c01a7cc42f958dc650907174af0554
8,discovery,2,41,4,25,answer_position,27.375,24.125,26.5,2.375,True,True,Qwen/Qwen3-4B-Instruct-2507,cdbee75f17c01a7cc42f958dc650907174af0554
8,discovery,2,41,4,25,number_tokens,27.375,24.125,23.875,-0.25,True,True,Qwen/Qwen3-4B-Instruct-2507,cdbee75f17c01a7cc42f958dc650907174af0554
8,discovery,2,41,4,25,random_positions,27.375,24.125,24.375,0.25,True,True,Qwen/Qwen3-4B-Instruct-2507,cdbee75f17c01a7cc42f958dc650907174af0554
8,discovery,2,41,4,26,answer_position,27.375,24.125,26.625,2.5,True,True,Qwen/Qwen3-4B-Instruct-2507,cdbee75f17c01a7cc42f958dc650907174af0554
8,discovery,2,41,4,26,number_tokens,27.375,24.125,24.125,0.0,True,True,Qwen/Qwen3-4B-Instruct-2507,cdbee75f17c01a7cc42f958dc650907174af0554
8,discovery,2,41,4,26,random_positions,27.375,24.125,24.5,0.375,True,True,Qwen/Qwen3-4B-Instruct-2507,cdbee75f17c01a7cc42f958dc650907174af0554
8,discovery,2,41,4,27,answer_position,27.375,24.125,26.375,2.25,True,True,Qwen/Qwen3-4B-Instruct-2507,cdbee75f17c01a7cc42f958dc650907174af0554
8,discovery,2,41,4,27,number_tokens,27.375,24.125,24.0,-0.125,True,True,Qwen/Qwen3-4B-Instruct-2507,cdbee75f17c01a7cc42f958dc650907174af0554
8,discovery,2,41,4,27,random_positions,27.375,24.125,24.5,0.375,True,True,Qwen/Qwen3-4B-Instruct-2507,cdbee75f17c01a7cc42f958dc650907174af0554
8,discovery,2,41,4,28,answer_position,27.375,24.125,26.75,2.625,True,True,Qwen/Qwen3-4B-Instruct-2507,cdbee75f17c01a7cc42f958dc650907174af0554
8,discovery,2,41,4,28,number_tokens,27.375,24.125,24.125,0.0,True,True,Qwen/Qwen3-4B-Instruct-2507,cdbee75f17c01a7cc42f958dc650907174af0554
8,discovery,2,41,4,28,random_positions,27.375,24.125,24.25,0.125,True,True,Qwen/Qwen3-4B-Instruct-2507,cdbee75f17c01a7cc42f958dc650907174af0554
8,discovery,2,41,4,29,answer_position,27.375,24.125,26.625,2.5,True,True,Qwen/Qwen3-4B-Instruct-2507,cdbee75f17c01a7cc42f958dc650907174af0554
8,discovery,2,41,4,29,number_tokens,27.375,24.125,24.125,0.0,True,True,Qwen/Qwen3-4B-Instruct-2507,cdbee75f17c01a7cc42f958dc650907174af0554
8,discovery,2,41,4,29,random_positions,27.375,24.125,24.25,0.125,True,True,Qwen/Qwen3-4B-Instruct-2507,cdbee75f17c01a7cc42f958dc650907174af0554
8,discovery,2,41,4,30,answer_position,27.375,24.125,26.75,2.625,True,True,Qwen/Qwen3-4B-Instruct-2507,cdbee75f17c01a7cc42f958dc650907174af0554
8,discovery,2,41,4,30,number_tokens,27.375,24.125,24.125,0.0,True,True,Qwen/Qwen3-4B-Instruct-2507,cdbee75f17c01a7cc42f958dc650907174af0554
8,discovery,2,41,4,30,random_positions,27.375,24.125,24.25,0.125,True,True,Qwen/Qwen3-4B-Instruct-2507,cdbee75f17c01a7cc42f958dc650907174af0554
8,discovery,2,41,4,31,answer_position,27.375,24.125,27.125,3.0,True,True,Qwen/Qwen3-4B-Instruct-2507,cdbee75f17c01a7cc42f958dc650907174af0554
8,discovery,2,41,4,31,number_tokens,27.375,24.125,24.0,-0.125,True,True,Qwen/Qwen3-4B-Instruct-2507,cdbee75f17c01a7cc42f958dc650907174af0554
8,discovery,2,41,4,31,random_positions,27.375,24.125,24.25,0.125,True,True,Qwen/Qwen3-4B-Instruct-2507,cdbee75f17c01a7cc42f958dc650907174af0554
8,discovery,2,41,4,32,answer_position,27.375,24.125,26.875,2.75,True,True,Qwen/Qwen3-4B-Instruct-2507,cdbee75f17c01a7cc42f958dc650907174af0554
8,discovery,2,41,4,32,number_tokens,27.375,24.125,24.0,-0.125,True,True,Qwen/Qwen3-4B-Instruct-2507,cdbee75f17c01a7cc42f958dc650907174af0554
8,discovery,2,41,4,32,random_positions,27.375,24.125,24.25,0.125,True,True,Qwen/Qwen3-4B-Instruct-2507,cdbee75f17c01a7cc42f958dc650907174af0554
8,discovery,2,41,4,33,answer_position,27.375,24.125,26.875,2.75,True,True,Qwen/Qwen3-4B-Instruct-2507,cdbee75f17c01a7cc42f958dc650907174af0554
8,discovery,2,41,4,33,number_tokens,27.375,24.125,24.125,0.0,True,True,Qwen/Qwen3-4B-Instruct-2507,cdbee75f17c01a7cc42f958dc650907174af0554
8,discovery,2,41,4,33,random_positions,27.375,24.125,24.25,0.125,True,True,Qwen/Qwen3-4B-Instruct-2507,cdbee75f17c01a7cc42f958dc650907174af0554
8,discovery,2,41,4,34,answer_position,27.375,24.125,27.125,3.0,True,True,Qwen/Qwen3-4B-Instruct-2507,cdbee75f17c01a7cc42f958dc650907174af0554
8,discovery,2,41,4,34,number_tokens,27.375,24.125,24.25,0.125,True,True,Qwen/Qwen3-4B-Instruct-2507,cdbee75f17c01a7cc42f958dc650907174af0554
8,discovery,2,41,4,34,random_positions,27.375,24.125,24.5,0.375,True,True,Qwen/Qwen3-4B-Instruct-2507,cdbee75f17c01a7cc42f958dc650907174af0554
8,discovery,2,41,4,35,answer_position,27.375,24.125,27.375,3.25,True,True,Qwen/Qwen3-4B-Instruct-2507,cdbee75f17c01a7cc42f958dc650907174af0554
8,discovery,2,41,4,35,number_tokens,27.375,24.125,24.125,0.0,True,True,Qwen/Qwen3-4B-Instruct-2507,cdbee75f17c01a7cc42f958dc650907174af0554
8,discovery,2,41,4,35,random_positions,27.375,24.125,24.125,0.0,True,True,Qwen/Qwen3-4B-Instruct-2507,cdbee75f17c01a7cc42f958dc650907174af0554
9,discovery,2,42,2,0,answer_position,26.375,17.5,18.0,0.5,True,True,Qwen/Qwen3-4B-Instruct-2507,cdbee75f17c01a7cc42f958dc650907174af0554
9,discovery,2,42,2,0,number_tokens,26.375,17.5,18.0,0.5,True,True,Qwen/Qwen3-4B-Instruct-2507,cdbee75f17c01a7cc42f958dc650907174af0554
9,discovery,2,42,2,0,random_positions,26.375,17.5,16.5,-1.0,True,True,Qwen/Qwen3-4B-Instruct-2507,cdbee75f17c01a7cc42f958dc650907174af0554
9,discovery,2,42,2,1,answer_position,26.375,17.5,18.0,0.5,True,True,Qwen/Qwen3-4B-Instruct-2507,cdbee75f17c01a7cc42f958dc650907174af0554
9,discovery,2,42,2,1,number_tokens,26.375,17.5,19.75,2.25,True,True,Qwen/Qwen3-4B-Instruct-2507,cdbee75f17c01a7cc42f958dc650907174af0554
9,discovery,2,42,2,1,random_positions,26.375,17.5,14.75,-2.75,True,True,Qwen/Qwen3-4B-Instruct-2507,cdbee75f17c01a7cc42f958dc650907174af0554
9,discovery,2,42,2,2,answer_position,26.375,17.5,17.75,0.25,True,True,Qwen/Qwen3-4B-Instruct-2507,cdbee75f17c01a7cc42f958dc650907174af0554
9,discovery,2,42,2,2,number_tokens,26.375,17.5,21.25,3.75,True,True,Qwen/Qwen3-4B-Instruct-2507,cdbee75f17c01a7cc42f958dc650907174af0554
9,discovery,2,42,2,2,random_positions,26.375,17.5,14.25,-3.25,True,True,Qwen/Qwen3-4B-Instruct-2507,cdbee75f17c01a7cc42f958dc650907174af0554
9,discovery,2,42,2,3,answer_position,26.375,17.5,18.0,0.5,True,True,Qwen/Qwen3-4B-Instruct-2507,cdbee75f17c01a7cc42f958dc650907174af0554
9,discovery,2,42,2,3,number_tokens,26.375,17.5,19.5,2.0,True,True,Qwen/Qwen3-4B-Instruct-2507,cdbee75f17c01a7cc42f958dc650907174af0554
9,discovery,2,42,2,3,random_positions,26.375,17.5,15.75,-1.75,True,True,Qwen/Qwen3-4B-Instruct-2507,cdbee75f17c01a7cc42f958dc650907174af0554
9,discovery,2,42,2,4,answer_position,26.375,17.5,17.75,0.25,True,True,Qwen/Qwen3-4B-Instruct-2507,cdbee75f17c01a7cc42f958dc650907174af0554
9,discovery,2,42,2,4,number_tokens,26.375,17.5,20.75,3.25,True,True,Qwen/Qwen3-4B-Instruct-2507,cdbee75f17c01a7cc42f958dc650907174af0554
9,discovery,2,42,2,4,random_positions,26.375,17.5,17.25,-0.25,True,True,Qwen/Qwen3-4B-Instruct-2507,cdbee75f17c01a7cc42f958dc650907174af0554
9,discovery,2,42,2,5,answer_position,26.375,17.5,18.0,0.5,True,True,Qwen/Qwen3-4B-Instruct-2507,cdbee75f17c01a7cc42f958dc650907174af0554
9,discovery,2,42,2,5,number_tokens,26.375,17.5,19.75,2.25,True,True,Qwen/Qwen3-4B-Instruct-2507,cdbee75f17c01a7cc42f958dc650907174af0554
9,discovery,2,42,2,5,random_positions,26.375,17.5,20.75,3.25,True,True,Qwen/Qwen3-4B-Instruct-2507,cdbee75f17c01a7cc42f958dc650907174af0554
9,discovery,2,42,2,6,answer_position,26.375,17.5,17.75,0.25,True,True,Qwen/Qwen3-4B-Instruct-2507,cdbee75f17c01a7cc42f958dc650907174af0554
9,discovery,2,42,2,6,number_tokens,26.375,17.5,20.75,3.25,True,True,Qwen/Qwen3-4B-Instruct-2507,cdbee75f17c01a7cc42f958dc650907174af0554
9,discovery,2,42,2,6,random_positions,26.375,17.5,21.0,3.5,True,True,Qwen/Qwen3-4B-Instruct-2507,cdbee75f17c01a7cc42f958dc650907174af0554
9,discovery,2,42,2,7,answer_position,26.375,17.5,17.75,0.25,True,True,Qwen/Qwen3-4B-Instruct-2507,cdbee75f17c01a7cc42f958dc650907174af0554
9,discovery,2,42,2,7,number_tokens,26.375,17.5,16.0,-1.5,True,True,Qwen/Qwen3-4B-Instruct-2507,cdbee75f17c01a7cc42f958dc650907174af0554
9,discovery,2,42,2,7,random_positions,26.375,17.5,20.5,3.0,True,True,Qwen/Qwen3-4B-Instruct-2507,cdbee75f17c01a7cc42f958dc650907174af0554
9,discovery,2,42,2,8,answer_position,26.375,17.5,17.5,0.0,True,True,Qwen/Qwen3-4B-Instruct-2507,cdbee75f17c01a7cc42f958dc650907174af0554
9,discovery,2,42,2,8,number_tokens,26.375,17.5,19.25,1.75,True,True,Qwen/Qwen3-4B-Instruct-2507,cdbee75f17c01a7cc42f958dc650907174af0554
9,discovery,2,42,2,8,random_positions,26.375,17.5,19.75,2.25,True,True,Qwen/Qwen3-4B-Instruct-2507,cdbee75f17c01a7cc42f958dc650907174af0554
9,discovery,2,42,2,9,answer_position,26.375,17.5,18.0,0.5,True,True,Qwen/Qwen3-4B-Instruct-2507,cdbee75f17c01a7cc42f958dc650907174af0554
9,discovery,2,42,2,9,number_tokens,26.375,17.5,5.75,-11.75,True,True,Qwen/Qwen3-4B-Instruct-2507,cdbee75f17c01a7cc42f958dc650907174af0554
9,discovery,2,42,2,9,random_positions,26.375,17.5,20.0,2.5,True,True,Qwen/Qwen3-4B-Instruct-2507,cdbee75f17c01a7cc42f958dc650907174af0554
9,discovery,2,42,2,10,answer_position,26.375,17.5,17.5,0.0,True,True,Qwen/Qwen3-4B-Instruct-2507,cdbee75f17c01a7cc42f958dc650907174af0554
9,discovery,2,42,2,10,number_tokens,26.375,17.5,7.0,-10.5,True,True,Qwen/Qwen3-4B-Instruct-2507,cdbee75f17c01a7cc42f958dc650907174af0554
9,discovery,2,42,2,10,random_positions,26.375,17.5,19.5,2.0,True,True,Qwen/Qwen3-4B-Instruct-2507,cdbee75f17c01a7cc42f958dc650907174af0554
9,discovery,2,42,2,11,answer_position,26.375,17.5,18.0,0.5,True,True,Qwen/Qwen3-4B-Instruct-2507,cdbee75f17c01a7cc42f958dc650907174af0554
9,discovery,2,42,2,11,number_tokens,26.375,17.5,-13.75,-31.25,True,False,Qwen/Qwen3-4B-Instruct-2507,cdbee75f17c01a7cc42f958dc650907174af0554
9,discovery,2,42,2,11,random_positions,26.375,17.5,19.75,2.25,True,True,Qwen/Qwen3-4B-Instruct-2507,cdbee75f17c01a7cc42f958dc650907174af0554
9,discovery,2,42,2,12,answer_position,26.375,17.5,17.75,0.25,True,True,Qwen/Qwen3-4B-Instruct-2507,cdbee75f17c01a7cc42f958dc650907174af0554
9,discovery,2,42,2,12,number_tokens,26.375,17.5,-4.0,-21.5,True,False,Qwen/Qwen3-4B-Instruct-2507,cdbee75f17c01a7cc42f958dc650907174af0554
9,discovery,2,42,2,12,random_positions,26.375,17.5,19.25,1.75,True,True,Qwen/Qwen3-4B-Instruct-2507,cdbee75f17c01a7cc42f958dc650907174af0554
9,discovery,2,42,2,13,answer_position,26.375,17.5,17.75,0.25,True,True,Qwen/Qwen3-4B-Instruct-2507,cdbee75f17c01a7cc42f958dc650907174af0554
9,discovery,2,42,2,13,number_tokens,26.375,17.5,13.0,-4.5,True,True,Qwen/Qwen3-4B-Instruct-2507,cdbee75f17c01a7cc42f958dc650907174af0554
9,discovery,2,42,2,13,random_positions,26.375,17.5,19.25,1.75,True,True,Qwen/Qwen3-4B-Instruct-2507,cdbee75f17c01a7cc42f958dc650907174af0554
9,discovery,2,42,2,14,answer_position,26.375,17.5,18.0,0.5,True,True,Qwen/Qwen3-4B-Instruct-2507,cdbee75f17c01a7cc42f958dc650907174af0554
9,discovery,2,42,2,14,number_tokens,26.375,17.5,20.25,2.75,True,True,Qwen/Qwen3-4B-Instruct-2507,cdbee75f17c01a7cc42f958dc650907174af0554
9,discovery,2,42,2,14,random_positions,26.375,17.5,20.0,2.5,True,True,Qwen/Qwen3-4B-Instruct-2507,cdbee75f17c01a7cc42f958dc650907174af0554
9,discovery,2,42,2,15,answer_position,26.375,17.5,17.75,0.25,True,True,Qwen/Qwen3-4B-Instruct-2507,cdbee75f17c01a7cc42f958dc650907174af0554
9,discovery,2,42,2,15,number_tokens,26.375,17.5,24.125,6.625,True,True,Qwen/Qwen3-4B-Instruct-2507,cdbee75f17c01a7cc42f958dc650907174af0554
9,discovery,2,42,2,15,random_positions,26.375,17.5,20.5,3.0,True,True,Qwen/Qwen3-4B-Instruct-2507,cdbee75f17c01a7cc42f958dc650907174af0554
9,discovery,2,42,2,16,answer_position,26.375,17.5,18.0,0.5,True,True,Qwen/Qwen3-4B-Instruct-2507,cdbee75f17c01a7cc42f958dc650907174af0554
9,discovery,2,42,2,16,number_tokens,26.375,17.5,24.375,6.875,True,True,Qwen/Qwen3-4B-Instruct-2507,cdbee75f17c01a7cc42f958dc650907174af0554
9,discovery,2,42,2,16,random_positions,26.375,17.5,20.25,2.75,True,True,Qwen/Qwen3-4B-Instruct-2507,cdbee75f17c01a7cc42f958dc650907174af0554
9,discovery,2,42,2,17,answer_position,26.375,17.5,17.75,0.25,True,True,Qwen/Qwen3-4B-Instruct-2507,cdbee75f17c01a7cc42f958dc650907174af0554
9,discovery,2,42,2,17,number_tokens,26.375,17.5,22.875,5.375,True,True,Qwen/Qwen3-4B-Instruct-2507,cdbee75f17c01a7cc42f958dc650907174af0554
9,discovery,2,42,2,17,random_positions,26.375,17.5,19.75,2.25,True,True,Qwen/Qwen3-4B-Instruct-2507,cdbee75f17c01a7cc42f958dc650907174af0554
9,discovery,2,42,2,18,answer_position,26.375,17.5,18.25,0.75,True,True,Qwen/Qwen3-4B-Instruct-2507,cdbee75f17c01a7cc42f958dc650907174af0554
9,discovery,2,42,2,18,number_tokens,26.375,17.5,19.0,1.5,True,True,Qwen/Qwen3-4B-Instruct-2507,cdbee75f17c01a7cc42f958dc650907174af0554
9,discovery,2,42,2,18,random_positions,26.375,17.5,19.75,2.25,True,True,Qwen/Qwen3-4B-Instruct-2507,cdbee75f17c01a7cc42f958dc650907174af0554
9,discovery,2,42,2,19,answer_position,26.375,17.5,20.0,2.5,True,True,Qwen/Qwen3-4B-Instruct-2507,cdbee75f17c01a7cc42f958dc650907174af0554
9,discovery,2,42,2,19,number_tokens,26.375,17.5,15.25,-2.25,True,True,Qwen/Qwen3-4B-Instruct-2507,cdbee75f17c01a7cc42f958dc650907174af0554
9,discovery,2,42,2,19,random_positions,26.375,17.5,20.25,2.75,True,True,Qwen/Qwen3-4B-Instruct-2507,cdbee75f17c01a7cc42f958dc650907174af0554
9,discovery,2,42,2,20,answer_position,26.375,17.5,20.75,3.25,True,True,Qwen/Qwen3-4B-Instruct-2507,cdbee75f17c01a7cc42f958dc650907174af0554
9,discovery,2,42,2,20,number_tokens,26.375,17.5,17.0,-0.5,True,True,Qwen/Qwen3-4B-Instruct-2507,cdbee75f17c01a7cc42f958dc650907174af0554
9,discovery,2,42,2,20,random_positions,26.375,17.5,20.25,2.75,True,True,Qwen/Qwen3-4B-Instruct-2507,cdbee75f17c01a7cc42f958dc650907174af0554
9,discovery,2,42,2,21,answer_position,26.375,17.5,24.0,6.5,True,True,Qwen/Qwen3-4B-Instruct-2507,cdbee75f17c01a7cc42f958dc650907174af0554
9,discovery,2,42,2,21,number_tokens,26.375,17.5,17.25,-0.25,True,True,Qwen/Qwen3-4B-Instruct-2507,cdbee75f17c01a7cc42f958dc650907174af0554
9,discovery,2,42,2,21,random_positions,26.375,17.5,19.0,1.5,True,True,Qwen/Qwen3-4B-Instruct-2507,cdbee75f17c01a7cc42f958dc650907174af0554
9,discovery,2,42,2,22,answer_position,26.375,17.5,24.75,7.25,True,True,Qwen/Qwen3-4B-Instruct-2507,cdbee75f17c01a7cc42f958dc650907174af0554
9,discovery,2,42,2,22,number_tokens,26.375,17.5,17.0,-0.5,True,True,Qwen/Qwen3-4B-Instruct-2507,cdbee75f17c01a7cc42f958dc650907174af0554
9,discovery,2,42,2,22,random_positions,26.375,17.5,19.25,1.75,True,True,Qwen/Qwen3-4B-Instruct-2507,cdbee75f17c01a7cc42f958dc650907174af0554
9,discovery,2,42,2,23,answer_position,26.375,17.5,24.375,6.875,True,True,Qwen/Qwen3-4B-Instruct-2507,cdbee75f17c01a7cc42f958dc650907174af0554
9,discovery,2,42,2,23,number_tokens,26.375,17.5,16.75,-0.75,True,True,Qwen/Qwen3-4B-Instruct-2507,cdbee75f17c01a7cc42f958dc650907174af0554
9,discovery,2,42,2,23,random_positions,26.375,17.5,18.0,0.5,True,True,Qwen/Qwen3-4B-Instruct-2507,cdbee75f17c01a7cc42f958dc650907174af0554
9,discovery,2,42,2,24,answer_position,26.375,17.5,25.625,8.125,True,True,Qwen/Qwen3-4B-Instruct-2507,cdbee75f17c01a7cc42f958dc650907174af0554
9,discovery,2,42,2,24,number_tokens,26.375,17.5,17.0,-0.5,True,True,Qwen/Qwen3-4B-Instruct-2507,cdbee75f17c01a7cc42f958dc650907174af0554
9,discovery,2,42,2,24,random_positions,26.375,17.5,17.75,0.25,True,True,Qwen/Qwen3-4B-Instruct-2507,cdbee75f17c01a7cc42f958dc650907174af0554
9,discovery,2,42,2,25,answer_position,26.375,17.5,25.5,8.0,True,True,Qwen/Qwen3-4B-Instruct-2507,cdbee75f17c01a7cc42f958dc650907174af0554
9,discovery,2,42,2,25,number_tokens,26.375,17.5,17.0,-0.5,True,True,Qwen/Qwen3-4B-Instruct-2507,cdbee75f17c01a7cc42f958dc650907174af0554
9,discovery,2,42,2,25,random_positions,26.375,17.5,18.0,0.5,True,True,Qwen/Qwen3-4B-Instruct-2507,cdbee75f17c01a7cc42f958dc650907174af0554
9,discovery,2,42,2,26,answer_position,26.375,17.5,25.5,8.0,True,True,Qwen/Qwen3-4B-Instruct-2507,cdbee75f17c01a7cc42f958dc650907174af0554
9,discovery,2,42,2,26,number_tokens,26.375,17.5,17.25,-0.25,True,True,Qwen/Qwen3-4B-Instruct-2507,cdbee75f17c01a7cc42f958dc650907174af0554
9,discovery,2,42,2,26,random_positions,26.375,17.5,17.5,0.0,True,True,Qwen/Qwen3-4B-Instruct-2507,cdbee75f17c01a7cc42f958dc650907174af0554
9,discovery,2,42,2,27,answer_position,26.375,17.5,25.625,8.125,True,True,Qwen/Qwen3-4B-Instruct-2507,cdbee75f17c01a7cc42f958dc650907174af0554
9,discovery,2,42,2,27,number_tokens,26.375,17.5,17.75,0.25,True,True,Qwen/Qwen3-4B-Instruct-2507,cdbee75f17c01a7cc42f958dc650907174af0554
9,discovery,2,42,2,27,random_positions,26.375,17.5,17.5,0.0,True,True,Qwen/Qwen3-4B-Instruct-2507,cdbee75f17c01a7cc42f958dc650907174af0554
9,discovery,2,42,2,28,answer_position,26.375,17.5,25.5,8.0,True,True,Qwen/Qwen3-4B-Instruct-2507,cdbee75f17c01a7cc42f958dc650907174af0554
9,discovery,2,42,2,28,number_tokens,26.375,17.5,17.75,0.25,True,True,Qwen/Qwen3-4B-Instruct-2507,cdbee75f17c01a7cc42f958dc650907174af0554
9,discovery,2,42,2,28,random_positions,26.375,17.5,17.25,-0.25,True,True,Qwen/Qwen3-4B-Instruct-2507,cdbee75f17c01a7cc42f958dc650907174af0554
9,discovery,2,42,2,29,answer_position,26.375,17.5,25.375,7.875,True,True,Qwen/Qwen3-4B-Instruct-2507,cdbee75f17c01a7cc42f958dc650907174af0554
9,discovery,2,42,2,29,number_tokens,26.375,17.5,17.5,0.0,True,True,Qwen/Qwen3-4B-Instruct-2507,cdbee75f17c01a7cc42f958dc650907174af0554
9,discovery,2,42,2,29,random_positions,26.375,17.5,17.5,0.0,True,True,Qwen/Qwen3-4B-Instruct-2507,cdbee75f17c01a7cc42f958dc650907174af0554
9,discovery,2,42,2,30,answer_position,26.375,17.5,25.625,8.125,True,True,Qwen/Qwen3-4B-Instruct-2507,cdbee75f17c01a7cc42f958dc650907174af0554
9,discovery,2,42,2,30,number_tokens,26.375,17.5,17.5,0.0,True,True,Qwen/Qwen3-4B-Instruct-2507,cdbee75f17c01a7cc42f958dc650907174af0554
9,discovery,2,42,2,30,random_positions,26.375,17.5,17.5,0.0,True,True,Qwen/Qwen3-4B-Instruct-2507,cdbee75f17c01a7cc42f958dc650907174af0554
9,discovery,2,42,2,31,answer_position,26.375,17.5,25.5,8.0,True,True,Qwen/Qwen3-4B-Instruct-2507,cdbee75f17c01a7cc42f958dc650907174af0554
9,discovery,2,42,2,31,number_tokens,26.375,17.5,17.75,0.25,True,True,Qwen/Qwen3-4B-Instruct-2507,cdbee75f17c01a7cc42f958dc650907174af0554
9,discovery,2,42,2,31,random_positions,26.375,17.5,17.75,0.25,True,True,Qwen/Qwen3-4B-Instruct-2507,cdbee75f17c01a7cc42f958dc650907174af0554
9,discovery,2,42,2,32,answer_position,26.375,17.5,25.625,8.125,True,True,Qwen/Qwen3-4B-Instruct-2507,cdbee75f17c01a7cc42f958dc650907174af0554
9,discovery,2,42,2,32,number_tokens,26.375,17.5,17.5,0.0,True,True,Qwen/Qwen3-4B-Instruct-2507,cdbee75f17c01a7cc42f958dc650907174af0554
9,discovery,2,42,2,32,random_positions,26.375,17.5,17.75,0.25,True,True,Qwen/Qwen3-4B-Instruct-2507,cdbee75f17c01a7cc42f958dc650907174af0554
9,discovery,2,42,2,33,answer_position,26.375,17.5,25.625,8.125,True,True,Qwen/Qwen3-4B-Instruct-2507,cdbee75f17c01a7cc42f958dc650907174af0554
9,discovery,2,42,2,33,number_tokens,26.375,17.5,17.5,0.0,True,True,Qwen/Qwen3-4B-Instruct-2507,cdbee75f17c01a7cc42f958dc650907174af0554
9,discovery,2,42,2,33,random_positions,26.375,17.5,17.5,0.0,True,True,Qwen/Qwen3-4B-Instruct-2507,cdbee75f17c01a7cc42f958dc650907174af0554
9,discovery,2,42,2,34,answer_position,26.375,17.5,25.875,8.375,True,True,Qwen/Qwen3-4B-Instruct-2507,cdbee75f17c01a7cc42f958dc650907174af0554
9,discovery,2,42,2,34,number_tokens,26.375,17.5,17.5,0.0,True,True,Qwen/Qwen3-4B-Instruct-2507,cdbee75f17c01a7cc42f958dc650907174af0554
9,discovery,2,42,2,34,random_positions,26.375,17.5,18.0,0.5,True,True,Qwen/Qwen3-4B-Instruct-2507,cdbee75f17c01a7cc42f958dc650907174af0554
9,discovery,2,42,2,35,answer_position,26.375,17.5,26.375,8.875,True,True,Qwen/Qwen3-4B-Instruct-2507,cdbee75f17c01a7cc42f958dc650907174af0554
9,discovery,2,42,2,35,number_tokens,26.375,17.5,17.5,0.0,True,True,Qwen/Qwen3-4B-Instruct-2507,cdbee75f17c01a7cc42f958dc650907174af0554
9,discovery,2,42,2,35,random_positions,26.375,17.5,17.5,0.0,True,True,Qwen/Qwen3-4B-Instruct-2507,cdbee75f17c01a7cc42f958dc650907174af0554
10,discovery,3,42,2,0,answer_position,27.0,18.5,18.75,0.25,True,True,Qwen/Qwen3-4B-Instruct-2507,cdbee75f17c01a7cc42f958dc650907174af0554
10,discovery,3,42,2,0,number_tokens,27.0,18.5,18.0,-0.5,True,True,Qwen/Qwen3-4B-Instruct-2507,cdbee75f17c01a7cc42f958dc650907174af0554
10,discovery,3,42,2,0,random_positions,27.0,18.5,18.75,0.25,True,True,Qwen/Qwen3-4B-Instruct-2507,cdbee75f17c01a7cc42f958dc650907174af0554
10,discovery,3,42,2,1,answer_position,27.0,18.5,18.75,0.25,True,True,Qwen/Qwen3-4B-Instruct-2507,cdbee75f17c01a7cc42f958dc650907174af0554
10,discovery,3,42,2,1,number_tokens,27.0,18.5,21.5,3.0,True,True,Qwen/Qwen3-4B-Instruct-2507,cdbee75f17c01a7cc42f958dc650907174af0554
10,discovery,3,42,2,1,random_positions,27.0,18.5,19.5,1.0,True,True,Qwen/Qwen3-4B-Instruct-2507,cdbee75f17c01a7cc42f958dc650907174af0554
10,discovery,3,42,2,2,answer_position,27.0,18.5,19.0,0.5,True,True,Qwen/Qwen3-4B-Instruct-2507,cdbee75f17c01a7cc42f958dc650907174af0554
10,discovery,3,42,2,2,number_tokens,27.0,18.5,23.0,4.5,True,True,Qwen/Qwen3-4B-Instruct-2507,cdbee75f17c01a7cc42f958dc650907174af0554
10,discovery,3,42,2,2,random_positions,27.0,18.5,19.25,0.75,True,True,Qwen/Qwen3-4B-Instruct-2507,cdbee75f17c01a7cc42f958dc650907174af0554
10,discovery,3,42,2,3,answer_position,27.0,18.5,19.0,0.5,True,True,Qwen/Qwen3-4B-Instruct-2507,cdbee75f17c01a7cc42f958dc650907174af0554
10,discovery,3,42,2,3,number_tokens,27.0,18.5,21.0,2.5,True,True,Qwen/Qwen3-4B-Instruct-2507,cdbee75f17c01a7cc42f958dc650907174af0554
10,discovery,3,42,2,3,random_positions,27.0,18.5,21.0,2.5,True,True,Qwen/Qwen3-4B-Instruct-2507,cdbee75f17c01a7cc42f958dc650907174af0554
10,discovery,3,42,2,4,answer_position,27.0,18.5,18.75,0.25,True,True,Qwen/Qwen3-4B-Instruct-2507,cdbee75f17c01a7cc42f958dc650907174af0554
10,discovery,3,42,2,4,number_tokens,27.0,18.5,21.75,3.25,True,True,Qwen/Qwen3-4B-Instruct-2507,cdbee75f17c01a7cc42f958dc650907174af0554
10,discovery,3,42,2,4,random_positions,27.0,18.5,21.0,2.5,True,True,Qwen/Qwen3-4B-Instruct-2507,cdbee75f17c01a7cc42f958dc650907174af0554
10,discovery,3,42,2,5,answer_position,27.0,18.5,18.75,0.25,True,True,Qwen/Qwen3-4B-Instruct-2507,cdbee75f17c01a7cc42f958dc650907174af0554
10,discovery,3,42,2,5,number_tokens,27.0,18.5,20.5,2.0,True,True,Qwen/Qwen3-4B-Instruct-2507,cdbee75f17c01a7cc42f958dc650907174af0554
10,discovery,3,42,2,5,random_positions,27.0,18.5,19.5,1.0,True,True,Qwen/Qwen3-4B-Instruct-2507,cdbee75f17c01a7cc42f958dc650907174af0554
10,discovery,3,42,2,6,answer_position,27.0,18.5,18.75,0.25,True,True,Qwen/Qwen3-4B-Instruct-2507,cdbee75f17c01a7cc42f958dc650907174af0554
10,discovery,3,42,2,6,number_tokens,27.0,18.5,21.5,3.0,True,True,Qwen/Qwen3-4B-Instruct-2507,cdbee75f17c01a7cc42f958dc650907174af0554
10,discovery,3,42,2,6,random_positions,27.0,18.5,17.75,-0.75,True,True,Qwen/Qwen3-4B-Instruct-2507,cdbee75f17c01a7cc42f958dc650907174af0554
10,discovery,3,42,2,7,answer_position,27.0,18.5,18.75,0.25,True,True,Qwen/Qwen3-4B-Instruct-2507,cdbee75f17c01a7cc42f958dc650907174af0554
10,discovery,3,42,2,7,number_tokens,27.0,18.5,18.0,-0.5,True,True,Qwen/Qwen3-4B-Instruct-2507,cdbee75f17c01a7cc42f958dc650907174af0554
10,discovery,3,42,2,7,random_positions,27.0,18.5,19.0,0.5,True,True,Qwen/Qwen3-4B-Instruct-2507,cdbee75f17c01a7cc42f958dc650907174af0554
10,discovery,3,42,2,8,answer_position,27.0,18.5,18.5,0.0,True,True,Qwen/Qwen3-4B-Instruct-2507,cdbee75f17c01a7cc42f958dc650907174af0554
10,discovery,3,42,2,8,number_tokens,27.0,18.5,19.75,1.25,True,True,Qwen/Qwen3-4B-Instruct-2507,cdbee75f17c01a7cc42f958dc650907174af0554
10,discovery,3,42,2,8,random_positions,27.0,18.5,21.0,2.5,True,True,Qwen/Qwen3-4B-Instruct-2507,cdbee75f17c01a7cc42f958dc650907174af0554
10,discovery,3,42,2,9,answer_position,27.0,18.5,18.5,0.0,True,True,Qwen/Qwen3-4B-Instruct-2507,cdbee75f17c01a7cc42f958dc650907174af0554
10,discovery,3,42,2,9,number_tokens,27.0,18.5,2.0,-16.5,True,True,Qwen/Qwen3-4B-Instruct-2507,cdbee75f17c01a7cc42f958dc650907174af0554
10,discovery,3,42,2,9,random_positions,27.0,18.5,22.875,4.375,True,True,Qwen/Qwen3-4B-Instruct-2507,cdbee75f17c01a7cc42f958dc650907174af0554
10,discovery,3,42,2,10,answer_position,27.0,18.5,18.75,0.25,True,True,Qwen/Qwen3-4B-Instruct-2507,cdbee75f17c01a7cc42f958dc650907174af0554
10,discovery,3,42,2,10,number_tokens,27.0,18.5,1.5,-17.0,True,True,Qwen/Qwen3-4B-Instruct-2507,cdbee75f17c01a7cc42f958dc650907174af0554
10,discovery,3,42,2,10,random_positions,27.0,18.5,24.0,5.5,True,True,Qwen/Qwen3-4B-Instruct-2507,cdbee75f17c01a7cc42f958dc650907174af0554
10,discovery,3,42,2,11,answer_position,27.0,18.5,18.5,0.0,True,True,Qwen/Qwen3-4B-Instruct-2507,cdbee75f17c01a7cc42f958dc650907174af0554
10,discovery,3,42,2,11,number_tokens,27.0,18.5,-14.25,-32.75,True,False,Qwen/Qwen3-4B-Instruct-2507,cdbee75f17c01a7cc42f958dc650907174af0554
10,discovery,3,42,2,11,random_positions,27.0,18.5,24.0,5.5,True,True,Qwen/Qwen3-4B-Instruct-2507,cdbee75f17c01a7cc42f958dc650907174af0554
10,discovery,3,42,2,12,answer_position,27.0,18.5,18.5,0.0,True,True,Qwen/Qwen3-4B-Instruct-2507,cdbee75f17c01a7cc42f958dc650907174af0554
10,discovery,3,42,2,12,number_tokens,27.0,18.5,-6.5,-25.0,True,False,Qwen/Qwen3-4B-Instruct-2507,cdbee75f17c01a7cc42f958dc650907174af0554
10,discovery,3,42,2,12,random_positions,27.0,18.5,23.375,4.875,True,True,Qwen/Qwen3-4B-Instruct-2507,cdbee75f17c01a7cc42f958dc650907174af0554
10,discovery,3,42,2,13,answer_position,27.0,18.5,18.75,0.25,True,True,Qwen/Qwen3-4B-Instruct-2507,cdbee75f17c01a7cc42f958dc650907174af0554
10,discovery,3,42,2,13,number_tokens,27.0,18.5,10.25,-8.25,True,True,Qwen/Qwen3-4B-Instruct-2507,cdbee75f17c01a7cc42f958dc650907174af0554
10,discovery,3,42,2,13,random_positions,27.0,18.5,21.75,3.25,True,True,Qwen/Qwen3-4B-Instruct-2507,cdbee75f17c01a7cc42f958dc650907174af0554
10,discovery,3,42,2,14,answer_position,27.0,18.5,18.75,0.25,True,True,Qwen/Qwen3-4B-Instruct-2507,cdbee75f17c01a7cc42f958dc650907174af0554
10,discovery,3,42,2,14,number_tokens,27.0,18.5,20.75,2.25,True,True,Qwen/Qwen3-4B-Instruct-2507,cdbee75f17c01a7cc42f958dc650907174af0554
10,discovery,3,42,2,14,random_positions,27.0,18.5,24.375,5.875,True,True,Qwen/Qwen3-4B-Instruct-2507,cdbee75f17c01a7cc42f958dc650907174af0554
10,discovery,3,42,2,15,answer_position,27.0,18.5,18.5,0.0,True,True,Qwen/Qwen3-4B-Instruct-2507,cdbee75f17c01a7cc42f958dc650907174af0554
10,discovery,3,42,2,15,number_tokens,27.0,18.5,24.75,6.25,True,True,Qwen/Qwen3-4B-Instruct-2507,cdbee75f17c01a7cc42f958dc650907174af0554
10,discovery,3,42,2,15,random_positions,27.0,18.5,26.25,7.75,True,True,Qwen/Qwen3-4B-Instruct-2507,cdbee75f17c01a7cc42f958dc650907174af0554
10,discovery,3,42,2,16,answer_position,27.0,18.5,18.75,0.25,True,True,Qwen/Qwen3-4B-Instruct-2507,cdbee75f17c01a7cc42f958dc650907174af0554
10,discovery,3,42,2,16,number_tokens,27.0,18.5,24.625,6.125,True,True,Qwen/Qwen3-4B-Instruct-2507,cdbee75f17c01a7cc42f958dc650907174af0554
10,discovery,3,42,2,16,random_positions,27.0,18.5,25.5,7.0,True,True,Qwen/Qwen3-4B-Instruct-2507,cdbee75f17c01a7cc42f958dc650907174af0554
10,discovery,3,42,2,17,answer_position,27.0,18.5,18.75,0.25,True,True,Qwen/Qwen3-4B-Instruct-2507,cdbee75f17c01a7cc42f958dc650907174af0554
10,discovery,3,42,2,17,number_tokens,27.0,18.5,23.625,5.125,True,True,Qwen/Qwen3-4B-Instruct-2507,cdbee75f17c01a7cc42f958dc650907174af0554
10,discovery,3,42,2,17,random_positions,27.0,18.5,25.375,6.875,True,True,Qwen/Qwen3-4B-Instruct-2507,cdbee75f17c01a7cc42f958dc650907174af0554
10,discovery,3,42,2,18,answer_position,27.0,18.5,18.5,0.0,True,True,Qwen/Qwen3-4B-Instruct-2507,cdbee75f17c01a7cc42f958dc650907174af0554
10,discovery,3,42,2,18,number_tokens,27.0,18.5,20.0,1.5,True,True,Qwen/Qwen3-4B-Instruct-2507,cdbee75f17c01a7cc42f958dc650907174af0554
10,discovery,3,42,2,18,random_positions,27.0,18.5,24.25,5.75,True,True,Qwen/Qwen3-4B-Instruct-2507,cdbee75f17c01a7cc42f958dc650907174af0554
10,discovery,3,42,2,19,answer_position,27.0,18.5,20.75,2.25,True,True,Qwen/Qwen3-4B-Instruct-2507,cdbee75f17c01a7cc42f958dc650907174af0554
10,discovery,3,42,2,19,number_tokens,27.0,18.5,16.75,-1.75,True,True,Qwen/Qwen3-4B-Instruct-2507,cdbee75f17c01a7cc42f958dc650907174af0554
10,discovery,3,42,2,19,random_positions,27.0,18.5,23.125,4.625,True,True,Qwen/Qwen3-4B-Instruct-2507,cdbee75f17c01a7cc42f958dc650907174af0554
10,discovery,3,42,2,20,answer_position,27.0,18.5,21.75,3.25,True,True,Qwen/Qwen3-4B-Instruct-2507,cdbee75f17c01a7cc42f958dc650907174af0554
10,discovery,3,42,2,20,number_tokens,27.0,18.5,17.75,-0.75,True,True,Qwen/Qwen3-4B-Instruct-2507,cdbee75f17c01a7cc42f958dc650907174af0554
10,discovery,3,42,2,20,random_positions,27.0,18.5,22.625,4.125,True,True,Qwen/Qwen3-4B-Instruct-2507,cdbee75f17c01a7cc42f958dc650907174af0554
10,discovery,3,42,2,21,answer_position,27.0,18.5,24.75,6.25,True,True,Qwen/Qwen3-4B-Instruct-2507,cdbee75f17c01a7cc42f958dc650907174af0554
10,discovery,3,42,2,21,number_tokens,27.0,18.5,18.0,-0.5,True,True,Qwen/Qwen3-4B-Instruct-2507,cdbee75f17c01a7cc42f958dc650907174af0554
10,discovery,3,42,2,21,random_positions,27.0,18.5,21.25,2.75,True,True,Qwen/Qwen3-4B-Instruct-2507,cdbee75f17c01a7cc42f958dc650907174af0554
10,discovery,3,42,2,22,answer_position,27.0,18.5,25.5,7.0,True,True,Qwen/Qwen3-4B-Instruct-2507,cdbee75f17c01a7cc42f958dc650907174af0554
10,discovery,3,42,2,22,number_tokens,27.0,18.5,18.0,-0.5,True,True,Qwen/Qwen3-4B-Instruct-2507,cdbee75f17c01a7cc42f958dc650907174af0554
10,discovery,3,42,2,22,random_positions,27.0,18.5,19.0,0.5,True,True,Qwen/Qwen3-4B-Instruct-2507,cdbee75f17c01a7cc42f958dc650907174af0554
10,discovery,3,42,2,23,answer_position,27.0,18.5,25.0,6.5,True,True,Qwen/Qwen3-4B-Instruct-2507,cdbee75f17c01a7cc42f958dc650907174af0554
10,discovery,3,42,2,23,number_tokens,27.0,18.5,17.75,-0.75,True,True,Qwen/Qwen3-4B-Instruct-2507,cdbee75f17c01a7cc42f958dc650907174af0554
10,discovery,3,42,2,23,random_positions,27.0,18.5,19.0,0.5,True,True,Qwen/Qwen3-4B-Instruct-2507,cdbee75f17c01a7cc42f958dc650907174af0554
10,discovery,3,42,2,24,answer_position,27.0,18.5,26.25,7.75,True,True,Qwen/Qwen3-4B-Instruct-2507,cdbee75f17c01a7cc42f958dc650907174af0554
10,discovery,3,42,2,24,number_tokens,27.0,18.5,18.5,0.0,True,True,Qwen/Qwen3-4B-Instruct-2507,cdbee75f17c01a7cc42f958dc650907174af0554
10,discovery,3,42,2,24,random_positions,27.0,18.5,18.5,0.0,True,True,Qwen/Qwen3-4B-Instruct-2507,cdbee75f17c01a7cc42f958dc650907174af0554
10,discovery,3,42,2,25,answer_position,27.0,18.5,26.25,7.75,True,True,Qwen/Qwen3-4B-Instruct-2507,cdbee75f17c01a7cc42f958dc650907174af0554
10,discovery,3,42,2,25,number_tokens,27.0,18.5,18.25,-0.25,True,True,Qwen/Qwen3-4B-Instruct-2507,cdbee75f17c01a7cc42f958dc650907174af0554
10,discovery,3,42,2,25,random_positions,27.0,18.5,18.5,0.0,True,True,Qwen/Qwen3-4B-Instruct-2507,cdbee75f17c01a7cc42f958dc650907174af0554
10,discovery,3,42,2,26,answer_position,27.0,18.5,26.25,7.75,True,True,Qwen/Qwen3-4B-Instruct-2507,cdbee75f17c01a7cc42f958dc650907174af0554
10,discovery,3,42,2,26,number_tokens,27.0,18.5,18.25,-0.25,True,True,Qwen/Qwen3-4B-Instruct-2507,cdbee75f17c01a7cc42f958dc650907174af0554
10,discovery,3,42,2,26,random_positions,27.0,18.5,18.5,0.0,True,True,Qwen/Qwen3-4B-Instruct-2507,cdbee75f17c01a7cc42f958dc650907174af0554
10,discovery,3,42,2,27,answer_position,27.0,18.5,26.25,7.75,True,True,Qwen/Qwen3-4B-Instruct-2507,cdbee75f17c01a7cc42f958dc650907174af0554
10,discovery,3,42,2,27,number_tokens,27.0,18.5,18.5,0.0,True,True,Qwen/Qwen3-4B-Instruct-2507,cdbee75f17c01a7cc42f958dc650907174af0554
10,discovery,3,42,2,27,random_positions,27.0,18.5,18.5,0.0,True,True,Qwen/Qwen3-4B-Instruct-2507,cdbee75f17c01a7cc42f958dc650907174af0554
10,discovery,3,42,2,28,answer_position,27.0,18.5,26.375,7.875,True,True,Qwen/Qwen3-4B-Instruct-2507,cdbee75f17c01a7cc42f958dc650907174af0554
10,discovery,3,42,2,28,number_tokens,27.0,18.5,18.5,0.0,True,True,Qwen/Qwen3-4B-Instruct-2507,cdbee75f17c01a7cc42f958dc650907174af0554
10,discovery,3,42,2,28,random_positions,27.0,18.5,18.75,0.25,True,True,Qwen/Qwen3-4B-Instruct-2507,cdbee75f17c01a7cc42f958dc650907174af0554
10,discovery,3,42,2,29,answer_position,27.0,18.5,26.375,7.875,True,True,Qwen/Qwen3-4B-Instruct-2507,cdbee75f17c01a7cc42f958dc650907174af0554
10,discovery,3,42,2,29,number_tokens,27.0,18.5,18.5,0.0,True,True,Qwen/Qwen3-4B-Instruct-2507,cdbee75f17c01a7cc42f958dc650907174af0554
10,discovery,3,42,2,29,random_positions,27.0,18.5,18.75,0.25,True,True,Qwen/Qwen3-4B-Instruct-2507,cdbee75f17c01a7cc42f958dc650907174af0554
10,discovery,3,42,2,30,answer_position,27.0,18.5,26.25,7.75,True,True,Qwen/Qwen3-4B-Instruct-2507,cdbee75f17c01a7cc42f958dc650907174af0554
10,discovery,3,42,2,30,number_tokens,27.0,18.5,18.5,0.0,True,True,Qwen/Qwen3-4B-Instruct-2507,cdbee75f17c01a7cc42f958dc650907174af0554
10,discovery,3,42,2,30,random_positions,27.0,18.5,18.75,0.25,True,True,Qwen/Qwen3-4B-Instruct-2507,cdbee75f17c01a7cc42f958dc650907174af0554
10,discovery,3,42,2,31,answer_position,27.0,18.5,26.625,8.125,True,True,Qwen/Qwen3-4B-Instruct-2507,cdbee75f17c01a7cc42f958dc650907174af0554
10,discovery,3,42,2,31,number_tokens,27.0,18.5,18.5,0.0,True,True,Qwen/Qwen3-4B-Instruct-2507,cdbee75f17c01a7cc42f958dc650907174af0554
10,discovery,3,42,2,31,random_positions,27.0,18.5,18.75,0.25,True,True,Qwen/Qwen3-4B-Instruct-2507,cdbee75f17c01a7cc42f958dc650907174af0554
10,discovery,3,42,2,32,answer_position,27.0,18.5,26.375,7.875,True,True,Qwen/Qwen3-4B-Instruct-2507,cdbee75f17c01a7cc42f958dc650907174af0554
10,discovery,3,42,2,32,number_tokens,27.0,18.5,18.5,0.0,True,True,Qwen/Qwen3-4B-Instruct-2507,cdbee75f17c01a7cc42f958dc650907174af0554
10,discovery,3,42,2,32,random_positions,27.0,18.5,18.75,0.25,True,True,Qwen/Qwen3-4B-Instruct-2507,cdbee75f17c01a7cc42f958dc650907174af0554
10,discovery,3,42,2,33,answer_position,27.0,18.5,26.375,7.875,True,True,Qwen/Qwen3-4B-Instruct-2507,cdbee75f17c01a7cc42f958dc650907174af0554
10,discovery,3,42,2,33,number_tokens,27.0,18.5,18.5,0.0,True,True,Qwen/Qwen3-4B-Instruct-2507,cdbee75f17c01a7cc42f958dc650907174af0554
10,discovery,3,42,2,33,random_positions,27.0,18.5,18.75,0.25,True,True,Qwen/Qwen3-4B-Instruct-2507,cdbee75f17c01a7cc42f958dc650907174af0554
10,discovery,3,42,2,34,answer_position,27.0,18.5,26.625,8.125,True,True,Qwen/Qwen3-4B-Instruct-2507,cdbee75f17c01a7cc42f958dc650907174af0554
10,discovery,3,42,2,34,number_tokens,27.0,18.5,18.5,0.0,True,True,Qwen/Qwen3-4B-Instruct-2507,cdbee75f17c01a7cc42f958dc650907174af0554
10,discovery,3,42,2,34,random_positions,27.0,18.5,18.5,0.0,True,True,Qwen/Qwen3-4B-Instruct-2507,cdbee75f17c01a7cc42f958dc650907174af0554
10,discovery,3,42,2,35,answer_position,27.0,18.5,27.0,8.5,True,True,Qwen/Qwen3-4B-Instruct-2507,cdbee75f17c01a7cc42f958dc650907174af0554
10,discovery,3,42,2,35,number_tokens,27.0,18.5,18.5,0.0,True,True,Qwen/Qwen3-4B-Instruct-2507,cdbee75f17c01a7cc42f958dc650907174af0554
10,discovery,3,42,2,35,random_positions,27.0,18.5,18.5,0.0,True,True,Qwen/Qwen3-4B-Instruct-2507,cdbee75f17c01a7cc42f958dc650907174af0554
11,discovery,3,43,3,0,answer_position,27.75,22.5,22.75,0.25,True,True,Qwen/Qwen3-4B-Instruct-2507,cdbee75f17c01a7cc42f958dc650907174af0554
11,discovery,3,43,3,0,number_tokens,27.75,22.5,22.5,0.0,True,True,Qwen/Qwen3-4B-Instruct-2507,cdbee75f17c01a7cc42f958dc650907174af0554
11,discovery,3,43,3,0,random_positions,27.75,22.5,21.75,-0.75,True,True,Qwen/Qwen3-4B-Instruct-2507,cdbee75f17c01a7cc42f958dc650907174af0554
11,discovery,3,43,3,1,answer_position,27.75,22.5,22.5,0.0,True,True,Qwen/Qwen3-4B-Instruct-2507,cdbee75f17c01a7cc42f958dc650907174af0554
11,discovery,3,43,3,1,number_tokens,27.75,22.5,23.375,0.875,True,True,Qwen/Qwen3-4B-Instruct-2507,cdbee75f17c01a7cc42f958dc650907174af0554
11,discovery,3,43,3,1,random_positions,27.75,22.5,21.5,-1.0,True,True,Qwen/Qwen3-4B-Instruct-2507,cdbee75f17c01a7cc42f958dc650907174af0554
11,discovery,3,43,3,2,answer_position,27.75,22.5,22.75,0.25,True,True,Qwen/Qwen3-4B-Instruct-2507,cdbee75f17c01a7cc42f958dc650907174af0554
11,discovery,3,43,3,2,number_tokens,27.75,22.5,23.75,1.25,True,True,Qwen/Qwen3-4B-Instruct-2507,cdbee75f17c01a7cc42f958dc650907174af0554
11,discovery,3,43,3,2,random_positions,27.75,22.5,21.75,-0.75,True,True,Qwen/Qwen3-4B-Instruct-2507,cdbee75f17c01a7cc42f958dc650907174af0554
11,discovery,3,43,3,3,answer_position,27.75,22.5,22.5,0.0,True,True,Qwen/Qwen3-4B-Instruct-2507,cdbee75f17c01a7cc42f958dc650907174af0554
11,discovery,3,43,3,3,number_tokens,27.75,22.5,20.75,-1.75,True,True,Qwen/Qwen3-4B-Instruct-2507,cdbee75f17c01a7cc42f958dc650907174af0554
11,discovery,3,43,3,3,random_positions,27.75,22.5,21.25,-1.25,True,True,Qwen/Qwen3-4B-Instruct-2507,cdbee75f17c01a7cc42f958dc650907174af0554
11,discovery,3,43,3,4,answer_position,27.75,22.5,22.75,0.25,True,True,Qwen/Qwen3-4B-Instruct-2507,cdbee75f17c01a7cc42f958dc650907174af0554
11,discovery,3,43,3,4,number_tokens,27.75,22.5,21.5,-1.0,True,True,Qwen/Qwen3-4B-Instruct-2507,cdbee75f17c01a7cc42f958dc650907174af0554
11,discovery,3,43,3,4,random_positions,27.75,22.5,20.75,-1.75,True,True,Qwen/Qwen3-4B-Instruct-2507,cdbee75f17c01a7cc42f958dc650907174af0554
11,discovery,3,43,3,5,answer_position,27.75,22.5,22.75,0.25,True,True,Qwen/Qwen3-4B-Instruct-2507,cdbee75f17c01a7cc42f958dc650907174af0554
11,discovery,3,43,3,5,number_tokens,27.75,22.5,22.25,-0.25,True,True,Qwen/Qwen3-4B-Instruct-2507,cdbee75f17c01a7cc42f958dc650907174af0554
11,discovery,3,43,3,5,random_positions,27.75,22.5,23.5,1.0,True,True,Qwen/Qwen3-4B-Instruct-2507,cdbee75f17c01a7cc42f958dc650907174af0554
11,discovery,3,43,3,6,answer_position,27.75,22.5,22.75,0.25,True,True,Qwen/Qwen3-4B-Instruct-2507,cdbee75f17c01a7cc42f958dc650907174af0554
11,discovery,3,43,3,6,number_tokens,27.75,22.5,22.25,-0.25,True,True,Qwen/Qwen3-4B-Instruct-2507,cdbee75f17c01a7cc42f958dc650907174af0554
11,discovery,3,43,3,6,random_positions,27.75,22.5,23.5,1.0,True,True,Qwen/Qwen3-4B-Instruct-2507,cdbee75f17c01a7cc42f958dc650907174af0554
11,discovery,3,43,3,7,answer_position,27.75,22.5,22.5,0.0,True,True,Qwen/Qwen3-4B-Instruct-2507,cdbee75f17c01a7cc42f958dc650907174af0554
11,discovery,3,43,3,7,number_tokens,27.75,22.5,17.25,-5.25,True,True,Qwen/Qwen3-4B-Instruct-2507,cdbee75f17c01a7cc42f958dc650907174af0554
11,discovery,3,43,3,7,random_positions,27.75,22.5,23.25,0.75,True,True,Qwen/Qwen3-4B-Instruct-2507,cdbee75f17c01a7cc42f958dc650907174af0554
11,discovery,3,43,3,8,answer_position,27.75,22.5,22.5,0.0,True,True,Qwen/Qwen3-4B-Instruct-2507,cdbee75f17c01a7cc42f958dc650907174af0554
11,discovery,3,43,3,8,number_tokens,27.75,22.5,18.25,-4.25,True,True,Qwen/Qwen3-4B-Instruct-2507,cdbee75f17c01a7cc42f958dc650907174af0554
11,discovery,3,43,3,8,random_positions,27.75,22.5,23.0,0.5,True,True,Qwen/Qwen3-4B-Instruct-2507,cdbee75f17c01a7cc42f958dc650907174af0554
11,discovery,3,43,3,9,answer_position,27.75,22.5,22.75,0.25,True,True,Qwen/Qwen3-4B-Instruct-2507,cdbee75f17c01a7cc42f958dc650907174af0554
11,discovery,3,43,3,9,number_tokens,27.75,22.5,3.0,-19.5,True,True,Qwen/Qwen3-4B-Instruct-2507,cdbee75f17c01a7cc42f958dc650907174af0554
11,discovery,3,43,3,9,random_positions,27.75,22.5,22.875,0.375,True,True,Qwen/Qwen3-4B-Instruct-2507,cdbee75f17c01a7cc42f958dc650907174af0554
11,discovery,3,43,3,10,answer_position,27.75,22.5,22.5,0.0,True,True,Qwen/Qwen3-4B-Instruct-2507,cdbee75f17c01a7cc42f958dc650907174af0554
11,discovery,3,43,3,10,number_tokens,27.75,22.5,2.5,-20.0,True,True,Qwen/Qwen3-4B-Instruct-2507,cdbee75f17c01a7cc42f958dc650907174af0554
11,discovery,3,43,3,10,random_positions,27.75,22.5,22.5,0.0,True,True,Qwen/Qwen3-4B-Instruct-2507,cdbee75f17c01a7cc42f958dc650907174af0554
11,discovery,3,43,3,11,answer_position,27.75,22.5,22.5,0.0,True,True,Qwen/Qwen3-4B-Instruct-2507,cdbee75f17c01a7cc42f958dc650907174af0554
11,discovery,3,43,3,11,number_tokens,27.75,22.5,-9.0,-31.5,True,False,Qwen/Qwen3-4B-Instruct-2507,cdbee75f17c01a7cc42f958dc650907174af0554
11,discovery,3,43,3,11,random_positions,27.75,22.5,22.5,0.0,True,True,Qwen/Qwen3-4B-Instruct-2507,cdbee75f17c01a7cc42f958dc650907174af0554
11,discovery,3,43,3,12,answer_position,27.75,22.5,22.75,0.25,True,True,Qwen/Qwen3-4B-Instruct-2507,cdbee75f17c01a7cc42f958dc650907174af0554
11,discovery,3,43,3,12,number_tokens,27.75,22.5,1.0,-21.5,True,True,Qwen/Qwen3-4B-Instruct-2507,cdbee75f17c01a7cc42f958dc650907174af0554
11,discovery,3,43,3,12,random_positions,27.75,22.5,23.75,1.25,True,True,Qwen/Qwen3-4B-Instruct-2507,cdbee75f17c01a7cc42f958dc650907174af0554
11,discovery,3,43,3,13,answer_position,27.75,22.5,22.75,0.25,True,True,Qwen/Qwen3-4B-Instruct-2507,cdbee75f17c01a7cc42f958dc650907174af0554
11,discovery,3,43,3,13,number_tokens,27.75,22.5,15.75,-6.75,True,True,Qwen/Qwen3-4B-Instruct-2507,cdbee75f17c01a7cc42f958dc650907174af0554
11,discovery,3,43,3,13,random_positions,27.75,22.5,23.75,1.25,True,True,Qwen/Qwen3-4B-Instruct-2507,cdbee75f17c01a7cc42f958dc650907174af0554
11,discovery,3,43,3,14,answer_position,27.75,22.5,22.75,0.25,True,True,Qwen/Qwen3-4B-Instruct-2507,cdbee75f17c01a7cc42f958dc650907174af0554
11,discovery,3,43,3,14,number_tokens,27.75,22.5,21.75,-0.75,True,True,Qwen/Qwen3-4B-Instruct-2507,cdbee75f17c01a7cc42f958dc650907174af0554
11,discovery,3,43,3,14,random_positions,27.75,22.5,23.0,0.5,True,True,Qwen/Qwen3-4B-Instruct-2507,cdbee75f17c01a7cc42f958dc650907174af0554
11,discovery,3,43,3,15,answer_position,27.75,22.5,22.5,0.0,True,True,Qwen/Qwen3-4B-Instruct-2507,cdbee75f17c01a7cc42f958dc650907174af0554
11,discovery,3,43,3,15,number_tokens,27.75,22.5,25.375,2.875,True,True,Qwen/Qwen3-4B-Instruct-2507,cdbee75f17c01a7cc42f958dc650907174af0554
11,discovery,3,43,3,15,random_positions,27.75,22.5,22.25,-0.25,True,True,Qwen/Qwen3-4B-Instruct-2507,cdbee75f17c01a7cc42f958dc650907174af0554
11,discovery,3,43,3,16,answer_position,27.75,22.5,22.75,0.25,True,True,Qwen/Qwen3-4B-Instruct-2507,cdbee75f17c01a7cc42f958dc650907174af0554
11,discovery,3,43,3,16,number_tokens,27.75,22.5,25.25,2.75,True,True,Qwen/Qwen3-4B-Instruct-2507,cdbee75f17c01a7cc42f958dc650907174af0554
11,discovery,3,43,3,16,random_positions,27.75,22.5,22.5,0.0,True,True,Qwen/Qwen3-4B-Instruct-2507,cdbee75f17c01a7cc42f958dc650907174af0554
11,discovery,3,43,3,17,answer_position,27.75,22.5,22.5,0.0,True,True,Qwen/Qwen3-4B-Instruct-2507,cdbee75f17c01a7cc42f958dc650907174af0554
11,discovery,3,43,3,17,number_tokens,27.75,22.5,24.125,1.625,True,True,Qwen/Qwen3-4B-Instruct-2507,cdbee75f17c01a7cc42f958dc650907174af0554
11,discovery,3,43,3,17,random_positions,27.75,22.5,23.0,0.5,True,True,Qwen/Qwen3-4B-Instruct-2507,cdbee75f17c01a7cc42f958dc650907174af0554
11,discovery,3,43,3,18,answer_position,27.75,22.5,22.5,0.0,True,True,Qwen/Qwen3-4B-Instruct-2507,cdbee75f17c01a7cc42f958dc650907174af0554
11,discovery,3,43,3,18,number_tokens,27.75,22.5,22.5,0.0,True,True,Qwen/Qwen3-4B-Instruct-2507,cdbee75f17c01a7cc42f958dc650907174af0554
11,discovery,3,43,3,18,random_positions,27.75,22.5,22.75,0.25,True,True,Qwen/Qwen3-4B-Instruct-2507,cdbee75f17c01a7cc42f958dc650907174af0554
11,discovery,3,43,3,19,answer_position,27.75,22.5,24.0,1.5,True,True,Qwen/Qwen3-4B-Instruct-2507,cdbee75f17c01a7cc42f958dc650907174af0554
11,discovery,3,43,3,19,number_tokens,27.75,22.5,21.75,-0.75,True,True,Qwen/Qwen3-4B-Instruct-2507,cdbee75f17c01a7cc42f958dc650907174af0554
11,discovery,3,43,3,19,random_positions,27.75,22.5,24.0,1.5,True,True,Qwen/Qwen3-4B-Instruct-2507,cdbee75f17c01a7cc42f958dc650907174af0554
11,discovery,3,43,3,20,answer_position,27.75,22.5,24.0,1.5,True,True,Qwen/Qwen3-4B-Instruct-2507,cdbee75f17c01a7cc42f958dc650907174af0554
11,discovery,3,43,3,20,number_tokens,27.75,22.5,22.5,0.0,True,True,Qwen/Qwen3-4B-Instruct-2507,cdbee75f17c01a7cc42f958dc650907174af0554
11,discovery,3,43,3,20,random_positions,27.75,22.5,24.5,2.0,True,True,Qwen/Qwen3-4B-Instruct-2507,cdbee75f17c01a7cc42f958dc650907174af0554
11,discovery,3,43,3,21,answer_position,27.75,22.5,26.375,3.875,True,True,Qwen/Qwen3-4B-Instruct-2507,cdbee75f17c01a7cc42f958dc650907174af0554
11,discovery,3,43,3,21,number_tokens,27.75,22.5,22.25,-0.25,True,True,Qwen/Qwen3-4B-Instruct-2507,cdbee75f17c01a7cc42f958dc650907174af0554
11,discovery,3,43,3,21,random_positions,27.75,22.5,23.5,1.0,True,True,Qwen/Qwen3-4B-Instruct-2507,cdbee75f17c01a7cc42f958dc650907174af0554
11,discovery,3,43,3,22,answer_position,27.75,22.5,26.75,4.25,True,True,Qwen/Qwen3-4B-Instruct-2507,cdbee75f17c01a7cc42f958dc650907174af0554
11,discovery,3,43,3,22,number_tokens,27.75,22.5,22.25,-0.25,True,True,Qwen/Qwen3-4B-Instruct-2507,cdbee75f17c01a7cc42f958dc650907174af0554
11,discovery,3,43,3,22,random_positions,27.75,22.5,23.25,0.75,True,True,Qwen/Qwen3-4B-Instruct-2507,cdbee75f17c01a7cc42f958dc650907174af0554
11,discovery,3,43,3,23,answer_position,27.75,22.5,26.5,4.0,True,True,Qwen/Qwen3-4B-Instruct-2507,cdbee75f17c01a7cc42f958dc650907174af0554
11,discovery,3,43,3,23,number_tokens,27.75,22.5,22.0,-0.5,True,True,Qwen/Qwen3-4B-Instruct-2507,cdbee75f17c01a7cc42f958dc650907174af0554
11,discovery,3,43,3,23,random_positions,27.75,22.5,23.5,1.0,True,True,Qwen/Qwen3-4B-Instruct-2507,cdbee75f17c01a7cc42f958dc650907174af0554
11,discovery,3,43,3,24,answer_position,27.75,22.5,27.5,5.0,True,True,Qwen/Qwen3-4B-Instruct-2507,cdbee75f17c01a7cc42f958dc650907174af0554
11,discovery,3,43,3,24,number_tokens,27.75,22.5,22.5,0.0,True,True,Qwen/Qwen3-4B-Instruct-2507,cdbee75f17c01a7cc42f958dc650907174af0554
11,discovery,3,43,3,24,random_positions,27.75,22.5,22.5,0.0,True,True,Qwen/Qwen3-4B-Instruct-2507,cdbee75f17c01a7cc42f958dc650907174af0554
11,discovery,3,43,3,25,answer_position,27.75,22.5,27.125,4.625,True,True,Qwen/Qwen3-4B-Instruct-2507,cdbee75f17c01a7cc42f958dc650907174af0554
11,discovery,3,43,3,25,number_tokens,27.75,22.5,22.5,0.0,True,True,Qwen/Qwen3-4B-Instruct-2507,cdbee75f17c01a7cc42f958dc650907174af0554
11,discovery,3,43,3,25,random_positions,27.75,22.5,22.75,0.25,True,True,Qwen/Qwen3-4B-Instruct-2507,cdbee75f17c01a7cc42f958dc650907174af0554
11,discovery,3,43,3,26,answer_position,27.75,22.5,27.125,4.625,True,True,Qwen/Qwen3-4B-Instruct-2507,cdbee75f17c01a7cc42f958dc650907174af0554
11,discovery,3,43,3,26,number_tokens,27.75,22.5,22.5,0.0,True,True,Qwen/Qwen3-4B-Instruct-2507,cdbee75f17c01a7cc42f958dc650907174af0554
11,discovery,3,43,3,26,random_positions,27.75,22.5,22.75,0.25,True,True,Qwen/Qwen3-4B-Instruct-2507,cdbee75f17c01a7cc42f958dc650907174af0554
11,discovery,3,43,3,27,answer_position,27.75,22.5,27.0,4.5,True,True,Qwen/Qwen3-4B-Instruct-2507,cdbee75f17c01a7cc42f958dc650907174af0554
11,discovery,3,43,3,27,number_tokens,27.75,22.5,22.75,0.25,True,True,Qwen/Qwen3-4B-Instruct-2507,cdbee75f17c01a7cc42f958dc650907174af0554
11,discovery,3,43,3,27,random_positions,27.75,22.5,22.75,0.25,True,True,Qwen/Qwen3-4B-Instruct-2507,cdbee75f17c01a7cc42f958dc650907174af0554
11,discovery,3,43,3,28,answer_position,27.75,22.5,27.375,4.875,True,True,Qwen/Qwen3-4B-Instruct-2507,cdbee75f17c01a7cc42f958dc650907174af0554
11,discovery,3,43,3,28,number_tokens,27.75,22.5,22.5,0.0,True,True,Qwen/Qwen3-4B-Instruct-2507,cdbee75f17c01a7cc42f958dc650907174af0554
11,discovery,3,43,3,28,random_positions,27.75,22.5,22.75,0.25,True,True,Qwen/Qwen3-4B-Instruct-2507,cdbee75f17c01a7cc42f958dc650907174af0554
11,discovery,3,43,3,29,answer_position,27.75,22.5,27.25,4.75,True,True,Qwen/Qwen3-4B-Instruct-2507,cdbee75f17c01a7cc42f958dc650907174af0554
11,discovery,3,43,3,29,number_tokens,27.75,22.5,22.75,0.25,True,True,Qwen/Qwen3-4B-Instruct-2507,cdbee75f17c01a7cc42f958dc650907174af0554
11,discovery,3,43,3,29,random_positions,27.75,22.5,22.5,0.0,True,True,Qwen/Qwen3-4B-Instruct-2507,cdbee75f17c01a7cc42f958dc650907174af0554
11,discovery,3,43,3,30,answer_position,27.75,22.5,27.375,4.875,True,True,Qwen/Qwen3-4B-Instruct-2507,cdbee75f17c01a7cc42f958dc650907174af0554
11,discovery,3,43,3,30,number_tokens,27.75,22.5,22.75,0.25,True,True,Qwen/Qwen3-4B-Instruct-2507,cdbee75f17c01a7cc42f958dc650907174af0554
11,discovery,3,43,3,30,random_positions,27.75,22.5,22.5,0.0,True,True,Qwen/Qwen3-4B-Instruct-2507,cdbee75f17c01a7cc42f958dc650907174af0554
11,discovery,3,43,3,31,answer_position,27.75,22.5,27.5,5.0,True,True,Qwen/Qwen3-4B-Instruct-2507,cdbee75f17c01a7cc42f958dc650907174af0554
11,discovery,3,43,3,31,number_tokens,27.75,22.5,22.75,0.25,True,True,Qwen/Qwen3-4B-Instruct-2507,cdbee75f17c01a7cc42f958dc650907174af0554
11,discovery,3,43,3,31,random_positions,27.75,22.5,22.75,0.25,True,True,Qwen/Qwen3-4B-Instruct-2507,cdbee75f17c01a7cc42f958dc650907174af0554
11,discovery,3,43,3,32,answer_position,27.75,22.5,27.5,5.0,True,True,Qwen/Qwen3-4B-Instruct-2507,cdbee75f17c01a7cc42f958dc650907174af0554
11,discovery,3,43,3,32,number_tokens,27.75,22.5,22.75,0.25,True,True,Qwen/Qwen3-4B-Instruct-2507,cdbee75f17c01a7cc42f958dc650907174af0554
11,discovery,3,43,3,32,random_positions,27.75,22.5,22.75,0.25,True,True,Qwen/Qwen3-4B-Instruct-2507,cdbee75f17c01a7cc42f958dc650907174af0554
11,discovery,3,43,3,33,answer_position,27.75,22.5,27.375,4.875,True,True,Qwen/Qwen3-4B-Instruct-2507,cdbee75f17c01a7cc42f958dc650907174af0554
11,discovery,3,43,3,33,number_tokens,27.75,22.5,22.75,0.25,True,True,Qwen/Qwen3-4B-Instruct-2507,cdbee75f17c01a7cc42f958dc650907174af0554
11,discovery,3,43,3,33,random_positions,27.75,22.5,22.75,0.25,True,True,Qwen/Qwen3-4B-Instruct-2507,cdbee75f17c01a7cc42f958dc650907174af0554
11,discovery,3,43,3,34,answer_position,27.75,22.5,27.5,5.0,True,True,Qwen/Qwen3-4B-Instruct-2507,cdbee75f17c01a7cc42f958dc650907174af0554
11,discovery,3,43,3,34,number_tokens,27.75,22.5,22.5,0.0,True,True,Qwen/Qwen3-4B-Instruct-2507,cdbee75f17c01a7cc42f958dc650907174af0554
11,discovery,3,43,3,34,random_positions,27.75,22.5,22.75,0.25,True,True,Qwen/Qwen3-4B-Instruct-2507,cdbee75f17c01a7cc42f958dc650907174af0554
11,discovery,3,43,3,35,answer_position,27.75,22.5,27.75,5.25,True,True,Qwen/Qwen3-4B-Instruct-2507,cdbee75f17c01a7cc42f958dc650907174af0554
11,discovery,3,43,3,35,number_tokens,27.75,22.5,22.5,0.0,True,True,Qwen/Qwen3-4B-Instruct-2507,cdbee75f17c01a7cc42f958dc650907174af0554
11,discovery,3,43,3,35,random_positions,27.75,22.5,22.5,0.0,True,True,Qwen/Qwen3-4B-Instruct-2507,cdbee75f17c01a7cc42f958dc650907174af0554
12,discovery,3,44,4,0,answer_position,27.5,23.75,23.75,0.0,True,True,Qwen/Qwen3-4B-Instruct-2507,cdbee75f17c01a7cc42f958dc650907174af0554
12,discovery,3,44,4,0,number_tokens,27.5,23.75,23.625,-0.125,True,True,Qwen/Qwen3-4B-Instruct-2507,cdbee75f17c01a7cc42f958dc650907174af0554
12,discovery,3,44,4,0,random_positions,27.5,23.75,6.75,-17.0,True,True,Qwen/Qwen3-4B-Instruct-2507,cdbee75f17c01a7cc42f958dc650907174af0554
12,discovery,3,44,4,1,answer_position,27.5,23.75,23.5,-0.25,True,True,Qwen/Qwen3-4B-Instruct-2507,cdbee75f17c01a7cc42f958dc650907174af0554
12,discovery,3,44,4,1,number_tokens,27.5,23.75,24.25,0.5,True,True,Qwen/Qwen3-4B-Instruct-2507,cdbee75f17c01a7cc42f958dc650907174af0554
12,discovery,3,44,4,1,random_positions,27.5,23.75,12.0,-11.75,True,True,Qwen/Qwen3-4B-Instruct-2507,cdbee75f17c01a7cc42f958dc650907174af0554
12,discovery,3,44,4,2,answer_position,27.5,23.75,23.75,0.0,True,True,Qwen/Qwen3-4B-Instruct-2507,cdbee75f17c01a7cc42f958dc650907174af0554
12,discovery,3,44,4,2,number_tokens,27.5,23.75,24.25,0.5,True,True,Qwen/Qwen3-4B-Instruct-2507,cdbee75f17c01a7cc42f958dc650907174af0554
12,discovery,3,44,4,2,random_positions,27.5,23.75,14.75,-9.0,True,True,Qwen/Qwen3-4B-Instruct-2507,cdbee75f17c01a7cc42f958dc650907174af0554
12,discovery,3,44,4,3,answer_position,27.5,23.75,23.75,0.0,True,True,Qwen/Qwen3-4B-Instruct-2507,cdbee75f17c01a7cc42f958dc650907174af0554
12,discovery,3,44,4,3,number_tokens,27.5,23.75,20.5,-3.25,True,True,Qwen/Qwen3-4B-Instruct-2507,cdbee75f17c01a7cc42f958dc650907174af0554
12,discovery,3,44,4,3,random_positions,27.5,23.75,18.5,-5.25,True,True,Qwen/Qwen3-4B-Instruct-2507,cdbee75f17c01a7cc42f958dc650907174af0554
12,discovery,3,44,4,4,answer_position,27.5,23.75,23.625,-0.125,True,True,Qwen/Qwen3-4B-Instruct-2507,cdbee75f17c01a7cc42f958dc650907174af0554
12,discovery,3,44,4,4,number_tokens,27.5,23.75,21.25,-2.5,True,True,Qwen/Qwen3-4B-Instruct-2507,cdbee75f17c01a7cc42f958dc650907174af0554
12,discovery,3,44,4,4,random_positions,27.5,23.75,19.5,-4.25,True,True,Qwen/Qwen3-4B-Instruct-2507,cdbee75f17c01a7cc42f958dc650907174af0554
12,discovery,3,44,4,5,answer_position,27.5,23.75,23.75,0.0,True,True,Qwen/Qwen3-4B-Instruct-2507,cdbee75f17c01a7cc42f958dc650907174af0554
12,discovery,3,44,4,5,number_tokens,27.5,23.75,20.75,-3.0,True,True,Qwen/Qwen3-4B-Instruct-2507,cdbee75f17c01a7cc42f958dc650907174af0554
12,discovery,3,44,4,5,random_positions,27.5,23.75,21.5,-2.25,True,True,Qwen/Qwen3-4B-Instruct-2507,cdbee75f17c01a7cc42f958dc650907174af0554
12,discovery,3,44,4,6,answer_position,27.5,23.75,23.875,0.125,True,True,Qwen/Qwen3-4B-Instruct-2507,cdbee75f17c01a7cc42f958dc650907174af0554
12,discovery,3,44,4,6,number_tokens,27.5,23.75,21.5,-2.25,True,True,Qwen/Qwen3-4B-Instruct-2507,cdbee75f17c01a7cc42f958dc650907174af0554
12,discovery,3,44,4,6,random_positions,27.5,23.75,22.75,-1.0,True,True,Qwen/Qwen3-4B-Instruct-2507,cdbee75f17c01a7cc42f958dc650907174af0554
12,discovery,3,44,4,7,answer_position,27.5,23.75,24.0,0.25,True,True,Qwen/Qwen3-4B-Instruct-2507,cdbee75f17c01a7cc42f958dc650907174af0554
12,discovery,3,44,4,7,number_tokens,27.5,23.75,13.0,-10.75,True,True,Qwen/Qwen3-4B-Instruct-2507,cdbee75f17c01a7cc42f958dc650907174af0554
12,discovery,3,44,4,7,random_positions,27.5,23.75,22.75,-1.0,True,True,Qwen/Qwen3-4B-Instruct-2507,cdbee75f17c01a7cc42f958dc650907174af0554
12,discovery,3,44,4,8,answer_position,27.5,23.75,23.75,0.0,True,True,Qwen/Qwen3-4B-Instruct-2507,cdbee75f17c01a7cc42f958dc650907174af0554
12,discovery,3,44,4,8,number_tokens,27.5,23.75,19.0,-4.75,True,True,Qwen/Qwen3-4B-Instruct-2507,cdbee75f17c01a7cc42f958dc650907174af0554
12,discovery,3,44,4,8,random_positions,27.5,23.75,23.0,-0.75,True,True,Qwen/Qwen3-4B-Instruct-2507,cdbee75f17c01a7cc42f958dc650907174af0554
12,discovery,3,44,4,9,answer_position,27.5,23.75,23.875,0.125,True,True,Qwen/Qwen3-4B-Instruct-2507,cdbee75f17c01a7cc42f958dc650907174af0554
12,discovery,3,44,4,9,number_tokens,27.5,23.75,5.25,-18.5,True,True,Qwen/Qwen3-4B-Instruct-2507,cdbee75f17c01a7cc42f958dc650907174af0554
12,discovery,3,44,4,9,random_positions,27.5,23.75,23.25,-0.5,True,True,Qwen/Qwen3-4B-Instruct-2507,cdbee75f17c01a7cc42f958dc650907174af0554
12,discovery,3,44,4,10,answer_position,27.5,23.75,23.5,-0.25,True,True,Qwen/Qwen3-4B-Instruct-2507,cdbee75f17c01a7cc42f958dc650907174af0554
12,discovery,3,44,4,10,number_tokens,27.5,23.75,4.5,-19.25,True,True,Qwen/Qwen3-4B-Instruct-2507,cdbee75f17c01a7cc42f958dc650907174af0554
12,discovery,3,44,4,10,random_positions,27.5,23.75,23.125,-0.625,True,True,Qwen/Qwen3-4B-Instruct-2507,cdbee75f17c01a7cc42f958dc650907174af0554
12,discovery,3,44,4,11,answer_position,27.5,23.75,23.75,0.0,True,True,Qwen/Qwen3-4B-Instruct-2507,cdbee75f17c01a7cc42f958dc650907174af0554
12,discovery,3,44,4,11,number_tokens,27.5,23.75,-6.0,-29.75,True,False,Qwen/Qwen3-4B-Instruct-2507,cdbee75f17c01a7cc42f958dc650907174af0554
12,discovery,3,44,4,11,random_positions,27.5,23.75,23.25,-0.5,True,True,Qwen/Qwen3-4B-Instruct-2507,cdbee75f17c01a7cc42f958dc650907174af0554
12,discovery,3,44,4,12,answer_position,27.5,23.75,23.75,0.0,True,True,Qwen/Qwen3-4B-Instruct-2507,cdbee75f17c01a7cc42f958dc650907174af0554
12,discovery,3,44,4,12,number_tokens,27.5,23.75,-0.5,-24.25,True,False,Qwen/Qwen3-4B-Instruct-2507,cdbee75f17c01a7cc42f958dc650907174af0554
12,discovery,3,44,4,12,random_positions,27.5,23.75,23.25,-0.5,True,True,Qwen/Qwen3-4B-Instruct-2507,cdbee75f17c01a7cc42f958dc650907174af0554
12,discovery,3,44,4,13,answer_position,27.5,23.75,23.875,0.125,True,True,Qwen/Qwen3-4B-Instruct-2507,cdbee75f17c01a7cc42f958dc650907174af0554
12,discovery,3,44,4,13,number_tokens,27.5,23.75,17.75,-6.0,True,True,Qwen/Qwen3-4B-Instruct-2507,cdbee75f17c01a7cc42f958dc650907174af0554
12,discovery,3,44,4,13,random_positions,27.5,23.75,23.375,-0.375,True,True,Qwen/Qwen3-4B-Instruct-2507,cdbee75f17c01a7cc42f958dc650907174af0554
12,discovery,3,44,4,14,answer_position,27.5,23.75,23.75,0.0,True,True,Qwen/Qwen3-4B-Instruct-2507,cdbee75f17c01a7cc42f958dc650907174af0554
12,discovery,3,44,4,14,number_tokens,27.5,23.75,22.75,-1.0,True,True,Qwen/Qwen3-4B-Instruct-2507,cdbee75f17c01a7cc42f958dc650907174af0554
12,discovery,3,44,4,14,random_positions,27.5,23.75,23.875,0.125,True,True,Qwen/Qwen3-4B-Instruct-2507,cdbee75f17c01a7cc42f958dc650907174af0554
12,discovery,3,44,4,15,answer_position,27.5,23.75,23.875,0.125,True,True,Qwen/Qwen3-4B-Instruct-2507,cdbee75f17c01a7cc42f958dc650907174af0554
12,discovery,3,44,4,15,number_tokens,27.5,23.75,25.75,2.0,True,True,Qwen/Qwen3-4B-Instruct-2507,cdbee75f17c01a7cc42f958dc650907174af0554
12,discovery,3,44,4,15,random_positions,27.5,23.75,24.0,0.25,True,True,Qwen/Qwen3-4B-Instruct-2507,cdbee75f17c01a7cc42f958dc650907174af0554
12,discovery,3,44,4,16,answer_position,27.5,23.75,23.75,0.0,True,True,Qwen/Qwen3-4B-Instruct-2507,cdbee75f17c01a7cc42f958dc650907174af0554
12,discovery,3,44,4,16,number_tokens,27.5,23.75,25.25,1.5,True,True,Qwen/Qwen3-4B-Instruct-2507,cdbee75f17c01a7cc42f958dc650907174af0554
12,discovery,3,44,4,16,random_positions,27.5,23.75,24.0,0.25,True,True,Qwen/Qwen3-4B-Instruct-2507,cdbee75f17c01a7cc42f958dc650907174af0554
12,discovery,3,44,4,17,answer_position,27.5,23.75,23.75,0.0,True,True,Qwen/Qwen3-4B-Instruct-2507,cdbee75f17c01a7cc42f958dc650907174af0554
12,discovery,3,44,4,17,number_tokens,27.5,23.75,24.25,0.5,True,True,Qwen/Qwen3-4B-Instruct-2507,cdbee75f17c01a7cc42f958dc650907174af0554
12,discovery,3,44,4,17,random_positions,27.5,23.75,23.625,-0.125,True,True,Qwen/Qwen3-4B-Instruct-2507,cdbee75f17c01a7cc42f958dc650907174af0554
12,discovery,3,44,4,18,answer_position,27.5,23.75,23.375,-0.375,True,True,Qwen/Qwen3-4B-Instruct-2507,cdbee75f17c01a7cc42f958dc650907174af0554
12,discovery,3,44,4,18,number_tokens,27.5,23.75,23.0,-0.75,True,True,Qwen/Qwen3-4B-Instruct-2507,cdbee75f17c01a7cc42f958dc650907174af0554
12,discovery,3,44,4,18,random_positions,27.5,23.75,25.625,1.875,True,True,Qwen/Qwen3-4B-Instruct-2507,cdbee75f17c01a7cc42f958dc650907174af0554
12,discovery,3,44,4,19,answer_position,27.5,23.75,24.625,0.875,True,True,Qwen/Qwen3-4B-Instruct-2507,cdbee75f17c01a7cc42f958dc650907174af0554
12,discovery,3,44,4,19,number_tokens,27.5,23.75,22.5,-1.25,True,True,Qwen/Qwen3-4B-Instruct-2507,cdbee75f17c01a7cc42f958dc650907174af0554
12,discovery,3,44,4,19,random_positions,27.5,23.75,25.0,1.25,True,True,Qwen/Qwen3-4B-Instruct-2507,cdbee75f17c01a7cc42f958dc650907174af0554
12,discovery,3,44,4,20,answer_position,27.5,23.75,24.75,1.0,True,True,Qwen/Qwen3-4B-Instruct-2507,cdbee75f17c01a7cc42f958dc650907174af0554
12,discovery,3,44,4,20,number_tokens,27.5,23.75,23.25,-0.5,True,True,Qwen/Qwen3-4B-Instruct-2507,cdbee75f17c01a7cc42f958dc650907174af0554
12,discovery,3,44,4,20,random_positions,27.5,23.75,24.625,0.875,True,True,Qwen/Qwen3-4B-Instruct-2507,cdbee75f17c01a7cc42f958dc650907174af0554
12,discovery,3,44,4,21,answer_position,27.5,23.75,26.25,2.5,True,True,Qwen/Qwen3-4B-Instruct-2507,cdbee75f17c01a7cc42f958dc650907174af0554
12,discovery,3,44,4,21,number_tokens,27.5,23.75,23.0,-0.75,True,True,Qwen/Qwen3-4B-Instruct-2507,cdbee75f17c01a7cc42f958dc650907174af0554
12,discovery,3,44,4,21,random_positions,27.5,23.75,23.625,-0.125,True,True,Qwen/Qwen3-4B-Instruct-2507,cdbee75f17c01a7cc42f958dc650907174af0554
12,discovery,3,44,4,22,answer_position,27.5,23.75,26.5,2.75,True,True,Qwen/Qwen3-4B-Instruct-2507,cdbee75f17c01a7cc42f958dc650907174af0554
12,discovery,3,44,4,22,number_tokens,27.5,23.75,23.25,-0.5,True,True,Qwen/Qwen3-4B-Instruct-2507,cdbee75f17c01a7cc42f958dc650907174af0554
12,discovery,3,44,4,22,random_positions,27.5,23.75,23.25,-0.5,True,True,Qwen/Qwen3-4B-Instruct-2507,cdbee75f17c01a7cc42f958dc650907174af0554
12,discovery,3,44,4,23,answer_position,27.5,23.75,26.125,2.375,True,True,Qwen/Qwen3-4B-Instruct-2507,cdbee75f17c01a7cc42f958dc650907174af0554
12,discovery,3,44,4,23,number_tokens,27.5,23.75,23.25,-0.5,True,True,Qwen/Qwen3-4B-Instruct-2507,cdbee75f17c01a7cc42f958dc650907174af0554
12,discovery,3,44,4,23,random_positions,27.5,23.75,23.75,0.0,True,True,Qwen/Qwen3-4B-Instruct-2507,cdbee75f17c01a7cc42f958dc650907174af0554
12,discovery,3,44,4,24,answer_position,27.5,23.75,26.75,3.0,True,True,Qwen/Qwen3-4B-Instruct-2507,cdbee75f17c01a7cc42f958dc650907174af0554
12,discovery,3,44,4,24,number_tokens,27.5,23.75,23.0,-0.75,True,True,Qwen/Qwen3-4B-Instruct-2507,cdbee75f17c01a7cc42f958dc650907174af0554
12,discovery,3,44,4,24,random_positions,27.5,23.75,23.25,-0.5,True,True,Qwen/Qwen3-4B-Instruct-2507,cdbee75f17c01a7cc42f958dc650907174af0554
12,discovery,3,44,4,25,answer_position,27.5,23.75,26.625,2.875,True,True,Qwen/Qwen3-4B-Instruct-2507,cdbee75f17c01a7cc42f958dc650907174af0554
12,discovery,3,44,4,25,number_tokens,27.5,23.75,23.125,-0.625,True,True,Qwen/Qwen3-4B-Instruct-2507,cdbee75f17c01a7cc42f958dc650907174af0554
12,discovery,3,44,4,25,random_positions,27.5,23.75,23.125,-0.625,True,True,Qwen/Qwen3-4B-Instruct-2507,cdbee75f17c01a7cc42f958dc650907174af0554
12,discovery,3,44,4,26,answer_position,27.5,23.75,26.875,3.125,True,True,Qwen/Qwen3-4B-Instruct-2507,cdbee75f17c01a7cc42f958dc650907174af0554
12,discovery,3,44,4,26,number_tokens,27.5,23.75,23.375,-0.375,True,True,Qwen/Qwen3-4B-Instruct-2507,cdbee75f17c01a7cc42f958dc650907174af0554
12,discovery,3,44,4,26,random_positions,27.5,23.75,23.5,-0.25,True,True,Qwen/Qwen3-4B-Instruct-2507,cdbee75f17c01a7cc42f958dc650907174af0554
12,discovery,3,44,4,27,answer_position,27.5,23.75,26.625,2.875,True,True,Qwen/Qwen3-4B-Instruct-2507,cdbee75f17c01a7cc42f958dc650907174af0554
12,discovery,3,44,4,27,number_tokens,27.5,23.75,23.5,-0.25,True,True,Qwen/Qwen3-4B-Instruct-2507,cdbee75f17c01a7cc42f958dc650907174af0554
12,discovery,3,44,4,27,random_positions,27.5,23.75,23.375,-0.375,True,True,Qwen/Qwen3-4B-Instruct-2507,cdbee75f17c01a7cc42f958dc650907174af0554
12,discovery,3,44,4,28,answer_position,27.5,23.75,27.0,3.25,True,True,Qwen/Qwen3-4B-Instruct-2507,cdbee75f17c01a7cc42f958dc650907174af0554
12,discovery,3,44,4,28,number_tokens,27.5,23.75,23.625,-0.125,True,True,Qwen/Qwen3-4B-Instruct-2507,cdbee75f17c01a7cc42f958dc650907174af0554
12,discovery,3,44,4,28,random_positions,27.5,23.75,23.0,-0.75,True,True,Qwen/Qwen3-4B-Instruct-2507,cdbee75f17c01a7cc42f958dc650907174af0554
12,discovery,3,44,4,29,answer_position,27.5,23.75,27.0,3.25,True,True,Qwen/Qwen3-4B-Instruct-2507,cdbee75f17c01a7cc42f958dc650907174af0554
12,discovery,3,44,4,29,number_tokens,27.5,23.75,23.375,-0.375,True,True,Qwen/Qwen3-4B-Instruct-2507,cdbee75f17c01a7cc42f958dc650907174af0554
12,discovery,3,44,4,29,random_positions,27.5,23.75,23.125,-0.625,True,True,Qwen/Qwen3-4B-Instruct-2507,cdbee75f17c01a7cc42f958dc650907174af0554
12,discovery,3,44,4,30,answer_position,27.5,23.75,26.75,3.0,True,True,Qwen/Qwen3-4B-Instruct-2507,cdbee75f17c01a7cc42f958dc650907174af0554
12,discovery,3,44,4,30,number_tokens,27.5,23.75,23.5,-0.25,True,True,Qwen/Qwen3-4B-Instruct-2507,cdbee75f17c01a7cc42f958dc650907174af0554
12,discovery,3,44,4,30,random_positions,27.5,23.75,23.25,-0.5,True,True,Qwen/Qwen3-4B-Instruct-2507,cdbee75f17c01a7cc42f958dc650907174af0554
12,discovery,3,44,4,31,answer_position,27.5,23.75,27.0,3.25,True,True,Qwen/Qwen3-4B-Instruct-2507,cdbee75f17c01a7cc42f958dc650907174af0554
12,discovery,3,44,4,31,number_tokens,27.5,23.75,23.5,-0.25,True,True,Qwen/Qwen3-4B-Instruct-2507,cdbee75f17c01a7cc42f958dc650907174af0554
12,discovery,3,44,4,31,random_positions,27.5,23.75,23.375,-0.375,True,True,Qwen/Qwen3-4B-Instruct-2507,cdbee75f17c01a7cc42f958dc650907174af0554
12,discovery,3,44,4,32,answer_position,27.5,23.75,27.0,3.25,True,True,Qwen/Qwen3-4B-Instruct-2507,cdbee75f17c01a7cc42f958dc650907174af0554
12,discovery,3,44,4,32,number_tokens,27.5,23.75,23.625,-0.125,True,True,Qwen/Qwen3-4B-Instruct-2507,cdbee75f17c01a7cc42f958dc650907174af0554
12,discovery,3,44,4,32,random_positions,27.5,23.75,23.5,-0.25,True,True,Qwen/Qwen3-4B-Instruct-2507,cdbee75f17c01a7cc42f958dc650907174af0554
12,discovery,3,44,4,33,answer_position,27.5,23.75,26.75,3.0,True,True,Qwen/Qwen3-4B-Instruct-2507,cdbee75f17c01a7cc42f958dc650907174af0554
12,discovery,3,44,4,33,number_tokens,27.5,23.75,23.375,-0.375,True,True,Qwen/Qwen3-4B-Instruct-2507,cdbee75f17c01a7cc42f958dc650907174af0554
12,discovery,3,44,4,33,random_positions,27.5,23.75,23.375,-0.375,True,True,Qwen/Qwen3-4B-Instruct-2507,cdbee75f17c01a7cc42f958dc650907174af0554
12,discovery,3,44,4,34,answer_position,27.5,23.75,27.125,3.375,True,True,Qwen/Qwen3-4B-Instruct-2507,cdbee75f17c01a7cc42f958dc650907174af0554
12,discovery,3,44,4,34,number_tokens,27.5,23.75,23.625,-0.125,True,True,Qwen/Qwen3-4B-Instruct-2507,cdbee75f17c01a7cc42f958dc650907174af0554
12,discovery,3,44,4,34,random_positions,27.5,23.75,23.75,0.0,True,True,Qwen/Qwen3-4B-Instruct-2507,cdbee75f17c01a7cc42f958dc650907174af0554
12,discovery,3,44,4,35,answer_position,27.5,23.75,27.5,3.75,True,True,Qwen/Qwen3-4B-Instruct-2507,cdbee75f17c01a7cc42f958dc650907174af0554
12,discovery,3,44,4,35,number_tokens,27.5,23.75,23.75,0.0,True,True,Qwen/Qwen3-4B-Instruct-2507,cdbee75f17c01a7cc42f958dc650907174af0554
12,discovery,3,44,4,35,random_positions,27.5,23.75,23.75,0.0,True,True,Qwen/Qwen3-4B-Instruct-2507,cdbee75f17c01a7cc42f958dc650907174af0554
13,discovery,3,45,2,0,answer_position,27.125,21.25,21.0,-0.25,True,True,Qwen/Qwen3-4B-Instruct-2507,cdbee75f17c01a7cc42f958dc650907174af0554
13,discovery,3,45,2,0,number_tokens,27.125,21.25,21.0,-0.25,True,True,Qwen/Qwen3-4B-Instruct-2507,cdbee75f17c01a7cc42f958dc650907174af0554
13,discovery,3,45,2,0,random_positions,27.125,21.25,23.5,2.25,True,True,Qwen/Qwen3-4B-Instruct-2507,cdbee75f17c01a7cc42f958dc650907174af0554
13,discovery,3,45,2,1,answer_position,27.125,21.25,21.0,-0.25,True,True,Qwen/Qwen3-4B-Instruct-2507,cdbee75f17c01a7cc42f958dc650907174af0554
13,discovery,3,45,2,1,number_tokens,27.125,21.25,22.5,1.25,True,True,Qwen/Qwen3-4B-Instruct-2507,cdbee75f17c01a7cc42f958dc650907174af0554
13,discovery,3,45,2,1,random_positions,27.125,21.25,23.25,2.0,True,True,Qwen/Qwen3-4B-Instruct-2507,cdbee75f17c01a7cc42f958dc650907174af0554
13,discovery,3,45,2,2,answer_position,27.125,21.25,21.0,-0.25,True,True,Qwen/Qwen3-4B-Instruct-2507,cdbee75f17c01a7cc42f958dc650907174af0554
13,discovery,3,45,2,2,number_tokens,27.125,21.25,23.5,2.25,True,True,Qwen/Qwen3-4B-Instruct-2507,cdbee75f17c01a7cc42f958dc650907174af0554
13,discovery,3,45,2,2,random_positions,27.125,21.25,23.25,2.0,True,True,Qwen/Qwen3-4B-Instruct-2507,cdbee75f17c01a7cc42f958dc650907174af0554
13,discovery,3,45,2,3,answer_position,27.125,21.25,21.0,-0.25,True,True,Qwen/Qwen3-4B-Instruct-2507,cdbee75f17c01a7cc42f958dc650907174af0554
13,discovery,3,45,2,3,number_tokens,27.125,21.25,20.5,-0.75,True,True,Qwen/Qwen3-4B-Instruct-2507,cdbee75f17c01a7cc42f958dc650907174af0554
13,discovery,3,45,2,3,random_positions,27.125,21.25,22.75,1.5,True,True,Qwen/Qwen3-4B-Instruct-2507,cdbee75f17c01a7cc42f958dc650907174af0554
13,discovery,3,45,2,4,answer_position,27.125,21.25,21.25,0.0,True,True,Qwen/Qwen3-4B-Instruct-2507,cdbee75f17c01a7cc42f958dc650907174af0554
13,discovery,3,45,2,4,number_tokens,27.125,21.25,21.75,0.5,True,True,Qwen/Qwen3-4B-Instruct-2507,cdbee75f17c01a7cc42f958dc650907174af0554
13,discovery,3,45,2,4,random_positions,27.125,21.25,23.0,1.75,True,True,Qwen/Qwen3-4B-Instruct-2507,cdbee75f17c01a7cc42f958dc650907174af0554
13,discovery,3,45,2,5,answer_position,27.125,21.25,21.0,-0.25,True,True,Qwen/Qwen3-4B-Instruct-2507,cdbee75f17c01a7cc42f958dc650907174af0554
13,discovery,3,45,2,5,number_tokens,27.125,21.25,20.25,-1.0,True,True,Qwen/Qwen3-4B-Instruct-2507,cdbee75f17c01a7cc42f958dc650907174af0554
13,discovery,3,45,2,5,random_positions,27.125,21.25,23.5,2.25,True,True,Qwen/Qwen3-4B-Instruct-2507,cdbee75f17c01a7cc42f958dc650907174af0554
13,discovery,3,45,2,6,answer_position,27.125,21.25,21.0,-0.25,True,True,Qwen/Qwen3-4B-Instruct-2507,cdbee75f17c01a7cc42f958dc650907174af0554
13,discovery,3,45,2,6,number_tokens,27.125,21.25,20.25,-1.0,True,True,Qwen/Qwen3-4B-Instruct-2507,cdbee75f17c01a7cc42f958dc650907174af0554
13,discovery,3,45,2,6,random_positions,27.125,21.25,23.25,2.0,True,True,Qwen/Qwen3-4B-Instruct-2507,cdbee75f17c01a7cc42f958dc650907174af0554
13,discovery,3,45,2,7,answer_position,27.125,21.25,21.25,0.0,True,True,Qwen/Qwen3-4B-Instruct-2507,cdbee75f17c01a7cc42f958dc650907174af0554
13,discovery,3,45,2,7,number_tokens,27.125,21.25,11.25,-10.0,True,True,Qwen/Qwen3-4B-Instruct-2507,cdbee75f17c01a7cc42f958dc650907174af0554
13,discovery,3,45,2,7,random_positions,27.125,21.25,22.75,1.5,True,True,Qwen/Qwen3-4B-Instruct-2507,cdbee75f17c01a7cc42f958dc650907174af0554
13,discovery,3,45,2,8,answer_position,27.125,21.25,21.25,0.0,True,True,Qwen/Qwen3-4B-Instruct-2507,cdbee75f17c01a7cc42f958dc650907174af0554
13,discovery,3,45,2,8,number_tokens,27.125,21.25,17.25,-4.0,True,True,Qwen/Qwen3-4B-Instruct-2507,cdbee75f17c01a7cc42f958dc650907174af0554
13,discovery,3,45,2,8,random_positions,27.125,21.25,23.0,1.75,True,True,Qwen/Qwen3-4B-Instruct-2507,cdbee75f17c01a7cc42f958dc650907174af0554
13,discovery,3,45,2,9,answer_position,27.125,21.25,21.25,0.0,True,True,Qwen/Qwen3-4B-Instruct-2507,cdbee75f17c01a7cc42f958dc650907174af0554
13,discovery,3,45,2,9,number_tokens,27.125,21.25,1.25,-20.0,True,True,Qwen/Qwen3-4B-Instruct-2507,cdbee75f17c01a7cc42f958dc650907174af0554
13,discovery,3,45,2,9,random_positions,27.125,21.25,23.25,2.0,True,True,Qwen/Qwen3-4B-Instruct-2507,cdbee75f17c01a7cc42f958dc650907174af0554
13,discovery,3,45,2,10,answer_position,27.125,21.25,21.25,0.0,True,True,Qwen/Qwen3-4B-Instruct-2507,cdbee75f17c01a7cc42f958dc650907174af0554
13,discovery,3,45,2,10,number_tokens,27.125,21.25,-0.25,-21.5,True,False,Qwen/Qwen3-4B-Instruct-2507,cdbee75f17c01a7cc42f958dc650907174af0554
13,discovery,3,45,2,10,random_positions,27.125,21.25,23.375,2.125,True,True,Qwen/Qwen3-4B-Instruct-2507,cdbee75f17c01a7cc42f958dc650907174af0554
13,discovery,3,45,2,11,answer_position,27.125,21.25,21.25,0.0,True,True,Qwen/Qwen3-4B-Instruct-2507,cdbee75f17c01a7cc42f958dc650907174af0554
13,discovery,3,45,2,11,number_tokens,27.125,21.25,-13.75,-35.0,True,False,Qwen/Qwen3-4B-Instruct-2507,cdbee75f17c01a7cc42f958dc650907174af0554
13,discovery,3,45,2,11,random_positions,27.125,21.25,23.25,2.0,True,True,Qwen/Qwen3-4B-Instruct-2507,cdbee75f17c01a7cc42f958dc650907174af0554
13,discovery,3,45,2,12,answer_position,27.125,21.25,21.25,0.0,True,True,Qwen/Qwen3-4B-Instruct-2507,cdbee75f17c01a7cc42f958dc650907174af0554
13,discovery,3,45,2,12,number_tokens,27.125,21.25,-2.75,-24.0,True,False,Qwen/Qwen3-4B-Instruct-2507,cdbee75f17c01a7cc42f958dc650907174af0554
13,discovery,3,45,2,12,random_positions,27.125,21.25,24.0,2.75,True,True,Qwen/Qwen3-4B-Instruct-2507,cdbee75f17c01a7cc42f958dc650907174af0554
13,discovery,3,45,2,13,answer_position,27.125,21.25,21.25,0.0,True,True,Qwen/Qwen3-4B-Instruct-2507,cdbee75f17c01a7cc42f958dc650907174af0554
13,discovery,3,45,2,13,number_tokens,27.125,21.25,12.75,-8.5,True,True,Qwen/Qwen3-4B-Instruct-2507,cdbee75f17c01a7cc42f958dc650907174af0554
13,discovery,3,45,2,13,random_positions,27.125,21.25,24.375,3.125,True,True,Qwen/Qwen3-4B-Instruct-2507,cdbee75f17c01a7cc42f958dc650907174af0554
13,discovery,3,45,2,14,answer_position,27.125,21.25,21.25,0.0,True,True,Qwen/Qwen3-4B-Instruct-2507,cdbee75f17c01a7cc42f958dc650907174af0554
13,discovery,3,45,2,14,number_tokens,27.125,21.25,21.0,-0.25,True,True,Qwen/Qwen3-4B-Instruct-2507,cdbee75f17c01a7cc42f958dc650907174af0554
13,discovery,3,45,2,14,random_positions,27.125,21.25,24.375,3.125,True,True,Qwen/Qwen3-4B-Instruct-2507,cdbee75f17c01a7cc42f958dc650907174af0554
13,discovery,3,45,2,15,answer_position,27.125,21.25,21.0,-0.25,True,True,Qwen/Qwen3-4B-Instruct-2507,cdbee75f17c01a7cc42f958dc650907174af0554
13,discovery,3,45,2,15,number_tokens,27.125,21.25,24.375,3.125,True,True,Qwen/Qwen3-4B-Instruct-2507,cdbee75f17c01a7cc42f958dc650907174af0554
13,discovery,3,45,2,15,random_positions,27.125,21.25,23.25,2.0,True,True,Qwen/Qwen3-4B-Instruct-2507,cdbee75f17c01a7cc42f958dc650907174af0554
13,discovery,3,45,2,16,answer_position,27.125,21.25,21.25,0.0,True,True,Qwen/Qwen3-4B-Instruct-2507,cdbee75f17c01a7cc42f958dc650907174af0554
13,discovery,3,45,2,16,number_tokens,27.125,21.25,24.75,3.5,True,True,Qwen/Qwen3-4B-Instruct-2507,cdbee75f17c01a7cc42f958dc650907174af0554
13,discovery,3,45,2,16,random_positions,27.125,21.25,23.625,2.375,True,True,Qwen/Qwen3-4B-Instruct-2507,cdbee75f17c01a7cc42f958dc650907174af0554
13,discovery,3,45,2,17,answer_position,27.125,21.25,21.0,-0.25,True,True,Qwen/Qwen3-4B-Instruct-2507,cdbee75f17c01a7cc42f958dc650907174af0554
13,discovery,3,45,2,17,number_tokens,27.125,21.25,23.625,2.375,True,True,Qwen/Qwen3-4B-Instruct-2507,cdbee75f17c01a7cc42f958dc650907174af0554
13,discovery,3,45,2,17,random_positions,27.125,21.25,23.5,2.25,True,True,Qwen/Qwen3-4B-Instruct-2507,cdbee75f17c01a7cc42f958dc650907174af0554
13,discovery,3,45,2,18,answer_position,27.125,21.25,21.0,-0.25,True,True,Qwen/Qwen3-4B-Instruct-2507,cdbee75f17c01a7cc42f958dc650907174af0554
13,discovery,3,45,2,18,number_tokens,27.125,21.25,21.5,0.25,True,True,Qwen/Qwen3-4B-Instruct-2507,cdbee75f17c01a7cc42f958dc650907174af0554
13,discovery,3,45,2,18,random_positions,27.125,21.25,24.125,2.875,True,True,Qwen/Qwen3-4B-Instruct-2507,cdbee75f17c01a7cc42f958dc650907174af0554
13,discovery,3,45,2,19,answer_position,27.125,21.25,22.5,1.25,True,True,Qwen/Qwen3-4B-Instruct-2507,cdbee75f17c01a7cc42f958dc650907174af0554
13,discovery,3,45,2,19,number_tokens,27.125,21.25,19.25,-2.0,True,True,Qwen/Qwen3-4B-Instruct-2507,cdbee75f17c01a7cc42f958dc650907174af0554
13,discovery,3,45,2,19,random_positions,27.125,21.25,24.375,3.125,True,True,Qwen/Qwen3-4B-Instruct-2507,cdbee75f17c01a7cc42f958dc650907174af0554
13,discovery,3,45,2,20,answer_position,27.125,21.25,22.75,1.5,True,True,Qwen/Qwen3-4B-Instruct-2507,cdbee75f17c01a7cc42f958dc650907174af0554
13,discovery,3,45,2,20,number_tokens,27.125,21.25,20.5,-0.75,True,True,Qwen/Qwen3-4B-Instruct-2507,cdbee75f17c01a7cc42f958dc650907174af0554
13,discovery,3,45,2,20,random_positions,27.125,21.25,23.25,2.0,True,True,Qwen/Qwen3-4B-Instruct-2507,cdbee75f17c01a7cc42f958dc650907174af0554
13,discovery,3,45,2,21,answer_position,27.125,21.25,25.375,4.125,True,True,Qwen/Qwen3-4B-Instruct-2507,cdbee75f17c01a7cc42f958dc650907174af0554
13,discovery,3,45,2,21,number_tokens,27.125,21.25,20.5,-0.75,True,True,Qwen/Qwen3-4B-Instruct-2507,cdbee75f17c01a7cc42f958dc650907174af0554
13,discovery,3,45,2,21,random_positions,27.125,21.25,22.0,0.75,True,True,Qwen/Qwen3-4B-Instruct-2507,cdbee75f17c01a7cc42f958dc650907174af0554
13,discovery,3,45,2,22,answer_position,27.125,21.25,25.875,4.625,True,True,Qwen/Qwen3-4B-Instruct-2507,cdbee75f17c01a7cc42f958dc650907174af0554
13,discovery,3,45,2,22,number_tokens,27.125,21.25,20.5,-0.75,True,True,Qwen/Qwen3-4B-Instruct-2507,cdbee75f17c01a7cc42f958dc650907174af0554
13,discovery,3,45,2,22,random_positions,27.125,21.25,21.5,0.25,True,True,Qwen/Qwen3-4B-Instruct-2507,cdbee75f17c01a7cc42f958dc650907174af0554
13,discovery,3,45,2,23,answer_position,27.125,21.25,25.125,3.875,True,True,Qwen/Qwen3-4B-Instruct-2507,cdbee75f17c01a7cc42f958dc650907174af0554
13,discovery,3,45,2,23,number_tokens,27.125,21.25,20.5,-0.75,True,True,Qwen/Qwen3-4B-Instruct-2507,cdbee75f17c01a7cc42f958dc650907174af0554
13,discovery,3,45,2,23,random_positions,27.125,21.25,21.25,0.0,True,True,Qwen/Qwen3-4B-Instruct-2507,cdbee75f17c01a7cc42f958dc650907174af0554
13,discovery,3,45,2,24,answer_position,27.125,21.25,26.75,5.5,True,True,Qwen/Qwen3-4B-Instruct-2507,cdbee75f17c01a7cc42f958dc650907174af0554
13,discovery,3,45,2,24,number_tokens,27.125,21.25,20.75,-0.5,True,True,Qwen/Qwen3-4B-Instruct-2507,cdbee75f17c01a7cc42f958dc650907174af0554
13,discovery,3,45,2,24,random_positions,27.125,21.25,21.25,0.0,True,True,Qwen/Qwen3-4B-Instruct-2507,cdbee75f17c01a7cc42f958dc650907174af0554
13,discovery,3,45,2,25,answer_position,27.125,21.25,26.5,5.25,True,True,Qwen/Qwen3-4B-Instruct-2507,cdbee75f17c01a7cc42f958dc650907174af0554
13,discovery,3,45,2,25,number_tokens,27.125,21.25,21.0,-0.25,True,True,Qwen/Qwen3-4B-Instruct-2507,cdbee75f17c01a7cc42f958dc650907174af0554
13,discovery,3,45,2,25,random_positions,27.125,21.25,21.25,0.0,True,True,Qwen/Qwen3-4B-Instruct-2507,cdbee75f17c01a7cc42f958dc650907174af0554
13,discovery,3,45,2,26,answer_position,27.125,21.25,26.375,5.125,True,True,Qwen/Qwen3-4B-Instruct-2507,cdbee75f17c01a7cc42f958dc650907174af0554
13,discovery,3,45,2,26,number_tokens,27.125,21.25,21.0,-0.25,True,True,Qwen/Qwen3-4B-Instruct-2507,cdbee75f17c01a7cc42f958dc650907174af0554
13,discovery,3,45,2,26,random_positions,27.125,21.25,21.0,-0.25,True,True,Qwen/Qwen3-4B-Instruct-2507,cdbee75f17c01a7cc42f958dc650907174af0554
13,discovery,3,45,2,27,answer_position,27.125,21.25,26.5,5.25,True,True,Qwen/Qwen3-4B-Instruct-2507,cdbee75f17c01a7cc42f958dc650907174af0554
13,discovery,3,45,2,27,number_tokens,27.125,21.25,21.25,0.0,True,True,Qwen/Qwen3-4B-Instruct-2507,cdbee75f17c01a7cc42f958dc650907174af0554
13,discovery,3,45,2,27,random_positions,27.125,21.25,21.5,0.25,True,True,Qwen/Qwen3-4B-Instruct-2507,cdbee75f17c01a7cc42f958dc650907174af0554
13,discovery,3,45,2,28,answer_position,27.125,21.25,26.375,5.125,True,True,Qwen/Qwen3-4B-Instruct-2507,cdbee75f17c01a7cc42f958dc650907174af0554
13,discovery,3,45,2,28,number_tokens,27.125,21.25,21.25,0.0,True,True,Qwen/Qwen3-4B-Instruct-2507,cdbee75f17c01a7cc42f958dc650907174af0554
13,discovery,3,45,2,28,random_positions,27.125,21.25,21.0,-0.25,True,True,Qwen/Qwen3-4B-Instruct-2507,cdbee75f17c01a7cc42f958dc650907174af0554
13,discovery,3,45,2,29,answer_position,27.125,21.25,26.375,5.125,True,True,Qwen/Qwen3-4B-Instruct-2507,cdbee75f17c01a7cc42f958dc650907174af0554
13,discovery,3,45,2,29,number_tokens,27.125,21.25,21.25,0.0,True,True,Qwen/Qwen3-4B-Instruct-2507,cdbee75f17c01a7cc42f958dc650907174af0554
13,discovery,3,45,2,29,random_positions,27.125,21.25,21.25,0.0,True,True,Qwen/Qwen3-4B-Instruct-2507,cdbee75f17c01a7cc42f958dc650907174af0554
13,discovery,3,45,2,30,answer_position,27.125,21.25,26.5,5.25,True,True,Qwen/Qwen3-4B-Instruct-2507,cdbee75f17c01a7cc42f958dc650907174af0554
13,discovery,3,45,2,30,number_tokens,27.125,21.25,21.25,0.0,True,True,Qwen/Qwen3-4B-Instruct-2507,cdbee75f17c01a7cc42f958dc650907174af0554
13,discovery,3,45,2,30,random_positions,27.125,21.25,21.0,-0.25,True,True,Qwen/Qwen3-4B-Instruct-2507,cdbee75f17c01a7cc42f958dc650907174af0554
13,discovery,3,45,2,31,answer_position,27.125,21.25,26.75,5.5,True,True,Qwen/Qwen3-4B-Instruct-2507,cdbee75f17c01a7cc42f958dc650907174af0554
13,discovery,3,45,2,31,number_tokens,27.125,21.25,21.25,0.0,True,True,Qwen/Qwen3-4B-Instruct-2507,cdbee75f17c01a7cc42f958dc650907174af0554
13,discovery,3,45,2,31,random_positions,27.125,21.25,21.0,-0.25,True,True,Qwen/Qwen3-4B-Instruct-2507,cdbee75f17c01a7cc42f958dc650907174af0554
13,discovery,3,45,2,32,answer_position,27.125,21.25,26.5,5.25,True,True,Qwen/Qwen3-4B-Instruct-2507,cdbee75f17c01a7cc42f958dc650907174af0554
13,discovery,3,45,2,32,number_tokens,27.125,21.25,21.25,0.0,True,True,Qwen/Qwen3-4B-Instruct-2507,cdbee75f17c01a7cc42f958dc650907174af0554
13,discovery,3,45,2,32,random_positions,27.125,21.25,21.25,0.0,True,True,Qwen/Qwen3-4B-Instruct-2507,cdbee75f17c01a7cc42f958dc650907174af0554
13,discovery,3,45,2,33,answer_position,27.125,21.25,26.625,5.375,True,True,Qwen/Qwen3-4B-Instruct-2507,cdbee75f17c01a7cc42f958dc650907174af0554
13,discovery,3,45,2,33,number_tokens,27.125,21.25,21.25,0.0,True,True,Qwen/Qwen3-4B-Instruct-2507,cdbee75f17c01a7cc42f958dc650907174af0554
13,discovery,3,45,2,33,random_positions,27.125,21.25,21.25,0.0,True,True,Qwen/Qwen3-4B-Instruct-2507,cdbee75f17c01a7cc42f958dc650907174af0554
13,discovery,3,45,2,34,answer_position,27.125,21.25,26.875,5.625,True,True,Qwen/Qwen3-4B-Instruct-2507,cdbee75f17c01a7cc42f958dc650907174af0554
13,discovery,3,45,2,34,number_tokens,27.125,21.25,21.25,0.0,True,True,Qwen/Qwen3-4B-Instruct-2507,cdbee75f17c01a7cc42f958dc650907174af0554
13,discovery,3,45,2,34,random_positions,27.125,21.25,21.25,0.0,True,True,Qwen/Qwen3-4B-Instruct-2507,cdbee75f17c01a7cc42f958dc650907174af0554
13,discovery,3,45,2,35,answer_position,27.125,21.25,27.125,5.875,True,True,Qwen/Qwen3-4B-Instruct-2507,cdbee75f17c01a7cc42f958dc650907174af0554
13,discovery,3,45,2,35,number_tokens,27.125,21.25,21.25,0.0,True,True,Qwen/Qwen3-4B-Instruct-2507,cdbee75f17c01a7cc42f958dc650907174af0554
13,discovery,3,45,2,35,random_positions,27.125,21.25,21.25,0.0,True,True,Qwen/Qwen3-4B-Instruct-2507,cdbee75f17c01a7cc42f958dc650907174af0554
14,discovery,3,46,3,0,answer_position,28.0,24.125,24.25,0.125,True,True,Qwen/Qwen3-4B-Instruct-2507,cdbee75f17c01a7cc42f958dc650907174af0554
14,discovery,3,46,3,0,number_tokens,28.0,24.125,24.25,0.125,True,True,Qwen/Qwen3-4B-Instruct-2507,cdbee75f17c01a7cc42f958dc650907174af0554
14,discovery,3,46,3,0,random_positions,28.0,24.125,9.5,-14.625,True,True,Qwen/Qwen3-4B-Instruct-2507,cdbee75f17c01a7cc42f958dc650907174af0554
14,discovery,3,46,3,1,answer_position,28.0,24.125,24.125,0.0,True,True,Qwen/Qwen3-4B-Instruct-2507,cdbee75f17c01a7cc42f958dc650907174af0554
14,discovery,3,46,3,1,number_tokens,28.0,24.125,25.0,0.875,True,True,Qwen/Qwen3-4B-Instruct-2507,cdbee75f17c01a7cc42f958dc650907174af0554
14,discovery,3,46,3,1,random_positions,28.0,24.125,19.5,-4.625,True,True,Qwen/Qwen3-4B-Instruct-2507,cdbee75f17c01a7cc42f958dc650907174af0554
14,discovery,3,46,3,2,answer_position,28.0,24.125,24.25,0.125,True,True,Qwen/Qwen3-4B-Instruct-2507,cdbee75f17c01a7cc42f958dc650907174af0554
14,discovery,3,46,3,2,number_tokens,28.0,24.125,24.75,0.625,True,True,Qwen/Qwen3-4B-Instruct-2507,cdbee75f17c01a7cc42f958dc650907174af0554
14,discovery,3,46,3,2,random_positions,28.0,24.125,19.5,-4.625,True,True,Qwen/Qwen3-4B-Instruct-2507,cdbee75f17c01a7cc42f958dc650907174af0554
14,discovery,3,46,3,3,answer_position,28.0,24.125,23.875,-0.25,True,True,Qwen/Qwen3-4B-Instruct-2507,cdbee75f17c01a7cc42f958dc650907174af0554
14,discovery,3,46,3,3,number_tokens,28.0,24.125,23.0,-1.125,True,True,Qwen/Qwen3-4B-Instruct-2507,cdbee75f17c01a7cc42f958dc650907174af0554
14,discovery,3,46,3,3,random_positions,28.0,24.125,22.5,-1.625,True,True,Qwen/Qwen3-4B-Instruct-2507,cdbee75f17c01a7cc42f958dc650907174af0554
14,discovery,3,46,3,4,answer_position,28.0,24.125,24.25,0.125,True,True,Qwen/Qwen3-4B-Instruct-2507,cdbee75f17c01a7cc42f958dc650907174af0554
14,discovery,3,46,3,4,number_tokens,28.0,24.125,23.5,-0.625,True,True,Qwen/Qwen3-4B-Instruct-2507,cdbee75f17c01a7cc42f958dc650907174af0554
14,discovery,3,46,3,4,random_positions,28.0,24.125,22.875,-1.25,True,True,Qwen/Qwen3-4B-Instruct-2507,cdbee75f17c01a7cc42f958dc650907174af0554
14,discovery,3,46,3,5,answer_position,28.0,24.125,24.125,0.0,True,True,Qwen/Qwen3-4B-Instruct-2507,cdbee75f17c01a7cc42f958dc650907174af0554
14,discovery,3,46,3,5,number_tokens,28.0,24.125,20.25,-3.875,True,True,Qwen/Qwen3-4B-Instruct-2507,cdbee75f17c01a7cc42f958dc650907174af0554
14,discovery,3,46,3,5,random_positions,28.0,24.125,23.625,-0.5,True,True,Qwen/Qwen3-4B-Instruct-2507,cdbee75f17c01a7cc42f958dc650907174af0554
14,discovery,3,46,3,6,answer_position,28.0,24.125,24.125,0.0,True,True,Qwen/Qwen3-4B-Instruct-2507,cdbee75f17c01a7cc42f958dc650907174af0554
14,discovery,3,46,3,6,number_tokens,28.0,24.125,21.0,-3.125,True,True,Qwen/Qwen3-4B-Instruct-2507,cdbee75f17c01a7cc42f958dc650907174af0554
14,discovery,3,46,3,6,random_positions,28.0,24.125,24.125,0.0,True,True,Qwen/Qwen3-4B-Instruct-2507,cdbee75f17c01a7cc42f958dc650907174af0554
14,discovery,3,46,3,7,answer_position,28.0,24.125,24.25,0.125,True,True,Qwen/Qwen3-4B-Instruct-2507,cdbee75f17c01a7cc42f958dc650907174af0554
14,discovery,3,46,3,7,number_tokens,28.0,24.125,12.0,-12.125,True,True,Qwen/Qwen3-4B-Instruct-2507,cdbee75f17c01a7cc42f958dc650907174af0554
14,discovery,3,46,3,7,random_positions,28.0,24.125,24.0,-0.125,True,True,Qwen/Qwen3-4B-Instruct-2507,cdbee75f17c01a7cc42f958dc650907174af0554
14,discovery,3,46,3,8,answer_position,28.0,24.125,24.375,0.25,True,True,Qwen/Qwen3-4B-Instruct-2507,cdbee75f17c01a7cc42f958dc650907174af0554
14,discovery,3,46,3,8,number_tokens,28.0,24.125,13.75,-10.375,True,True,Qwen/Qwen3-4B-Instruct-2507,cdbee75f17c01a7cc42f958dc650907174af0554
14,discovery,3,46,3,8,random_positions,28.0,24.125,24.75,0.625,True,True,Qwen/Qwen3-4B-Instruct-2507,cdbee75f17c01a7cc42f958dc650907174af0554
14,discovery,3,46,3,9,answer_position,28.0,24.125,24.125,0.0,True,True,Qwen/Qwen3-4B-Instruct-2507,cdbee75f17c01a7cc42f958dc650907174af0554
14,discovery,3,46,3,9,number_tokens,28.0,24.125,-2.75,-26.875,True,False,Qwen/Qwen3-4B-Instruct-2507,cdbee75f17c01a7cc42f958dc650907174af0554
14,discovery,3,46,3,9,random_positions,28.0,24.125,24.625,0.5,True,True,Qwen/Qwen3-4B-Instruct-2507,cdbee75f17c01a7cc42f958dc650907174af0554
14,discovery,3,46,3,10,answer_position,28.0,24.125,24.25,0.125,True,True,Qwen/Qwen3-4B-Instruct-2507,cdbee75f17c01a7cc42f958dc650907174af0554
14,discovery,3,46,3,10,number_tokens,28.0,24.125,-5.0,-29.125,True,False,Qwen/Qwen3-4B-Instruct-2507,cdbee75f17c01a7cc42f958dc650907174af0554
14,discovery,3,46,3,10,random_positions,28.0,24.125,24.5,0.375,True,True,Qwen/Qwen3-4B-Instruct-2507,cdbee75f17c01a7cc42f958dc650907174af0554
14,discovery,3,46,3,11,answer_position,28.0,24.125,24.25,0.125,True,True,Qwen/Qwen3-4B-Instruct-2507,cdbee75f17c01a7cc42f958dc650907174af0554
14,discovery,3,46,3,11,number_tokens,28.0,24.125,-8.25,-32.375,True,False,Qwen/Qwen3-4B-Instruct-2507,cdbee75f17c01a7cc42f958dc650907174af0554
14,discovery,3,46,3,11,random_positions,28.0,24.125,24.625,0.5,True,True,Qwen/Qwen3-4B-Instruct-2507,cdbee75f17c01a7cc42f958dc650907174af0554
14,discovery,3,46,3,12,answer_position,28.0,24.125,24.25,0.125,True,True,Qwen/Qwen3-4B-Instruct-2507,cdbee75f17c01a7cc42f958dc650907174af0554
14,discovery,3,46,3,12,number_tokens,28.0,24.125,-2.0,-26.125,True,False,Qwen/Qwen3-4B-Instruct-2507,cdbee75f17c01a7cc42f958dc650907174af0554
14,discovery,3,46,3,12,random_positions,28.0,24.125,24.5,0.375,True,True,Qwen/Qwen3-4B-Instruct-2507,cdbee75f17c01a7cc42f958dc650907174af0554
14,discovery,3,46,3,13,answer_position,28.0,24.125,24.25,0.125,True,True,Qwen/Qwen3-4B-Instruct-2507,cdbee75f17c01a7cc42f958dc650907174af0554
14,discovery,3,46,3,13,number_tokens,28.0,24.125,15.0,-9.125,True,True,Qwen/Qwen3-4B-Instruct-2507,cdbee75f17c01a7cc42f958dc650907174af0554
14,discovery,3,46,3,13,random_positions,28.0,24.125,24.375,0.25,True,True,Qwen/Qwen3-4B-Instruct-2507,cdbee75f17c01a7cc42f958dc650907174af0554
14,discovery,3,46,3,14,answer_position,28.0,24.125,24.125,0.0,True,True,Qwen/Qwen3-4B-Instruct-2507,cdbee75f17c01a7cc42f958dc650907174af0554
14,discovery,3,46,3,14,number_tokens,28.0,24.125,22.0,-2.125,True,True,Qwen/Qwen3-4B-Instruct-2507,cdbee75f17c01a7cc42f958dc650907174af0554
14,discovery,3,46,3,14,random_positions,28.0,24.125,24.25,0.125,True,True,Qwen/Qwen3-4B-Instruct-2507,cdbee75f17c01a7cc42f958dc650907174af0554
14,discovery,3,46,3,15,answer_position,28.0,24.125,24.125,0.0,True,True,Qwen/Qwen3-4B-Instruct-2507,cdbee75f17c01a7cc42f958dc650907174af0554
14,discovery,3,46,3,15,number_tokens,28.0,24.125,25.5,1.375,True,True,Qwen/Qwen3-4B-Instruct-2507,cdbee75f17c01a7cc42f958dc650907174af0554
14,discovery,3,46,3,15,random_positions,28.0,24.125,24.625,0.5,True,True,Qwen/Qwen3-4B-Instruct-2507,cdbee75f17c01a7cc42f958dc650907174af0554
14,discovery,3,46,3,16,answer_position,28.0,24.125,24.0,-0.125,True,True,Qwen/Qwen3-4B-Instruct-2507,cdbee75f17c01a7cc42f958dc650907174af0554
14,discovery,3,46,3,16,number_tokens,28.0,24.125,25.5,1.375,True,True,Qwen/Qwen3-4B-Instruct-2507,cdbee75f17c01a7cc42f958dc650907174af0554
14,discovery,3,46,3,16,random_positions,28.0,24.125,24.5,0.375,True,True,Qwen/Qwen3-4B-Instruct-2507,cdbee75f17c01a7cc42f958dc650907174af0554
14,discovery,3,46,3,17,answer_position,28.0,24.125,24.25,0.125,True,True,Qwen/Qwen3-4B-Instruct-2507,cdbee75f17c01a7cc42f958dc650907174af0554
14,discovery,3,46,3,17,number_tokens,28.0,24.125,25.0,0.875,True,True,Qwen/Qwen3-4B-Instruct-2507,cdbee75f17c01a7cc42f958dc650907174af0554
14,discovery,3,46,3,17,random_positions,28.0,24.125,24.5,0.375,True,True,Qwen/Qwen3-4B-Instruct-2507,cdbee75f17c01a7cc42f958dc650907174af0554
14,discovery,3,46,3,18,answer_position,28.0,24.125,23.875,-0.25,True,True,Qwen/Qwen3-4B-Instruct-2507,cdbee75f17c01a7cc42f958dc650907174af0554
14,discovery,3,46,3,18,number_tokens,28.0,24.125,23.5,-0.625,True,True,Qwen/Qwen3-4B-Instruct-2507,cdbee75f17c01a7cc42f958dc650907174af0554
14,discovery,3,46,3,18,random_positions,28.0,24.125,24.75,0.625,True,True,Qwen/Qwen3-4B-Instruct-2507,cdbee75f17c01a7cc42f958dc650907174af0554
14,discovery,3,46,3,19,answer_position,28.0,24.125,24.75,0.625,True,True,Qwen/Qwen3-4B-Instruct-2507,cdbee75f17c01a7cc42f958dc650907174af0554
14,discovery,3,46,3,19,number_tokens,28.0,24.125,23.25,-0.875,True,True,Qwen/Qwen3-4B-Instruct-2507,cdbee75f17c01a7cc42f958dc650907174af0554
14,discovery,3,46,3,19,random_positions,28.0,24.125,25.0,0.875,True,True,Qwen/Qwen3-4B-Instruct-2507,cdbee75f17c01a7cc42f958dc650907174af0554
14,discovery,3,46,3,20,answer_position,28.0,24.125,25.25,1.125,True,True,Qwen/Qwen3-4B-Instruct-2507,cdbee75f17c01a7cc42f958dc650907174af0554
14,discovery,3,46,3,20,number_tokens,28.0,24.125,23.875,-0.25,True,True,Qwen/Qwen3-4B-Instruct-2507,cdbee75f17c01a7cc42f958dc650907174af0554
14,discovery,3,46,3,20,random_positions,28.0,24.125,24.625,0.5,True,True,Qwen/Qwen3-4B-Instruct-2507,cdbee75f17c01a7cc42f958dc650907174af0554
14,discovery,3,46,3,21,answer_position,28.0,24.125,26.75,2.625,True,True,Qwen/Qwen3-4B-Instruct-2507,cdbee75f17c01a7cc42f958dc650907174af0554
14,discovery,3,46,3,21,number_tokens,28.0,24.125,23.75,-0.375,True,True,Qwen/Qwen3-4B-Instruct-2507,cdbee75f17c01a7cc42f958dc650907174af0554
14,discovery,3,46,3,21,random_positions,28.0,24.125,24.625,0.5,True,True,Qwen/Qwen3-4B-Instruct-2507,cdbee75f17c01a7cc42f958dc650907174af0554
14,discovery,3,46,3,22,answer_position,28.0,24.125,26.625,2.5,True,True,Qwen/Qwen3-4B-Instruct-2507,cdbee75f17c01a7cc42f958dc650907174af0554
14,discovery,3,46,3,22,number_tokens,28.0,24.125,23.625,-0.5,True,True,Qwen/Qwen3-4B-Instruct-2507,cdbee75f17c01a7cc42f958dc650907174af0554
14,discovery,3,46,3,22,random_positions,28.0,24.125,24.5,0.375,True,True,Qwen/Qwen3-4B-Instruct-2507,cdbee75f17c01a7cc42f958dc650907174af0554
14,discovery,3,46,3,23,answer_position,28.0,24.125,26.75,2.625,True,True,Qwen/Qwen3-4B-Instruct-2507,cdbee75f17c01a7cc42f958dc650907174af0554
14,discovery,3,46,3,23,number_tokens,28.0,24.125,23.75,-0.375,True,True,Qwen/Qwen3-4B-Instruct-2507,cdbee75f17c01a7cc42f958dc650907174af0554
14,discovery,3,46,3,23,random_positions,28.0,24.125,24.5,0.375,True,True,Qwen/Qwen3-4B-Instruct-2507,cdbee75f17c01a7cc42f958dc650907174af0554
14,discovery,3,46,3,24,answer_position,28.0,24.125,27.75,3.625,True,True,Qwen/Qwen3-4B-Instruct-2507,cdbee75f17c01a7cc42f958dc650907174af0554
14,discovery,3,46,3,24,number_tokens,28.0,24.125,24.0,-0.125,True,True,Qwen/Qwen3-4B-Instruct-2507,cdbee75f17c01a7cc42f958dc650907174af0554
14,discovery,3,46,3,24,random_positions,28.0,24.125,24.125,0.0,True,True,Qwen/Qwen3-4B-Instruct-2507,cdbee75f17c01a7cc42f958dc650907174af0554
14,discovery,3,46,3,25,answer_position,28.0,24.125,27.375,3.25,True,True,Qwen/Qwen3-4B-Instruct-2507,cdbee75f17c01a7cc42f958dc650907174af0554
14,discovery,3,46,3,25,number_tokens,28.0,24.125,23.875,-0.25,True,True,Qwen/Qwen3-4B-Instruct-2507,cdbee75f17c01a7cc42f958dc650907174af0554
14,discovery,3,46,3,25,random_positions,28.0,24.125,24.25,0.125,True,True,Qwen/Qwen3-4B-Instruct-2507,cdbee75f17c01a7cc42f958dc650907174af0554
14,discovery,3,46,3,26,answer_position,28.0,24.125,27.625,3.5,True,True,Qwen/Qwen3-4B-Instruct-2507,cdbee75f17c01a7cc42f958dc650907174af0554
14,discovery,3,46,3,26,number_tokens,28.0,24.125,23.875,-0.25,True,True,Qwen/Qwen3-4B-Instruct-2507,cdbee75f17c01a7cc42f958dc650907174af0554
14,discovery,3,46,3,26,random_positions,28.0,24.125,24.125,0.0,True,True,Qwen/Qwen3-4B-Instruct-2507,cdbee75f17c01a7cc42f958dc650907174af0554
14,discovery,3,46,3,27,answer_position,28.0,24.125,27.5,3.375,True,True,Qwen/Qwen3-4B-Instruct-2507,cdbee75f17c01a7cc42f958dc650907174af0554
14,discovery,3,46,3,27,number_tokens,28.0,24.125,24.125,0.0,True,True,Qwen/Qwen3-4B-Instruct-2507,cdbee75f17c01a7cc42f958dc650907174af0554
14,discovery,3,46,3,27,random_positions,28.0,24.125,24.125,0.0,True,True,Qwen/Qwen3-4B-Instruct-2507,cdbee75f17c01a7cc42f958dc650907174af0554
14,discovery,3,46,3,28,answer_position,28.0,24.125,27.75,3.625,True,True,Qwen/Qwen3-4B-Instruct-2507,cdbee75f17c01a7cc42f958dc650907174af0554
14,discovery,3,46,3,28,number_tokens,28.0,24.125,24.0,-0.125,True,True,Qwen/Qwen3-4B-Instruct-2507,cdbee75f17c01a7cc42f958dc650907174af0554
14,discovery,3,46,3,28,random_positions,28.0,24.125,24.0,-0.125,True,True,Qwen/Qwen3-4B-Instruct-2507,cdbee75f17c01a7cc42f958dc650907174af0554
14,discovery,3,46,3,29,answer_position,28.0,24.125,27.625,3.5,True,True,Qwen/Qwen3-4B-Instruct-2507,cdbee75f17c01a7cc42f958dc650907174af0554
14,discovery,3,46,3,29,number_tokens,28.0,24.125,24.125,0.0,True,True,Qwen/Qwen3-4B-Instruct-2507,cdbee75f17c01a7cc42f958dc650907174af0554
14,discovery,3,46,3,29,random_positions,28.0,24.125,23.875,-0.25,True,True,Qwen/Qwen3-4B-Instruct-2507,cdbee75f17c01a7cc42f958dc650907174af0554
14,discovery,3,46,3,30,answer_position,28.0,24.125,27.625,3.5,True,True,Qwen/Qwen3-4B-Instruct-2507,cdbee75f17c01a7cc42f958dc650907174af0554
14,discovery,3,46,3,30,number_tokens,28.0,24.125,24.125,0.0,True,True,Qwen/Qwen3-4B-Instruct-2507,cdbee75f17c01a7cc42f958dc650907174af0554
14,discovery,3,46,3,30,random_positions,28.0,24.125,24.125,0.0,True,True,Qwen/Qwen3-4B-Instruct-2507,cdbee75f17c01a7cc42f958dc650907174af0554
14,discovery,3,46,3,31,answer_position,28.0,24.125,27.625,3.5,True,True,Qwen/Qwen3-4B-Instruct-2507,cdbee75f17c01a7cc42f958dc650907174af0554
14,discovery,3,46,3,31,number_tokens,28.0,24.125,24.125,0.0,True,True,Qwen/Qwen3-4B-Instruct-2507,cdbee75f17c01a7cc42f958dc650907174af0554
14,discovery,3,46,3,31,random_positions,28.0,24.125,24.125,0.0,True,True,Qwen/Qwen3-4B-Instruct-2507,cdbee75f17c01a7cc42f958dc650907174af0554
14,discovery,3,46,3,32,answer_position,28.0,24.125,27.5,3.375,True,True,Qwen/Qwen3-4B-Instruct-2507,cdbee75f17c01a7cc42f958dc650907174af0554
14,discovery,3,46,3,32,number_tokens,28.0,24.125,24.125,0.0,True,True,Qwen/Qwen3-4B-Instruct-2507,cdbee75f17c01a7cc42f958dc650907174af0554
14,discovery,3,46,3,32,random_positions,28.0,24.125,24.25,0.125,True,True,Qwen/Qwen3-4B-Instruct-2507,cdbee75f17c01a7cc42f958dc650907174af0554
14,discovery,3,46,3,33,answer_position,28.0,24.125,27.5,3.375,True,True,Qwen/Qwen3-4B-Instruct-2507,cdbee75f17c01a7cc42f958dc650907174af0554
14,discovery,3,46,3,33,number_tokens,28.0,24.125,24.125,0.0,True,True,Qwen/Qwen3-4B-Instruct-2507,cdbee75f17c01a7cc42f958dc650907174af0554
14,discovery,3,46,3,33,random_positions,28.0,24.125,24.125,0.0,True,True,Qwen/Qwen3-4B-Instruct-2507,cdbee75f17c01a7cc42f958dc650907174af0554
14,discovery,3,46,3,34,answer_position,28.0,24.125,27.875,3.75,True,True,Qwen/Qwen3-4B-Instruct-2507,cdbee75f17c01a7cc42f958dc650907174af0554
14,discovery,3,46,3,34,number_tokens,28.0,24.125,24.125,0.0,True,True,Qwen/Qwen3-4B-Instruct-2507,cdbee75f17c01a7cc42f958dc650907174af0554
14,discovery,3,46,3,34,random_positions,28.0,24.125,24.625,0.5,True,True,Qwen/Qwen3-4B-Instruct-2507,cdbee75f17c01a7cc42f958dc650907174af0554
14,discovery,3,46,3,35,answer_position,28.0,24.125,28.0,3.875,True,True,Qwen/Qwen3-4B-Instruct-2507,cdbee75f17c01a7cc42f958dc650907174af0554
14,discovery,3,46,3,35,number_tokens,28.0,24.125,24.125,0.0,True,True,Qwen/Qwen3-4B-Instruct-2507,cdbee75f17c01a7cc42f958dc650907174af0554
14,discovery,3,46,3,35,random_positions,28.0,24.125,24.125,0.0,True,True,Qwen/Qwen3-4B-Instruct-2507,cdbee75f17c01a7cc42f958dc650907174af0554
15,discovery,4,46,3,0,answer_position,27.75,23.625,23.75,0.125,True,True,Qwen/Qwen3-4B-Instruct-2507,cdbee75f17c01a7cc42f958dc650907174af0554
15,discovery,4,46,3,0,number_tokens,27.75,23.625,23.375,-0.25,True,True,Qwen/Qwen3-4B-Instruct-2507,cdbee75f17c01a7cc42f958dc650907174af0554
15,discovery,4,46,3,0,random_positions,27.75,23.625,23.625,0.0,True,True,Qwen/Qwen3-4B-Instruct-2507,cdbee75f17c01a7cc42f958dc650907174af0554
15,discovery,4,46,3,1,answer_position,27.75,23.625,23.5,-0.125,True,True,Qwen/Qwen3-4B-Instruct-2507,cdbee75f17c01a7cc42f958dc650907174af0554
15,discovery,4,46,3,1,number_tokens,27.75,23.625,24.125,0.5,True,True,Qwen/Qwen3-4B-Instruct-2507,cdbee75f17c01a7cc42f958dc650907174af0554
15,discovery,4,46,3,1,random_positions,27.75,23.625,23.375,-0.25,True,True,Qwen/Qwen3-4B-Instruct-2507,cdbee75f17c01a7cc42f958dc650907174af0554
15,discovery,4,46,3,2,answer_position,27.75,23.625,23.375,-0.25,True,True,Qwen/Qwen3-4B-Instruct-2507,cdbee75f17c01a7cc42f958dc650907174af0554
15,discovery,4,46,3,2,number_tokens,27.75,23.625,24.5,0.875,True,True,Qwen/Qwen3-4B-Instruct-2507,cdbee75f17c01a7cc42f958dc650907174af0554
15,discovery,4,46,3,2,random_positions,27.75,23.625,23.5,-0.125,True,True,Qwen/Qwen3-4B-Instruct-2507,cdbee75f17c01a7cc42f958dc650907174af0554
15,discovery,4,46,3,3,answer_position,27.75,23.625,23.375,-0.25,True,True,Qwen/Qwen3-4B-Instruct-2507,cdbee75f17c01a7cc42f958dc650907174af0554
15,discovery,4,46,3,3,number_tokens,27.75,23.625,22.75,-0.875,True,True,Qwen/Qwen3-4B-Instruct-2507,cdbee75f17c01a7cc42f958dc650907174af0554
15,discovery,4,46,3,3,random_positions,27.75,23.625,23.0,-0.625,True,True,Qwen/Qwen3-4B-Instruct-2507,cdbee75f17c01a7cc42f958dc650907174af0554
15,discovery,4,46,3,4,answer_position,27.75,23.625,23.625,0.0,True,True,Qwen/Qwen3-4B-Instruct-2507,cdbee75f17c01a7cc42f958dc650907174af0554
15,discovery,4,46,3,4,number_tokens,27.75,23.625,23.0,-0.625,True,True,Qwen/Qwen3-4B-Instruct-2507,cdbee75f17c01a7cc42f958dc650907174af0554
15,discovery,4,46,3,4,random_positions,27.75,23.625,23.375,-0.25,True,True,Qwen/Qwen3-4B-Instruct-2507,cdbee75f17c01a7cc42f958dc650907174af0554
15,discovery,4,46,3,5,answer_position,27.75,23.625,23.75,0.125,True,True,Qwen/Qwen3-4B-Instruct-2507,cdbee75f17c01a7cc42f958dc650907174af0554
15,discovery,4,46,3,5,number_tokens,27.75,23.625,22.0,-1.625,True,True,Qwen/Qwen3-4B-Instruct-2507,cdbee75f17c01a7cc42f958dc650907174af0554
15,discovery,4,46,3,5,random_positions,27.75,23.625,23.125,-0.5,True,True,Qwen/Qwen3-4B-Instruct-2507,cdbee75f17c01a7cc42f958dc650907174af0554
15,discovery,4,46,3,6,answer_position,27.75,23.625,23.5,-0.125,True,True,Qwen/Qwen3-4B-Instruct-2507,cdbee75f17c01a7cc42f958dc650907174af0554
15,discovery,4,46,3,6,number_tokens,27.75,23.625,22.75,-0.875,True,True,Qwen/Qwen3-4B-Instruct-2507,cdbee75f17c01a7cc42f958dc650907174af0554
15,discovery,4,46,3,6,random_positions,27.75,23.625,23.625,0.0,True,True,Qwen/Qwen3-4B-Instruct-2507,cdbee75f17c01a7cc42f958dc650907174af0554
15,discovery,4,46,3,7,answer_position,27.75,23.625,23.375,-0.25,True,True,Qwen/Qwen3-4B-Instruct-2507,cdbee75f17c01a7cc42f958dc650907174af0554
15,discovery,4,46,3,7,number_tokens,27.75,23.625,18.5,-5.125,True,True,Qwen/Qwen3-4B-Instruct-2507,cdbee75f17c01a7cc42f958dc650907174af0554
15,discovery,4,46,3,7,random_positions,27.75,23.625,23.375,-0.25,True,True,Qwen/Qwen3-4B-Instruct-2507,cdbee75f17c01a7cc42f958dc650907174af0554
15,discovery,4,46,3,8,answer_position,27.75,23.625,23.5,-0.125,True,True,Qwen/Qwen3-4B-Instruct-2507,cdbee75f17c01a7cc42f958dc650907174af0554
15,discovery,4,46,3,8,number_tokens,27.75,23.625,17.0,-6.625,True,True,Qwen/Qwen3-4B-Instruct-2507,cdbee75f17c01a7cc42f958dc650907174af0554
15,discovery,4,46,3,8,random_positions,27.75,23.625,23.375,-0.25,True,True,Qwen/Qwen3-4B-Instruct-2507,cdbee75f17c01a7cc42f958dc650907174af0554
15,discovery,4,46,3,9,answer_position,27.75,23.625,23.5,-0.125,True,True,Qwen/Qwen3-4B-Instruct-2507,cdbee75f17c01a7cc42f958dc650907174af0554
15,discovery,4,46,3,9,number_tokens,27.75,23.625,0.5,-23.125,True,True,Qwen/Qwen3-4B-Instruct-2507,cdbee75f17c01a7cc42f958dc650907174af0554
15,discovery,4,46,3,9,random_positions,27.75,23.625,23.75,0.125,True,True,Qwen/Qwen3-4B-Instruct-2507,cdbee75f17c01a7cc42f958dc650907174af0554
15,discovery,4,46,3,10,answer_position,27.75,23.625,23.375,-0.25,True,True,Qwen/Qwen3-4B-Instruct-2507,cdbee75f17c01a7cc42f958dc650907174af0554
15,discovery,4,46,3,10,number_tokens,27.75,23.625,-0.75,-24.375,True,False,Qwen/Qwen3-4B-Instruct-2507,cdbee75f17c01a7cc42f958dc650907174af0554
15,discovery,4,46,3,10,random_positions,27.75,23.625,23.875,0.25,True,True,Qwen/Qwen3-4B-Instruct-2507,cdbee75f17c01a7cc42f958dc650907174af0554
15,discovery,4,46,3,11,answer_position,27.75,23.625,23.375,-0.25,True,True,Qwen/Qwen3-4B-Instruct-2507,cdbee75f17c01a7cc42f958dc650907174af0554
15,discovery,4,46,3,11,number_tokens,27.75,23.625,-4.5,-28.125,True,False,Qwen/Qwen3-4B-Instruct-2507,cdbee75f17c01a7cc42f958dc650907174af0554
15,discovery,4,46,3,11,random_positions,27.75,23.625,23.375,-0.25,True,True,Qwen/Qwen3-4B-Instruct-2507,cdbee75f17c01a7cc42f958dc650907174af0554
15,discovery,4,46,3,12,answer_position,27.75,23.625,23.375,-0.25,True,True,Qwen/Qwen3-4B-Instruct-2507,cdbee75f17c01a7cc42f958dc650907174af0554
15,discovery,4,46,3,12,number_tokens,27.75,23.625,2.0,-21.625,True,True,Qwen/Qwen3-4B-Instruct-2507,cdbee75f17c01a7cc42f958dc650907174af0554
15,discovery,4,46,3,12,random_positions,27.75,23.625,23.625,0.0,True,True,Qwen/Qwen3-4B-Instruct-2507,cdbee75f17c01a7cc42f958dc650907174af0554
15,discovery,4,46,3,13,answer_position,27.75,23.625,23.375,-0.25,True,True,Qwen/Qwen3-4B-Instruct-2507,cdbee75f17c01a7cc42f958dc650907174af0554
15,discovery,4,46,3,13,number_tokens,27.75,23.625,14.75,-8.875,True,True,Qwen/Qwen3-4B-Instruct-2507,cdbee75f17c01a7cc42f958dc650907174af0554
15,discovery,4,46,3,13,random_positions,27.75,23.625,23.5,-0.125,True,True,Qwen/Qwen3-4B-Instruct-2507,cdbee75f17c01a7cc42f958dc650907174af0554
15,discovery,4,46,3,14,answer_position,27.75,23.625,23.5,-0.125,True,True,Qwen/Qwen3-4B-Instruct-2507,cdbee75f17c01a7cc42f958dc650907174af0554
15,discovery,4,46,3,14,number_tokens,27.75,23.625,21.5,-2.125,True,True,Qwen/Qwen3-4B-Instruct-2507,cdbee75f17c01a7cc42f958dc650907174af0554
15,discovery,4,46,3,14,random_positions,27.75,23.625,23.375,-0.25,True,True,Qwen/Qwen3-4B-Instruct-2507,cdbee75f17c01a7cc42f958dc650907174af0554
15,discovery,4,46,3,15,answer_position,27.75,23.625,23.5,-0.125,True,True,Qwen/Qwen3-4B-Instruct-2507,cdbee75f17c01a7cc42f958dc650907174af0554
15,discovery,4,46,3,15,number_tokens,27.75,23.625,25.375,1.75,True,True,Qwen/Qwen3-4B-Instruct-2507,cdbee75f17c01a7cc42f958dc650907174af0554
15,discovery,4,46,3,15,random_positions,27.75,23.625,23.5,-0.125,True,True,Qwen/Qwen3-4B-Instruct-2507,cdbee75f17c01a7cc42f958dc650907174af0554
15,discovery,4,46,3,16,answer_position,27.75,23.625,23.5,-0.125,True,True,Qwen/Qwen3-4B-Instruct-2507,cdbee75f17c01a7cc42f958dc650907174af0554
15,discovery,4,46,3,16,number_tokens,27.75,23.625,25.625,2.0,True,True,Qwen/Qwen3-4B-Instruct-2507,cdbee75f17c01a7cc42f958dc650907174af0554
15,discovery,4,46,3,16,random_positions,27.75,23.625,23.5,-0.125,True,True,Qwen/Qwen3-4B-Instruct-2507,cdbee75f17c01a7cc42f958dc650907174af0554
15,discovery,4,46,3,17,answer_position,27.75,23.625,23.375,-0.25,True,True,Qwen/Qwen3-4B-Instruct-2507,cdbee75f17c01a7cc42f958dc650907174af0554
15,discovery,4,46,3,17,number_tokens,27.75,23.625,24.75,1.125,True,True,Qwen/Qwen3-4B-Instruct-2507,cdbee75f17c01a7cc42f958dc650907174af0554
15,discovery,4,46,3,17,random_positions,27.75,23.625,23.25,-0.375,True,True,Qwen/Qwen3-4B-Instruct-2507,cdbee75f17c01a7cc42f958dc650907174af0554
15,discovery,4,46,3,18,answer_position,27.75,23.625,23.5,-0.125,True,True,Qwen/Qwen3-4B-Instruct-2507,cdbee75f17c01a7cc42f958dc650907174af0554
15,discovery,4,46,3,18,number_tokens,27.75,23.625,23.375,-0.25,True,True,Qwen/Qwen3-4B-Instruct-2507,cdbee75f17c01a7cc42f958dc650907174af0554
15,discovery,4,46,3,18,random_positions,27.75,23.625,23.625,0.0,True,True,Qwen/Qwen3-4B-Instruct-2507,cdbee75f17c01a7cc42f958dc650907174af0554
15,discovery,4,46,3,19,answer_position,27.75,23.625,24.5,0.875,True,True,Qwen/Qwen3-4B-Instruct-2507,cdbee75f17c01a7cc42f958dc650907174af0554
15,discovery,4,46,3,19,number_tokens,27.75,23.625,22.75,-0.875,True,True,Qwen/Qwen3-4B-Instruct-2507,cdbee75f17c01a7cc42f958dc650907174af0554
15,discovery,4,46,3,19,random_positions,27.75,23.625,24.375,0.75,True,True,Qwen/Qwen3-4B-Instruct-2507,cdbee75f17c01a7cc42f958dc650907174af0554
15,discovery,4,46,3,20,answer_position,27.75,23.625,24.5,0.875,True,True,Qwen/Qwen3-4B-Instruct-2507,cdbee75f17c01a7cc42f958dc650907174af0554
15,discovery,4,46,3,20,number_tokens,27.75,23.625,23.5,-0.125,True,True,Qwen/Qwen3-4B-Instruct-2507,cdbee75f17c01a7cc42f958dc650907174af0554
15,discovery,4,46,3,20,random_positions,27.75,23.625,23.75,0.125,True,True,Qwen/Qwen3-4B-Instruct-2507,cdbee75f17c01a7cc42f958dc650907174af0554
15,discovery,4,46,3,21,answer_position,27.75,23.625,26.5,2.875,True,True,Qwen/Qwen3-4B-Instruct-2507,cdbee75f17c01a7cc42f958dc650907174af0554
15,discovery,4,46,3,21,number_tokens,27.75,23.625,23.25,-0.375,True,True,Qwen/Qwen3-4B-Instruct-2507,cdbee75f17c01a7cc42f958dc650907174af0554
15,discovery,4,46,3,21,random_positions,27.75,23.625,24.0,0.375,True,True,Qwen/Qwen3-4B-Instruct-2507,cdbee75f17c01a7cc42f958dc650907174af0554
15,discovery,4,46,3,22,answer_position,27.75,23.625,26.375,2.75,True,True,Qwen/Qwen3-4B-Instruct-2507,cdbee75f17c01a7cc42f958dc650907174af0554
15,discovery,4,46,3,22,number_tokens,27.75,23.625,23.25,-0.375,True,True,Qwen/Qwen3-4B-Instruct-2507,cdbee75f17c01a7cc42f958dc650907174af0554
15,discovery,4,46,3,22,random_positions,27.75,23.625,23.5,-0.125,True,True,Qwen/Qwen3-4B-Instruct-2507,cdbee75f17c01a7cc42f958dc650907174af0554
15,discovery,4,46,3,23,answer_position,27.75,23.625,26.5,2.875,True,True,Qwen/Qwen3-4B-Instruct-2507,cdbee75f17c01a7cc42f958dc650907174af0554
15,discovery,4,46,3,23,number_tokens,27.75,23.625,23.5,-0.125,True,True,Qwen/Qwen3-4B-Instruct-2507,cdbee75f17c01a7cc42f958dc650907174af0554
15,discovery,4,46,3,23,random_positions,27.75,23.625,23.5,-0.125,True,True,Qwen/Qwen3-4B-Instruct-2507,cdbee75f17c01a7cc42f958dc650907174af0554
15,discovery,4,46,3,24,answer_position,27.75,23.625,27.0,3.375,True,True,Qwen/Qwen3-4B-Instruct-2507,cdbee75f17c01a7cc42f958dc650907174af0554
15,discovery,4,46,3,24,number_tokens,27.75,23.625,23.25,-0.375,True,True,Qwen/Qwen3-4B-Instruct-2507,cdbee75f17c01a7cc42f958dc650907174af0554
15,discovery,4,46,3,24,random_positions,27.75,23.625,23.625,0.0,True,True,Qwen/Qwen3-4B-Instruct-2507,cdbee75f17c01a7cc42f958dc650907174af0554
15,discovery,4,46,3,25,answer_position,27.75,23.625,26.875,3.25,True,True,Qwen/Qwen3-4B-Instruct-2507,cdbee75f17c01a7cc42f958dc650907174af0554
15,discovery,4,46,3,25,number_tokens,27.75,23.625,23.5,-0.125,True,True,Qwen/Qwen3-4B-Instruct-2507,cdbee75f17c01a7cc42f958dc650907174af0554
15,discovery,4,46,3,25,random_positions,27.75,23.625,23.75,0.125,True,True,Qwen/Qwen3-4B-Instruct-2507,cdbee75f17c01a7cc42f958dc650907174af0554
15,discovery,4,46,3,26,answer_position,27.75,23.625,27.0,3.375,True,True,Qwen/Qwen3-4B-Instruct-2507,cdbee75f17c01a7cc42f958dc650907174af0554
15,discovery,4,46,3,26,number_tokens,27.75,23.625,23.5,-0.125,True,True,Qwen/Qwen3-4B-Instruct-2507,cdbee75f17c01a7cc42f958dc650907174af0554
15,discovery,4,46,3,26,random_positions,27.75,23.625,23.375,-0.25,True,True,Qwen/Qwen3-4B-Instruct-2507,cdbee75f17c01a7cc42f958dc650907174af0554
15,discovery,4,46,3,27,answer_position,27.75,23.625,26.875,3.25,True,True,Qwen/Qwen3-4B-Instruct-2507,cdbee75f17c01a7cc42f958dc650907174af0554
15,discovery,4,46,3,27,number_tokens,27.75,23.625,23.625,0.0,True,True,Qwen/Qwen3-4B-Instruct-2507,cdbee75f17c01a7cc42f958dc650907174af0554
15,discovery,4,46,3,27,random_positions,27.75,23.625,23.375,-0.25,True,True,Qwen/Qwen3-4B-Instruct-2507,cdbee75f17c01a7cc42f958dc650907174af0554
15,discovery,4,46,3,28,answer_position,27.75,23.625,27.25,3.625,True,True,Qwen/Qwen3-4B-Instruct-2507,cdbee75f17c01a7cc42f958dc650907174af0554
15,discovery,4,46,3,28,number_tokens,27.75,23.625,23.5,-0.125,True,True,Qwen/Qwen3-4B-Instruct-2507,cdbee75f17c01a7cc42f958dc650907174af0554
15,discovery,4,46,3,28,random_positions,27.75,23.625,23.375,-0.25,True,True,Qwen/Qwen3-4B-Instruct-2507,cdbee75f17c01a7cc42f958dc650907174af0554
15,discovery,4,46,3,29,answer_position,27.75,23.625,26.875,3.25,True,True,Qwen/Qwen3-4B-Instruct-2507,cdbee75f17c01a7cc42f958dc650907174af0554
15,discovery,4,46,3,29,number_tokens,27.75,23.625,23.5,-0.125,True,True,Qwen/Qwen3-4B-Instruct-2507,cdbee75f17c01a7cc42f958dc650907174af0554
15,discovery,4,46,3,29,random_positions,27.75,23.625,23.25,-0.375,True,True,Qwen/Qwen3-4B-Instruct-2507,cdbee75f17c01a7cc42f958dc650907174af0554
15,discovery,4,46,3,30,answer_position,27.75,23.625,27.25,3.625,True,True,Qwen/Qwen3-4B-Instruct-2507,cdbee75f17c01a7cc42f958dc650907174af0554
15,discovery,4,46,3,30,number_tokens,27.75,23.625,23.5,-0.125,True,True,Qwen/Qwen3-4B-Instruct-2507,cdbee75f17c01a7cc42f958dc650907174af0554
15,discovery,4,46,3,30,random_positions,27.75,23.625,23.25,-0.375,True,True,Qwen/Qwen3-4B-Instruct-2507,cdbee75f17c01a7cc42f958dc650907174af0554
15,discovery,4,46,3,31,answer_position,27.75,23.625,27.0,3.375,True,True,Qwen/Qwen3-4B-Instruct-2507,cdbee75f17c01a7cc42f958dc650907174af0554
15,discovery,4,46,3,31,number_tokens,27.75,23.625,23.625,0.0,True,True,Qwen/Qwen3-4B-Instruct-2507,cdbee75f17c01a7cc42f958dc650907174af0554
15,discovery,4,46,3,31,random_positions,27.75,23.625,23.5,-0.125,True,True,Qwen/Qwen3-4B-Instruct-2507,cdbee75f17c01a7cc42f958dc650907174af0554
15,discovery,4,46,3,32,answer_position,27.75,23.625,27.125,3.5,True,True,Qwen/Qwen3-4B-Instruct-2507,cdbee75f17c01a7cc42f958dc650907174af0554
15,discovery,4,46,3,32,number_tokens,27.75,23.625,23.5,-0.125,True,True,Qwen/Qwen3-4B-Instruct-2507,cdbee75f17c01a7cc42f958dc650907174af0554
15,discovery,4,46,3,32,random_positions,27.75,23.625,23.25,-0.375,True,True,Qwen/Qwen3-4B-Instruct-2507,cdbee75f17c01a7cc42f958dc650907174af0554
15,discovery,4,46,3,33,answer_position,27.75,23.625,27.125,3.5,True,True,Qwen/Qwen3-4B-Instruct-2507,cdbee75f17c01a7cc42f958dc650907174af0554
15,discovery,4,46,3,33,number_tokens,27.75,23.625,23.5,-0.125,True,True,Qwen/Qwen3-4B-Instruct-2507,cdbee75f17c01a7cc42f958dc650907174af0554
15,discovery,4,46,3,33,random_positions,27.75,23.625,23.25,-0.375,True,True,Qwen/Qwen3-4B-Instruct-2507,cdbee75f17c01a7cc42f958dc650907174af0554
15,discovery,4,46,3,34,answer_position,27.75,23.625,27.375,3.75,True,True,Qwen/Qwen3-4B-Instruct-2507,cdbee75f17c01a7cc42f958dc650907174af0554
15,discovery,4,46,3,34,number_tokens,27.75,23.625,23.625,0.0,True,True,Qwen/Qwen3-4B-Instruct-2507,cdbee75f17c01a7cc42f958dc650907174af0554
15,discovery,4,46,3,34,random_positions,27.75,23.625,23.5,-0.125,True,True,Qwen/Qwen3-4B-Instruct-2507,cdbee75f17c01a7cc42f958dc650907174af0554
15,discovery,4,46,3,35,answer_position,27.75,23.625,27.75,4.125,True,True,Qwen/Qwen3-4B-Instruct-2507,cdbee75f17c01a7cc42f958dc650907174af0554
15,discovery,4,46,3,35,number_tokens,27.75,23.625,23.625,0.0,True,True,Qwen/Qwen3-4B-Instruct-2507,cdbee75f17c01a7cc42f958dc650907174af0554
15,discovery,4,46,3,35,random_positions,27.75,23.625,23.625,0.0,True,True,Qwen/Qwen3-4B-Instruct-2507,cdbee75f17c01a7cc42f958dc650907174af0554
16,discovery,4,47,4,0,answer_position,27.625,23.875,24.0,0.125,True,True,Qwen/Qwen3-4B-Instruct-2507,cdbee75f17c01a7cc42f958dc650907174af0554
16,discovery,4,47,4,0,number_tokens,27.625,23.875,24.0,0.125,True,True,Qwen/Qwen3-4B-Instruct-2507,cdbee75f17c01a7cc42f958dc650907174af0554
16,discovery,4,47,4,0,random_positions,27.625,23.875,24.375,0.5,True,True,Qwen/Qwen3-4B-Instruct-2507,cdbee75f17c01a7cc42f958dc650907174af0554
16,discovery,4,47,4,1,answer_position,27.625,23.875,23.875,0.0,True,True,Qwen/Qwen3-4B-Instruct-2507,cdbee75f17c01a7cc42f958dc650907174af0554
16,discovery,4,47,4,1,number_tokens,27.625,23.875,24.125,0.25,True,True,Qwen/Qwen3-4B-Instruct-2507,cdbee75f17c01a7cc42f958dc650907174af0554
16,discovery,4,47,4,1,random_positions,27.625,23.875,24.0,0.125,True,True,Qwen/Qwen3-4B-Instruct-2507,cdbee75f17c01a7cc42f958dc650907174af0554
16,discovery,4,47,4,2,answer_position,27.625,23.875,24.125,0.25,True,True,Qwen/Qwen3-4B-Instruct-2507,cdbee75f17c01a7cc42f958dc650907174af0554
16,discovery,4,47,4,2,number_tokens,27.625,23.875,24.375,0.5,True,True,Qwen/Qwen3-4B-Instruct-2507,cdbee75f17c01a7cc42f958dc650907174af0554
16,discovery,4,47,4,2,random_positions,27.625,23.875,24.0,0.125,True,True,Qwen/Qwen3-4B-Instruct-2507,cdbee75f17c01a7cc42f958dc650907174af0554
16,discovery,4,47,4,3,answer_position,27.625,23.875,23.875,0.0,True,True,Qwen/Qwen3-4B-Instruct-2507,cdbee75f17c01a7cc42f958dc650907174af0554
16,discovery,4,47,4,3,number_tokens,27.625,23.875,23.5,-0.375,True,True,Qwen/Qwen3-4B-Instruct-2507,cdbee75f17c01a7cc42f958dc650907174af0554
16,discovery,4,47,4,3,random_positions,27.625,23.875,24.25,0.375,True,True,Qwen/Qwen3-4B-Instruct-2507,cdbee75f17c01a7cc42f958dc650907174af0554
16,discovery,4,47,4,4,answer_position,27.625,23.875,23.875,0.0,True,True,Qwen/Qwen3-4B-Instruct-2507,cdbee75f17c01a7cc42f958dc650907174af0554
16,discovery,4,47,4,4,number_tokens,27.625,23.875,23.5,-0.375,True,True,Qwen/Qwen3-4B-Instruct-2507,cdbee75f17c01a7cc42f958dc650907174af0554
16,discovery,4,47,4,4,random_positions,27.625,23.875,24.375,0.5,True,True,Qwen/Qwen3-4B-Instruct-2507,cdbee75f17c01a7cc42f958dc650907174af0554
16,discovery,4,47,4,5,answer_position,27.625,23.875,23.875,0.0,True,True,Qwen/Qwen3-4B-Instruct-2507,cdbee75f17c01a7cc42f958dc650907174af0554
16,discovery,4,47,4,5,number_tokens,27.625,23.875,23.0,-0.875,True,True,Qwen/Qwen3-4B-Instruct-2507,cdbee75f17c01a7cc42f958dc650907174af0554
16,discovery,4,47,4,5,random_positions,27.625,23.875,25.0,1.125,True,True,Qwen/Qwen3-4B-Instruct-2507,cdbee75f17c01a7cc42f958dc650907174af0554
16,discovery,4,47,4,6,answer_position,27.625,23.875,23.875,0.0,True,True,Qwen/Qwen3-4B-Instruct-2507,cdbee75f17c01a7cc42f958dc650907174af0554
16,discovery,4,47,4,6,number_tokens,27.625,23.875,22.75,-1.125,True,True,Qwen/Qwen3-4B-Instruct-2507,cdbee75f17c01a7cc42f958dc650907174af0554
16,discovery,4,47,4,6,random_positions,27.625,23.875,24.125,0.25,True,True,Qwen/Qwen3-4B-Instruct-2507,cdbee75f17c01a7cc42f958dc650907174af0554
16,discovery,4,47,4,7,answer_position,27.625,23.875,24.125,0.25,True,True,Qwen/Qwen3-4B-Instruct-2507,cdbee75f17c01a7cc42f958dc650907174af0554
16,discovery,4,47,4,7,number_tokens,27.625,23.875,11.25,-12.625,True,True,Qwen/Qwen3-4B-Instruct-2507,cdbee75f17c01a7cc42f958dc650907174af0554
16,discovery,4,47,4,7,random_positions,27.625,23.875,24.5,0.625,True,True,Qwen/Qwen3-4B-Instruct-2507,cdbee75f17c01a7cc42f958dc650907174af0554
16,discovery,4,47,4,8,answer_position,27.625,23.875,24.125,0.25,True,True,Qwen/Qwen3-4B-Instruct-2507,cdbee75f17c01a7cc42f958dc650907174af0554
16,discovery,4,47,4,8,number_tokens,27.625,23.875,13.0,-10.875,True,True,Qwen/Qwen3-4B-Instruct-2507,cdbee75f17c01a7cc42f958dc650907174af0554
16,discovery,4,47,4,8,random_positions,27.625,23.875,24.875,1.0,True,True,Qwen/Qwen3-4B-Instruct-2507,cdbee75f17c01a7cc42f958dc650907174af0554
16,discovery,4,47,4,9,answer_position,27.625,23.875,24.125,0.25,True,True,Qwen/Qwen3-4B-Instruct-2507,cdbee75f17c01a7cc42f958dc650907174af0554
16,discovery,4,47,4,9,number_tokens,27.625,23.875,5.25,-18.625,True,True,Qwen/Qwen3-4B-Instruct-2507,cdbee75f17c01a7cc42f958dc650907174af0554
16,discovery,4,47,4,9,random_positions,27.625,23.875,25.5,1.625,True,True,Qwen/Qwen3-4B-Instruct-2507,cdbee75f17c01a7cc42f958dc650907174af0554
16,discovery,4,47,4,10,answer_position,27.625,23.875,24.125,0.25,True,True,Qwen/Qwen3-4B-Instruct-2507,cdbee75f17c01a7cc42f958dc650907174af0554
16,discovery,4,47,4,10,number_tokens,27.625,23.875,4.0,-19.875,True,True,Qwen/Qwen3-4B-Instruct-2507,cdbee75f17c01a7cc42f958dc650907174af0554
16,discovery,4,47,4,10,random_positions,27.625,23.875,26.0,2.125,True,True,Qwen/Qwen3-4B-Instruct-2507,cdbee75f17c01a7cc42f958dc650907174af0554
16,discovery,4,47,4,11,answer_position,27.625,23.875,23.875,0.0,True,True,Qwen/Qwen3-4B-Instruct-2507,cdbee75f17c01a7cc42f958dc650907174af0554
16,discovery,4,47,4,11,number_tokens,27.625,23.875,-2.0,-25.875,True,False,Qwen/Qwen3-4B-Instruct-2507,cdbee75f17c01a7cc42f958dc650907174af0554
16,discovery,4,47,4,11,random_positions,27.625,23.875,26.0,2.125,True,True,Qwen/Qwen3-4B-Instruct-2507,cdbee75f17c01a7cc42f958dc650907174af0554
16,discovery,4,47,4,12,answer_position,27.625,23.875,24.125,0.25,True,True,Qwen/Qwen3-4B-Instruct-2507,cdbee75f17c01a7cc42f958dc650907174af0554
16,discovery,4,47,4,12,number_tokens,27.625,23.875,6.25,-17.625,True,True,Qwen/Qwen3-4B-Instruct-2507,cdbee75f17c01a7cc42f958dc650907174af0554
16,discovery,4,47,4,12,random_positions,27.625,23.875,24.625,0.75,True,True,Qwen/Qwen3-4B-Instruct-2507,cdbee75f17c01a7cc42f958dc650907174af0554
16,discovery,4,47,4,13,answer_position,27.625,23.875,23.875,0.0,True,True,Qwen/Qwen3-4B-Instruct-2507,cdbee75f17c01a7cc42f958dc650907174af0554
16,discovery,4,47,4,13,number_tokens,27.625,23.875,16.75,-7.125,True,True,Qwen/Qwen3-4B-Instruct-2507,cdbee75f17c01a7cc42f958dc650907174af0554
16,discovery,4,47,4,13,random_positions,27.625,23.875,24.5,0.625,True,True,Qwen/Qwen3-4B-Instruct-2507,cdbee75f17c01a7cc42f958dc650907174af0554
16,discovery,4,47,4,14,answer_position,27.625,23.875,23.875,0.0,True,True,Qwen/Qwen3-4B-Instruct-2507,cdbee75f17c01a7cc42f958dc650907174af0554
16,discovery,4,47,4,14,number_tokens,27.625,23.875,22.5,-1.375,True,True,Qwen/Qwen3-4B-Instruct-2507,cdbee75f17c01a7cc42f958dc650907174af0554
16,discovery,4,47,4,14,random_positions,27.625,23.875,26.875,3.0,True,True,Qwen/Qwen3-4B-Instruct-2507,cdbee75f17c01a7cc42f958dc650907174af0554
16,discovery,4,47,4,15,answer_position,27.625,23.875,23.75,-0.125,True,True,Qwen/Qwen3-4B-Instruct-2507,cdbee75f17c01a7cc42f958dc650907174af0554
16,discovery,4,47,4,15,number_tokens,27.625,23.875,25.625,1.75,True,True,Qwen/Qwen3-4B-Instruct-2507,cdbee75f17c01a7cc42f958dc650907174af0554
16,discovery,4,47,4,15,random_positions,27.625,23.875,27.25,3.375,True,True,Qwen/Qwen3-4B-Instruct-2507,cdbee75f17c01a7cc42f958dc650907174af0554
16,discovery,4,47,4,16,answer_position,27.625,23.875,24.0,0.125,True,True,Qwen/Qwen3-4B-Instruct-2507,cdbee75f17c01a7cc42f958dc650907174af0554
16,discovery,4,47,4,16,number_tokens,27.625,23.875,25.625,1.75,True,True,Qwen/Qwen3-4B-Instruct-2507,cdbee75f17c01a7cc42f958dc650907174af0554
16,discovery,4,47,4,16,random_positions,27.625,23.875,27.75,3.875,True,True,Qwen/Qwen3-4B-Instruct-2507,cdbee75f17c01a7cc42f958dc650907174af0554
16,discovery,4,47,4,17,answer_position,27.625,23.875,23.75,-0.125,True,True,Qwen/Qwen3-4B-Instruct-2507,cdbee75f17c01a7cc42f958dc650907174af0554
16,discovery,4,47,4,17,number_tokens,27.625,23.875,24.75,0.875,True,True,Qwen/Qwen3-4B-Instruct-2507,cdbee75f17c01a7cc42f958dc650907174af0554
16,discovery,4,47,4,17,random_positions,27.625,23.875,27.375,3.5,True,True,Qwen/Qwen3-4B-Instruct-2507,cdbee75f17c01a7cc42f958dc650907174af0554
16,discovery,4,47,4,18,answer_position,27.625,23.875,24.0,0.125,True,True,Qwen/Qwen3-4B-Instruct-2507,cdbee75f17c01a7cc42f958dc650907174af0554
16,discovery,4,47,4,18,number_tokens,27.625,23.875,23.875,0.0,True,True,Qwen/Qwen3-4B-Instruct-2507,cdbee75f17c01a7cc42f958dc650907174af0554
16,discovery,4,47,4,18,random_positions,27.625,23.875,27.0,3.125,True,True,Qwen/Qwen3-4B-Instruct-2507,cdbee75f17c01a7cc42f958dc650907174af0554
16,discovery,4,47,4,19,answer_position,27.625,23.875,24.75,0.875,True,True,Qwen/Qwen3-4B-Instruct-2507,cdbee75f17c01a7cc42f958dc650907174af0554
16,discovery,4,47,4,19,number_tokens,27.625,23.875,23.5,-0.375,True,True,Qwen/Qwen3-4B-Instruct-2507,cdbee75f17c01a7cc42f958dc650907174af0554
16,discovery,4,47,4,19,random_positions,27.625,23.875,26.0,2.125,True,True,Qwen/Qwen3-4B-Instruct-2507,cdbee75f17c01a7cc42f958dc650907174af0554
16,discovery,4,47,4,20,answer_position,27.625,23.875,24.75,0.875,True,True,Qwen/Qwen3-4B-Instruct-2507,cdbee75f17c01a7cc42f958dc650907174af0554
16,discovery,4,47,4,20,number_tokens,27.625,23.875,24.0,0.125,True,True,Qwen/Qwen3-4B-Instruct-2507,cdbee75f17c01a7cc42f958dc650907174af0554
16,discovery,4,47,4,20,random_positions,27.625,23.875,25.625,1.75,True,True,Qwen/Qwen3-4B-Instruct-2507,cdbee75f17c01a7cc42f958dc650907174af0554
16,discovery,4,47,4,21,answer_position,27.625,23.875,26.625,2.75,True,True,Qwen/Qwen3-4B-Instruct-2507,cdbee75f17c01a7cc42f958dc650907174af0554
16,discovery,4,47,4,21,number_tokens,27.625,23.875,23.875,0.0,True,True,Qwen/Qwen3-4B-Instruct-2507,cdbee75f17c01a7cc42f958dc650907174af0554
16,discovery,4,47,4,21,random_positions,27.625,23.875,24.125,0.25,True,True,Qwen/Qwen3-4B-Instruct-2507,cdbee75f17c01a7cc42f958dc650907174af0554
16,discovery,4,47,4,22,answer_position,27.625,23.875,26.75,2.875,True,True,Qwen/Qwen3-4B-Instruct-2507,cdbee75f17c01a7cc42f958dc650907174af0554
16,discovery,4,47,4,22,number_tokens,27.625,23.875,23.75,-0.125,True,True,Qwen/Qwen3-4B-Instruct-2507,cdbee75f17c01a7cc42f958dc650907174af0554
16,discovery,4,47,4,22,random_positions,27.625,23.875,24.25,0.375,True,True,Qwen/Qwen3-4B-Instruct-2507,cdbee75f17c01a7cc42f958dc650907174af0554
16,discovery,4,47,4,23,answer_position,27.625,23.875,26.5,2.625,True,True,Qwen/Qwen3-4B-Instruct-2507,cdbee75f17c01a7cc42f958dc650907174af0554
16,discovery,4,47,4,23,number_tokens,27.625,23.875,23.75,-0.125,True,True,Qwen/Qwen3-4B-Instruct-2507,cdbee75f17c01a7cc42f958dc650907174af0554
16,discovery,4,47,4,23,random_positions,27.625,23.875,24.875,1.0,True,True,Qwen/Qwen3-4B-Instruct-2507,cdbee75f17c01a7cc42f958dc650907174af0554
16,discovery,4,47,4,24,answer_position,27.625,23.875,27.375,3.5,True,True,Qwen/Qwen3-4B-Instruct-2507,cdbee75f17c01a7cc42f958dc650907174af0554
16,discovery,4,47,4,24,number_tokens,27.625,23.875,23.875,0.0,True,True,Qwen/Qwen3-4B-Instruct-2507,cdbee75f17c01a7cc42f958dc650907174af0554
16,discovery,4,47,4,24,random_positions,27.625,23.875,24.625,0.75,True,True,Qwen/Qwen3-4B-Instruct-2507,cdbee75f17c01a7cc42f958dc650907174af0554
16,discovery,4,47,4,25,answer_position,27.625,23.875,27.125,3.25,True,True,Qwen/Qwen3-4B-Instruct-2507,cdbee75f17c01a7cc42f958dc650907174af0554
16,discovery,4,47,4,25,number_tokens,27.625,23.875,23.875,0.0,True,True,Qwen/Qwen3-4B-Instruct-2507,cdbee75f17c01a7cc42f958dc650907174af0554
16,discovery,4,47,4,25,random_positions,27.625,23.875,24.75,0.875,True,True,Qwen/Qwen3-4B-Instruct-2507,cdbee75f17c01a7cc42f958dc650907174af0554
16,discovery,4,47,4,26,answer_position,27.625,23.875,27.25,3.375,True,True,Qwen/Qwen3-4B-Instruct-2507,cdbee75f17c01a7cc42f958dc650907174af0554
16,discovery,4,47,4,26,number_tokens,27.625,23.875,23.875,0.0,True,True,Qwen/Qwen3-4B-Instruct-2507,cdbee75f17c01a7cc42f958dc650907174af0554
16,discovery,4,47,4,26,random_positions,27.625,23.875,24.75,0.875,True,True,Qwen/Qwen3-4B-Instruct-2507,cdbee75f17c01a7cc42f958dc650907174af0554
16,discovery,4,47,4,27,answer_position,27.625,23.875,27.0,3.125,True,True,Qwen/Qwen3-4B-Instruct-2507,cdbee75f17c01a7cc42f958dc650907174af0554
16,discovery,4,47,4,27,number_tokens,27.625,23.875,23.875,0.0,True,True,Qwen/Qwen3-4B-Instruct-2507,cdbee75f17c01a7cc42f958dc650907174af0554
16,discovery,4,47,4,27,random_positions,27.625,23.875,24.625,0.75,True,True,Qwen/Qwen3-4B-Instruct-2507,cdbee75f17c01a7cc42f958dc650907174af0554
16,discovery,4,47,4,28,answer_position,27.625,23.875,27.375,3.5,True,True,Qwen/Qwen3-4B-Instruct-2507,cdbee75f17c01a7cc42f958dc650907174af0554
16,discovery,4,47,4,28,number_tokens,27.625,23.875,24.125,0.25,True,True,Qwen/Qwen3-4B-Instruct-2507,cdbee75f17c01a7cc42f958dc650907174af0554
16,discovery,4,47,4,28,random_positions,27.625,23.875,24.625,0.75,True,True,Qwen/Qwen3-4B-Instruct-2507,cdbee75f17c01a7cc42f958dc650907174af0554
16,discovery,4,47,4,29,answer_position,27.625,23.875,27.25,3.375,True,True,Qwen/Qwen3-4B-Instruct-2507,cdbee75f17c01a7cc42f958dc650907174af0554
16,discovery,4,47,4,29,number_tokens,27.625,23.875,23.875,0.0,True,True,Qwen/Qwen3-4B-Instruct-2507,cdbee75f17c01a7cc42f958dc650907174af0554
16,discovery,4,47,4,29,random_positions,27.625,23.875,24.625,0.75,True,True,Qwen/Qwen3-4B-Instruct-2507,cdbee75f17c01a7cc42f958dc650907174af0554
16,discovery,4,47,4,30,answer_position,27.625,23.875,27.25,3.375,True,True,Qwen/Qwen3-4B-Instruct-2507,cdbee75f17c01a7cc42f958dc650907174af0554
16,discovery,4,47,4,30,number_tokens,27.625,23.875,23.875,0.0,True,True,Qwen/Qwen3-4B-Instruct-2507,cdbee75f17c01a7cc42f958dc650907174af0554
16,discovery,4,47,4,30,random_positions,27.625,23.875,24.375,0.5,True,True,Qwen/Qwen3-4B-Instruct-2507,cdbee75f17c01a7cc42f958dc650907174af0554
16,discovery,4,47,4,31,answer_position,27.625,23.875,27.375,3.5,True,True,Qwen/Qwen3-4B-Instruct-2507,cdbee75f17c01a7cc42f958dc650907174af0554
16,discovery,4,47,4,31,number_tokens,27.625,23.875,23.875,0.0,True,True,Qwen/Qwen3-4B-Instruct-2507,cdbee75f17c01a7cc42f958dc650907174af0554
16,discovery,4,47,4,31,random_positions,27.625,23.875,24.375,0.5,True,True,Qwen/Qwen3-4B-Instruct-2507,cdbee75f17c01a7cc42f958dc650907174af0554
16,discovery,4,47,4,32,answer_position,27.625,23.875,27.125,3.25,True,True,Qwen/Qwen3-4B-Instruct-2507,cdbee75f17c01a7cc42f958dc650907174af0554
16,discovery,4,47,4,32,number_tokens,27.625,23.875,23.875,0.0,True,True,Qwen/Qwen3-4B-Instruct-2507,cdbee75f17c01a7cc42f958dc650907174af0554
16,discovery,4,47,4,32,random_positions,27.625,23.875,24.375,0.5,True,True,Qwen/Qwen3-4B-Instruct-2507,cdbee75f17c01a7cc42f958dc650907174af0554
16,discovery,4,47,4,33,answer_position,27.625,23.875,27.0,3.125,True,True,Qwen/Qwen3-4B-Instruct-2507,cdbee75f17c01a7cc42f958dc650907174af0554
16,discovery,4,47,4,33,number_tokens,27.625,23.875,23.875,0.0,True,True,Qwen/Qwen3-4B-Instruct-2507,cdbee75f17c01a7cc42f958dc650907174af0554
16,discovery,4,47,4,33,random_positions,27.625,23.875,24.5,0.625,True,True,Qwen/Qwen3-4B-Instruct-2507,cdbee75f17c01a7cc42f958dc650907174af0554
16,discovery,4,47,4,34,answer_position,27.625,23.875,27.25,3.375,True,True,Qwen/Qwen3-4B-Instruct-2507,cdbee75f17c01a7cc42f958dc650907174af0554
16,discovery,4,47,4,34,number_tokens,27.625,23.875,24.0,0.125,True,True,Qwen/Qwen3-4B-Instruct-2507,cdbee75f17c01a7cc42f958dc650907174af0554
16,discovery,4,47,4,34,random_positions,27.625,23.875,24.25,0.375,True,True,Qwen/Qwen3-4B-Instruct-2507,cdbee75f17c01a7cc42f958dc650907174af0554
16,discovery,4,47,4,35,answer_position,27.625,23.875,27.625,3.75,True,True,Qwen/Qwen3-4B-Instruct-2507,cdbee75f17c01a7cc42f958dc650907174af0554
16,discovery,4,47,4,35,number_tokens,27.625,23.875,23.875,0.0,True,True,Qwen/Qwen3-4B-Instruct-2507,cdbee75f17c01a7cc42f958dc650907174af0554
16,discovery,4,47,4,35,random_positions,27.625,23.875,23.875,0.0,True,True,Qwen/Qwen3-4B-Instruct-2507,cdbee75f17c01a7cc42f958dc650907174af0554
17,discovery,4,48,2,0,answer_position,27.375,21.75,21.75,0.0,True,True,Qwen/Qwen3-4B-Instruct-2507,cdbee75f17c01a7cc42f958dc650907174af0554
17,discovery,4,48,2,0,number_tokens,27.375,21.75,22.0,0.25,True,True,Qwen/Qwen3-4B-Instruct-2507,cdbee75f17c01a7cc42f958dc650907174af0554
17,discovery,4,48,2,0,random_positions,27.375,21.75,20.5,-1.25,True,True,Qwen/Qwen3-4B-Instruct-2507,cdbee75f17c01a7cc42f958dc650907174af0554
17,discovery,4,48,2,1,answer_position,27.375,21.75,21.75,0.0,True,True,Qwen/Qwen3-4B-Instruct-2507,cdbee75f17c01a7cc42f958dc650907174af0554
17,discovery,4,48,2,1,number_tokens,27.375,21.75,23.0,1.25,True,True,Qwen/Qwen3-4B-Instruct-2507,cdbee75f17c01a7cc42f958dc650907174af0554
17,discovery,4,48,2,1,random_positions,27.375,21.75,19.5,-2.25,True,True,Qwen/Qwen3-4B-Instruct-2507,cdbee75f17c01a7cc42f958dc650907174af0554
17,discovery,4,48,2,2,answer_position,27.375,21.75,21.75,0.0,True,True,Qwen/Qwen3-4B-Instruct-2507,cdbee75f17c01a7cc42f958dc650907174af0554
17,discovery,4,48,2,2,number_tokens,27.375,21.75,24.0,2.25,True,True,Qwen/Qwen3-4B-Instruct-2507,cdbee75f17c01a7cc42f958dc650907174af0554
17,discovery,4,48,2,2,random_positions,27.375,21.75,17.0,-4.75,True,True,Qwen/Qwen3-4B-Instruct-2507,cdbee75f17c01a7cc42f958dc650907174af0554
17,discovery,4,48,2,3,answer_position,27.375,21.75,21.5,-0.25,True,True,Qwen/Qwen3-4B-Instruct-2507,cdbee75f17c01a7cc42f958dc650907174af0554
17,discovery,4,48,2,3,number_tokens,27.375,21.75,22.0,0.25,True,True,Qwen/Qwen3-4B-Instruct-2507,cdbee75f17c01a7cc42f958dc650907174af0554
17,discovery,4,48,2,3,random_positions,27.375,21.75,17.0,-4.75,True,True,Qwen/Qwen3-4B-Instruct-2507,cdbee75f17c01a7cc42f958dc650907174af0554
17,discovery,4,48,2,4,answer_position,27.375,21.75,21.75,0.0,True,True,Qwen/Qwen3-4B-Instruct-2507,cdbee75f17c01a7cc42f958dc650907174af0554
17,discovery,4,48,2,4,number_tokens,27.375,21.75,22.5,0.75,True,True,Qwen/Qwen3-4B-Instruct-2507,cdbee75f17c01a7cc42f958dc650907174af0554
17,discovery,4,48,2,4,random_positions,27.375,21.75,18.5,-3.25,True,True,Qwen/Qwen3-4B-Instruct-2507,cdbee75f17c01a7cc42f958dc650907174af0554
17,discovery,4,48,2,5,answer_position,27.375,21.75,21.75,0.0,True,True,Qwen/Qwen3-4B-Instruct-2507,cdbee75f17c01a7cc42f958dc650907174af0554
17,discovery,4,48,2,5,number_tokens,27.375,21.75,13.75,-8.0,True,True,Qwen/Qwen3-4B-Instruct-2507,cdbee75f17c01a7cc42f958dc650907174af0554
17,discovery,4,48,2,5,random_positions,27.375,21.75,21.75,0.0,True,True,Qwen/Qwen3-4B-Instruct-2507,cdbee75f17c01a7cc42f958dc650907174af0554
17,discovery,4,48,2,6,answer_position,27.375,21.75,22.0,0.25,True,True,Qwen/Qwen3-4B-Instruct-2507,cdbee75f17c01a7cc42f958dc650907174af0554
17,discovery,4,48,2,6,number_tokens,27.375,21.75,15.5,-6.25,True,True,Qwen/Qwen3-4B-Instruct-2507,cdbee75f17c01a7cc42f958dc650907174af0554
17,discovery,4,48,2,6,random_positions,27.375,21.75,21.25,-0.5,True,True,Qwen/Qwen3-4B-Instruct-2507,cdbee75f17c01a7cc42f958dc650907174af0554
17,discovery,4,48,2,7,answer_position,27.375,21.75,21.75,0.0,True,True,Qwen/Qwen3-4B-Instruct-2507,cdbee75f17c01a7cc42f958dc650907174af0554
17,discovery,4,48,2,7,number_tokens,27.375,21.75,-5.5,-27.25,True,False,Qwen/Qwen3-4B-Instruct-2507,cdbee75f17c01a7cc42f958dc650907174af0554
17,discovery,4,48,2,7,random_positions,27.375,21.75,21.25,-0.5,True,True,Qwen/Qwen3-4B-Instruct-2507,cdbee75f17c01a7cc42f958dc650907174af0554
17,discovery,4,48,2,8,answer_position,27.375,21.75,22.0,0.25,True,True,Qwen/Qwen3-4B-Instruct-2507,cdbee75f17c01a7cc42f958dc650907174af0554
17,discovery,4,48,2,8,number_tokens,27.375,21.75,3.25,-18.5,True,True,Qwen/Qwen3-4B-Instruct-2507,cdbee75f17c01a7cc42f958dc650907174af0554
17,discovery,4,48,2,8,random_positions,27.375,21.75,21.25,-0.5,True,True,Qwen/Qwen3-4B-Instruct-2507,cdbee75f17c01a7cc42f958dc650907174af0554
17,discovery,4,48,2,9,answer_position,27.375,21.75,21.75,0.0,True,True,Qwen/Qwen3-4B-Instruct-2507,cdbee75f17c01a7cc42f958dc650907174af0554
17,discovery,4,48,2,9,number_tokens,27.375,21.75,-9.0,-30.75,True,False,Qwen/Qwen3-4B-Instruct-2507,cdbee75f17c01a7cc42f958dc650907174af0554
17,discovery,4,48,2,9,random_positions,27.375,21.75,21.0,-0.75,True,True,Qwen/Qwen3-4B-Instruct-2507,cdbee75f17c01a7cc42f958dc650907174af0554
17,discovery,4,48,2,10,answer_position,27.375,21.75,21.75,0.0,True,True,Qwen/Qwen3-4B-Instruct-2507,cdbee75f17c01a7cc42f958dc650907174af0554
17,discovery,4,48,2,10,number_tokens,27.375,21.75,-7.0,-28.75,True,False,Qwen/Qwen3-4B-Instruct-2507,cdbee75f17c01a7cc42f958dc650907174af0554
17,discovery,4,48,2,10,random_positions,27.375,21.75,21.0,-0.75,True,True,Qwen/Qwen3-4B-Instruct-2507,cdbee75f17c01a7cc42f958dc650907174af0554
17,discovery,4,48,2,11,answer_position,27.375,21.75,21.75,0.0,True,True,Qwen/Qwen3-4B-Instruct-2507,cdbee75f17c01a7cc42f958dc650907174af0554
17,discovery,4,48,2,11,number_tokens,27.375,21.75,-7.0,-28.75,True,False,Qwen/Qwen3-4B-Instruct-2507,cdbee75f17c01a7cc42f958dc650907174af0554
17,discovery,4,48,2,11,random_positions,27.375,21.75,21.25,-0.5,True,True,Qwen/Qwen3-4B-Instruct-2507,cdbee75f17c01a7cc42f958dc650907174af0554
17,discovery,4,48,2,12,answer_position,27.375,21.75,22.0,0.25,True,True,Qwen/Qwen3-4B-Instruct-2507,cdbee75f17c01a7cc42f958dc650907174af0554
17,discovery,4,48,2,12,number_tokens,27.375,21.75,2.75,-19.0,True,True,Qwen/Qwen3-4B-Instruct-2507,cdbee75f17c01a7cc42f958dc650907174af0554
17,discovery,4,48,2,12,random_positions,27.375,21.75,21.0,-0.75,True,True,Qwen/Qwen3-4B-Instruct-2507,cdbee75f17c01a7cc42f958dc650907174af0554
17,discovery,4,48,2,13,answer_position,27.375,21.75,21.75,0.0,True,True,Qwen/Qwen3-4B-Instruct-2507,cdbee75f17c01a7cc42f958dc650907174af0554
17,discovery,4,48,2,13,number_tokens,27.375,21.75,15.25,-6.5,True,True,Qwen/Qwen3-4B-Instruct-2507,cdbee75f17c01a7cc42f958dc650907174af0554
17,discovery,4,48,2,13,random_positions,27.375,21.75,21.75,0.0,True,True,Qwen/Qwen3-4B-Instruct-2507,cdbee75f17c01a7cc42f958dc650907174af0554
17,discovery,4,48,2,14,answer_position,27.375,21.75,21.75,0.0,True,True,Qwen/Qwen3-4B-Instruct-2507,cdbee75f17c01a7cc42f958dc650907174af0554
17,discovery,4,48,2,14,number_tokens,27.375,21.75,21.25,-0.5,True,True,Qwen/Qwen3-4B-Instruct-2507,cdbee75f17c01a7cc42f958dc650907174af0554
17,discovery,4,48,2,14,random_positions,27.375,21.75,21.5,-0.25,True,True,Qwen/Qwen3-4B-Instruct-2507,cdbee75f17c01a7cc42f958dc650907174af0554
17,discovery,4,48,2,15,answer_position,27.375,21.75,21.75,0.0,True,True,Qwen/Qwen3-4B-Instruct-2507,cdbee75f17c01a7cc42f958dc650907174af0554
17,discovery,4,48,2,15,number_tokens,27.375,21.75,24.625,2.875,True,True,Qwen/Qwen3-4B-Instruct-2507,cdbee75f17c01a7cc42f958dc650907174af0554
17,discovery,4,48,2,15,random_positions,27.375,21.75,22.0,0.25,True,True,Qwen/Qwen3-4B-Instruct-2507,cdbee75f17c01a7cc42f958dc650907174af0554
17,discovery,4,48,2,16,answer_position,27.375,21.75,21.75,0.0,True,True,Qwen/Qwen3-4B-Instruct-2507,cdbee75f17c01a7cc42f958dc650907174af0554
17,discovery,4,48,2,16,number_tokens,27.375,21.75,25.375,3.625,True,True,Qwen/Qwen3-4B-Instruct-2507,cdbee75f17c01a7cc42f958dc650907174af0554
17,discovery,4,48,2,16,random_positions,27.375,21.75,22.0,0.25,True,True,Qwen/Qwen3-4B-Instruct-2507,cdbee75f17c01a7cc42f958dc650907174af0554
17,discovery,4,48,2,17,answer_position,27.375,21.75,21.75,0.0,True,True,Qwen/Qwen3-4B-Instruct-2507,cdbee75f17c01a7cc42f958dc650907174af0554
17,discovery,4,48,2,17,number_tokens,27.375,21.75,24.25,2.5,True,True,Qwen/Qwen3-4B-Instruct-2507,cdbee75f17c01a7cc42f958dc650907174af0554
17,discovery,4,48,2,17,random_positions,27.375,21.75,21.75,0.0,True,True,Qwen/Qwen3-4B-Instruct-2507,cdbee75f17c01a7cc42f958dc650907174af0554
17,discovery,4,48,2,18,answer_position,27.375,21.75,21.75,0.0,True,True,Qwen/Qwen3-4B-Instruct-2507,cdbee75f17c01a7cc42f958dc650907174af0554
17,discovery,4,48,2,18,number_tokens,27.375,21.75,22.25,0.5,True,True,Qwen/Qwen3-4B-Instruct-2507,cdbee75f17c01a7cc42f958dc650907174af0554
17,discovery,4,48,2,18,random_positions,27.375,21.75,22.0,0.25,True,True,Qwen/Qwen3-4B-Instruct-2507,cdbee75f17c01a7cc42f958dc650907174af0554
17,discovery,4,48,2,19,answer_position,27.375,21.75,22.75,1.0,True,True,Qwen/Qwen3-4B-Instruct-2507,cdbee75f17c01a7cc42f958dc650907174af0554
17,discovery,4,48,2,19,number_tokens,27.375,21.75,20.5,-1.25,True,True,Qwen/Qwen3-4B-Instruct-2507,cdbee75f17c01a7cc42f958dc650907174af0554
17,discovery,4,48,2,19,random_positions,27.375,21.75,22.25,0.5,True,True,Qwen/Qwen3-4B-Instruct-2507,cdbee75f17c01a7cc42f958dc650907174af0554
17,discovery,4,48,2,20,answer_position,27.375,21.75,23.5,1.75,True,True,Qwen/Qwen3-4B-Instruct-2507,cdbee75f17c01a7cc42f958dc650907174af0554
17,discovery,4,48,2,20,number_tokens,27.375,21.75,21.5,-0.25,True,True,Qwen/Qwen3-4B-Instruct-2507,cdbee75f17c01a7cc42f958dc650907174af0554
17,discovery,4,48,2,20,random_positions,27.375,21.75,22.0,0.25,True,True,Qwen/Qwen3-4B-Instruct-2507,cdbee75f17c01a7cc42f958dc650907174af0554
17,discovery,4,48,2,21,answer_position,27.375,21.75,25.625,3.875,True,True,Qwen/Qwen3-4B-Instruct-2507,cdbee75f17c01a7cc42f958dc650907174af0554
17,discovery,4,48,2,21,number_tokens,27.375,21.75,21.25,-0.5,True,True,Qwen/Qwen3-4B-Instruct-2507,cdbee75f17c01a7cc42f958dc650907174af0554
17,discovery,4,48,2,21,random_positions,27.375,21.75,22.0,0.25,True,True,Qwen/Qwen3-4B-Instruct-2507,cdbee75f17c01a7cc42f958dc650907174af0554
17,discovery,4,48,2,22,answer_position,27.375,21.75,26.0,4.25,True,True,Qwen/Qwen3-4B-Instruct-2507,cdbee75f17c01a7cc42f958dc650907174af0554
17,discovery,4,48,2,22,number_tokens,27.375,21.75,21.25,-0.5,True,True,Qwen/Qwen3-4B-Instruct-2507,cdbee75f17c01a7cc42f958dc650907174af0554
17,discovery,4,48,2,22,random_positions,27.375,21.75,21.75,0.0,True,True,Qwen/Qwen3-4B-Instruct-2507,cdbee75f17c01a7cc42f958dc650907174af0554
17,discovery,4,48,2,23,answer_position,27.375,21.75,25.875,4.125,True,True,Qwen/Qwen3-4B-Instruct-2507,cdbee75f17c01a7cc42f958dc650907174af0554
17,discovery,4,48,2,23,number_tokens,27.375,21.75,21.5,-0.25,True,True,Qwen/Qwen3-4B-Instruct-2507,cdbee75f17c01a7cc42f958dc650907174af0554
17,discovery,4,48,2,23,random_positions,27.375,21.75,21.5,-0.25,True,True,Qwen/Qwen3-4B-Instruct-2507,cdbee75f17c01a7cc42f958dc650907174af0554
17,discovery,4,48,2,24,answer_position,27.375,21.75,26.875,5.125,True,True,Qwen/Qwen3-4B-Instruct-2507,cdbee75f17c01a7cc42f958dc650907174af0554
17,discovery,4,48,2,24,number_tokens,27.375,21.75,21.5,-0.25,True,True,Qwen/Qwen3-4B-Instruct-2507,cdbee75f17c01a7cc42f958dc650907174af0554
17,discovery,4,48,2,24,random_positions,27.375,21.75,21.75,0.0,True,True,Qwen/Qwen3-4B-Instruct-2507,cdbee75f17c01a7cc42f958dc650907174af0554
17,discovery,4,48,2,25,answer_position,27.375,21.75,26.5,4.75,True,True,Qwen/Qwen3-4B-Instruct-2507,cdbee75f17c01a7cc42f958dc650907174af0554
17,discovery,4,48,2,25,number_tokens,27.375,21.75,21.25,-0.5,True,True,Qwen/Qwen3-4B-Instruct-2507,cdbee75f17c01a7cc42f958dc650907174af0554
17,discovery,4,48,2,25,random_positions,27.375,21.75,21.75,0.0,True,True,Qwen/Qwen3-4B-Instruct-2507,cdbee75f17c01a7cc42f958dc650907174af0554
17,discovery,4,48,2,26,answer_position,27.375,21.75,26.625,4.875,True,True,Qwen/Qwen3-4B-Instruct-2507,cdbee75f17c01a7cc42f958dc650907174af0554
17,discovery,4,48,2,26,number_tokens,27.375,21.75,21.5,-0.25,True,True,Qwen/Qwen3-4B-Instruct-2507,cdbee75f17c01a7cc42f958dc650907174af0554
17,discovery,4,48,2,26,random_positions,27.375,21.75,21.75,0.0,True,True,Qwen/Qwen3-4B-Instruct-2507,cdbee75f17c01a7cc42f958dc650907174af0554
17,discovery,4,48,2,27,answer_position,27.375,21.75,26.5,4.75,True,True,Qwen/Qwen3-4B-Instruct-2507,cdbee75f17c01a7cc42f958dc650907174af0554
17,discovery,4,48,2,27,number_tokens,27.375,21.75,21.75,0.0,True,True,Qwen/Qwen3-4B-Instruct-2507,cdbee75f17c01a7cc42f958dc650907174af0554
17,discovery,4,48,2,27,random_positions,27.375,21.75,21.75,0.0,True,True,Qwen/Qwen3-4B-Instruct-2507,cdbee75f17c01a7cc42f958dc650907174af0554
17,discovery,4,48,2,28,answer_position,27.375,21.75,26.375,4.625,True,True,Qwen/Qwen3-4B-Instruct-2507,cdbee75f17c01a7cc42f958dc650907174af0554
17,discovery,4,48,2,28,number_tokens,27.375,21.75,21.75,0.0,True,True,Qwen/Qwen3-4B-Instruct-2507,cdbee75f17c01a7cc42f958dc650907174af0554
17,discovery,4,48,2,28,random_positions,27.375,21.75,21.75,0.0,True,True,Qwen/Qwen3-4B-Instruct-2507,cdbee75f17c01a7cc42f958dc650907174af0554
17,discovery,4,48,2,29,answer_position,27.375,21.75,26.5,4.75,True,True,Qwen/Qwen3-4B-Instruct-2507,cdbee75f17c01a7cc42f958dc650907174af0554
17,discovery,4,48,2,29,number_tokens,27.375,21.75,21.75,0.0,True,True,Qwen/Qwen3-4B-Instruct-2507,cdbee75f17c01a7cc42f958dc650907174af0554
17,discovery,4,48,2,29,random_positions,27.375,21.75,21.75,0.0,True,True,Qwen/Qwen3-4B-Instruct-2507,cdbee75f17c01a7cc42f958dc650907174af0554
17,discovery,4,48,2,30,answer_position,27.375,21.75,26.375,4.625,True,True,Qwen/Qwen3-4B-Instruct-2507,cdbee75f17c01a7cc42f958dc650907174af0554
17,discovery,4,48,2,30,number_tokens,27.375,21.75,21.75,0.0,True,True,Qwen/Qwen3-4B-Instruct-2507,cdbee75f17c01a7cc42f958dc650907174af0554
17,discovery,4,48,2,30,random_positions,27.375,21.75,21.75,0.0,True,True,Qwen/Qwen3-4B-Instruct-2507,cdbee75f17c01a7cc42f958dc650907174af0554
17,discovery,4,48,2,31,answer_position,27.375,21.75,26.625,4.875,True,True,Qwen/Qwen3-4B-Instruct-2507,cdbee75f17c01a7cc42f958dc650907174af0554
17,discovery,4,48,2,31,number_tokens,27.375,21.75,21.75,0.0,True,True,Qwen/Qwen3-4B-Instruct-2507,cdbee75f17c01a7cc42f958dc650907174af0554
17,discovery,4,48,2,31,random_positions,27.375,21.75,21.75,0.0,True,True,Qwen/Qwen3-4B-Instruct-2507,cdbee75f17c01a7cc42f958dc650907174af0554
17,discovery,4,48,2,32,answer_position,27.375,21.75,26.75,5.0,True,True,Qwen/Qwen3-4B-Instruct-2507,cdbee75f17c01a7cc42f958dc650907174af0554
17,discovery,4,48,2,32,number_tokens,27.375,21.75,21.75,0.0,True,True,Qwen/Qwen3-4B-Instruct-2507,cdbee75f17c01a7cc42f958dc650907174af0554
17,discovery,4,48,2,32,random_positions,27.375,21.75,21.5,-0.25,True,True,Qwen/Qwen3-4B-Instruct-2507,cdbee75f17c01a7cc42f958dc650907174af0554
17,discovery,4,48,2,33,answer_position,27.375,21.75,26.5,4.75,True,True,Qwen/Qwen3-4B-Instruct-2507,cdbee75f17c01a7cc42f958dc650907174af0554
17,discovery,4,48,2,33,number_tokens,27.375,21.75,21.75,0.0,True,True,Qwen/Qwen3-4B-Instruct-2507,cdbee75f17c01a7cc42f958dc650907174af0554
17,discovery,4,48,2,33,random_positions,27.375,21.75,21.75,0.0,True,True,Qwen/Qwen3-4B-Instruct-2507,cdbee75f17c01a7cc42f958dc650907174af0554
17,discovery,4,48,2,34,answer_position,27.375,21.75,27.0,5.25,True,True,Qwen/Qwen3-4B-Instruct-2507,cdbee75f17c01a7cc42f958dc650907174af0554
17,discovery,4,48,2,34,number_tokens,27.375,21.75,21.75,0.0,True,True,Qwen/Qwen3-4B-Instruct-2507,cdbee75f17c01a7cc42f958dc650907174af0554
17,discovery,4,48,2,34,random_positions,27.375,21.75,21.75,0.0,True,True,Qwen/Qwen3-4B-Instruct-2507,cdbee75f17c01a7cc42f958dc650907174af0554
17,discovery,4,48,2,35,answer_position,27.375,21.75,27.375,5.625,True,True,Qwen/Qwen3-4B-Instruct-2507,cdbee75f17c01a7cc42f958dc650907174af0554
17,discovery,4,48,2,35,number_tokens,27.375,21.75,21.75,0.0,True,True,Qwen/Qwen3-4B-Instruct-2507,cdbee75f17c01a7cc42f958dc650907174af0554
17,discovery,4,48,2,35,random_positions,27.375,21.75,21.75,0.0,True,True,Qwen/Qwen3-4B-Instruct-2507,cdbee75f17c01a7cc42f958dc650907174af0554
18,discovery,4,49,3,0,answer_position,27.375,22.25,22.25,0.0,True,True,Qwen/Qwen3-4B-Instruct-2507,cdbee75f17c01a7cc42f958dc650907174af0554
18,discovery,4,49,3,0,number_tokens,27.375,22.25,22.75,0.5,True,True,Qwen/Qwen3-4B-Instruct-2507,cdbee75f17c01a7cc42f958dc650907174af0554
18,discovery,4,49,3,0,random_positions,27.375,22.25,22.0,-0.25,True,True,Qwen/Qwen3-4B-Instruct-2507,cdbee75f17c01a7cc42f958dc650907174af0554
18,discovery,4,49,3,1,answer_position,27.375,22.25,22.25,0.0,True,True,Qwen/Qwen3-4B-Instruct-2507,cdbee75f17c01a7cc42f958dc650907174af0554
18,discovery,4,49,3,1,number_tokens,27.375,22.25,23.5,1.25,True,True,Qwen/Qwen3-4B-Instruct-2507,cdbee75f17c01a7cc42f958dc650907174af0554
18,discovery,4,49,3,1,random_positions,27.375,22.25,22.25,0.0,True,True,Qwen/Qwen3-4B-Instruct-2507,cdbee75f17c01a7cc42f958dc650907174af0554
18,discovery,4,49,3,2,answer_position,27.375,22.25,22.5,0.25,True,True,Qwen/Qwen3-4B-Instruct-2507,cdbee75f17c01a7cc42f958dc650907174af0554
18,discovery,4,49,3,2,number_tokens,27.375,22.25,23.5,1.25,True,True,Qwen/Qwen3-4B-Instruct-2507,cdbee75f17c01a7cc42f958dc650907174af0554
18,discovery,4,49,3,2,random_positions,27.375,22.25,22.5,0.25,True,True,Qwen/Qwen3-4B-Instruct-2507,cdbee75f17c01a7cc42f958dc650907174af0554
18,discovery,4,49,3,3,answer_position,27.375,22.25,22.25,0.0,True,True,Qwen/Qwen3-4B-Instruct-2507,cdbee75f17c01a7cc42f958dc650907174af0554
18,discovery,4,49,3,3,number_tokens,27.375,22.25,22.25,0.0,True,True,Qwen/Qwen3-4B-Instruct-2507,cdbee75f17c01a7cc42f958dc650907174af0554
18,discovery,4,49,3,3,random_positions,27.375,22.25,22.5,0.25,True,True,Qwen/Qwen3-4B-Instruct-2507,cdbee75f17c01a7cc42f958dc650907174af0554
18,discovery,4,49,3,4,answer_position,27.375,22.25,22.25,0.0,True,True,Qwen/Qwen3-4B-Instruct-2507,cdbee75f17c01a7cc42f958dc650907174af0554
18,discovery,4,49,3,4,number_tokens,27.375,22.25,22.5,0.25,True,True,Qwen/Qwen3-4B-Instruct-2507,cdbee75f17c01a7cc42f958dc650907174af0554
18,discovery,4,49,3,4,random_positions,27.375,22.25,22.25,0.0,True,True,Qwen/Qwen3-4B-Instruct-2507,cdbee75f17c01a7cc42f958dc650907174af0554
18,discovery,4,49,3,5,answer_position,27.375,22.25,22.5,0.25,True,True,Qwen/Qwen3-4B-Instruct-2507,cdbee75f17c01a7cc42f958dc650907174af0554
18,discovery,4,49,3,5,number_tokens,27.375,22.25,21.75,-0.5,True,True,Qwen/Qwen3-4B-Instruct-2507,cdbee75f17c01a7cc42f958dc650907174af0554
18,discovery,4,49,3,5,random_positions,27.375,22.25,22.25,0.0,True,True,Qwen/Qwen3-4B-Instruct-2507,cdbee75f17c01a7cc42f958dc650907174af0554
18,discovery,4,49,3,6,answer_position,27.375,22.25,22.5,0.25,True,True,Qwen/Qwen3-4B-Instruct-2507,cdbee75f17c01a7cc42f958dc650907174af0554
18,discovery,4,49,3,6,number_tokens,27.375,22.25,21.75,-0.5,True,True,Qwen/Qwen3-4B-Instruct-2507,cdbee75f17c01a7cc42f958dc650907174af0554
18,discovery,4,49,3,6,random_positions,27.375,22.25,22.5,0.25,True,True,Qwen/Qwen3-4B-Instruct-2507,cdbee75f17c01a7cc42f958dc650907174af0554
18,discovery,4,49,3,7,answer_position,27.375,22.25,22.25,0.0,True,True,Qwen/Qwen3-4B-Instruct-2507,cdbee75f17c01a7cc42f958dc650907174af0554
18,discovery,4,49,3,7,number_tokens,27.375,22.25,6.0,-16.25,True,True,Qwen/Qwen3-4B-Instruct-2507,cdbee75f17c01a7cc42f958dc650907174af0554
18,discovery,4,49,3,7,random_positions,27.375,22.25,22.5,0.25,True,True,Qwen/Qwen3-4B-Instruct-2507,cdbee75f17c01a7cc42f958dc650907174af0554
18,discovery,4,49,3,8,answer_position,27.375,22.25,22.25,0.0,True,True,Qwen/Qwen3-4B-Instruct-2507,cdbee75f17c01a7cc42f958dc650907174af0554
18,discovery,4,49,3,8,number_tokens,27.375,22.25,7.0,-15.25,True,True,Qwen/Qwen3-4B-Instruct-2507,cdbee75f17c01a7cc42f958dc650907174af0554
18,discovery,4,49,3,8,random_positions,27.375,22.25,22.25,0.0,True,True,Qwen/Qwen3-4B-Instruct-2507,cdbee75f17c01a7cc42f958dc650907174af0554
18,discovery,4,49,3,9,answer_position,27.375,22.25,22.25,0.0,True,True,Qwen/Qwen3-4B-Instruct-2507,cdbee75f17c01a7cc42f958dc650907174af0554
18,discovery,4,49,3,9,number_tokens,27.375,22.25,-1.25,-23.5,True,False,Qwen/Qwen3-4B-Instruct-2507,cdbee75f17c01a7cc42f958dc650907174af0554
18,discovery,4,49,3,9,random_positions,27.375,22.25,22.75,0.5,True,True,Qwen/Qwen3-4B-Instruct-2507,cdbee75f17c01a7cc42f958dc650907174af0554
18,discovery,4,49,3,10,answer_position,27.375,22.25,22.25,0.0,True,True,Qwen/Qwen3-4B-Instruct-2507,cdbee75f17c01a7cc42f958dc650907174af0554
18,discovery,4,49,3,10,number_tokens,27.375,22.25,-2.0,-24.25,True,False,Qwen/Qwen3-4B-Instruct-2507,cdbee75f17c01a7cc42f958dc650907174af0554
18,discovery,4,49,3,10,random_positions,27.375,22.25,22.0,-0.25,True,True,Qwen/Qwen3-4B-Instruct-2507,cdbee75f17c01a7cc42f958dc650907174af0554
18,discovery,4,49,3,11,answer_position,27.375,22.25,22.25,0.0,True,True,Qwen/Qwen3-4B-Instruct-2507,cdbee75f17c01a7cc42f958dc650907174af0554
18,discovery,4,49,3,11,number_tokens,27.375,22.25,-6.5,-28.75,True,False,Qwen/Qwen3-4B-Instruct-2507,cdbee75f17c01a7cc42f958dc650907174af0554
18,discovery,4,49,3,11,random_positions,27.375,22.25,22.25,0.0,True,True,Qwen/Qwen3-4B-Instruct-2507,cdbee75f17c01a7cc42f958dc650907174af0554
18,discovery,4,49,3,12,answer_position,27.375,22.25,22.5,0.25,True,True,Qwen/Qwen3-4B-Instruct-2507,cdbee75f17c01a7cc42f958dc650907174af0554
18,discovery,4,49,3,12,number_tokens,27.375,22.25,1.5,-20.75,True,True,Qwen/Qwen3-4B-Instruct-2507,cdbee75f17c01a7cc42f958dc650907174af0554
18,discovery,4,49,3,12,random_positions,27.375,22.25,22.5,0.25,True,True,Qwen/Qwen3-4B-Instruct-2507,cdbee75f17c01a7cc42f958dc650907174af0554
18,discovery,4,49,3,13,answer_position,27.375,22.25,22.5,0.25,True,True,Qwen/Qwen3-4B-Instruct-2507,cdbee75f17c01a7cc42f958dc650907174af0554
18,discovery,4,49,3,13,number_tokens,27.375,22.25,14.5,-7.75,True,True,Qwen/Qwen3-4B-Instruct-2507,cdbee75f17c01a7cc42f958dc650907174af0554
18,discovery,4,49,3,13,random_positions,27.375,22.25,22.25,0.0,True,True,Qwen/Qwen3-4B-Instruct-2507,cdbee75f17c01a7cc42f958dc650907174af0554
18,discovery,4,49,3,14,answer_position,27.375,22.25,22.5,0.25,True,True,Qwen/Qwen3-4B-Instruct-2507,cdbee75f17c01a7cc42f958dc650907174af0554
18,discovery,4,49,3,14,number_tokens,27.375,22.25,21.75,-0.5,True,True,Qwen/Qwen3-4B-Instruct-2507,cdbee75f17c01a7cc42f958dc650907174af0554
18,discovery,4,49,3,14,random_positions,27.375,22.25,22.25,0.0,True,True,Qwen/Qwen3-4B-Instruct-2507,cdbee75f17c01a7cc42f958dc650907174af0554
18,discovery,4,49,3,15,answer_position,27.375,22.25,22.25,0.0,True,True,Qwen/Qwen3-4B-Instruct-2507,cdbee75f17c01a7cc42f958dc650907174af0554
18,discovery,4,49,3,15,number_tokens,27.375,22.25,25.25,3.0,True,True,Qwen/Qwen3-4B-Instruct-2507,cdbee75f17c01a7cc42f958dc650907174af0554
18,discovery,4,49,3,15,random_positions,27.375,22.25,22.0,-0.25,True,True,Qwen/Qwen3-4B-Instruct-2507,cdbee75f17c01a7cc42f958dc650907174af0554
18,discovery,4,49,3,16,answer_position,27.375,22.25,22.5,0.25,True,True,Qwen/Qwen3-4B-Instruct-2507,cdbee75f17c01a7cc42f958dc650907174af0554
18,discovery,4,49,3,16,number_tokens,27.375,22.25,25.125,2.875,True,True,Qwen/Qwen3-4B-Instruct-2507,cdbee75f17c01a7cc42f958dc650907174af0554
18,discovery,4,49,3,16,random_positions,27.375,22.25,22.0,-0.25,True,True,Qwen/Qwen3-4B-Instruct-2507,cdbee75f17c01a7cc42f958dc650907174af0554
18,discovery,4,49,3,17,answer_position,27.375,22.25,22.0,-0.25,True,True,Qwen/Qwen3-4B-Instruct-2507,cdbee75f17c01a7cc42f958dc650907174af0554
18,discovery,4,49,3,17,number_tokens,27.375,22.25,24.125,1.875,True,True,Qwen/Qwen3-4B-Instruct-2507,cdbee75f17c01a7cc42f958dc650907174af0554
18,discovery,4,49,3,17,random_positions,27.375,22.25,22.25,0.0,True,True,Qwen/Qwen3-4B-Instruct-2507,cdbee75f17c01a7cc42f958dc650907174af0554
18,discovery,4,49,3,18,answer_position,27.375,22.25,22.5,0.25,True,True,Qwen/Qwen3-4B-Instruct-2507,cdbee75f17c01a7cc42f958dc650907174af0554
18,discovery,4,49,3,18,number_tokens,27.375,22.25,22.25,0.0,True,True,Qwen/Qwen3-4B-Instruct-2507,cdbee75f17c01a7cc42f958dc650907174af0554
18,discovery,4,49,3,18,random_positions,27.375,22.25,22.5,0.25,True,True,Qwen/Qwen3-4B-Instruct-2507,cdbee75f17c01a7cc42f958dc650907174af0554
18,discovery,4,49,3,19,answer_position,27.375,22.25,23.25,1.0,True,True,Qwen/Qwen3-4B-Instruct-2507,cdbee75f17c01a7cc42f958dc650907174af0554
18,discovery,4,49,3,19,number_tokens,27.375,22.25,21.25,-1.0,True,True,Qwen/Qwen3-4B-Instruct-2507,cdbee75f17c01a7cc42f958dc650907174af0554
18,discovery,4,49,3,19,random_positions,27.375,22.25,24.25,2.0,True,True,Qwen/Qwen3-4B-Instruct-2507,cdbee75f17c01a7cc42f958dc650907174af0554
18,discovery,4,49,3,20,answer_position,27.375,22.25,23.75,1.5,True,True,Qwen/Qwen3-4B-Instruct-2507,cdbee75f17c01a7cc42f958dc650907174af0554
18,discovery,4,49,3,20,number_tokens,27.375,22.25,22.0,-0.25,True,True,Qwen/Qwen3-4B-Instruct-2507,cdbee75f17c01a7cc42f958dc650907174af0554
18,discovery,4,49,3,20,random_positions,27.375,22.25,23.875,1.625,True,True,Qwen/Qwen3-4B-Instruct-2507,cdbee75f17c01a7cc42f958dc650907174af0554
18,discovery,4,49,3,21,answer_position,27.375,22.25,25.75,3.5,True,True,Qwen/Qwen3-4B-Instruct-2507,cdbee75f17c01a7cc42f958dc650907174af0554
18,discovery,4,49,3,21,number_tokens,27.375,22.25,22.0,-0.25,True,True,Qwen/Qwen3-4B-Instruct-2507,cdbee75f17c01a7cc42f958dc650907174af0554
18,discovery,4,49,3,21,random_positions,27.375,22.25,23.0,0.75,True,True,Qwen/Qwen3-4B-Instruct-2507,cdbee75f17c01a7cc42f958dc650907174af0554
18,discovery,4,49,3,22,answer_position,27.375,22.25,26.125,3.875,True,True,Qwen/Qwen3-4B-Instruct-2507,cdbee75f17c01a7cc42f958dc650907174af0554
18,discovery,4,49,3,22,number_tokens,27.375,22.25,22.25,0.0,True,True,Qwen/Qwen3-4B-Instruct-2507,cdbee75f17c01a7cc42f958dc650907174af0554
18,discovery,4,49,3,22,random_positions,27.375,22.25,22.25,0.0,True,True,Qwen/Qwen3-4B-Instruct-2507,cdbee75f17c01a7cc42f958dc650907174af0554
18,discovery,4,49,3,23,answer_position,27.375,22.25,25.75,3.5,True,True,Qwen/Qwen3-4B-Instruct-2507,cdbee75f17c01a7cc42f958dc650907174af0554
18,discovery,4,49,3,23,number_tokens,27.375,22.25,22.0,-0.25,True,True,Qwen/Qwen3-4B-Instruct-2507,cdbee75f17c01a7cc42f958dc650907174af0554
18,discovery,4,49,3,23,random_positions,27.375,22.25,23.0,0.75,True,True,Qwen/Qwen3-4B-Instruct-2507,cdbee75f17c01a7cc42f958dc650907174af0554
18,discovery,4,49,3,24,answer_position,27.375,22.25,26.75,4.5,True,True,Qwen/Qwen3-4B-Instruct-2507,cdbee75f17c01a7cc42f958dc650907174af0554
18,discovery,4,49,3,24,number_tokens,27.375,22.25,22.25,0.0,True,True,Qwen/Qwen3-4B-Instruct-2507,cdbee75f17c01a7cc42f958dc650907174af0554
18,discovery,4,49,3,24,random_positions,27.375,22.25,22.0,-0.25,True,True,Qwen/Qwen3-4B-Instruct-2507,cdbee75f17c01a7cc42f958dc650907174af0554
18,discovery,4,49,3,25,answer_position,27.375,22.25,26.5,4.25,True,True,Qwen/Qwen3-4B-Instruct-2507,cdbee75f17c01a7cc42f958dc650907174af0554
18,discovery,4,49,3,25,number_tokens,27.375,22.25,22.25,0.0,True,True,Qwen/Qwen3-4B-Instruct-2507,cdbee75f17c01a7cc42f958dc650907174af0554
18,discovery,4,49,3,25,random_positions,27.375,22.25,22.25,0.0,True,True,Qwen/Qwen3-4B-Instruct-2507,cdbee75f17c01a7cc42f958dc650907174af0554
18,discovery,4,49,3,26,answer_position,27.375,22.25,26.5,4.25,True,True,Qwen/Qwen3-4B-Instruct-2507,cdbee75f17c01a7cc42f958dc650907174af0554
18,discovery,4,49,3,26,number_tokens,27.375,22.25,22.25,0.0,True,True,Qwen/Qwen3-4B-Instruct-2507,cdbee75f17c01a7cc42f958dc650907174af0554
18,discovery,4,49,3,26,random_positions,27.375,22.25,22.25,0.0,True,True,Qwen/Qwen3-4B-Instruct-2507,cdbee75f17c01a7cc42f958dc650907174af0554
18,discovery,4,49,3,27,answer_position,27.375,22.25,26.75,4.5,True,True,Qwen/Qwen3-4B-Instruct-2507,cdbee75f17c01a7cc42f958dc650907174af0554
18,discovery,4,49,3,27,number_tokens,27.375,22.25,22.25,0.0,True,True,Qwen/Qwen3-4B-Instruct-2507,cdbee75f17c01a7cc42f958dc650907174af0554
18,discovery,4,49,3,27,random_positions,27.375,22.25,22.25,0.0,True,True,Qwen/Qwen3-4B-Instruct-2507,cdbee75f17c01a7cc42f958dc650907174af0554
18,discovery,4,49,3,28,answer_position,27.375,22.25,26.875,4.625,True,True,Qwen/Qwen3-4B-Instruct-2507,cdbee75f17c01a7cc42f958dc650907174af0554
18,discovery,4,49,3,28,number_tokens,27.375,22.25,22.25,0.0,True,True,Qwen/Qwen3-4B-Instruct-2507,cdbee75f17c01a7cc42f958dc650907174af0554
18,discovery,4,49,3,28,random_positions,27.375,22.25,22.25,0.0,True,True,Qwen/Qwen3-4B-Instruct-2507,cdbee75f17c01a7cc42f958dc650907174af0554
18,discovery,4,49,3,29,answer_position,27.375,22.25,26.75,4.5,True,True,Qwen/Qwen3-4B-Instruct-2507,cdbee75f17c01a7cc42f958dc650907174af0554
18,discovery,4,49,3,29,number_tokens,27.375,22.25,22.0,-0.25,True,True,Qwen/Qwen3-4B-Instruct-2507,cdbee75f17c01a7cc42f958dc650907174af0554
18,discovery,4,49,3,29,random_positions,27.375,22.25,22.0,-0.25,True,True,Qwen/Qwen3-4B-Instruct-2507,cdbee75f17c01a7cc42f958dc650907174af0554
18,discovery,4,49,3,30,answer_position,27.375,22.25,27.0,4.75,True,True,Qwen/Qwen3-4B-Instruct-2507,cdbee75f17c01a7cc42f958dc650907174af0554
18,discovery,4,49,3,30,number_tokens,27.375,22.25,22.5,0.25,True,True,Qwen/Qwen3-4B-Instruct-2507,cdbee75f17c01a7cc42f958dc650907174af0554
18,discovery,4,49,3,30,random_positions,27.375,22.25,22.0,-0.25,True,True,Qwen/Qwen3-4B-Instruct-2507,cdbee75f17c01a7cc42f958dc650907174af0554
18,discovery,4,49,3,31,answer_position,27.375,22.25,27.125,4.875,True,True,Qwen/Qwen3-4B-Instruct-2507,cdbee75f17c01a7cc42f958dc650907174af0554
18,discovery,4,49,3,31,number_tokens,27.375,22.25,22.25,0.0,True,True,Qwen/Qwen3-4B-Instruct-2507,cdbee75f17c01a7cc42f958dc650907174af0554
18,discovery,4,49,3,31,random_positions,27.375,22.25,22.0,-0.25,True,True,Qwen/Qwen3-4B-Instruct-2507,cdbee75f17c01a7cc42f958dc650907174af0554
18,discovery,4,49,3,32,answer_position,27.375,22.25,26.875,4.625,True,True,Qwen/Qwen3-4B-Instruct-2507,cdbee75f17c01a7cc42f958dc650907174af0554
18,discovery,4,49,3,32,number_tokens,27.375,22.25,22.25,0.0,True,True,Qwen/Qwen3-4B-Instruct-2507,cdbee75f17c01a7cc42f958dc650907174af0554
18,discovery,4,49,3,32,random_positions,27.375,22.25,22.25,0.0,True,True,Qwen/Qwen3-4B-Instruct-2507,cdbee75f17c01a7cc42f958dc650907174af0554
18,discovery,4,49,3,33,answer_position,27.375,22.25,27.0,4.75,True,True,Qwen/Qwen3-4B-Instruct-2507,cdbee75f17c01a7cc42f958dc650907174af0554
18,discovery,4,49,3,33,number_tokens,27.375,22.25,22.25,0.0,True,True,Qwen/Qwen3-4B-Instruct-2507,cdbee75f17c01a7cc42f958dc650907174af0554
18,discovery,4,49,3,33,random_positions,27.375,22.25,22.5,0.25,True,True,Qwen/Qwen3-4B-Instruct-2507,cdbee75f17c01a7cc42f958dc650907174af0554
18,discovery,4,49,3,34,answer_position,27.375,22.25,27.25,5.0,True,True,Qwen/Qwen3-4B-Instruct-2507,cdbee75f17c01a7cc42f958dc650907174af0554
18,discovery,4,49,3,34,number_tokens,27.375,22.25,22.25,0.0,True,True,Qwen/Qwen3-4B-Instruct-2507,cdbee75f17c01a7cc42f958dc650907174af0554
18,discovery,4,49,3,34,random_positions,27.375,22.25,22.25,0.0,True,True,Qwen/Qwen3-4B-Instruct-2507,cdbee75f17c01a7cc42f958dc650907174af0554
18,discovery,4,49,3,35,answer_position,27.375,22.25,27.375,5.125,True,True,Qwen/Qwen3-4B-Instruct-2507,cdbee75f17c01a7cc42f958dc650907174af0554
18,discovery,4,49,3,35,number_tokens,27.375,22.25,22.25,0.0,True,True,Qwen/Qwen3-4B-Instruct-2507,cdbee75f17c01a7cc42f958dc650907174af0554
18,discovery,4,49,3,35,random_positions,27.375,22.25,22.25,0.0,True,True,Qwen/Qwen3-4B-Instruct-2507,cdbee75f17c01a7cc42f958dc650907174af0554
19,discovery,4,50,4,0,answer_position,26.75,21.75,21.75,0.0,True,True,Qwen/Qwen3-4B-Instruct-2507,cdbee75f17c01a7cc42f958dc650907174af0554
19,discovery,4,50,4,0,number_tokens,26.75,21.75,21.5,-0.25,True,True,Qwen/Qwen3-4B-Instruct-2507,cdbee75f17c01a7cc42f958dc650907174af0554
19,discovery,4,50,4,0,random_positions,26.75,21.75,22.25,0.5,True,True,Qwen/Qwen3-4B-Instruct-2507,cdbee75f17c01a7cc42f958dc650907174af0554
19,discovery,4,50,4,1,answer_position,26.75,21.75,21.75,0.0,True,True,Qwen/Qwen3-4B-Instruct-2507,cdbee75f17c01a7cc42f958dc650907174af0554
19,discovery,4,50,4,1,number_tokens,26.75,21.75,22.5,0.75,True,True,Qwen/Qwen3-4B-Instruct-2507,cdbee75f17c01a7cc42f958dc650907174af0554
19,discovery,4,50,4,1,random_positions,26.75,21.75,21.75,0.0,True,True,Qwen/Qwen3-4B-Instruct-2507,cdbee75f17c01a7cc42f958dc650907174af0554
19,discovery,4,50,4,2,answer_position,26.75,21.75,21.75,0.0,True,True,Qwen/Qwen3-4B-Instruct-2507,cdbee75f17c01a7cc42f958dc650907174af0554
19,discovery,4,50,4,2,number_tokens,26.75,21.75,22.75,1.0,True,True,Qwen/Qwen3-4B-Instruct-2507,cdbee75f17c01a7cc42f958dc650907174af0554
19,discovery,4,50,4,2,random_positions,26.75,21.75,22.25,0.5,True,True,Qwen/Qwen3-4B-Instruct-2507,cdbee75f17c01a7cc42f958dc650907174af0554
19,discovery,4,50,4,3,answer_position,26.75,21.75,22.0,0.25,True,True,Qwen/Qwen3-4B-Instruct-2507,cdbee75f17c01a7cc42f958dc650907174af0554
19,discovery,4,50,4,3,number_tokens,26.75,21.75,19.75,-2.0,True,True,Qwen/Qwen3-4B-Instruct-2507,cdbee75f17c01a7cc42f958dc650907174af0554
19,discovery,4,50,4,3,random_positions,26.75,21.75,22.5,0.75,True,True,Qwen/Qwen3-4B-Instruct-2507,cdbee75f17c01a7cc42f958dc650907174af0554
19,discovery,4,50,4,4,answer_position,26.75,21.75,21.75,0.0,True,True,Qwen/Qwen3-4B-Instruct-2507,cdbee75f17c01a7cc42f958dc650907174af0554
19,discovery,4,50,4,4,number_tokens,26.75,21.75,20.5,-1.25,True,True,Qwen/Qwen3-4B-Instruct-2507,cdbee75f17c01a7cc42f958dc650907174af0554
19,discovery,4,50,4,4,random_positions,26.75,21.75,22.5,0.75,True,True,Qwen/Qwen3-4B-Instruct-2507,cdbee75f17c01a7cc42f958dc650907174af0554
19,discovery,4,50,4,5,answer_position,26.75,21.75,21.5,-0.25,True,True,Qwen/Qwen3-4B-Instruct-2507,cdbee75f17c01a7cc42f958dc650907174af0554
19,discovery,4,50,4,5,number_tokens,26.75,21.75,16.75,-5.0,True,True,Qwen/Qwen3-4B-Instruct-2507,cdbee75f17c01a7cc42f958dc650907174af0554
19,discovery,4,50,4,5,random_positions,26.75,21.75,19.0,-2.75,True,True,Qwen/Qwen3-4B-Instruct-2507,cdbee75f17c01a7cc42f958dc650907174af0554
19,discovery,4,50,4,6,answer_position,26.75,21.75,21.75,0.0,True,True,Qwen/Qwen3-4B-Instruct-2507,cdbee75f17c01a7cc42f958dc650907174af0554
19,discovery,4,50,4,6,number_tokens,26.75,21.75,18.25,-3.5,True,True,Qwen/Qwen3-4B-Instruct-2507,cdbee75f17c01a7cc42f958dc650907174af0554
19,discovery,4,50,4,6,random_positions,26.75,21.75,20.0,-1.75,True,True,Qwen/Qwen3-4B-Instruct-2507,cdbee75f17c01a7cc42f958dc650907174af0554
19,discovery,4,50,4,7,answer_position,26.75,21.75,22.0,0.25,True,True,Qwen/Qwen3-4B-Instruct-2507,cdbee75f17c01a7cc42f958dc650907174af0554
19,discovery,4,50,4,7,number_tokens,26.75,21.75,7.25,-14.5,True,True,Qwen/Qwen3-4B-Instruct-2507,cdbee75f17c01a7cc42f958dc650907174af0554
19,discovery,4,50,4,7,random_positions,26.75,21.75,21.0,-0.75,True,True,Qwen/Qwen3-4B-Instruct-2507,cdbee75f17c01a7cc42f958dc650907174af0554
19,discovery,4,50,4,8,answer_position,26.75,21.75,21.75,0.0,True,True,Qwen/Qwen3-4B-Instruct-2507,cdbee75f17c01a7cc42f958dc650907174af0554
19,discovery,4,50,4,8,number_tokens,26.75,21.75,13.5,-8.25,True,True,Qwen/Qwen3-4B-Instruct-2507,cdbee75f17c01a7cc42f958dc650907174af0554
19,discovery,4,50,4,8,random_positions,26.75,21.75,20.75,-1.0,True,True,Qwen/Qwen3-4B-Instruct-2507,cdbee75f17c01a7cc42f958dc650907174af0554
19,discovery,4,50,4,9,answer_position,26.75,21.75,21.75,0.0,True,True,Qwen/Qwen3-4B-Instruct-2507,cdbee75f17c01a7cc42f958dc650907174af0554
19,discovery,4,50,4,9,number_tokens,26.75,21.75,5.75,-16.0,True,True,Qwen/Qwen3-4B-Instruct-2507,cdbee75f17c01a7cc42f958dc650907174af0554
19,discovery,4,50,4,9,random_positions,26.75,21.75,21.0,-0.75,True,True,Qwen/Qwen3-4B-Instruct-2507,cdbee75f17c01a7cc42f958dc650907174af0554
19,discovery,4,50,4,10,answer_position,26.75,21.75,21.75,0.0,True,True,Qwen/Qwen3-4B-Instruct-2507,cdbee75f17c01a7cc42f958dc650907174af0554
19,discovery,4,50,4,10,number_tokens,26.75,21.75,7.75,-14.0,True,True,Qwen/Qwen3-4B-Instruct-2507,cdbee75f17c01a7cc42f958dc650907174af0554
19,discovery,4,50,4,10,random_positions,26.75,21.75,21.0,-0.75,True,True,Qwen/Qwen3-4B-Instruct-2507,cdbee75f17c01a7cc42f958dc650907174af0554
19,discovery,4,50,4,11,answer_position,26.75,21.75,21.75,0.0,True,True,Qwen/Qwen3-4B-Instruct-2507,cdbee75f17c01a7cc42f958dc650907174af0554
19,discovery,4,50,4,11,number_tokens,26.75,21.75,-7.25,-29.0,True,False,Qwen/Qwen3-4B-Instruct-2507,cdbee75f17c01a7cc42f958dc650907174af0554
19,discovery,4,50,4,11,random_positions,26.75,21.75,21.0,-0.75,True,True,Qwen/Qwen3-4B-Instruct-2507,cdbee75f17c01a7cc42f958dc650907174af0554
19,discovery,4,50,4,12,answer_position,26.75,21.75,21.75,0.0,True,True,Qwen/Qwen3-4B-Instruct-2507,cdbee75f17c01a7cc42f958dc650907174af0554
19,discovery,4,50,4,12,number_tokens,26.75,21.75,1.5,-20.25,True,True,Qwen/Qwen3-4B-Instruct-2507,cdbee75f17c01a7cc42f958dc650907174af0554
19,discovery,4,50,4,12,random_positions,26.75,21.75,21.25,-0.5,True,True,Qwen/Qwen3-4B-Instruct-2507,cdbee75f17c01a7cc42f958dc650907174af0554
19,discovery,4,50,4,13,answer_position,26.75,21.75,21.5,-0.25,True,True,Qwen/Qwen3-4B-Instruct-2507,cdbee75f17c01a7cc42f958dc650907174af0554
19,discovery,4,50,4,13,number_tokens,26.75,21.75,14.75,-7.0,True,True,Qwen/Qwen3-4B-Instruct-2507,cdbee75f17c01a7cc42f958dc650907174af0554
19,discovery,4,50,4,13,random_positions,26.75,21.75,20.75,-1.0,True,True,Qwen/Qwen3-4B-Instruct-2507,cdbee75f17c01a7cc42f958dc650907174af0554
19,discovery,4,50,4,14,answer_position,26.75,21.75,21.5,-0.25,True,True,Qwen/Qwen3-4B-Instruct-2507,cdbee75f17c01a7cc42f958dc650907174af0554
19,discovery,4,50,4,14,number_tokens,26.75,21.75,21.0,-0.75,True,True,Qwen/Qwen3-4B-Instruct-2507,cdbee75f17c01a7cc42f958dc650907174af0554
19,discovery,4,50,4,14,random_positions,26.75,21.75,20.5,-1.25,True,True,Qwen/Qwen3-4B-Instruct-2507,cdbee75f17c01a7cc42f958dc650907174af0554
19,discovery,4,50,4,15,answer_position,26.75,21.75,21.75,0.0,True,True,Qwen/Qwen3-4B-Instruct-2507,cdbee75f17c01a7cc42f958dc650907174af0554
19,discovery,4,50,4,15,number_tokens,26.75,21.75,25.5,3.75,True,True,Qwen/Qwen3-4B-Instruct-2507,cdbee75f17c01a7cc42f958dc650907174af0554
19,discovery,4,50,4,15,random_positions,26.75,21.75,22.0,0.25,True,True,Qwen/Qwen3-4B-Instruct-2507,cdbee75f17c01a7cc42f958dc650907174af0554
19,discovery,4,50,4,16,answer_position,26.75,21.75,21.75,0.0,True,True,Qwen/Qwen3-4B-Instruct-2507,cdbee75f17c01a7cc42f958dc650907174af0554
19,discovery,4,50,4,16,number_tokens,26.75,21.75,25.125,3.375,True,True,Qwen/Qwen3-4B-Instruct-2507,cdbee75f17c01a7cc42f958dc650907174af0554
19,discovery,4,50,4,16,random_positions,26.75,21.75,22.75,1.0,True,True,Qwen/Qwen3-4B-Instruct-2507,cdbee75f17c01a7cc42f958dc650907174af0554
19,discovery,4,50,4,17,answer_position,26.75,21.75,21.75,0.0,True,True,Qwen/Qwen3-4B-Instruct-2507,cdbee75f17c01a7cc42f958dc650907174af0554
19,discovery,4,50,4,17,number_tokens,26.75,21.75,23.625,1.875,True,True,Qwen/Qwen3-4B-Instruct-2507,cdbee75f17c01a7cc42f958dc650907174af0554
19,discovery,4,50,4,17,random_positions,26.75,21.75,22.5,0.75,True,True,Qwen/Qwen3-4B-Instruct-2507,cdbee75f17c01a7cc42f958dc650907174af0554
19,discovery,4,50,4,18,answer_position,26.75,21.75,21.75,0.0,True,True,Qwen/Qwen3-4B-Instruct-2507,cdbee75f17c01a7cc42f958dc650907174af0554
19,discovery,4,50,4,18,number_tokens,26.75,21.75,21.75,0.0,True,True,Qwen/Qwen3-4B-Instruct-2507,cdbee75f17c01a7cc42f958dc650907174af0554
19,discovery,4,50,4,18,random_positions,26.75,21.75,22.5,0.75,True,True,Qwen/Qwen3-4B-Instruct-2507,cdbee75f17c01a7cc42f958dc650907174af0554
19,discovery,4,50,4,19,answer_position,26.75,21.75,23.25,1.5,True,True,Qwen/Qwen3-4B-Instruct-2507,cdbee75f17c01a7cc42f958dc650907174af0554
19,discovery,4,50,4,19,number_tokens,26.75,21.75,20.5,-1.25,True,True,Qwen/Qwen3-4B-Instruct-2507,cdbee75f17c01a7cc42f958dc650907174af0554
19,discovery,4,50,4,19,random_positions,26.75,21.75,22.75,1.0,True,True,Qwen/Qwen3-4B-Instruct-2507,cdbee75f17c01a7cc42f958dc650907174af0554
19,discovery,4,50,4,20,answer_position,26.75,21.75,23.25,1.5,True,True,Qwen/Qwen3-4B-Instruct-2507,cdbee75f17c01a7cc42f958dc650907174af0554
19,discovery,4,50,4,20,number_tokens,26.75,21.75,21.5,-0.25,True,True,Qwen/Qwen3-4B-Instruct-2507,cdbee75f17c01a7cc42f958dc650907174af0554
19,discovery,4,50,4,20,random_positions,26.75,21.75,23.0,1.25,True,True,Qwen/Qwen3-4B-Instruct-2507,cdbee75f17c01a7cc42f958dc650907174af0554
19,discovery,4,50,4,21,answer_position,26.75,21.75,25.75,4.0,True,True,Qwen/Qwen3-4B-Instruct-2507,cdbee75f17c01a7cc42f958dc650907174af0554
19,discovery,4,50,4,21,number_tokens,26.75,21.75,21.25,-0.5,True,True,Qwen/Qwen3-4B-Instruct-2507,cdbee75f17c01a7cc42f958dc650907174af0554
19,discovery,4,50,4,21,random_positions,26.75,21.75,22.5,0.75,True,True,Qwen/Qwen3-4B-Instruct-2507,cdbee75f17c01a7cc42f958dc650907174af0554
19,discovery,4,50,4,22,answer_position,26.75,21.75,25.375,3.625,True,True,Qwen/Qwen3-4B-Instruct-2507,cdbee75f17c01a7cc42f958dc650907174af0554
19,discovery,4,50,4,22,number_tokens,26.75,21.75,21.25,-0.5,True,True,Qwen/Qwen3-4B-Instruct-2507,cdbee75f17c01a7cc42f958dc650907174af0554
19,discovery,4,50,4,22,random_positions,26.75,21.75,22.75,1.0,True,True,Qwen/Qwen3-4B-Instruct-2507,cdbee75f17c01a7cc42f958dc650907174af0554
19,discovery,4,50,4,23,answer_position,26.75,21.75,25.125,3.375,True,True,Qwen/Qwen3-4B-Instruct-2507,cdbee75f17c01a7cc42f958dc650907174af0554
19,discovery,4,50,4,23,number_tokens,26.75,21.75,21.25,-0.5,True,True,Qwen/Qwen3-4B-Instruct-2507,cdbee75f17c01a7cc42f958dc650907174af0554
19,discovery,4,50,4,23,random_positions,26.75,21.75,22.25,0.5,True,True,Qwen/Qwen3-4B-Instruct-2507,cdbee75f17c01a7cc42f958dc650907174af0554
19,discovery,4,50,4,24,answer_position,26.75,21.75,26.375,4.625,True,True,Qwen/Qwen3-4B-Instruct-2507,cdbee75f17c01a7cc42f958dc650907174af0554
19,discovery,4,50,4,24,number_tokens,26.75,21.75,21.25,-0.5,True,True,Qwen/Qwen3-4B-Instruct-2507,cdbee75f17c01a7cc42f958dc650907174af0554
19,discovery,4,50,4,24,random_positions,26.75,21.75,22.0,0.25,True,True,Qwen/Qwen3-4B-Instruct-2507,cdbee75f17c01a7cc42f958dc650907174af0554
19,discovery,4,50,4,25,answer_position,26.75,21.75,26.0,4.25,True,True,Qwen/Qwen3-4B-Instruct-2507,cdbee75f17c01a7cc42f958dc650907174af0554
19,discovery,4,50,4,25,number_tokens,26.75,21.75,21.25,-0.5,True,True,Qwen/Qwen3-4B-Instruct-2507,cdbee75f17c01a7cc42f958dc650907174af0554
19,discovery,4,50,4,25,random_positions,26.75,21.75,22.25,0.5,True,True,Qwen/Qwen3-4B-Instruct-2507,cdbee75f17c01a7cc42f958dc650907174af0554
19,discovery,4,50,4,26,answer_position,26.75,21.75,26.125,4.375,True,True,Qwen/Qwen3-4B-Instruct-2507,cdbee75f17c01a7cc42f958dc650907174af0554
19,discovery,4,50,4,26,number_tokens,26.75,21.75,21.25,-0.5,True,True,Qwen/Qwen3-4B-Instruct-2507,cdbee75f17c01a7cc42f958dc650907174af0554
19,discovery,4,50,4,26,random_positions,26.75,21.75,22.0,0.25,True,True,Qwen/Qwen3-4B-Instruct-2507,cdbee75f17c01a7cc42f958dc650907174af0554
19,discovery,4,50,4,27,answer_position,26.75,21.75,26.0,4.25,True,True,Qwen/Qwen3-4B-Instruct-2507,cdbee75f17c01a7cc42f958dc650907174af0554
19,discovery,4,50,4,27,number_tokens,26.75,21.75,21.75,0.0,True,True,Qwen/Qwen3-4B-Instruct-2507,cdbee75f17c01a7cc42f958dc650907174af0554
19,discovery,4,50,4,27,random_positions,26.75,21.75,22.0,0.25,True,True,Qwen/Qwen3-4B-Instruct-2507,cdbee75f17c01a7cc42f958dc650907174af0554
19,discovery,4,50,4,28,answer_position,26.75,21.75,26.125,4.375,True,True,Qwen/Qwen3-4B-Instruct-2507,cdbee75f17c01a7cc42f958dc650907174af0554
19,discovery,4,50,4,28,number_tokens,26.75,21.75,21.75,0.0,True,True,Qwen/Qwen3-4B-Instruct-2507,cdbee75f17c01a7cc42f958dc650907174af0554
19,discovery,4,50,4,28,random_positions,26.75,21.75,22.0,0.25,True,True,Qwen/Qwen3-4B-Instruct-2507,cdbee75f17c01a7cc42f958dc650907174af0554
19,discovery,4,50,4,29,answer_position,26.75,21.75,26.25,4.5,True,True,Qwen/Qwen3-4B-Instruct-2507,cdbee75f17c01a7cc42f958dc650907174af0554
19,discovery,4,50,4,29,number_tokens,26.75,21.75,21.5,-0.25,True,True,Qwen/Qwen3-4B-Instruct-2507,cdbee75f17c01a7cc42f958dc650907174af0554
19,discovery,4,50,4,29,random_positions,26.75,21.75,22.0,0.25,True,True,Qwen/Qwen3-4B-Instruct-2507,cdbee75f17c01a7cc42f958dc650907174af0554
19,discovery,4,50,4,30,answer_position,26.75,21.75,26.25,4.5,True,True,Qwen/Qwen3-4B-Instruct-2507,cdbee75f17c01a7cc42f958dc650907174af0554
19,discovery,4,50,4,30,number_tokens,26.75,21.75,21.5,-0.25,True,True,Qwen/Qwen3-4B-Instruct-2507,cdbee75f17c01a7cc42f958dc650907174af0554
19,discovery,4,50,4,30,random_positions,26.75,21.75,22.0,0.25,True,True,Qwen/Qwen3-4B-Instruct-2507,cdbee75f17c01a7cc42f958dc650907174af0554
19,discovery,4,50,4,31,answer_position,26.75,21.75,26.375,4.625,True,True,Qwen/Qwen3-4B-Instruct-2507,cdbee75f17c01a7cc42f958dc650907174af0554
19,discovery,4,50,4,31,number_tokens,26.75,21.75,21.75,0.0,True,True,Qwen/Qwen3-4B-Instruct-2507,cdbee75f17c01a7cc42f958dc650907174af0554
19,discovery,4,50,4,31,random_positions,26.75,21.75,21.75,0.0,True,True,Qwen/Qwen3-4B-Instruct-2507,cdbee75f17c01a7cc42f958dc650907174af0554
19,discovery,4,50,4,32,answer_position,26.75,21.75,26.25,4.5,True,True,Qwen/Qwen3-4B-Instruct-2507,cdbee75f17c01a7cc42f958dc650907174af0554
19,discovery,4,50,4,32,number_tokens,26.75,21.75,21.5,-0.25,True,True,Qwen/Qwen3-4B-Instruct-2507,cdbee75f17c01a7cc42f958dc650907174af0554
19,discovery,4,50,4,32,random_positions,26.75,21.75,21.75,0.0,True,True,Qwen/Qwen3-4B-Instruct-2507,cdbee75f17c01a7cc42f958dc650907174af0554
19,discovery,4,50,4,33,answer_position,26.75,21.75,26.125,4.375,True,True,Qwen/Qwen3-4B-Instruct-2507,cdbee75f17c01a7cc42f958dc650907174af0554
19,discovery,4,50,4,33,number_tokens,26.75,21.75,21.75,0.0,True,True,Qwen/Qwen3-4B-Instruct-2507,cdbee75f17c01a7cc42f958dc650907174af0554
19,discovery,4,50,4,33,random_positions,26.75,21.75,22.0,0.25,True,True,Qwen/Qwen3-4B-Instruct-2507,cdbee75f17c01a7cc42f958dc650907174af0554
19,discovery,4,50,4,34,answer_position,26.75,21.75,26.5,4.75,True,True,Qwen/Qwen3-4B-Instruct-2507,cdbee75f17c01a7cc42f958dc650907174af0554
19,discovery,4,50,4,34,number_tokens,26.75,21.75,21.5,-0.25,True,True,Qwen/Qwen3-4B-Instruct-2507,cdbee75f17c01a7cc42f958dc650907174af0554
19,discovery,4,50,4,34,random_positions,26.75,21.75,21.75,0.0,True,True,Qwen/Qwen3-4B-Instruct-2507,cdbee75f17c01a7cc42f958dc650907174af0554
19,discovery,4,50,4,35,answer_position,26.75,21.75,26.75,5.0,True,True,Qwen/Qwen3-4B-Instruct-2507,cdbee75f17c01a7cc42f958dc650907174af0554
19,discovery,4,50,4,35,number_tokens,26.75,21.75,21.75,0.0,True,True,Qwen/Qwen3-4B-Instruct-2507,cdbee75f17c01a7cc42f958dc650907174af0554
19,discovery,4,50,4,35,random_positions,26.75,21.75,21.75,0.0,True,True,Qwen/Qwen3-4B-Instruct-2507,cdbee75f17c01a7cc42f958dc650907174af0554
20,heldout,5,50,4,0,answer_position,26.375,19.75,19.75,0.0,True,True,Qwen/Qwen3-4B-Instruct-2507,cdbee75f17c01a7cc42f958dc650907174af0554
20,heldout,5,50,4,0,number_tokens,26.375,19.75,20.0,0.25,True,True,Qwen/Qwen3-4B-Instruct-2507,cdbee75f17c01a7cc42f958dc650907174af0554
20,heldout,5,50,4,0,random_positions,26.375,19.75,19.5,-0.25,True,True,Qwen/Qwen3-4B-Instruct-2507,cdbee75f17c01a7cc42f958dc650907174af0554
20,heldout,5,50,4,1,answer_position,26.375,19.75,19.75,0.0,True,True,Qwen/Qwen3-4B-Instruct-2507,cdbee75f17c01a7cc42f958dc650907174af0554
20,heldout,5,50,4,1,number_tokens,26.375,19.75,20.25,0.5,True,True,Qwen/Qwen3-4B-Instruct-2507,cdbee75f17c01a7cc42f958dc650907174af0554
20,heldout,5,50,4,1,random_positions,26.375,19.75,20.0,0.25,True,True,Qwen/Qwen3-4B-Instruct-2507,cdbee75f17c01a7cc42f958dc650907174af0554
20,heldout,5,50,4,2,answer_position,26.375,19.75,19.5,-0.25,True,True,Qwen/Qwen3-4B-Instruct-2507,cdbee75f17c01a7cc42f958dc650907174af0554
20,heldout,5,50,4,2,number_tokens,26.375,19.75,20.25,0.5,True,True,Qwen/Qwen3-4B-Instruct-2507,cdbee75f17c01a7cc42f958dc650907174af0554
20,heldout,5,50,4,2,random_positions,26.375,19.75,19.5,-0.25,True,True,Qwen/Qwen3-4B-Instruct-2507,cdbee75f17c01a7cc42f958dc650907174af0554
20,heldout,5,50,4,3,answer_position,26.375,19.75,19.5,-0.25,True,True,Qwen/Qwen3-4B-Instruct-2507,cdbee75f17c01a7cc42f958dc650907174af0554
20,heldout,5,50,4,3,number_tokens,26.375,19.75,18.75,-1.0,True,True,Qwen/Qwen3-4B-Instruct-2507,cdbee75f17c01a7cc42f958dc650907174af0554
20,heldout,5,50,4,3,random_positions,26.375,19.75,19.25,-0.5,True,True,Qwen/Qwen3-4B-Instruct-2507,cdbee75f17c01a7cc42f958dc650907174af0554
20,heldout,5,50,4,4,answer_position,26.375,19.75,19.75,0.0,True,True,Qwen/Qwen3-4B-Instruct-2507,cdbee75f17c01a7cc42f958dc650907174af0554
20,heldout,5,50,4,4,number_tokens,26.375,19.75,19.0,-0.75,True,True,Qwen/Qwen3-4B-Instruct-2507,cdbee75f17c01a7cc42f958dc650907174af0554
20,heldout,5,50,4,4,random_positions,26.375,19.75,19.75,0.0,True,True,Qwen/Qwen3-4B-Instruct-2507,cdbee75f17c01a7cc42f958dc650907174af0554
20,heldout,5,50,4,5,answer_position,26.375,19.75,19.5,-0.25,True,True,Qwen/Qwen3-4B-Instruct-2507,cdbee75f17c01a7cc42f958dc650907174af0554
20,heldout,5,50,4,5,number_tokens,26.375,19.75,17.5,-2.25,True,True,Qwen/Qwen3-4B-Instruct-2507,cdbee75f17c01a7cc42f958dc650907174af0554
20,heldout,5,50,4,5,random_positions,26.375,19.75,19.75,0.0,True,True,Qwen/Qwen3-4B-Instruct-2507,cdbee75f17c01a7cc42f958dc650907174af0554
20,heldout,5,50,4,6,answer_position,26.375,19.75,19.75,0.0,True,True,Qwen/Qwen3-4B-Instruct-2507,cdbee75f17c01a7cc42f958dc650907174af0554
20,heldout,5,50,4,6,number_tokens,26.375,19.75,18.5,-1.25,True,True,Qwen/Qwen3-4B-Instruct-2507,cdbee75f17c01a7cc42f958dc650907174af0554
20,heldout,5,50,4,6,random_positions,26.375,19.75,19.75,0.0,True,True,Qwen/Qwen3-4B-Instruct-2507,cdbee75f17c01a7cc42f958dc650907174af0554
20,heldout,5,50,4,7,answer_position,26.375,19.75,19.75,0.0,True,True,Qwen/Qwen3-4B-Instruct-2507,cdbee75f17c01a7cc42f958dc650907174af0554
20,heldout,5,50,4,7,number_tokens,26.375,19.75,14.75,-5.0,True,True,Qwen/Qwen3-4B-Instruct-2507,cdbee75f17c01a7cc42f958dc650907174af0554
20,heldout,5,50,4,7,random_positions,26.375,19.75,19.5,-0.25,True,True,Qwen/Qwen3-4B-Instruct-2507,cdbee75f17c01a7cc42f958dc650907174af0554
20,heldout,5,50,4,8,answer_position,26.375,19.75,19.75,0.0,True,True,Qwen/Qwen3-4B-Instruct-2507,cdbee75f17c01a7cc42f958dc650907174af0554
20,heldout,5,50,4,8,number_tokens,26.375,19.75,19.75,0.0,True,True,Qwen/Qwen3-4B-Instruct-2507,cdbee75f17c01a7cc42f958dc650907174af0554
20,heldout,5,50,4,8,random_positions,26.375,19.75,19.5,-0.25,True,True,Qwen/Qwen3-4B-Instruct-2507,cdbee75f17c01a7cc42f958dc650907174af0554
20,heldout,5,50,4,9,answer_position,26.375,19.75,19.5,-0.25,True,True,Qwen/Qwen3-4B-Instruct-2507,cdbee75f17c01a7cc42f958dc650907174af0554
20,heldout,5,50,4,9,number_tokens,26.375,19.75,11.0,-8.75,True,True,Qwen/Qwen3-4B-Instruct-2507,cdbee75f17c01a7cc42f958dc650907174af0554
20,heldout,5,50,4,9,random_positions,26.375,19.75,20.25,0.5,True,True,Qwen/Qwen3-4B-Instruct-2507,cdbee75f17c01a7cc42f958dc650907174af0554
20,heldout,5,50,4,10,answer_position,26.375,19.75,19.5,-0.25,True,True,Qwen/Qwen3-4B-Instruct-2507,cdbee75f17c01a7cc42f958dc650907174af0554
20,heldout,5,50,4,10,number_tokens,26.375,19.75,15.75,-4.0,True,True,Qwen/Qwen3-4B-Instruct-2507,cdbee75f17c01a7cc42f958dc650907174af0554
20,heldout,5,50,4,10,random_positions,26.375,19.75,20.0,0.25,True,True,Qwen/Qwen3-4B-Instruct-2507,cdbee75f17c01a7cc42f958dc650907174af0554
20,heldout,5,50,4,11,answer_position,26.375,19.75,19.75,0.0,True,True,Qwen/Qwen3-4B-Instruct-2507,cdbee75f17c01a7cc42f958dc650907174af0554
20,heldout,5,50,4,11,number_tokens,26.375,19.75,-2.25,-22.0,True,False,Qwen/Qwen3-4B-Instruct-2507,cdbee75f17c01a7cc42f958dc650907174af0554
20,heldout,5,50,4,11,random_positions,26.375,19.75,20.25,0.5,True,True,Qwen/Qwen3-4B-Instruct-2507,cdbee75f17c01a7cc42f958dc650907174af0554
20,heldout,5,50,4,12,answer_position,26.375,19.75,19.75,0.0,True,True,Qwen/Qwen3-4B-Instruct-2507,cdbee75f17c01a7cc42f958dc650907174af0554
20,heldout,5,50,4,12,number_tokens,26.375,19.75,3.25,-16.5,True,True,Qwen/Qwen3-4B-Instruct-2507,cdbee75f17c01a7cc42f958dc650907174af0554
20,heldout,5,50,4,12,random_positions,26.375,19.75,20.25,0.5,True,True,Qwen/Qwen3-4B-Instruct-2507,cdbee75f17c01a7cc42f958dc650907174af0554
20,heldout,5,50,4,13,answer_position,26.375,19.75,19.5,-0.25,True,True,Qwen/Qwen3-4B-Instruct-2507,cdbee75f17c01a7cc42f958dc650907174af0554
20,heldout,5,50,4,13,number_tokens,26.375,19.75,7.0,-12.75,True,True,Qwen/Qwen3-4B-Instruct-2507,cdbee75f17c01a7cc42f958dc650907174af0554
20,heldout,5,50,4,13,random_positions,26.375,19.75,19.75,0.0,True,True,Qwen/Qwen3-4B-Instruct-2507,cdbee75f17c01a7cc42f958dc650907174af0554
20,heldout,5,50,4,14,answer_position,26.375,19.75,19.75,0.0,True,True,Qwen/Qwen3-4B-Instruct-2507,cdbee75f17c01a7cc42f958dc650907174af0554
20,heldout,5,50,4,14,number_tokens,26.375,19.75,20.0,0.25,True,True,Qwen/Qwen3-4B-Instruct-2507,cdbee75f17c01a7cc42f958dc650907174af0554
20,heldout,5,50,4,14,random_positions,26.375,19.75,21.0,1.25,True,True,Qwen/Qwen3-4B-Instruct-2507,cdbee75f17c01a7cc42f958dc650907174af0554
20,heldout,5,50,4,15,answer_position,26.375,19.75,19.5,-0.25,True,True,Qwen/Qwen3-4B-Instruct-2507,cdbee75f17c01a7cc42f958dc650907174af0554
20,heldout,5,50,4,15,number_tokens,26.375,19.75,24.625,4.875,True,True,Qwen/Qwen3-4B-Instruct-2507,cdbee75f17c01a7cc42f958dc650907174af0554
20,heldout,5,50,4,15,random_positions,26.375,19.75,21.25,1.5,True,True,Qwen/Qwen3-4B-Instruct-2507,cdbee75f17c01a7cc42f958dc650907174af0554
20,heldout,5,50,4,16,answer_position,26.375,19.75,19.75,0.0,True,True,Qwen/Qwen3-4B-Instruct-2507,cdbee75f17c01a7cc42f958dc650907174af0554
20,heldout,5,50,4,16,number_tokens,26.375,19.75,24.375,4.625,True,True,Qwen/Qwen3-4B-Instruct-2507,cdbee75f17c01a7cc42f958dc650907174af0554
20,heldout,5,50,4,16,random_positions,26.375,19.75,22.0,2.25,True,True,Qwen/Qwen3-4B-Instruct-2507,cdbee75f17c01a7cc42f958dc650907174af0554
20,heldout,5,50,4,17,answer_position,26.375,19.75,19.5,-0.25,True,True,Qwen/Qwen3-4B-Instruct-2507,cdbee75f17c01a7cc42f958dc650907174af0554
20,heldout,5,50,4,17,number_tokens,26.375,19.75,22.5,2.75,True,True,Qwen/Qwen3-4B-Instruct-2507,cdbee75f17c01a7cc42f958dc650907174af0554
20,heldout,5,50,4,17,random_positions,26.375,19.75,22.5,2.75,True,True,Qwen/Qwen3-4B-Instruct-2507,cdbee75f17c01a7cc42f958dc650907174af0554
20,heldout,5,50,4,18,answer_position,26.375,19.75,19.5,-0.25,True,True,Qwen/Qwen3-4B-Instruct-2507,cdbee75f17c01a7cc42f958dc650907174af0554
20,heldout,5,50,4,18,number_tokens,26.375,19.75,20.5,0.75,True,True,Qwen/Qwen3-4B-Instruct-2507,cdbee75f17c01a7cc42f958dc650907174af0554
20,heldout,5,50,4,18,random_positions,26.375,19.75,24.5,4.75,True,True,Qwen/Qwen3-4B-Instruct-2507,cdbee75f17c01a7cc42f958dc650907174af0554
20,heldout,5,50,4,19,answer_position,26.375,19.75,21.5,1.75,True,True,Qwen/Qwen3-4B-Instruct-2507,cdbee75f17c01a7cc42f958dc650907174af0554
20,heldout,5,50,4,19,number_tokens,26.375,19.75,17.75,-2.0,True,True,Qwen/Qwen3-4B-Instruct-2507,cdbee75f17c01a7cc42f958dc650907174af0554
20,heldout,5,50,4,19,random_positions,26.375,19.75,24.625,4.875,True,True,Qwen/Qwen3-4B-Instruct-2507,cdbee75f17c01a7cc42f958dc650907174af0554
20,heldout,5,50,4,20,answer_position,26.375,19.75,22.0,2.25,True,True,Qwen/Qwen3-4B-Instruct-2507,cdbee75f17c01a7cc42f958dc650907174af0554
20,heldout,5,50,4,20,number_tokens,26.375,19.75,19.25,-0.5,True,True,Qwen/Qwen3-4B-Instruct-2507,cdbee75f17c01a7cc42f958dc650907174af0554
20,heldout,5,50,4,20,random_positions,26.375,19.75,24.0,4.25,True,True,Qwen/Qwen3-4B-Instruct-2507,cdbee75f17c01a7cc42f958dc650907174af0554
20,heldout,5,50,4,21,answer_position,26.375,19.75,25.125,5.375,True,True,Qwen/Qwen3-4B-Instruct-2507,cdbee75f17c01a7cc42f958dc650907174af0554
20,heldout,5,50,4,21,number_tokens,26.375,19.75,18.25,-1.5,True,True,Qwen/Qwen3-4B-Instruct-2507,cdbee75f17c01a7cc42f958dc650907174af0554
20,heldout,5,50,4,21,random_positions,26.375,19.75,21.5,1.75,True,True,Qwen/Qwen3-4B-Instruct-2507,cdbee75f17c01a7cc42f958dc650907174af0554
20,heldout,5,50,4,22,answer_position,26.375,19.75,25.5,5.75,True,True,Qwen/Qwen3-4B-Instruct-2507,cdbee75f17c01a7cc42f958dc650907174af0554
20,heldout,5,50,4,22,number_tokens,26.375,19.75,19.0,-0.75,True,True,Qwen/Qwen3-4B-Instruct-2507,cdbee75f17c01a7cc42f958dc650907174af0554
20,heldout,5,50,4,22,random_positions,26.375,19.75,20.75,1.0,True,True,Qwen/Qwen3-4B-Instruct-2507,cdbee75f17c01a7cc42f958dc650907174af0554
20,heldout,5,50,4,23,answer_position,26.375,19.75,25.0,5.25,True,True,Qwen/Qwen3-4B-Instruct-2507,cdbee75f17c01a7cc42f958dc650907174af0554
20,heldout,5,50,4,23,number_tokens,26.375,19.75,19.25,-0.5,True,True,Qwen/Qwen3-4B-Instruct-2507,cdbee75f17c01a7cc42f958dc650907174af0554
20,heldout,5,50,4,23,random_positions,26.375,19.75,21.5,1.75,True,True,Qwen/Qwen3-4B-Instruct-2507,cdbee75f17c01a7cc42f958dc650907174af0554
20,heldout,5,50,4,24,answer_position,26.375,19.75,26.125,6.375,True,True,Qwen/Qwen3-4B-Instruct-2507,cdbee75f17c01a7cc42f958dc650907174af0554
20,heldout,5,50,4,24,number_tokens,26.375,19.75,19.5,-0.25,True,True,Qwen/Qwen3-4B-Instruct-2507,cdbee75f17c01a7cc42f958dc650907174af0554
20,heldout,5,50,4,24,random_positions,26.375,19.75,20.0,0.25,True,True,Qwen/Qwen3-4B-Instruct-2507,cdbee75f17c01a7cc42f958dc650907174af0554
20,heldout,5,50,4,25,answer_position,26.375,19.75,25.625,5.875,True,True,Qwen/Qwen3-4B-Instruct-2507,cdbee75f17c01a7cc42f958dc650907174af0554
20,heldout,5,50,4,25,number_tokens,26.375,19.75,19.5,-0.25,True,True,Qwen/Qwen3-4B-Instruct-2507,cdbee75f17c01a7cc42f958dc650907174af0554
20,heldout,5,50,4,25,random_positions,26.375,19.75,20.0,0.25,True,True,Qwen/Qwen3-4B-Instruct-2507,cdbee75f17c01a7cc42f958dc650907174af0554
20,heldout,5,50,4,26,answer_position,26.375,19.75,25.875,6.125,True,True,Qwen/Qwen3-4B-Instruct-2507,cdbee75f17c01a7cc42f958dc650907174af0554
20,heldout,5,50,4,26,number_tokens,26.375,19.75,19.5,-0.25,True,True,Qwen/Qwen3-4B-Instruct-2507,cdbee75f17c01a7cc42f958dc650907174af0554
20,heldout,5,50,4,26,random_positions,26.375,19.75,20.0,0.25,True,True,Qwen/Qwen3-4B-Instruct-2507,cdbee75f17c01a7cc42f958dc650907174af0554
20,heldout,5,50,4,27,answer_position,26.375,19.75,25.75,6.0,True,True,Qwen/Qwen3-4B-Instruct-2507,cdbee75f17c01a7cc42f958dc650907174af0554
20,heldout,5,50,4,27,number_tokens,26.375,19.75,20.0,0.25,True,True,Qwen/Qwen3-4B-Instruct-2507,cdbee75f17c01a7cc42f958dc650907174af0554
20,heldout,5,50,4,27,random_positions,26.375,19.75,20.0,0.25,True,True,Qwen/Qwen3-4B-Instruct-2507,cdbee75f17c01a7cc42f958dc650907174af0554
20,heldout,5,50,4,28,answer_position,26.375,19.75,25.625,5.875,True,True,Qwen/Qwen3-4B-Instruct-2507,cdbee75f17c01a7cc42f958dc650907174af0554
20,heldout,5,50,4,28,number_tokens,26.375,19.75,19.75,0.0,True,True,Qwen/Qwen3-4B-Instruct-2507,cdbee75f17c01a7cc42f958dc650907174af0554
20,heldout,5,50,4,28,random_positions,26.375,19.75,20.0,0.25,True,True,Qwen/Qwen3-4B-Instruct-2507,cdbee75f17c01a7cc42f958dc650907174af0554
20,heldout,5,50,4,29,answer_position,26.375,19.75,25.75,6.0,True,True,Qwen/Qwen3-4B-Instruct-2507,cdbee75f17c01a7cc42f958dc650907174af0554
20,heldout,5,50,4,29,number_tokens,26.375,19.75,19.75,0.0,True,True,Qwen/Qwen3-4B-Instruct-2507,cdbee75f17c01a7cc42f958dc650907174af0554
20,heldout,5,50,4,29,random_positions,26.375,19.75,20.0,0.25,True,True,Qwen/Qwen3-4B-Instruct-2507,cdbee75f17c01a7cc42f958dc650907174af0554
20,heldout,5,50,4,30,answer_position,26.375,19.75,25.875,6.125,True,True,Qwen/Qwen3-4B-Instruct-2507,cdbee75f17c01a7cc42f958dc650907174af0554
20,heldout,5,50,4,30,number_tokens,26.375,19.75,19.5,-0.25,True,True,Qwen/Qwen3-4B-Instruct-2507,cdbee75f17c01a7cc42f958dc650907174af0554
20,heldout,5,50,4,30,random_positions,26.375,19.75,19.75,0.0,True,True,Qwen/Qwen3-4B-Instruct-2507,cdbee75f17c01a7cc42f958dc650907174af0554
20,heldout,5,50,4,31,answer_position,26.375,19.75,26.0,6.25,True,True,Qwen/Qwen3-4B-Instruct-2507,cdbee75f17c01a7cc42f958dc650907174af0554
20,heldout,5,50,4,31,number_tokens,26.375,19.75,19.75,0.0,True,True,Qwen/Qwen3-4B-Instruct-2507,cdbee75f17c01a7cc42f958dc650907174af0554
20,heldout,5,50,4,31,random_positions,26.375,19.75,19.75,0.0,True,True,Qwen/Qwen3-4B-Instruct-2507,cdbee75f17c01a7cc42f958dc650907174af0554
20,heldout,5,50,4,32,answer_position,26.375,19.75,25.875,6.125,True,True,Qwen/Qwen3-4B-Instruct-2507,cdbee75f17c01a7cc42f958dc650907174af0554
20,heldout,5,50,4,32,number_tokens,26.375,19.75,19.75,0.0,True,True,Qwen/Qwen3-4B-Instruct-2507,cdbee75f17c01a7cc42f958dc650907174af0554
20,heldout,5,50,4,32,random_positions,26.375,19.75,19.75,0.0,True,True,Qwen/Qwen3-4B-Instruct-2507,cdbee75f17c01a7cc42f958dc650907174af0554
20,heldout,5,50,4,33,answer_position,26.375,19.75,25.875,6.125,True,True,Qwen/Qwen3-4B-Instruct-2507,cdbee75f17c01a7cc42f958dc650907174af0554
20,heldout,5,50,4,33,number_tokens,26.375,19.75,19.75,0.0,True,True,Qwen/Qwen3-4B-Instruct-2507,cdbee75f17c01a7cc42f958dc650907174af0554
20,heldout,5,50,4,33,random_positions,26.375,19.75,19.75,0.0,True,True,Qwen/Qwen3-4B-Instruct-2507,cdbee75f17c01a7cc42f958dc650907174af0554
20,heldout,5,50,4,34,answer_position,26.375,19.75,26.25,6.5,True,True,Qwen/Qwen3-4B-Instruct-2507,cdbee75f17c01a7cc42f958dc650907174af0554
20,heldout,5,50,4,34,number_tokens,26.375,19.75,19.75,0.0,True,True,Qwen/Qwen3-4B-Instruct-2507,cdbee75f17c01a7cc42f958dc650907174af0554
20,heldout,5,50,4,34,random_positions,26.375,19.75,19.75,0.0,True,True,Qwen/Qwen3-4B-Instruct-2507,cdbee75f17c01a7cc42f958dc650907174af0554
20,heldout,5,50,4,35,answer_position,26.375,19.75,26.375,6.625,True,True,Qwen/Qwen3-4B-Instruct-2507,cdbee75f17c01a7cc42f958dc650907174af0554
20,heldout,5,50,4,35,number_tokens,26.375,19.75,19.75,0.0,True,True,Qwen/Qwen3-4B-Instruct-2507,cdbee75f17c01a7cc42f958dc650907174af0554
20,heldout,5,50,4,35,random_positions,26.375,19.75,19.75,0.0,True,True,Qwen/Qwen3-4B-Instruct-2507,cdbee75f17c01a7cc42f958dc650907174af0554
21,heldout,5,51,2,0,answer_position,26.25,22.75,22.5,-0.25,True,True,Qwen/Qwen3-4B-Instruct-2507,cdbee75f17c01a7cc42f958dc650907174af0554
21,heldout,5,51,2,0,number_tokens,26.25,22.75,22.5,-0.25,True,True,Qwen/Qwen3-4B-Instruct-2507,cdbee75f17c01a7cc42f958dc650907174af0554
21,heldout,5,51,2,0,random_positions,26.25,22.75,5.5,-17.25,True,True,Qwen/Qwen3-4B-Instruct-2507,cdbee75f17c01a7cc42f958dc650907174af0554
21,heldout,5,51,2,1,answer_position,26.25,22.75,22.75,0.0,True,True,Qwen/Qwen3-4B-Instruct-2507,cdbee75f17c01a7cc42f958dc650907174af0554
21,heldout,5,51,2,1,number_tokens,26.25,22.75,23.0,0.25,True,True,Qwen/Qwen3-4B-Instruct-2507,cdbee75f17c01a7cc42f958dc650907174af0554
21,heldout,5,51,2,1,random_positions,26.25,22.75,15.0,-7.75,True,True,Qwen/Qwen3-4B-Instruct-2507,cdbee75f17c01a7cc42f958dc650907174af0554
21,heldout,5,51,2,2,answer_position,26.25,22.75,22.75,0.0,True,True,Qwen/Qwen3-4B-Instruct-2507,cdbee75f17c01a7cc42f958dc650907174af0554
21,heldout,5,51,2,2,number_tokens,26.25,22.75,23.25,0.5,True,True,Qwen/Qwen3-4B-Instruct-2507,cdbee75f17c01a7cc42f958dc650907174af0554
21,heldout,5,51,2,2,random_positions,26.25,22.75,14.0,-8.75,True,True,Qwen/Qwen3-4B-Instruct-2507,cdbee75f17c01a7cc42f958dc650907174af0554
21,heldout,5,51,2,3,answer_position,26.25,22.75,22.75,0.0,True,True,Qwen/Qwen3-4B-Instruct-2507,cdbee75f17c01a7cc42f958dc650907174af0554
21,heldout,5,51,2,3,number_tokens,26.25,22.75,22.5,-0.25,True,True,Qwen/Qwen3-4B-Instruct-2507,cdbee75f17c01a7cc42f958dc650907174af0554
21,heldout,5,51,2,3,random_positions,26.25,22.75,20.0,-2.75,True,True,Qwen/Qwen3-4B-Instruct-2507,cdbee75f17c01a7cc42f958dc650907174af0554
21,heldout,5,51,2,4,answer_position,26.25,22.75,22.75,0.0,True,True,Qwen/Qwen3-4B-Instruct-2507,cdbee75f17c01a7cc42f958dc650907174af0554
21,heldout,5,51,2,4,number_tokens,26.25,22.75,22.75,0.0,True,True,Qwen/Qwen3-4B-Instruct-2507,cdbee75f17c01a7cc42f958dc650907174af0554
21,heldout,5,51,2,4,random_positions,26.25,22.75,21.25,-1.5,True,True,Qwen/Qwen3-4B-Instruct-2507,cdbee75f17c01a7cc42f958dc650907174af0554
21,heldout,5,51,2,5,answer_position,26.25,22.75,22.75,0.0,True,True,Qwen/Qwen3-4B-Instruct-2507,cdbee75f17c01a7cc42f958dc650907174af0554
21,heldout,5,51,2,5,number_tokens,26.25,22.75,20.75,-2.0,True,True,Qwen/Qwen3-4B-Instruct-2507,cdbee75f17c01a7cc42f958dc650907174af0554
21,heldout,5,51,2,5,random_positions,26.25,22.75,24.25,1.5,True,True,Qwen/Qwen3-4B-Instruct-2507,cdbee75f17c01a7cc42f958dc650907174af0554
21,heldout,5,51,2,6,answer_position,26.25,22.75,22.75,0.0,True,True,Qwen/Qwen3-4B-Instruct-2507,cdbee75f17c01a7cc42f958dc650907174af0554
21,heldout,5,51,2,6,number_tokens,26.25,22.75,21.25,-1.5,True,True,Qwen/Qwen3-4B-Instruct-2507,cdbee75f17c01a7cc42f958dc650907174af0554
21,heldout,5,51,2,6,random_positions,26.25,22.75,24.25,1.5,True,True,Qwen/Qwen3-4B-Instruct-2507,cdbee75f17c01a7cc42f958dc650907174af0554
21,heldout,5,51,2,7,answer_position,26.25,22.75,22.75,0.0,True,True,Qwen/Qwen3-4B-Instruct-2507,cdbee75f17c01a7cc42f958dc650907174af0554
21,heldout,5,51,2,7,number_tokens,26.25,22.75,19.75,-3.0,True,True,Qwen/Qwen3-4B-Instruct-2507,cdbee75f17c01a7cc42f958dc650907174af0554
21,heldout,5,51,2,7,random_positions,26.25,22.75,24.125,1.375,True,True,Qwen/Qwen3-4B-Instruct-2507,cdbee75f17c01a7cc42f958dc650907174af0554
21,heldout,5,51,2,8,answer_position,26.25,22.75,22.75,0.0,True,True,Qwen/Qwen3-4B-Instruct-2507,cdbee75f17c01a7cc42f958dc650907174af0554
21,heldout,5,51,2,8,number_tokens,26.25,22.75,21.0,-1.75,True,True,Qwen/Qwen3-4B-Instruct-2507,cdbee75f17c01a7cc42f958dc650907174af0554
21,heldout,5,51,2,8,random_positions,26.25,22.75,23.75,1.0,True,True,Qwen/Qwen3-4B-Instruct-2507,cdbee75f17c01a7cc42f958dc650907174af0554
21,heldout,5,51,2,9,answer_position,26.25,22.75,22.75,0.0,True,True,Qwen/Qwen3-4B-Instruct-2507,cdbee75f17c01a7cc42f958dc650907174af0554
21,heldout,5,51,2,9,number_tokens,26.25,22.75,6.5,-16.25,True,True,Qwen/Qwen3-4B-Instruct-2507,cdbee75f17c01a7cc42f958dc650907174af0554
21,heldout,5,51,2,9,random_positions,26.25,22.75,23.625,0.875,True,True,Qwen/Qwen3-4B-Instruct-2507,cdbee75f17c01a7cc42f958dc650907174af0554
21,heldout,5,51,2,10,answer_position,26.25,22.75,22.5,-0.25,True,True,Qwen/Qwen3-4B-Instruct-2507,cdbee75f17c01a7cc42f958dc650907174af0554
21,heldout,5,51,2,10,number_tokens,26.25,22.75,10.0,-12.75,True,True,Qwen/Qwen3-4B-Instruct-2507,cdbee75f17c01a7cc42f958dc650907174af0554
21,heldout,5,51,2,10,random_positions,26.25,22.75,24.375,1.625,True,True,Qwen/Qwen3-4B-Instruct-2507,cdbee75f17c01a7cc42f958dc650907174af0554
21,heldout,5,51,2,11,answer_position,26.25,22.75,22.5,-0.25,True,True,Qwen/Qwen3-4B-Instruct-2507,cdbee75f17c01a7cc42f958dc650907174af0554
21,heldout,5,51,2,11,number_tokens,26.25,22.75,-4.5,-27.25,True,False,Qwen/Qwen3-4B-Instruct-2507,cdbee75f17c01a7cc42f958dc650907174af0554
21,heldout,5,51,2,11,random_positions,26.25,22.75,24.25,1.5,True,True,Qwen/Qwen3-4B-Instruct-2507,cdbee75f17c01a7cc42f958dc650907174af0554
21,heldout,5,51,2,12,answer_position,26.25,22.75,22.75,0.0,True,True,Qwen/Qwen3-4B-Instruct-2507,cdbee75f17c01a7cc42f958dc650907174af0554
21,heldout,5,51,2,12,number_tokens,26.25,22.75,7.75,-15.0,True,True,Qwen/Qwen3-4B-Instruct-2507,cdbee75f17c01a7cc42f958dc650907174af0554
21,heldout,5,51,2,12,random_positions,26.25,22.75,23.875,1.125,True,True,Qwen/Qwen3-4B-Instruct-2507,cdbee75f17c01a7cc42f958dc650907174af0554
21,heldout,5,51,2,13,answer_position,26.25,22.75,22.75,0.0,True,True,Qwen/Qwen3-4B-Instruct-2507,cdbee75f17c01a7cc42f958dc650907174af0554
21,heldout,5,51,2,13,number_tokens,26.25,22.75,14.0,-8.75,True,True,Qwen/Qwen3-4B-Instruct-2507,cdbee75f17c01a7cc42f958dc650907174af0554
21,heldout,5,51,2,13,random_positions,26.25,22.75,24.125,1.375,True,True,Qwen/Qwen3-4B-Instruct-2507,cdbee75f17c01a7cc42f958dc650907174af0554
21,heldout,5,51,2,14,answer_position,26.25,22.75,22.5,-0.25,True,True,Qwen/Qwen3-4B-Instruct-2507,cdbee75f17c01a7cc42f958dc650907174af0554
21,heldout,5,51,2,14,number_tokens,26.25,22.75,21.75,-1.0,True,True,Qwen/Qwen3-4B-Instruct-2507,cdbee75f17c01a7cc42f958dc650907174af0554
21,heldout,5,51,2,14,random_positions,26.25,22.75,23.875,1.125,True,True,Qwen/Qwen3-4B-Instruct-2507,cdbee75f17c01a7cc42f958dc650907174af0554
21,heldout,5,51,2,15,answer_position,26.25,22.75,22.75,0.0,True,True,Qwen/Qwen3-4B-Instruct-2507,cdbee75f17c01a7cc42f958dc650907174af0554
21,heldout,5,51,2,15,number_tokens,26.25,22.75,25.5,2.75,True,True,Qwen/Qwen3-4B-Instruct-2507,cdbee75f17c01a7cc42f958dc650907174af0554
21,heldout,5,51,2,15,random_positions,26.25,22.75,23.875,1.125,True,True,Qwen/Qwen3-4B-Instruct-2507,cdbee75f17c01a7cc42f958dc650907174af0554
21,heldout,5,51,2,16,answer_position,26.25,22.75,22.5,-0.25,True,True,Qwen/Qwen3-4B-Instruct-2507,cdbee75f17c01a7cc42f958dc650907174af0554
21,heldout,5,51,2,16,number_tokens,26.25,22.75,26.0,3.25,True,True,Qwen/Qwen3-4B-Instruct-2507,cdbee75f17c01a7cc42f958dc650907174af0554
21,heldout,5,51,2,16,random_positions,26.25,22.75,23.75,1.0,True,True,Qwen/Qwen3-4B-Instruct-2507,cdbee75f17c01a7cc42f958dc650907174af0554
21,heldout,5,51,2,17,answer_position,26.25,22.75,22.75,0.0,True,True,Qwen/Qwen3-4B-Instruct-2507,cdbee75f17c01a7cc42f958dc650907174af0554
21,heldout,5,51,2,17,number_tokens,26.25,22.75,24.75,2.0,True,True,Qwen/Qwen3-4B-Instruct-2507,cdbee75f17c01a7cc42f958dc650907174af0554
21,heldout,5,51,2,17,random_positions,26.25,22.75,23.375,0.625,True,True,Qwen/Qwen3-4B-Instruct-2507,cdbee75f17c01a7cc42f958dc650907174af0554
21,heldout,5,51,2,18,answer_position,26.25,22.75,22.75,0.0,True,True,Qwen/Qwen3-4B-Instruct-2507,cdbee75f17c01a7cc42f958dc650907174af0554
21,heldout,5,51,2,18,number_tokens,26.25,22.75,23.25,0.5,True,True,Qwen/Qwen3-4B-Instruct-2507,cdbee75f17c01a7cc42f958dc650907174af0554
21,heldout,5,51,2,18,random_positions,26.25,22.75,23.25,0.5,True,True,Qwen/Qwen3-4B-Instruct-2507,cdbee75f17c01a7cc42f958dc650907174af0554
21,heldout,5,51,2,19,answer_position,26.25,22.75,23.5,0.75,True,True,Qwen/Qwen3-4B-Instruct-2507,cdbee75f17c01a7cc42f958dc650907174af0554
21,heldout,5,51,2,19,number_tokens,26.25,22.75,22.5,-0.25,True,True,Qwen/Qwen3-4B-Instruct-2507,cdbee75f17c01a7cc42f958dc650907174af0554
21,heldout,5,51,2,19,random_positions,26.25,22.75,23.0,0.25,True,True,Qwen/Qwen3-4B-Instruct-2507,cdbee75f17c01a7cc42f958dc650907174af0554
21,heldout,5,51,2,20,answer_position,26.25,22.75,24.0,1.25,True,True,Qwen/Qwen3-4B-Instruct-2507,cdbee75f17c01a7cc42f958dc650907174af0554
21,heldout,5,51,2,20,number_tokens,26.25,22.75,22.75,0.0,True,True,Qwen/Qwen3-4B-Instruct-2507,cdbee75f17c01a7cc42f958dc650907174af0554
21,heldout,5,51,2,20,random_positions,26.25,22.75,22.75,0.0,True,True,Qwen/Qwen3-4B-Instruct-2507,cdbee75f17c01a7cc42f958dc650907174af0554
21,heldout,5,51,2,21,answer_position,26.25,22.75,25.5,2.75,True,True,Qwen/Qwen3-4B-Instruct-2507,cdbee75f17c01a7cc42f958dc650907174af0554
21,heldout,5,51,2,21,number_tokens,26.25,22.75,22.25,-0.5,True,True,Qwen/Qwen3-4B-Instruct-2507,cdbee75f17c01a7cc42f958dc650907174af0554
21,heldout,5,51,2,21,random_positions,26.25,22.75,23.0,0.25,True,True,Qwen/Qwen3-4B-Instruct-2507,cdbee75f17c01a7cc42f958dc650907174af0554
21,heldout,5,51,2,22,answer_position,26.25,22.75,25.875,3.125,True,True,Qwen/Qwen3-4B-Instruct-2507,cdbee75f17c01a7cc42f958dc650907174af0554
21,heldout,5,51,2,22,number_tokens,26.25,22.75,22.5,-0.25,True,True,Qwen/Qwen3-4B-Instruct-2507,cdbee75f17c01a7cc42f958dc650907174af0554
21,heldout,5,51,2,22,random_positions,26.25,22.75,23.0,0.25,True,True,Qwen/Qwen3-4B-Instruct-2507,cdbee75f17c01a7cc42f958dc650907174af0554
21,heldout,5,51,2,23,answer_position,26.25,22.75,25.375,2.625,True,True,Qwen/Qwen3-4B-Instruct-2507,cdbee75f17c01a7cc42f958dc650907174af0554
21,heldout,5,51,2,23,number_tokens,26.25,22.75,22.5,-0.25,True,True,Qwen/Qwen3-4B-Instruct-2507,cdbee75f17c01a7cc42f958dc650907174af0554
21,heldout,5,51,2,23,random_positions,26.25,22.75,22.75,0.0,True,True,Qwen/Qwen3-4B-Instruct-2507,cdbee75f17c01a7cc42f958dc650907174af0554
21,heldout,5,51,2,24,answer_position,26.25,22.75,26.0,3.25,True,True,Qwen/Qwen3-4B-Instruct-2507,cdbee75f17c01a7cc42f958dc650907174af0554
21,heldout,5,51,2,24,number_tokens,26.25,22.75,22.75,0.0,True,True,Qwen/Qwen3-4B-Instruct-2507,cdbee75f17c01a7cc42f958dc650907174af0554
21,heldout,5,51,2,24,random_positions,26.25,22.75,22.5,-0.25,True,True,Qwen/Qwen3-4B-Instruct-2507,cdbee75f17c01a7cc42f958dc650907174af0554
21,heldout,5,51,2,25,answer_position,26.25,22.75,26.0,3.25,True,True,Qwen/Qwen3-4B-Instruct-2507,cdbee75f17c01a7cc42f958dc650907174af0554
21,heldout,5,51,2,25,number_tokens,26.25,22.75,22.75,0.0,True,True,Qwen/Qwen3-4B-Instruct-2507,cdbee75f17c01a7cc42f958dc650907174af0554
21,heldout,5,51,2,25,random_positions,26.25,22.75,22.75,0.0,True,True,Qwen/Qwen3-4B-Instruct-2507,cdbee75f17c01a7cc42f958dc650907174af0554
21,heldout,5,51,2,26,answer_position,26.25,22.75,25.875,3.125,True,True,Qwen/Qwen3-4B-Instruct-2507,cdbee75f17c01a7cc42f958dc650907174af0554
21,heldout,5,51,2,26,number_tokens,26.25,22.75,22.75,0.0,True,True,Qwen/Qwen3-4B-Instruct-2507,cdbee75f17c01a7cc42f958dc650907174af0554
21,heldout,5,51,2,26,random_positions,26.25,22.75,22.75,0.0,True,True,Qwen/Qwen3-4B-Instruct-2507,cdbee75f17c01a7cc42f958dc650907174af0554
21,heldout,5,51,2,27,answer_position,26.25,22.75,26.0,3.25,True,True,Qwen/Qwen3-4B-Instruct-2507,cdbee75f17c01a7cc42f958dc650907174af0554
21,heldout,5,51,2,27,number_tokens,26.25,22.75,22.75,0.0,True,True,Qwen/Qwen3-4B-Instruct-2507,cdbee75f17c01a7cc42f958dc650907174af0554
21,heldout,5,51,2,27,random_positions,26.25,22.75,22.75,0.0,True,True,Qwen/Qwen3-4B-Instruct-2507,cdbee75f17c01a7cc42f958dc650907174af0554
21,heldout,5,51,2,28,answer_position,26.25,22.75,26.0,3.25,True,True,Qwen/Qwen3-4B-Instruct-2507,cdbee75f17c01a7cc42f958dc650907174af0554
21,heldout,5,51,2,28,number_tokens,26.25,22.75,22.75,0.0,True,True,Qwen/Qwen3-4B-Instruct-2507,cdbee75f17c01a7cc42f958dc650907174af0554
21,heldout,5,51,2,28,random_positions,26.25,22.75,22.5,-0.25,True,True,Qwen/Qwen3-4B-Instruct-2507,cdbee75f17c01a7cc42f958dc650907174af0554
21,heldout,5,51,2,29,answer_position,26.25,22.75,26.0,3.25,True,True,Qwen/Qwen3-4B-Instruct-2507,cdbee75f17c01a7cc42f958dc650907174af0554
21,heldout,5,51,2,29,number_tokens,26.25,22.75,22.5,-0.25,True,True,Qwen/Qwen3-4B-Instruct-2507,cdbee75f17c01a7cc42f958dc650907174af0554
21,heldout,5,51,2,29,random_positions,26.25,22.75,22.5,-0.25,True,True,Qwen/Qwen3-4B-Instruct-2507,cdbee75f17c01a7cc42f958dc650907174af0554
21,heldout,5,51,2,30,answer_position,26.25,22.75,26.125,3.375,True,True,Qwen/Qwen3-4B-Instruct-2507,cdbee75f17c01a7cc42f958dc650907174af0554
21,heldout,5,51,2,30,number_tokens,26.25,22.75,22.75,0.0,True,True,Qwen/Qwen3-4B-Instruct-2507,cdbee75f17c01a7cc42f958dc650907174af0554
21,heldout,5,51,2,30,random_positions,26.25,22.75,22.5,-0.25,True,True,Qwen/Qwen3-4B-Instruct-2507,cdbee75f17c01a7cc42f958dc650907174af0554
21,heldout,5,51,2,31,answer_position,26.25,22.75,26.125,3.375,True,True,Qwen/Qwen3-4B-Instruct-2507,cdbee75f17c01a7cc42f958dc650907174af0554
21,heldout,5,51,2,31,number_tokens,26.25,22.75,22.5,-0.25,True,True,Qwen/Qwen3-4B-Instruct-2507,cdbee75f17c01a7cc42f958dc650907174af0554
21,heldout,5,51,2,31,random_positions,26.25,22.75,22.5,-0.25,True,True,Qwen/Qwen3-4B-Instruct-2507,cdbee75f17c01a7cc42f958dc650907174af0554
21,heldout,5,51,2,32,answer_position,26.25,22.75,26.125,3.375,True,True,Qwen/Qwen3-4B-Instruct-2507,cdbee75f17c01a7cc42f958dc650907174af0554
21,heldout,5,51,2,32,number_tokens,26.25,22.75,22.75,0.0,True,True,Qwen/Qwen3-4B-Instruct-2507,cdbee75f17c01a7cc42f958dc650907174af0554
21,heldout,5,51,2,32,random_positions,26.25,22.75,22.75,0.0,True,True,Qwen/Qwen3-4B-Instruct-2507,cdbee75f17c01a7cc42f958dc650907174af0554
21,heldout,5,51,2,33,answer_position,26.25,22.75,25.875,3.125,True,True,Qwen/Qwen3-4B-Instruct-2507,cdbee75f17c01a7cc42f958dc650907174af0554
21,heldout,5,51,2,33,number_tokens,26.25,22.75,22.5,-0.25,True,True,Qwen/Qwen3-4B-Instruct-2507,cdbee75f17c01a7cc42f958dc650907174af0554
21,heldout,5,51,2,33,random_positions,26.25,22.75,22.5,-0.25,True,True,Qwen/Qwen3-4B-Instruct-2507,cdbee75f17c01a7cc42f958dc650907174af0554
21,heldout,5,51,2,34,answer_position,26.25,22.75,26.25,3.5,True,True,Qwen/Qwen3-4B-Instruct-2507,cdbee75f17c01a7cc42f958dc650907174af0554
21,heldout,5,51,2,34,number_tokens,26.25,22.75,22.75,0.0,True,True,Qwen/Qwen3-4B-Instruct-2507,cdbee75f17c01a7cc42f958dc650907174af0554
21,heldout,5,51,2,34,random_positions,26.25,22.75,22.75,0.0,True,True,Qwen/Qwen3-4B-Instruct-2507,cdbee75f17c01a7cc42f958dc650907174af0554
21,heldout,5,51,2,35,answer_position,26.25,22.75,26.25,3.5,True,True,Qwen/Qwen3-4B-Instruct-2507,cdbee75f17c01a7cc42f958dc650907174af0554
21,heldout,5,51,2,35,number_tokens,26.25,22.75,22.75,0.0,True,True,Qwen/Qwen3-4B-Instruct-2507,cdbee75f17c01a7cc42f958dc650907174af0554
21,heldout,5,51,2,35,random_positions,26.25,22.75,22.75,0.0,True,True,Qwen/Qwen3-4B-Instruct-2507,cdbee75f17c01a7cc42f958dc650907174af0554
22,heldout,5,52,3,0,answer_position,27.0,22.75,22.75,0.0,True,True,Qwen/Qwen3-4B-Instruct-2507,cdbee75f17c01a7cc42f958dc650907174af0554
22,heldout,5,52,3,0,number_tokens,27.0,22.75,22.5,-0.25,True,True,Qwen/Qwen3-4B-Instruct-2507,cdbee75f17c01a7cc42f958dc650907174af0554
22,heldout,5,52,3,0,random_positions,27.0,22.75,22.5,-0.25,True,True,Qwen/Qwen3-4B-Instruct-2507,cdbee75f17c01a7cc42f958dc650907174af0554
22,heldout,5,52,3,1,answer_position,27.0,22.75,23.0,0.25,True,True,Qwen/Qwen3-4B-Instruct-2507,cdbee75f17c01a7cc42f958dc650907174af0554
22,heldout,5,52,3,1,number_tokens,27.0,22.75,23.0,0.25,True,True,Qwen/Qwen3-4B-Instruct-2507,cdbee75f17c01a7cc42f958dc650907174af0554
22,heldout,5,52,3,1,random_positions,27.0,22.75,22.25,-0.5,True,True,Qwen/Qwen3-4B-Instruct-2507,cdbee75f17c01a7cc42f958dc650907174af0554
22,heldout,5,52,3,2,answer_position,27.0,22.75,22.75,0.0,True,True,Qwen/Qwen3-4B-Instruct-2507,cdbee75f17c01a7cc42f958dc650907174af0554
22,heldout,5,52,3,2,number_tokens,27.0,22.75,24.125,1.375,True,True,Qwen/Qwen3-4B-Instruct-2507,cdbee75f17c01a7cc42f958dc650907174af0554
22,heldout,5,52,3,2,random_positions,27.0,22.75,21.25,-1.5,True,True,Qwen/Qwen3-4B-Instruct-2507,cdbee75f17c01a7cc42f958dc650907174af0554
22,heldout,5,52,3,3,answer_position,27.0,22.75,22.75,0.0,True,True,Qwen/Qwen3-4B-Instruct-2507,cdbee75f17c01a7cc42f958dc650907174af0554
22,heldout,5,52,3,3,number_tokens,27.0,22.75,23.75,1.0,True,True,Qwen/Qwen3-4B-Instruct-2507,cdbee75f17c01a7cc42f958dc650907174af0554
22,heldout,5,52,3,3,random_positions,27.0,22.75,22.5,-0.25,True,True,Qwen/Qwen3-4B-Instruct-2507,cdbee75f17c01a7cc42f958dc650907174af0554
22,heldout,5,52,3,4,answer_position,27.0,22.75,23.0,0.25,True,True,Qwen/Qwen3-4B-Instruct-2507,cdbee75f17c01a7cc42f958dc650907174af0554
22,heldout,5,52,3,4,number_tokens,27.0,22.75,24.0,1.25,True,True,Qwen/Qwen3-4B-Instruct-2507,cdbee75f17c01a7cc42f958dc650907174af0554
22,heldout,5,52,3,4,random_positions,27.0,22.75,20.5,-2.25,True,True,Qwen/Qwen3-4B-Instruct-2507,cdbee75f17c01a7cc42f958dc650907174af0554
22,heldout,5,52,3,5,answer_position,27.0,22.75,22.75,0.0,True,True,Qwen/Qwen3-4B-Instruct-2507,cdbee75f17c01a7cc42f958dc650907174af0554
22,heldout,5,52,3,5,number_tokens,27.0,22.75,23.25,0.5,True,True,Qwen/Qwen3-4B-Instruct-2507,cdbee75f17c01a7cc42f958dc650907174af0554
22,heldout,5,52,3,5,random_positions,27.0,22.75,23.5,0.75,True,True,Qwen/Qwen3-4B-Instruct-2507,cdbee75f17c01a7cc42f958dc650907174af0554
22,heldout,5,52,3,6,answer_position,27.0,22.75,22.75,0.0,True,True,Qwen/Qwen3-4B-Instruct-2507,cdbee75f17c01a7cc42f958dc650907174af0554
22,heldout,5,52,3,6,number_tokens,27.0,22.75,23.5,0.75,True,True,Qwen/Qwen3-4B-Instruct-2507,cdbee75f17c01a7cc42f958dc650907174af0554
22,heldout,5,52,3,6,random_positions,27.0,22.75,24.0,1.25,True,True,Qwen/Qwen3-4B-Instruct-2507,cdbee75f17c01a7cc42f958dc650907174af0554
22,heldout,5,52,3,7,answer_position,27.0,22.75,22.75,0.0,True,True,Qwen/Qwen3-4B-Instruct-2507,cdbee75f17c01a7cc42f958dc650907174af0554
22,heldout,5,52,3,7,number_tokens,27.0,22.75,22.75,0.0,True,True,Qwen/Qwen3-4B-Instruct-2507,cdbee75f17c01a7cc42f958dc650907174af0554
22,heldout,5,52,3,7,random_positions,27.0,22.75,23.75,1.0,True,True,Qwen/Qwen3-4B-Instruct-2507,cdbee75f17c01a7cc42f958dc650907174af0554
22,heldout,5,52,3,8,answer_position,27.0,22.75,22.75,0.0,True,True,Qwen/Qwen3-4B-Instruct-2507,cdbee75f17c01a7cc42f958dc650907174af0554
22,heldout,5,52,3,8,number_tokens,27.0,22.75,23.0,0.25,True,True,Qwen/Qwen3-4B-Instruct-2507,cdbee75f17c01a7cc42f958dc650907174af0554
22,heldout,5,52,3,8,random_positions,27.0,22.75,23.5,0.75,True,True,Qwen/Qwen3-4B-Instruct-2507,cdbee75f17c01a7cc42f958dc650907174af0554
22,heldout,5,52,3,9,answer_position,27.0,22.75,22.5,-0.25,True,True,Qwen/Qwen3-4B-Instruct-2507,cdbee75f17c01a7cc42f958dc650907174af0554
22,heldout,5,52,3,9,number_tokens,27.0,22.75,7.5,-15.25,True,True,Qwen/Qwen3-4B-Instruct-2507,cdbee75f17c01a7cc42f958dc650907174af0554
22,heldout,5,52,3,9,random_positions,27.0,22.75,23.0,0.25,True,True,Qwen/Qwen3-4B-Instruct-2507,cdbee75f17c01a7cc42f958dc650907174af0554
22,heldout,5,52,3,10,answer_position,27.0,22.75,22.75,0.0,True,True,Qwen/Qwen3-4B-Instruct-2507,cdbee75f17c01a7cc42f958dc650907174af0554
22,heldout,5,52,3,10,number_tokens,27.0,22.75,9.0,-13.75,True,True,Qwen/Qwen3-4B-Instruct-2507,cdbee75f17c01a7cc42f958dc650907174af0554
22,heldout,5,52,3,10,random_positions,27.0,22.75,22.75,0.0,True,True,Qwen/Qwen3-4B-Instruct-2507,cdbee75f17c01a7cc42f958dc650907174af0554
22,heldout,5,52,3,11,answer_position,27.0,22.75,23.0,0.25,True,True,Qwen/Qwen3-4B-Instruct-2507,cdbee75f17c01a7cc42f958dc650907174af0554
22,heldout,5,52,3,11,number_tokens,27.0,22.75,-7.0,-29.75,True,False,Qwen/Qwen3-4B-Instruct-2507,cdbee75f17c01a7cc42f958dc650907174af0554
22,heldout,5,52,3,11,random_positions,27.0,22.75,22.75,0.0,True,True,Qwen/Qwen3-4B-Instruct-2507,cdbee75f17c01a7cc42f958dc650907174af0554
22,heldout,5,52,3,12,answer_position,27.0,22.75,22.75,0.0,True,True,Qwen/Qwen3-4B-Instruct-2507,cdbee75f17c01a7cc42f958dc650907174af0554
22,heldout,5,52,3,12,number_tokens,27.0,22.75,6.0,-16.75,True,True,Qwen/Qwen3-4B-Instruct-2507,cdbee75f17c01a7cc42f958dc650907174af0554
22,heldout,5,52,3,12,random_positions,27.0,22.75,23.75,1.0,True,True,Qwen/Qwen3-4B-Instruct-2507,cdbee75f17c01a7cc42f958dc650907174af0554
22,heldout,5,52,3,13,answer_position,27.0,22.75,22.75,0.0,True,True,Qwen/Qwen3-4B-Instruct-2507,cdbee75f17c01a7cc42f958dc650907174af0554
22,heldout,5,52,3,13,number_tokens,27.0,22.75,14.75,-8.0,True,True,Qwen/Qwen3-4B-Instruct-2507,cdbee75f17c01a7cc42f958dc650907174af0554
22,heldout,5,52,3,13,random_positions,27.0,22.75,24.375,1.625,True,True,Qwen/Qwen3-4B-Instruct-2507,cdbee75f17c01a7cc42f958dc650907174af0554
22,heldout,5,52,3,14,answer_position,27.0,22.75,22.75,0.0,True,True,Qwen/Qwen3-4B-Instruct-2507,cdbee75f17c01a7cc42f958dc650907174af0554
22,heldout,5,52,3,14,number_tokens,27.0,22.75,21.25,-1.5,True,True,Qwen/Qwen3-4B-Instruct-2507,cdbee75f17c01a7cc42f958dc650907174af0554
22,heldout,5,52,3,14,random_positions,27.0,22.75,24.125,1.375,True,True,Qwen/Qwen3-4B-Instruct-2507,cdbee75f17c01a7cc42f958dc650907174af0554
22,heldout,5,52,3,15,answer_position,27.0,22.75,23.0,0.25,True,True,Qwen/Qwen3-4B-Instruct-2507,cdbee75f17c01a7cc42f958dc650907174af0554
22,heldout,5,52,3,15,number_tokens,27.0,22.75,25.875,3.125,True,True,Qwen/Qwen3-4B-Instruct-2507,cdbee75f17c01a7cc42f958dc650907174af0554
22,heldout,5,52,3,15,random_positions,27.0,22.75,23.5,0.75,True,True,Qwen/Qwen3-4B-Instruct-2507,cdbee75f17c01a7cc42f958dc650907174af0554
22,heldout,5,52,3,16,answer_position,27.0,22.75,22.75,0.0,True,True,Qwen/Qwen3-4B-Instruct-2507,cdbee75f17c01a7cc42f958dc650907174af0554
22,heldout,5,52,3,16,number_tokens,27.0,22.75,25.875,3.125,True,True,Qwen/Qwen3-4B-Instruct-2507,cdbee75f17c01a7cc42f958dc650907174af0554
22,heldout,5,52,3,16,random_positions,27.0,22.75,23.5,0.75,True,True,Qwen/Qwen3-4B-Instruct-2507,cdbee75f17c01a7cc42f958dc650907174af0554
22,heldout,5,52,3,17,answer_position,27.0,22.75,22.75,0.0,True,True,Qwen/Qwen3-4B-Instruct-2507,cdbee75f17c01a7cc42f958dc650907174af0554
22,heldout,5,52,3,17,number_tokens,27.0,22.75,25.0,2.25,True,True,Qwen/Qwen3-4B-Instruct-2507,cdbee75f17c01a7cc42f958dc650907174af0554
22,heldout,5,52,3,17,random_positions,27.0,22.75,23.75,1.0,True,True,Qwen/Qwen3-4B-Instruct-2507,cdbee75f17c01a7cc42f958dc650907174af0554
22,heldout,5,52,3,18,answer_position,27.0,22.75,22.75,0.0,True,True,Qwen/Qwen3-4B-Instruct-2507,cdbee75f17c01a7cc42f958dc650907174af0554
22,heldout,5,52,3,18,number_tokens,27.0,22.75,23.0,0.25,True,True,Qwen/Qwen3-4B-Instruct-2507,cdbee75f17c01a7cc42f958dc650907174af0554
22,heldout,5,52,3,18,random_positions,27.0,22.75,23.5,0.75,True,True,Qwen/Qwen3-4B-Instruct-2507,cdbee75f17c01a7cc42f958dc650907174af0554
22,heldout,5,52,3,19,answer_position,27.0,22.75,24.0,1.25,True,True,Qwen/Qwen3-4B-Instruct-2507,cdbee75f17c01a7cc42f958dc650907174af0554
22,heldout,5,52,3,19,number_tokens,27.0,22.75,21.75,-1.0,True,True,Qwen/Qwen3-4B-Instruct-2507,cdbee75f17c01a7cc42f958dc650907174af0554
22,heldout,5,52,3,19,random_positions,27.0,22.75,23.0,0.25,True,True,Qwen/Qwen3-4B-Instruct-2507,cdbee75f17c01a7cc42f958dc650907174af0554
22,heldout,5,52,3,20,answer_position,27.0,22.75,24.25,1.5,True,True,Qwen/Qwen3-4B-Instruct-2507,cdbee75f17c01a7cc42f958dc650907174af0554
22,heldout,5,52,3,20,number_tokens,27.0,22.75,22.75,0.0,True,True,Qwen/Qwen3-4B-Instruct-2507,cdbee75f17c01a7cc42f958dc650907174af0554
22,heldout,5,52,3,20,random_positions,27.0,22.75,23.0,0.25,True,True,Qwen/Qwen3-4B-Instruct-2507,cdbee75f17c01a7cc42f958dc650907174af0554
22,heldout,5,52,3,21,answer_position,27.0,22.75,26.125,3.375,True,True,Qwen/Qwen3-4B-Instruct-2507,cdbee75f17c01a7cc42f958dc650907174af0554
22,heldout,5,52,3,21,number_tokens,27.0,22.75,22.25,-0.5,True,True,Qwen/Qwen3-4B-Instruct-2507,cdbee75f17c01a7cc42f958dc650907174af0554
22,heldout,5,52,3,21,random_positions,27.0,22.75,23.25,0.5,True,True,Qwen/Qwen3-4B-Instruct-2507,cdbee75f17c01a7cc42f958dc650907174af0554
22,heldout,5,52,3,22,answer_position,27.0,22.75,26.625,3.875,True,True,Qwen/Qwen3-4B-Instruct-2507,cdbee75f17c01a7cc42f958dc650907174af0554
22,heldout,5,52,3,22,number_tokens,27.0,22.75,22.25,-0.5,True,True,Qwen/Qwen3-4B-Instruct-2507,cdbee75f17c01a7cc42f958dc650907174af0554
22,heldout,5,52,3,22,random_positions,27.0,22.75,22.5,-0.25,True,True,Qwen/Qwen3-4B-Instruct-2507,cdbee75f17c01a7cc42f958dc650907174af0554
22,heldout,5,52,3,23,answer_position,27.0,22.75,26.125,3.375,True,True,Qwen/Qwen3-4B-Instruct-2507,cdbee75f17c01a7cc42f958dc650907174af0554
22,heldout,5,52,3,23,number_tokens,27.0,22.75,22.5,-0.25,True,True,Qwen/Qwen3-4B-Instruct-2507,cdbee75f17c01a7cc42f958dc650907174af0554
22,heldout,5,52,3,23,random_positions,27.0,22.75,22.25,-0.5,True,True,Qwen/Qwen3-4B-Instruct-2507,cdbee75f17c01a7cc42f958dc650907174af0554
22,heldout,5,52,3,24,answer_position,27.0,22.75,27.0,4.25,True,True,Qwen/Qwen3-4B-Instruct-2507,cdbee75f17c01a7cc42f958dc650907174af0554
22,heldout,5,52,3,24,number_tokens,27.0,22.75,22.5,-0.25,True,True,Qwen/Qwen3-4B-Instruct-2507,cdbee75f17c01a7cc42f958dc650907174af0554
22,heldout,5,52,3,24,random_positions,27.0,22.75,22.5,-0.25,True,True,Qwen/Qwen3-4B-Instruct-2507,cdbee75f17c01a7cc42f958dc650907174af0554
22,heldout,5,52,3,25,answer_position,27.0,22.75,26.75,4.0,True,True,Qwen/Qwen3-4B-Instruct-2507,cdbee75f17c01a7cc42f958dc650907174af0554
22,heldout,5,52,3,25,number_tokens,27.0,22.75,22.5,-0.25,True,True,Qwen/Qwen3-4B-Instruct-2507,cdbee75f17c01a7cc42f958dc650907174af0554
22,heldout,5,52,3,25,random_positions,27.0,22.75,22.5,-0.25,True,True,Qwen/Qwen3-4B-Instruct-2507,cdbee75f17c01a7cc42f958dc650907174af0554
22,heldout,5,52,3,26,answer_position,27.0,22.75,26.875,4.125,True,True,Qwen/Qwen3-4B-Instruct-2507,cdbee75f17c01a7cc42f958dc650907174af0554
22,heldout,5,52,3,26,number_tokens,27.0,22.75,22.5,-0.25,True,True,Qwen/Qwen3-4B-Instruct-2507,cdbee75f17c01a7cc42f958dc650907174af0554
22,heldout,5,52,3,26,random_positions,27.0,22.75,22.5,-0.25,True,True,Qwen/Qwen3-4B-Instruct-2507,cdbee75f17c01a7cc42f958dc650907174af0554
22,heldout,5,52,3,27,answer_position,27.0,22.75,26.875,4.125,True,True,Qwen/Qwen3-4B-Instruct-2507,cdbee75f17c01a7cc42f958dc650907174af0554
22,heldout,5,52,3,27,number_tokens,27.0,22.75,22.5,-0.25,True,True,Qwen/Qwen3-4B-Instruct-2507,cdbee75f17c01a7cc42f958dc650907174af0554
22,heldout,5,52,3,27,random_positions,27.0,22.75,23.0,0.25,True,True,Qwen/Qwen3-4B-Instruct-2507,cdbee75f17c01a7cc42f958dc650907174af0554
22,heldout,5,52,3,28,answer_position,27.0,22.75,26.875,4.125,True,True,Qwen/Qwen3-4B-Instruct-2507,cdbee75f17c01a7cc42f958dc650907174af0554
22,heldout,5,52,3,28,number_tokens,27.0,22.75,22.5,-0.25,True,True,Qwen/Qwen3-4B-Instruct-2507,cdbee75f17c01a7cc42f958dc650907174af0554
22,heldout,5,52,3,28,random_positions,27.0,22.75,22.5,-0.25,True,True,Qwen/Qwen3-4B-Instruct-2507,cdbee75f17c01a7cc42f958dc650907174af0554
22,heldout,5,52,3,29,answer_position,27.0,22.75,26.75,4.0,True,True,Qwen/Qwen3-4B-Instruct-2507,cdbee75f17c01a7cc42f958dc650907174af0554
22,heldout,5,52,3,29,number_tokens,27.0,22.75,22.5,-0.25,True,True,Qwen/Qwen3-4B-Instruct-2507,cdbee75f17c01a7cc42f958dc650907174af0554
22,heldout,5,52,3,29,random_positions,27.0,22.75,22.75,0.0,True,True,Qwen/Qwen3-4B-Instruct-2507,cdbee75f17c01a7cc42f958dc650907174af0554
22,heldout,5,52,3,30,answer_position,27.0,22.75,26.875,4.125,True,True,Qwen/Qwen3-4B-Instruct-2507,cdbee75f17c01a7cc42f958dc650907174af0554
22,heldout,5,52,3,30,number_tokens,27.0,22.75,22.75,0.0,True,True,Qwen/Qwen3-4B-Instruct-2507,cdbee75f17c01a7cc42f958dc650907174af0554
22,heldout,5,52,3,30,random_positions,27.0,22.75,22.75,0.0,True,True,Qwen/Qwen3-4B-Instruct-2507,cdbee75f17c01a7cc42f958dc650907174af0554
22,heldout,5,52,3,31,answer_position,27.0,22.75,26.875,4.125,True,True,Qwen/Qwen3-4B-Instruct-2507,cdbee75f17c01a7cc42f958dc650907174af0554
22,heldout,5,52,3,31,number_tokens,27.0,22.75,22.5,-0.25,True,True,Qwen/Qwen3-4B-Instruct-2507,cdbee75f17c01a7cc42f958dc650907174af0554
22,heldout,5,52,3,31,random_positions,27.0,22.75,22.75,0.0,True,True,Qwen/Qwen3-4B-Instruct-2507,cdbee75f17c01a7cc42f958dc650907174af0554
22,heldout,5,52,3,32,answer_position,27.0,22.75,27.0,4.25,True,True,Qwen/Qwen3-4B-Instruct-2507,cdbee75f17c01a7cc42f958dc650907174af0554
22,heldout,5,52,3,32,number_tokens,27.0,22.75,22.5,-0.25,True,True,Qwen/Qwen3-4B-Instruct-2507,cdbee75f17c01a7cc42f958dc650907174af0554
22,heldout,5,52,3,32,random_positions,27.0,22.75,22.75,0.0,True,True,Qwen/Qwen3-4B-Instruct-2507,cdbee75f17c01a7cc42f958dc650907174af0554
22,heldout,5,52,3,33,answer_position,27.0,22.75,26.75,4.0,True,True,Qwen/Qwen3-4B-Instruct-2507,cdbee75f17c01a7cc42f958dc650907174af0554
22,heldout,5,52,3,33,number_tokens,27.0,22.75,22.5,-0.25,True,True,Qwen/Qwen3-4B-Instruct-2507,cdbee75f17c01a7cc42f958dc650907174af0554
22,heldout,5,52,3,33,random_positions,27.0,22.75,23.0,0.25,True,True,Qwen/Qwen3-4B-Instruct-2507,cdbee75f17c01a7cc42f958dc650907174af0554
22,heldout,5,52,3,34,answer_position,27.0,22.75,27.125,4.375,True,True,Qwen/Qwen3-4B-Instruct-2507,cdbee75f17c01a7cc42f958dc650907174af0554
22,heldout,5,52,3,34,number_tokens,27.0,22.75,22.75,0.0,True,True,Qwen/Qwen3-4B-Instruct-2507,cdbee75f17c01a7cc42f958dc650907174af0554
22,heldout,5,52,3,34,random_positions,27.0,22.75,23.0,0.25,True,True,Qwen/Qwen3-4B-Instruct-2507,cdbee75f17c01a7cc42f958dc650907174af0554
22,heldout,5,52,3,35,answer_position,27.0,22.75,27.0,4.25,True,True,Qwen/Qwen3-4B-Instruct-2507,cdbee75f17c01a7cc42f958dc650907174af0554
22,heldout,5,52,3,35,number_tokens,27.0,22.75,22.75,0.0,True,True,Qwen/Qwen3-4B-Instruct-2507,cdbee75f17c01a7cc42f958dc650907174af0554
22,heldout,5,52,3,35,random_positions,27.0,22.75,22.75,0.0,True,True,Qwen/Qwen3-4B-Instruct-2507,cdbee75f17c01a7cc42f958dc650907174af0554
23,heldout,5,53,4,0,answer_position,27.75,24.75,24.5,-0.25,True,True,Qwen/Qwen3-4B-Instruct-2507,cdbee75f17c01a7cc42f958dc650907174af0554
23,heldout,5,53,4,0,number_tokens,27.75,24.75,24.375,-0.375,True,True,Qwen/Qwen3-4B-Instruct-2507,cdbee75f17c01a7cc42f958dc650907174af0554
23,heldout,5,53,4,0,random_positions,27.75,24.75,24.5,-0.25,True,True,Qwen/Qwen3-4B-Instruct-2507,cdbee75f17c01a7cc42f958dc650907174af0554
23,heldout,5,53,4,1,answer_position,27.75,24.75,24.625,-0.125,True,True,Qwen/Qwen3-4B-Instruct-2507,cdbee75f17c01a7cc42f958dc650907174af0554
23,heldout,5,53,4,1,number_tokens,27.75,24.75,25.0,0.25,True,True,Qwen/Qwen3-4B-Instruct-2507,cdbee75f17c01a7cc42f958dc650907174af0554
23,heldout,5,53,4,1,random_positions,27.75,24.75,24.75,0.0,True,True,Qwen/Qwen3-4B-Instruct-2507,cdbee75f17c01a7cc42f958dc650907174af0554
23,heldout,5,53,4,2,answer_position,27.75,24.75,24.75,0.0,True,True,Qwen/Qwen3-4B-Instruct-2507,cdbee75f17c01a7cc42f958dc650907174af0554
23,heldout,5,53,4,2,number_tokens,27.75,24.75,25.125,0.375,True,True,Qwen/Qwen3-4B-Instruct-2507,cdbee75f17c01a7cc42f958dc650907174af0554
23,heldout,5,53,4,2,random_positions,27.75,24.75,24.625,-0.125,True,True,Qwen/Qwen3-4B-Instruct-2507,cdbee75f17c01a7cc42f958dc650907174af0554
23,heldout,5,53,4,3,answer_position,27.75,24.75,24.625,-0.125,True,True,Qwen/Qwen3-4B-Instruct-2507,cdbee75f17c01a7cc42f958dc650907174af0554
23,heldout,5,53,4,3,number_tokens,27.75,24.75,24.0,-0.75,True,True,Qwen/Qwen3-4B-Instruct-2507,cdbee75f17c01a7cc42f958dc650907174af0554
23,heldout,5,53,4,3,random_positions,27.75,24.75,24.375,-0.375,True,True,Qwen/Qwen3-4B-Instruct-2507,cdbee75f17c01a7cc42f958dc650907174af0554
23,heldout,5,53,4,4,answer_position,27.75,24.75,24.5,-0.25,True,True,Qwen/Qwen3-4B-Instruct-2507,cdbee75f17c01a7cc42f958dc650907174af0554
23,heldout,5,53,4,4,number_tokens,27.75,24.75,24.25,-0.5,True,True,Qwen/Qwen3-4B-Instruct-2507,cdbee75f17c01a7cc42f958dc650907174af0554
23,heldout,5,53,4,4,random_positions,27.75,24.75,24.625,-0.125,True,True,Qwen/Qwen3-4B-Instruct-2507,cdbee75f17c01a7cc42f958dc650907174af0554
23,heldout,5,53,4,5,answer_position,27.75,24.75,24.5,-0.25,True,True,Qwen/Qwen3-4B-Instruct-2507,cdbee75f17c01a7cc42f958dc650907174af0554
23,heldout,5,53,4,5,number_tokens,27.75,24.75,23.5,-1.25,True,True,Qwen/Qwen3-4B-Instruct-2507,cdbee75f17c01a7cc42f958dc650907174af0554
23,heldout,5,53,4,5,random_positions,27.75,24.75,24.625,-0.125,True,True,Qwen/Qwen3-4B-Instruct-2507,cdbee75f17c01a7cc42f958dc650907174af0554
23,heldout,5,53,4,6,answer_position,27.75,24.75,24.75,0.0,True,True,Qwen/Qwen3-4B-Instruct-2507,cdbee75f17c01a7cc42f958dc650907174af0554
23,heldout,5,53,4,6,number_tokens,27.75,24.75,24.0,-0.75,True,True,Qwen/Qwen3-4B-Instruct-2507,cdbee75f17c01a7cc42f958dc650907174af0554
23,heldout,5,53,4,6,random_positions,27.75,24.75,24.5,-0.25,True,True,Qwen/Qwen3-4B-Instruct-2507,cdbee75f17c01a7cc42f958dc650907174af0554
23,heldout,5,53,4,7,answer_position,27.75,24.75,24.625,-0.125,True,True,Qwen/Qwen3-4B-Instruct-2507,cdbee75f17c01a7cc42f958dc650907174af0554
23,heldout,5,53,4,7,number_tokens,27.75,24.75,21.25,-3.5,True,True,Qwen/Qwen3-4B-Instruct-2507,cdbee75f17c01a7cc42f958dc650907174af0554
23,heldout,5,53,4,7,random_positions,27.75,24.75,24.75,0.0,True,True,Qwen/Qwen3-4B-Instruct-2507,cdbee75f17c01a7cc42f958dc650907174af0554
23,heldout,5,53,4,8,answer_position,27.75,24.75,24.625,-0.125,True,True,Qwen/Qwen3-4B-Instruct-2507,cdbee75f17c01a7cc42f958dc650907174af0554
23,heldout,5,53,4,8,number_tokens,27.75,24.75,20.75,-4.0,True,True,Qwen/Qwen3-4B-Instruct-2507,cdbee75f17c01a7cc42f958dc650907174af0554
23,heldout,5,53,4,8,random_positions,27.75,24.75,24.625,-0.125,True,True,Qwen/Qwen3-4B-Instruct-2507,cdbee75f17c01a7cc42f958dc650907174af0554
23,heldout,5,53,4,9,answer_position,27.75,24.75,24.625,-0.125,True,True,Qwen/Qwen3-4B-Instruct-2507,cdbee75f17c01a7cc42f958dc650907174af0554
23,heldout,5,53,4,9,number_tokens,27.75,24.75,9.25,-15.5,True,True,Qwen/Qwen3-4B-Instruct-2507,cdbee75f17c01a7cc42f958dc650907174af0554
23,heldout,5,53,4,9,random_positions,27.75,24.75,24.5,-0.25,True,True,Qwen/Qwen3-4B-Instruct-2507,cdbee75f17c01a7cc42f958dc650907174af0554
23,heldout,5,53,4,10,answer_position,27.75,24.75,24.625,-0.125,True,True,Qwen/Qwen3-4B-Instruct-2507,cdbee75f17c01a7cc42f958dc650907174af0554
23,heldout,5,53,4,10,number_tokens,27.75,24.75,11.0,-13.75,True,True,Qwen/Qwen3-4B-Instruct-2507,cdbee75f17c01a7cc42f958dc650907174af0554
23,heldout,5,53,4,10,random_positions,27.75,24.75,24.5,-0.25,True,True,Qwen/Qwen3-4B-Instruct-2507,cdbee75f17c01a7cc42f958dc650907174af0554
23,heldout,5,53,4,11,answer_position,27.75,24.75,24.625,-0.125,True,True,Qwen/Qwen3-4B-Instruct-2507,cdbee75f17c01a7cc42f958dc650907174af0554
23,heldout,5,53,4,11,number_tokens,27.75,24.75,-5.5,-30.25,True,False,Qwen/Qwen3-4B-Instruct-2507,cdbee75f17c01a7cc42f958dc650907174af0554
23,heldout,5,53,4,11,random_positions,27.75,24.75,24.75,0.0,True,True,Qwen/Qwen3-4B-Instruct-2507,cdbee75f17c01a7cc42f958dc650907174af0554
23,heldout,5,53,4,12,answer_position,27.75,24.75,24.75,0.0,True,True,Qwen/Qwen3-4B-Instruct-2507,cdbee75f17c01a7cc42f958dc650907174af0554
23,heldout,5,53,4,12,number_tokens,27.75,24.75,12.25,-12.5,True,True,Qwen/Qwen3-4B-Instruct-2507,cdbee75f17c01a7cc42f958dc650907174af0554
23,heldout,5,53,4,12,random_positions,27.75,24.75,24.625,-0.125,True,True,Qwen/Qwen3-4B-Instruct-2507,cdbee75f17c01a7cc42f958dc650907174af0554
23,heldout,5,53,4,13,answer_position,27.75,24.75,24.625,-0.125,True,True,Qwen/Qwen3-4B-Instruct-2507,cdbee75f17c01a7cc42f958dc650907174af0554
23,heldout,5,53,4,13,number_tokens,27.75,24.75,19.25,-5.5,True,True,Qwen/Qwen3-4B-Instruct-2507,cdbee75f17c01a7cc42f958dc650907174af0554
23,heldout,5,53,4,13,random_positions,27.75,24.75,24.5,-0.25,True,True,Qwen/Qwen3-4B-Instruct-2507,cdbee75f17c01a7cc42f958dc650907174af0554
23,heldout,5,53,4,14,answer_position,27.75,24.75,24.875,0.125,True,True,Qwen/Qwen3-4B-Instruct-2507,cdbee75f17c01a7cc42f958dc650907174af0554
23,heldout,5,53,4,14,number_tokens,27.75,24.75,23.5,-1.25,True,True,Qwen/Qwen3-4B-Instruct-2507,cdbee75f17c01a7cc42f958dc650907174af0554
23,heldout,5,53,4,14,random_positions,27.75,24.75,24.75,0.0,True,True,Qwen/Qwen3-4B-Instruct-2507,cdbee75f17c01a7cc42f958dc650907174af0554
23,heldout,5,53,4,15,answer_position,27.75,24.75,24.75,0.0,True,True,Qwen/Qwen3-4B-Instruct-2507,cdbee75f17c01a7cc42f958dc650907174af0554
23,heldout,5,53,4,15,number_tokens,27.75,24.75,26.75,2.0,True,True,Qwen/Qwen3-4B-Instruct-2507,cdbee75f17c01a7cc42f958dc650907174af0554
23,heldout,5,53,4,15,random_positions,27.75,24.75,25.25,0.5,True,True,Qwen/Qwen3-4B-Instruct-2507,cdbee75f17c01a7cc42f958dc650907174af0554
23,heldout,5,53,4,16,answer_position,27.75,24.75,24.5,-0.25,True,True,Qwen/Qwen3-4B-Instruct-2507,cdbee75f17c01a7cc42f958dc650907174af0554
23,heldout,5,53,4,16,number_tokens,27.75,24.75,26.75,2.0,True,True,Qwen/Qwen3-4B-Instruct-2507,cdbee75f17c01a7cc42f958dc650907174af0554
23,heldout,5,53,4,16,random_positions,27.75,24.75,25.25,0.5,True,True,Qwen/Qwen3-4B-Instruct-2507,cdbee75f17c01a7cc42f958dc650907174af0554
23,heldout,5,53,4,17,answer_position,27.75,24.75,24.5,-0.25,True,True,Qwen/Qwen3-4B-Instruct-2507,cdbee75f17c01a7cc42f958dc650907174af0554
23,heldout,5,53,4,17,number_tokens,27.75,24.75,25.875,1.125,True,True,Qwen/Qwen3-4B-Instruct-2507,cdbee75f17c01a7cc42f958dc650907174af0554
23,heldout,5,53,4,17,random_positions,27.75,24.75,25.25,0.5,True,True,Qwen/Qwen3-4B-Instruct-2507,cdbee75f17c01a7cc42f958dc650907174af0554
23,heldout,5,53,4,18,answer_position,27.75,24.75,24.625,-0.125,True,True,Qwen/Qwen3-4B-Instruct-2507,cdbee75f17c01a7cc42f958dc650907174af0554
23,heldout,5,53,4,18,number_tokens,27.75,24.75,24.375,-0.375,True,True,Qwen/Qwen3-4B-Instruct-2507,cdbee75f17c01a7cc42f958dc650907174af0554
23,heldout,5,53,4,18,random_positions,27.75,24.75,25.25,0.5,True,True,Qwen/Qwen3-4B-Instruct-2507,cdbee75f17c01a7cc42f958dc650907174af0554
23,heldout,5,53,4,19,answer_position,27.75,24.75,25.625,0.875,True,True,Qwen/Qwen3-4B-Instruct-2507,cdbee75f17c01a7cc42f958dc650907174af0554
23,heldout,5,53,4,19,number_tokens,27.75,24.75,24.375,-0.375,True,True,Qwen/Qwen3-4B-Instruct-2507,cdbee75f17c01a7cc42f958dc650907174af0554
23,heldout,5,53,4,19,random_positions,27.75,24.75,24.875,0.125,True,True,Qwen/Qwen3-4B-Instruct-2507,cdbee75f17c01a7cc42f958dc650907174af0554
23,heldout,5,53,4,20,answer_position,27.75,24.75,25.5,0.75,True,True,Qwen/Qwen3-4B-Instruct-2507,cdbee75f17c01a7cc42f958dc650907174af0554
23,heldout,5,53,4,20,number_tokens,27.75,24.75,24.5,-0.25,True,True,Qwen/Qwen3-4B-Instruct-2507,cdbee75f17c01a7cc42f958dc650907174af0554
23,heldout,5,53,4,20,random_positions,27.75,24.75,25.0,0.25,True,True,Qwen/Qwen3-4B-Instruct-2507,cdbee75f17c01a7cc42f958dc650907174af0554
23,heldout,5,53,4,21,answer_position,27.75,24.75,27.25,2.5,True,True,Qwen/Qwen3-4B-Instruct-2507,cdbee75f17c01a7cc42f958dc650907174af0554
23,heldout,5,53,4,21,number_tokens,27.75,24.75,24.5,-0.25,True,True,Qwen/Qwen3-4B-Instruct-2507,cdbee75f17c01a7cc42f958dc650907174af0554
23,heldout,5,53,4,21,random_positions,27.75,24.75,24.625,-0.125,True,True,Qwen/Qwen3-4B-Instruct-2507,cdbee75f17c01a7cc42f958dc650907174af0554
23,heldout,5,53,4,22,answer_position,27.75,24.75,27.0,2.25,True,True,Qwen/Qwen3-4B-Instruct-2507,cdbee75f17c01a7cc42f958dc650907174af0554
23,heldout,5,53,4,22,number_tokens,27.75,24.75,24.5,-0.25,True,True,Qwen/Qwen3-4B-Instruct-2507,cdbee75f17c01a7cc42f958dc650907174af0554
23,heldout,5,53,4,22,random_positions,27.75,24.75,24.625,-0.125,True,True,Qwen/Qwen3-4B-Instruct-2507,cdbee75f17c01a7cc42f958dc650907174af0554
23,heldout,5,53,4,23,answer_position,27.75,24.75,26.875,2.125,True,True,Qwen/Qwen3-4B-Instruct-2507,cdbee75f17c01a7cc42f958dc650907174af0554
23,heldout,5,53,4,23,number_tokens,27.75,24.75,24.5,-0.25,True,True,Qwen/Qwen3-4B-Instruct-2507,cdbee75f17c01a7cc42f958dc650907174af0554
23,heldout,5,53,4,23,random_positions,27.75,24.75,24.625,-0.125,True,True,Qwen/Qwen3-4B-Instruct-2507,cdbee75f17c01a7cc42f958dc650907174af0554
23,heldout,5,53,4,24,answer_position,27.75,24.75,27.25,2.5,True,True,Qwen/Qwen3-4B-Instruct-2507,cdbee75f17c01a7cc42f958dc650907174af0554
23,heldout,5,53,4,24,number_tokens,27.75,24.75,24.625,-0.125,True,True,Qwen/Qwen3-4B-Instruct-2507,cdbee75f17c01a7cc42f958dc650907174af0554
23,heldout,5,53,4,24,random_positions,27.75,24.75,24.625,-0.125,True,True,Qwen/Qwen3-4B-Instruct-2507,cdbee75f17c01a7cc42f958dc650907174af0554
23,heldout,5,53,4,25,answer_position,27.75,24.75,27.25,2.5,True,True,Qwen/Qwen3-4B-Instruct-2507,cdbee75f17c01a7cc42f958dc650907174af0554
23,heldout,5,53,4,25,number_tokens,27.75,24.75,24.375,-0.375,True,True,Qwen/Qwen3-4B-Instruct-2507,cdbee75f17c01a7cc42f958dc650907174af0554
23,heldout,5,53,4,25,random_positions,27.75,24.75,24.625,-0.125,True,True,Qwen/Qwen3-4B-Instruct-2507,cdbee75f17c01a7cc42f958dc650907174af0554
23,heldout,5,53,4,26,answer_position,27.75,24.75,27.375,2.625,True,True,Qwen/Qwen3-4B-Instruct-2507,cdbee75f17c01a7cc42f958dc650907174af0554
23,heldout,5,53,4,26,number_tokens,27.75,24.75,24.5,-0.25,True,True,Qwen/Qwen3-4B-Instruct-2507,cdbee75f17c01a7cc42f958dc650907174af0554
23,heldout,5,53,4,26,random_positions,27.75,24.75,24.625,-0.125,True,True,Qwen/Qwen3-4B-Instruct-2507,cdbee75f17c01a7cc42f958dc650907174af0554
23,heldout,5,53,4,27,answer_position,27.75,24.75,27.25,2.5,True,True,Qwen/Qwen3-4B-Instruct-2507,cdbee75f17c01a7cc42f958dc650907174af0554
23,heldout,5,53,4,27,number_tokens,27.75,24.75,24.625,-0.125,True,True,Qwen/Qwen3-4B-Instruct-2507,cdbee75f17c01a7cc42f958dc650907174af0554
23,heldout,5,53,4,27,random_positions,27.75,24.75,24.75,0.0,True,True,Qwen/Qwen3-4B-Instruct-2507,cdbee75f17c01a7cc42f958dc650907174af0554
23,heldout,5,53,4,28,answer_position,27.75,24.75,27.25,2.5,True,True,Qwen/Qwen3-4B-Instruct-2507,cdbee75f17c01a7cc42f958dc650907174af0554
23,heldout,5,53,4,28,number_tokens,27.75,24.75,24.625,-0.125,True,True,Qwen/Qwen3-4B-Instruct-2507,cdbee75f17c01a7cc42f958dc650907174af0554
23,heldout,5,53,4,28,random_positions,27.75,24.75,24.625,-0.125,True,True,Qwen/Qwen3-4B-Instruct-2507,cdbee75f17c01a7cc42f958dc650907174af0554
23,heldout,5,53,4,29,answer_position,27.75,24.75,27.25,2.5,True,True,Qwen/Qwen3-4B-Instruct-2507,cdbee75f17c01a7cc42f958dc650907174af0554
23,heldout,5,53,4,29,number_tokens,27.75,24.75,24.5,-0.25,True,True,Qwen/Qwen3-4B-Instruct-2507,cdbee75f17c01a7cc42f958dc650907174af0554
23,heldout,5,53,4,29,random_positions,27.75,24.75,24.625,-0.125,True,True,Qwen/Qwen3-4B-Instruct-2507,cdbee75f17c01a7cc42f958dc650907174af0554
23,heldout,5,53,4,30,answer_position,27.75,24.75,27.25,2.5,True,True,Qwen/Qwen3-4B-Instruct-2507,cdbee75f17c01a7cc42f958dc650907174af0554
23,heldout,5,53,4,30,number_tokens,27.75,24.75,24.625,-0.125,True,True,Qwen/Qwen3-4B-Instruct-2507,cdbee75f17c01a7cc42f958dc650907174af0554
23,heldout,5,53,4,30,random_positions,27.75,24.75,24.625,-0.125,True,True,Qwen/Qwen3-4B-Instruct-2507,cdbee75f17c01a7cc42f958dc650907174af0554
23,heldout,5,53,4,31,answer_position,27.75,24.75,27.5,2.75,True,True,Qwen/Qwen3-4B-Instruct-2507,cdbee75f17c01a7cc42f958dc650907174af0554
23,heldout,5,53,4,31,number_tokens,27.75,24.75,24.625,-0.125,True,True,Qwen/Qwen3-4B-Instruct-2507,cdbee75f17c01a7cc42f958dc650907174af0554
23,heldout,5,53,4,31,random_positions,27.75,24.75,24.625,-0.125,True,True,Qwen/Qwen3-4B-Instruct-2507,cdbee75f17c01a7cc42f958dc650907174af0554
23,heldout,5,53,4,32,answer_position,27.75,24.75,27.5,2.75,True,True,Qwen/Qwen3-4B-Instruct-2507,cdbee75f17c01a7cc42f958dc650907174af0554
23,heldout,5,53,4,32,number_tokens,27.75,24.75,24.625,-0.125,True,True,Qwen/Qwen3-4B-Instruct-2507,cdbee75f17c01a7cc42f958dc650907174af0554
23,heldout,5,53,4,32,random_positions,27.75,24.75,24.75,0.0,True,True,Qwen/Qwen3-4B-Instruct-2507,cdbee75f17c01a7cc42f958dc650907174af0554
23,heldout,5,53,4,33,answer_position,27.75,24.75,27.5,2.75,True,True,Qwen/Qwen3-4B-Instruct-2507,cdbee75f17c01a7cc42f958dc650907174af0554
23,heldout,5,53,4,33,number_tokens,27.75,24.75,24.625,-0.125,True,True,Qwen/Qwen3-4B-Instruct-2507,cdbee75f17c01a7cc42f958dc650907174af0554
23,heldout,5,53,4,33,random_positions,27.75,24.75,24.75,0.0,True,True,Qwen/Qwen3-4B-Instruct-2507,cdbee75f17c01a7cc42f958dc650907174af0554
23,heldout,5,53,4,34,answer_position,27.75,24.75,27.5,2.75,True,True,Qwen/Qwen3-4B-Instruct-2507,cdbee75f17c01a7cc42f958dc650907174af0554
23,heldout,5,53,4,34,number_tokens,27.75,24.75,24.875,0.125,True,True,Qwen/Qwen3-4B-Instruct-2507,cdbee75f17c01a7cc42f958dc650907174af0554
23,heldout,5,53,4,34,random_positions,27.75,24.75,24.625,-0.125,True,True,Qwen/Qwen3-4B-Instruct-2507,cdbee75f17c01a7cc42f958dc650907174af0554
23,heldout,5,53,4,35,answer_position,27.75,24.75,27.75,3.0,True,True,Qwen/Qwen3-4B-Instruct-2507,cdbee75f17c01a7cc42f958dc650907174af0554
23,heldout,5,53,4,35,number_tokens,27.75,24.75,24.75,0.0,True,True,Qwen/Qwen3-4B-Instruct-2507,cdbee75f17c01a7cc42f958dc650907174af0554
23,heldout,5,53,4,35,random_positions,27.75,24.75,24.75,0.0,True,True,Qwen/Qwen3-4B-Instruct-2507,cdbee75f17c01a7cc42f958dc650907174af0554
24,heldout,5,54,2,0,answer_position,26.875,23.25,23.25,0.0,True,True,Qwen/Qwen3-4B-Instruct-2507,cdbee75f17c01a7cc42f958dc650907174af0554
24,heldout,5,54,2,0,number_tokens,26.875,23.25,23.25,0.0,True,True,Qwen/Qwen3-4B-Instruct-2507,cdbee75f17c01a7cc42f958dc650907174af0554
24,heldout,5,54,2,0,random_positions,26.875,23.25,23.25,0.0,True,True,Qwen/Qwen3-4B-Instruct-2507,cdbee75f17c01a7cc42f958dc650907174af0554
24,heldout,5,54,2,1,answer_position,26.875,23.25,23.0,-0.25,True,True,Qwen/Qwen3-4B-Instruct-2507,cdbee75f17c01a7cc42f958dc650907174af0554
24,heldout,5,54,2,1,number_tokens,26.875,23.25,24.0,0.75,True,True,Qwen/Qwen3-4B-Instruct-2507,cdbee75f17c01a7cc42f958dc650907174af0554
24,heldout,5,54,2,1,random_positions,26.875,23.25,23.25,0.0,True,True,Qwen/Qwen3-4B-Instruct-2507,cdbee75f17c01a7cc42f958dc650907174af0554
24,heldout,5,54,2,2,answer_position,26.875,23.25,23.25,0.0,True,True,Qwen/Qwen3-4B-Instruct-2507,cdbee75f17c01a7cc42f958dc650907174af0554
24,heldout,5,54,2,2,number_tokens,26.875,23.25,24.5,1.25,True,True,Qwen/Qwen3-4B-Instruct-2507,cdbee75f17c01a7cc42f958dc650907174af0554
24,heldout,5,54,2,2,random_positions,26.875,23.25,23.5,0.25,True,True,Qwen/Qwen3-4B-Instruct-2507,cdbee75f17c01a7cc42f958dc650907174af0554
24,heldout,5,54,2,3,answer_position,26.875,23.25,23.5,0.25,True,True,Qwen/Qwen3-4B-Instruct-2507,cdbee75f17c01a7cc42f958dc650907174af0554
24,heldout,5,54,2,3,number_tokens,26.875,23.25,22.75,-0.5,True,True,Qwen/Qwen3-4B-Instruct-2507,cdbee75f17c01a7cc42f958dc650907174af0554
24,heldout,5,54,2,3,random_positions,26.875,23.25,23.25,0.0,True,True,Qwen/Qwen3-4B-Instruct-2507,cdbee75f17c01a7cc42f958dc650907174af0554
24,heldout,5,54,2,4,answer_position,26.875,23.25,23.5,0.25,True,True,Qwen/Qwen3-4B-Instruct-2507,cdbee75f17c01a7cc42f958dc650907174af0554
24,heldout,5,54,2,4,number_tokens,26.875,23.25,23.25,0.0,True,True,Qwen/Qwen3-4B-Instruct-2507,cdbee75f17c01a7cc42f958dc650907174af0554
24,heldout,5,54,2,4,random_positions,26.875,23.25,23.25,0.0,True,True,Qwen/Qwen3-4B-Instruct-2507,cdbee75f17c01a7cc42f958dc650907174af0554
24,heldout,5,54,2,5,answer_position,26.875,23.25,23.25,0.0,True,True,Qwen/Qwen3-4B-Instruct-2507,cdbee75f17c01a7cc42f958dc650907174af0554
24,heldout,5,54,2,5,number_tokens,26.875,23.25,20.75,-2.5,True,True,Qwen/Qwen3-4B-Instruct-2507,cdbee75f17c01a7cc42f958dc650907174af0554
24,heldout,5,54,2,5,random_positions,26.875,23.25,23.5,0.25,True,True,Qwen/Qwen3-4B-Instruct-2507,cdbee75f17c01a7cc42f958dc650907174af0554
24,heldout,5,54,2,6,answer_position,26.875,23.25,23.5,0.25,True,True,Qwen/Qwen3-4B-Instruct-2507,cdbee75f17c01a7cc42f958dc650907174af0554
24,heldout,5,54,2,6,number_tokens,26.875,23.25,22.0,-1.25,True,True,Qwen/Qwen3-4B-Instruct-2507,cdbee75f17c01a7cc42f958dc650907174af0554
24,heldout,5,54,2,6,random_positions,26.875,23.25,23.25,0.0,True,True,Qwen/Qwen3-4B-Instruct-2507,cdbee75f17c01a7cc42f958dc650907174af0554
24,heldout,5,54,2,7,answer_position,26.875,23.25,23.5,0.25,True,True,Qwen/Qwen3-4B-Instruct-2507,cdbee75f17c01a7cc42f958dc650907174af0554
24,heldout,5,54,2,7,number_tokens,26.875,23.25,13.75,-9.5,True,True,Qwen/Qwen3-4B-Instruct-2507,cdbee75f17c01a7cc42f958dc650907174af0554
24,heldout,5,54,2,7,random_positions,26.875,23.25,23.25,0.0,True,True,Qwen/Qwen3-4B-Instruct-2507,cdbee75f17c01a7cc42f958dc650907174af0554
24,heldout,5,54,2,8,answer_position,26.875,23.25,23.25,0.0,True,True,Qwen/Qwen3-4B-Instruct-2507,cdbee75f17c01a7cc42f958dc650907174af0554
24,heldout,5,54,2,8,number_tokens,26.875,23.25,15.75,-7.5,True,True,Qwen/Qwen3-4B-Instruct-2507,cdbee75f17c01a7cc42f958dc650907174af0554
24,heldout,5,54,2,8,random_positions,26.875,23.25,23.5,0.25,True,True,Qwen/Qwen3-4B-Instruct-2507,cdbee75f17c01a7cc42f958dc650907174af0554
24,heldout,5,54,2,9,answer_position,26.875,23.25,23.25,0.0,True,True,Qwen/Qwen3-4B-Instruct-2507,cdbee75f17c01a7cc42f958dc650907174af0554
24,heldout,5,54,2,9,number_tokens,26.875,23.25,-3.0,-26.25,True,False,Qwen/Qwen3-4B-Instruct-2507,cdbee75f17c01a7cc42f958dc650907174af0554
24,heldout,5,54,2,9,random_positions,26.875,23.25,23.25,0.0,True,True,Qwen/Qwen3-4B-Instruct-2507,cdbee75f17c01a7cc42f958dc650907174af0554
24,heldout,5,54,2,10,answer_position,26.875,23.25,23.25,0.0,True,True,Qwen/Qwen3-4B-Instruct-2507,cdbee75f17c01a7cc42f958dc650907174af0554
24,heldout,5,54,2,10,number_tokens,26.875,23.25,-2.75,-26.0,True,False,Qwen/Qwen3-4B-Instruct-2507,cdbee75f17c01a7cc42f958dc650907174af0554
24,heldout,5,54,2,10,random_positions,26.875,23.25,23.5,0.25,True,True,Qwen/Qwen3-4B-Instruct-2507,cdbee75f17c01a7cc42f958dc650907174af0554
24,heldout,5,54,2,11,answer_position,26.875,23.25,23.25,0.0,True,True,Qwen/Qwen3-4B-Instruct-2507,cdbee75f17c01a7cc42f958dc650907174af0554
24,heldout,5,54,2,11,number_tokens,26.875,23.25,-12.75,-36.0,True,False,Qwen/Qwen3-4B-Instruct-2507,cdbee75f17c01a7cc42f958dc650907174af0554
24,heldout,5,54,2,11,random_positions,26.875,23.25,23.5,0.25,True,True,Qwen/Qwen3-4B-Instruct-2507,cdbee75f17c01a7cc42f958dc650907174af0554
24,heldout,5,54,2,12,answer_position,26.875,23.25,23.25,0.0,True,True,Qwen/Qwen3-4B-Instruct-2507,cdbee75f17c01a7cc42f958dc650907174af0554
24,heldout,5,54,2,12,number_tokens,26.875,23.25,5.75,-17.5,True,True,Qwen/Qwen3-4B-Instruct-2507,cdbee75f17c01a7cc42f958dc650907174af0554
24,heldout,5,54,2,12,random_positions,26.875,23.25,23.25,0.0,True,True,Qwen/Qwen3-4B-Instruct-2507,cdbee75f17c01a7cc42f958dc650907174af0554
24,heldout,5,54,2,13,answer_position,26.875,23.25,23.25,0.0,True,True,Qwen/Qwen3-4B-Instruct-2507,cdbee75f17c01a7cc42f958dc650907174af0554
24,heldout,5,54,2,13,number_tokens,26.875,23.25,16.25,-7.0,True,True,Qwen/Qwen3-4B-Instruct-2507,cdbee75f17c01a7cc42f958dc650907174af0554
24,heldout,5,54,2,13,random_positions,26.875,23.25,23.5,0.25,True,True,Qwen/Qwen3-4B-Instruct-2507,cdbee75f17c01a7cc42f958dc650907174af0554
24,heldout,5,54,2,14,answer_position,26.875,23.25,23.5,0.25,True,True,Qwen/Qwen3-4B-Instruct-2507,cdbee75f17c01a7cc42f958dc650907174af0554
24,heldout,5,54,2,14,number_tokens,26.875,23.25,22.25,-1.0,True,True,Qwen/Qwen3-4B-Instruct-2507,cdbee75f17c01a7cc42f958dc650907174af0554
24,heldout,5,54,2,14,random_positions,26.875,23.25,23.5,0.25,True,True,Qwen/Qwen3-4B-Instruct-2507,cdbee75f17c01a7cc42f958dc650907174af0554
24,heldout,5,54,2,15,answer_position,26.875,23.25,23.5,0.25,True,True,Qwen/Qwen3-4B-Instruct-2507,cdbee75f17c01a7cc42f958dc650907174af0554
24,heldout,5,54,2,15,number_tokens,26.875,23.25,25.625,2.375,True,True,Qwen/Qwen3-4B-Instruct-2507,cdbee75f17c01a7cc42f958dc650907174af0554
24,heldout,5,54,2,15,random_positions,26.875,23.25,23.5,0.25,True,True,Qwen/Qwen3-4B-Instruct-2507,cdbee75f17c01a7cc42f958dc650907174af0554
24,heldout,5,54,2,16,answer_position,26.875,23.25,23.5,0.25,True,True,Qwen/Qwen3-4B-Instruct-2507,cdbee75f17c01a7cc42f958dc650907174af0554
24,heldout,5,54,2,16,number_tokens,26.875,23.25,26.125,2.875,True,True,Qwen/Qwen3-4B-Instruct-2507,cdbee75f17c01a7cc42f958dc650907174af0554
24,heldout,5,54,2,16,random_positions,26.875,23.25,23.5,0.25,True,True,Qwen/Qwen3-4B-Instruct-2507,cdbee75f17c01a7cc42f958dc650907174af0554
24,heldout,5,54,2,17,answer_position,26.875,23.25,23.5,0.25,True,True,Qwen/Qwen3-4B-Instruct-2507,cdbee75f17c01a7cc42f958dc650907174af0554
24,heldout,5,54,2,17,number_tokens,26.875,23.25,25.0,1.75,True,True,Qwen/Qwen3-4B-Instruct-2507,cdbee75f17c01a7cc42f958dc650907174af0554
24,heldout,5,54,2,17,random_positions,26.875,23.25,23.5,0.25,True,True,Qwen/Qwen3-4B-Instruct-2507,cdbee75f17c01a7cc42f958dc650907174af0554
24,heldout,5,54,2,18,answer_position,26.875,23.25,23.0,-0.25,True,True,Qwen/Qwen3-4B-Instruct-2507,cdbee75f17c01a7cc42f958dc650907174af0554
24,heldout,5,54,2,18,number_tokens,26.875,23.25,24.0,0.75,True,True,Qwen/Qwen3-4B-Instruct-2507,cdbee75f17c01a7cc42f958dc650907174af0554
24,heldout,5,54,2,18,random_positions,26.875,23.25,23.375,0.125,True,True,Qwen/Qwen3-4B-Instruct-2507,cdbee75f17c01a7cc42f958dc650907174af0554
24,heldout,5,54,2,19,answer_position,26.875,23.25,24.5,1.25,True,True,Qwen/Qwen3-4B-Instruct-2507,cdbee75f17c01a7cc42f958dc650907174af0554
24,heldout,5,54,2,19,number_tokens,26.875,23.25,22.5,-0.75,True,True,Qwen/Qwen3-4B-Instruct-2507,cdbee75f17c01a7cc42f958dc650907174af0554
24,heldout,5,54,2,19,random_positions,26.875,23.25,23.75,0.5,True,True,Qwen/Qwen3-4B-Instruct-2507,cdbee75f17c01a7cc42f958dc650907174af0554
24,heldout,5,54,2,20,answer_position,26.875,23.25,24.5,1.25,True,True,Qwen/Qwen3-4B-Instruct-2507,cdbee75f17c01a7cc42f958dc650907174af0554
24,heldout,5,54,2,20,number_tokens,26.875,23.25,23.0,-0.25,True,True,Qwen/Qwen3-4B-Instruct-2507,cdbee75f17c01a7cc42f958dc650907174af0554
24,heldout,5,54,2,20,random_positions,26.875,23.25,23.25,0.0,True,True,Qwen/Qwen3-4B-Instruct-2507,cdbee75f17c01a7cc42f958dc650907174af0554
24,heldout,5,54,2,21,answer_position,26.875,23.25,26.25,3.0,True,True,Qwen/Qwen3-4B-Instruct-2507,cdbee75f17c01a7cc42f958dc650907174af0554
24,heldout,5,54,2,21,number_tokens,26.875,23.25,23.0,-0.25,True,True,Qwen/Qwen3-4B-Instruct-2507,cdbee75f17c01a7cc42f958dc650907174af0554
24,heldout,5,54,2,21,random_positions,26.875,23.25,23.25,0.0,True,True,Qwen/Qwen3-4B-Instruct-2507,cdbee75f17c01a7cc42f958dc650907174af0554
24,heldout,5,54,2,22,answer_position,26.875,23.25,26.375,3.125,True,True,Qwen/Qwen3-4B-Instruct-2507,cdbee75f17c01a7cc42f958dc650907174af0554
24,heldout,5,54,2,22,number_tokens,26.875,23.25,23.0,-0.25,True,True,Qwen/Qwen3-4B-Instruct-2507,cdbee75f17c01a7cc42f958dc650907174af0554
24,heldout,5,54,2,22,random_positions,26.875,23.25,23.25,0.0,True,True,Qwen/Qwen3-4B-Instruct-2507,cdbee75f17c01a7cc42f958dc650907174af0554
24,heldout,5,54,2,23,answer_position,26.875,23.25,26.125,2.875,True,True,Qwen/Qwen3-4B-Instruct-2507,cdbee75f17c01a7cc42f958dc650907174af0554
24,heldout,5,54,2,23,number_tokens,26.875,23.25,23.0,-0.25,True,True,Qwen/Qwen3-4B-Instruct-2507,cdbee75f17c01a7cc42f958dc650907174af0554
24,heldout,5,54,2,23,random_positions,26.875,23.25,23.0,-0.25,True,True,Qwen/Qwen3-4B-Instruct-2507,cdbee75f17c01a7cc42f958dc650907174af0554
24,heldout,5,54,2,24,answer_position,26.875,23.25,26.75,3.5,True,True,Qwen/Qwen3-4B-Instruct-2507,cdbee75f17c01a7cc42f958dc650907174af0554
24,heldout,5,54,2,24,number_tokens,26.875,23.25,23.0,-0.25,True,True,Qwen/Qwen3-4B-Instruct-2507,cdbee75f17c01a7cc42f958dc650907174af0554
24,heldout,5,54,2,24,random_positions,26.875,23.25,23.25,0.0,True,True,Qwen/Qwen3-4B-Instruct-2507,cdbee75f17c01a7cc42f958dc650907174af0554
24,heldout,5,54,2,25,answer_position,26.875,23.25,26.625,3.375,True,True,Qwen/Qwen3-4B-Instruct-2507,cdbee75f17c01a7cc42f958dc650907174af0554
24,heldout,5,54,2,25,number_tokens,26.875,23.25,23.0,-0.25,True,True,Qwen/Qwen3-4B-Instruct-2507,cdbee75f17c01a7cc42f958dc650907174af0554
24,heldout,5,54,2,25,random_positions,26.875,23.25,23.25,0.0,True,True,Qwen/Qwen3-4B-Instruct-2507,cdbee75f17c01a7cc42f958dc650907174af0554
24,heldout,5,54,2,26,answer_position,26.875,23.25,26.75,3.5,True,True,Qwen/Qwen3-4B-Instruct-2507,cdbee75f17c01a7cc42f958dc650907174af0554
24,heldout,5,54,2,26,number_tokens,26.875,23.25,23.0,-0.25,True,True,Qwen/Qwen3-4B-Instruct-2507,cdbee75f17c01a7cc42f958dc650907174af0554
24,heldout,5,54,2,26,random_positions,26.875,23.25,23.0,-0.25,True,True,Qwen/Qwen3-4B-Instruct-2507,cdbee75f17c01a7cc42f958dc650907174af0554
24,heldout,5,54,2,27,answer_position,26.875,23.25,26.625,3.375,True,True,Qwen/Qwen3-4B-Instruct-2507,cdbee75f17c01a7cc42f958dc650907174af0554
24,heldout,5,54,2,27,number_tokens,26.875,23.25,23.25,0.0,True,True,Qwen/Qwen3-4B-Instruct-2507,cdbee75f17c01a7cc42f958dc650907174af0554
24,heldout,5,54,2,27,random_positions,26.875,23.25,23.0,-0.25,True,True,Qwen/Qwen3-4B-Instruct-2507,cdbee75f17c01a7cc42f958dc650907174af0554
24,heldout,5,54,2,28,answer_position,26.875,23.25,26.875,3.625,True,True,Qwen/Qwen3-4B-Instruct-2507,cdbee75f17c01a7cc42f958dc650907174af0554
24,heldout,5,54,2,28,number_tokens,26.875,23.25,23.25,0.0,True,True,Qwen/Qwen3-4B-Instruct-2507,cdbee75f17c01a7cc42f958dc650907174af0554
24,heldout,5,54,2,28,random_positions,26.875,23.25,23.0,-0.25,True,True,Qwen/Qwen3-4B-Instruct-2507,cdbee75f17c01a7cc42f958dc650907174af0554
24,heldout,5,54,2,29,answer_position,26.875,23.25,26.875,3.625,True,True,Qwen/Qwen3-4B-Instruct-2507,cdbee75f17c01a7cc42f958dc650907174af0554
24,heldout,5,54,2,29,number_tokens,26.875,23.25,23.25,0.0,True,True,Qwen/Qwen3-4B-Instruct-2507,cdbee75f17c01a7cc42f958dc650907174af0554
24,heldout,5,54,2,29,random_positions,26.875,23.25,23.0,-0.25,True,True,Qwen/Qwen3-4B-Instruct-2507,cdbee75f17c01a7cc42f958dc650907174af0554
24,heldout,5,54,2,30,answer_position,26.875,23.25,26.625,3.375,True,True,Qwen/Qwen3-4B-Instruct-2507,cdbee75f17c01a7cc42f958dc650907174af0554
24,heldout,5,54,2,30,number_tokens,26.875,23.25,23.25,0.0,True,True,Qwen/Qwen3-4B-Instruct-2507,cdbee75f17c01a7cc42f958dc650907174af0554
24,heldout,5,54,2,30,random_positions,26.875,23.25,23.25,0.0,True,True,Qwen/Qwen3-4B-Instruct-2507,cdbee75f17c01a7cc42f958dc650907174af0554
24,heldout,5,54,2,31,answer_position,26.875,23.25,27.0,3.75,True,True,Qwen/Qwen3-4B-Instruct-2507,cdbee75f17c01a7cc42f958dc650907174af0554
24,heldout,5,54,2,31,number_tokens,26.875,23.25,23.25,0.0,True,True,Qwen/Qwen3-4B-Instruct-2507,cdbee75f17c01a7cc42f958dc650907174af0554
24,heldout,5,54,2,31,random_positions,26.875,23.25,23.0,-0.25,True,True,Qwen/Qwen3-4B-Instruct-2507,cdbee75f17c01a7cc42f958dc650907174af0554
24,heldout,5,54,2,32,answer_position,26.875,23.25,26.875,3.625,True,True,Qwen/Qwen3-4B-Instruct-2507,cdbee75f17c01a7cc42f958dc650907174af0554
24,heldout,5,54,2,32,number_tokens,26.875,23.25,23.25,0.0,True,True,Qwen/Qwen3-4B-Instruct-2507,cdbee75f17c01a7cc42f958dc650907174af0554
24,heldout,5,54,2,32,random_positions,26.875,23.25,23.25,0.0,True,True,Qwen/Qwen3-4B-Instruct-2507,cdbee75f17c01a7cc42f958dc650907174af0554
24,heldout,5,54,2,33,answer_position,26.875,23.25,26.5,3.25,True,True,Qwen/Qwen3-4B-Instruct-2507,cdbee75f17c01a7cc42f958dc650907174af0554
24,heldout,5,54,2,33,number_tokens,26.875,23.25,23.25,0.0,True,True,Qwen/Qwen3-4B-Instruct-2507,cdbee75f17c01a7cc42f958dc650907174af0554
24,heldout,5,54,2,33,random_positions,26.875,23.25,23.25,0.0,True,True,Qwen/Qwen3-4B-Instruct-2507,cdbee75f17c01a7cc42f958dc650907174af0554
24,heldout,5,54,2,34,answer_position,26.875,23.25,26.875,3.625,True,True,Qwen/Qwen3-4B-Instruct-2507,cdbee75f17c01a7cc42f958dc650907174af0554
24,heldout,5,54,2,34,number_tokens,26.875,23.25,23.25,0.0,True,True,Qwen/Qwen3-4B-Instruct-2507,cdbee75f17c01a7cc42f958dc650907174af0554
24,heldout,5,54,2,34,random_positions,26.875,23.25,23.25,0.0,True,True,Qwen/Qwen3-4B-Instruct-2507,cdbee75f17c01a7cc42f958dc650907174af0554
24,heldout,5,54,2,35,answer_position,26.875,23.25,26.875,3.625,True,True,Qwen/Qwen3-4B-Instruct-2507,cdbee75f17c01a7cc42f958dc650907174af0554
24,heldout,5,54,2,35,number_tokens,26.875,23.25,23.25,0.0,True,True,Qwen/Qwen3-4B-Instruct-2507,cdbee75f17c01a7cc42f958dc650907174af0554
24,heldout,5,54,2,35,random_positions,26.875,23.25,23.25,0.0,True,True,Qwen/Qwen3-4B-Instruct-2507,cdbee75f17c01a7cc42f958dc650907174af0554
25,heldout,6,54,2,0,answer_position,27.125,22.0,22.0,0.0,True,True,Qwen/Qwen3-4B-Instruct-2507,cdbee75f17c01a7cc42f958dc650907174af0554
25,heldout,6,54,2,0,number_tokens,27.125,22.0,21.75,-0.25,True,True,Qwen/Qwen3-4B-Instruct-2507,cdbee75f17c01a7cc42f958dc650907174af0554
25,heldout,6,54,2,0,random_positions,27.125,22.0,12.0,-10.0,True,True,Qwen/Qwen3-4B-Instruct-2507,cdbee75f17c01a7cc42f958dc650907174af0554
25,heldout,6,54,2,1,answer_position,27.125,22.0,22.25,0.25,True,True,Qwen/Qwen3-4B-Instruct-2507,cdbee75f17c01a7cc42f958dc650907174af0554
25,heldout,6,54,2,1,number_tokens,27.125,22.0,23.75,1.75,True,True,Qwen/Qwen3-4B-Instruct-2507,cdbee75f17c01a7cc42f958dc650907174af0554
25,heldout,6,54,2,1,random_positions,27.125,22.0,16.5,-5.5,True,True,Qwen/Qwen3-4B-Instruct-2507,cdbee75f17c01a7cc42f958dc650907174af0554
25,heldout,6,54,2,2,answer_position,27.125,22.0,22.0,0.0,True,True,Qwen/Qwen3-4B-Instruct-2507,cdbee75f17c01a7cc42f958dc650907174af0554
25,heldout,6,54,2,2,number_tokens,27.125,22.0,24.25,2.25,True,True,Qwen/Qwen3-4B-Instruct-2507,cdbee75f17c01a7cc42f958dc650907174af0554
25,heldout,6,54,2,2,random_positions,27.125,22.0,19.0,-3.0,True,True,Qwen/Qwen3-4B-Instruct-2507,cdbee75f17c01a7cc42f958dc650907174af0554
25,heldout,6,54,2,3,answer_position,27.125,22.0,22.25,0.25,True,True,Qwen/Qwen3-4B-Instruct-2507,cdbee75f17c01a7cc42f958dc650907174af0554
25,heldout,6,54,2,3,number_tokens,27.125,22.0,20.25,-1.75,True,True,Qwen/Qwen3-4B-Instruct-2507,cdbee75f17c01a7cc42f958dc650907174af0554
25,heldout,6,54,2,3,random_positions,27.125,22.0,17.5,-4.5,True,True,Qwen/Qwen3-4B-Instruct-2507,cdbee75f17c01a7cc42f958dc650907174af0554
25,heldout,6,54,2,4,answer_position,27.125,22.0,22.0,0.0,True,True,Qwen/Qwen3-4B-Instruct-2507,cdbee75f17c01a7cc42f958dc650907174af0554
25,heldout,6,54,2,4,number_tokens,27.125,22.0,21.0,-1.0,True,True,Qwen/Qwen3-4B-Instruct-2507,cdbee75f17c01a7cc42f958dc650907174af0554
25,heldout,6,54,2,4,random_positions,27.125,22.0,17.75,-4.25,True,True,Qwen/Qwen3-4B-Instruct-2507,cdbee75f17c01a7cc42f958dc650907174af0554
25,heldout,6,54,2,5,answer_position,27.125,22.0,22.0,0.0,True,True,Qwen/Qwen3-4B-Instruct-2507,cdbee75f17c01a7cc42f958dc650907174af0554
25,heldout,6,54,2,5,number_tokens,27.125,22.0,14.25,-7.75,True,True,Qwen/Qwen3-4B-Instruct-2507,cdbee75f17c01a7cc42f958dc650907174af0554
25,heldout,6,54,2,5,random_positions,27.125,22.0,21.5,-0.5,True,True,Qwen/Qwen3-4B-Instruct-2507,cdbee75f17c01a7cc42f958dc650907174af0554
25,heldout,6,54,2,6,answer_position,27.125,22.0,22.25,0.25,True,True,Qwen/Qwen3-4B-Instruct-2507,cdbee75f17c01a7cc42f958dc650907174af0554
25,heldout,6,54,2,6,number_tokens,27.125,22.0,16.75,-5.25,True,True,Qwen/Qwen3-4B-Instruct-2507,cdbee75f17c01a7cc42f958dc650907174af0554
25,heldout,6,54,2,6,random_positions,27.125,22.0,21.5,-0.5,True,True,Qwen/Qwen3-4B-Instruct-2507,cdbee75f17c01a7cc42f958dc650907174af0554
25,heldout,6,54,2,7,answer_position,27.125,22.0,22.0,0.0,True,True,Qwen/Qwen3-4B-Instruct-2507,cdbee75f17c01a7cc42f958dc650907174af0554
25,heldout,6,54,2,7,number_tokens,27.125,22.0,1.0,-21.0,True,True,Qwen/Qwen3-4B-Instruct-2507,cdbee75f17c01a7cc42f958dc650907174af0554
25,heldout,6,54,2,7,random_positions,27.125,22.0,21.5,-0.5,True,True,Qwen/Qwen3-4B-Instruct-2507,cdbee75f17c01a7cc42f958dc650907174af0554
25,heldout,6,54,2,8,answer_position,27.125,22.0,22.0,0.0,True,True,Qwen/Qwen3-4B-Instruct-2507,cdbee75f17c01a7cc42f958dc650907174af0554
25,heldout,6,54,2,8,number_tokens,27.125,22.0,3.0,-19.0,True,True,Qwen/Qwen3-4B-Instruct-2507,cdbee75f17c01a7cc42f958dc650907174af0554
25,heldout,6,54,2,8,random_positions,27.125,22.0,21.25,-0.75,True,True,Qwen/Qwen3-4B-Instruct-2507,cdbee75f17c01a7cc42f958dc650907174af0554
25,heldout,6,54,2,9,answer_position,27.125,22.0,22.0,0.0,True,True,Qwen/Qwen3-4B-Instruct-2507,cdbee75f17c01a7cc42f958dc650907174af0554
25,heldout,6,54,2,9,number_tokens,27.125,22.0,-9.25,-31.25,True,False,Qwen/Qwen3-4B-Instruct-2507,cdbee75f17c01a7cc42f958dc650907174af0554
25,heldout,6,54,2,9,random_positions,27.125,22.0,22.25,0.25,True,True,Qwen/Qwen3-4B-Instruct-2507,cdbee75f17c01a7cc42f958dc650907174af0554
25,heldout,6,54,2,10,answer_position,27.125,22.0,22.25,0.25,True,True,Qwen/Qwen3-4B-Instruct-2507,cdbee75f17c01a7cc42f958dc650907174af0554
25,heldout,6,54,2,10,number_tokens,27.125,22.0,-9.75,-31.75,True,False,Qwen/Qwen3-4B-Instruct-2507,cdbee75f17c01a7cc42f958dc650907174af0554
25,heldout,6,54,2,10,random_positions,27.125,22.0,21.75,-0.25,True,True,Qwen/Qwen3-4B-Instruct-2507,cdbee75f17c01a7cc42f958dc650907174af0554
25,heldout,6,54,2,11,answer_position,27.125,22.0,22.0,0.0,True,True,Qwen/Qwen3-4B-Instruct-2507,cdbee75f17c01a7cc42f958dc650907174af0554
25,heldout,6,54,2,11,number_tokens,27.125,22.0,-16.25,-38.25,True,False,Qwen/Qwen3-4B-Instruct-2507,cdbee75f17c01a7cc42f958dc650907174af0554
25,heldout,6,54,2,11,random_positions,27.125,22.0,22.75,0.75,True,True,Qwen/Qwen3-4B-Instruct-2507,cdbee75f17c01a7cc42f958dc650907174af0554
25,heldout,6,54,2,12,answer_position,27.125,22.0,22.25,0.25,True,True,Qwen/Qwen3-4B-Instruct-2507,cdbee75f17c01a7cc42f958dc650907174af0554
25,heldout,6,54,2,12,number_tokens,27.125,22.0,-2.0,-24.0,True,False,Qwen/Qwen3-4B-Instruct-2507,cdbee75f17c01a7cc42f958dc650907174af0554
25,heldout,6,54,2,12,random_positions,27.125,22.0,23.0,1.0,True,True,Qwen/Qwen3-4B-Instruct-2507,cdbee75f17c01a7cc42f958dc650907174af0554
25,heldout,6,54,2,13,answer_position,27.125,22.0,22.0,0.0,True,True,Qwen/Qwen3-4B-Instruct-2507,cdbee75f17c01a7cc42f958dc650907174af0554
25,heldout,6,54,2,13,number_tokens,27.125,22.0,14.5,-7.5,True,True,Qwen/Qwen3-4B-Instruct-2507,cdbee75f17c01a7cc42f958dc650907174af0554
25,heldout,6,54,2,13,random_positions,27.125,22.0,23.875,1.875,True,True,Qwen/Qwen3-4B-Instruct-2507,cdbee75f17c01a7cc42f958dc650907174af0554
25,heldout,6,54,2,14,answer_position,27.125,22.0,22.0,0.0,True,True,Qwen/Qwen3-4B-Instruct-2507,cdbee75f17c01a7cc42f958dc650907174af0554
25,heldout,6,54,2,14,number_tokens,27.125,22.0,21.75,-0.25,True,True,Qwen/Qwen3-4B-Instruct-2507,cdbee75f17c01a7cc42f958dc650907174af0554
25,heldout,6,54,2,14,random_positions,27.125,22.0,23.0,1.0,True,True,Qwen/Qwen3-4B-Instruct-2507,cdbee75f17c01a7cc42f958dc650907174af0554
25,heldout,6,54,2,15,answer_position,27.125,22.0,22.0,0.0,True,True,Qwen/Qwen3-4B-Instruct-2507,cdbee75f17c01a7cc42f958dc650907174af0554
25,heldout,6,54,2,15,number_tokens,27.125,22.0,25.25,3.25,True,True,Qwen/Qwen3-4B-Instruct-2507,cdbee75f17c01a7cc42f958dc650907174af0554
25,heldout,6,54,2,15,random_positions,27.125,22.0,22.25,0.25,True,True,Qwen/Qwen3-4B-Instruct-2507,cdbee75f17c01a7cc42f958dc650907174af0554
25,heldout,6,54,2,16,answer_position,27.125,22.0,22.25,0.25,True,True,Qwen/Qwen3-4B-Instruct-2507,cdbee75f17c01a7cc42f958dc650907174af0554
25,heldout,6,54,2,16,number_tokens,27.125,22.0,25.5,3.5,True,True,Qwen/Qwen3-4B-Instruct-2507,cdbee75f17c01a7cc42f958dc650907174af0554
25,heldout,6,54,2,16,random_positions,27.125,22.0,22.5,0.5,True,True,Qwen/Qwen3-4B-Instruct-2507,cdbee75f17c01a7cc42f958dc650907174af0554
25,heldout,6,54,2,17,answer_position,27.125,22.0,22.0,0.0,True,True,Qwen/Qwen3-4B-Instruct-2507,cdbee75f17c01a7cc42f958dc650907174af0554
25,heldout,6,54,2,17,number_tokens,27.125,22.0,24.75,2.75,True,True,Qwen/Qwen3-4B-Instruct-2507,cdbee75f17c01a7cc42f958dc650907174af0554
25,heldout,6,54,2,17,random_positions,27.125,22.0,22.25,0.25,True,True,Qwen/Qwen3-4B-Instruct-2507,cdbee75f17c01a7cc42f958dc650907174af0554
25,heldout,6,54,2,18,answer_position,27.125,22.0,22.0,0.0,True,True,Qwen/Qwen3-4B-Instruct-2507,cdbee75f17c01a7cc42f958dc650907174af0554
25,heldout,6,54,2,18,number_tokens,27.125,22.0,22.5,0.5,True,True,Qwen/Qwen3-4B-Instruct-2507,cdbee75f17c01a7cc42f958dc650907174af0554
25,heldout,6,54,2,18,random_positions,27.125,22.0,21.5,-0.5,True,True,Qwen/Qwen3-4B-Instruct-2507,cdbee75f17c01a7cc42f958dc650907174af0554
25,heldout,6,54,2,19,answer_position,27.125,22.0,23.25,1.25,True,True,Qwen/Qwen3-4B-Instruct-2507,cdbee75f17c01a7cc42f958dc650907174af0554
25,heldout,6,54,2,19,number_tokens,27.125,22.0,20.25,-1.75,True,True,Qwen/Qwen3-4B-Instruct-2507,cdbee75f17c01a7cc42f958dc650907174af0554
25,heldout,6,54,2,19,random_positions,27.125,22.0,22.5,0.5,True,True,Qwen/Qwen3-4B-Instruct-2507,cdbee75f17c01a7cc42f958dc650907174af0554
25,heldout,6,54,2,20,answer_position,27.125,22.0,23.5,1.5,True,True,Qwen/Qwen3-4B-Instruct-2507,cdbee75f17c01a7cc42f958dc650907174af0554
25,heldout,6,54,2,20,number_tokens,27.125,22.0,21.75,-0.25,True,True,Qwen/Qwen3-4B-Instruct-2507,cdbee75f17c01a7cc42f958dc650907174af0554
25,heldout,6,54,2,20,random_positions,27.125,22.0,23.0,1.0,True,True,Qwen/Qwen3-4B-Instruct-2507,cdbee75f17c01a7cc42f958dc650907174af0554
25,heldout,6,54,2,21,answer_position,27.125,22.0,26.125,4.125,True,True,Qwen/Qwen3-4B-Instruct-2507,cdbee75f17c01a7cc42f958dc650907174af0554
25,heldout,6,54,2,21,number_tokens,27.125,22.0,21.5,-0.5,True,True,Qwen/Qwen3-4B-Instruct-2507,cdbee75f17c01a7cc42f958dc650907174af0554
25,heldout,6,54,2,21,random_positions,27.125,22.0,22.25,0.25,True,True,Qwen/Qwen3-4B-Instruct-2507,cdbee75f17c01a7cc42f958dc650907174af0554
25,heldout,6,54,2,22,answer_position,27.125,22.0,26.25,4.25,True,True,Qwen/Qwen3-4B-Instruct-2507,cdbee75f17c01a7cc42f958dc650907174af0554
25,heldout,6,54,2,22,number_tokens,27.125,22.0,21.75,-0.25,True,True,Qwen/Qwen3-4B-Instruct-2507,cdbee75f17c01a7cc42f958dc650907174af0554
25,heldout,6,54,2,22,random_positions,27.125,22.0,21.75,-0.25,True,True,Qwen/Qwen3-4B-Instruct-2507,cdbee75f17c01a7cc42f958dc650907174af0554
25,heldout,6,54,2,23,answer_position,27.125,22.0,25.875,3.875,True,True,Qwen/Qwen3-4B-Instruct-2507,cdbee75f17c01a7cc42f958dc650907174af0554
25,heldout,6,54,2,23,number_tokens,27.125,22.0,21.5,-0.5,True,True,Qwen/Qwen3-4B-Instruct-2507,cdbee75f17c01a7cc42f958dc650907174af0554
25,heldout,6,54,2,23,random_positions,27.125,22.0,22.0,0.0,True,True,Qwen/Qwen3-4B-Instruct-2507,cdbee75f17c01a7cc42f958dc650907174af0554
25,heldout,6,54,2,24,answer_position,27.125,22.0,27.0,5.0,True,True,Qwen/Qwen3-4B-Instruct-2507,cdbee75f17c01a7cc42f958dc650907174af0554
25,heldout,6,54,2,24,number_tokens,27.125,22.0,22.0,0.0,True,True,Qwen/Qwen3-4B-Instruct-2507,cdbee75f17c01a7cc42f958dc650907174af0554
25,heldout,6,54,2,24,random_positions,27.125,22.0,21.25,-0.75,True,True,Qwen/Qwen3-4B-Instruct-2507,cdbee75f17c01a7cc42f958dc650907174af0554
25,heldout,6,54,2,25,answer_position,27.125,22.0,26.875,4.875,True,True,Qwen/Qwen3-4B-Instruct-2507,cdbee75f17c01a7cc42f958dc650907174af0554
25,heldout,6,54,2,25,number_tokens,27.125,22.0,21.75,-0.25,True,True,Qwen/Qwen3-4B-Instruct-2507,cdbee75f17c01a7cc42f958dc650907174af0554
25,heldout,6,54,2,25,random_positions,27.125,22.0,22.0,0.0,True,True,Qwen/Qwen3-4B-Instruct-2507,cdbee75f17c01a7cc42f958dc650907174af0554
25,heldout,6,54,2,26,answer_position,27.125,22.0,27.0,5.0,True,True,Qwen/Qwen3-4B-Instruct-2507,cdbee75f17c01a7cc42f958dc650907174af0554
25,heldout,6,54,2,26,number_tokens,27.125,22.0,22.0,0.0,True,True,Qwen/Qwen3-4B-Instruct-2507,cdbee75f17c01a7cc42f958dc650907174af0554
25,heldout,6,54,2,26,random_positions,27.125,22.0,22.0,0.0,True,True,Qwen/Qwen3-4B-Instruct-2507,cdbee75f17c01a7cc42f958dc650907174af0554
25,heldout,6,54,2,27,answer_position,27.125,22.0,26.875,4.875,True,True,Qwen/Qwen3-4B-Instruct-2507,cdbee75f17c01a7cc42f958dc650907174af0554
25,heldout,6,54,2,27,number_tokens,27.125,22.0,22.25,0.25,True,True,Qwen/Qwen3-4B-Instruct-2507,cdbee75f17c01a7cc42f958dc650907174af0554
25,heldout,6,54,2,27,random_positions,27.125,22.0,22.0,0.0,True,True,Qwen/Qwen3-4B-Instruct-2507,cdbee75f17c01a7cc42f958dc650907174af0554
25,heldout,6,54,2,28,answer_position,27.125,22.0,26.875,4.875,True,True,Qwen/Qwen3-4B-Instruct-2507,cdbee75f17c01a7cc42f958dc650907174af0554
25,heldout,6,54,2,28,number_tokens,27.125,22.0,22.0,0.0,True,True,Qwen/Qwen3-4B-Instruct-2507,cdbee75f17c01a7cc42f958dc650907174af0554
25,heldout,6,54,2,28,random_positions,27.125,22.0,21.75,-0.25,True,True,Qwen/Qwen3-4B-Instruct-2507,cdbee75f17c01a7cc42f958dc650907174af0554
25,heldout,6,54,2,29,answer_position,27.125,22.0,27.125,5.125,True,True,Qwen/Qwen3-4B-Instruct-2507,cdbee75f17c01a7cc42f958dc650907174af0554
25,heldout,6,54,2,29,number_tokens,27.125,22.0,22.25,0.25,True,True,Qwen/Qwen3-4B-Instruct-2507,cdbee75f17c01a7cc42f958dc650907174af0554
25,heldout,6,54,2,29,random_positions,27.125,22.0,21.75,-0.25,True,True,Qwen/Qwen3-4B-Instruct-2507,cdbee75f17c01a7cc42f958dc650907174af0554
25,heldout,6,54,2,30,answer_position,27.125,22.0,27.0,5.0,True,True,Qwen/Qwen3-4B-Instruct-2507,cdbee75f17c01a7cc42f958dc650907174af0554
25,heldout,6,54,2,30,number_tokens,27.125,22.0,22.0,0.0,True,True,Qwen/Qwen3-4B-Instruct-2507,cdbee75f17c01a7cc42f958dc650907174af0554
25,heldout,6,54,2,30,random_positions,27.125,22.0,21.5,-0.5,True,True,Qwen/Qwen3-4B-Instruct-2507,cdbee75f17c01a7cc42f958dc650907174af0554
25,heldout,6,54,2,31,answer_position,27.125,22.0,27.125,5.125,True,True,Qwen/Qwen3-4B-Instruct-2507,cdbee75f17c01a7cc42f958dc650907174af0554
25,heldout,6,54,2,31,number_tokens,27.125,22.0,22.0,0.0,True,True,Qwen/Qwen3-4B-Instruct-2507,cdbee75f17c01a7cc42f958dc650907174af0554
25,heldout,6,54,2,31,random_positions,27.125,22.0,21.75,-0.25,True,True,Qwen/Qwen3-4B-Instruct-2507,cdbee75f17c01a7cc42f958dc650907174af0554
25,heldout,6,54,2,32,answer_position,27.125,22.0,27.0,5.0,True,True,Qwen/Qwen3-4B-Instruct-2507,cdbee75f17c01a7cc42f958dc650907174af0554
25,heldout,6,54,2,32,number_tokens,27.125,22.0,22.0,0.0,True,True,Qwen/Qwen3-4B-Instruct-2507,cdbee75f17c01a7cc42f958dc650907174af0554
25,heldout,6,54,2,32,random_positions,27.125,22.0,22.0,0.0,True,True,Qwen/Qwen3-4B-Instruct-2507,cdbee75f17c01a7cc42f958dc650907174af0554
25,heldout,6,54,2,33,answer_position,27.125,22.0,26.875,4.875,True,True,Qwen/Qwen3-4B-Instruct-2507,cdbee75f17c01a7cc42f958dc650907174af0554
25,heldout,6,54,2,33,number_tokens,27.125,22.0,22.0,0.0,True,True,Qwen/Qwen3-4B-Instruct-2507,cdbee75f17c01a7cc42f958dc650907174af0554
25,heldout,6,54,2,33,random_positions,27.125,22.0,22.0,0.0,True,True,Qwen/Qwen3-4B-Instruct-2507,cdbee75f17c01a7cc42f958dc650907174af0554
25,heldout,6,54,2,34,answer_position,27.125,22.0,27.0,5.0,True,True,Qwen/Qwen3-4B-Instruct-2507,cdbee75f17c01a7cc42f958dc650907174af0554
25,heldout,6,54,2,34,number_tokens,27.125,22.0,22.0,0.0,True,True,Qwen/Qwen3-4B-Instruct-2507,cdbee75f17c01a7cc42f958dc650907174af0554
25,heldout,6,54,2,34,random_positions,27.125,22.0,22.0,0.0,True,True,Qwen/Qwen3-4B-Instruct-2507,cdbee75f17c01a7cc42f958dc650907174af0554
25,heldout,6,54,2,35,answer_position,27.125,22.0,27.125,5.125,True,True,Qwen/Qwen3-4B-Instruct-2507,cdbee75f17c01a7cc42f958dc650907174af0554
25,heldout,6,54,2,35,number_tokens,27.125,22.0,22.0,0.0,True,True,Qwen/Qwen3-4B-Instruct-2507,cdbee75f17c01a7cc42f958dc650907174af0554
25,heldout,6,54,2,35,random_positions,27.125,22.0,22.0,0.0,True,True,Qwen/Qwen3-4B-Instruct-2507,cdbee75f17c01a7cc42f958dc650907174af0554
26,heldout,6,55,3,0,answer_position,27.5,20.75,20.75,0.0,True,True,Qwen/Qwen3-4B-Instruct-2507,cdbee75f17c01a7cc42f958dc650907174af0554
26,heldout,6,55,3,0,number_tokens,27.5,20.75,21.25,0.5,True,True,Qwen/Qwen3-4B-Instruct-2507,cdbee75f17c01a7cc42f958dc650907174af0554
26,heldout,6,55,3,0,random_positions,27.5,20.75,20.75,0.0,True,True,Qwen/Qwen3-4B-Instruct-2507,cdbee75f17c01a7cc42f958dc650907174af0554
26,heldout,6,55,3,1,answer_position,27.5,20.75,21.0,0.25,True,True,Qwen/Qwen3-4B-Instruct-2507,cdbee75f17c01a7cc42f958dc650907174af0554
26,heldout,6,55,3,1,number_tokens,27.5,20.75,22.75,2.0,True,True,Qwen/Qwen3-4B-Instruct-2507,cdbee75f17c01a7cc42f958dc650907174af0554
26,heldout,6,55,3,1,random_positions,27.5,20.75,20.75,0.0,True,True,Qwen/Qwen3-4B-Instruct-2507,cdbee75f17c01a7cc42f958dc650907174af0554
26,heldout,6,55,3,2,answer_position,27.5,20.75,20.75,0.0,True,True,Qwen/Qwen3-4B-Instruct-2507,cdbee75f17c01a7cc42f958dc650907174af0554
26,heldout,6,55,3,2,number_tokens,27.5,20.75,23.75,3.0,True,True,Qwen/Qwen3-4B-Instruct-2507,cdbee75f17c01a7cc42f958dc650907174af0554
26,heldout,6,55,3,2,random_positions,27.5,20.75,21.0,0.25,True,True,Qwen/Qwen3-4B-Instruct-2507,cdbee75f17c01a7cc42f958dc650907174af0554
26,heldout,6,55,3,3,answer_position,27.5,20.75,20.75,0.0,True,True,Qwen/Qwen3-4B-Instruct-2507,cdbee75f17c01a7cc42f958dc650907174af0554
26,heldout,6,55,3,3,number_tokens,27.5,20.75,20.75,0.0,True,True,Qwen/Qwen3-4B-Instruct-2507,cdbee75f17c01a7cc42f958dc650907174af0554
26,heldout,6,55,3,3,random_positions,27.5,20.75,21.0,0.25,True,True,Qwen/Qwen3-4B-Instruct-2507,cdbee75f17c01a7cc42f958dc650907174af0554
26,heldout,6,55,3,4,answer_position,27.5,20.75,21.0,0.25,True,True,Qwen/Qwen3-4B-Instruct-2507,cdbee75f17c01a7cc42f958dc650907174af0554
26,heldout,6,55,3,4,number_tokens,27.5,20.75,21.5,0.75,True,True,Qwen/Qwen3-4B-Instruct-2507,cdbee75f17c01a7cc42f958dc650907174af0554
26,heldout,6,55,3,4,random_positions,27.5,20.75,21.0,0.25,True,True,Qwen/Qwen3-4B-Instruct-2507,cdbee75f17c01a7cc42f958dc650907174af0554
26,heldout,6,55,3,5,answer_position,27.5,20.75,20.75,0.0,True,True,Qwen/Qwen3-4B-Instruct-2507,cdbee75f17c01a7cc42f958dc650907174af0554
26,heldout,6,55,3,5,number_tokens,27.5,20.75,14.25,-6.5,True,True,Qwen/Qwen3-4B-Instruct-2507,cdbee75f17c01a7cc42f958dc650907174af0554
26,heldout,6,55,3,5,random_positions,27.5,20.75,20.75,0.0,True,True,Qwen/Qwen3-4B-Instruct-2507,cdbee75f17c01a7cc42f958dc650907174af0554
26,heldout,6,55,3,6,answer_position,27.5,20.75,20.75,0.0,True,True,Qwen/Qwen3-4B-Instruct-2507,cdbee75f17c01a7cc42f958dc650907174af0554
26,heldout,6,55,3,6,number_tokens,27.5,20.75,16.25,-4.5,True,True,Qwen/Qwen3-4B-Instruct-2507,cdbee75f17c01a7cc42f958dc650907174af0554
26,heldout,6,55,3,6,random_positions,27.5,20.75,20.75,0.0,True,True,Qwen/Qwen3-4B-Instruct-2507,cdbee75f17c01a7cc42f958dc650907174af0554
26,heldout,6,55,3,7,answer_position,27.5,20.75,20.5,-0.25,True,True,Qwen/Qwen3-4B-Instruct-2507,cdbee75f17c01a7cc42f958dc650907174af0554
26,heldout,6,55,3,7,number_tokens,27.5,20.75,4.25,-16.5,True,True,Qwen/Qwen3-4B-Instruct-2507,cdbee75f17c01a7cc42f958dc650907174af0554
26,heldout,6,55,3,7,random_positions,27.5,20.75,20.75,0.0,True,True,Qwen/Qwen3-4B-Instruct-2507,cdbee75f17c01a7cc42f958dc650907174af0554
26,heldout,6,55,3,8,answer_position,27.5,20.75,21.0,0.25,True,True,Qwen/Qwen3-4B-Instruct-2507,cdbee75f17c01a7cc42f958dc650907174af0554
26,heldout,6,55,3,8,number_tokens,27.5,20.75,15.0,-5.75,True,True,Qwen/Qwen3-4B-Instruct-2507,cdbee75f17c01a7cc42f958dc650907174af0554
26,heldout,6,55,3,8,random_positions,27.5,20.75,20.75,0.0,True,True,Qwen/Qwen3-4B-Instruct-2507,cdbee75f17c01a7cc42f958dc650907174af0554
26,heldout,6,55,3,9,answer_position,27.5,20.75,20.75,0.0,True,True,Qwen/Qwen3-4B-Instruct-2507,cdbee75f17c01a7cc42f958dc650907174af0554
26,heldout,6,55,3,9,number_tokens,27.5,20.75,0.5,-20.25,True,True,Qwen/Qwen3-4B-Instruct-2507,cdbee75f17c01a7cc42f958dc650907174af0554
26,heldout,6,55,3,9,random_positions,27.5,20.75,20.75,0.0,True,True,Qwen/Qwen3-4B-Instruct-2507,cdbee75f17c01a7cc42f958dc650907174af0554
26,heldout,6,55,3,10,answer_position,27.5,20.75,21.0,0.25,True,True,Qwen/Qwen3-4B-Instruct-2507,cdbee75f17c01a7cc42f958dc650907174af0554
26,heldout,6,55,3,10,number_tokens,27.5,20.75,-2.75,-23.5,True,False,Qwen/Qwen3-4B-Instruct-2507,cdbee75f17c01a7cc42f958dc650907174af0554
26,heldout,6,55,3,10,random_positions,27.5,20.75,20.5,-0.25,True,True,Qwen/Qwen3-4B-Instruct-2507,cdbee75f17c01a7cc42f958dc650907174af0554
26,heldout,6,55,3,11,answer_position,27.5,20.75,20.75,0.0,True,True,Qwen/Qwen3-4B-Instruct-2507,cdbee75f17c01a7cc42f958dc650907174af0554
26,heldout,6,55,3,11,number_tokens,27.5,20.75,-15.0,-35.75,True,False,Qwen/Qwen3-4B-Instruct-2507,cdbee75f17c01a7cc42f958dc650907174af0554
26,heldout,6,55,3,11,random_positions,27.5,20.75,21.0,0.25,True,True,Qwen/Qwen3-4B-Instruct-2507,cdbee75f17c01a7cc42f958dc650907174af0554
26,heldout,6,55,3,12,answer_position,27.5,20.75,20.5,-0.25,True,True,Qwen/Qwen3-4B-Instruct-2507,cdbee75f17c01a7cc42f958dc650907174af0554
26,heldout,6,55,3,12,number_tokens,27.5,20.75,-0.25,-21.0,True,False,Qwen/Qwen3-4B-Instruct-2507,cdbee75f17c01a7cc42f958dc650907174af0554
26,heldout,6,55,3,12,random_positions,27.5,20.75,20.75,0.0,True,True,Qwen/Qwen3-4B-Instruct-2507,cdbee75f17c01a7cc42f958dc650907174af0554
26,heldout,6,55,3,13,answer_position,27.5,20.75,20.5,-0.25,True,True,Qwen/Qwen3-4B-Instruct-2507,cdbee75f17c01a7cc42f958dc650907174af0554
26,heldout,6,55,3,13,number_tokens,27.5,20.75,11.5,-9.25,True,True,Qwen/Qwen3-4B-Instruct-2507,cdbee75f17c01a7cc42f958dc650907174af0554
26,heldout,6,55,3,13,random_positions,27.5,20.75,20.25,-0.5,True,True,Qwen/Qwen3-4B-Instruct-2507,cdbee75f17c01a7cc42f958dc650907174af0554
26,heldout,6,55,3,14,answer_position,27.5,20.75,20.75,0.0,True,True,Qwen/Qwen3-4B-Instruct-2507,cdbee75f17c01a7cc42f958dc650907174af0554
26,heldout,6,55,3,14,number_tokens,27.5,20.75,20.5,-0.25,True,True,Qwen/Qwen3-4B-Instruct-2507,cdbee75f17c01a7cc42f958dc650907174af0554
26,heldout,6,55,3,14,random_positions,27.5,20.75,21.25,0.5,True,True,Qwen/Qwen3-4B-Instruct-2507,cdbee75f17c01a7cc42f958dc650907174af0554
26,heldout,6,55,3,15,answer_position,27.5,20.75,20.75,0.0,True,True,Qwen/Qwen3-4B-Instruct-2507,cdbee75f17c01a7cc42f958dc650907174af0554
26,heldout,6,55,3,15,number_tokens,27.5,20.75,24.5,3.75,True,True,Qwen/Qwen3-4B-Instruct-2507,cdbee75f17c01a7cc42f958dc650907174af0554
26,heldout,6,55,3,15,random_positions,27.5,20.75,21.0,0.25,True,True,Qwen/Qwen3-4B-Instruct-2507,cdbee75f17c01a7cc42f958dc650907174af0554
26,heldout,6,55,3,16,answer_position,27.5,20.75,20.75,0.0,True,True,Qwen/Qwen3-4B-Instruct-2507,cdbee75f17c01a7cc42f958dc650907174af0554
26,heldout,6,55,3,16,number_tokens,27.5,20.75,24.5,3.75,True,True,Qwen/Qwen3-4B-Instruct-2507,cdbee75f17c01a7cc42f958dc650907174af0554
26,heldout,6,55,3,16,random_positions,27.5,20.75,21.25,0.5,True,True,Qwen/Qwen3-4B-Instruct-2507,cdbee75f17c01a7cc42f958dc650907174af0554
26,heldout,6,55,3,17,answer_position,27.5,20.75,20.75,0.0,True,True,Qwen/Qwen3-4B-Instruct-2507,cdbee75f17c01a7cc42f958dc650907174af0554
26,heldout,6,55,3,17,number_tokens,27.5,20.75,23.625,2.875,True,True,Qwen/Qwen3-4B-Instruct-2507,cdbee75f17c01a7cc42f958dc650907174af0554
26,heldout,6,55,3,17,random_positions,27.5,20.75,21.0,0.25,True,True,Qwen/Qwen3-4B-Instruct-2507,cdbee75f17c01a7cc42f958dc650907174af0554
26,heldout,6,55,3,18,answer_position,27.5,20.75,21.0,0.25,True,True,Qwen/Qwen3-4B-Instruct-2507,cdbee75f17c01a7cc42f958dc650907174af0554
26,heldout,6,55,3,18,number_tokens,27.5,20.75,20.5,-0.25,True,True,Qwen/Qwen3-4B-Instruct-2507,cdbee75f17c01a7cc42f958dc650907174af0554
26,heldout,6,55,3,18,random_positions,27.5,20.75,21.5,0.75,True,True,Qwen/Qwen3-4B-Instruct-2507,cdbee75f17c01a7cc42f958dc650907174af0554
26,heldout,6,55,3,19,answer_position,27.5,20.75,22.75,2.0,True,True,Qwen/Qwen3-4B-Instruct-2507,cdbee75f17c01a7cc42f958dc650907174af0554
26,heldout,6,55,3,19,number_tokens,27.5,20.75,19.0,-1.75,True,True,Qwen/Qwen3-4B-Instruct-2507,cdbee75f17c01a7cc42f958dc650907174af0554
26,heldout,6,55,3,19,random_positions,27.5,20.75,22.0,1.25,True,True,Qwen/Qwen3-4B-Instruct-2507,cdbee75f17c01a7cc42f958dc650907174af0554
26,heldout,6,55,3,20,answer_position,27.5,20.75,23.25,2.5,True,True,Qwen/Qwen3-4B-Instruct-2507,cdbee75f17c01a7cc42f958dc650907174af0554
26,heldout,6,55,3,20,number_tokens,27.5,20.75,20.0,-0.75,True,True,Qwen/Qwen3-4B-Instruct-2507,cdbee75f17c01a7cc42f958dc650907174af0554
26,heldout,6,55,3,20,random_positions,27.5,20.75,22.25,1.5,True,True,Qwen/Qwen3-4B-Instruct-2507,cdbee75f17c01a7cc42f958dc650907174af0554
26,heldout,6,55,3,21,answer_position,27.5,20.75,25.625,4.875,True,True,Qwen/Qwen3-4B-Instruct-2507,cdbee75f17c01a7cc42f958dc650907174af0554
26,heldout,6,55,3,21,number_tokens,27.5,20.75,20.5,-0.25,True,True,Qwen/Qwen3-4B-Instruct-2507,cdbee75f17c01a7cc42f958dc650907174af0554
26,heldout,6,55,3,21,random_positions,27.5,20.75,22.5,1.75,True,True,Qwen/Qwen3-4B-Instruct-2507,cdbee75f17c01a7cc42f958dc650907174af0554
26,heldout,6,55,3,22,answer_position,27.5,20.75,25.875,5.125,True,True,Qwen/Qwen3-4B-Instruct-2507,cdbee75f17c01a7cc42f958dc650907174af0554
26,heldout,6,55,3,22,number_tokens,27.5,20.75,21.0,0.25,True,True,Qwen/Qwen3-4B-Instruct-2507,cdbee75f17c01a7cc42f958dc650907174af0554
26,heldout,6,55,3,22,random_positions,27.5,20.75,22.25,1.5,True,True,Qwen/Qwen3-4B-Instruct-2507,cdbee75f17c01a7cc42f958dc650907174af0554
26,heldout,6,55,3,23,answer_position,27.5,20.75,25.625,4.875,True,True,Qwen/Qwen3-4B-Instruct-2507,cdbee75f17c01a7cc42f958dc650907174af0554
26,heldout,6,55,3,23,number_tokens,27.5,20.75,20.5,-0.25,True,True,Qwen/Qwen3-4B-Instruct-2507,cdbee75f17c01a7cc42f958dc650907174af0554
26,heldout,6,55,3,23,random_positions,27.5,20.75,21.75,1.0,True,True,Qwen/Qwen3-4B-Instruct-2507,cdbee75f17c01a7cc42f958dc650907174af0554
26,heldout,6,55,3,24,answer_position,27.5,20.75,26.875,6.125,True,True,Qwen/Qwen3-4B-Instruct-2507,cdbee75f17c01a7cc42f958dc650907174af0554
26,heldout,6,55,3,24,number_tokens,27.5,20.75,20.75,0.0,True,True,Qwen/Qwen3-4B-Instruct-2507,cdbee75f17c01a7cc42f958dc650907174af0554
26,heldout,6,55,3,24,random_positions,27.5,20.75,21.5,0.75,True,True,Qwen/Qwen3-4B-Instruct-2507,cdbee75f17c01a7cc42f958dc650907174af0554
26,heldout,6,55,3,25,answer_position,27.5,20.75,26.625,5.875,True,True,Qwen/Qwen3-4B-Instruct-2507,cdbee75f17c01a7cc42f958dc650907174af0554
26,heldout,6,55,3,25,number_tokens,27.5,20.75,20.75,0.0,True,True,Qwen/Qwen3-4B-Instruct-2507,cdbee75f17c01a7cc42f958dc650907174af0554
26,heldout,6,55,3,25,random_positions,27.5,20.75,21.5,0.75,True,True,Qwen/Qwen3-4B-Instruct-2507,cdbee75f17c01a7cc42f958dc650907174af0554
26,heldout,6,55,3,26,answer_position,27.5,20.75,26.625,5.875,True,True,Qwen/Qwen3-4B-Instruct-2507,cdbee75f17c01a7cc42f958dc650907174af0554
26,heldout,6,55,3,26,number_tokens,27.5,20.75,20.75,0.0,True,True,Qwen/Qwen3-4B-Instruct-2507,cdbee75f17c01a7cc42f958dc650907174af0554
26,heldout,6,55,3,26,random_positions,27.5,20.75,21.25,0.5,True,True,Qwen/Qwen3-4B-Instruct-2507,cdbee75f17c01a7cc42f958dc650907174af0554
26,heldout,6,55,3,27,answer_position,27.5,20.75,26.375,5.625,True,True,Qwen/Qwen3-4B-Instruct-2507,cdbee75f17c01a7cc42f958dc650907174af0554
26,heldout,6,55,3,27,number_tokens,27.5,20.75,20.75,0.0,True,True,Qwen/Qwen3-4B-Instruct-2507,cdbee75f17c01a7cc42f958dc650907174af0554
26,heldout,6,55,3,27,random_positions,27.5,20.75,21.25,0.5,True,True,Qwen/Qwen3-4B-Instruct-2507,cdbee75f17c01a7cc42f958dc650907174af0554
26,heldout,6,55,3,28,answer_position,27.5,20.75,26.75,6.0,True,True,Qwen/Qwen3-4B-Instruct-2507,cdbee75f17c01a7cc42f958dc650907174af0554
26,heldout,6,55,3,28,number_tokens,27.5,20.75,21.0,0.25,True,True,Qwen/Qwen3-4B-Instruct-2507,cdbee75f17c01a7cc42f958dc650907174af0554
26,heldout,6,55,3,28,random_positions,27.5,20.75,21.25,0.5,True,True,Qwen/Qwen3-4B-Instruct-2507,cdbee75f17c01a7cc42f958dc650907174af0554
26,heldout,6,55,3,29,answer_position,27.5,20.75,26.625,5.875,True,True,Qwen/Qwen3-4B-Instruct-2507,cdbee75f17c01a7cc42f958dc650907174af0554
26,heldout,6,55,3,29,number_tokens,27.5,20.75,20.75,0.0,True,True,Qwen/Qwen3-4B-Instruct-2507,cdbee75f17c01a7cc42f958dc650907174af0554
26,heldout,6,55,3,29,random_positions,27.5,20.75,21.25,0.5,True,True,Qwen/Qwen3-4B-Instruct-2507,cdbee75f17c01a7cc42f958dc650907174af0554
26,heldout,6,55,3,30,answer_position,27.5,20.75,26.75,6.0,True,True,Qwen/Qwen3-4B-Instruct-2507,cdbee75f17c01a7cc42f958dc650907174af0554
26,heldout,6,55,3,30,number_tokens,27.5,20.75,20.75,0.0,True,True,Qwen/Qwen3-4B-Instruct-2507,cdbee75f17c01a7cc42f958dc650907174af0554
26,heldout,6,55,3,30,random_positions,27.5,20.75,21.25,0.5,True,True,Qwen/Qwen3-4B-Instruct-2507,cdbee75f17c01a7cc42f958dc650907174af0554
26,heldout,6,55,3,31,answer_position,27.5,20.75,27.125,6.375,True,True,Qwen/Qwen3-4B-Instruct-2507,cdbee75f17c01a7cc42f958dc650907174af0554
26,heldout,6,55,3,31,number_tokens,27.5,20.75,20.75,0.0,True,True,Qwen/Qwen3-4B-Instruct-2507,cdbee75f17c01a7cc42f958dc650907174af0554
26,heldout,6,55,3,31,random_positions,27.5,20.75,21.25,0.5,True,True,Qwen/Qwen3-4B-Instruct-2507,cdbee75f17c01a7cc42f958dc650907174af0554
26,heldout,6,55,3,32,answer_position,27.5,20.75,27.0,6.25,True,True,Qwen/Qwen3-4B-Instruct-2507,cdbee75f17c01a7cc42f958dc650907174af0554
26,heldout,6,55,3,32,number_tokens,27.5,20.75,20.75,0.0,True,True,Qwen/Qwen3-4B-Instruct-2507,cdbee75f17c01a7cc42f958dc650907174af0554
26,heldout,6,55,3,32,random_positions,27.5,20.75,20.75,0.0,True,True,Qwen/Qwen3-4B-Instruct-2507,cdbee75f17c01a7cc42f958dc650907174af0554
26,heldout,6,55,3,33,answer_position,27.5,20.75,26.75,6.0,True,True,Qwen/Qwen3-4B-Instruct-2507,cdbee75f17c01a7cc42f958dc650907174af0554
26,heldout,6,55,3,33,number_tokens,27.5,20.75,20.75,0.0,True,True,Qwen/Qwen3-4B-Instruct-2507,cdbee75f17c01a7cc42f958dc650907174af0554
26,heldout,6,55,3,33,random_positions,27.5,20.75,21.25,0.5,True,True,Qwen/Qwen3-4B-Instruct-2507,cdbee75f17c01a7cc42f958dc650907174af0554
26,heldout,6,55,3,34,answer_position,27.5,20.75,27.0,6.25,True,True,Qwen/Qwen3-4B-Instruct-2507,cdbee75f17c01a7cc42f958dc650907174af0554
26,heldout,6,55,3,34,number_tokens,27.5,20.75,20.75,0.0,True,True,Qwen/Qwen3-4B-Instruct-2507,cdbee75f17c01a7cc42f958dc650907174af0554
26,heldout,6,55,3,34,random_positions,27.5,20.75,20.75,0.0,True,True,Qwen/Qwen3-4B-Instruct-2507,cdbee75f17c01a7cc42f958dc650907174af0554
26,heldout,6,55,3,35,answer_position,27.5,20.75,27.5,6.75,True,True,Qwen/Qwen3-4B-Instruct-2507,cdbee75f17c01a7cc42f958dc650907174af0554
26,heldout,6,55,3,35,number_tokens,27.5,20.75,20.75,0.0,True,True,Qwen/Qwen3-4B-Instruct-2507,cdbee75f17c01a7cc42f958dc650907174af0554
26,heldout,6,55,3,35,random_positions,27.5,20.75,20.75,0.0,True,True,Qwen/Qwen3-4B-Instruct-2507,cdbee75f17c01a7cc42f958dc650907174af0554
27,heldout,6,56,4,0,answer_position,27.625,23.375,23.375,0.0,True,True,Qwen/Qwen3-4B-Instruct-2507,cdbee75f17c01a7cc42f958dc650907174af0554
27,heldout,6,56,4,0,number_tokens,27.625,23.375,23.625,0.25,True,True,Qwen/Qwen3-4B-Instruct-2507,cdbee75f17c01a7cc42f958dc650907174af0554
27,heldout,6,56,4,0,random_positions,27.625,23.375,23.75,0.375,True,True,Qwen/Qwen3-4B-Instruct-2507,cdbee75f17c01a7cc42f958dc650907174af0554
27,heldout,6,56,4,1,answer_position,27.625,23.375,23.5,0.125,True,True,Qwen/Qwen3-4B-Instruct-2507,cdbee75f17c01a7cc42f958dc650907174af0554
27,heldout,6,56,4,1,number_tokens,27.625,23.375,24.25,0.875,True,True,Qwen/Qwen3-4B-Instruct-2507,cdbee75f17c01a7cc42f958dc650907174af0554
27,heldout,6,56,4,1,random_positions,27.625,23.375,23.875,0.5,True,True,Qwen/Qwen3-4B-Instruct-2507,cdbee75f17c01a7cc42f958dc650907174af0554
27,heldout,6,56,4,2,answer_position,27.625,23.375,23.375,0.0,True,True,Qwen/Qwen3-4B-Instruct-2507,cdbee75f17c01a7cc42f958dc650907174af0554
27,heldout,6,56,4,2,number_tokens,27.625,23.375,24.375,1.0,True,True,Qwen/Qwen3-4B-Instruct-2507,cdbee75f17c01a7cc42f958dc650907174af0554
27,heldout,6,56,4,2,random_positions,27.625,23.375,23.875,0.5,True,True,Qwen/Qwen3-4B-Instruct-2507,cdbee75f17c01a7cc42f958dc650907174af0554
27,heldout,6,56,4,3,answer_position,27.625,23.375,23.375,0.0,True,True,Qwen/Qwen3-4B-Instruct-2507,cdbee75f17c01a7cc42f958dc650907174af0554
27,heldout,6,56,4,3,number_tokens,27.625,23.375,22.5,-0.875,True,True,Qwen/Qwen3-4B-Instruct-2507,cdbee75f17c01a7cc42f958dc650907174af0554
27,heldout,6,56,4,3,random_positions,27.625,23.375,24.125,0.75,True,True,Qwen/Qwen3-4B-Instruct-2507,cdbee75f17c01a7cc42f958dc650907174af0554
27,heldout,6,56,4,4,answer_position,27.625,23.375,23.25,-0.125,True,True,Qwen/Qwen3-4B-Instruct-2507,cdbee75f17c01a7cc42f958dc650907174af0554
27,heldout,6,56,4,4,number_tokens,27.625,23.375,22.25,-1.125,True,True,Qwen/Qwen3-4B-Instruct-2507,cdbee75f17c01a7cc42f958dc650907174af0554
27,heldout,6,56,4,4,random_positions,27.625,23.375,24.375,1.0,True,True,Qwen/Qwen3-4B-Instruct-2507,cdbee75f17c01a7cc42f958dc650907174af0554
27,heldout,6,56,4,5,answer_position,27.625,23.375,23.5,0.125,True,True,Qwen/Qwen3-4B-Instruct-2507,cdbee75f17c01a7cc42f958dc650907174af0554
27,heldout,6,56,4,5,number_tokens,27.625,23.375,19.0,-4.375,True,True,Qwen/Qwen3-4B-Instruct-2507,cdbee75f17c01a7cc42f958dc650907174af0554
27,heldout,6,56,4,5,random_positions,27.625,23.375,21.25,-2.125,True,True,Qwen/Qwen3-4B-Instruct-2507,cdbee75f17c01a7cc42f958dc650907174af0554
27,heldout,6,56,4,6,answer_position,27.625,23.375,23.5,0.125,True,True,Qwen/Qwen3-4B-Instruct-2507,cdbee75f17c01a7cc42f958dc650907174af0554
27,heldout,6,56,4,6,number_tokens,27.625,23.375,20.5,-2.875,True,True,Qwen/Qwen3-4B-Instruct-2507,cdbee75f17c01a7cc42f958dc650907174af0554
27,heldout,6,56,4,6,random_positions,27.625,23.375,23.0,-0.375,True,True,Qwen/Qwen3-4B-Instruct-2507,cdbee75f17c01a7cc42f958dc650907174af0554
27,heldout,6,56,4,7,answer_position,27.625,23.375,23.25,-0.125,True,True,Qwen/Qwen3-4B-Instruct-2507,cdbee75f17c01a7cc42f958dc650907174af0554
27,heldout,6,56,4,7,number_tokens,27.625,23.375,13.25,-10.125,True,True,Qwen/Qwen3-4B-Instruct-2507,cdbee75f17c01a7cc42f958dc650907174af0554
27,heldout,6,56,4,7,random_positions,27.625,23.375,23.25,-0.125,True,True,Qwen/Qwen3-4B-Instruct-2507,cdbee75f17c01a7cc42f958dc650907174af0554
27,heldout,6,56,4,8,answer_position,27.625,23.375,23.625,0.25,True,True,Qwen/Qwen3-4B-Instruct-2507,cdbee75f17c01a7cc42f958dc650907174af0554
27,heldout,6,56,4,8,number_tokens,27.625,23.375,16.0,-7.375,True,True,Qwen/Qwen3-4B-Instruct-2507,cdbee75f17c01a7cc42f958dc650907174af0554
27,heldout,6,56,4,8,random_positions,27.625,23.375,23.375,0.0,True,True,Qwen/Qwen3-4B-Instruct-2507,cdbee75f17c01a7cc42f958dc650907174af0554
27,heldout,6,56,4,9,answer_position,27.625,23.375,23.25,-0.125,True,True,Qwen/Qwen3-4B-Instruct-2507,cdbee75f17c01a7cc42f958dc650907174af0554
27,heldout,6,56,4,9,number_tokens,27.625,23.375,2.0,-21.375,True,True,Qwen/Qwen3-4B-Instruct-2507,cdbee75f17c01a7cc42f958dc650907174af0554
27,heldout,6,56,4,9,random_positions,27.625,23.375,23.0,-0.375,True,True,Qwen/Qwen3-4B-Instruct-2507,cdbee75f17c01a7cc42f958dc650907174af0554
27,heldout,6,56,4,10,answer_position,27.625,23.375,23.375,0.0,True,True,Qwen/Qwen3-4B-Instruct-2507,cdbee75f17c01a7cc42f958dc650907174af0554
27,heldout,6,56,4,10,number_tokens,27.625,23.375,-0.5,-23.875,True,False,Qwen/Qwen3-4B-Instruct-2507,cdbee75f17c01a7cc42f958dc650907174af0554
27,heldout,6,56,4,10,random_positions,27.625,23.375,23.25,-0.125,True,True,Qwen/Qwen3-4B-Instruct-2507,cdbee75f17c01a7cc42f958dc650907174af0554
27,heldout,6,56,4,11,answer_position,27.625,23.375,23.375,0.0,True,True,Qwen/Qwen3-4B-Instruct-2507,cdbee75f17c01a7cc42f958dc650907174af0554
27,heldout,6,56,4,11,number_tokens,27.625,23.375,-12.75,-36.125,True,False,Qwen/Qwen3-4B-Instruct-2507,cdbee75f17c01a7cc42f958dc650907174af0554
27,heldout,6,56,4,11,random_positions,27.625,23.375,23.375,0.0,True,True,Qwen/Qwen3-4B-Instruct-2507,cdbee75f17c01a7cc42f958dc650907174af0554
27,heldout,6,56,4,12,answer_position,27.625,23.375,23.125,-0.25,True,True,Qwen/Qwen3-4B-Instruct-2507,cdbee75f17c01a7cc42f958dc650907174af0554
27,heldout,6,56,4,12,number_tokens,27.625,23.375,2.25,-21.125,True,True,Qwen/Qwen3-4B-Instruct-2507,cdbee75f17c01a7cc42f958dc650907174af0554
27,heldout,6,56,4,12,random_positions,27.625,23.375,23.25,-0.125,True,True,Qwen/Qwen3-4B-Instruct-2507,cdbee75f17c01a7cc42f958dc650907174af0554
27,heldout,6,56,4,13,answer_position,27.625,23.375,23.375,0.0,True,True,Qwen/Qwen3-4B-Instruct-2507,cdbee75f17c01a7cc42f958dc650907174af0554
27,heldout,6,56,4,13,number_tokens,27.625,23.375,15.75,-7.625,True,True,Qwen/Qwen3-4B-Instruct-2507,cdbee75f17c01a7cc42f958dc650907174af0554
27,heldout,6,56,4,13,random_positions,27.625,23.375,23.5,0.125,True,True,Qwen/Qwen3-4B-Instruct-2507,cdbee75f17c01a7cc42f958dc650907174af0554
27,heldout,6,56,4,14,answer_position,27.625,23.375,23.5,0.125,True,True,Qwen/Qwen3-4B-Instruct-2507,cdbee75f17c01a7cc42f958dc650907174af0554
27,heldout,6,56,4,14,number_tokens,27.625,23.375,22.0,-1.375,True,True,Qwen/Qwen3-4B-Instruct-2507,cdbee75f17c01a7cc42f958dc650907174af0554
27,heldout,6,56,4,14,random_positions,27.625,23.375,23.25,-0.125,True,True,Qwen/Qwen3-4B-Instruct-2507,cdbee75f17c01a7cc42f958dc650907174af0554
27,heldout,6,56,4,15,answer_position,27.625,23.375,23.625,0.25,True,True,Qwen/Qwen3-4B-Instruct-2507,cdbee75f17c01a7cc42f958dc650907174af0554
27,heldout,6,56,4,15,number_tokens,27.625,23.375,25.625,2.25,True,True,Qwen/Qwen3-4B-Instruct-2507,cdbee75f17c01a7cc42f958dc650907174af0554
27,heldout,6,56,4,15,random_positions,27.625,23.375,23.875,0.5,True,True,Qwen/Qwen3-4B-Instruct-2507,cdbee75f17c01a7cc42f958dc650907174af0554
27,heldout,6,56,4,16,answer_position,27.625,23.375,23.375,0.0,True,True,Qwen/Qwen3-4B-Instruct-2507,cdbee75f17c01a7cc42f958dc650907174af0554
27,heldout,6,56,4,16,number_tokens,27.625,23.375,25.5,2.125,True,True,Qwen/Qwen3-4B-Instruct-2507,cdbee75f17c01a7cc42f958dc650907174af0554
27,heldout,6,56,4,16,random_positions,27.625,23.375,23.5,0.125,True,True,Qwen/Qwen3-4B-Instruct-2507,cdbee75f17c01a7cc42f958dc650907174af0554
27,heldout,6,56,4,17,answer_position,27.625,23.375,23.375,0.0,True,True,Qwen/Qwen3-4B-Instruct-2507,cdbee75f17c01a7cc42f958dc650907174af0554
27,heldout,6,56,4,17,number_tokens,27.625,23.375,24.5,1.125,True,True,Qwen/Qwen3-4B-Instruct-2507,cdbee75f17c01a7cc42f958dc650907174af0554
27,heldout,6,56,4,17,random_positions,27.625,23.375,24.125,0.75,True,True,Qwen/Qwen3-4B-Instruct-2507,cdbee75f17c01a7cc42f958dc650907174af0554
27,heldout,6,56,4,18,answer_position,27.625,23.375,23.125,-0.25,True,True,Qwen/Qwen3-4B-Instruct-2507,cdbee75f17c01a7cc42f958dc650907174af0554
27,heldout,6,56,4,18,number_tokens,27.625,23.375,23.25,-0.125,True,True,Qwen/Qwen3-4B-Instruct-2507,cdbee75f17c01a7cc42f958dc650907174af0554
27,heldout,6,56,4,18,random_positions,27.625,23.375,24.0,0.625,True,True,Qwen/Qwen3-4B-Instruct-2507,cdbee75f17c01a7cc42f958dc650907174af0554
27,heldout,6,56,4,19,answer_position,27.625,23.375,24.375,1.0,True,True,Qwen/Qwen3-4B-Instruct-2507,cdbee75f17c01a7cc42f958dc650907174af0554
27,heldout,6,56,4,19,number_tokens,27.625,23.375,22.5,-0.875,True,True,Qwen/Qwen3-4B-Instruct-2507,cdbee75f17c01a7cc42f958dc650907174af0554
27,heldout,6,56,4,19,random_positions,27.625,23.375,23.75,0.375,True,True,Qwen/Qwen3-4B-Instruct-2507,cdbee75f17c01a7cc42f958dc650907174af0554
27,heldout,6,56,4,20,answer_position,27.625,23.375,24.375,1.0,True,True,Qwen/Qwen3-4B-Instruct-2507,cdbee75f17c01a7cc42f958dc650907174af0554
27,heldout,6,56,4,20,number_tokens,27.625,23.375,23.25,-0.125,True,True,Qwen/Qwen3-4B-Instruct-2507,cdbee75f17c01a7cc42f958dc650907174af0554
27,heldout,6,56,4,20,random_positions,27.625,23.375,23.875,0.5,True,True,Qwen/Qwen3-4B-Instruct-2507,cdbee75f17c01a7cc42f958dc650907174af0554
27,heldout,6,56,4,21,answer_position,27.625,23.375,26.375,3.0,True,True,Qwen/Qwen3-4B-Instruct-2507,cdbee75f17c01a7cc42f958dc650907174af0554
27,heldout,6,56,4,21,number_tokens,27.625,23.375,23.0,-0.375,True,True,Qwen/Qwen3-4B-Instruct-2507,cdbee75f17c01a7cc42f958dc650907174af0554
27,heldout,6,56,4,21,random_positions,27.625,23.375,23.5,0.125,True,True,Qwen/Qwen3-4B-Instruct-2507,cdbee75f17c01a7cc42f958dc650907174af0554
27,heldout,6,56,4,22,answer_position,27.625,23.375,26.5,3.125,True,True,Qwen/Qwen3-4B-Instruct-2507,cdbee75f17c01a7cc42f958dc650907174af0554
27,heldout,6,56,4,22,number_tokens,27.625,23.375,23.25,-0.125,True,True,Qwen/Qwen3-4B-Instruct-2507,cdbee75f17c01a7cc42f958dc650907174af0554
27,heldout,6,56,4,22,random_positions,27.625,23.375,23.375,0.0,True,True,Qwen/Qwen3-4B-Instruct-2507,cdbee75f17c01a7cc42f958dc650907174af0554
27,heldout,6,56,4,23,answer_position,27.625,23.375,26.375,3.0,True,True,Qwen/Qwen3-4B-Instruct-2507,cdbee75f17c01a7cc42f958dc650907174af0554
27,heldout,6,56,4,23,number_tokens,27.625,23.375,23.25,-0.125,True,True,Qwen/Qwen3-4B-Instruct-2507,cdbee75f17c01a7cc42f958dc650907174af0554
27,heldout,6,56,4,23,random_positions,27.625,23.375,23.25,-0.125,True,True,Qwen/Qwen3-4B-Instruct-2507,cdbee75f17c01a7cc42f958dc650907174af0554
27,heldout,6,56,4,24,answer_position,27.625,23.375,26.75,3.375,True,True,Qwen/Qwen3-4B-Instruct-2507,cdbee75f17c01a7cc42f958dc650907174af0554
27,heldout,6,56,4,24,number_tokens,27.625,23.375,23.25,-0.125,True,True,Qwen/Qwen3-4B-Instruct-2507,cdbee75f17c01a7cc42f958dc650907174af0554
27,heldout,6,56,4,24,random_positions,27.625,23.375,23.375,0.0,True,True,Qwen/Qwen3-4B-Instruct-2507,cdbee75f17c01a7cc42f958dc650907174af0554
27,heldout,6,56,4,25,answer_position,27.625,23.375,26.625,3.25,True,True,Qwen/Qwen3-4B-Instruct-2507,cdbee75f17c01a7cc42f958dc650907174af0554
27,heldout,6,56,4,25,number_tokens,27.625,23.375,23.25,-0.125,True,True,Qwen/Qwen3-4B-Instruct-2507,cdbee75f17c01a7cc42f958dc650907174af0554
27,heldout,6,56,4,25,random_positions,27.625,23.375,23.375,0.0,True,True,Qwen/Qwen3-4B-Instruct-2507,cdbee75f17c01a7cc42f958dc650907174af0554
27,heldout,6,56,4,26,answer_position,27.625,23.375,26.75,3.375,True,True,Qwen/Qwen3-4B-Instruct-2507,cdbee75f17c01a7cc42f958dc650907174af0554
27,heldout,6,56,4,26,number_tokens,27.625,23.375,23.25,-0.125,True,True,Qwen/Qwen3-4B-Instruct-2507,cdbee75f17c01a7cc42f958dc650907174af0554
27,heldout,6,56,4,26,random_positions,27.625,23.375,23.375,0.0,True,True,Qwen/Qwen3-4B-Instruct-2507,cdbee75f17c01a7cc42f958dc650907174af0554
27,heldout,6,56,4,27,answer_position,27.625,23.375,26.5,3.125,True,True,Qwen/Qwen3-4B-Instruct-2507,cdbee75f17c01a7cc42f958dc650907174af0554
27,heldout,6,56,4,27,number_tokens,27.625,23.375,23.375,0.0,True,True,Qwen/Qwen3-4B-Instruct-2507,cdbee75f17c01a7cc42f958dc650907174af0554
27,heldout,6,56,4,27,random_positions,27.625,23.375,23.5,0.125,True,True,Qwen/Qwen3-4B-Instruct-2507,cdbee75f17c01a7cc42f958dc650907174af0554
27,heldout,6,56,4,28,answer_position,27.625,23.375,26.875,3.5,True,True,Qwen/Qwen3-4B-Instruct-2507,cdbee75f17c01a7cc42f958dc650907174af0554
27,heldout,6,56,4,28,number_tokens,27.625,23.375,23.375,0.0,True,True,Qwen/Qwen3-4B-Instruct-2507,cdbee75f17c01a7cc42f958dc650907174af0554
27,heldout,6,56,4,28,random_positions,27.625,23.375,23.625,0.25,True,True,Qwen/Qwen3-4B-Instruct-2507,cdbee75f17c01a7cc42f958dc650907174af0554
27,heldout,6,56,4,29,answer_position,27.625,23.375,26.875,3.5,True,True,Qwen/Qwen3-4B-Instruct-2507,cdbee75f17c01a7cc42f958dc650907174af0554
27,heldout,6,56,4,29,number_tokens,27.625,23.375,23.375,0.0,True,True,Qwen/Qwen3-4B-Instruct-2507,cdbee75f17c01a7cc42f958dc650907174af0554
27,heldout,6,56,4,29,random_positions,27.625,23.375,23.375,0.0,True,True,Qwen/Qwen3-4B-Instruct-2507,cdbee75f17c01a7cc42f958dc650907174af0554
27,heldout,6,56,4,30,answer_position,27.625,23.375,26.875,3.5,True,True,Qwen/Qwen3-4B-Instruct-2507,cdbee75f17c01a7cc42f958dc650907174af0554
27,heldout,6,56,4,30,number_tokens,27.625,23.375,23.125,-0.25,True,True,Qwen/Qwen3-4B-Instruct-2507,cdbee75f17c01a7cc42f958dc650907174af0554
27,heldout,6,56,4,30,random_positions,27.625,23.375,23.375,0.0,True,True,Qwen/Qwen3-4B-Instruct-2507,cdbee75f17c01a7cc42f958dc650907174af0554
27,heldout,6,56,4,31,answer_position,27.625,23.375,27.125,3.75,True,True,Qwen/Qwen3-4B-Instruct-2507,cdbee75f17c01a7cc42f958dc650907174af0554
27,heldout,6,56,4,31,number_tokens,27.625,23.375,23.375,0.0,True,True,Qwen/Qwen3-4B-Instruct-2507,cdbee75f17c01a7cc42f958dc650907174af0554
27,heldout,6,56,4,31,random_positions,27.625,23.375,23.375,0.0,True,True,Qwen/Qwen3-4B-Instruct-2507,cdbee75f17c01a7cc42f958dc650907174af0554
27,heldout,6,56,4,32,answer_position,27.625,23.375,26.75,3.375,True,True,Qwen/Qwen3-4B-Instruct-2507,cdbee75f17c01a7cc42f958dc650907174af0554
27,heldout,6,56,4,32,number_tokens,27.625,23.375,23.125,-0.25,True,True,Qwen/Qwen3-4B-Instruct-2507,cdbee75f17c01a7cc42f958dc650907174af0554
27,heldout,6,56,4,32,random_positions,27.625,23.375,23.125,-0.25,True,True,Qwen/Qwen3-4B-Instruct-2507,cdbee75f17c01a7cc42f958dc650907174af0554
27,heldout,6,56,4,33,answer_position,27.625,23.375,26.75,3.375,True,True,Qwen/Qwen3-4B-Instruct-2507,cdbee75f17c01a7cc42f958dc650907174af0554
27,heldout,6,56,4,33,number_tokens,27.625,23.375,23.125,-0.25,True,True,Qwen/Qwen3-4B-Instruct-2507,cdbee75f17c01a7cc42f958dc650907174af0554
27,heldout,6,56,4,33,random_positions,27.625,23.375,23.375,0.0,True,True,Qwen/Qwen3-4B-Instruct-2507,cdbee75f17c01a7cc42f958dc650907174af0554
27,heldout,6,56,4,34,answer_position,27.625,23.375,27.25,3.875,True,True,Qwen/Qwen3-4B-Instruct-2507,cdbee75f17c01a7cc42f958dc650907174af0554
27,heldout,6,56,4,34,number_tokens,27.625,23.375,23.375,0.0,True,True,Qwen/Qwen3-4B-Instruct-2507,cdbee75f17c01a7cc42f958dc650907174af0554
27,heldout,6,56,4,34,random_positions,27.625,23.375,23.125,-0.25,True,True,Qwen/Qwen3-4B-Instruct-2507,cdbee75f17c01a7cc42f958dc650907174af0554
27,heldout,6,56,4,35,answer_position,27.625,23.375,27.625,4.25,True,True,Qwen/Qwen3-4B-Instruct-2507,cdbee75f17c01a7cc42f958dc650907174af0554
27,heldout,6,56,4,35,number_tokens,27.625,23.375,23.375,0.0,True,True,Qwen/Qwen3-4B-Instruct-2507,cdbee75f17c01a7cc42f958dc650907174af0554
27,heldout,6,56,4,35,random_positions,27.625,23.375,23.375,0.0,True,True,Qwen/Qwen3-4B-Instruct-2507,cdbee75f17c01a7cc42f958dc650907174af0554
28,heldout,6,57,2,0,answer_position,27.625,22.0,22.0,0.0,True,True,Qwen/Qwen3-4B-Instruct-2507,cdbee75f17c01a7cc42f958dc650907174af0554
28,heldout,6,57,2,0,number_tokens,27.625,22.0,21.75,-0.25,True,True,Qwen/Qwen3-4B-Instruct-2507,cdbee75f17c01a7cc42f958dc650907174af0554
28,heldout,6,57,2,0,random_positions,27.625,22.0,12.75,-9.25,True,True,Qwen/Qwen3-4B-Instruct-2507,cdbee75f17c01a7cc42f958dc650907174af0554
28,heldout,6,57,2,1,answer_position,27.625,22.0,22.0,0.0,True,True,Qwen/Qwen3-4B-Instruct-2507,cdbee75f17c01a7cc42f958dc650907174af0554
28,heldout,6,57,2,1,number_tokens,27.625,22.0,22.75,0.75,True,True,Qwen/Qwen3-4B-Instruct-2507,cdbee75f17c01a7cc42f958dc650907174af0554
28,heldout,6,57,2,1,random_positions,27.625,22.0,13.25,-8.75,True,True,Qwen/Qwen3-4B-Instruct-2507,cdbee75f17c01a7cc42f958dc650907174af0554
28,heldout,6,57,2,2,answer_position,27.625,22.0,21.75,-0.25,True,True,Qwen/Qwen3-4B-Instruct-2507,cdbee75f17c01a7cc42f958dc650907174af0554
28,heldout,6,57,2,2,number_tokens,27.625,22.0,24.5,2.5,True,True,Qwen/Qwen3-4B-Instruct-2507,cdbee75f17c01a7cc42f958dc650907174af0554
28,heldout,6,57,2,2,random_positions,27.625,22.0,14.75,-7.25,True,True,Qwen/Qwen3-4B-Instruct-2507,cdbee75f17c01a7cc42f958dc650907174af0554
28,heldout,6,57,2,3,answer_position,27.625,22.0,21.75,-0.25,True,True,Qwen/Qwen3-4B-Instruct-2507,cdbee75f17c01a7cc42f958dc650907174af0554
28,heldout,6,57,2,3,number_tokens,27.625,22.0,22.25,0.25,True,True,Qwen/Qwen3-4B-Instruct-2507,cdbee75f17c01a7cc42f958dc650907174af0554
28,heldout,6,57,2,3,random_positions,27.625,22.0,13.5,-8.5,True,True,Qwen/Qwen3-4B-Instruct-2507,cdbee75f17c01a7cc42f958dc650907174af0554
28,heldout,6,57,2,4,answer_position,27.625,22.0,21.75,-0.25,True,True,Qwen/Qwen3-4B-Instruct-2507,cdbee75f17c01a7cc42f958dc650907174af0554
28,heldout,6,57,2,4,number_tokens,27.625,22.0,22.5,0.5,True,True,Qwen/Qwen3-4B-Instruct-2507,cdbee75f17c01a7cc42f958dc650907174af0554
28,heldout,6,57,2,4,random_positions,27.625,22.0,16.25,-5.75,True,True,Qwen/Qwen3-4B-Instruct-2507,cdbee75f17c01a7cc42f958dc650907174af0554
28,heldout,6,57,2,5,answer_position,27.625,22.0,21.75,-0.25,True,True,Qwen/Qwen3-4B-Instruct-2507,cdbee75f17c01a7cc42f958dc650907174af0554
28,heldout,6,57,2,5,number_tokens,27.625,22.0,19.5,-2.5,True,True,Qwen/Qwen3-4B-Instruct-2507,cdbee75f17c01a7cc42f958dc650907174af0554
28,heldout,6,57,2,5,random_positions,27.625,22.0,17.5,-4.5,True,True,Qwen/Qwen3-4B-Instruct-2507,cdbee75f17c01a7cc42f958dc650907174af0554
28,heldout,6,57,2,6,answer_position,27.625,22.0,21.75,-0.25,True,True,Qwen/Qwen3-4B-Instruct-2507,cdbee75f17c01a7cc42f958dc650907174af0554
28,heldout,6,57,2,6,number_tokens,27.625,22.0,20.75,-1.25,True,True,Qwen/Qwen3-4B-Instruct-2507,cdbee75f17c01a7cc42f958dc650907174af0554
28,heldout,6,57,2,6,random_positions,27.625,22.0,14.5,-7.5,True,True,Qwen/Qwen3-4B-Instruct-2507,cdbee75f17c01a7cc42f958dc650907174af0554
28,heldout,6,57,2,7,answer_position,27.625,22.0,22.0,0.0,True,True,Qwen/Qwen3-4B-Instruct-2507,cdbee75f17c01a7cc42f958dc650907174af0554
28,heldout,6,57,2,7,number_tokens,27.625,22.0,2.75,-19.25,True,True,Qwen/Qwen3-4B-Instruct-2507,cdbee75f17c01a7cc42f958dc650907174af0554
28,heldout,6,57,2,7,random_positions,27.625,22.0,15.75,-6.25,True,True,Qwen/Qwen3-4B-Instruct-2507,cdbee75f17c01a7cc42f958dc650907174af0554
28,heldout,6,57,2,8,answer_position,27.625,22.0,21.75,-0.25,True,True,Qwen/Qwen3-4B-Instruct-2507,cdbee75f17c01a7cc42f958dc650907174af0554
28,heldout,6,57,2,8,number_tokens,27.625,22.0,4.0,-18.0,True,True,Qwen/Qwen3-4B-Instruct-2507,cdbee75f17c01a7cc42f958dc650907174af0554
28,heldout,6,57,2,8,random_positions,27.625,22.0,19.25,-2.75,True,True,Qwen/Qwen3-4B-Instruct-2507,cdbee75f17c01a7cc42f958dc650907174af0554
28,heldout,6,57,2,9,answer_position,27.625,22.0,22.0,0.0,True,True,Qwen/Qwen3-4B-Instruct-2507,cdbee75f17c01a7cc42f958dc650907174af0554
28,heldout,6,57,2,9,number_tokens,27.625,22.0,-4.5,-26.5,True,False,Qwen/Qwen3-4B-Instruct-2507,cdbee75f17c01a7cc42f958dc650907174af0554
28,heldout,6,57,2,9,random_positions,27.625,22.0,21.5,-0.5,True,True,Qwen/Qwen3-4B-Instruct-2507,cdbee75f17c01a7cc42f958dc650907174af0554
28,heldout,6,57,2,10,answer_position,27.625,22.0,21.75,-0.25,True,True,Qwen/Qwen3-4B-Instruct-2507,cdbee75f17c01a7cc42f958dc650907174af0554
28,heldout,6,57,2,10,number_tokens,27.625,22.0,-6.0,-28.0,True,False,Qwen/Qwen3-4B-Instruct-2507,cdbee75f17c01a7cc42f958dc650907174af0554
28,heldout,6,57,2,10,random_positions,27.625,22.0,22.25,0.25,True,True,Qwen/Qwen3-4B-Instruct-2507,cdbee75f17c01a7cc42f958dc650907174af0554
28,heldout,6,57,2,11,answer_position,27.625,22.0,21.75,-0.25,True,True,Qwen/Qwen3-4B-Instruct-2507,cdbee75f17c01a7cc42f958dc650907174af0554
28,heldout,6,57,2,11,number_tokens,27.625,22.0,-15.25,-37.25,True,False,Qwen/Qwen3-4B-Instruct-2507,cdbee75f17c01a7cc42f958dc650907174af0554
28,heldout,6,57,2,11,random_positions,27.625,22.0,23.625,1.625,True,True,Qwen/Qwen3-4B-Instruct-2507,cdbee75f17c01a7cc42f958dc650907174af0554
28,heldout,6,57,2,12,answer_position,27.625,22.0,22.0,0.0,True,True,Qwen/Qwen3-4B-Instruct-2507,cdbee75f17c01a7cc42f958dc650907174af0554
28,heldout,6,57,2,12,number_tokens,27.625,22.0,0.5,-21.5,True,True,Qwen/Qwen3-4B-Instruct-2507,cdbee75f17c01a7cc42f958dc650907174af0554
28,heldout,6,57,2,12,random_positions,27.625,22.0,21.0,-1.0,True,True,Qwen/Qwen3-4B-Instruct-2507,cdbee75f17c01a7cc42f958dc650907174af0554
28,heldout,6,57,2,13,answer_position,27.625,22.0,21.75,-0.25,True,True,Qwen/Qwen3-4B-Instruct-2507,cdbee75f17c01a7cc42f958dc650907174af0554
28,heldout,6,57,2,13,number_tokens,27.625,22.0,12.5,-9.5,True,True,Qwen/Qwen3-4B-Instruct-2507,cdbee75f17c01a7cc42f958dc650907174af0554
28,heldout,6,57,2,13,random_positions,27.625,22.0,19.75,-2.25,True,True,Qwen/Qwen3-4B-Instruct-2507,cdbee75f17c01a7cc42f958dc650907174af0554
28,heldout,6,57,2,14,answer_position,27.625,22.0,21.75,-0.25,True,True,Qwen/Qwen3-4B-Instruct-2507,cdbee75f17c01a7cc42f958dc650907174af0554
28,heldout,6,57,2,14,number_tokens,27.625,22.0,21.5,-0.5,True,True,Qwen/Qwen3-4B-Instruct-2507,cdbee75f17c01a7cc42f958dc650907174af0554
28,heldout,6,57,2,14,random_positions,27.625,22.0,24.75,2.75,True,True,Qwen/Qwen3-4B-Instruct-2507,cdbee75f17c01a7cc42f958dc650907174af0554
28,heldout,6,57,2,15,answer_position,27.625,22.0,21.75,-0.25,True,True,Qwen/Qwen3-4B-Instruct-2507,cdbee75f17c01a7cc42f958dc650907174af0554
28,heldout,6,57,2,15,number_tokens,27.625,22.0,25.5,3.5,True,True,Qwen/Qwen3-4B-Instruct-2507,cdbee75f17c01a7cc42f958dc650907174af0554
28,heldout,6,57,2,15,random_positions,27.625,22.0,25.625,3.625,True,True,Qwen/Qwen3-4B-Instruct-2507,cdbee75f17c01a7cc42f958dc650907174af0554
28,heldout,6,57,2,16,answer_position,27.625,22.0,22.0,0.0,True,True,Qwen/Qwen3-4B-Instruct-2507,cdbee75f17c01a7cc42f958dc650907174af0554
28,heldout,6,57,2,16,number_tokens,27.625,22.0,25.75,3.75,True,True,Qwen/Qwen3-4B-Instruct-2507,cdbee75f17c01a7cc42f958dc650907174af0554
28,heldout,6,57,2,16,random_positions,27.625,22.0,25.625,3.625,True,True,Qwen/Qwen3-4B-Instruct-2507,cdbee75f17c01a7cc42f958dc650907174af0554
28,heldout,6,57,2,17,answer_position,27.625,22.0,21.75,-0.25,True,True,Qwen/Qwen3-4B-Instruct-2507,cdbee75f17c01a7cc42f958dc650907174af0554
28,heldout,6,57,2,17,number_tokens,27.625,22.0,25.0,3.0,True,True,Qwen/Qwen3-4B-Instruct-2507,cdbee75f17c01a7cc42f958dc650907174af0554
28,heldout,6,57,2,17,random_positions,27.625,22.0,25.875,3.875,True,True,Qwen/Qwen3-4B-Instruct-2507,cdbee75f17c01a7cc42f958dc650907174af0554
28,heldout,6,57,2,18,answer_position,27.625,22.0,22.0,0.0,True,True,Qwen/Qwen3-4B-Instruct-2507,cdbee75f17c01a7cc42f958dc650907174af0554
28,heldout,6,57,2,18,number_tokens,27.625,22.0,22.5,0.5,True,True,Qwen/Qwen3-4B-Instruct-2507,cdbee75f17c01a7cc42f958dc650907174af0554
28,heldout,6,57,2,18,random_positions,27.625,22.0,23.875,1.875,True,True,Qwen/Qwen3-4B-Instruct-2507,cdbee75f17c01a7cc42f958dc650907174af0554
28,heldout,6,57,2,19,answer_position,27.625,22.0,23.5,1.5,True,True,Qwen/Qwen3-4B-Instruct-2507,cdbee75f17c01a7cc42f958dc650907174af0554
28,heldout,6,57,2,19,number_tokens,27.625,22.0,20.5,-1.5,True,True,Qwen/Qwen3-4B-Instruct-2507,cdbee75f17c01a7cc42f958dc650907174af0554
28,heldout,6,57,2,19,random_positions,27.625,22.0,23.5,1.5,True,True,Qwen/Qwen3-4B-Instruct-2507,cdbee75f17c01a7cc42f958dc650907174af0554
28,heldout,6,57,2,20,answer_position,27.625,22.0,23.75,1.75,True,True,Qwen/Qwen3-4B-Instruct-2507,cdbee75f17c01a7cc42f958dc650907174af0554
28,heldout,6,57,2,20,number_tokens,27.625,22.0,21.75,-0.25,True,True,Qwen/Qwen3-4B-Instruct-2507,cdbee75f17c01a7cc42f958dc650907174af0554
28,heldout,6,57,2,20,random_positions,27.625,22.0,23.375,1.375,True,True,Qwen/Qwen3-4B-Instruct-2507,cdbee75f17c01a7cc42f958dc650907174af0554
28,heldout,6,57,2,21,answer_position,27.625,22.0,26.0,4.0,True,True,Qwen/Qwen3-4B-Instruct-2507,cdbee75f17c01a7cc42f958dc650907174af0554
28,heldout,6,57,2,21,number_tokens,27.625,22.0,21.5,-0.5,True,True,Qwen/Qwen3-4B-Instruct-2507,cdbee75f17c01a7cc42f958dc650907174af0554
28,heldout,6,57,2,21,random_positions,27.625,22.0,22.75,0.75,True,True,Qwen/Qwen3-4B-Instruct-2507,cdbee75f17c01a7cc42f958dc650907174af0554
28,heldout,6,57,2,22,answer_position,27.625,22.0,26.5,4.5,True,True,Qwen/Qwen3-4B-Instruct-2507,cdbee75f17c01a7cc42f958dc650907174af0554
28,heldout,6,57,2,22,number_tokens,27.625,22.0,21.75,-0.25,True,True,Qwen/Qwen3-4B-Instruct-2507,cdbee75f17c01a7cc42f958dc650907174af0554
28,heldout,6,57,2,22,random_positions,27.625,22.0,21.75,-0.25,True,True,Qwen/Qwen3-4B-Instruct-2507,cdbee75f17c01a7cc42f958dc650907174af0554
28,heldout,6,57,2,23,answer_position,27.625,22.0,26.25,4.25,True,True,Qwen/Qwen3-4B-Instruct-2507,cdbee75f17c01a7cc42f958dc650907174af0554
28,heldout,6,57,2,23,number_tokens,27.625,22.0,21.25,-0.75,True,True,Qwen/Qwen3-4B-Instruct-2507,cdbee75f17c01a7cc42f958dc650907174af0554
28,heldout,6,57,2,23,random_positions,27.625,22.0,22.0,0.0,True,True,Qwen/Qwen3-4B-Instruct-2507,cdbee75f17c01a7cc42f958dc650907174af0554
28,heldout,6,57,2,24,answer_position,27.625,22.0,27.25,5.25,True,True,Qwen/Qwen3-4B-Instruct-2507,cdbee75f17c01a7cc42f958dc650907174af0554
28,heldout,6,57,2,24,number_tokens,27.625,22.0,21.75,-0.25,True,True,Qwen/Qwen3-4B-Instruct-2507,cdbee75f17c01a7cc42f958dc650907174af0554
28,heldout,6,57,2,24,random_positions,27.625,22.0,21.5,-0.5,True,True,Qwen/Qwen3-4B-Instruct-2507,cdbee75f17c01a7cc42f958dc650907174af0554
28,heldout,6,57,2,25,answer_position,27.625,22.0,26.875,4.875,True,True,Qwen/Qwen3-4B-Instruct-2507,cdbee75f17c01a7cc42f958dc650907174af0554
28,heldout,6,57,2,25,number_tokens,27.625,22.0,21.5,-0.5,True,True,Qwen/Qwen3-4B-Instruct-2507,cdbee75f17c01a7cc42f958dc650907174af0554
28,heldout,6,57,2,25,random_positions,27.625,22.0,21.75,-0.25,True,True,Qwen/Qwen3-4B-Instruct-2507,cdbee75f17c01a7cc42f958dc650907174af0554
28,heldout,6,57,2,26,answer_position,27.625,22.0,26.75,4.75,True,True,Qwen/Qwen3-4B-Instruct-2507,cdbee75f17c01a7cc42f958dc650907174af0554
28,heldout,6,57,2,26,number_tokens,27.625,22.0,21.75,-0.25,True,True,Qwen/Qwen3-4B-Instruct-2507,cdbee75f17c01a7cc42f958dc650907174af0554
28,heldout,6,57,2,26,random_positions,27.625,22.0,21.75,-0.25,True,True,Qwen/Qwen3-4B-Instruct-2507,cdbee75f17c01a7cc42f958dc650907174af0554
28,heldout,6,57,2,27,answer_position,27.625,22.0,27.0,5.0,True,True,Qwen/Qwen3-4B-Instruct-2507,cdbee75f17c01a7cc42f958dc650907174af0554
28,heldout,6,57,2,27,number_tokens,27.625,22.0,21.75,-0.25,True,True,Qwen/Qwen3-4B-Instruct-2507,cdbee75f17c01a7cc42f958dc650907174af0554
28,heldout,6,57,2,27,random_positions,27.625,22.0,21.75,-0.25,True,True,Qwen/Qwen3-4B-Instruct-2507,cdbee75f17c01a7cc42f958dc650907174af0554
28,heldout,6,57,2,28,answer_position,27.625,22.0,27.125,5.125,True,True,Qwen/Qwen3-4B-Instruct-2507,cdbee75f17c01a7cc42f958dc650907174af0554
28,heldout,6,57,2,28,number_tokens,27.625,22.0,21.75,-0.25,True,True,Qwen/Qwen3-4B-Instruct-2507,cdbee75f17c01a7cc42f958dc650907174af0554
28,heldout,6,57,2,28,random_positions,27.625,22.0,21.75,-0.25,True,True,Qwen/Qwen3-4B-Instruct-2507,cdbee75f17c01a7cc42f958dc650907174af0554
28,heldout,6,57,2,29,answer_position,27.625,22.0,27.0,5.0,True,True,Qwen/Qwen3-4B-Instruct-2507,cdbee75f17c01a7cc42f958dc650907174af0554
28,heldout,6,57,2,29,number_tokens,27.625,22.0,21.75,-0.25,True,True,Qwen/Qwen3-4B-Instruct-2507,cdbee75f17c01a7cc42f958dc650907174af0554
28,heldout,6,57,2,29,random_positions,27.625,22.0,21.75,-0.25,True,True,Qwen/Qwen3-4B-Instruct-2507,cdbee75f17c01a7cc42f958dc650907174af0554
28,heldout,6,57,2,30,answer_position,27.625,22.0,27.125,5.125,True,True,Qwen/Qwen3-4B-Instruct-2507,cdbee75f17c01a7cc42f958dc650907174af0554
28,heldout,6,57,2,30,number_tokens,27.625,22.0,22.0,0.0,True,True,Qwen/Qwen3-4B-Instruct-2507,cdbee75f17c01a7cc42f958dc650907174af0554
28,heldout,6,57,2,30,random_positions,27.625,22.0,22.0,0.0,True,True,Qwen/Qwen3-4B-Instruct-2507,cdbee75f17c01a7cc42f958dc650907174af0554
28,heldout,6,57,2,31,answer_position,27.625,22.0,27.375,5.375,True,True,Qwen/Qwen3-4B-Instruct-2507,cdbee75f17c01a7cc42f958dc650907174af0554
28,heldout,6,57,2,31,number_tokens,27.625,22.0,22.0,0.0,True,True,Qwen/Qwen3-4B-Instruct-2507,cdbee75f17c01a7cc42f958dc650907174af0554
28,heldout,6,57,2,31,random_positions,27.625,22.0,22.0,0.0,True,True,Qwen/Qwen3-4B-Instruct-2507,cdbee75f17c01a7cc42f958dc650907174af0554
28,heldout,6,57,2,32,answer_position,27.625,22.0,27.125,5.125,True,True,Qwen/Qwen3-4B-Instruct-2507,cdbee75f17c01a7cc42f958dc650907174af0554
28,heldout,6,57,2,32,number_tokens,27.625,22.0,22.0,0.0,True,True,Qwen/Qwen3-4B-Instruct-2507,cdbee75f17c01a7cc42f958dc650907174af0554
28,heldout,6,57,2,32,random_positions,27.625,22.0,22.0,0.0,True,True,Qwen/Qwen3-4B-Instruct-2507,cdbee75f17c01a7cc42f958dc650907174af0554
28,heldout,6,57,2,33,answer_position,27.625,22.0,27.125,5.125,True,True,Qwen/Qwen3-4B-Instruct-2507,cdbee75f17c01a7cc42f958dc650907174af0554
28,heldout,6,57,2,33,number_tokens,27.625,22.0,22.0,0.0,True,True,Qwen/Qwen3-4B-Instruct-2507,cdbee75f17c01a7cc42f958dc650907174af0554
28,heldout,6,57,2,33,random_positions,27.625,22.0,22.0,0.0,True,True,Qwen/Qwen3-4B-Instruct-2507,cdbee75f17c01a7cc42f958dc650907174af0554
28,heldout,6,57,2,34,answer_position,27.625,22.0,27.25,5.25,True,True,Qwen/Qwen3-4B-Instruct-2507,cdbee75f17c01a7cc42f958dc650907174af0554
28,heldout,6,57,2,34,number_tokens,27.625,22.0,22.0,0.0,True,True,Qwen/Qwen3-4B-Instruct-2507,cdbee75f17c01a7cc42f958dc650907174af0554
28,heldout,6,57,2,34,random_positions,27.625,22.0,22.0,0.0,True,True,Qwen/Qwen3-4B-Instruct-2507,cdbee75f17c01a7cc42f958dc650907174af0554
28,heldout,6,57,2,35,answer_position,27.625,22.0,27.625,5.625,True,True,Qwen/Qwen3-4B-Instruct-2507,cdbee75f17c01a7cc42f958dc650907174af0554
28,heldout,6,57,2,35,number_tokens,27.625,22.0,22.0,0.0,True,True,Qwen/Qwen3-4B-Instruct-2507,cdbee75f17c01a7cc42f958dc650907174af0554
28,heldout,6,57,2,35,random_positions,27.625,22.0,22.0,0.0,True,True,Qwen/Qwen3-4B-Instruct-2507,cdbee75f17c01a7cc42f958dc650907174af0554
29,heldout,6,58,3,0,answer_position,27.875,22.5,22.5,0.0,True,True,Qwen/Qwen3-4B-Instruct-2507,cdbee75f17c01a7cc42f958dc650907174af0554
29,heldout,6,58,3,0,number_tokens,27.875,22.5,22.5,0.0,True,True,Qwen/Qwen3-4B-Instruct-2507,cdbee75f17c01a7cc42f958dc650907174af0554
29,heldout,6,58,3,0,random_positions,27.875,22.5,22.75,0.25,True,True,Qwen/Qwen3-4B-Instruct-2507,cdbee75f17c01a7cc42f958dc650907174af0554
29,heldout,6,58,3,1,answer_position,27.875,22.5,22.5,0.0,True,True,Qwen/Qwen3-4B-Instruct-2507,cdbee75f17c01a7cc42f958dc650907174af0554
29,heldout,6,58,3,1,number_tokens,27.875,22.5,23.25,0.75,True,True,Qwen/Qwen3-4B-Instruct-2507,cdbee75f17c01a7cc42f958dc650907174af0554
29,heldout,6,58,3,1,random_positions,27.875,22.5,21.25,-1.25,True,True,Qwen/Qwen3-4B-Instruct-2507,cdbee75f17c01a7cc42f958dc650907174af0554
29,heldout,6,58,3,2,answer_position,27.875,22.5,22.25,-0.25,True,True,Qwen/Qwen3-4B-Instruct-2507,cdbee75f17c01a7cc42f958dc650907174af0554
29,heldout,6,58,3,2,number_tokens,27.875,22.5,24.0,1.5,True,True,Qwen/Qwen3-4B-Instruct-2507,cdbee75f17c01a7cc42f958dc650907174af0554
29,heldout,6,58,3,2,random_positions,27.875,22.5,20.75,-1.75,True,True,Qwen/Qwen3-4B-Instruct-2507,cdbee75f17c01a7cc42f958dc650907174af0554
29,heldout,6,58,3,3,answer_position,27.875,22.5,22.25,-0.25,True,True,Qwen/Qwen3-4B-Instruct-2507,cdbee75f17c01a7cc42f958dc650907174af0554
29,heldout,6,58,3,3,number_tokens,27.875,22.5,22.5,0.0,True,True,Qwen/Qwen3-4B-Instruct-2507,cdbee75f17c01a7cc42f958dc650907174af0554
29,heldout,6,58,3,3,random_positions,27.875,22.5,19.75,-2.75,True,True,Qwen/Qwen3-4B-Instruct-2507,cdbee75f17c01a7cc42f958dc650907174af0554
29,heldout,6,58,3,4,answer_position,27.875,22.5,22.75,0.25,True,True,Qwen/Qwen3-4B-Instruct-2507,cdbee75f17c01a7cc42f958dc650907174af0554
29,heldout,6,58,3,4,number_tokens,27.875,22.5,22.5,0.0,True,True,Qwen/Qwen3-4B-Instruct-2507,cdbee75f17c01a7cc42f958dc650907174af0554
29,heldout,6,58,3,4,random_positions,27.875,22.5,19.5,-3.0,True,True,Qwen/Qwen3-4B-Instruct-2507,cdbee75f17c01a7cc42f958dc650907174af0554
29,heldout,6,58,3,5,answer_position,27.875,22.5,22.25,-0.25,True,True,Qwen/Qwen3-4B-Instruct-2507,cdbee75f17c01a7cc42f958dc650907174af0554
29,heldout,6,58,3,5,number_tokens,27.875,22.5,20.5,-2.0,True,True,Qwen/Qwen3-4B-Instruct-2507,cdbee75f17c01a7cc42f958dc650907174af0554
29,heldout,6,58,3,5,random_positions,27.875,22.5,17.75,-4.75,True,True,Qwen/Qwen3-4B-Instruct-2507,cdbee75f17c01a7cc42f958dc650907174af0554
29,heldout,6,58,3,6,answer_position,27.875,22.5,22.5,0.0,True,True,Qwen/Qwen3-4B-Instruct-2507,cdbee75f17c01a7cc42f958dc650907174af0554
29,heldout,6,58,3,6,number_tokens,27.875,22.5,21.0,-1.5,True,True,Qwen/Qwen3-4B-Instruct-2507,cdbee75f17c01a7cc42f958dc650907174af0554
29,heldout,6,58,3,6,random_positions,27.875,22.5,22.0,-0.5,True,True,Qwen/Qwen3-4B-Instruct-2507,cdbee75f17c01a7cc42f958dc650907174af0554
29,heldout,6,58,3,7,answer_position,27.875,22.5,22.5,0.0,True,True,Qwen/Qwen3-4B-Instruct-2507,cdbee75f17c01a7cc42f958dc650907174af0554
29,heldout,6,58,3,7,number_tokens,27.875,22.5,8.75,-13.75,True,True,Qwen/Qwen3-4B-Instruct-2507,cdbee75f17c01a7cc42f958dc650907174af0554
29,heldout,6,58,3,7,random_positions,27.875,22.5,22.0,-0.5,True,True,Qwen/Qwen3-4B-Instruct-2507,cdbee75f17c01a7cc42f958dc650907174af0554
29,heldout,6,58,3,8,answer_position,27.875,22.5,22.5,0.0,True,True,Qwen/Qwen3-4B-Instruct-2507,cdbee75f17c01a7cc42f958dc650907174af0554
29,heldout,6,58,3,8,number_tokens,27.875,22.5,12.0,-10.5,True,True,Qwen/Qwen3-4B-Instruct-2507,cdbee75f17c01a7cc42f958dc650907174af0554
29,heldout,6,58,3,8,random_positions,27.875,22.5,22.0,-0.5,True,True,Qwen/Qwen3-4B-Instruct-2507,cdbee75f17c01a7cc42f958dc650907174af0554
29,heldout,6,58,3,9,answer_position,27.875,22.5,22.5,0.0,True,True,Qwen/Qwen3-4B-Instruct-2507,cdbee75f17c01a7cc42f958dc650907174af0554
29,heldout,6,58,3,9,number_tokens,27.875,22.5,-1.75,-24.25,True,False,Qwen/Qwen3-4B-Instruct-2507,cdbee75f17c01a7cc42f958dc650907174af0554
29,heldout,6,58,3,9,random_positions,27.875,22.5,22.25,-0.25,True,True,Qwen/Qwen3-4B-Instruct-2507,cdbee75f17c01a7cc42f958dc650907174af0554
29,heldout,6,58,3,10,answer_position,27.875,22.5,22.5,0.0,True,True,Qwen/Qwen3-4B-Instruct-2507,cdbee75f17c01a7cc42f958dc650907174af0554
29,heldout,6,58,3,10,number_tokens,27.875,22.5,-2.0,-24.5,True,False,Qwen/Qwen3-4B-Instruct-2507,cdbee75f17c01a7cc42f958dc650907174af0554
29,heldout,6,58,3,10,random_positions,27.875,22.5,22.5,0.0,True,True,Qwen/Qwen3-4B-Instruct-2507,cdbee75f17c01a7cc42f958dc650907174af0554
29,heldout,6,58,3,11,answer_position,27.875,22.5,22.25,-0.25,True,True,Qwen/Qwen3-4B-Instruct-2507,cdbee75f17c01a7cc42f958dc650907174af0554
29,heldout,6,58,3,11,number_tokens,27.875,22.5,-12.5,-35.0,True,False,Qwen/Qwen3-4B-Instruct-2507,cdbee75f17c01a7cc42f958dc650907174af0554
29,heldout,6,58,3,11,random_positions,27.875,22.5,22.75,0.25,True,True,Qwen/Qwen3-4B-Instruct-2507,cdbee75f17c01a7cc42f958dc650907174af0554
29,heldout,6,58,3,12,answer_position,27.875,22.5,22.5,0.0,True,True,Qwen/Qwen3-4B-Instruct-2507,cdbee75f17c01a7cc42f958dc650907174af0554
29,heldout,6,58,3,12,number_tokens,27.875,22.5,2.0,-20.5,True,True,Qwen/Qwen3-4B-Instruct-2507,cdbee75f17c01a7cc42f958dc650907174af0554
29,heldout,6,58,3,12,random_positions,27.875,22.5,22.5,0.0,True,True,Qwen/Qwen3-4B-Instruct-2507,cdbee75f17c01a7cc42f958dc650907174af0554
29,heldout,6,58,3,13,answer_position,27.875,22.5,22.25,-0.25,True,True,Qwen/Qwen3-4B-Instruct-2507,cdbee75f17c01a7cc42f958dc650907174af0554
29,heldout,6,58,3,13,number_tokens,27.875,22.5,14.75,-7.75,True,True,Qwen/Qwen3-4B-Instruct-2507,cdbee75f17c01a7cc42f958dc650907174af0554
29,heldout,6,58,3,13,random_positions,27.875,22.5,22.5,0.0,True,True,Qwen/Qwen3-4B-Instruct-2507,cdbee75f17c01a7cc42f958dc650907174af0554
29,heldout,6,58,3,14,answer_position,27.875,22.5,22.25,-0.25,True,True,Qwen/Qwen3-4B-Instruct-2507,cdbee75f17c01a7cc42f958dc650907174af0554
29,heldout,6,58,3,14,number_tokens,27.875,22.5,21.5,-1.0,True,True,Qwen/Qwen3-4B-Instruct-2507,cdbee75f17c01a7cc42f958dc650907174af0554
29,heldout,6,58,3,14,random_positions,27.875,22.5,23.125,0.625,True,True,Qwen/Qwen3-4B-Instruct-2507,cdbee75f17c01a7cc42f958dc650907174af0554
29,heldout,6,58,3,15,answer_position,27.875,22.5,22.25,-0.25,True,True,Qwen/Qwen3-4B-Instruct-2507,cdbee75f17c01a7cc42f958dc650907174af0554
29,heldout,6,58,3,15,number_tokens,27.875,22.5,25.25,2.75,True,True,Qwen/Qwen3-4B-Instruct-2507,cdbee75f17c01a7cc42f958dc650907174af0554
29,heldout,6,58,3,15,random_positions,27.875,22.5,23.75,1.25,True,True,Qwen/Qwen3-4B-Instruct-2507,cdbee75f17c01a7cc42f958dc650907174af0554
29,heldout,6,58,3,16,answer_position,27.875,22.5,22.25,-0.25,True,True,Qwen/Qwen3-4B-Instruct-2507,cdbee75f17c01a7cc42f958dc650907174af0554
29,heldout,6,58,3,16,number_tokens,27.875,22.5,25.375,2.875,True,True,Qwen/Qwen3-4B-Instruct-2507,cdbee75f17c01a7cc42f958dc650907174af0554
29,heldout,6,58,3,16,random_positions,27.875,22.5,24.0,1.5,True,True,Qwen/Qwen3-4B-Instruct-2507,cdbee75f17c01a7cc42f958dc650907174af0554
29,heldout,6,58,3,17,answer_position,27.875,22.5,22.25,-0.25,True,True,Qwen/Qwen3-4B-Instruct-2507,cdbee75f17c01a7cc42f958dc650907174af0554
29,heldout,6,58,3,17,number_tokens,27.875,22.5,24.5,2.0,True,True,Qwen/Qwen3-4B-Instruct-2507,cdbee75f17c01a7cc42f958dc650907174af0554
29,heldout,6,58,3,17,random_positions,27.875,22.5,24.375,1.875,True,True,Qwen/Qwen3-4B-Instruct-2507,cdbee75f17c01a7cc42f958dc650907174af0554
29,heldout,6,58,3,18,answer_position,27.875,22.5,22.25,-0.25,True,True,Qwen/Qwen3-4B-Instruct-2507,cdbee75f17c01a7cc42f958dc650907174af0554
29,heldout,6,58,3,18,number_tokens,27.875,22.5,22.25,-0.25,True,True,Qwen/Qwen3-4B-Instruct-2507,cdbee75f17c01a7cc42f958dc650907174af0554
29,heldout,6,58,3,18,random_positions,27.875,22.5,25.25,2.75,True,True,Qwen/Qwen3-4B-Instruct-2507,cdbee75f17c01a7cc42f958dc650907174af0554
29,heldout,6,58,3,19,answer_position,27.875,22.5,23.75,1.25,True,True,Qwen/Qwen3-4B-Instruct-2507,cdbee75f17c01a7cc42f958dc650907174af0554
29,heldout,6,58,3,19,number_tokens,27.875,22.5,21.0,-1.5,True,True,Qwen/Qwen3-4B-Instruct-2507,cdbee75f17c01a7cc42f958dc650907174af0554
29,heldout,6,58,3,19,random_positions,27.875,22.5,24.625,2.125,True,True,Qwen/Qwen3-4B-Instruct-2507,cdbee75f17c01a7cc42f958dc650907174af0554
29,heldout,6,58,3,20,answer_position,27.875,22.5,24.125,1.625,True,True,Qwen/Qwen3-4B-Instruct-2507,cdbee75f17c01a7cc42f958dc650907174af0554
29,heldout,6,58,3,20,number_tokens,27.875,22.5,22.0,-0.5,True,True,Qwen/Qwen3-4B-Instruct-2507,cdbee75f17c01a7cc42f958dc650907174af0554
29,heldout,6,58,3,20,random_positions,27.875,22.5,23.5,1.0,True,True,Qwen/Qwen3-4B-Instruct-2507,cdbee75f17c01a7cc42f958dc650907174af0554
29,heldout,6,58,3,21,answer_position,27.875,22.5,26.0,3.5,True,True,Qwen/Qwen3-4B-Instruct-2507,cdbee75f17c01a7cc42f958dc650907174af0554
29,heldout,6,58,3,21,number_tokens,27.875,22.5,22.0,-0.5,True,True,Qwen/Qwen3-4B-Instruct-2507,cdbee75f17c01a7cc42f958dc650907174af0554
29,heldout,6,58,3,21,random_positions,27.875,22.5,23.25,0.75,True,True,Qwen/Qwen3-4B-Instruct-2507,cdbee75f17c01a7cc42f958dc650907174af0554
29,heldout,6,58,3,22,answer_position,27.875,22.5,26.375,3.875,True,True,Qwen/Qwen3-4B-Instruct-2507,cdbee75f17c01a7cc42f958dc650907174af0554
29,heldout,6,58,3,22,number_tokens,27.875,22.5,22.0,-0.5,True,True,Qwen/Qwen3-4B-Instruct-2507,cdbee75f17c01a7cc42f958dc650907174af0554
29,heldout,6,58,3,22,random_positions,27.875,22.5,22.75,0.25,True,True,Qwen/Qwen3-4B-Instruct-2507,cdbee75f17c01a7cc42f958dc650907174af0554
29,heldout,6,58,3,23,answer_position,27.875,22.5,26.25,3.75,True,True,Qwen/Qwen3-4B-Instruct-2507,cdbee75f17c01a7cc42f958dc650907174af0554
29,heldout,6,58,3,23,number_tokens,27.875,22.5,22.0,-0.5,True,True,Qwen/Qwen3-4B-Instruct-2507,cdbee75f17c01a7cc42f958dc650907174af0554
29,heldout,6,58,3,23,random_positions,27.875,22.5,22.75,0.25,True,True,Qwen/Qwen3-4B-Instruct-2507,cdbee75f17c01a7cc42f958dc650907174af0554
29,heldout,6,58,3,24,answer_position,27.875,22.5,27.25,4.75,True,True,Qwen/Qwen3-4B-Instruct-2507,cdbee75f17c01a7cc42f958dc650907174af0554
29,heldout,6,58,3,24,number_tokens,27.875,22.5,22.25,-0.25,True,True,Qwen/Qwen3-4B-Instruct-2507,cdbee75f17c01a7cc42f958dc650907174af0554
29,heldout,6,58,3,24,random_positions,27.875,22.5,22.5,0.0,True,True,Qwen/Qwen3-4B-Instruct-2507,cdbee75f17c01a7cc42f958dc650907174af0554
29,heldout,6,58,3,25,answer_position,27.875,22.5,27.0,4.5,True,True,Qwen/Qwen3-4B-Instruct-2507,cdbee75f17c01a7cc42f958dc650907174af0554
29,heldout,6,58,3,25,number_tokens,27.875,22.5,22.25,-0.25,True,True,Qwen/Qwen3-4B-Instruct-2507,cdbee75f17c01a7cc42f958dc650907174af0554
29,heldout,6,58,3,25,random_positions,27.875,22.5,22.75,0.25,True,True,Qwen/Qwen3-4B-Instruct-2507,cdbee75f17c01a7cc42f958dc650907174af0554
29,heldout,6,58,3,26,answer_position,27.875,22.5,27.125,4.625,True,True,Qwen/Qwen3-4B-Instruct-2507,cdbee75f17c01a7cc42f958dc650907174af0554
29,heldout,6,58,3,26,number_tokens,27.875,22.5,22.25,-0.25,True,True,Qwen/Qwen3-4B-Instruct-2507,cdbee75f17c01a7cc42f958dc650907174af0554
29,heldout,6,58,3,26,random_positions,27.875,22.5,22.5,0.0,True,True,Qwen/Qwen3-4B-Instruct-2507,cdbee75f17c01a7cc42f958dc650907174af0554
29,heldout,6,58,3,27,answer_position,27.875,22.5,27.375,4.875,True,True,Qwen/Qwen3-4B-Instruct-2507,cdbee75f17c01a7cc42f958dc650907174af0554
29,heldout,6,58,3,27,number_tokens,27.875,22.5,22.5,0.0,True,True,Qwen/Qwen3-4B-Instruct-2507,cdbee75f17c01a7cc42f958dc650907174af0554
29,heldout,6,58,3,27,random_positions,27.875,22.5,22.5,0.0,True,True,Qwen/Qwen3-4B-Instruct-2507,cdbee75f17c01a7cc42f958dc650907174af0554
29,heldout,6,58,3,28,answer_position,27.875,22.5,27.5,5.0,True,True,Qwen/Qwen3-4B-Instruct-2507,cdbee75f17c01a7cc42f958dc650907174af0554
29,heldout,6,58,3,28,number_tokens,27.875,22.5,22.5,0.0,True,True,Qwen/Qwen3-4B-Instruct-2507,cdbee75f17c01a7cc42f958dc650907174af0554
29,heldout,6,58,3,28,random_positions,27.875,22.5,22.75,0.25,True,True,Qwen/Qwen3-4B-Instruct-2507,cdbee75f17c01a7cc42f958dc650907174af0554
29,heldout,6,58,3,29,answer_position,27.875,22.5,27.5,5.0,True,True,Qwen/Qwen3-4B-Instruct-2507,cdbee75f17c01a7cc42f958dc650907174af0554
29,heldout,6,58,3,29,number_tokens,27.875,22.5,22.5,0.0,True,True,Qwen/Qwen3-4B-Instruct-2507,cdbee75f17c01a7cc42f958dc650907174af0554
29,heldout,6,58,3,29,random_positions,27.875,22.5,22.75,0.25,True,True,Qwen/Qwen3-4B-Instruct-2507,cdbee75f17c01a7cc42f958dc650907174af0554
29,heldout,6,58,3,30,answer_position,27.875,22.5,27.375,4.875,True,True,Qwen/Qwen3-4B-Instruct-2507,cdbee75f17c01a7cc42f958dc650907174af0554
29,heldout,6,58,3,30,number_tokens,27.875,22.5,22.5,0.0,True,True,Qwen/Qwen3-4B-Instruct-2507,cdbee75f17c01a7cc42f958dc650907174af0554
29,heldout,6,58,3,30,random_positions,27.875,22.5,22.5,0.0,True,True,Qwen/Qwen3-4B-Instruct-2507,cdbee75f17c01a7cc42f958dc650907174af0554
29,heldout,6,58,3,31,answer_position,27.875,22.5,27.375,4.875,True,True,Qwen/Qwen3-4B-Instruct-2507,cdbee75f17c01a7cc42f958dc650907174af0554
29,heldout,6,58,3,31,number_tokens,27.875,22.5,22.5,0.0,True,True,Qwen/Qwen3-4B-Instruct-2507,cdbee75f17c01a7cc42f958dc650907174af0554
29,heldout,6,58,3,31,random_positions,27.875,22.5,22.75,0.25,True,True,Qwen/Qwen3-4B-Instruct-2507,cdbee75f17c01a7cc42f958dc650907174af0554
29,heldout,6,58,3,32,answer_position,27.875,22.5,27.375,4.875,True,True,Qwen/Qwen3-4B-Instruct-2507,cdbee75f17c01a7cc42f958dc650907174af0554
29,heldout,6,58,3,32,number_tokens,27.875,22.5,22.5,0.0,True,True,Qwen/Qwen3-4B-Instruct-2507,cdbee75f17c01a7cc42f958dc650907174af0554
29,heldout,6,58,3,32,random_positions,27.875,22.5,22.75,0.25,True,True,Qwen/Qwen3-4B-Instruct-2507,cdbee75f17c01a7cc42f958dc650907174af0554
29,heldout,6,58,3,33,answer_position,27.875,22.5,27.5,5.0,True,True,Qwen/Qwen3-4B-Instruct-2507,cdbee75f17c01a7cc42f958dc650907174af0554
29,heldout,6,58,3,33,number_tokens,27.875,22.5,22.5,0.0,True,True,Qwen/Qwen3-4B-Instruct-2507,cdbee75f17c01a7cc42f958dc650907174af0554
29,heldout,6,58,3,33,random_positions,27.875,22.5,22.5,0.0,True,True,Qwen/Qwen3-4B-Instruct-2507,cdbee75f17c01a7cc42f958dc650907174af0554
29,heldout,6,58,3,34,answer_position,27.875,22.5,27.625,5.125,True,True,Qwen/Qwen3-4B-Instruct-2507,cdbee75f17c01a7cc42f958dc650907174af0554
29,heldout,6,58,3,34,number_tokens,27.875,22.5,22.5,0.0,True,True,Qwen/Qwen3-4B-Instruct-2507,cdbee75f17c01a7cc42f958dc650907174af0554
29,heldout,6,58,3,34,random_positions,27.875,22.5,22.5,0.0,True,True,Qwen/Qwen3-4B-Instruct-2507,cdbee75f17c01a7cc42f958dc650907174af0554
29,heldout,6,58,3,35,answer_position,27.875,22.5,27.875,5.375,True,True,Qwen/Qwen3-4B-Instruct-2507,cdbee75f17c01a7cc42f958dc650907174af0554
29,heldout,6,58,3,35,number_tokens,27.875,22.5,22.5,0.0,True,True,Qwen/Qwen3-4B-Instruct-2507,cdbee75f17c01a7cc42f958dc650907174af0554
29,heldout,6,58,3,35,random_positions,27.875,22.5,22.5,0.0,True,True,Qwen/Qwen3-4B-Instruct-2507,cdbee75f17c01a7cc42f958dc650907174af0554
30,heldout,7,58,3,0,answer_position,28.125,22.0,22.0,0.0,True,True,Qwen/Qwen3-4B-Instruct-2507,cdbee75f17c01a7cc42f958dc650907174af0554
30,heldout,7,58,3,0,number_tokens,28.125,22.0,22.0,0.0,True,True,Qwen/Qwen3-4B-Instruct-2507,cdbee75f17c01a7cc42f958dc650907174af0554
30,heldout,7,58,3,0,random_positions,28.125,22.0,12.25,-9.75,True,True,Qwen/Qwen3-4B-Instruct-2507,cdbee75f17c01a7cc42f958dc650907174af0554
30,heldout,7,58,3,1,answer_position,28.125,22.0,21.75,-0.25,True,True,Qwen/Qwen3-4B-Instruct-2507,cdbee75f17c01a7cc42f958dc650907174af0554
30,heldout,7,58,3,1,number_tokens,28.125,22.0,23.0,1.0,True,True,Qwen/Qwen3-4B-Instruct-2507,cdbee75f17c01a7cc42f958dc650907174af0554
30,heldout,7,58,3,1,random_positions,28.125,22.0,16.25,-5.75,True,True,Qwen/Qwen3-4B-Instruct-2507,cdbee75f17c01a7cc42f958dc650907174af0554
30,heldout,7,58,3,2,answer_position,28.125,22.0,22.0,0.0,True,True,Qwen/Qwen3-4B-Instruct-2507,cdbee75f17c01a7cc42f958dc650907174af0554
30,heldout,7,58,3,2,number_tokens,28.125,22.0,23.875,1.875,True,True,Qwen/Qwen3-4B-Instruct-2507,cdbee75f17c01a7cc42f958dc650907174af0554
30,heldout,7,58,3,2,random_positions,28.125,22.0,16.25,-5.75,True,True,Qwen/Qwen3-4B-Instruct-2507,cdbee75f17c01a7cc42f958dc650907174af0554
30,heldout,7,58,3,3,answer_position,28.125,22.0,22.0,0.0,True,True,Qwen/Qwen3-4B-Instruct-2507,cdbee75f17c01a7cc42f958dc650907174af0554
30,heldout,7,58,3,3,number_tokens,28.125,22.0,21.25,-0.75,True,True,Qwen/Qwen3-4B-Instruct-2507,cdbee75f17c01a7cc42f958dc650907174af0554
30,heldout,7,58,3,3,random_positions,28.125,22.0,20.5,-1.5,True,True,Qwen/Qwen3-4B-Instruct-2507,cdbee75f17c01a7cc42f958dc650907174af0554
30,heldout,7,58,3,4,answer_position,28.125,22.0,21.75,-0.25,True,True,Qwen/Qwen3-4B-Instruct-2507,cdbee75f17c01a7cc42f958dc650907174af0554
30,heldout,7,58,3,4,number_tokens,28.125,22.0,21.0,-1.0,True,True,Qwen/Qwen3-4B-Instruct-2507,cdbee75f17c01a7cc42f958dc650907174af0554
30,heldout,7,58,3,4,random_positions,28.125,22.0,21.5,-0.5,True,True,Qwen/Qwen3-4B-Instruct-2507,cdbee75f17c01a7cc42f958dc650907174af0554
30,heldout,7,58,3,5,answer_position,28.125,22.0,21.75,-0.25,True,True,Qwen/Qwen3-4B-Instruct-2507,cdbee75f17c01a7cc42f958dc650907174af0554
30,heldout,7,58,3,5,number_tokens,28.125,22.0,12.5,-9.5,True,True,Qwen/Qwen3-4B-Instruct-2507,cdbee75f17c01a7cc42f958dc650907174af0554
30,heldout,7,58,3,5,random_positions,28.125,22.0,22.25,0.25,True,True,Qwen/Qwen3-4B-Instruct-2507,cdbee75f17c01a7cc42f958dc650907174af0554
30,heldout,7,58,3,6,answer_position,28.125,22.0,22.0,0.0,True,True,Qwen/Qwen3-4B-Instruct-2507,cdbee75f17c01a7cc42f958dc650907174af0554
30,heldout,7,58,3,6,number_tokens,28.125,22.0,14.0,-8.0,True,True,Qwen/Qwen3-4B-Instruct-2507,cdbee75f17c01a7cc42f958dc650907174af0554
30,heldout,7,58,3,6,random_positions,28.125,22.0,22.0,0.0,True,True,Qwen/Qwen3-4B-Instruct-2507,cdbee75f17c01a7cc42f958dc650907174af0554
30,heldout,7,58,3,7,answer_position,28.125,22.0,21.75,-0.25,True,True,Qwen/Qwen3-4B-Instruct-2507,cdbee75f17c01a7cc42f958dc650907174af0554
30,heldout,7,58,3,7,number_tokens,28.125,22.0,2.5,-19.5,True,True,Qwen/Qwen3-4B-Instruct-2507,cdbee75f17c01a7cc42f958dc650907174af0554
30,heldout,7,58,3,7,random_positions,28.125,22.0,22.5,0.5,True,True,Qwen/Qwen3-4B-Instruct-2507,cdbee75f17c01a7cc42f958dc650907174af0554
30,heldout,7,58,3,8,answer_position,28.125,22.0,21.75,-0.25,True,True,Qwen/Qwen3-4B-Instruct-2507,cdbee75f17c01a7cc42f958dc650907174af0554
30,heldout,7,58,3,8,number_tokens,28.125,22.0,7.0,-15.0,True,True,Qwen/Qwen3-4B-Instruct-2507,cdbee75f17c01a7cc42f958dc650907174af0554
30,heldout,7,58,3,8,random_positions,28.125,22.0,22.375,0.375,True,True,Qwen/Qwen3-4B-Instruct-2507,cdbee75f17c01a7cc42f958dc650907174af0554
30,heldout,7,58,3,9,answer_position,28.125,22.0,21.75,-0.25,True,True,Qwen/Qwen3-4B-Instruct-2507,cdbee75f17c01a7cc42f958dc650907174af0554
30,heldout,7,58,3,9,number_tokens,28.125,22.0,-4.75,-26.75,True,False,Qwen/Qwen3-4B-Instruct-2507,cdbee75f17c01a7cc42f958dc650907174af0554
30,heldout,7,58,3,9,random_positions,28.125,22.0,22.625,0.625,True,True,Qwen/Qwen3-4B-Instruct-2507,cdbee75f17c01a7cc42f958dc650907174af0554
30,heldout,7,58,3,10,answer_position,28.125,22.0,22.0,0.0,True,True,Qwen/Qwen3-4B-Instruct-2507,cdbee75f17c01a7cc42f958dc650907174af0554
30,heldout,7,58,3,10,number_tokens,28.125,22.0,-5.75,-27.75,True,False,Qwen/Qwen3-4B-Instruct-2507,cdbee75f17c01a7cc42f958dc650907174af0554
30,heldout,7,58,3,10,random_positions,28.125,22.0,22.0,0.0,True,True,Qwen/Qwen3-4B-Instruct-2507,cdbee75f17c01a7cc42f958dc650907174af0554
30,heldout,7,58,3,11,answer_position,28.125,22.0,21.75,-0.25,True,True,Qwen/Qwen3-4B-Instruct-2507,cdbee75f17c01a7cc42f958dc650907174af0554
30,heldout,7,58,3,11,number_tokens,28.125,22.0,-11.75,-33.75,True,False,Qwen/Qwen3-4B-Instruct-2507,cdbee75f17c01a7cc42f958dc650907174af0554
30,heldout,7,58,3,11,random_positions,28.125,22.0,22.75,0.75,True,True,Qwen/Qwen3-4B-Instruct-2507,cdbee75f17c01a7cc42f958dc650907174af0554
30,heldout,7,58,3,12,answer_position,28.125,22.0,22.0,0.0,True,True,Qwen/Qwen3-4B-Instruct-2507,cdbee75f17c01a7cc42f958dc650907174af0554
30,heldout,7,58,3,12,number_tokens,28.125,22.0,0.25,-21.75,True,True,Qwen/Qwen3-4B-Instruct-2507,cdbee75f17c01a7cc42f958dc650907174af0554
30,heldout,7,58,3,12,random_positions,28.125,22.0,22.0,0.0,True,True,Qwen/Qwen3-4B-Instruct-2507,cdbee75f17c01a7cc42f958dc650907174af0554
30,heldout,7,58,3,13,answer_position,28.125,22.0,21.75,-0.25,True,True,Qwen/Qwen3-4B-Instruct-2507,cdbee75f17c01a7cc42f958dc650907174af0554
30,heldout,7,58,3,13,number_tokens,28.125,22.0,13.75,-8.25,True,True,Qwen/Qwen3-4B-Instruct-2507,cdbee75f17c01a7cc42f958dc650907174af0554
30,heldout,7,58,3,13,random_positions,28.125,22.0,22.75,0.75,True,True,Qwen/Qwen3-4B-Instruct-2507,cdbee75f17c01a7cc42f958dc650907174af0554
30,heldout,7,58,3,14,answer_position,28.125,22.0,21.75,-0.25,True,True,Qwen/Qwen3-4B-Instruct-2507,cdbee75f17c01a7cc42f958dc650907174af0554
30,heldout,7,58,3,14,number_tokens,28.125,22.0,21.5,-0.5,True,True,Qwen/Qwen3-4B-Instruct-2507,cdbee75f17c01a7cc42f958dc650907174af0554
30,heldout,7,58,3,14,random_positions,28.125,22.0,22.5,0.5,True,True,Qwen/Qwen3-4B-Instruct-2507,cdbee75f17c01a7cc42f958dc650907174af0554
30,heldout,7,58,3,15,answer_position,28.125,22.0,22.0,0.0,True,True,Qwen/Qwen3-4B-Instruct-2507,cdbee75f17c01a7cc42f958dc650907174af0554
30,heldout,7,58,3,15,number_tokens,28.125,22.0,24.625,2.625,True,True,Qwen/Qwen3-4B-Instruct-2507,cdbee75f17c01a7cc42f958dc650907174af0554
30,heldout,7,58,3,15,random_positions,28.125,22.0,23.25,1.25,True,True,Qwen/Qwen3-4B-Instruct-2507,cdbee75f17c01a7cc42f958dc650907174af0554
30,heldout,7,58,3,16,answer_position,28.125,22.0,22.0,0.0,True,True,Qwen/Qwen3-4B-Instruct-2507,cdbee75f17c01a7cc42f958dc650907174af0554
30,heldout,7,58,3,16,number_tokens,28.125,22.0,25.0,3.0,True,True,Qwen/Qwen3-4B-Instruct-2507,cdbee75f17c01a7cc42f958dc650907174af0554
30,heldout,7,58,3,16,random_positions,28.125,22.0,23.375,1.375,True,True,Qwen/Qwen3-4B-Instruct-2507,cdbee75f17c01a7cc42f958dc650907174af0554
30,heldout,7,58,3,17,answer_position,28.125,22.0,21.75,-0.25,True,True,Qwen/Qwen3-4B-Instruct-2507,cdbee75f17c01a7cc42f958dc650907174af0554
30,heldout,7,58,3,17,number_tokens,28.125,22.0,23.75,1.75,True,True,Qwen/Qwen3-4B-Instruct-2507,cdbee75f17c01a7cc42f958dc650907174af0554
30,heldout,7,58,3,17,random_positions,28.125,22.0,23.5,1.5,True,True,Qwen/Qwen3-4B-Instruct-2507,cdbee75f17c01a7cc42f958dc650907174af0554
30,heldout,7,58,3,18,answer_position,28.125,22.0,21.75,-0.25,True,True,Qwen/Qwen3-4B-Instruct-2507,cdbee75f17c01a7cc42f958dc650907174af0554
30,heldout,7,58,3,18,number_tokens,28.125,22.0,22.0,0.0,True,True,Qwen/Qwen3-4B-Instruct-2507,cdbee75f17c01a7cc42f958dc650907174af0554
30,heldout,7,58,3,18,random_positions,28.125,22.0,23.125,1.125,True,True,Qwen/Qwen3-4B-Instruct-2507,cdbee75f17c01a7cc42f958dc650907174af0554
30,heldout,7,58,3,19,answer_position,28.125,22.0,23.25,1.25,True,True,Qwen/Qwen3-4B-Instruct-2507,cdbee75f17c01a7cc42f958dc650907174af0554
30,heldout,7,58,3,19,number_tokens,28.125,22.0,20.25,-1.75,True,True,Qwen/Qwen3-4B-Instruct-2507,cdbee75f17c01a7cc42f958dc650907174af0554
30,heldout,7,58,3,19,random_positions,28.125,22.0,23.375,1.375,True,True,Qwen/Qwen3-4B-Instruct-2507,cdbee75f17c01a7cc42f958dc650907174af0554
30,heldout,7,58,3,20,answer_position,28.125,22.0,23.75,1.75,True,True,Qwen/Qwen3-4B-Instruct-2507,cdbee75f17c01a7cc42f958dc650907174af0554
30,heldout,7,58,3,20,number_tokens,28.125,22.0,21.5,-0.5,True,True,Qwen/Qwen3-4B-Instruct-2507,cdbee75f17c01a7cc42f958dc650907174af0554
30,heldout,7,58,3,20,random_positions,28.125,22.0,23.25,1.25,True,True,Qwen/Qwen3-4B-Instruct-2507,cdbee75f17c01a7cc42f958dc650907174af0554
30,heldout,7,58,3,21,answer_position,28.125,22.0,26.125,4.125,True,True,Qwen/Qwen3-4B-Instruct-2507,cdbee75f17c01a7cc42f958dc650907174af0554
30,heldout,7,58,3,21,number_tokens,28.125,22.0,21.5,-0.5,True,True,Qwen/Qwen3-4B-Instruct-2507,cdbee75f17c01a7cc42f958dc650907174af0554
30,heldout,7,58,3,21,random_positions,28.125,22.0,22.75,0.75,True,True,Qwen/Qwen3-4B-Instruct-2507,cdbee75f17c01a7cc42f958dc650907174af0554
30,heldout,7,58,3,22,answer_position,28.125,22.0,26.5,4.5,True,True,Qwen/Qwen3-4B-Instruct-2507,cdbee75f17c01a7cc42f958dc650907174af0554
30,heldout,7,58,3,22,number_tokens,28.125,22.0,21.75,-0.25,True,True,Qwen/Qwen3-4B-Instruct-2507,cdbee75f17c01a7cc42f958dc650907174af0554
30,heldout,7,58,3,22,random_positions,28.125,22.0,22.75,0.75,True,True,Qwen/Qwen3-4B-Instruct-2507,cdbee75f17c01a7cc42f958dc650907174af0554
30,heldout,7,58,3,23,answer_position,28.125,22.0,26.0,4.0,True,True,Qwen/Qwen3-4B-Instruct-2507,cdbee75f17c01a7cc42f958dc650907174af0554
30,heldout,7,58,3,23,number_tokens,28.125,22.0,21.75,-0.25,True,True,Qwen/Qwen3-4B-Instruct-2507,cdbee75f17c01a7cc42f958dc650907174af0554
30,heldout,7,58,3,23,random_positions,28.125,22.0,22.0,0.0,True,True,Qwen/Qwen3-4B-Instruct-2507,cdbee75f17c01a7cc42f958dc650907174af0554
30,heldout,7,58,3,24,answer_position,28.125,22.0,27.375,5.375,True,True,Qwen/Qwen3-4B-Instruct-2507,cdbee75f17c01a7cc42f958dc650907174af0554
30,heldout,7,58,3,24,number_tokens,28.125,22.0,21.75,-0.25,True,True,Qwen/Qwen3-4B-Instruct-2507,cdbee75f17c01a7cc42f958dc650907174af0554
30,heldout,7,58,3,24,random_positions,28.125,22.0,22.0,0.0,True,True,Qwen/Qwen3-4B-Instruct-2507,cdbee75f17c01a7cc42f958dc650907174af0554
30,heldout,7,58,3,25,answer_position,28.125,22.0,27.0,5.0,True,True,Qwen/Qwen3-4B-Instruct-2507,cdbee75f17c01a7cc42f958dc650907174af0554
30,heldout,7,58,3,25,number_tokens,28.125,22.0,21.75,-0.25,True,True,Qwen/Qwen3-4B-Instruct-2507,cdbee75f17c01a7cc42f958dc650907174af0554
30,heldout,7,58,3,25,random_positions,28.125,22.0,22.25,0.25,True,True,Qwen/Qwen3-4B-Instruct-2507,cdbee75f17c01a7cc42f958dc650907174af0554
30,heldout,7,58,3,26,answer_position,28.125,22.0,27.25,5.25,True,True,Qwen/Qwen3-4B-Instruct-2507,cdbee75f17c01a7cc42f958dc650907174af0554
30,heldout,7,58,3,26,number_tokens,28.125,22.0,21.75,-0.25,True,True,Qwen/Qwen3-4B-Instruct-2507,cdbee75f17c01a7cc42f958dc650907174af0554
30,heldout,7,58,3,26,random_positions,28.125,22.0,22.0,0.0,True,True,Qwen/Qwen3-4B-Instruct-2507,cdbee75f17c01a7cc42f958dc650907174af0554
30,heldout,7,58,3,27,answer_position,28.125,22.0,27.125,5.125,True,True,Qwen/Qwen3-4B-Instruct-2507,cdbee75f17c01a7cc42f958dc650907174af0554
30,heldout,7,58,3,27,number_tokens,28.125,22.0,21.75,-0.25,True,True,Qwen/Qwen3-4B-Instruct-2507,cdbee75f17c01a7cc42f958dc650907174af0554
30,heldout,7,58,3,27,random_positions,28.125,22.0,22.0,0.0,True,True,Qwen/Qwen3-4B-Instruct-2507,cdbee75f17c01a7cc42f958dc650907174af0554
30,heldout,7,58,3,28,answer_position,28.125,22.0,27.5,5.5,True,True,Qwen/Qwen3-4B-Instruct-2507,cdbee75f17c01a7cc42f958dc650907174af0554
30,heldout,7,58,3,28,number_tokens,28.125,22.0,22.0,0.0,True,True,Qwen/Qwen3-4B-Instruct-2507,cdbee75f17c01a7cc42f958dc650907174af0554
30,heldout,7,58,3,28,random_positions,28.125,22.0,21.75,-0.25,True,True,Qwen/Qwen3-4B-Instruct-2507,cdbee75f17c01a7cc42f958dc650907174af0554
30,heldout,7,58,3,29,answer_position,28.125,22.0,27.5,5.5,True,True,Qwen/Qwen3-4B-Instruct-2507,cdbee75f17c01a7cc42f958dc650907174af0554
30,heldout,7,58,3,29,number_tokens,28.125,22.0,21.75,-0.25,True,True,Qwen/Qwen3-4B-Instruct-2507,cdbee75f17c01a7cc42f958dc650907174af0554
30,heldout,7,58,3,29,random_positions,28.125,22.0,21.75,-0.25,True,True,Qwen/Qwen3-4B-Instruct-2507,cdbee75f17c01a7cc42f958dc650907174af0554
30,heldout,7,58,3,30,answer_position,28.125,22.0,27.375,5.375,True,True,Qwen/Qwen3-4B-Instruct-2507,cdbee75f17c01a7cc42f958dc650907174af0554
30,heldout,7,58,3,30,number_tokens,28.125,22.0,21.75,-0.25,True,True,Qwen/Qwen3-4B-Instruct-2507,cdbee75f17c01a7cc42f958dc650907174af0554
30,heldout,7,58,3,30,random_positions,28.125,22.0,21.75,-0.25,True,True,Qwen/Qwen3-4B-Instruct-2507,cdbee75f17c01a7cc42f958dc650907174af0554
30,heldout,7,58,3,31,answer_position,28.125,22.0,27.75,5.75,True,True,Qwen/Qwen3-4B-Instruct-2507,cdbee75f17c01a7cc42f958dc650907174af0554
30,heldout,7,58,3,31,number_tokens,28.125,22.0,21.75,-0.25,True,True,Qwen/Qwen3-4B-Instruct-2507,cdbee75f17c01a7cc42f958dc650907174af0554
30,heldout,7,58,3,31,random_positions,28.125,22.0,22.0,0.0,True,True,Qwen/Qwen3-4B-Instruct-2507,cdbee75f17c01a7cc42f958dc650907174af0554
30,heldout,7,58,3,32,answer_position,28.125,22.0,27.625,5.625,True,True,Qwen/Qwen3-4B-Instruct-2507,cdbee75f17c01a7cc42f958dc650907174af0554
30,heldout,7,58,3,32,number_tokens,28.125,22.0,22.0,0.0,True,True,Qwen/Qwen3-4B-Instruct-2507,cdbee75f17c01a7cc42f958dc650907174af0554
30,heldout,7,58,3,32,random_positions,28.125,22.0,21.75,-0.25,True,True,Qwen/Qwen3-4B-Instruct-2507,cdbee75f17c01a7cc42f958dc650907174af0554
30,heldout,7,58,3,33,answer_position,28.125,22.0,27.375,5.375,True,True,Qwen/Qwen3-4B-Instruct-2507,cdbee75f17c01a7cc42f958dc650907174af0554
30,heldout,7,58,3,33,number_tokens,28.125,22.0,22.0,0.0,True,True,Qwen/Qwen3-4B-Instruct-2507,cdbee75f17c01a7cc42f958dc650907174af0554
30,heldout,7,58,3,33,random_positions,28.125,22.0,22.0,0.0,True,True,Qwen/Qwen3-4B-Instruct-2507,cdbee75f17c01a7cc42f958dc650907174af0554
30,heldout,7,58,3,34,answer_position,28.125,22.0,27.75,5.75,True,True,Qwen/Qwen3-4B-Instruct-2507,cdbee75f17c01a7cc42f958dc650907174af0554
30,heldout,7,58,3,34,number_tokens,28.125,22.0,21.75,-0.25,True,True,Qwen/Qwen3-4B-Instruct-2507,cdbee75f17c01a7cc42f958dc650907174af0554
30,heldout,7,58,3,34,random_positions,28.125,22.0,22.0,0.0,True,True,Qwen/Qwen3-4B-Instruct-2507,cdbee75f17c01a7cc42f958dc650907174af0554
30,heldout,7,58,3,35,answer_position,28.125,22.0,28.125,6.125,True,True,Qwen/Qwen3-4B-Instruct-2507,cdbee75f17c01a7cc42f958dc650907174af0554
30,heldout,7,58,3,35,number_tokens,28.125,22.0,22.0,0.0,True,True,Qwen/Qwen3-4B-Instruct-2507,cdbee75f17c01a7cc42f958dc650907174af0554
30,heldout,7,58,3,35,random_positions,28.125,22.0,22.0,0.0,True,True,Qwen/Qwen3-4B-Instruct-2507,cdbee75f17c01a7cc42f958dc650907174af0554
31,heldout,7,59,4,0,answer_position,27.75,22.5,22.5,0.0,True,True,Qwen/Qwen3-4B-Instruct-2507,cdbee75f17c01a7cc42f958dc650907174af0554
31,heldout,7,59,4,0,number_tokens,27.75,22.5,22.75,0.25,True,True,Qwen/Qwen3-4B-Instruct-2507,cdbee75f17c01a7cc42f958dc650907174af0554
31,heldout,7,59,4,0,random_positions,27.75,22.5,22.5,0.0,True,True,Qwen/Qwen3-4B-Instruct-2507,cdbee75f17c01a7cc42f958dc650907174af0554
31,heldout,7,59,4,1,answer_position,27.75,22.5,22.5,0.0,True,True,Qwen/Qwen3-4B-Instruct-2507,cdbee75f17c01a7cc42f958dc650907174af0554
31,heldout,7,59,4,1,number_tokens,27.75,22.5,23.25,0.75,True,True,Qwen/Qwen3-4B-Instruct-2507,cdbee75f17c01a7cc42f958dc650907174af0554
31,heldout,7,59,4,1,random_positions,27.75,22.5,22.5,0.0,True,True,Qwen/Qwen3-4B-Instruct-2507,cdbee75f17c01a7cc42f958dc650907174af0554
31,heldout,7,59,4,2,answer_position,27.75,22.5,22.75,0.25,True,True,Qwen/Qwen3-4B-Instruct-2507,cdbee75f17c01a7cc42f958dc650907174af0554
31,heldout,7,59,4,2,number_tokens,27.75,22.5,23.875,1.375,True,True,Qwen/Qwen3-4B-Instruct-2507,cdbee75f17c01a7cc42f958dc650907174af0554
31,heldout,7,59,4,2,random_positions,27.75,22.5,22.5,0.0,True,True,Qwen/Qwen3-4B-Instruct-2507,cdbee75f17c01a7cc42f958dc650907174af0554
31,heldout,7,59,4,3,answer_position,27.75,22.5,22.5,0.0,True,True,Qwen/Qwen3-4B-Instruct-2507,cdbee75f17c01a7cc42f958dc650907174af0554
31,heldout,7,59,4,3,number_tokens,27.75,22.5,21.75,-0.75,True,True,Qwen/Qwen3-4B-Instruct-2507,cdbee75f17c01a7cc42f958dc650907174af0554
31,heldout,7,59,4,3,random_positions,27.75,22.5,22.5,0.0,True,True,Qwen/Qwen3-4B-Instruct-2507,cdbee75f17c01a7cc42f958dc650907174af0554
31,heldout,7,59,4,4,answer_position,27.75,22.5,22.5,0.0,True,True,Qwen/Qwen3-4B-Instruct-2507,cdbee75f17c01a7cc42f958dc650907174af0554
31,heldout,7,59,4,4,number_tokens,27.75,22.5,21.5,-1.0,True,True,Qwen/Qwen3-4B-Instruct-2507,cdbee75f17c01a7cc42f958dc650907174af0554
31,heldout,7,59,4,4,random_positions,27.75,22.5,22.0,-0.5,True,True,Qwen/Qwen3-4B-Instruct-2507,cdbee75f17c01a7cc42f958dc650907174af0554
31,heldout,7,59,4,5,answer_position,27.75,22.5,22.5,0.0,True,True,Qwen/Qwen3-4B-Instruct-2507,cdbee75f17c01a7cc42f958dc650907174af0554
31,heldout,7,59,4,5,number_tokens,27.75,22.5,18.25,-4.25,True,True,Qwen/Qwen3-4B-Instruct-2507,cdbee75f17c01a7cc42f958dc650907174af0554
31,heldout,7,59,4,5,random_positions,27.75,22.5,22.75,0.25,True,True,Qwen/Qwen3-4B-Instruct-2507,cdbee75f17c01a7cc42f958dc650907174af0554
31,heldout,7,59,4,6,answer_position,27.75,22.5,22.5,0.0,True,True,Qwen/Qwen3-4B-Instruct-2507,cdbee75f17c01a7cc42f958dc650907174af0554
31,heldout,7,59,4,6,number_tokens,27.75,22.5,18.25,-4.25,True,True,Qwen/Qwen3-4B-Instruct-2507,cdbee75f17c01a7cc42f958dc650907174af0554
31,heldout,7,59,4,6,random_positions,27.75,22.5,22.5,0.0,True,True,Qwen/Qwen3-4B-Instruct-2507,cdbee75f17c01a7cc42f958dc650907174af0554
31,heldout,7,59,4,7,answer_position,27.75,22.5,22.75,0.25,True,True,Qwen/Qwen3-4B-Instruct-2507,cdbee75f17c01a7cc42f958dc650907174af0554
31,heldout,7,59,4,7,number_tokens,27.75,22.5,9.5,-13.0,True,True,Qwen/Qwen3-4B-Instruct-2507,cdbee75f17c01a7cc42f958dc650907174af0554
31,heldout,7,59,4,7,random_positions,27.75,22.5,22.75,0.25,True,True,Qwen/Qwen3-4B-Instruct-2507,cdbee75f17c01a7cc42f958dc650907174af0554
31,heldout,7,59,4,8,answer_position,27.75,22.5,22.25,-0.25,True,True,Qwen/Qwen3-4B-Instruct-2507,cdbee75f17c01a7cc42f958dc650907174af0554
31,heldout,7,59,4,8,number_tokens,27.75,22.5,11.0,-11.5,True,True,Qwen/Qwen3-4B-Instruct-2507,cdbee75f17c01a7cc42f958dc650907174af0554
31,heldout,7,59,4,8,random_positions,27.75,22.5,22.5,0.0,True,True,Qwen/Qwen3-4B-Instruct-2507,cdbee75f17c01a7cc42f958dc650907174af0554
31,heldout,7,59,4,9,answer_position,27.75,22.5,22.5,0.0,True,True,Qwen/Qwen3-4B-Instruct-2507,cdbee75f17c01a7cc42f958dc650907174af0554
31,heldout,7,59,4,9,number_tokens,27.75,22.5,-1.75,-24.25,True,False,Qwen/Qwen3-4B-Instruct-2507,cdbee75f17c01a7cc42f958dc650907174af0554
31,heldout,7,59,4,9,random_positions,27.75,22.5,22.5,0.0,True,True,Qwen/Qwen3-4B-Instruct-2507,cdbee75f17c01a7cc42f958dc650907174af0554
31,heldout,7,59,4,10,answer_position,27.75,22.5,22.5,0.0,True,True,Qwen/Qwen3-4B-Instruct-2507,cdbee75f17c01a7cc42f958dc650907174af0554
31,heldout,7,59,4,10,number_tokens,27.75,22.5,-2.75,-25.25,True,False,Qwen/Qwen3-4B-Instruct-2507,cdbee75f17c01a7cc42f958dc650907174af0554
31,heldout,7,59,4,10,random_positions,27.75,22.5,22.5,0.0,True,True,Qwen/Qwen3-4B-Instruct-2507,cdbee75f17c01a7cc42f958dc650907174af0554
31,heldout,7,59,4,11,answer_position,27.75,22.5,22.75,0.25,True,True,Qwen/Qwen3-4B-Instruct-2507,cdbee75f17c01a7cc42f958dc650907174af0554
31,heldout,7,59,4,11,number_tokens,27.75,22.5,-12.0,-34.5,True,False,Qwen/Qwen3-4B-Instruct-2507,cdbee75f17c01a7cc42f958dc650907174af0554
31,heldout,7,59,4,11,random_positions,27.75,22.5,22.5,0.0,True,True,Qwen/Qwen3-4B-Instruct-2507,cdbee75f17c01a7cc42f958dc650907174af0554
31,heldout,7,59,4,12,answer_position,27.75,22.5,22.5,0.0,True,True,Qwen/Qwen3-4B-Instruct-2507,cdbee75f17c01a7cc42f958dc650907174af0554
31,heldout,7,59,4,12,number_tokens,27.75,22.5,0.5,-22.0,True,True,Qwen/Qwen3-4B-Instruct-2507,cdbee75f17c01a7cc42f958dc650907174af0554
31,heldout,7,59,4,12,random_positions,27.75,22.5,22.5,0.0,True,True,Qwen/Qwen3-4B-Instruct-2507,cdbee75f17c01a7cc42f958dc650907174af0554
31,heldout,7,59,4,13,answer_position,27.75,22.5,22.5,0.0,True,True,Qwen/Qwen3-4B-Instruct-2507,cdbee75f17c01a7cc42f958dc650907174af0554
31,heldout,7,59,4,13,number_tokens,27.75,22.5,16.5,-6.0,True,True,Qwen/Qwen3-4B-Instruct-2507,cdbee75f17c01a7cc42f958dc650907174af0554
31,heldout,7,59,4,13,random_positions,27.75,22.5,22.25,-0.25,True,True,Qwen/Qwen3-4B-Instruct-2507,cdbee75f17c01a7cc42f958dc650907174af0554
31,heldout,7,59,4,14,answer_position,27.75,22.5,22.5,0.0,True,True,Qwen/Qwen3-4B-Instruct-2507,cdbee75f17c01a7cc42f958dc650907174af0554
31,heldout,7,59,4,14,number_tokens,27.75,22.5,22.0,-0.5,True,True,Qwen/Qwen3-4B-Instruct-2507,cdbee75f17c01a7cc42f958dc650907174af0554
31,heldout,7,59,4,14,random_positions,27.75,22.5,22.75,0.25,True,True,Qwen/Qwen3-4B-Instruct-2507,cdbee75f17c01a7cc42f958dc650907174af0554
31,heldout,7,59,4,15,answer_position,27.75,22.5,22.5,0.0,True,True,Qwen/Qwen3-4B-Instruct-2507,cdbee75f17c01a7cc42f958dc650907174af0554
31,heldout,7,59,4,15,number_tokens,27.75,22.5,25.125,2.625,True,True,Qwen/Qwen3-4B-Instruct-2507,cdbee75f17c01a7cc42f958dc650907174af0554
31,heldout,7,59,4,15,random_positions,27.75,22.5,22.5,0.0,True,True,Qwen/Qwen3-4B-Instruct-2507,cdbee75f17c01a7cc42f958dc650907174af0554
31,heldout,7,59,4,16,answer_position,27.75,22.5,22.75,0.25,True,True,Qwen/Qwen3-4B-Instruct-2507,cdbee75f17c01a7cc42f958dc650907174af0554
31,heldout,7,59,4,16,number_tokens,27.75,22.5,24.875,2.375,True,True,Qwen/Qwen3-4B-Instruct-2507,cdbee75f17c01a7cc42f958dc650907174af0554
31,heldout,7,59,4,16,random_positions,27.75,22.5,22.25,-0.25,True,True,Qwen/Qwen3-4B-Instruct-2507,cdbee75f17c01a7cc42f958dc650907174af0554
31,heldout,7,59,4,17,answer_position,27.75,22.5,22.25,-0.25,True,True,Qwen/Qwen3-4B-Instruct-2507,cdbee75f17c01a7cc42f958dc650907174af0554
31,heldout,7,59,4,17,number_tokens,27.75,22.5,23.875,1.375,True,True,Qwen/Qwen3-4B-Instruct-2507,cdbee75f17c01a7cc42f958dc650907174af0554
31,heldout,7,59,4,17,random_positions,27.75,22.5,22.5,0.0,True,True,Qwen/Qwen3-4B-Instruct-2507,cdbee75f17c01a7cc42f958dc650907174af0554
31,heldout,7,59,4,18,answer_position,27.75,22.5,22.75,0.25,True,True,Qwen/Qwen3-4B-Instruct-2507,cdbee75f17c01a7cc42f958dc650907174af0554
31,heldout,7,59,4,18,number_tokens,27.75,22.5,22.5,0.0,True,True,Qwen/Qwen3-4B-Instruct-2507,cdbee75f17c01a7cc42f958dc650907174af0554
31,heldout,7,59,4,18,random_positions,27.75,22.5,23.0,0.5,True,True,Qwen/Qwen3-4B-Instruct-2507,cdbee75f17c01a7cc42f958dc650907174af0554
31,heldout,7,59,4,19,answer_position,27.75,22.5,23.25,0.75,True,True,Qwen/Qwen3-4B-Instruct-2507,cdbee75f17c01a7cc42f958dc650907174af0554
31,heldout,7,59,4,19,number_tokens,27.75,22.5,21.5,-1.0,True,True,Qwen/Qwen3-4B-Instruct-2507,cdbee75f17c01a7cc42f958dc650907174af0554
31,heldout,7,59,4,19,random_positions,27.75,22.5,23.5,1.0,True,True,Qwen/Qwen3-4B-Instruct-2507,cdbee75f17c01a7cc42f958dc650907174af0554
31,heldout,7,59,4,20,answer_position,27.75,22.5,24.0,1.5,True,True,Qwen/Qwen3-4B-Instruct-2507,cdbee75f17c01a7cc42f958dc650907174af0554
31,heldout,7,59,4,20,number_tokens,27.75,22.5,22.25,-0.25,True,True,Qwen/Qwen3-4B-Instruct-2507,cdbee75f17c01a7cc42f958dc650907174af0554
31,heldout,7,59,4,20,random_positions,27.75,22.5,23.75,1.25,True,True,Qwen/Qwen3-4B-Instruct-2507,cdbee75f17c01a7cc42f958dc650907174af0554
31,heldout,7,59,4,21,answer_position,27.75,22.5,26.125,3.625,True,True,Qwen/Qwen3-4B-Instruct-2507,cdbee75f17c01a7cc42f958dc650907174af0554
31,heldout,7,59,4,21,number_tokens,27.75,22.5,22.25,-0.25,True,True,Qwen/Qwen3-4B-Instruct-2507,cdbee75f17c01a7cc42f958dc650907174af0554
31,heldout,7,59,4,21,random_positions,27.75,22.5,23.75,1.25,True,True,Qwen/Qwen3-4B-Instruct-2507,cdbee75f17c01a7cc42f958dc650907174af0554
31,heldout,7,59,4,22,answer_position,27.75,22.5,26.5,4.0,True,True,Qwen/Qwen3-4B-Instruct-2507,cdbee75f17c01a7cc42f958dc650907174af0554
31,heldout,7,59,4,22,number_tokens,27.75,22.5,22.25,-0.25,True,True,Qwen/Qwen3-4B-Instruct-2507,cdbee75f17c01a7cc42f958dc650907174af0554
31,heldout,7,59,4,22,random_positions,27.75,22.5,23.5,1.0,True,True,Qwen/Qwen3-4B-Instruct-2507,cdbee75f17c01a7cc42f958dc650907174af0554
31,heldout,7,59,4,23,answer_position,27.75,22.5,26.25,3.75,True,True,Qwen/Qwen3-4B-Instruct-2507,cdbee75f17c01a7cc42f958dc650907174af0554
31,heldout,7,59,4,23,number_tokens,27.75,22.5,22.25,-0.25,True,True,Qwen/Qwen3-4B-Instruct-2507,cdbee75f17c01a7cc42f958dc650907174af0554
31,heldout,7,59,4,23,random_positions,27.75,22.5,23.75,1.25,True,True,Qwen/Qwen3-4B-Instruct-2507,cdbee75f17c01a7cc42f958dc650907174af0554
31,heldout,7,59,4,24,answer_position,27.75,22.5,27.5,5.0,True,True,Qwen/Qwen3-4B-Instruct-2507,cdbee75f17c01a7cc42f958dc650907174af0554
31,heldout,7,59,4,24,number_tokens,27.75,22.5,22.5,0.0,True,True,Qwen/Qwen3-4B-Instruct-2507,cdbee75f17c01a7cc42f958dc650907174af0554
31,heldout,7,59,4,24,random_positions,27.75,22.5,23.5,1.0,True,True,Qwen/Qwen3-4B-Instruct-2507,cdbee75f17c01a7cc42f958dc650907174af0554
31,heldout,7,59,4,25,answer_position,27.75,22.5,27.125,4.625,True,True,Qwen/Qwen3-4B-Instruct-2507,cdbee75f17c01a7cc42f958dc650907174af0554
31,heldout,7,59,4,25,number_tokens,27.75,22.5,22.5,0.0,True,True,Qwen/Qwen3-4B-Instruct-2507,cdbee75f17c01a7cc42f958dc650907174af0554
31,heldout,7,59,4,25,random_positions,27.75,22.5,23.75,1.25,True,True,Qwen/Qwen3-4B-Instruct-2507,cdbee75f17c01a7cc42f958dc650907174af0554
31,heldout,7,59,4,26,answer_position,27.75,22.5,26.875,4.375,True,True,Qwen/Qwen3-4B-Instruct-2507,cdbee75f17c01a7cc42f958dc650907174af0554
31,heldout,7,59,4,26,number_tokens,27.75,22.5,22.5,0.0,True,True,Qwen/Qwen3-4B-Instruct-2507,cdbee75f17c01a7cc42f958dc650907174af0554
31,heldout,7,59,4,26,random_positions,27.75,22.5,23.5,1.0,True,True,Qwen/Qwen3-4B-Instruct-2507,cdbee75f17c01a7cc42f958dc650907174af0554
31,heldout,7,59,4,27,answer_position,27.75,22.5,27.0,4.5,True,True,Qwen/Qwen3-4B-Instruct-2507,cdbee75f17c01a7cc42f958dc650907174af0554
31,heldout,7,59,4,27,number_tokens,27.75,22.5,22.5,0.0,True,True,Qwen/Qwen3-4B-Instruct-2507,cdbee75f17c01a7cc42f958dc650907174af0554
31,heldout,7,59,4,27,random_positions,27.75,22.5,23.5,1.0,True,True,Qwen/Qwen3-4B-Instruct-2507,cdbee75f17c01a7cc42f958dc650907174af0554
31,heldout,7,59,4,28,answer_position,27.75,22.5,27.0,4.5,True,True,Qwen/Qwen3-4B-Instruct-2507,cdbee75f17c01a7cc42f958dc650907174af0554
31,heldout,7,59,4,28,number_tokens,27.75,22.5,22.5,0.0,True,True,Qwen/Qwen3-4B-Instruct-2507,cdbee75f17c01a7cc42f958dc650907174af0554
31,heldout,7,59,4,28,random_positions,27.75,22.5,23.25,0.75,True,True,Qwen/Qwen3-4B-Instruct-2507,cdbee75f17c01a7cc42f958dc650907174af0554
31,heldout,7,59,4,29,answer_position,27.75,22.5,27.125,4.625,True,True,Qwen/Qwen3-4B-Instruct-2507,cdbee75f17c01a7cc42f958dc650907174af0554
31,heldout,7,59,4,29,number_tokens,27.75,22.5,22.5,0.0,True,True,Qwen/Qwen3-4B-Instruct-2507,cdbee75f17c01a7cc42f958dc650907174af0554
31,heldout,7,59,4,29,random_positions,27.75,22.5,23.25,0.75,True,True,Qwen/Qwen3-4B-Instruct-2507,cdbee75f17c01a7cc42f958dc650907174af0554
31,heldout,7,59,4,30,answer_position,27.75,22.5,27.125,4.625,True,True,Qwen/Qwen3-4B-Instruct-2507,cdbee75f17c01a7cc42f958dc650907174af0554
31,heldout,7,59,4,30,number_tokens,27.75,22.5,22.5,0.0,True,True,Qwen/Qwen3-4B-Instruct-2507,cdbee75f17c01a7cc42f958dc650907174af0554
31,heldout,7,59,4,30,random_positions,27.75,22.5,23.25,0.75,True,True,Qwen/Qwen3-4B-Instruct-2507,cdbee75f17c01a7cc42f958dc650907174af0554
31,heldout,7,59,4,31,answer_position,27.75,22.5,27.125,4.625,True,True,Qwen/Qwen3-4B-Instruct-2507,cdbee75f17c01a7cc42f958dc650907174af0554
31,heldout,7,59,4,31,number_tokens,27.75,22.5,22.5,0.0,True,True,Qwen/Qwen3-4B-Instruct-2507,cdbee75f17c01a7cc42f958dc650907174af0554
31,heldout,7,59,4,31,random_positions,27.75,22.5,23.25,0.75,True,True,Qwen/Qwen3-4B-Instruct-2507,cdbee75f17c01a7cc42f958dc650907174af0554
31,heldout,7,59,4,32,answer_position,27.75,22.5,27.25,4.75,True,True,Qwen/Qwen3-4B-Instruct-2507,cdbee75f17c01a7cc42f958dc650907174af0554
31,heldout,7,59,4,32,number_tokens,27.75,22.5,22.5,0.0,True,True,Qwen/Qwen3-4B-Instruct-2507,cdbee75f17c01a7cc42f958dc650907174af0554
31,heldout,7,59,4,32,random_positions,27.75,22.5,23.5,1.0,True,True,Qwen/Qwen3-4B-Instruct-2507,cdbee75f17c01a7cc42f958dc650907174af0554
31,heldout,7,59,4,33,answer_position,27.75,22.5,27.25,4.75,True,True,Qwen/Qwen3-4B-Instruct-2507,cdbee75f17c01a7cc42f958dc650907174af0554
31,heldout,7,59,4,33,number_tokens,27.75,22.5,22.5,0.0,True,True,Qwen/Qwen3-4B-Instruct-2507,cdbee75f17c01a7cc42f958dc650907174af0554
31,heldout,7,59,4,33,random_positions,27.75,22.5,23.25,0.75,True,True,Qwen/Qwen3-4B-Instruct-2507,cdbee75f17c01a7cc42f958dc650907174af0554
31,heldout,7,59,4,34,answer_position,27.75,22.5,27.25,4.75,True,True,Qwen/Qwen3-4B-Instruct-2507,cdbee75f17c01a7cc42f958dc650907174af0554
31,heldout,7,59,4,34,number_tokens,27.75,22.5,22.5,0.0,True,True,Qwen/Qwen3-4B-Instruct-2507,cdbee75f17c01a7cc42f958dc650907174af0554
31,heldout,7,59,4,34,random_positions,27.75,22.5,23.25,0.75,True,True,Qwen/Qwen3-4B-Instruct-2507,cdbee75f17c01a7cc42f958dc650907174af0554
31,heldout,7,59,4,35,answer_position,27.75,22.5,27.75,5.25,True,True,Qwen/Qwen3-4B-Instruct-2507,cdbee75f17c01a7cc42f958dc650907174af0554
31,heldout,7,59,4,35,number_tokens,27.75,22.5,22.5,0.0,True,True,Qwen/Qwen3-4B-Instruct-2507,cdbee75f17c01a7cc42f958dc650907174af0554
31,heldout,7,59,4,35,random_positions,27.75,22.5,22.5,0.0,True,True,Qwen/Qwen3-4B-Instruct-2507,cdbee75f17c01a7cc42f958dc650907174af0554
32,heldout,7,60,2,0,answer_position,27.25,20.75,21.0,0.25,True,True,Qwen/Qwen3-4B-Instruct-2507,cdbee75f17c01a7cc42f958dc650907174af0554
32,heldout,7,60,2,0,number_tokens,27.25,20.75,21.25,0.5,True,True,Qwen/Qwen3-4B-Instruct-2507,cdbee75f17c01a7cc42f958dc650907174af0554
32,heldout,7,60,2,0,random_positions,27.25,20.75,20.75,0.0,True,True,Qwen/Qwen3-4B-Instruct-2507,cdbee75f17c01a7cc42f958dc650907174af0554
32,heldout,7,60,2,1,answer_position,27.25,20.75,21.0,0.25,True,True,Qwen/Qwen3-4B-Instruct-2507,cdbee75f17c01a7cc42f958dc650907174af0554
32,heldout,7,60,2,1,number_tokens,27.25,20.75,22.0,1.25,True,True,Qwen/Qwen3-4B-Instruct-2507,cdbee75f17c01a7cc42f958dc650907174af0554
32,heldout,7,60,2,1,random_positions,27.25,20.75,21.0,0.25,True,True,Qwen/Qwen3-4B-Instruct-2507,cdbee75f17c01a7cc42f958dc650907174af0554
32,heldout,7,60,2,2,answer_position,27.25,20.75,20.75,0.0,True,True,Qwen/Qwen3-4B-Instruct-2507,cdbee75f17c01a7cc42f958dc650907174af0554
32,heldout,7,60,2,2,number_tokens,27.25,20.75,22.75,2.0,True,True,Qwen/Qwen3-4B-Instruct-2507,cdbee75f17c01a7cc42f958dc650907174af0554
32,heldout,7,60,2,2,random_positions,27.25,20.75,21.0,0.25,True,True,Qwen/Qwen3-4B-Instruct-2507,cdbee75f17c01a7cc42f958dc650907174af0554
32,heldout,7,60,2,3,answer_position,27.25,20.75,20.75,0.0,True,True,Qwen/Qwen3-4B-Instruct-2507,cdbee75f17c01a7cc42f958dc650907174af0554
32,heldout,7,60,2,3,number_tokens,27.25,20.75,13.5,-7.25,True,True,Qwen/Qwen3-4B-Instruct-2507,cdbee75f17c01a7cc42f958dc650907174af0554
32,heldout,7,60,2,3,random_positions,27.25,20.75,21.0,0.25,True,True,Qwen/Qwen3-4B-Instruct-2507,cdbee75f17c01a7cc42f958dc650907174af0554
32,heldout,7,60,2,4,answer_position,27.25,20.75,21.0,0.25,True,True,Qwen/Qwen3-4B-Instruct-2507,cdbee75f17c01a7cc42f958dc650907174af0554
32,heldout,7,60,2,4,number_tokens,27.25,20.75,11.5,-9.25,True,True,Qwen/Qwen3-4B-Instruct-2507,cdbee75f17c01a7cc42f958dc650907174af0554
32,heldout,7,60,2,4,random_positions,27.25,20.75,20.75,0.0,True,True,Qwen/Qwen3-4B-Instruct-2507,cdbee75f17c01a7cc42f958dc650907174af0554
32,heldout,7,60,2,5,answer_position,27.25,20.75,20.75,0.0,True,True,Qwen/Qwen3-4B-Instruct-2507,cdbee75f17c01a7cc42f958dc650907174af0554
32,heldout,7,60,2,5,number_tokens,27.25,20.75,-6.75,-27.5,True,False,Qwen/Qwen3-4B-Instruct-2507,cdbee75f17c01a7cc42f958dc650907174af0554
32,heldout,7,60,2,5,random_positions,27.25,20.75,21.0,0.25,True,True,Qwen/Qwen3-4B-Instruct-2507,cdbee75f17c01a7cc42f958dc650907174af0554
32,heldout,7,60,2,6,answer_position,27.25,20.75,21.0,0.25,True,True,Qwen/Qwen3-4B-Instruct-2507,cdbee75f17c01a7cc42f958dc650907174af0554
32,heldout,7,60,2,6,number_tokens,27.25,20.75,-6.25,-27.0,True,False,Qwen/Qwen3-4B-Instruct-2507,cdbee75f17c01a7cc42f958dc650907174af0554
32,heldout,7,60,2,6,random_positions,27.25,20.75,21.25,0.5,True,True,Qwen/Qwen3-4B-Instruct-2507,cdbee75f17c01a7cc42f958dc650907174af0554
32,heldout,7,60,2,7,answer_position,27.25,20.75,20.75,0.0,True,True,Qwen/Qwen3-4B-Instruct-2507,cdbee75f17c01a7cc42f958dc650907174af0554
32,heldout,7,60,2,7,number_tokens,27.25,20.75,-9.5,-30.25,True,False,Qwen/Qwen3-4B-Instruct-2507,cdbee75f17c01a7cc42f958dc650907174af0554
32,heldout,7,60,2,7,random_positions,27.25,20.75,21.25,0.5,True,True,Qwen/Qwen3-4B-Instruct-2507,cdbee75f17c01a7cc42f958dc650907174af0554
32,heldout,7,60,2,8,answer_position,27.25,20.75,20.5,-0.25,True,True,Qwen/Qwen3-4B-Instruct-2507,cdbee75f17c01a7cc42f958dc650907174af0554
32,heldout,7,60,2,8,number_tokens,27.25,20.75,-4.0,-24.75,True,False,Qwen/Qwen3-4B-Instruct-2507,cdbee75f17c01a7cc42f958dc650907174af0554
32,heldout,7,60,2,8,random_positions,27.25,20.75,20.75,0.0,True,True,Qwen/Qwen3-4B-Instruct-2507,cdbee75f17c01a7cc42f958dc650907174af0554
32,heldout,7,60,2,9,answer_position,27.25,20.75,20.75,0.0,True,True,Qwen/Qwen3-4B-Instruct-2507,cdbee75f17c01a7cc42f958dc650907174af0554
32,heldout,7,60,2,9,number_tokens,27.25,20.75,-9.25,-30.0,True,False,Qwen/Qwen3-4B-Instruct-2507,cdbee75f17c01a7cc42f958dc650907174af0554
32,heldout,7,60,2,9,random_positions,27.25,20.75,21.75,1.0,True,True,Qwen/Qwen3-4B-Instruct-2507,cdbee75f17c01a7cc42f958dc650907174af0554
32,heldout,7,60,2,10,answer_position,27.25,20.75,21.0,0.25,True,True,Qwen/Qwen3-4B-Instruct-2507,cdbee75f17c01a7cc42f958dc650907174af0554
32,heldout,7,60,2,10,number_tokens,27.25,20.75,-8.0,-28.75,True,False,Qwen/Qwen3-4B-Instruct-2507,cdbee75f17c01a7cc42f958dc650907174af0554
32,heldout,7,60,2,10,random_positions,27.25,20.75,22.25,1.5,True,True,Qwen/Qwen3-4B-Instruct-2507,cdbee75f17c01a7cc42f958dc650907174af0554
32,heldout,7,60,2,11,answer_position,27.25,20.75,20.75,0.0,True,True,Qwen/Qwen3-4B-Instruct-2507,cdbee75f17c01a7cc42f958dc650907174af0554
32,heldout,7,60,2,11,number_tokens,27.25,20.75,-18.0,-38.75,True,False,Qwen/Qwen3-4B-Instruct-2507,cdbee75f17c01a7cc42f958dc650907174af0554
32,heldout,7,60,2,11,random_positions,27.25,20.75,22.25,1.5,True,True,Qwen/Qwen3-4B-Instruct-2507,cdbee75f17c01a7cc42f958dc650907174af0554
32,heldout,7,60,2,12,answer_position,27.25,20.75,21.0,0.25,True,True,Qwen/Qwen3-4B-Instruct-2507,cdbee75f17c01a7cc42f958dc650907174af0554
32,heldout,7,60,2,12,number_tokens,27.25,20.75,-8.75,-29.5,True,False,Qwen/Qwen3-4B-Instruct-2507,cdbee75f17c01a7cc42f958dc650907174af0554
32,heldout,7,60,2,12,random_positions,27.25,20.75,22.75,2.0,True,True,Qwen/Qwen3-4B-Instruct-2507,cdbee75f17c01a7cc42f958dc650907174af0554
32,heldout,7,60,2,13,answer_position,27.25,20.75,20.75,0.0,True,True,Qwen/Qwen3-4B-Instruct-2507,cdbee75f17c01a7cc42f958dc650907174af0554
32,heldout,7,60,2,13,number_tokens,27.25,20.75,9.0,-11.75,True,True,Qwen/Qwen3-4B-Instruct-2507,cdbee75f17c01a7cc42f958dc650907174af0554
32,heldout,7,60,2,13,random_positions,27.25,20.75,22.75,2.0,True,True,Qwen/Qwen3-4B-Instruct-2507,cdbee75f17c01a7cc42f958dc650907174af0554
32,heldout,7,60,2,14,answer_position,27.25,20.75,20.75,0.0,True,True,Qwen/Qwen3-4B-Instruct-2507,cdbee75f17c01a7cc42f958dc650907174af0554
32,heldout,7,60,2,14,number_tokens,27.25,20.75,21.25,0.5,True,True,Qwen/Qwen3-4B-Instruct-2507,cdbee75f17c01a7cc42f958dc650907174af0554
32,heldout,7,60,2,14,random_positions,27.25,20.75,23.5,2.75,True,True,Qwen/Qwen3-4B-Instruct-2507,cdbee75f17c01a7cc42f958dc650907174af0554
32,heldout,7,60,2,15,answer_position,27.25,20.75,20.75,0.0,True,True,Qwen/Qwen3-4B-Instruct-2507,cdbee75f17c01a7cc42f958dc650907174af0554
32,heldout,7,60,2,15,number_tokens,27.25,20.75,24.75,4.0,True,True,Qwen/Qwen3-4B-Instruct-2507,cdbee75f17c01a7cc42f958dc650907174af0554
32,heldout,7,60,2,15,random_positions,27.25,20.75,23.375,2.625,True,True,Qwen/Qwen3-4B-Instruct-2507,cdbee75f17c01a7cc42f958dc650907174af0554
32,heldout,7,60,2,16,answer_position,27.25,20.75,21.0,0.25,True,True,Qwen/Qwen3-4B-Instruct-2507,cdbee75f17c01a7cc42f958dc650907174af0554
32,heldout,7,60,2,16,number_tokens,27.25,20.75,25.25,4.5,True,True,Qwen/Qwen3-4B-Instruct-2507,cdbee75f17c01a7cc42f958dc650907174af0554
32,heldout,7,60,2,16,random_positions,27.25,20.75,24.125,3.375,True,True,Qwen/Qwen3-4B-Instruct-2507,cdbee75f17c01a7cc42f958dc650907174af0554
32,heldout,7,60,2,17,answer_position,27.25,20.75,20.5,-0.25,True,True,Qwen/Qwen3-4B-Instruct-2507,cdbee75f17c01a7cc42f958dc650907174af0554
32,heldout,7,60,2,17,number_tokens,27.25,20.75,24.375,3.625,True,True,Qwen/Qwen3-4B-Instruct-2507,cdbee75f17c01a7cc42f958dc650907174af0554
32,heldout,7,60,2,17,random_positions,27.25,20.75,23.625,2.875,True,True,Qwen/Qwen3-4B-Instruct-2507,cdbee75f17c01a7cc42f958dc650907174af0554
32,heldout,7,60,2,18,answer_position,27.25,20.75,20.75,0.0,True,True,Qwen/Qwen3-4B-Instruct-2507,cdbee75f17c01a7cc42f958dc650907174af0554
32,heldout,7,60,2,18,number_tokens,27.25,20.75,21.25,0.5,True,True,Qwen/Qwen3-4B-Instruct-2507,cdbee75f17c01a7cc42f958dc650907174af0554
32,heldout,7,60,2,18,random_positions,27.25,20.75,24.75,4.0,True,True,Qwen/Qwen3-4B-Instruct-2507,cdbee75f17c01a7cc42f958dc650907174af0554
32,heldout,7,60,2,19,answer_position,27.25,20.75,22.5,1.75,True,True,Qwen/Qwen3-4B-Instruct-2507,cdbee75f17c01a7cc42f958dc650907174af0554
32,heldout,7,60,2,19,number_tokens,27.25,20.75,19.0,-1.75,True,True,Qwen/Qwen3-4B-Instruct-2507,cdbee75f17c01a7cc42f958dc650907174af0554
32,heldout,7,60,2,19,random_positions,27.25,20.75,24.375,3.625,True,True,Qwen/Qwen3-4B-Instruct-2507,cdbee75f17c01a7cc42f958dc650907174af0554
32,heldout,7,60,2,20,answer_position,27.25,20.75,22.75,2.0,True,True,Qwen/Qwen3-4B-Instruct-2507,cdbee75f17c01a7cc42f958dc650907174af0554
32,heldout,7,60,2,20,number_tokens,27.25,20.75,20.25,-0.5,True,True,Qwen/Qwen3-4B-Instruct-2507,cdbee75f17c01a7cc42f958dc650907174af0554
32,heldout,7,60,2,20,random_positions,27.25,20.75,23.875,3.125,True,True,Qwen/Qwen3-4B-Instruct-2507,cdbee75f17c01a7cc42f958dc650907174af0554
32,heldout,7,60,2,21,answer_position,27.25,20.75,25.125,4.375,True,True,Qwen/Qwen3-4B-Instruct-2507,cdbee75f17c01a7cc42f958dc650907174af0554
32,heldout,7,60,2,21,number_tokens,27.25,20.75,20.0,-0.75,True,True,Qwen/Qwen3-4B-Instruct-2507,cdbee75f17c01a7cc42f958dc650907174af0554
32,heldout,7,60,2,21,random_positions,27.25,20.75,22.25,1.5,True,True,Qwen/Qwen3-4B-Instruct-2507,cdbee75f17c01a7cc42f958dc650907174af0554
32,heldout,7,60,2,22,answer_position,27.25,20.75,25.75,5.0,True,True,Qwen/Qwen3-4B-Instruct-2507,cdbee75f17c01a7cc42f958dc650907174af0554
32,heldout,7,60,2,22,number_tokens,27.25,20.75,20.0,-0.75,True,True,Qwen/Qwen3-4B-Instruct-2507,cdbee75f17c01a7cc42f958dc650907174af0554
32,heldout,7,60,2,22,random_positions,27.25,20.75,21.75,1.0,True,True,Qwen/Qwen3-4B-Instruct-2507,cdbee75f17c01a7cc42f958dc650907174af0554
32,heldout,7,60,2,23,answer_position,27.25,20.75,25.625,4.875,True,True,Qwen/Qwen3-4B-Instruct-2507,cdbee75f17c01a7cc42f958dc650907174af0554
32,heldout,7,60,2,23,number_tokens,27.25,20.75,20.25,-0.5,True,True,Qwen/Qwen3-4B-Instruct-2507,cdbee75f17c01a7cc42f958dc650907174af0554
32,heldout,7,60,2,23,random_positions,27.25,20.75,22.0,1.25,True,True,Qwen/Qwen3-4B-Instruct-2507,cdbee75f17c01a7cc42f958dc650907174af0554
32,heldout,7,60,2,24,answer_position,27.25,20.75,26.625,5.875,True,True,Qwen/Qwen3-4B-Instruct-2507,cdbee75f17c01a7cc42f958dc650907174af0554
32,heldout,7,60,2,24,number_tokens,27.25,20.75,20.75,0.0,True,True,Qwen/Qwen3-4B-Instruct-2507,cdbee75f17c01a7cc42f958dc650907174af0554
32,heldout,7,60,2,24,random_positions,27.25,20.75,21.0,0.25,True,True,Qwen/Qwen3-4B-Instruct-2507,cdbee75f17c01a7cc42f958dc650907174af0554
32,heldout,7,60,2,25,answer_position,27.25,20.75,26.25,5.5,True,True,Qwen/Qwen3-4B-Instruct-2507,cdbee75f17c01a7cc42f958dc650907174af0554
32,heldout,7,60,2,25,number_tokens,27.25,20.75,20.5,-0.25,True,True,Qwen/Qwen3-4B-Instruct-2507,cdbee75f17c01a7cc42f958dc650907174af0554
32,heldout,7,60,2,25,random_positions,27.25,20.75,21.0,0.25,True,True,Qwen/Qwen3-4B-Instruct-2507,cdbee75f17c01a7cc42f958dc650907174af0554
32,heldout,7,60,2,26,answer_position,27.25,20.75,26.5,5.75,True,True,Qwen/Qwen3-4B-Instruct-2507,cdbee75f17c01a7cc42f958dc650907174af0554
32,heldout,7,60,2,26,number_tokens,27.25,20.75,20.5,-0.25,True,True,Qwen/Qwen3-4B-Instruct-2507,cdbee75f17c01a7cc42f958dc650907174af0554
32,heldout,7,60,2,26,random_positions,27.25,20.75,21.0,0.25,True,True,Qwen/Qwen3-4B-Instruct-2507,cdbee75f17c01a7cc42f958dc650907174af0554
32,heldout,7,60,2,27,answer_position,27.25,20.75,26.25,5.5,True,True,Qwen/Qwen3-4B-Instruct-2507,cdbee75f17c01a7cc42f958dc650907174af0554
32,heldout,7,60,2,27,number_tokens,27.25,20.75,21.0,0.25,True,True,Qwen/Qwen3-4B-Instruct-2507,cdbee75f17c01a7cc42f958dc650907174af0554
32,heldout,7,60,2,27,random_positions,27.25,20.75,21.0,0.25,True,True,Qwen/Qwen3-4B-Instruct-2507,cdbee75f17c01a7cc42f958dc650907174af0554
32,heldout,7,60,2,28,answer_position,27.25,20.75,26.5,5.75,True,True,Qwen/Qwen3-4B-Instruct-2507,cdbee75f17c01a7cc42f958dc650907174af0554
32,heldout,7,60,2,28,number_tokens,27.25,20.75,20.75,0.0,True,True,Qwen/Qwen3-4B-Instruct-2507,cdbee75f17c01a7cc42f958dc650907174af0554
32,heldout,7,60,2,28,random_positions,27.25,20.75,21.0,0.25,True,True,Qwen/Qwen3-4B-Instruct-2507,cdbee75f17c01a7cc42f958dc650907174af0554
32,heldout,7,60,2,29,answer_position,27.25,20.75,26.5,5.75,True,True,Qwen/Qwen3-4B-Instruct-2507,cdbee75f17c01a7cc42f958dc650907174af0554
32,heldout,7,60,2,29,number_tokens,27.25,20.75,21.0,0.25,True,True,Qwen/Qwen3-4B-Instruct-2507,cdbee75f17c01a7cc42f958dc650907174af0554
32,heldout,7,60,2,29,random_positions,27.25,20.75,21.0,0.25,True,True,Qwen/Qwen3-4B-Instruct-2507,cdbee75f17c01a7cc42f958dc650907174af0554
32,heldout,7,60,2,30,answer_position,27.25,20.75,26.5,5.75,True,True,Qwen/Qwen3-4B-Instruct-2507,cdbee75f17c01a7cc42f958dc650907174af0554
32,heldout,7,60,2,30,number_tokens,27.25,20.75,20.75,0.0,True,True,Qwen/Qwen3-4B-Instruct-2507,cdbee75f17c01a7cc42f958dc650907174af0554
32,heldout,7,60,2,30,random_positions,27.25,20.75,20.75,0.0,True,True,Qwen/Qwen3-4B-Instruct-2507,cdbee75f17c01a7cc42f958dc650907174af0554
32,heldout,7,60,2,31,answer_position,27.25,20.75,26.75,6.0,True,True,Qwen/Qwen3-4B-Instruct-2507,cdbee75f17c01a7cc42f958dc650907174af0554
32,heldout,7,60,2,31,number_tokens,27.25,20.75,21.0,0.25,True,True,Qwen/Qwen3-4B-Instruct-2507,cdbee75f17c01a7cc42f958dc650907174af0554
32,heldout,7,60,2,31,random_positions,27.25,20.75,20.75,0.0,True,True,Qwen/Qwen3-4B-Instruct-2507,cdbee75f17c01a7cc42f958dc650907174af0554
32,heldout,7,60,2,32,answer_position,27.25,20.75,26.75,6.0,True,True,Qwen/Qwen3-4B-Instruct-2507,cdbee75f17c01a7cc42f958dc650907174af0554
32,heldout,7,60,2,32,number_tokens,27.25,20.75,20.75,0.0,True,True,Qwen/Qwen3-4B-Instruct-2507,cdbee75f17c01a7cc42f958dc650907174af0554
32,heldout,7,60,2,32,random_positions,27.25,20.75,21.0,0.25,True,True,Qwen/Qwen3-4B-Instruct-2507,cdbee75f17c01a7cc42f958dc650907174af0554
32,heldout,7,60,2,33,answer_position,27.25,20.75,26.75,6.0,True,True,Qwen/Qwen3-4B-Instruct-2507,cdbee75f17c01a7cc42f958dc650907174af0554
32,heldout,7,60,2,33,number_tokens,27.25,20.75,20.75,0.0,True,True,Qwen/Qwen3-4B-Instruct-2507,cdbee75f17c01a7cc42f958dc650907174af0554
32,heldout,7,60,2,33,random_positions,27.25,20.75,21.0,0.25,True,True,Qwen/Qwen3-4B-Instruct-2507,cdbee75f17c01a7cc42f958dc650907174af0554
32,heldout,7,60,2,34,answer_position,27.25,20.75,26.875,6.125,True,True,Qwen/Qwen3-4B-Instruct-2507,cdbee75f17c01a7cc42f958dc650907174af0554
32,heldout,7,60,2,34,number_tokens,27.25,20.75,20.75,0.0,True,True,Qwen/Qwen3-4B-Instruct-2507,cdbee75f17c01a7cc42f958dc650907174af0554
32,heldout,7,60,2,34,random_positions,27.25,20.75,21.0,0.25,True,True,Qwen/Qwen3-4B-Instruct-2507,cdbee75f17c01a7cc42f958dc650907174af0554
32,heldout,7,60,2,35,answer_position,27.25,20.75,27.25,6.5,True,True,Qwen/Qwen3-4B-Instruct-2507,cdbee75f17c01a7cc42f958dc650907174af0554
32,heldout,7,60,2,35,number_tokens,27.25,20.75,20.75,0.0,True,True,Qwen/Qwen3-4B-Instruct-2507,cdbee75f17c01a7cc42f958dc650907174af0554
32,heldout,7,60,2,35,random_positions,27.25,20.75,20.75,0.0,True,True,Qwen/Qwen3-4B-Instruct-2507,cdbee75f17c01a7cc42f958dc650907174af0554
33,heldout,7,61,3,0,answer_position,28.125,24.875,24.875,0.0,True,True,Qwen/Qwen3-4B-Instruct-2507,cdbee75f17c01a7cc42f958dc650907174af0554
33,heldout,7,61,3,0,number_tokens,28.125,24.875,24.625,-0.25,True,True,Qwen/Qwen3-4B-Instruct-2507,cdbee75f17c01a7cc42f958dc650907174af0554
33,heldout,7,61,3,0,random_positions,28.125,24.875,25.0,0.125,True,True,Qwen/Qwen3-4B-Instruct-2507,cdbee75f17c01a7cc42f958dc650907174af0554
33,heldout,7,61,3,1,answer_position,28.125,24.875,24.5,-0.375,True,True,Qwen/Qwen3-4B-Instruct-2507,cdbee75f17c01a7cc42f958dc650907174af0554
33,heldout,7,61,3,1,number_tokens,28.125,24.875,25.0,0.125,True,True,Qwen/Qwen3-4B-Instruct-2507,cdbee75f17c01a7cc42f958dc650907174af0554
33,heldout,7,61,3,1,random_positions,28.125,24.875,24.5,-0.375,True,True,Qwen/Qwen3-4B-Instruct-2507,cdbee75f17c01a7cc42f958dc650907174af0554
33,heldout,7,61,3,2,answer_position,28.125,24.875,24.75,-0.125,True,True,Qwen/Qwen3-4B-Instruct-2507,cdbee75f17c01a7cc42f958dc650907174af0554
33,heldout,7,61,3,2,number_tokens,28.125,24.875,25.0,0.125,True,True,Qwen/Qwen3-4B-Instruct-2507,cdbee75f17c01a7cc42f958dc650907174af0554
33,heldout,7,61,3,2,random_positions,28.125,24.875,24.25,-0.625,True,True,Qwen/Qwen3-4B-Instruct-2507,cdbee75f17c01a7cc42f958dc650907174af0554
33,heldout,7,61,3,3,answer_position,28.125,24.875,25.0,0.125,True,True,Qwen/Qwen3-4B-Instruct-2507,cdbee75f17c01a7cc42f958dc650907174af0554
33,heldout,7,61,3,3,number_tokens,28.125,24.875,23.5,-1.375,True,True,Qwen/Qwen3-4B-Instruct-2507,cdbee75f17c01a7cc42f958dc650907174af0554
33,heldout,7,61,3,3,random_positions,28.125,24.875,24.0,-0.875,True,True,Qwen/Qwen3-4B-Instruct-2507,cdbee75f17c01a7cc42f958dc650907174af0554
33,heldout,7,61,3,4,answer_position,28.125,24.875,24.875,0.0,True,True,Qwen/Qwen3-4B-Instruct-2507,cdbee75f17c01a7cc42f958dc650907174af0554
33,heldout,7,61,3,4,number_tokens,28.125,24.875,23.25,-1.625,True,True,Qwen/Qwen3-4B-Instruct-2507,cdbee75f17c01a7cc42f958dc650907174af0554
33,heldout,7,61,3,4,random_positions,28.125,24.875,23.625,-1.25,True,True,Qwen/Qwen3-4B-Instruct-2507,cdbee75f17c01a7cc42f958dc650907174af0554
33,heldout,7,61,3,5,answer_position,28.125,24.875,24.75,-0.125,True,True,Qwen/Qwen3-4B-Instruct-2507,cdbee75f17c01a7cc42f958dc650907174af0554
33,heldout,7,61,3,5,number_tokens,28.125,24.875,20.0,-4.875,True,True,Qwen/Qwen3-4B-Instruct-2507,cdbee75f17c01a7cc42f958dc650907174af0554
33,heldout,7,61,3,5,random_positions,28.125,24.875,22.0,-2.875,True,True,Qwen/Qwen3-4B-Instruct-2507,cdbee75f17c01a7cc42f958dc650907174af0554
33,heldout,7,61,3,6,answer_position,28.125,24.875,24.875,0.0,True,True,Qwen/Qwen3-4B-Instruct-2507,cdbee75f17c01a7cc42f958dc650907174af0554
33,heldout,7,61,3,6,number_tokens,28.125,24.875,21.0,-3.875,True,True,Qwen/Qwen3-4B-Instruct-2507,cdbee75f17c01a7cc42f958dc650907174af0554
33,heldout,7,61,3,6,random_positions,28.125,24.875,24.125,-0.75,True,True,Qwen/Qwen3-4B-Instruct-2507,cdbee75f17c01a7cc42f958dc650907174af0554
33,heldout,7,61,3,7,answer_position,28.125,24.875,24.75,-0.125,True,True,Qwen/Qwen3-4B-Instruct-2507,cdbee75f17c01a7cc42f958dc650907174af0554
33,heldout,7,61,3,7,number_tokens,28.125,24.875,14.25,-10.625,True,True,Qwen/Qwen3-4B-Instruct-2507,cdbee75f17c01a7cc42f958dc650907174af0554
33,heldout,7,61,3,7,random_positions,28.125,24.875,24.125,-0.75,True,True,Qwen/Qwen3-4B-Instruct-2507,cdbee75f17c01a7cc42f958dc650907174af0554
33,heldout,7,61,3,8,answer_position,28.125,24.875,24.75,-0.125,True,True,Qwen/Qwen3-4B-Instruct-2507,cdbee75f17c01a7cc42f958dc650907174af0554
33,heldout,7,61,3,8,number_tokens,28.125,24.875,19.0,-5.875,True,True,Qwen/Qwen3-4B-Instruct-2507,cdbee75f17c01a7cc42f958dc650907174af0554
33,heldout,7,61,3,8,random_positions,28.125,24.875,24.25,-0.625,True,True,Qwen/Qwen3-4B-Instruct-2507,cdbee75f17c01a7cc42f958dc650907174af0554
33,heldout,7,61,3,9,answer_position,28.125,24.875,24.75,-0.125,True,True,Qwen/Qwen3-4B-Instruct-2507,cdbee75f17c01a7cc42f958dc650907174af0554
33,heldout,7,61,3,9,number_tokens,28.125,24.875,3.0,-21.875,True,True,Qwen/Qwen3-4B-Instruct-2507,cdbee75f17c01a7cc42f958dc650907174af0554
33,heldout,7,61,3,9,random_positions,28.125,24.875,24.375,-0.5,True,True,Qwen/Qwen3-4B-Instruct-2507,cdbee75f17c01a7cc42f958dc650907174af0554
33,heldout,7,61,3,10,answer_position,28.125,24.875,24.75,-0.125,True,True,Qwen/Qwen3-4B-Instruct-2507,cdbee75f17c01a7cc42f958dc650907174af0554
33,heldout,7,61,3,10,number_tokens,28.125,24.875,1.75,-23.125,True,True,Qwen/Qwen3-4B-Instruct-2507,cdbee75f17c01a7cc42f958dc650907174af0554
33,heldout,7,61,3,10,random_positions,28.125,24.875,24.625,-0.25,True,True,Qwen/Qwen3-4B-Instruct-2507,cdbee75f17c01a7cc42f958dc650907174af0554
33,heldout,7,61,3,11,answer_position,28.125,24.875,24.875,0.0,True,True,Qwen/Qwen3-4B-Instruct-2507,cdbee75f17c01a7cc42f958dc650907174af0554
33,heldout,7,61,3,11,number_tokens,28.125,24.875,-10.75,-35.625,True,False,Qwen/Qwen3-4B-Instruct-2507,cdbee75f17c01a7cc42f958dc650907174af0554
33,heldout,7,61,3,11,random_positions,28.125,24.875,24.625,-0.25,True,True,Qwen/Qwen3-4B-Instruct-2507,cdbee75f17c01a7cc42f958dc650907174af0554
33,heldout,7,61,3,12,answer_position,28.125,24.875,24.875,0.0,True,True,Qwen/Qwen3-4B-Instruct-2507,cdbee75f17c01a7cc42f958dc650907174af0554
33,heldout,7,61,3,12,number_tokens,28.125,24.875,2.5,-22.375,True,True,Qwen/Qwen3-4B-Instruct-2507,cdbee75f17c01a7cc42f958dc650907174af0554
33,heldout,7,61,3,12,random_positions,28.125,24.875,24.875,0.0,True,True,Qwen/Qwen3-4B-Instruct-2507,cdbee75f17c01a7cc42f958dc650907174af0554
33,heldout,7,61,3,13,answer_position,28.125,24.875,24.5,-0.375,True,True,Qwen/Qwen3-4B-Instruct-2507,cdbee75f17c01a7cc42f958dc650907174af0554
33,heldout,7,61,3,13,number_tokens,28.125,24.875,16.75,-8.125,True,True,Qwen/Qwen3-4B-Instruct-2507,cdbee75f17c01a7cc42f958dc650907174af0554
33,heldout,7,61,3,13,random_positions,28.125,24.875,24.5,-0.375,True,True,Qwen/Qwen3-4B-Instruct-2507,cdbee75f17c01a7cc42f958dc650907174af0554
33,heldout,7,61,3,14,answer_position,28.125,24.875,25.0,0.125,True,True,Qwen/Qwen3-4B-Instruct-2507,cdbee75f17c01a7cc42f958dc650907174af0554
33,heldout,7,61,3,14,number_tokens,28.125,24.875,22.875,-2.0,True,True,Qwen/Qwen3-4B-Instruct-2507,cdbee75f17c01a7cc42f958dc650907174af0554
33,heldout,7,61,3,14,random_positions,28.125,24.875,25.25,0.375,True,True,Qwen/Qwen3-4B-Instruct-2507,cdbee75f17c01a7cc42f958dc650907174af0554
33,heldout,7,61,3,15,answer_position,28.125,24.875,24.5,-0.375,True,True,Qwen/Qwen3-4B-Instruct-2507,cdbee75f17c01a7cc42f958dc650907174af0554
33,heldout,7,61,3,15,number_tokens,28.125,24.875,26.0,1.125,True,True,Qwen/Qwen3-4B-Instruct-2507,cdbee75f17c01a7cc42f958dc650907174af0554
33,heldout,7,61,3,15,random_positions,28.125,24.875,25.5,0.625,True,True,Qwen/Qwen3-4B-Instruct-2507,cdbee75f17c01a7cc42f958dc650907174af0554
33,heldout,7,61,3,16,answer_position,28.125,24.875,24.625,-0.25,True,True,Qwen/Qwen3-4B-Instruct-2507,cdbee75f17c01a7cc42f958dc650907174af0554
33,heldout,7,61,3,16,number_tokens,28.125,24.875,26.25,1.375,True,True,Qwen/Qwen3-4B-Instruct-2507,cdbee75f17c01a7cc42f958dc650907174af0554
33,heldout,7,61,3,16,random_positions,28.125,24.875,25.625,0.75,True,True,Qwen/Qwen3-4B-Instruct-2507,cdbee75f17c01a7cc42f958dc650907174af0554
33,heldout,7,61,3,17,answer_position,28.125,24.875,24.625,-0.25,True,True,Qwen/Qwen3-4B-Instruct-2507,cdbee75f17c01a7cc42f958dc650907174af0554
33,heldout,7,61,3,17,number_tokens,28.125,24.875,25.25,0.375,True,True,Qwen/Qwen3-4B-Instruct-2507,cdbee75f17c01a7cc42f958dc650907174af0554
33,heldout,7,61,3,17,random_positions,28.125,24.875,25.75,0.875,True,True,Qwen/Qwen3-4B-Instruct-2507,cdbee75f17c01a7cc42f958dc650907174af0554
33,heldout,7,61,3,18,answer_position,28.125,24.875,24.375,-0.5,True,True,Qwen/Qwen3-4B-Instruct-2507,cdbee75f17c01a7cc42f958dc650907174af0554
33,heldout,7,61,3,18,number_tokens,28.125,24.875,24.375,-0.5,True,True,Qwen/Qwen3-4B-Instruct-2507,cdbee75f17c01a7cc42f958dc650907174af0554
33,heldout,7,61,3,18,random_positions,28.125,24.875,26.625,1.75,True,True,Qwen/Qwen3-4B-Instruct-2507,cdbee75f17c01a7cc42f958dc650907174af0554
33,heldout,7,61,3,19,answer_position,28.125,24.875,25.25,0.375,True,True,Qwen/Qwen3-4B-Instruct-2507,cdbee75f17c01a7cc42f958dc650907174af0554
33,heldout,7,61,3,19,number_tokens,28.125,24.875,23.875,-1.0,True,True,Qwen/Qwen3-4B-Instruct-2507,cdbee75f17c01a7cc42f958dc650907174af0554
33,heldout,7,61,3,19,random_positions,28.125,24.875,26.0,1.125,True,True,Qwen/Qwen3-4B-Instruct-2507,cdbee75f17c01a7cc42f958dc650907174af0554
33,heldout,7,61,3,20,answer_position,28.125,24.875,25.375,0.5,True,True,Qwen/Qwen3-4B-Instruct-2507,cdbee75f17c01a7cc42f958dc650907174af0554
33,heldout,7,61,3,20,number_tokens,28.125,24.875,24.625,-0.25,True,True,Qwen/Qwen3-4B-Instruct-2507,cdbee75f17c01a7cc42f958dc650907174af0554
33,heldout,7,61,3,20,random_positions,28.125,24.875,25.75,0.875,True,True,Qwen/Qwen3-4B-Instruct-2507,cdbee75f17c01a7cc42f958dc650907174af0554
33,heldout,7,61,3,21,answer_position,28.125,24.875,27.125,2.25,True,True,Qwen/Qwen3-4B-Instruct-2507,cdbee75f17c01a7cc42f958dc650907174af0554
33,heldout,7,61,3,21,number_tokens,28.125,24.875,24.375,-0.5,True,True,Qwen/Qwen3-4B-Instruct-2507,cdbee75f17c01a7cc42f958dc650907174af0554
33,heldout,7,61,3,21,random_positions,28.125,24.875,24.75,-0.125,True,True,Qwen/Qwen3-4B-Instruct-2507,cdbee75f17c01a7cc42f958dc650907174af0554
33,heldout,7,61,3,22,answer_position,28.125,24.875,27.25,2.375,True,True,Qwen/Qwen3-4B-Instruct-2507,cdbee75f17c01a7cc42f958dc650907174af0554
33,heldout,7,61,3,22,number_tokens,28.125,24.875,24.375,-0.5,True,True,Qwen/Qwen3-4B-Instruct-2507,cdbee75f17c01a7cc42f958dc650907174af0554
33,heldout,7,61,3,22,random_positions,28.125,24.875,24.625,-0.25,True,True,Qwen/Qwen3-4B-Instruct-2507,cdbee75f17c01a7cc42f958dc650907174af0554
33,heldout,7,61,3,23,answer_position,28.125,24.875,27.125,2.25,True,True,Qwen/Qwen3-4B-Instruct-2507,cdbee75f17c01a7cc42f958dc650907174af0554
33,heldout,7,61,3,23,number_tokens,28.125,24.875,24.375,-0.5,True,True,Qwen/Qwen3-4B-Instruct-2507,cdbee75f17c01a7cc42f958dc650907174af0554
33,heldout,7,61,3,23,random_positions,28.125,24.875,24.5,-0.375,True,True,Qwen/Qwen3-4B-Instruct-2507,cdbee75f17c01a7cc42f958dc650907174af0554
33,heldout,7,61,3,24,answer_position,28.125,24.875,27.875,3.0,True,True,Qwen/Qwen3-4B-Instruct-2507,cdbee75f17c01a7cc42f958dc650907174af0554
33,heldout,7,61,3,24,number_tokens,28.125,24.875,24.875,0.0,True,True,Qwen/Qwen3-4B-Instruct-2507,cdbee75f17c01a7cc42f958dc650907174af0554
33,heldout,7,61,3,24,random_positions,28.125,24.875,24.75,-0.125,True,True,Qwen/Qwen3-4B-Instruct-2507,cdbee75f17c01a7cc42f958dc650907174af0554
33,heldout,7,61,3,25,answer_position,28.125,24.875,27.625,2.75,True,True,Qwen/Qwen3-4B-Instruct-2507,cdbee75f17c01a7cc42f958dc650907174af0554
33,heldout,7,61,3,25,number_tokens,28.125,24.875,24.5,-0.375,True,True,Qwen/Qwen3-4B-Instruct-2507,cdbee75f17c01a7cc42f958dc650907174af0554
33,heldout,7,61,3,25,random_positions,28.125,24.875,24.75,-0.125,True,True,Qwen/Qwen3-4B-Instruct-2507,cdbee75f17c01a7cc42f958dc650907174af0554
33,heldout,7,61,3,26,answer_position,28.125,24.875,27.5,2.625,True,True,Qwen/Qwen3-4B-Instruct-2507,cdbee75f17c01a7cc42f958dc650907174af0554
33,heldout,7,61,3,26,number_tokens,28.125,24.875,24.75,-0.125,True,True,Qwen/Qwen3-4B-Instruct-2507,cdbee75f17c01a7cc42f958dc650907174af0554
33,heldout,7,61,3,26,random_positions,28.125,24.875,24.875,0.0,True,True,Qwen/Qwen3-4B-Instruct-2507,cdbee75f17c01a7cc42f958dc650907174af0554
33,heldout,7,61,3,27,answer_position,28.125,24.875,27.75,2.875,True,True,Qwen/Qwen3-4B-Instruct-2507,cdbee75f17c01a7cc42f958dc650907174af0554
33,heldout,7,61,3,27,number_tokens,28.125,24.875,24.75,-0.125,True,True,Qwen/Qwen3-4B-Instruct-2507,cdbee75f17c01a7cc42f958dc650907174af0554
33,heldout,7,61,3,27,random_positions,28.125,24.875,24.75,-0.125,True,True,Qwen/Qwen3-4B-Instruct-2507,cdbee75f17c01a7cc42f958dc650907174af0554
33,heldout,7,61,3,28,answer_position,28.125,24.875,27.625,2.75,True,True,Qwen/Qwen3-4B-Instruct-2507,cdbee75f17c01a7cc42f958dc650907174af0554
33,heldout,7,61,3,28,number_tokens,28.125,24.875,24.625,-0.25,True,True,Qwen/Qwen3-4B-Instruct-2507,cdbee75f17c01a7cc42f958dc650907174af0554
33,heldout,7,61,3,28,random_positions,28.125,24.875,24.5,-0.375,True,True,Qwen/Qwen3-4B-Instruct-2507,cdbee75f17c01a7cc42f958dc650907174af0554
33,heldout,7,61,3,29,answer_position,28.125,24.875,27.75,2.875,True,True,Qwen/Qwen3-4B-Instruct-2507,cdbee75f17c01a7cc42f958dc650907174af0554
33,heldout,7,61,3,29,number_tokens,28.125,24.875,24.875,0.0,True,True,Qwen/Qwen3-4B-Instruct-2507,cdbee75f17c01a7cc42f958dc650907174af0554
33,heldout,7,61,3,29,random_positions,28.125,24.875,24.75,-0.125,True,True,Qwen/Qwen3-4B-Instruct-2507,cdbee75f17c01a7cc42f958dc650907174af0554
33,heldout,7,61,3,30,answer_position,28.125,24.875,27.75,2.875,True,True,Qwen/Qwen3-4B-Instruct-2507,cdbee75f17c01a7cc42f958dc650907174af0554
33,heldout,7,61,3,30,number_tokens,28.125,24.875,24.875,0.0,True,True,Qwen/Qwen3-4B-Instruct-2507,cdbee75f17c01a7cc42f958dc650907174af0554
33,heldout,7,61,3,30,random_positions,28.125,24.875,24.875,0.0,True,True,Qwen/Qwen3-4B-Instruct-2507,cdbee75f17c01a7cc42f958dc650907174af0554
33,heldout,7,61,3,31,answer_position,28.125,24.875,27.75,2.875,True,True,Qwen/Qwen3-4B-Instruct-2507,cdbee75f17c01a7cc42f958dc650907174af0554
33,heldout,7,61,3,31,number_tokens,28.125,24.875,24.625,-0.25,True,True,Qwen/Qwen3-4B-Instruct-2507,cdbee75f17c01a7cc42f958dc650907174af0554
33,heldout,7,61,3,31,random_positions,28.125,24.875,24.75,-0.125,True,True,Qwen/Qwen3-4B-Instruct-2507,cdbee75f17c01a7cc42f958dc650907174af0554
33,heldout,7,61,3,32,answer_position,28.125,24.875,27.875,3.0,True,True,Qwen/Qwen3-4B-Instruct-2507,cdbee75f17c01a7cc42f958dc650907174af0554
33,heldout,7,61,3,32,number_tokens,28.125,24.875,24.875,0.0,True,True,Qwen/Qwen3-4B-Instruct-2507,cdbee75f17c01a7cc42f958dc650907174af0554
33,heldout,7,61,3,32,random_positions,28.125,24.875,24.875,0.0,True,True,Qwen/Qwen3-4B-Instruct-2507,cdbee75f17c01a7cc42f958dc650907174af0554
33,heldout,7,61,3,33,answer_position,28.125,24.875,27.875,3.0,True,True,Qwen/Qwen3-4B-Instruct-2507,cdbee75f17c01a7cc42f958dc650907174af0554
33,heldout,7,61,3,33,number_tokens,28.125,24.875,24.875,0.0,True,True,Qwen/Qwen3-4B-Instruct-2507,cdbee75f17c01a7cc42f958dc650907174af0554
33,heldout,7,61,3,33,random_positions,28.125,24.875,24.75,-0.125,True,True,Qwen/Qwen3-4B-Instruct-2507,cdbee75f17c01a7cc42f958dc650907174af0554
33,heldout,7,61,3,34,answer_position,28.125,24.875,28.0,3.125,True,True,Qwen/Qwen3-4B-Instruct-2507,cdbee75f17c01a7cc42f958dc650907174af0554
33,heldout,7,61,3,34,number_tokens,28.125,24.875,24.625,-0.25,True,True,Qwen/Qwen3-4B-Instruct-2507,cdbee75f17c01a7cc42f958dc650907174af0554
33,heldout,7,61,3,34,random_positions,28.125,24.875,24.875,0.0,True,True,Qwen/Qwen3-4B-Instruct-2507,cdbee75f17c01a7cc42f958dc650907174af0554
33,heldout,7,61,3,35,answer_position,28.125,24.875,28.125,3.25,True,True,Qwen/Qwen3-4B-Instruct-2507,cdbee75f17c01a7cc42f958dc650907174af0554
33,heldout,7,61,3,35,number_tokens,28.125,24.875,24.875,0.0,True,True,Qwen/Qwen3-4B-Instruct-2507,cdbee75f17c01a7cc42f958dc650907174af0554
33,heldout,7,61,3,35,random_positions,28.125,24.875,24.875,0.0,True,True,Qwen/Qwen3-4B-Instruct-2507,cdbee75f17c01a7cc42f958dc650907174af0554
34,heldout,7,62,4,0,answer_position,27.75,24.25,24.25,0.0,True,True,Qwen/Qwen3-4B-Instruct-2507,cdbee75f17c01a7cc42f958dc650907174af0554
34,heldout,7,62,4,0,number_tokens,27.75,24.25,24.0,-0.25,True,True,Qwen/Qwen3-4B-Instruct-2507,cdbee75f17c01a7cc42f958dc650907174af0554
34,heldout,7,62,4,0,random_positions,27.75,24.25,22.25,-2.0,True,True,Qwen/Qwen3-4B-Instruct-2507,cdbee75f17c01a7cc42f958dc650907174af0554
34,heldout,7,62,4,1,answer_position,27.75,24.25,24.25,0.0,True,True,Qwen/Qwen3-4B-Instruct-2507,cdbee75f17c01a7cc42f958dc650907174af0554
34,heldout,7,62,4,1,number_tokens,27.75,24.25,24.875,0.625,True,True,Qwen/Qwen3-4B-Instruct-2507,cdbee75f17c01a7cc42f958dc650907174af0554
34,heldout,7,62,4,1,random_positions,27.75,24.25,21.25,-3.0,True,True,Qwen/Qwen3-4B-Instruct-2507,cdbee75f17c01a7cc42f958dc650907174af0554
34,heldout,7,62,4,2,answer_position,27.75,24.25,24.25,0.0,True,True,Qwen/Qwen3-4B-Instruct-2507,cdbee75f17c01a7cc42f958dc650907174af0554
34,heldout,7,62,4,2,number_tokens,27.75,24.25,24.875,0.625,True,True,Qwen/Qwen3-4B-Instruct-2507,cdbee75f17c01a7cc42f958dc650907174af0554
34,heldout,7,62,4,2,random_positions,27.75,24.25,21.5,-2.75,True,True,Qwen/Qwen3-4B-Instruct-2507,cdbee75f17c01a7cc42f958dc650907174af0554
34,heldout,7,62,4,3,answer_position,27.75,24.25,24.125,-0.125,True,True,Qwen/Qwen3-4B-Instruct-2507,cdbee75f17c01a7cc42f958dc650907174af0554
34,heldout,7,62,4,3,number_tokens,27.75,24.25,23.5,-0.75,True,True,Qwen/Qwen3-4B-Instruct-2507,cdbee75f17c01a7cc42f958dc650907174af0554
34,heldout,7,62,4,3,random_positions,27.75,24.25,20.25,-4.0,True,True,Qwen/Qwen3-4B-Instruct-2507,cdbee75f17c01a7cc42f958dc650907174af0554
34,heldout,7,62,4,4,answer_position,27.75,24.25,24.125,-0.125,True,True,Qwen/Qwen3-4B-Instruct-2507,cdbee75f17c01a7cc42f958dc650907174af0554
34,heldout,7,62,4,4,number_tokens,27.75,24.25,23.75,-0.5,True,True,Qwen/Qwen3-4B-Instruct-2507,cdbee75f17c01a7cc42f958dc650907174af0554
34,heldout,7,62,4,4,random_positions,27.75,24.25,21.75,-2.5,True,True,Qwen/Qwen3-4B-Instruct-2507,cdbee75f17c01a7cc42f958dc650907174af0554
34,heldout,7,62,4,5,answer_position,27.75,24.25,24.5,0.25,True,True,Qwen/Qwen3-4B-Instruct-2507,cdbee75f17c01a7cc42f958dc650907174af0554
34,heldout,7,62,4,5,number_tokens,27.75,24.25,21.5,-2.75,True,True,Qwen/Qwen3-4B-Instruct-2507,cdbee75f17c01a7cc42f958dc650907174af0554
34,heldout,7,62,4,5,random_positions,27.75,24.25,24.0,-0.25,True,True,Qwen/Qwen3-4B-Instruct-2507,cdbee75f17c01a7cc42f958dc650907174af0554
34,heldout,7,62,4,6,answer_position,27.75,24.25,24.125,-0.125,True,True,Qwen/Qwen3-4B-Instruct-2507,cdbee75f17c01a7cc42f958dc650907174af0554
34,heldout,7,62,4,6,number_tokens,27.75,24.25,21.5,-2.75,True,True,Qwen/Qwen3-4B-Instruct-2507,cdbee75f17c01a7cc42f958dc650907174af0554
34,heldout,7,62,4,6,random_positions,27.75,24.25,24.25,0.0,True,True,Qwen/Qwen3-4B-Instruct-2507,cdbee75f17c01a7cc42f958dc650907174af0554
34,heldout,7,62,4,7,answer_position,27.75,24.25,24.375,0.125,True,True,Qwen/Qwen3-4B-Instruct-2507,cdbee75f17c01a7cc42f958dc650907174af0554
34,heldout,7,62,4,7,number_tokens,27.75,24.25,16.5,-7.75,True,True,Qwen/Qwen3-4B-Instruct-2507,cdbee75f17c01a7cc42f958dc650907174af0554
34,heldout,7,62,4,7,random_positions,27.75,24.25,24.5,0.25,True,True,Qwen/Qwen3-4B-Instruct-2507,cdbee75f17c01a7cc42f958dc650907174af0554
34,heldout,7,62,4,8,answer_position,27.75,24.25,24.0,-0.25,True,True,Qwen/Qwen3-4B-Instruct-2507,cdbee75f17c01a7cc42f958dc650907174af0554
34,heldout,7,62,4,8,number_tokens,27.75,24.25,18.5,-5.75,True,True,Qwen/Qwen3-4B-Instruct-2507,cdbee75f17c01a7cc42f958dc650907174af0554
34,heldout,7,62,4,8,random_positions,27.75,24.25,24.625,0.375,True,True,Qwen/Qwen3-4B-Instruct-2507,cdbee75f17c01a7cc42f958dc650907174af0554
34,heldout,7,62,4,9,answer_position,27.75,24.25,24.0,-0.25,True,True,Qwen/Qwen3-4B-Instruct-2507,cdbee75f17c01a7cc42f958dc650907174af0554
34,heldout,7,62,4,9,number_tokens,27.75,24.25,3.0,-21.25,True,True,Qwen/Qwen3-4B-Instruct-2507,cdbee75f17c01a7cc42f958dc650907174af0554
34,heldout,7,62,4,9,random_positions,27.75,24.25,24.75,0.5,True,True,Qwen/Qwen3-4B-Instruct-2507,cdbee75f17c01a7cc42f958dc650907174af0554
34,heldout,7,62,4,10,answer_position,27.75,24.25,24.25,0.0,True,True,Qwen/Qwen3-4B-Instruct-2507,cdbee75f17c01a7cc42f958dc650907174af0554
34,heldout,7,62,4,10,number_tokens,27.75,24.25,2.5,-21.75,True,True,Qwen/Qwen3-4B-Instruct-2507,cdbee75f17c01a7cc42f958dc650907174af0554
34,heldout,7,62,4,10,random_positions,27.75,24.25,24.5,0.25,True,True,Qwen/Qwen3-4B-Instruct-2507,cdbee75f17c01a7cc42f958dc650907174af0554
34,heldout,7,62,4,11,answer_position,27.75,24.25,24.0,-0.25,True,True,Qwen/Qwen3-4B-Instruct-2507,cdbee75f17c01a7cc42f958dc650907174af0554
34,heldout,7,62,4,11,number_tokens,27.75,24.25,-13.0,-37.25,True,False,Qwen/Qwen3-4B-Instruct-2507,cdbee75f17c01a7cc42f958dc650907174af0554
34,heldout,7,62,4,11,random_positions,27.75,24.25,25.0,0.75,True,True,Qwen/Qwen3-4B-Instruct-2507,cdbee75f17c01a7cc42f958dc650907174af0554
34,heldout,7,62,4,12,answer_position,27.75,24.25,24.25,0.0,True,True,Qwen/Qwen3-4B-Instruct-2507,cdbee75f17c01a7cc42f958dc650907174af0554
34,heldout,7,62,4,12,number_tokens,27.75,24.25,3.0,-21.25,True,True,Qwen/Qwen3-4B-Instruct-2507,cdbee75f17c01a7cc42f958dc650907174af0554
34,heldout,7,62,4,12,random_positions,27.75,24.25,25.125,0.875,True,True,Qwen/Qwen3-4B-Instruct-2507,cdbee75f17c01a7cc42f958dc650907174af0554
34,heldout,7,62,4,13,answer_position,27.75,24.25,24.125,-0.125,True,True,Qwen/Qwen3-4B-Instruct-2507,cdbee75f17c01a7cc42f958dc650907174af0554
34,heldout,7,62,4,13,number_tokens,27.75,24.25,18.0,-6.25,True,True,Qwen/Qwen3-4B-Instruct-2507,cdbee75f17c01a7cc42f958dc650907174af0554
34,heldout,7,62,4,13,random_positions,27.75,24.25,25.375,1.125,True,True,Qwen/Qwen3-4B-Instruct-2507,cdbee75f17c01a7cc42f958dc650907174af0554
34,heldout,7,62,4,14,answer_position,27.75,24.25,24.25,0.0,True,True,Qwen/Qwen3-4B-Instruct-2507,cdbee75f17c01a7cc42f958dc650907174af0554
34,heldout,7,62,4,14,number_tokens,27.75,24.25,22.5,-1.75,True,True,Qwen/Qwen3-4B-Instruct-2507,cdbee75f17c01a7cc42f958dc650907174af0554
34,heldout,7,62,4,14,random_positions,27.75,24.25,25.375,1.125,True,True,Qwen/Qwen3-4B-Instruct-2507,cdbee75f17c01a7cc42f958dc650907174af0554
34,heldout,7,62,4,15,answer_position,27.75,24.25,24.375,0.125,True,True,Qwen/Qwen3-4B-Instruct-2507,cdbee75f17c01a7cc42f958dc650907174af0554
34,heldout,7,62,4,15,number_tokens,27.75,24.25,25.625,1.375,True,True,Qwen/Qwen3-4B-Instruct-2507,cdbee75f17c01a7cc42f958dc650907174af0554
34,heldout,7,62,4,15,random_positions,27.75,24.25,25.625,1.375,True,True,Qwen/Qwen3-4B-Instruct-2507,cdbee75f17c01a7cc42f958dc650907174af0554
34,heldout,7,62,4,16,answer_position,27.75,24.25,24.25,0.0,True,True,Qwen/Qwen3-4B-Instruct-2507,cdbee75f17c01a7cc42f958dc650907174af0554
34,heldout,7,62,4,16,number_tokens,27.75,24.25,25.75,1.5,True,True,Qwen/Qwen3-4B-Instruct-2507,cdbee75f17c01a7cc42f958dc650907174af0554
34,heldout,7,62,4,16,random_positions,27.75,24.25,25.375,1.125,True,True,Qwen/Qwen3-4B-Instruct-2507,cdbee75f17c01a7cc42f958dc650907174af0554
34,heldout,7,62,4,17,answer_position,27.75,24.25,24.25,0.0,True,True,Qwen/Qwen3-4B-Instruct-2507,cdbee75f17c01a7cc42f958dc650907174af0554
34,heldout,7,62,4,17,number_tokens,27.75,24.25,25.25,1.0,True,True,Qwen/Qwen3-4B-Instruct-2507,cdbee75f17c01a7cc42f958dc650907174af0554
34,heldout,7,62,4,17,random_positions,27.75,24.25,25.125,0.875,True,True,Qwen/Qwen3-4B-Instruct-2507,cdbee75f17c01a7cc42f958dc650907174af0554
34,heldout,7,62,4,18,answer_position,27.75,24.25,24.125,-0.125,True,True,Qwen/Qwen3-4B-Instruct-2507,cdbee75f17c01a7cc42f958dc650907174af0554
34,heldout,7,62,4,18,number_tokens,27.75,24.25,23.625,-0.625,True,True,Qwen/Qwen3-4B-Instruct-2507,cdbee75f17c01a7cc42f958dc650907174af0554
34,heldout,7,62,4,18,random_positions,27.75,24.25,26.0,1.75,True,True,Qwen/Qwen3-4B-Instruct-2507,cdbee75f17c01a7cc42f958dc650907174af0554
34,heldout,7,62,4,19,answer_position,27.75,24.25,24.875,0.625,True,True,Qwen/Qwen3-4B-Instruct-2507,cdbee75f17c01a7cc42f958dc650907174af0554
34,heldout,7,62,4,19,number_tokens,27.75,24.25,23.5,-0.75,True,True,Qwen/Qwen3-4B-Instruct-2507,cdbee75f17c01a7cc42f958dc650907174af0554
34,heldout,7,62,4,19,random_positions,27.75,24.25,25.125,0.875,True,True,Qwen/Qwen3-4B-Instruct-2507,cdbee75f17c01a7cc42f958dc650907174af0554
34,heldout,7,62,4,20,answer_position,27.75,24.25,24.625,0.375,True,True,Qwen/Qwen3-4B-Instruct-2507,cdbee75f17c01a7cc42f958dc650907174af0554
34,heldout,7,62,4,20,number_tokens,27.75,24.25,23.875,-0.375,True,True,Qwen/Qwen3-4B-Instruct-2507,cdbee75f17c01a7cc42f958dc650907174af0554
34,heldout,7,62,4,20,random_positions,27.75,24.25,24.75,0.5,True,True,Qwen/Qwen3-4B-Instruct-2507,cdbee75f17c01a7cc42f958dc650907174af0554
34,heldout,7,62,4,21,answer_position,27.75,24.25,26.75,2.5,True,True,Qwen/Qwen3-4B-Instruct-2507,cdbee75f17c01a7cc42f958dc650907174af0554
34,heldout,7,62,4,21,number_tokens,27.75,24.25,23.75,-0.5,True,True,Qwen/Qwen3-4B-Instruct-2507,cdbee75f17c01a7cc42f958dc650907174af0554
34,heldout,7,62,4,21,random_positions,27.75,24.25,24.25,0.0,True,True,Qwen/Qwen3-4B-Instruct-2507,cdbee75f17c01a7cc42f958dc650907174af0554
34,heldout,7,62,4,22,answer_position,27.75,24.25,26.75,2.5,True,True,Qwen/Qwen3-4B-Instruct-2507,cdbee75f17c01a7cc42f958dc650907174af0554
34,heldout,7,62,4,22,number_tokens,27.75,24.25,23.75,-0.5,True,True,Qwen/Qwen3-4B-Instruct-2507,cdbee75f17c01a7cc42f958dc650907174af0554
34,heldout,7,62,4,22,random_positions,27.75,24.25,24.125,-0.125,True,True,Qwen/Qwen3-4B-Instruct-2507,cdbee75f17c01a7cc42f958dc650907174af0554
34,heldout,7,62,4,23,answer_position,27.75,24.25,26.625,2.375,True,True,Qwen/Qwen3-4B-Instruct-2507,cdbee75f17c01a7cc42f958dc650907174af0554
34,heldout,7,62,4,23,number_tokens,27.75,24.25,24.0,-0.25,True,True,Qwen/Qwen3-4B-Instruct-2507,cdbee75f17c01a7cc42f958dc650907174af0554
34,heldout,7,62,4,23,random_positions,27.75,24.25,23.875,-0.375,True,True,Qwen/Qwen3-4B-Instruct-2507,cdbee75f17c01a7cc42f958dc650907174af0554
34,heldout,7,62,4,24,answer_position,27.75,24.25,27.375,3.125,True,True,Qwen/Qwen3-4B-Instruct-2507,cdbee75f17c01a7cc42f958dc650907174af0554
34,heldout,7,62,4,24,number_tokens,27.75,24.25,23.75,-0.5,True,True,Qwen/Qwen3-4B-Instruct-2507,cdbee75f17c01a7cc42f958dc650907174af0554
34,heldout,7,62,4,24,random_positions,27.75,24.25,24.0,-0.25,True,True,Qwen/Qwen3-4B-Instruct-2507,cdbee75f17c01a7cc42f958dc650907174af0554
34,heldout,7,62,4,25,answer_position,27.75,24.25,26.875,2.625,True,True,Qwen/Qwen3-4B-Instruct-2507,cdbee75f17c01a7cc42f958dc650907174af0554
34,heldout,7,62,4,25,number_tokens,27.75,24.25,23.875,-0.375,True,True,Qwen/Qwen3-4B-Instruct-2507,cdbee75f17c01a7cc42f958dc650907174af0554
34,heldout,7,62,4,25,random_positions,27.75,24.25,24.25,0.0,True,True,Qwen/Qwen3-4B-Instruct-2507,cdbee75f17c01a7cc42f958dc650907174af0554
34,heldout,7,62,4,26,answer_position,27.75,24.25,27.25,3.0,True,True,Qwen/Qwen3-4B-Instruct-2507,cdbee75f17c01a7cc42f958dc650907174af0554
34,heldout,7,62,4,26,number_tokens,27.75,24.25,23.875,-0.375,True,True,Qwen/Qwen3-4B-Instruct-2507,cdbee75f17c01a7cc42f958dc650907174af0554
34,heldout,7,62,4,26,random_positions,27.75,24.25,24.125,-0.125,True,True,Qwen/Qwen3-4B-Instruct-2507,cdbee75f17c01a7cc42f958dc650907174af0554
34,heldout,7,62,4,27,answer_position,27.75,24.25,27.0,2.75,True,True,Qwen/Qwen3-4B-Instruct-2507,cdbee75f17c01a7cc42f958dc650907174af0554
34,heldout,7,62,4,27,number_tokens,27.75,24.25,24.0,-0.25,True,True,Qwen/Qwen3-4B-Instruct-2507,cdbee75f17c01a7cc42f958dc650907174af0554
34,heldout,7,62,4,27,random_positions,27.75,24.25,24.0,-0.25,True,True,Qwen/Qwen3-4B-Instruct-2507,cdbee75f17c01a7cc42f958dc650907174af0554
34,heldout,7,62,4,28,answer_position,27.75,24.25,27.5,3.25,True,True,Qwen/Qwen3-4B-Instruct-2507,cdbee75f17c01a7cc42f958dc650907174af0554
34,heldout,7,62,4,28,number_tokens,27.75,24.25,24.0,-0.25,True,True,Qwen/Qwen3-4B-Instruct-2507,cdbee75f17c01a7cc42f958dc650907174af0554
34,heldout,7,62,4,28,random_positions,27.75,24.25,24.125,-0.125,True,True,Qwen/Qwen3-4B-Instruct-2507,cdbee75f17c01a7cc42f958dc650907174af0554
34,heldout,7,62,4,29,answer_position,27.75,24.25,27.0,2.75,True,True,Qwen/Qwen3-4B-Instruct-2507,cdbee75f17c01a7cc42f958dc650907174af0554
34,heldout,7,62,4,29,number_tokens,27.75,24.25,24.0,-0.25,True,True,Qwen/Qwen3-4B-Instruct-2507,cdbee75f17c01a7cc42f958dc650907174af0554
34,heldout,7,62,4,29,random_positions,27.75,24.25,24.125,-0.125,True,True,Qwen/Qwen3-4B-Instruct-2507,cdbee75f17c01a7cc42f958dc650907174af0554
34,heldout,7,62,4,30,answer_position,27.75,24.25,27.125,2.875,True,True,Qwen/Qwen3-4B-Instruct-2507,cdbee75f17c01a7cc42f958dc650907174af0554
34,heldout,7,62,4,30,number_tokens,27.75,24.25,24.0,-0.25,True,True,Qwen/Qwen3-4B-Instruct-2507,cdbee75f17c01a7cc42f958dc650907174af0554
34,heldout,7,62,4,30,random_positions,27.75,24.25,24.0,-0.25,True,True,Qwen/Qwen3-4B-Instruct-2507,cdbee75f17c01a7cc42f958dc650907174af0554
34,heldout,7,62,4,31,answer_position,27.75,24.25,27.375,3.125,True,True,Qwen/Qwen3-4B-Instruct-2507,cdbee75f17c01a7cc42f958dc650907174af0554
34,heldout,7,62,4,31,number_tokens,27.75,24.25,24.125,-0.125,True,True,Qwen/Qwen3-4B-Instruct-2507,cdbee75f17c01a7cc42f958dc650907174af0554
34,heldout,7,62,4,31,random_positions,27.75,24.25,24.25,0.0,True,True,Qwen/Qwen3-4B-Instruct-2507,cdbee75f17c01a7cc42f958dc650907174af0554
34,heldout,7,62,4,32,answer_position,27.75,24.25,27.25,3.0,True,True,Qwen/Qwen3-4B-Instruct-2507,cdbee75f17c01a7cc42f958dc650907174af0554
34,heldout,7,62,4,32,number_tokens,27.75,24.25,24.0,-0.25,True,True,Qwen/Qwen3-4B-Instruct-2507,cdbee75f17c01a7cc42f958dc650907174af0554
34,heldout,7,62,4,32,random_positions,27.75,24.25,24.0,-0.25,True,True,Qwen/Qwen3-4B-Instruct-2507,cdbee75f17c01a7cc42f958dc650907174af0554
34,heldout,7,62,4,33,answer_position,27.75,24.25,27.375,3.125,True,True,Qwen/Qwen3-4B-Instruct-2507,cdbee75f17c01a7cc42f958dc650907174af0554
34,heldout,7,62,4,33,number_tokens,27.75,24.25,24.0,-0.25,True,True,Qwen/Qwen3-4B-Instruct-2507,cdbee75f17c01a7cc42f958dc650907174af0554
34,heldout,7,62,4,33,random_positions,27.75,24.25,24.0,-0.25,True,True,Qwen/Qwen3-4B-Instruct-2507,cdbee75f17c01a7cc42f958dc650907174af0554
34,heldout,7,62,4,34,answer_position,27.75,24.25,27.375,3.125,True,True,Qwen/Qwen3-4B-Instruct-2507,cdbee75f17c01a7cc42f958dc650907174af0554
34,heldout,7,62,4,34,number_tokens,27.75,24.25,24.25,0.0,True,True,Qwen/Qwen3-4B-Instruct-2507,cdbee75f17c01a7cc42f958dc650907174af0554
34,heldout,7,62,4,34,random_positions,27.75,24.25,24.25,0.0,True,True,Qwen/Qwen3-4B-Instruct-2507,cdbee75f17c01a7cc42f958dc650907174af0554
34,heldout,7,62,4,35,answer_position,27.75,24.25,27.75,3.5,True,True,Qwen/Qwen3-4B-Instruct-2507,cdbee75f17c01a7cc42f958dc650907174af0554
34,heldout,7,62,4,35,number_tokens,27.75,24.25,24.25,0.0,True,True,Qwen/Qwen3-4B-Instruct-2507,cdbee75f17c01a7cc42f958dc650907174af0554
34,heldout,7,62,4,35,random_positions,27.75,24.25,24.25,0.0,True,True,Qwen/Qwen3-4B-Instruct-2507,cdbee75f17c01a7cc42f958dc650907174af0554
35,heldout,8,62,4,0,answer_position,27.625,23.0,23.0,0.0,True,True,Qwen/Qwen3-4B-Instruct-2507,cdbee75f17c01a7cc42f958dc650907174af0554
35,heldout,8,62,4,0,number_tokens,27.625,23.0,22.75,-0.25,True,True,Qwen/Qwen3-4B-Instruct-2507,cdbee75f17c01a7cc42f958dc650907174af0554
35,heldout,8,62,4,0,random_positions,27.625,23.0,0.75,-22.25,True,True,Qwen/Qwen3-4B-Instruct-2507,cdbee75f17c01a7cc42f958dc650907174af0554
35,heldout,8,62,4,1,answer_position,27.625,23.0,23.0,0.0,True,True,Qwen/Qwen3-4B-Instruct-2507,cdbee75f17c01a7cc42f958dc650907174af0554
35,heldout,8,62,4,1,number_tokens,27.625,23.0,23.5,0.5,True,True,Qwen/Qwen3-4B-Instruct-2507,cdbee75f17c01a7cc42f958dc650907174af0554
35,heldout,8,62,4,1,random_positions,27.625,23.0,2.0,-21.0,True,True,Qwen/Qwen3-4B-Instruct-2507,cdbee75f17c01a7cc42f958dc650907174af0554
35,heldout,8,62,4,2,answer_position,27.625,23.0,23.0,0.0,True,True,Qwen/Qwen3-4B-Instruct-2507,cdbee75f17c01a7cc42f958dc650907174af0554
35,heldout,8,62,4,2,number_tokens,27.625,23.0,23.5,0.5,True,True,Qwen/Qwen3-4B-Instruct-2507,cdbee75f17c01a7cc42f958dc650907174af0554
35,heldout,8,62,4,2,random_positions,27.625,23.0,1.5,-21.5,True,True,Qwen/Qwen3-4B-Instruct-2507,cdbee75f17c01a7cc42f958dc650907174af0554
35,heldout,8,62,4,3,answer_position,27.625,23.0,23.0,0.0,True,True,Qwen/Qwen3-4B-Instruct-2507,cdbee75f17c01a7cc42f958dc650907174af0554
35,heldout,8,62,4,3,number_tokens,27.625,23.0,22.25,-0.75,True,True,Qwen/Qwen3-4B-Instruct-2507,cdbee75f17c01a7cc42f958dc650907174af0554
35,heldout,8,62,4,3,random_positions,27.625,23.0,1.0,-22.0,True,True,Qwen/Qwen3-4B-Instruct-2507,cdbee75f17c01a7cc42f958dc650907174af0554
35,heldout,8,62,4,4,answer_position,27.625,23.0,22.75,-0.25,True,True,Qwen/Qwen3-4B-Instruct-2507,cdbee75f17c01a7cc42f958dc650907174af0554
35,heldout,8,62,4,4,number_tokens,27.625,23.0,22.5,-0.5,True,True,Qwen/Qwen3-4B-Instruct-2507,cdbee75f17c01a7cc42f958dc650907174af0554
35,heldout,8,62,4,4,random_positions,27.625,23.0,1.0,-22.0,True,True,Qwen/Qwen3-4B-Instruct-2507,cdbee75f17c01a7cc42f958dc650907174af0554
35,heldout,8,62,4,5,answer_position,27.625,23.0,22.75,-0.25,True,True,Qwen/Qwen3-4B-Instruct-2507,cdbee75f17c01a7cc42f958dc650907174af0554
35,heldout,8,62,4,5,number_tokens,27.625,23.0,20.5,-2.5,True,True,Qwen/Qwen3-4B-Instruct-2507,cdbee75f17c01a7cc42f958dc650907174af0554
35,heldout,8,62,4,5,random_positions,27.625,23.0,3.75,-19.25,True,True,Qwen/Qwen3-4B-Instruct-2507,cdbee75f17c01a7cc42f958dc650907174af0554
35,heldout,8,62,4,6,answer_position,27.625,23.0,23.0,0.0,True,True,Qwen/Qwen3-4B-Instruct-2507,cdbee75f17c01a7cc42f958dc650907174af0554
35,heldout,8,62,4,6,number_tokens,27.625,23.0,21.5,-1.5,True,True,Qwen/Qwen3-4B-Instruct-2507,cdbee75f17c01a7cc42f958dc650907174af0554
35,heldout,8,62,4,6,random_positions,27.625,23.0,18.25,-4.75,True,True,Qwen/Qwen3-4B-Instruct-2507,cdbee75f17c01a7cc42f958dc650907174af0554
35,heldout,8,62,4,7,answer_position,27.625,23.0,22.75,-0.25,True,True,Qwen/Qwen3-4B-Instruct-2507,cdbee75f17c01a7cc42f958dc650907174af0554
35,heldout,8,62,4,7,number_tokens,27.625,23.0,15.25,-7.75,True,True,Qwen/Qwen3-4B-Instruct-2507,cdbee75f17c01a7cc42f958dc650907174af0554
35,heldout,8,62,4,7,random_positions,27.625,23.0,21.0,-2.0,True,True,Qwen/Qwen3-4B-Instruct-2507,cdbee75f17c01a7cc42f958dc650907174af0554
35,heldout,8,62,4,8,answer_position,27.625,23.0,22.75,-0.25,True,True,Qwen/Qwen3-4B-Instruct-2507,cdbee75f17c01a7cc42f958dc650907174af0554
35,heldout,8,62,4,8,number_tokens,27.625,23.0,16.0,-7.0,True,True,Qwen/Qwen3-4B-Instruct-2507,cdbee75f17c01a7cc42f958dc650907174af0554
35,heldout,8,62,4,8,random_positions,27.625,23.0,21.0,-2.0,True,True,Qwen/Qwen3-4B-Instruct-2507,cdbee75f17c01a7cc42f958dc650907174af0554
35,heldout,8,62,4,9,answer_position,27.625,23.0,22.75,-0.25,True,True,Qwen/Qwen3-4B-Instruct-2507,cdbee75f17c01a7cc42f958dc650907174af0554
35,heldout,8,62,4,9,number_tokens,27.625,23.0,-1.25,-24.25,True,False,Qwen/Qwen3-4B-Instruct-2507,cdbee75f17c01a7cc42f958dc650907174af0554
35,heldout,8,62,4,9,random_positions,27.625,23.0,21.0,-2.0,True,True,Qwen/Qwen3-4B-Instruct-2507,cdbee75f17c01a7cc42f958dc650907174af0554
35,heldout,8,62,4,10,answer_position,27.625,23.0,22.75,-0.25,True,True,Qwen/Qwen3-4B-Instruct-2507,cdbee75f17c01a7cc42f958dc650907174af0554
35,heldout,8,62,4,10,number_tokens,27.625,23.0,1.75,-21.25,True,True,Qwen/Qwen3-4B-Instruct-2507,cdbee75f17c01a7cc42f958dc650907174af0554
35,heldout,8,62,4,10,random_positions,27.625,23.0,22.25,-0.75,True,True,Qwen/Qwen3-4B-Instruct-2507,cdbee75f17c01a7cc42f958dc650907174af0554
35,heldout,8,62,4,11,answer_position,27.625,23.0,22.75,-0.25,True,True,Qwen/Qwen3-4B-Instruct-2507,cdbee75f17c01a7cc42f958dc650907174af0554
35,heldout,8,62,4,11,number_tokens,27.625,23.0,-13.25,-36.25,True,False,Qwen/Qwen3-4B-Instruct-2507,cdbee75f17c01a7cc42f958dc650907174af0554
35,heldout,8,62,4,11,random_positions,27.625,23.0,22.5,-0.5,True,True,Qwen/Qwen3-4B-Instruct-2507,cdbee75f17c01a7cc42f958dc650907174af0554
35,heldout,8,62,4,12,answer_position,27.625,23.0,22.75,-0.25,True,True,Qwen/Qwen3-4B-Instruct-2507,cdbee75f17c01a7cc42f958dc650907174af0554
35,heldout,8,62,4,12,number_tokens,27.625,23.0,3.25,-19.75,True,True,Qwen/Qwen3-4B-Instruct-2507,cdbee75f17c01a7cc42f958dc650907174af0554
35,heldout,8,62,4,12,random_positions,27.625,23.0,23.375,0.375,True,True,Qwen/Qwen3-4B-Instruct-2507,cdbee75f17c01a7cc42f958dc650907174af0554
35,heldout,8,62,4,13,answer_position,27.625,23.0,22.75,-0.25,True,True,Qwen/Qwen3-4B-Instruct-2507,cdbee75f17c01a7cc42f958dc650907174af0554
35,heldout,8,62,4,13,number_tokens,27.625,23.0,18.0,-5.0,True,True,Qwen/Qwen3-4B-Instruct-2507,cdbee75f17c01a7cc42f958dc650907174af0554
35,heldout,8,62,4,13,random_positions,27.625,23.0,24.125,1.125,True,True,Qwen/Qwen3-4B-Instruct-2507,cdbee75f17c01a7cc42f958dc650907174af0554
35,heldout,8,62,4,14,answer_position,27.625,23.0,22.75,-0.25,True,True,Qwen/Qwen3-4B-Instruct-2507,cdbee75f17c01a7cc42f958dc650907174af0554
35,heldout,8,62,4,14,number_tokens,27.625,23.0,23.125,0.125,True,True,Qwen/Qwen3-4B-Instruct-2507,cdbee75f17c01a7cc42f958dc650907174af0554
35,heldout,8,62,4,14,random_positions,27.625,23.0,23.875,0.875,True,True,Qwen/Qwen3-4B-Instruct-2507,cdbee75f17c01a7cc42f958dc650907174af0554
35,heldout,8,62,4,15,answer_position,27.625,23.0,22.5,-0.5,True,True,Qwen/Qwen3-4B-Instruct-2507,cdbee75f17c01a7cc42f958dc650907174af0554
35,heldout,8,62,4,15,number_tokens,27.625,23.0,25.625,2.625,True,True,Qwen/Qwen3-4B-Instruct-2507,cdbee75f17c01a7cc42f958dc650907174af0554
35,heldout,8,62,4,15,random_positions,27.625,23.0,25.375,2.375,True,True,Qwen/Qwen3-4B-Instruct-2507,cdbee75f17c01a7cc42f958dc650907174af0554
35,heldout,8,62,4,16,answer_position,27.625,23.0,22.75,-0.25,True,True,Qwen/Qwen3-4B-Instruct-2507,cdbee75f17c01a7cc42f958dc650907174af0554
35,heldout,8,62,4,16,number_tokens,27.625,23.0,26.125,3.125,True,True,Qwen/Qwen3-4B-Instruct-2507,cdbee75f17c01a7cc42f958dc650907174af0554
35,heldout,8,62,4,16,random_positions,27.625,23.0,24.875,1.875,True,True,Qwen/Qwen3-4B-Instruct-2507,cdbee75f17c01a7cc42f958dc650907174af0554
35,heldout,8,62,4,17,answer_position,27.625,23.0,22.75,-0.25,True,True,Qwen/Qwen3-4B-Instruct-2507,cdbee75f17c01a7cc42f958dc650907174af0554
35,heldout,8,62,4,17,number_tokens,27.625,23.0,25.25,2.25,True,True,Qwen/Qwen3-4B-Instruct-2507,cdbee75f17c01a7cc42f958dc650907174af0554
35,heldout,8,62,4,17,random_positions,27.625,23.0,24.875,1.875,True,True,Qwen/Qwen3-4B-Instruct-2507,cdbee75f17c01a7cc42f958dc650907174af0554
35,heldout,8,62,4,18,answer_position,27.625,23.0,23.0,0.0,True,True,Qwen/Qwen3-4B-Instruct-2507,cdbee75f17c01a7cc42f958dc650907174af0554
35,heldout,8,62,4,18,number_tokens,27.625,23.0,23.0,0.0,True,True,Qwen/Qwen3-4B-Instruct-2507,cdbee75f17c01a7cc42f958dc650907174af0554
35,heldout,8,62,4,18,random_positions,27.625,23.0,23.5,0.5,True,True,Qwen/Qwen3-4B-Instruct-2507,cdbee75f17c01a7cc42f958dc650907174af0554
35,heldout,8,62,4,19,answer_position,27.625,23.0,24.0,1.0,True,True,Qwen/Qwen3-4B-Instruct-2507,cdbee75f17c01a7cc42f958dc650907174af0554
35,heldout,8,62,4,19,number_tokens,27.625,23.0,21.75,-1.25,True,True,Qwen/Qwen3-4B-Instruct-2507,cdbee75f17c01a7cc42f958dc650907174af0554
35,heldout,8,62,4,19,random_positions,27.625,23.0,24.375,1.375,True,True,Qwen/Qwen3-4B-Instruct-2507,cdbee75f17c01a7cc42f958dc650907174af0554
35,heldout,8,62,4,20,answer_position,27.625,23.0,24.25,1.25,True,True,Qwen/Qwen3-4B-Instruct-2507,cdbee75f17c01a7cc42f958dc650907174af0554
35,heldout,8,62,4,20,number_tokens,27.625,23.0,22.25,-0.75,True,True,Qwen/Qwen3-4B-Instruct-2507,cdbee75f17c01a7cc42f958dc650907174af0554
35,heldout,8,62,4,20,random_positions,27.625,23.0,24.75,1.75,True,True,Qwen/Qwen3-4B-Instruct-2507,cdbee75f17c01a7cc42f958dc650907174af0554
35,heldout,8,62,4,21,answer_position,27.625,23.0,26.375,3.375,True,True,Qwen/Qwen3-4B-Instruct-2507,cdbee75f17c01a7cc42f958dc650907174af0554
35,heldout,8,62,4,21,number_tokens,27.625,23.0,22.5,-0.5,True,True,Qwen/Qwen3-4B-Instruct-2507,cdbee75f17c01a7cc42f958dc650907174af0554
35,heldout,8,62,4,21,random_positions,27.625,23.0,23.75,0.75,True,True,Qwen/Qwen3-4B-Instruct-2507,cdbee75f17c01a7cc42f958dc650907174af0554
35,heldout,8,62,4,22,answer_position,27.625,23.0,26.75,3.75,True,True,Qwen/Qwen3-4B-Instruct-2507,cdbee75f17c01a7cc42f958dc650907174af0554
35,heldout,8,62,4,22,number_tokens,27.625,23.0,22.5,-0.5,True,True,Qwen/Qwen3-4B-Instruct-2507,cdbee75f17c01a7cc42f958dc650907174af0554
35,heldout,8,62,4,22,random_positions,27.625,23.0,23.75,0.75,True,True,Qwen/Qwen3-4B-Instruct-2507,cdbee75f17c01a7cc42f958dc650907174af0554
35,heldout,8,62,4,23,answer_position,27.625,23.0,26.625,3.625,True,True,Qwen/Qwen3-4B-Instruct-2507,cdbee75f17c01a7cc42f958dc650907174af0554
35,heldout,8,62,4,23,number_tokens,27.625,23.0,22.5,-0.5,True,True,Qwen/Qwen3-4B-Instruct-2507,cdbee75f17c01a7cc42f958dc650907174af0554
35,heldout,8,62,4,23,random_positions,27.625,23.0,24.25,1.25,True,True,Qwen/Qwen3-4B-Instruct-2507,cdbee75f17c01a7cc42f958dc650907174af0554
35,heldout,8,62,4,24,answer_position,27.625,23.0,27.375,4.375,True,True,Qwen/Qwen3-4B-Instruct-2507,cdbee75f17c01a7cc42f958dc650907174af0554
35,heldout,8,62,4,24,number_tokens,27.625,23.0,22.75,-0.25,True,True,Qwen/Qwen3-4B-Instruct-2507,cdbee75f17c01a7cc42f958dc650907174af0554
35,heldout,8,62,4,24,random_positions,27.625,23.0,23.5,0.5,True,True,Qwen/Qwen3-4B-Instruct-2507,cdbee75f17c01a7cc42f958dc650907174af0554
35,heldout,8,62,4,25,answer_position,27.625,23.0,27.125,4.125,True,True,Qwen/Qwen3-4B-Instruct-2507,cdbee75f17c01a7cc42f958dc650907174af0554
35,heldout,8,62,4,25,number_tokens,27.625,23.0,22.75,-0.25,True,True,Qwen/Qwen3-4B-Instruct-2507,cdbee75f17c01a7cc42f958dc650907174af0554
35,heldout,8,62,4,25,random_positions,27.625,23.0,23.5,0.5,True,True,Qwen/Qwen3-4B-Instruct-2507,cdbee75f17c01a7cc42f958dc650907174af0554
35,heldout,8,62,4,26,answer_position,27.625,23.0,27.125,4.125,True,True,Qwen/Qwen3-4B-Instruct-2507,cdbee75f17c01a7cc42f958dc650907174af0554
35,heldout,8,62,4,26,number_tokens,27.625,23.0,22.5,-0.5,True,True,Qwen/Qwen3-4B-Instruct-2507,cdbee75f17c01a7cc42f958dc650907174af0554
35,heldout,8,62,4,26,random_positions,27.625,23.0,23.5,0.5,True,True,Qwen/Qwen3-4B-Instruct-2507,cdbee75f17c01a7cc42f958dc650907174af0554
35,heldout,8,62,4,27,answer_position,27.625,23.0,27.25,4.25,True,True,Qwen/Qwen3-4B-Instruct-2507,cdbee75f17c01a7cc42f958dc650907174af0554
35,heldout,8,62,4,27,number_tokens,27.625,23.0,22.75,-0.25,True,True,Qwen/Qwen3-4B-Instruct-2507,cdbee75f17c01a7cc42f958dc650907174af0554
35,heldout,8,62,4,27,random_positions,27.625,23.0,23.25,0.25,True,True,Qwen/Qwen3-4B-Instruct-2507,cdbee75f17c01a7cc42f958dc650907174af0554
35,heldout,8,62,4,28,answer_position,27.625,23.0,27.375,4.375,True,True,Qwen/Qwen3-4B-Instruct-2507,cdbee75f17c01a7cc42f958dc650907174af0554
35,heldout,8,62,4,28,number_tokens,27.625,23.0,22.75,-0.25,True,True,Qwen/Qwen3-4B-Instruct-2507,cdbee75f17c01a7cc42f958dc650907174af0554
35,heldout,8,62,4,28,random_positions,27.625,23.0,23.25,0.25,True,True,Qwen/Qwen3-4B-Instruct-2507,cdbee75f17c01a7cc42f958dc650907174af0554
35,heldout,8,62,4,29,answer_position,27.625,23.0,27.375,4.375,True,True,Qwen/Qwen3-4B-Instruct-2507,cdbee75f17c01a7cc42f958dc650907174af0554
35,heldout,8,62,4,29,number_tokens,27.625,23.0,22.75,-0.25,True,True,Qwen/Qwen3-4B-Instruct-2507,cdbee75f17c01a7cc42f958dc650907174af0554
35,heldout,8,62,4,29,random_positions,27.625,23.0,23.25,0.25,True,True,Qwen/Qwen3-4B-Instruct-2507,cdbee75f17c01a7cc42f958dc650907174af0554
35,heldout,8,62,4,30,answer_position,27.625,23.0,27.5,4.5,True,True,Qwen/Qwen3-4B-Instruct-2507,cdbee75f17c01a7cc42f958dc650907174af0554
35,heldout,8,62,4,30,number_tokens,27.625,23.0,22.75,-0.25,True,True,Qwen/Qwen3-4B-Instruct-2507,cdbee75f17c01a7cc42f958dc650907174af0554
35,heldout,8,62,4,30,random_positions,27.625,23.0,23.5,0.5,True,True,Qwen/Qwen3-4B-Instruct-2507,cdbee75f17c01a7cc42f958dc650907174af0554
35,heldout,8,62,4,31,answer_position,27.625,23.0,27.375,4.375,True,True,Qwen/Qwen3-4B-Instruct-2507,cdbee75f17c01a7cc42f958dc650907174af0554
35,heldout,8,62,4,31,number_tokens,27.625,23.0,22.75,-0.25,True,True,Qwen/Qwen3-4B-Instruct-2507,cdbee75f17c01a7cc42f958dc650907174af0554
35,heldout,8,62,4,31,random_positions,27.625,23.0,23.25,0.25,True,True,Qwen/Qwen3-4B-Instruct-2507,cdbee75f17c01a7cc42f958dc650907174af0554
35,heldout,8,62,4,32,answer_position,27.625,23.0,27.5,4.5,True,True,Qwen/Qwen3-4B-Instruct-2507,cdbee75f17c01a7cc42f958dc650907174af0554
35,heldout,8,62,4,32,number_tokens,27.625,23.0,22.5,-0.5,True,True,Qwen/Qwen3-4B-Instruct-2507,cdbee75f17c01a7cc42f958dc650907174af0554
35,heldout,8,62,4,32,random_positions,27.625,23.0,23.5,0.5,True,True,Qwen/Qwen3-4B-Instruct-2507,cdbee75f17c01a7cc42f958dc650907174af0554
35,heldout,8,62,4,33,answer_position,27.625,23.0,27.5,4.5,True,True,Qwen/Qwen3-4B-Instruct-2507,cdbee75f17c01a7cc42f958dc650907174af0554
35,heldout,8,62,4,33,number_tokens,27.625,23.0,22.5,-0.5,True,True,Qwen/Qwen3-4B-Instruct-2507,cdbee75f17c01a7cc42f958dc650907174af0554
35,heldout,8,62,4,33,random_positions,27.625,23.0,23.25,0.25,True,True,Qwen/Qwen3-4B-Instruct-2507,cdbee75f17c01a7cc42f958dc650907174af0554
35,heldout,8,62,4,34,answer_position,27.625,23.0,27.625,4.625,True,True,Qwen/Qwen3-4B-Instruct-2507,cdbee75f17c01a7cc42f958dc650907174af0554
35,heldout,8,62,4,34,number_tokens,27.625,23.0,22.75,-0.25,True,True,Qwen/Qwen3-4B-Instruct-2507,cdbee75f17c01a7cc42f958dc650907174af0554
35,heldout,8,62,4,34,random_positions,27.625,23.0,23.25,0.25,True,True,Qwen/Qwen3-4B-Instruct-2507,cdbee75f17c01a7cc42f958dc650907174af0554
35,heldout,8,62,4,35,answer_position,27.625,23.0,27.625,4.625,True,True,Qwen/Qwen3-4B-Instruct-2507,cdbee75f17c01a7cc42f958dc650907174af0554
35,heldout,8,62,4,35,number_tokens,27.625,23.0,23.0,0.0,True,True,Qwen/Qwen3-4B-Instruct-2507,cdbee75f17c01a7cc42f958dc650907174af0554
35,heldout,8,62,4,35,random_positions,27.625,23.0,23.0,0.0,True,True,Qwen/Qwen3-4B-Instruct-2507,cdbee75f17c01a7cc42f958dc650907174af0554
36,heldout,8,63,2,0,answer_position,27.875,23.0,23.0,0.0,True,True,Qwen/Qwen3-4B-Instruct-2507,cdbee75f17c01a7cc42f958dc650907174af0554
36,heldout,8,63,2,0,number_tokens,27.875,23.0,22.5,-0.5,True,True,Qwen/Qwen3-4B-Instruct-2507,cdbee75f17c01a7cc42f958dc650907174af0554
36,heldout,8,63,2,0,random_positions,27.875,23.0,-14.25,-37.25,True,False,Qwen/Qwen3-4B-Instruct-2507,cdbee75f17c01a7cc42f958dc650907174af0554
36,heldout,8,63,2,1,answer_position,27.875,23.0,22.5,-0.5,True,True,Qwen/Qwen3-4B-Instruct-2507,cdbee75f17c01a7cc42f958dc650907174af0554
36,heldout,8,63,2,1,number_tokens,27.875,23.0,23.5,0.5,True,True,Qwen/Qwen3-4B-Instruct-2507,cdbee75f17c01a7cc42f958dc650907174af0554
36,heldout,8,63,2,1,random_positions,27.875,23.0,-2.5,-25.5,True,False,Qwen/Qwen3-4B-Instruct-2507,cdbee75f17c01a7cc42f958dc650907174af0554
36,heldout,8,63,2,2,answer_position,27.875,23.0,22.75,-0.25,True,True,Qwen/Qwen3-4B-Instruct-2507,cdbee75f17c01a7cc42f958dc650907174af0554
36,heldout,8,63,2,2,number_tokens,27.875,23.0,24.375,1.375,True,True,Qwen/Qwen3-4B-Instruct-2507,cdbee75f17c01a7cc42f958dc650907174af0554
36,heldout,8,63,2,2,random_positions,27.875,23.0,-5.75,-28.75,True,False,Qwen/Qwen3-4B-Instruct-2507,cdbee75f17c01a7cc42f958dc650907174af0554
36,heldout,8,63,2,3,answer_position,27.875,23.0,22.75,-0.25,True,True,Qwen/Qwen3-4B-Instruct-2507,cdbee75f17c01a7cc42f958dc650907174af0554
36,heldout,8,63,2,3,number_tokens,27.875,23.0,23.75,0.75,True,True,Qwen/Qwen3-4B-Instruct-2507,cdbee75f17c01a7cc42f958dc650907174af0554
36,heldout,8,63,2,3,random_positions,27.875,23.0,-3.0,-26.0,True,False,Qwen/Qwen3-4B-Instruct-2507,cdbee75f17c01a7cc42f958dc650907174af0554
36,heldout,8,63,2,4,answer_position,27.875,23.0,23.0,0.0,True,True,Qwen/Qwen3-4B-Instruct-2507,cdbee75f17c01a7cc42f958dc650907174af0554
36,heldout,8,63,2,4,number_tokens,27.875,23.0,24.125,1.125,True,True,Qwen/Qwen3-4B-Instruct-2507,cdbee75f17c01a7cc42f958dc650907174af0554
36,heldout,8,63,2,4,random_positions,27.875,23.0,0.5,-22.5,True,True,Qwen/Qwen3-4B-Instruct-2507,cdbee75f17c01a7cc42f958dc650907174af0554
36,heldout,8,63,2,5,answer_position,27.875,23.0,22.75,-0.25,True,True,Qwen/Qwen3-4B-Instruct-2507,cdbee75f17c01a7cc42f958dc650907174af0554
36,heldout,8,63,2,5,number_tokens,27.875,23.0,22.75,-0.25,True,True,Qwen/Qwen3-4B-Instruct-2507,cdbee75f17c01a7cc42f958dc650907174af0554
36,heldout,8,63,2,5,random_positions,27.875,23.0,23.0,0.0,True,True,Qwen/Qwen3-4B-Instruct-2507,cdbee75f17c01a7cc42f958dc650907174af0554
36,heldout,8,63,2,6,answer_position,27.875,23.0,23.0,0.0,True,True,Qwen/Qwen3-4B-Instruct-2507,cdbee75f17c01a7cc42f958dc650907174af0554
36,heldout,8,63,2,6,number_tokens,27.875,23.0,23.25,0.25,True,True,Qwen/Qwen3-4B-Instruct-2507,cdbee75f17c01a7cc42f958dc650907174af0554
36,heldout,8,63,2,6,random_positions,27.875,23.0,23.0,0.0,True,True,Qwen/Qwen3-4B-Instruct-2507,cdbee75f17c01a7cc42f958dc650907174af0554
36,heldout,8,63,2,7,answer_position,27.875,23.0,23.0,0.0,True,True,Qwen/Qwen3-4B-Instruct-2507,cdbee75f17c01a7cc42f958dc650907174af0554
36,heldout,8,63,2,7,number_tokens,27.875,23.0,18.75,-4.25,True,True,Qwen/Qwen3-4B-Instruct-2507,cdbee75f17c01a7cc42f958dc650907174af0554
36,heldout,8,63,2,7,random_positions,27.875,23.0,23.125,0.125,True,True,Qwen/Qwen3-4B-Instruct-2507,cdbee75f17c01a7cc42f958dc650907174af0554
36,heldout,8,63,2,8,answer_position,27.875,23.0,23.0,0.0,True,True,Qwen/Qwen3-4B-Instruct-2507,cdbee75f17c01a7cc42f958dc650907174af0554
36,heldout,8,63,2,8,number_tokens,27.875,23.0,17.5,-5.5,True,True,Qwen/Qwen3-4B-Instruct-2507,cdbee75f17c01a7cc42f958dc650907174af0554
36,heldout,8,63,2,8,random_positions,27.875,23.0,22.75,-0.25,True,True,Qwen/Qwen3-4B-Instruct-2507,cdbee75f17c01a7cc42f958dc650907174af0554
36,heldout,8,63,2,9,answer_position,27.875,23.0,23.0,0.0,True,True,Qwen/Qwen3-4B-Instruct-2507,cdbee75f17c01a7cc42f958dc650907174af0554
36,heldout,8,63,2,9,number_tokens,27.875,23.0,-5.25,-28.25,True,False,Qwen/Qwen3-4B-Instruct-2507,cdbee75f17c01a7cc42f958dc650907174af0554
36,heldout,8,63,2,9,random_positions,27.875,23.0,22.5,-0.5,True,True,Qwen/Qwen3-4B-Instruct-2507,cdbee75f17c01a7cc42f958dc650907174af0554
36,heldout,8,63,2,10,answer_position,27.875,23.0,23.0,0.0,True,True,Qwen/Qwen3-4B-Instruct-2507,cdbee75f17c01a7cc42f958dc650907174af0554
36,heldout,8,63,2,10,number_tokens,27.875,23.0,-5.75,-28.75,True,False,Qwen/Qwen3-4B-Instruct-2507,cdbee75f17c01a7cc42f958dc650907174af0554
36,heldout,8,63,2,10,random_positions,27.875,23.0,22.5,-0.5,True,True,Qwen/Qwen3-4B-Instruct-2507,cdbee75f17c01a7cc42f958dc650907174af0554
36,heldout,8,63,2,11,answer_position,27.875,23.0,23.0,0.0,True,True,Qwen/Qwen3-4B-Instruct-2507,cdbee75f17c01a7cc42f958dc650907174af0554
36,heldout,8,63,2,11,number_tokens,27.875,23.0,-16.25,-39.25,True,False,Qwen/Qwen3-4B-Instruct-2507,cdbee75f17c01a7cc42f958dc650907174af0554
36,heldout,8,63,2,11,random_positions,27.875,23.0,23.0,0.0,True,True,Qwen/Qwen3-4B-Instruct-2507,cdbee75f17c01a7cc42f958dc650907174af0554
36,heldout,8,63,2,12,answer_position,27.875,23.0,22.5,-0.5,True,True,Qwen/Qwen3-4B-Instruct-2507,cdbee75f17c01a7cc42f958dc650907174af0554
36,heldout,8,63,2,12,number_tokens,27.875,23.0,2.75,-20.25,True,True,Qwen/Qwen3-4B-Instruct-2507,cdbee75f17c01a7cc42f958dc650907174af0554
36,heldout,8,63,2,12,random_positions,27.875,23.0,22.625,-0.375,True,True,Qwen/Qwen3-4B-Instruct-2507,cdbee75f17c01a7cc42f958dc650907174af0554
36,heldout,8,63,2,13,answer_position,27.875,23.0,23.0,0.0,True,True,Qwen/Qwen3-4B-Instruct-2507,cdbee75f17c01a7cc42f958dc650907174af0554
36,heldout,8,63,2,13,number_tokens,27.875,23.0,17.0,-6.0,True,True,Qwen/Qwen3-4B-Instruct-2507,cdbee75f17c01a7cc42f958dc650907174af0554
36,heldout,8,63,2,13,random_positions,27.875,23.0,23.5,0.5,True,True,Qwen/Qwen3-4B-Instruct-2507,cdbee75f17c01a7cc42f958dc650907174af0554
36,heldout,8,63,2,14,answer_position,27.875,23.0,22.75,-0.25,True,True,Qwen/Qwen3-4B-Instruct-2507,cdbee75f17c01a7cc42f958dc650907174af0554
36,heldout,8,63,2,14,number_tokens,27.875,23.0,22.625,-0.375,True,True,Qwen/Qwen3-4B-Instruct-2507,cdbee75f17c01a7cc42f958dc650907174af0554
36,heldout,8,63,2,14,random_positions,27.875,23.0,22.75,-0.25,True,True,Qwen/Qwen3-4B-Instruct-2507,cdbee75f17c01a7cc42f958dc650907174af0554
36,heldout,8,63,2,15,answer_position,27.875,23.0,22.5,-0.5,True,True,Qwen/Qwen3-4B-Instruct-2507,cdbee75f17c01a7cc42f958dc650907174af0554
36,heldout,8,63,2,15,number_tokens,27.875,23.0,25.625,2.625,True,True,Qwen/Qwen3-4B-Instruct-2507,cdbee75f17c01a7cc42f958dc650907174af0554
36,heldout,8,63,2,15,random_positions,27.875,23.0,23.375,0.375,True,True,Qwen/Qwen3-4B-Instruct-2507,cdbee75f17c01a7cc42f958dc650907174af0554
36,heldout,8,63,2,16,answer_position,27.875,23.0,23.0,0.0,True,True,Qwen/Qwen3-4B-Instruct-2507,cdbee75f17c01a7cc42f958dc650907174af0554
36,heldout,8,63,2,16,number_tokens,27.875,23.0,25.875,2.875,True,True,Qwen/Qwen3-4B-Instruct-2507,cdbee75f17c01a7cc42f958dc650907174af0554
36,heldout,8,63,2,16,random_positions,27.875,23.0,23.125,0.125,True,True,Qwen/Qwen3-4B-Instruct-2507,cdbee75f17c01a7cc42f958dc650907174af0554
36,heldout,8,63,2,17,answer_position,27.875,23.0,22.5,-0.5,True,True,Qwen/Qwen3-4B-Instruct-2507,cdbee75f17c01a7cc42f958dc650907174af0554
36,heldout,8,63,2,17,number_tokens,27.875,23.0,25.125,2.125,True,True,Qwen/Qwen3-4B-Instruct-2507,cdbee75f17c01a7cc42f958dc650907174af0554
36,heldout,8,63,2,17,random_positions,27.875,23.0,22.75,-0.25,True,True,Qwen/Qwen3-4B-Instruct-2507,cdbee75f17c01a7cc42f958dc650907174af0554
36,heldout,8,63,2,18,answer_position,27.875,23.0,22.75,-0.25,True,True,Qwen/Qwen3-4B-Instruct-2507,cdbee75f17c01a7cc42f958dc650907174af0554
36,heldout,8,63,2,18,number_tokens,27.875,23.0,23.25,0.25,True,True,Qwen/Qwen3-4B-Instruct-2507,cdbee75f17c01a7cc42f958dc650907174af0554
36,heldout,8,63,2,18,random_positions,27.875,23.0,22.75,-0.25,True,True,Qwen/Qwen3-4B-Instruct-2507,cdbee75f17c01a7cc42f958dc650907174af0554
36,heldout,8,63,2,19,answer_position,27.875,23.0,23.75,0.75,True,True,Qwen/Qwen3-4B-Instruct-2507,cdbee75f17c01a7cc42f958dc650907174af0554
36,heldout,8,63,2,19,number_tokens,27.875,23.0,21.25,-1.75,True,True,Qwen/Qwen3-4B-Instruct-2507,cdbee75f17c01a7cc42f958dc650907174af0554
36,heldout,8,63,2,19,random_positions,27.875,23.0,22.5,-0.5,True,True,Qwen/Qwen3-4B-Instruct-2507,cdbee75f17c01a7cc42f958dc650907174af0554
36,heldout,8,63,2,20,answer_position,27.875,23.0,24.125,1.125,True,True,Qwen/Qwen3-4B-Instruct-2507,cdbee75f17c01a7cc42f958dc650907174af0554
36,heldout,8,63,2,20,number_tokens,27.875,23.0,22.0,-1.0,True,True,Qwen/Qwen3-4B-Instruct-2507,cdbee75f17c01a7cc42f958dc650907174af0554
36,heldout,8,63,2,20,random_positions,27.875,23.0,22.5,-0.5,True,True,Qwen/Qwen3-4B-Instruct-2507,cdbee75f17c01a7cc42f958dc650907174af0554
36,heldout,8,63,2,21,answer_position,27.875,23.0,26.0,3.0,True,True,Qwen/Qwen3-4B-Instruct-2507,cdbee75f17c01a7cc42f958dc650907174af0554
36,heldout,8,63,2,21,number_tokens,27.875,23.0,22.25,-0.75,True,True,Qwen/Qwen3-4B-Instruct-2507,cdbee75f17c01a7cc42f958dc650907174af0554
36,heldout,8,63,2,21,random_positions,27.875,23.0,22.5,-0.5,True,True,Qwen/Qwen3-4B-Instruct-2507,cdbee75f17c01a7cc42f958dc650907174af0554
36,heldout,8,63,2,22,answer_position,27.875,23.0,26.5,3.5,True,True,Qwen/Qwen3-4B-Instruct-2507,cdbee75f17c01a7cc42f958dc650907174af0554
36,heldout,8,63,2,22,number_tokens,27.875,23.0,22.25,-0.75,True,True,Qwen/Qwen3-4B-Instruct-2507,cdbee75f17c01a7cc42f958dc650907174af0554
36,heldout,8,63,2,22,random_positions,27.875,23.0,22.25,-0.75,True,True,Qwen/Qwen3-4B-Instruct-2507,cdbee75f17c01a7cc42f958dc650907174af0554
36,heldout,8,63,2,23,answer_position,27.875,23.0,26.25,3.25,True,True,Qwen/Qwen3-4B-Instruct-2507,cdbee75f17c01a7cc42f958dc650907174af0554
36,heldout,8,63,2,23,number_tokens,27.875,23.0,22.75,-0.25,True,True,Qwen/Qwen3-4B-Instruct-2507,cdbee75f17c01a7cc42f958dc650907174af0554
36,heldout,8,63,2,23,random_positions,27.875,23.0,22.5,-0.5,True,True,Qwen/Qwen3-4B-Instruct-2507,cdbee75f17c01a7cc42f958dc650907174af0554
36,heldout,8,63,2,24,answer_position,27.875,23.0,27.125,4.125,True,True,Qwen/Qwen3-4B-Instruct-2507,cdbee75f17c01a7cc42f958dc650907174af0554
36,heldout,8,63,2,24,number_tokens,27.875,23.0,22.5,-0.5,True,True,Qwen/Qwen3-4B-Instruct-2507,cdbee75f17c01a7cc42f958dc650907174af0554
36,heldout,8,63,2,24,random_positions,27.875,23.0,22.75,-0.25,True,True,Qwen/Qwen3-4B-Instruct-2507,cdbee75f17c01a7cc42f958dc650907174af0554
36,heldout,8,63,2,25,answer_position,27.875,23.0,27.0,4.0,True,True,Qwen/Qwen3-4B-Instruct-2507,cdbee75f17c01a7cc42f958dc650907174af0554
36,heldout,8,63,2,25,number_tokens,27.875,23.0,22.75,-0.25,True,True,Qwen/Qwen3-4B-Instruct-2507,cdbee75f17c01a7cc42f958dc650907174af0554
36,heldout,8,63,2,25,random_positions,27.875,23.0,22.75,-0.25,True,True,Qwen/Qwen3-4B-Instruct-2507,cdbee75f17c01a7cc42f958dc650907174af0554
36,heldout,8,63,2,26,answer_position,27.875,23.0,26.875,3.875,True,True,Qwen/Qwen3-4B-Instruct-2507,cdbee75f17c01a7cc42f958dc650907174af0554
36,heldout,8,63,2,26,number_tokens,27.875,23.0,22.75,-0.25,True,True,Qwen/Qwen3-4B-Instruct-2507,cdbee75f17c01a7cc42f958dc650907174af0554
36,heldout,8,63,2,26,random_positions,27.875,23.0,22.5,-0.5,True,True,Qwen/Qwen3-4B-Instruct-2507,cdbee75f17c01a7cc42f958dc650907174af0554
36,heldout,8,63,2,27,answer_position,27.875,23.0,26.625,3.625,True,True,Qwen/Qwen3-4B-Instruct-2507,cdbee75f17c01a7cc42f958dc650907174af0554
36,heldout,8,63,2,27,number_tokens,27.875,23.0,22.75,-0.25,True,True,Qwen/Qwen3-4B-Instruct-2507,cdbee75f17c01a7cc42f958dc650907174af0554
36,heldout,8,63,2,27,random_positions,27.875,23.0,22.5,-0.5,True,True,Qwen/Qwen3-4B-Instruct-2507,cdbee75f17c01a7cc42f958dc650907174af0554
36,heldout,8,63,2,28,answer_position,27.875,23.0,27.0,4.0,True,True,Qwen/Qwen3-4B-Instruct-2507,cdbee75f17c01a7cc42f958dc650907174af0554
36,heldout,8,63,2,28,number_tokens,27.875,23.0,23.0,0.0,True,True,Qwen/Qwen3-4B-Instruct-2507,cdbee75f17c01a7cc42f958dc650907174af0554
36,heldout,8,63,2,28,random_positions,27.875,23.0,22.75,-0.25,True,True,Qwen/Qwen3-4B-Instruct-2507,cdbee75f17c01a7cc42f958dc650907174af0554
36,heldout,8,63,2,29,answer_position,27.875,23.0,27.0,4.0,True,True,Qwen/Qwen3-4B-Instruct-2507,cdbee75f17c01a7cc42f958dc650907174af0554
36,heldout,8,63,2,29,number_tokens,27.875,23.0,23.0,0.0,True,True,Qwen/Qwen3-4B-Instruct-2507,cdbee75f17c01a7cc42f958dc650907174af0554
36,heldout,8,63,2,29,random_positions,27.875,23.0,22.75,-0.25,True,True,Qwen/Qwen3-4B-Instruct-2507,cdbee75f17c01a7cc42f958dc650907174af0554
36,heldout,8,63,2,30,answer_position,27.875,23.0,27.125,4.125,True,True,Qwen/Qwen3-4B-Instruct-2507,cdbee75f17c01a7cc42f958dc650907174af0554
36,heldout,8,63,2,30,number_tokens,27.875,23.0,22.75,-0.25,True,True,Qwen/Qwen3-4B-Instruct-2507,cdbee75f17c01a7cc42f958dc650907174af0554
36,heldout,8,63,2,30,random_positions,27.875,23.0,22.75,-0.25,True,True,Qwen/Qwen3-4B-Instruct-2507,cdbee75f17c01a7cc42f958dc650907174af0554
36,heldout,8,63,2,31,answer_position,27.875,23.0,27.25,4.25,True,True,Qwen/Qwen3-4B-Instruct-2507,cdbee75f17c01a7cc42f958dc650907174af0554
36,heldout,8,63,2,31,number_tokens,27.875,23.0,23.0,0.0,True,True,Qwen/Qwen3-4B-Instruct-2507,cdbee75f17c01a7cc42f958dc650907174af0554
36,heldout,8,63,2,31,random_positions,27.875,23.0,22.75,-0.25,True,True,Qwen/Qwen3-4B-Instruct-2507,cdbee75f17c01a7cc42f958dc650907174af0554
36,heldout,8,63,2,32,answer_position,27.875,23.0,27.25,4.25,True,True,Qwen/Qwen3-4B-Instruct-2507,cdbee75f17c01a7cc42f958dc650907174af0554
36,heldout,8,63,2,32,number_tokens,27.875,23.0,23.0,0.0,True,True,Qwen/Qwen3-4B-Instruct-2507,cdbee75f17c01a7cc42f958dc650907174af0554
36,heldout,8,63,2,32,random_positions,27.875,23.0,22.75,-0.25,True,True,Qwen/Qwen3-4B-Instruct-2507,cdbee75f17c01a7cc42f958dc650907174af0554
36,heldout,8,63,2,33,answer_position,27.875,23.0,27.25,4.25,True,True,Qwen/Qwen3-4B-Instruct-2507,cdbee75f17c01a7cc42f958dc650907174af0554
36,heldout,8,63,2,33,number_tokens,27.875,23.0,23.0,0.0,True,True,Qwen/Qwen3-4B-Instruct-2507,cdbee75f17c01a7cc42f958dc650907174af0554
36,heldout,8,63,2,33,random_positions,27.875,23.0,23.0,0.0,True,True,Qwen/Qwen3-4B-Instruct-2507,cdbee75f17c01a7cc42f958dc650907174af0554
36,heldout,8,63,2,34,answer_position,27.875,23.0,27.5,4.5,True,True,Qwen/Qwen3-4B-Instruct-2507,cdbee75f17c01a7cc42f958dc650907174af0554
36,heldout,8,63,2,34,number_tokens,27.875,23.0,23.0,0.0,True,True,Qwen/Qwen3-4B-Instruct-2507,cdbee75f17c01a7cc42f958dc650907174af0554
36,heldout,8,63,2,34,random_positions,27.875,23.0,23.0,0.0,True,True,Qwen/Qwen3-4B-Instruct-2507,cdbee75f17c01a7cc42f958dc650907174af0554
36,heldout,8,63,2,35,answer_position,27.875,23.0,27.875,4.875,True,True,Qwen/Qwen3-4B-Instruct-2507,cdbee75f17c01a7cc42f958dc650907174af0554
36,heldout,8,63,2,35,number_tokens,27.875,23.0,23.0,0.0,True,True,Qwen/Qwen3-4B-Instruct-2507,cdbee75f17c01a7cc42f958dc650907174af0554
36,heldout,8,63,2,35,random_positions,27.875,23.0,23.0,0.0,True,True,Qwen/Qwen3-4B-Instruct-2507,cdbee75f17c01a7cc42f958dc650907174af0554
37,heldout,8,64,3,0,answer_position,27.875,22.25,22.5,0.25,True,True,Qwen/Qwen3-4B-Instruct-2507,cdbee75f17c01a7cc42f958dc650907174af0554
37,heldout,8,64,3,0,number_tokens,27.875,22.25,22.5,0.25,True,True,Qwen/Qwen3-4B-Instruct-2507,cdbee75f17c01a7cc42f958dc650907174af0554
37,heldout,8,64,3,0,random_positions,27.875,22.25,22.5,0.25,True,True,Qwen/Qwen3-4B-Instruct-2507,cdbee75f17c01a7cc42f958dc650907174af0554
37,heldout,8,64,3,1,answer_position,27.875,22.25,22.5,0.25,True,True,Qwen/Qwen3-4B-Instruct-2507,cdbee75f17c01a7cc42f958dc650907174af0554
37,heldout,8,64,3,1,number_tokens,27.875,22.25,23.25,1.0,True,True,Qwen/Qwen3-4B-Instruct-2507,cdbee75f17c01a7cc42f958dc650907174af0554
37,heldout,8,64,3,1,random_positions,27.875,22.25,22.5,0.25,True,True,Qwen/Qwen3-4B-Instruct-2507,cdbee75f17c01a7cc42f958dc650907174af0554
37,heldout,8,64,3,2,answer_position,27.875,22.25,22.5,0.25,True,True,Qwen/Qwen3-4B-Instruct-2507,cdbee75f17c01a7cc42f958dc650907174af0554
37,heldout,8,64,3,2,number_tokens,27.875,22.25,24.125,1.875,True,True,Qwen/Qwen3-4B-Instruct-2507,cdbee75f17c01a7cc42f958dc650907174af0554
37,heldout,8,64,3,2,random_positions,27.875,22.25,22.25,0.0,True,True,Qwen/Qwen3-4B-Instruct-2507,cdbee75f17c01a7cc42f958dc650907174af0554
37,heldout,8,64,3,3,answer_position,27.875,22.25,22.5,0.25,True,True,Qwen/Qwen3-4B-Instruct-2507,cdbee75f17c01a7cc42f958dc650907174af0554
37,heldout,8,64,3,3,number_tokens,27.875,22.25,22.25,0.0,True,True,Qwen/Qwen3-4B-Instruct-2507,cdbee75f17c01a7cc42f958dc650907174af0554
37,heldout,8,64,3,3,random_positions,27.875,22.25,22.5,0.25,True,True,Qwen/Qwen3-4B-Instruct-2507,cdbee75f17c01a7cc42f958dc650907174af0554
37,heldout,8,64,3,4,answer_position,27.875,22.25,22.5,0.25,True,True,Qwen/Qwen3-4B-Instruct-2507,cdbee75f17c01a7cc42f958dc650907174af0554
37,heldout,8,64,3,4,number_tokens,27.875,22.25,22.75,0.5,True,True,Qwen/Qwen3-4B-Instruct-2507,cdbee75f17c01a7cc42f958dc650907174af0554
37,heldout,8,64,3,4,random_positions,27.875,22.25,22.5,0.25,True,True,Qwen/Qwen3-4B-Instruct-2507,cdbee75f17c01a7cc42f958dc650907174af0554
37,heldout,8,64,3,5,answer_position,27.875,22.25,22.25,0.0,True,True,Qwen/Qwen3-4B-Instruct-2507,cdbee75f17c01a7cc42f958dc650907174af0554
37,heldout,8,64,3,5,number_tokens,27.875,22.25,16.75,-5.5,True,True,Qwen/Qwen3-4B-Instruct-2507,cdbee75f17c01a7cc42f958dc650907174af0554
37,heldout,8,64,3,5,random_positions,27.875,22.25,22.75,0.5,True,True,Qwen/Qwen3-4B-Instruct-2507,cdbee75f17c01a7cc42f958dc650907174af0554
37,heldout,8,64,3,6,answer_position,27.875,22.25,22.25,0.0,True,True,Qwen/Qwen3-4B-Instruct-2507,cdbee75f17c01a7cc42f958dc650907174af0554
37,heldout,8,64,3,6,number_tokens,27.875,22.25,20.25,-2.0,True,True,Qwen/Qwen3-4B-Instruct-2507,cdbee75f17c01a7cc42f958dc650907174af0554
37,heldout,8,64,3,6,random_positions,27.875,22.25,22.0,-0.25,True,True,Qwen/Qwen3-4B-Instruct-2507,cdbee75f17c01a7cc42f958dc650907174af0554
37,heldout,8,64,3,7,answer_position,27.875,22.25,22.5,0.25,True,True,Qwen/Qwen3-4B-Instruct-2507,cdbee75f17c01a7cc42f958dc650907174af0554
37,heldout,8,64,3,7,number_tokens,27.875,22.25,0.25,-22.0,True,True,Qwen/Qwen3-4B-Instruct-2507,cdbee75f17c01a7cc42f958dc650907174af0554
37,heldout,8,64,3,7,random_positions,27.875,22.25,22.5,0.25,True,True,Qwen/Qwen3-4B-Instruct-2507,cdbee75f17c01a7cc42f958dc650907174af0554
37,heldout,8,64,3,8,answer_position,27.875,22.25,22.25,0.0,True,True,Qwen/Qwen3-4B-Instruct-2507,cdbee75f17c01a7cc42f958dc650907174af0554
37,heldout,8,64,3,8,number_tokens,27.875,22.25,6.75,-15.5,True,True,Qwen/Qwen3-4B-Instruct-2507,cdbee75f17c01a7cc42f958dc650907174af0554
37,heldout,8,64,3,8,random_positions,27.875,22.25,22.5,0.25,True,True,Qwen/Qwen3-4B-Instruct-2507,cdbee75f17c01a7cc42f958dc650907174af0554
37,heldout,8,64,3,9,answer_position,27.875,22.25,22.5,0.25,True,True,Qwen/Qwen3-4B-Instruct-2507,cdbee75f17c01a7cc42f958dc650907174af0554
37,heldout,8,64,3,9,number_tokens,27.875,22.25,-4.0,-26.25,True,False,Qwen/Qwen3-4B-Instruct-2507,cdbee75f17c01a7cc42f958dc650907174af0554
37,heldout,8,64,3,9,random_positions,27.875,22.25,22.5,0.25,True,True,Qwen/Qwen3-4B-Instruct-2507,cdbee75f17c01a7cc42f958dc650907174af0554
37,heldout,8,64,3,10,answer_position,27.875,22.25,22.5,0.25,True,True,Qwen/Qwen3-4B-Instruct-2507,cdbee75f17c01a7cc42f958dc650907174af0554
37,heldout,8,64,3,10,number_tokens,27.875,22.25,-3.0,-25.25,True,False,Qwen/Qwen3-4B-Instruct-2507,cdbee75f17c01a7cc42f958dc650907174af0554
37,heldout,8,64,3,10,random_positions,27.875,22.25,22.75,0.5,True,True,Qwen/Qwen3-4B-Instruct-2507,cdbee75f17c01a7cc42f958dc650907174af0554
37,heldout,8,64,3,11,answer_position,27.875,22.25,22.5,0.25,True,True,Qwen/Qwen3-4B-Instruct-2507,cdbee75f17c01a7cc42f958dc650907174af0554
37,heldout,8,64,3,11,number_tokens,27.875,22.25,-9.75,-32.0,True,False,Qwen/Qwen3-4B-Instruct-2507,cdbee75f17c01a7cc42f958dc650907174af0554
37,heldout,8,64,3,11,random_positions,27.875,22.25,23.25,1.0,True,True,Qwen/Qwen3-4B-Instruct-2507,cdbee75f17c01a7cc42f958dc650907174af0554
37,heldout,8,64,3,12,answer_position,27.875,22.25,22.25,0.0,True,True,Qwen/Qwen3-4B-Instruct-2507,cdbee75f17c01a7cc42f958dc650907174af0554
37,heldout,8,64,3,12,number_tokens,27.875,22.25,2.5,-19.75,True,True,Qwen/Qwen3-4B-Instruct-2507,cdbee75f17c01a7cc42f958dc650907174af0554
37,heldout,8,64,3,12,random_positions,27.875,22.25,22.75,0.5,True,True,Qwen/Qwen3-4B-Instruct-2507,cdbee75f17c01a7cc42f958dc650907174af0554
37,heldout,8,64,3,13,answer_position,27.875,22.25,22.5,0.25,True,True,Qwen/Qwen3-4B-Instruct-2507,cdbee75f17c01a7cc42f958dc650907174af0554
37,heldout,8,64,3,13,number_tokens,27.875,22.25,15.5,-6.75,True,True,Qwen/Qwen3-4B-Instruct-2507,cdbee75f17c01a7cc42f958dc650907174af0554
37,heldout,8,64,3,13,random_positions,27.875,22.25,23.0,0.75,True,True,Qwen/Qwen3-4B-Instruct-2507,cdbee75f17c01a7cc42f958dc650907174af0554
37,heldout,8,64,3,14,answer_position,27.875,22.25,22.5,0.25,True,True,Qwen/Qwen3-4B-Instruct-2507,cdbee75f17c01a7cc42f958dc650907174af0554
37,heldout,8,64,3,14,number_tokens,27.875,22.25,22.0,-0.25,True,True,Qwen/Qwen3-4B-Instruct-2507,cdbee75f17c01a7cc42f958dc650907174af0554
37,heldout,8,64,3,14,random_positions,27.875,22.25,24.0,1.75,True,True,Qwen/Qwen3-4B-Instruct-2507,cdbee75f17c01a7cc42f958dc650907174af0554
37,heldout,8,64,3,15,answer_position,27.875,22.25,22.5,0.25,True,True,Qwen/Qwen3-4B-Instruct-2507,cdbee75f17c01a7cc42f958dc650907174af0554
37,heldout,8,64,3,15,number_tokens,27.875,22.25,25.5,3.25,True,True,Qwen/Qwen3-4B-Instruct-2507,cdbee75f17c01a7cc42f958dc650907174af0554
37,heldout,8,64,3,15,random_positions,27.875,22.25,24.0,1.75,True,True,Qwen/Qwen3-4B-Instruct-2507,cdbee75f17c01a7cc42f958dc650907174af0554
37,heldout,8,64,3,16,answer_position,27.875,22.25,22.5,0.25,True,True,Qwen/Qwen3-4B-Instruct-2507,cdbee75f17c01a7cc42f958dc650907174af0554
37,heldout,8,64,3,16,number_tokens,27.875,22.25,25.875,3.625,True,True,Qwen/Qwen3-4B-Instruct-2507,cdbee75f17c01a7cc42f958dc650907174af0554
37,heldout,8,64,3,16,random_positions,27.875,22.25,24.125,1.875,True,True,Qwen/Qwen3-4B-Instruct-2507,cdbee75f17c01a7cc42f958dc650907174af0554
37,heldout,8,64,3,17,answer_position,27.875,22.25,22.5,0.25,True,True,Qwen/Qwen3-4B-Instruct-2507,cdbee75f17c01a7cc42f958dc650907174af0554
37,heldout,8,64,3,17,number_tokens,27.875,22.25,25.125,2.875,True,True,Qwen/Qwen3-4B-Instruct-2507,cdbee75f17c01a7cc42f958dc650907174af0554
37,heldout,8,64,3,17,random_positions,27.875,22.25,24.125,1.875,True,True,Qwen/Qwen3-4B-Instruct-2507,cdbee75f17c01a7cc42f958dc650907174af0554
37,heldout,8,64,3,18,answer_position,27.875,22.25,22.25,0.0,True,True,Qwen/Qwen3-4B-Instruct-2507,cdbee75f17c01a7cc42f958dc650907174af0554
37,heldout,8,64,3,18,number_tokens,27.875,22.25,23.0,0.75,True,True,Qwen/Qwen3-4B-Instruct-2507,cdbee75f17c01a7cc42f958dc650907174af0554
37,heldout,8,64,3,18,random_positions,27.875,22.25,25.625,3.375,True,True,Qwen/Qwen3-4B-Instruct-2507,cdbee75f17c01a7cc42f958dc650907174af0554
37,heldout,8,64,3,19,answer_position,27.875,22.25,23.5,1.25,True,True,Qwen/Qwen3-4B-Instruct-2507,cdbee75f17c01a7cc42f958dc650907174af0554
37,heldout,8,64,3,19,number_tokens,27.875,22.25,21.5,-0.75,True,True,Qwen/Qwen3-4B-Instruct-2507,cdbee75f17c01a7cc42f958dc650907174af0554
37,heldout,8,64,3,19,random_positions,27.875,22.25,25.0,2.75,True,True,Qwen/Qwen3-4B-Instruct-2507,cdbee75f17c01a7cc42f958dc650907174af0554
37,heldout,8,64,3,20,answer_position,27.875,22.25,24.125,1.875,True,True,Qwen/Qwen3-4B-Instruct-2507,cdbee75f17c01a7cc42f958dc650907174af0554
37,heldout,8,64,3,20,number_tokens,27.875,22.25,22.0,-0.25,True,True,Qwen/Qwen3-4B-Instruct-2507,cdbee75f17c01a7cc42f958dc650907174af0554
37,heldout,8,64,3,20,random_positions,27.875,22.25,23.875,1.625,True,True,Qwen/Qwen3-4B-Instruct-2507,cdbee75f17c01a7cc42f958dc650907174af0554
37,heldout,8,64,3,21,answer_position,27.875,22.25,26.375,4.125,True,True,Qwen/Qwen3-4B-Instruct-2507,cdbee75f17c01a7cc42f958dc650907174af0554
37,heldout,8,64,3,21,number_tokens,27.875,22.25,22.0,-0.25,True,True,Qwen/Qwen3-4B-Instruct-2507,cdbee75f17c01a7cc42f958dc650907174af0554
37,heldout,8,64,3,21,random_positions,27.875,22.25,22.75,0.5,True,True,Qwen/Qwen3-4B-Instruct-2507,cdbee75f17c01a7cc42f958dc650907174af0554
37,heldout,8,64,3,22,answer_position,27.875,22.25,26.75,4.5,True,True,Qwen/Qwen3-4B-Instruct-2507,cdbee75f17c01a7cc42f958dc650907174af0554
37,heldout,8,64,3,22,number_tokens,27.875,22.25,22.0,-0.25,True,True,Qwen/Qwen3-4B-Instruct-2507,cdbee75f17c01a7cc42f958dc650907174af0554
37,heldout,8,64,3,22,random_positions,27.875,22.25,22.5,0.25,True,True,Qwen/Qwen3-4B-Instruct-2507,cdbee75f17c01a7cc42f958dc650907174af0554
37,heldout,8,64,3,23,answer_position,27.875,22.25,26.25,4.0,True,True,Qwen/Qwen3-4B-Instruct-2507,cdbee75f17c01a7cc42f958dc650907174af0554
37,heldout,8,64,3,23,number_tokens,27.875,22.25,22.0,-0.25,True,True,Qwen/Qwen3-4B-Instruct-2507,cdbee75f17c01a7cc42f958dc650907174af0554
37,heldout,8,64,3,23,random_positions,27.875,22.25,23.0,0.75,True,True,Qwen/Qwen3-4B-Instruct-2507,cdbee75f17c01a7cc42f958dc650907174af0554
37,heldout,8,64,3,24,answer_position,27.875,22.25,27.375,5.125,True,True,Qwen/Qwen3-4B-Instruct-2507,cdbee75f17c01a7cc42f958dc650907174af0554
37,heldout,8,64,3,24,number_tokens,27.875,22.25,22.25,0.0,True,True,Qwen/Qwen3-4B-Instruct-2507,cdbee75f17c01a7cc42f958dc650907174af0554
37,heldout,8,64,3,24,random_positions,27.875,22.25,22.5,0.25,True,True,Qwen/Qwen3-4B-Instruct-2507,cdbee75f17c01a7cc42f958dc650907174af0554
37,heldout,8,64,3,25,answer_position,27.875,22.25,27.125,4.875,True,True,Qwen/Qwen3-4B-Instruct-2507,cdbee75f17c01a7cc42f958dc650907174af0554
37,heldout,8,64,3,25,number_tokens,27.875,22.25,22.25,0.0,True,True,Qwen/Qwen3-4B-Instruct-2507,cdbee75f17c01a7cc42f958dc650907174af0554
37,heldout,8,64,3,25,random_positions,27.875,22.25,22.75,0.5,True,True,Qwen/Qwen3-4B-Instruct-2507,cdbee75f17c01a7cc42f958dc650907174af0554
37,heldout,8,64,3,26,answer_position,27.875,22.25,27.125,4.875,True,True,Qwen/Qwen3-4B-Instruct-2507,cdbee75f17c01a7cc42f958dc650907174af0554
37,heldout,8,64,3,26,number_tokens,27.875,22.25,22.25,0.0,True,True,Qwen/Qwen3-4B-Instruct-2507,cdbee75f17c01a7cc42f958dc650907174af0554
37,heldout,8,64,3,26,random_positions,27.875,22.25,22.5,0.25,True,True,Qwen/Qwen3-4B-Instruct-2507,cdbee75f17c01a7cc42f958dc650907174af0554
37,heldout,8,64,3,27,answer_position,27.875,22.25,26.875,4.625,True,True,Qwen/Qwen3-4B-Instruct-2507,cdbee75f17c01a7cc42f958dc650907174af0554
37,heldout,8,64,3,27,number_tokens,27.875,22.25,22.25,0.0,True,True,Qwen/Qwen3-4B-Instruct-2507,cdbee75f17c01a7cc42f958dc650907174af0554
37,heldout,8,64,3,27,random_positions,27.875,22.25,22.75,0.5,True,True,Qwen/Qwen3-4B-Instruct-2507,cdbee75f17c01a7cc42f958dc650907174af0554
37,heldout,8,64,3,28,answer_position,27.875,22.25,27.375,5.125,True,True,Qwen/Qwen3-4B-Instruct-2507,cdbee75f17c01a7cc42f958dc650907174af0554
37,heldout,8,64,3,28,number_tokens,27.875,22.25,22.5,0.25,True,True,Qwen/Qwen3-4B-Instruct-2507,cdbee75f17c01a7cc42f958dc650907174af0554
37,heldout,8,64,3,28,random_positions,27.875,22.25,22.5,0.25,True,True,Qwen/Qwen3-4B-Instruct-2507,cdbee75f17c01a7cc42f958dc650907174af0554
37,heldout,8,64,3,29,answer_position,27.875,22.25,27.25,5.0,True,True,Qwen/Qwen3-4B-Instruct-2507,cdbee75f17c01a7cc42f958dc650907174af0554
37,heldout,8,64,3,29,number_tokens,27.875,22.25,22.5,0.25,True,True,Qwen/Qwen3-4B-Instruct-2507,cdbee75f17c01a7cc42f958dc650907174af0554
37,heldout,8,64,3,29,random_positions,27.875,22.25,22.5,0.25,True,True,Qwen/Qwen3-4B-Instruct-2507,cdbee75f17c01a7cc42f958dc650907174af0554
37,heldout,8,64,3,30,answer_position,27.875,22.25,27.25,5.0,True,True,Qwen/Qwen3-4B-Instruct-2507,cdbee75f17c01a7cc42f958dc650907174af0554
37,heldout,8,64,3,30,number_tokens,27.875,22.25,22.25,0.0,True,True,Qwen/Qwen3-4B-Instruct-2507,cdbee75f17c01a7cc42f958dc650907174af0554
37,heldout,8,64,3,30,random_positions,27.875,22.25,22.5,0.25,True,True,Qwen/Qwen3-4B-Instruct-2507,cdbee75f17c01a7cc42f958dc650907174af0554
37,heldout,8,64,3,31,answer_position,27.875,22.25,27.375,5.125,True,True,Qwen/Qwen3-4B-Instruct-2507,cdbee75f17c01a7cc42f958dc650907174af0554
37,heldout,8,64,3,31,number_tokens,27.875,22.25,22.5,0.25,True,True,Qwen/Qwen3-4B-Instruct-2507,cdbee75f17c01a7cc42f958dc650907174af0554
37,heldout,8,64,3,31,random_positions,27.875,22.25,22.5,0.25,True,True,Qwen/Qwen3-4B-Instruct-2507,cdbee75f17c01a7cc42f958dc650907174af0554
37,heldout,8,64,3,32,answer_position,27.875,22.25,27.375,5.125,True,True,Qwen/Qwen3-4B-Instruct-2507,cdbee75f17c01a7cc42f958dc650907174af0554
37,heldout,8,64,3,32,number_tokens,27.875,22.25,22.25,0.0,True,True,Qwen/Qwen3-4B-Instruct-2507,cdbee75f17c01a7cc42f958dc650907174af0554
37,heldout,8,64,3,32,random_positions,27.875,22.25,22.5,0.25,True,True,Qwen/Qwen3-4B-Instruct-2507,cdbee75f17c01a7cc42f958dc650907174af0554
37,heldout,8,64,3,33,answer_position,27.875,22.25,27.375,5.125,True,True,Qwen/Qwen3-4B-Instruct-2507,cdbee75f17c01a7cc42f958dc650907174af0554
37,heldout,8,64,3,33,number_tokens,27.875,22.25,22.25,0.0,True,True,Qwen/Qwen3-4B-Instruct-2507,cdbee75f17c01a7cc42f958dc650907174af0554
37,heldout,8,64,3,33,random_positions,27.875,22.25,22.5,0.25,True,True,Qwen/Qwen3-4B-Instruct-2507,cdbee75f17c01a7cc42f958dc650907174af0554
37,heldout,8,64,3,34,answer_position,27.875,22.25,27.5,5.25,True,True,Qwen/Qwen3-4B-Instruct-2507,cdbee75f17c01a7cc42f958dc650907174af0554
37,heldout,8,64,3,34,number_tokens,27.875,22.25,22.25,0.0,True,True,Qwen/Qwen3-4B-Instruct-2507,cdbee75f17c01a7cc42f958dc650907174af0554
37,heldout,8,64,3,34,random_positions,27.875,22.25,22.5,0.25,True,True,Qwen/Qwen3-4B-Instruct-2507,cdbee75f17c01a7cc42f958dc650907174af0554
37,heldout,8,64,3,35,answer_position,27.875,22.25,27.875,5.625,True,True,Qwen/Qwen3-4B-Instruct-2507,cdbee75f17c01a7cc42f958dc650907174af0554
37,heldout,8,64,3,35,number_tokens,27.875,22.25,22.25,0.0,True,True,Qwen/Qwen3-4B-Instruct-2507,cdbee75f17c01a7cc42f958dc650907174af0554
37,heldout,8,64,3,35,random_positions,27.875,22.25,22.25,0.0,True,True,Qwen/Qwen3-4B-Instruct-2507,cdbee75f17c01a7cc42f958dc650907174af0554
38,heldout,8,65,4,0,answer_position,27.5,23.75,23.75,0.0,True,True,Qwen/Qwen3-4B-Instruct-2507,cdbee75f17c01a7cc42f958dc650907174af0554
38,heldout,8,65,4,0,number_tokens,27.5,23.75,24.125,0.375,True,True,Qwen/Qwen3-4B-Instruct-2507,cdbee75f17c01a7cc42f958dc650907174af0554
38,heldout,8,65,4,0,random_positions,27.5,23.75,23.75,0.0,True,True,Qwen/Qwen3-4B-Instruct-2507,cdbee75f17c01a7cc42f958dc650907174af0554
38,heldout,8,65,4,1,answer_position,27.5,23.75,23.625,-0.125,True,True,Qwen/Qwen3-4B-Instruct-2507,cdbee75f17c01a7cc42f958dc650907174af0554
38,heldout,8,65,4,1,number_tokens,27.5,23.75,24.375,0.625,True,True,Qwen/Qwen3-4B-Instruct-2507,cdbee75f17c01a7cc42f958dc650907174af0554
38,heldout,8,65,4,1,random_positions,27.5,23.75,23.875,0.125,True,True,Qwen/Qwen3-4B-Instruct-2507,cdbee75f17c01a7cc42f958dc650907174af0554
38,heldout,8,65,4,2,answer_position,27.5,23.75,23.75,0.0,True,True,Qwen/Qwen3-4B-Instruct-2507,cdbee75f17c01a7cc42f958dc650907174af0554
38,heldout,8,65,4,2,number_tokens,27.5,23.75,24.75,1.0,True,True,Qwen/Qwen3-4B-Instruct-2507,cdbee75f17c01a7cc42f958dc650907174af0554
38,heldout,8,65,4,2,random_positions,27.5,23.75,23.875,0.125,True,True,Qwen/Qwen3-4B-Instruct-2507,cdbee75f17c01a7cc42f958dc650907174af0554
38,heldout,8,65,4,3,answer_position,27.5,23.75,23.75,0.0,True,True,Qwen/Qwen3-4B-Instruct-2507,cdbee75f17c01a7cc42f958dc650907174af0554
38,heldout,8,65,4,3,number_tokens,27.5,23.75,24.25,0.5,True,True,Qwen/Qwen3-4B-Instruct-2507,cdbee75f17c01a7cc42f958dc650907174af0554
38,heldout,8,65,4,3,random_positions,27.5,23.75,23.5,-0.25,True,True,Qwen/Qwen3-4B-Instruct-2507,cdbee75f17c01a7cc42f958dc650907174af0554
38,heldout,8,65,4,4,answer_position,27.5,23.75,23.75,0.0,True,True,Qwen/Qwen3-4B-Instruct-2507,cdbee75f17c01a7cc42f958dc650907174af0554
38,heldout,8,65,4,4,number_tokens,27.5,23.75,24.25,0.5,True,True,Qwen/Qwen3-4B-Instruct-2507,cdbee75f17c01a7cc42f958dc650907174af0554
38,heldout,8,65,4,4,random_positions,27.5,23.75,23.75,0.0,True,True,Qwen/Qwen3-4B-Instruct-2507,cdbee75f17c01a7cc42f958dc650907174af0554
38,heldout,8,65,4,5,answer_position,27.5,23.75,23.625,-0.125,True,True,Qwen/Qwen3-4B-Instruct-2507,cdbee75f17c01a7cc42f958dc650907174af0554
38,heldout,8,65,4,5,number_tokens,27.5,23.75,23.25,-0.5,True,True,Qwen/Qwen3-4B-Instruct-2507,cdbee75f17c01a7cc42f958dc650907174af0554
38,heldout,8,65,4,5,random_positions,27.5,23.75,23.5,-0.25,True,True,Qwen/Qwen3-4B-Instruct-2507,cdbee75f17c01a7cc42f958dc650907174af0554
38,heldout,8,65,4,6,answer_position,27.5,23.75,24.0,0.25,True,True,Qwen/Qwen3-4B-Instruct-2507,cdbee75f17c01a7cc42f958dc650907174af0554
38,heldout,8,65,4,6,number_tokens,27.5,23.75,23.75,0.0,True,True,Qwen/Qwen3-4B-Instruct-2507,cdbee75f17c01a7cc42f958dc650907174af0554
38,heldout,8,65,4,6,random_positions,27.5,23.75,23.5,-0.25,True,True,Qwen/Qwen3-4B-Instruct-2507,cdbee75f17c01a7cc42f958dc650907174af0554
38,heldout,8,65,4,7,answer_position,27.5,23.75,23.75,0.0,True,True,Qwen/Qwen3-4B-Instruct-2507,cdbee75f17c01a7cc42f958dc650907174af0554
38,heldout,8,65,4,7,number_tokens,27.5,23.75,21.0,-2.75,True,True,Qwen/Qwen3-4B-Instruct-2507,cdbee75f17c01a7cc42f958dc650907174af0554
38,heldout,8,65,4,7,random_positions,27.5,23.75,23.625,-0.125,True,True,Qwen/Qwen3-4B-Instruct-2507,cdbee75f17c01a7cc42f958dc650907174af0554
38,heldout,8,65,4,8,answer_position,27.5,23.75,23.625,-0.125,True,True,Qwen/Qwen3-4B-Instruct-2507,cdbee75f17c01a7cc42f958dc650907174af0554
38,heldout,8,65,4,8,number_tokens,27.5,23.75,22.25,-1.5,True,True,Qwen/Qwen3-4B-Instruct-2507,cdbee75f17c01a7cc42f958dc650907174af0554
38,heldout,8,65,4,8,random_positions,27.5,23.75,23.625,-0.125,True,True,Qwen/Qwen3-4B-Instruct-2507,cdbee75f17c01a7cc42f958dc650907174af0554
38,heldout,8,65,4,9,answer_position,27.5,23.75,23.625,-0.125,True,True,Qwen/Qwen3-4B-Instruct-2507,cdbee75f17c01a7cc42f958dc650907174af0554
38,heldout,8,65,4,9,number_tokens,27.5,23.75,4.0,-19.75,True,True,Qwen/Qwen3-4B-Instruct-2507,cdbee75f17c01a7cc42f958dc650907174af0554
38,heldout,8,65,4,9,random_positions,27.5,23.75,23.625,-0.125,True,True,Qwen/Qwen3-4B-Instruct-2507,cdbee75f17c01a7cc42f958dc650907174af0554
38,heldout,8,65,4,10,answer_position,27.5,23.75,24.0,0.25,True,True,Qwen/Qwen3-4B-Instruct-2507,cdbee75f17c01a7cc42f958dc650907174af0554
38,heldout,8,65,4,10,number_tokens,27.5,23.75,1.0,-22.75,True,True,Qwen/Qwen3-4B-Instruct-2507,cdbee75f17c01a7cc42f958dc650907174af0554
38,heldout,8,65,4,10,random_positions,27.5,23.75,23.5,-0.25,True,True,Qwen/Qwen3-4B-Instruct-2507,cdbee75f17c01a7cc42f958dc650907174af0554
38,heldout,8,65,4,11,answer_position,27.5,23.75,23.625,-0.125,True,True,Qwen/Qwen3-4B-Instruct-2507,cdbee75f17c01a7cc42f958dc650907174af0554
38,heldout,8,65,4,11,number_tokens,27.5,23.75,-9.5,-33.25,True,False,Qwen/Qwen3-4B-Instruct-2507,cdbee75f17c01a7cc42f958dc650907174af0554
38,heldout,8,65,4,11,random_positions,27.5,23.75,23.5,-0.25,True,True,Qwen/Qwen3-4B-Instruct-2507,cdbee75f17c01a7cc42f958dc650907174af0554
38,heldout,8,65,4,12,answer_position,27.5,23.75,23.875,0.125,True,True,Qwen/Qwen3-4B-Instruct-2507,cdbee75f17c01a7cc42f958dc650907174af0554
38,heldout,8,65,4,12,number_tokens,27.5,23.75,0.75,-23.0,True,True,Qwen/Qwen3-4B-Instruct-2507,cdbee75f17c01a7cc42f958dc650907174af0554
38,heldout,8,65,4,12,random_positions,27.5,23.75,23.75,0.0,True,True,Qwen/Qwen3-4B-Instruct-2507,cdbee75f17c01a7cc42f958dc650907174af0554
38,heldout,8,65,4,13,answer_position,27.5,23.75,23.625,-0.125,True,True,Qwen/Qwen3-4B-Instruct-2507,cdbee75f17c01a7cc42f958dc650907174af0554
38,heldout,8,65,4,13,number_tokens,27.5,23.75,15.25,-8.5,True,True,Qwen/Qwen3-4B-Instruct-2507,cdbee75f17c01a7cc42f958dc650907174af0554
38,heldout,8,65,4,13,random_positions,27.5,23.75,23.75,0.0,True,True,Qwen/Qwen3-4B-Instruct-2507,cdbee75f17c01a7cc42f958dc650907174af0554
38,heldout,8,65,4,14,answer_position,27.5,23.75,23.75,0.0,True,True,Qwen/Qwen3-4B-Instruct-2507,cdbee75f17c01a7cc42f958dc650907174af0554
38,heldout,8,65,4,14,number_tokens,27.5,23.75,22.0,-1.75,True,True,Qwen/Qwen3-4B-Instruct-2507,cdbee75f17c01a7cc42f958dc650907174af0554
38,heldout,8,65,4,14,random_positions,27.5,23.75,23.0,-0.75,True,True,Qwen/Qwen3-4B-Instruct-2507,cdbee75f17c01a7cc42f958dc650907174af0554
38,heldout,8,65,4,15,answer_position,27.5,23.75,23.875,0.125,True,True,Qwen/Qwen3-4B-Instruct-2507,cdbee75f17c01a7cc42f958dc650907174af0554
38,heldout,8,65,4,15,number_tokens,27.5,23.75,25.625,1.875,True,True,Qwen/Qwen3-4B-Instruct-2507,cdbee75f17c01a7cc42f958dc650907174af0554
38,heldout,8,65,4,15,random_positions,27.5,23.75,22.75,-1.0,True,True,Qwen/Qwen3-4B-Instruct-2507,cdbee75f17c01a7cc42f958dc650907174af0554
38,heldout,8,65,4,16,answer_position,27.5,23.75,24.0,0.25,True,True,Qwen/Qwen3-4B-Instruct-2507,cdbee75f17c01a7cc42f958dc650907174af0554
38,heldout,8,65,4,16,number_tokens,27.5,23.75,25.75,2.0,True,True,Qwen/Qwen3-4B-Instruct-2507,cdbee75f17c01a7cc42f958dc650907174af0554
38,heldout,8,65,4,16,random_positions,27.5,23.75,22.75,-1.0,True,True,Qwen/Qwen3-4B-Instruct-2507,cdbee75f17c01a7cc42f958dc650907174af0554
38,heldout,8,65,4,17,answer_position,27.5,23.75,23.75,0.0,True,True,Qwen/Qwen3-4B-Instruct-2507,cdbee75f17c01a7cc42f958dc650907174af0554
38,heldout,8,65,4,17,number_tokens,27.5,23.75,24.625,0.875,True,True,Qwen/Qwen3-4B-Instruct-2507,cdbee75f17c01a7cc42f958dc650907174af0554
38,heldout,8,65,4,17,random_positions,27.5,23.75,22.75,-1.0,True,True,Qwen/Qwen3-4B-Instruct-2507,cdbee75f17c01a7cc42f958dc650907174af0554
38,heldout,8,65,4,18,answer_position,27.5,23.75,23.625,-0.125,True,True,Qwen/Qwen3-4B-Instruct-2507,cdbee75f17c01a7cc42f958dc650907174af0554
38,heldout,8,65,4,18,number_tokens,27.5,23.75,23.25,-0.5,True,True,Qwen/Qwen3-4B-Instruct-2507,cdbee75f17c01a7cc42f958dc650907174af0554
38,heldout,8,65,4,18,random_positions,27.5,23.75,23.0,-0.75,True,True,Qwen/Qwen3-4B-Instruct-2507,cdbee75f17c01a7cc42f958dc650907174af0554
38,heldout,8,65,4,19,answer_position,27.5,23.75,24.75,1.0,True,True,Qwen/Qwen3-4B-Instruct-2507,cdbee75f17c01a7cc42f958dc650907174af0554
38,heldout,8,65,4,19,number_tokens,27.5,23.75,22.25,-1.5,True,True,Qwen/Qwen3-4B-Instruct-2507,cdbee75f17c01a7cc42f958dc650907174af0554
38,heldout,8,65,4,19,random_positions,27.5,23.75,23.0,-0.75,True,True,Qwen/Qwen3-4B-Instruct-2507,cdbee75f17c01a7cc42f958dc650907174af0554
38,heldout,8,65,4,20,answer_position,27.5,23.75,24.875,1.125,True,True,Qwen/Qwen3-4B-Instruct-2507,cdbee75f17c01a7cc42f958dc650907174af0554
38,heldout,8,65,4,20,number_tokens,27.5,23.75,23.375,-0.375,True,True,Qwen/Qwen3-4B-Instruct-2507,cdbee75f17c01a7cc42f958dc650907174af0554
38,heldout,8,65,4,20,random_positions,27.5,23.75,23.75,0.0,True,True,Qwen/Qwen3-4B-Instruct-2507,cdbee75f17c01a7cc42f958dc650907174af0554
38,heldout,8,65,4,21,answer_position,27.5,23.75,26.625,2.875,True,True,Qwen/Qwen3-4B-Instruct-2507,cdbee75f17c01a7cc42f958dc650907174af0554
38,heldout,8,65,4,21,number_tokens,27.5,23.75,23.375,-0.375,True,True,Qwen/Qwen3-4B-Instruct-2507,cdbee75f17c01a7cc42f958dc650907174af0554
38,heldout,8,65,4,21,random_positions,27.5,23.75,24.0,0.25,True,True,Qwen/Qwen3-4B-Instruct-2507,cdbee75f17c01a7cc42f958dc650907174af0554
38,heldout,8,65,4,22,answer_position,27.5,23.75,26.75,3.0,True,True,Qwen/Qwen3-4B-Instruct-2507,cdbee75f17c01a7cc42f958dc650907174af0554
38,heldout,8,65,4,22,number_tokens,27.5,23.75,23.625,-0.125,True,True,Qwen/Qwen3-4B-Instruct-2507,cdbee75f17c01a7cc42f958dc650907174af0554
38,heldout,8,65,4,22,random_positions,27.5,23.75,24.625,0.875,True,True,Qwen/Qwen3-4B-Instruct-2507,cdbee75f17c01a7cc42f958dc650907174af0554
38,heldout,8,65,4,23,answer_position,27.5,23.75,26.375,2.625,True,True,Qwen/Qwen3-4B-Instruct-2507,cdbee75f17c01a7cc42f958dc650907174af0554
38,heldout,8,65,4,23,number_tokens,27.5,23.75,23.5,-0.25,True,True,Qwen/Qwen3-4B-Instruct-2507,cdbee75f17c01a7cc42f958dc650907174af0554
38,heldout,8,65,4,23,random_positions,27.5,23.75,24.5,0.75,True,True,Qwen/Qwen3-4B-Instruct-2507,cdbee75f17c01a7cc42f958dc650907174af0554
38,heldout,8,65,4,24,answer_position,27.5,23.75,27.125,3.375,True,True,Qwen/Qwen3-4B-Instruct-2507,cdbee75f17c01a7cc42f958dc650907174af0554
38,heldout,8,65,4,24,number_tokens,27.5,23.75,23.75,0.0,True,True,Qwen/Qwen3-4B-Instruct-2507,cdbee75f17c01a7cc42f958dc650907174af0554
38,heldout,8,65,4,24,random_positions,27.5,23.75,24.625,0.875,True,True,Qwen/Qwen3-4B-Instruct-2507,cdbee75f17c01a7cc42f958dc650907174af0554
38,heldout,8,65,4,25,answer_position,27.5,23.75,27.125,3.375,True,True,Qwen/Qwen3-4B-Instruct-2507,cdbee75f17c01a7cc42f958dc650907174af0554
38,heldout,8,65,4,25,number_tokens,27.5,23.75,23.75,0.0,True,True,Qwen/Qwen3-4B-Instruct-2507,cdbee75f17c01a7cc42f958dc650907174af0554
38,heldout,8,65,4,25,random_positions,27.5,23.75,24.875,1.125,True,True,Qwen/Qwen3-4B-Instruct-2507,cdbee75f17c01a7cc42f958dc650907174af0554
38,heldout,8,65,4,26,answer_position,27.5,23.75,27.0,3.25,True,True,Qwen/Qwen3-4B-Instruct-2507,cdbee75f17c01a7cc42f958dc650907174af0554
38,heldout,8,65,4,26,number_tokens,27.5,23.75,23.5,-0.25,True,True,Qwen/Qwen3-4B-Instruct-2507,cdbee75f17c01a7cc42f958dc650907174af0554
38,heldout,8,65,4,26,random_positions,27.5,23.75,24.625,0.875,True,True,Qwen/Qwen3-4B-Instruct-2507,cdbee75f17c01a7cc42f958dc650907174af0554
38,heldout,8,65,4,27,answer_position,27.5,23.75,26.75,3.0,True,True,Qwen/Qwen3-4B-Instruct-2507,cdbee75f17c01a7cc42f958dc650907174af0554
38,heldout,8,65,4,27,number_tokens,27.5,23.75,23.75,0.0,True,True,Qwen/Qwen3-4B-Instruct-2507,cdbee75f17c01a7cc42f958dc650907174af0554
38,heldout,8,65,4,27,random_positions,27.5,23.75,24.625,0.875,True,True,Qwen/Qwen3-4B-Instruct-2507,cdbee75f17c01a7cc42f958dc650907174af0554
38,heldout,8,65,4,28,answer_position,27.5,23.75,27.0,3.25,True,True,Qwen/Qwen3-4B-Instruct-2507,cdbee75f17c01a7cc42f958dc650907174af0554
38,heldout,8,65,4,28,number_tokens,27.5,23.75,23.75,0.0,True,True,Qwen/Qwen3-4B-Instruct-2507,cdbee75f17c01a7cc42f958dc650907174af0554
38,heldout,8,65,4,28,random_positions,27.5,23.75,24.625,0.875,True,True,Qwen/Qwen3-4B-Instruct-2507,cdbee75f17c01a7cc42f958dc650907174af0554
38,heldout,8,65,4,29,answer_position,27.5,23.75,27.0,3.25,True,True,Qwen/Qwen3-4B-Instruct-2507,cdbee75f17c01a7cc42f958dc650907174af0554
38,heldout,8,65,4,29,number_tokens,27.5,23.75,23.625,-0.125,True,True,Qwen/Qwen3-4B-Instruct-2507,cdbee75f17c01a7cc42f958dc650907174af0554
38,heldout,8,65,4,29,random_positions,27.5,23.75,24.625,0.875,True,True,Qwen/Qwen3-4B-Instruct-2507,cdbee75f17c01a7cc42f958dc650907174af0554
38,heldout,8,65,4,30,answer_position,27.5,23.75,27.125,3.375,True,True,Qwen/Qwen3-4B-Instruct-2507,cdbee75f17c01a7cc42f958dc650907174af0554
38,heldout,8,65,4,30,number_tokens,27.5,23.75,23.75,0.0,True,True,Qwen/Qwen3-4B-Instruct-2507,cdbee75f17c01a7cc42f958dc650907174af0554
38,heldout,8,65,4,30,random_positions,27.5,23.75,24.625,0.875,True,True,Qwen/Qwen3-4B-Instruct-2507,cdbee75f17c01a7cc42f958dc650907174af0554
38,heldout,8,65,4,31,answer_position,27.5,23.75,27.25,3.5,True,True,Qwen/Qwen3-4B-Instruct-2507,cdbee75f17c01a7cc42f958dc650907174af0554
38,heldout,8,65,4,31,number_tokens,27.5,23.75,23.75,0.0,True,True,Qwen/Qwen3-4B-Instruct-2507,cdbee75f17c01a7cc42f958dc650907174af0554
38,heldout,8,65,4,31,random_positions,27.5,23.75,24.25,0.5,True,True,Qwen/Qwen3-4B-Instruct-2507,cdbee75f17c01a7cc42f958dc650907174af0554
38,heldout,8,65,4,32,answer_position,27.5,23.75,27.0,3.25,True,True,Qwen/Qwen3-4B-Instruct-2507,cdbee75f17c01a7cc42f958dc650907174af0554
38,heldout,8,65,4,32,number_tokens,27.5,23.75,23.625,-0.125,True,True,Qwen/Qwen3-4B-Instruct-2507,cdbee75f17c01a7cc42f958dc650907174af0554
38,heldout,8,65,4,32,random_positions,27.5,23.75,24.0,0.25,True,True,Qwen/Qwen3-4B-Instruct-2507,cdbee75f17c01a7cc42f958dc650907174af0554
38,heldout,8,65,4,33,answer_position,27.5,23.75,27.25,3.5,True,True,Qwen/Qwen3-4B-Instruct-2507,cdbee75f17c01a7cc42f958dc650907174af0554
38,heldout,8,65,4,33,number_tokens,27.5,23.75,23.625,-0.125,True,True,Qwen/Qwen3-4B-Instruct-2507,cdbee75f17c01a7cc42f958dc650907174af0554
38,heldout,8,65,4,33,random_positions,27.5,23.75,24.125,0.375,True,True,Qwen/Qwen3-4B-Instruct-2507,cdbee75f17c01a7cc42f958dc650907174af0554
38,heldout,8,65,4,34,answer_position,27.5,23.75,27.125,3.375,True,True,Qwen/Qwen3-4B-Instruct-2507,cdbee75f17c01a7cc42f958dc650907174af0554
38,heldout,8,65,4,34,number_tokens,27.5,23.75,23.75,0.0,True,True,Qwen/Qwen3-4B-Instruct-2507,cdbee75f17c01a7cc42f958dc650907174af0554
38,heldout,8,65,4,34,random_positions,27.5,23.75,23.875,0.125,True,True,Qwen/Qwen3-4B-Instruct-2507,cdbee75f17c01a7cc42f958dc650907174af0554
38,heldout,8,65,4,35,answer_position,27.5,23.75,27.5,3.75,True,True,Qwen/Qwen3-4B-Instruct-2507,cdbee75f17c01a7cc42f958dc650907174af0554
38,heldout,8,65,4,35,number_tokens,27.5,23.75,23.75,0.0,True,True,Qwen/Qwen3-4B-Instruct-2507,cdbee75f17c01a7cc42f958dc650907174af0554
38,heldout,8,65,4,35,random_positions,27.5,23.75,23.75,0.0,True,True,Qwen/Qwen3-4B-Instruct-2507,cdbee75f17c01a7cc42f958dc650907174af0554
39,heldout,8,66,2,0,answer_position,27.625,22.0,22.0,0.0,True,True,Qwen/Qwen3-4B-Instruct-2507,cdbee75f17c01a7cc42f958dc650907174af0554
39,heldout,8,66,2,0,number_tokens,27.625,22.0,22.25,0.25,True,True,Qwen/Qwen3-4B-Instruct-2507,cdbee75f17c01a7cc42f958dc650907174af0554
39,heldout,8,66,2,0,random_positions,27.625,22.0,22.0,0.0,True,True,Qwen/Qwen3-4B-Instruct-2507,cdbee75f17c01a7cc42f958dc650907174af0554
39,heldout,8,66,2,1,answer_position,27.625,22.0,22.25,0.25,True,True,Qwen/Qwen3-4B-Instruct-2507,cdbee75f17c01a7cc42f958dc650907174af0554
39,heldout,8,66,2,1,number_tokens,27.625,22.0,23.25,1.25,True,True,Qwen/Qwen3-4B-Instruct-2507,cdbee75f17c01a7cc42f958dc650907174af0554
39,heldout,8,66,2,1,random_positions,27.625,22.0,22.0,0.0,True,True,Qwen/Qwen3-4B-Instruct-2507,cdbee75f17c01a7cc42f958dc650907174af0554
39,heldout,8,66,2,2,answer_position,27.625,22.0,22.25,0.25,True,True,Qwen/Qwen3-4B-Instruct-2507,cdbee75f17c01a7cc42f958dc650907174af0554
39,heldout,8,66,2,2,number_tokens,27.625,22.0,23.875,1.875,True,True,Qwen/Qwen3-4B-Instruct-2507,cdbee75f17c01a7cc42f958dc650907174af0554
39,heldout,8,66,2,2,random_positions,27.625,22.0,22.0,0.0,True,True,Qwen/Qwen3-4B-Instruct-2507,cdbee75f17c01a7cc42f958dc650907174af0554
39,heldout,8,66,2,3,answer_position,27.625,22.0,22.25,0.25,True,True,Qwen/Qwen3-4B-Instruct-2507,cdbee75f17c01a7cc42f958dc650907174af0554
39,heldout,8,66,2,3,number_tokens,27.625,22.0,20.5,-1.5,True,True,Qwen/Qwen3-4B-Instruct-2507,cdbee75f17c01a7cc42f958dc650907174af0554
39,heldout,8,66,2,3,random_positions,27.625,22.0,22.25,0.25,True,True,Qwen/Qwen3-4B-Instruct-2507,cdbee75f17c01a7cc42f958dc650907174af0554
39,heldout,8,66,2,4,answer_position,27.625,22.0,22.0,0.0,True,True,Qwen/Qwen3-4B-Instruct-2507,cdbee75f17c01a7cc42f958dc650907174af0554
39,heldout,8,66,2,4,number_tokens,27.625,22.0,21.75,-0.25,True,True,Qwen/Qwen3-4B-Instruct-2507,cdbee75f17c01a7cc42f958dc650907174af0554
39,heldout,8,66,2,4,random_positions,27.625,22.0,22.25,0.25,True,True,Qwen/Qwen3-4B-Instruct-2507,cdbee75f17c01a7cc42f958dc650907174af0554
39,heldout,8,66,2,5,answer_position,27.625,22.0,22.0,0.0,True,True,Qwen/Qwen3-4B-Instruct-2507,cdbee75f17c01a7cc42f958dc650907174af0554
39,heldout,8,66,2,5,number_tokens,27.625,22.0,18.75,-3.25,True,True,Qwen/Qwen3-4B-Instruct-2507,cdbee75f17c01a7cc42f958dc650907174af0554
39,heldout,8,66,2,5,random_positions,27.625,22.0,22.25,0.25,True,True,Qwen/Qwen3-4B-Instruct-2507,cdbee75f17c01a7cc42f958dc650907174af0554
39,heldout,8,66,2,6,answer_position,27.625,22.0,22.0,0.0,True,True,Qwen/Qwen3-4B-Instruct-2507,cdbee75f17c01a7cc42f958dc650907174af0554
39,heldout,8,66,2,6,number_tokens,27.625,22.0,20.25,-1.75,True,True,Qwen/Qwen3-4B-Instruct-2507,cdbee75f17c01a7cc42f958dc650907174af0554
39,heldout,8,66,2,6,random_positions,27.625,22.0,22.25,0.25,True,True,Qwen/Qwen3-4B-Instruct-2507,cdbee75f17c01a7cc42f958dc650907174af0554
39,heldout,8,66,2,7,answer_position,27.625,22.0,22.25,0.25,True,True,Qwen/Qwen3-4B-Instruct-2507,cdbee75f17c01a7cc42f958dc650907174af0554
39,heldout,8,66,2,7,number_tokens,27.625,22.0,8.75,-13.25,True,True,Qwen/Qwen3-4B-Instruct-2507,cdbee75f17c01a7cc42f958dc650907174af0554
39,heldout,8,66,2,7,random_positions,27.625,22.0,22.0,0.0,True,True,Qwen/Qwen3-4B-Instruct-2507,cdbee75f17c01a7cc42f958dc650907174af0554
39,heldout,8,66,2,8,answer_position,27.625,22.0,22.25,0.25,True,True,Qwen/Qwen3-4B-Instruct-2507,cdbee75f17c01a7cc42f958dc650907174af0554
39,heldout,8,66,2,8,number_tokens,27.625,22.0,14.5,-7.5,True,True,Qwen/Qwen3-4B-Instruct-2507,cdbee75f17c01a7cc42f958dc650907174af0554
39,heldout,8,66,2,8,random_positions,27.625,22.0,22.0,0.0,True,True,Qwen/Qwen3-4B-Instruct-2507,cdbee75f17c01a7cc42f958dc650907174af0554
39,heldout,8,66,2,9,answer_position,27.625,22.0,22.25,0.25,True,True,Qwen/Qwen3-4B-Instruct-2507,cdbee75f17c01a7cc42f958dc650907174af0554
39,heldout,8,66,2,9,number_tokens,27.625,22.0,-2.25,-24.25,True,False,Qwen/Qwen3-4B-Instruct-2507,cdbee75f17c01a7cc42f958dc650907174af0554
39,heldout,8,66,2,9,random_positions,27.625,22.0,22.0,0.0,True,True,Qwen/Qwen3-4B-Instruct-2507,cdbee75f17c01a7cc42f958dc650907174af0554
39,heldout,8,66,2,10,answer_position,27.625,22.0,22.25,0.25,True,True,Qwen/Qwen3-4B-Instruct-2507,cdbee75f17c01a7cc42f958dc650907174af0554
39,heldout,8,66,2,10,number_tokens,27.625,22.0,0.0,-22.0,True,False,Qwen/Qwen3-4B-Instruct-2507,cdbee75f17c01a7cc42f958dc650907174af0554
39,heldout,8,66,2,10,random_positions,27.625,22.0,22.0,0.0,True,True,Qwen/Qwen3-4B-Instruct-2507,cdbee75f17c01a7cc42f958dc650907174af0554
39,heldout,8,66,2,11,answer_position,27.625,22.0,22.25,0.25,True,True,Qwen/Qwen3-4B-Instruct-2507,cdbee75f17c01a7cc42f958dc650907174af0554
39,heldout,8,66,2,11,number_tokens,27.625,22.0,-14.25,-36.25,True,False,Qwen/Qwen3-4B-Instruct-2507,cdbee75f17c01a7cc42f958dc650907174af0554
39,heldout,8,66,2,11,random_positions,27.625,22.0,21.75,-0.25,True,True,Qwen/Qwen3-4B-Instruct-2507,cdbee75f17c01a7cc42f958dc650907174af0554
39,heldout,8,66,2,12,answer_position,27.625,22.0,22.25,0.25,True,True,Qwen/Qwen3-4B-Instruct-2507,cdbee75f17c01a7cc42f958dc650907174af0554
39,heldout,8,66,2,12,number_tokens,27.625,22.0,1.5,-20.5,True,True,Qwen/Qwen3-4B-Instruct-2507,cdbee75f17c01a7cc42f958dc650907174af0554
39,heldout,8,66,2,12,random_positions,27.625,22.0,22.25,0.25,True,True,Qwen/Qwen3-4B-Instruct-2507,cdbee75f17c01a7cc42f958dc650907174af0554
39,heldout,8,66,2,13,answer_position,27.625,22.0,22.0,0.0,True,True,Qwen/Qwen3-4B-Instruct-2507,cdbee75f17c01a7cc42f958dc650907174af0554
39,heldout,8,66,2,13,number_tokens,27.625,22.0,17.5,-4.5,True,True,Qwen/Qwen3-4B-Instruct-2507,cdbee75f17c01a7cc42f958dc650907174af0554
39,heldout,8,66,2,13,random_positions,27.625,22.0,22.25,0.25,True,True,Qwen/Qwen3-4B-Instruct-2507,cdbee75f17c01a7cc42f958dc650907174af0554
39,heldout,8,66,2,14,answer_position,27.625,22.0,22.0,0.0,True,True,Qwen/Qwen3-4B-Instruct-2507,cdbee75f17c01a7cc42f958dc650907174af0554
39,heldout,8,66,2,14,number_tokens,27.625,22.0,22.75,0.75,True,True,Qwen/Qwen3-4B-Instruct-2507,cdbee75f17c01a7cc42f958dc650907174af0554
39,heldout,8,66,2,14,random_positions,27.625,22.0,22.25,0.25,True,True,Qwen/Qwen3-4B-Instruct-2507,cdbee75f17c01a7cc42f958dc650907174af0554
39,heldout,8,66,2,15,answer_position,27.625,22.0,22.25,0.25,True,True,Qwen/Qwen3-4B-Instruct-2507,cdbee75f17c01a7cc42f958dc650907174af0554
39,heldout,8,66,2,15,number_tokens,27.625,22.0,25.25,3.25,True,True,Qwen/Qwen3-4B-Instruct-2507,cdbee75f17c01a7cc42f958dc650907174af0554
39,heldout,8,66,2,15,random_positions,27.625,22.0,22.25,0.25,True,True,Qwen/Qwen3-4B-Instruct-2507,cdbee75f17c01a7cc42f958dc650907174af0554
39,heldout,8,66,2,16,answer_position,27.625,22.0,22.0,0.0,True,True,Qwen/Qwen3-4B-Instruct-2507,cdbee75f17c01a7cc42f958dc650907174af0554
39,heldout,8,66,2,16,number_tokens,27.625,22.0,25.75,3.75,True,True,Qwen/Qwen3-4B-Instruct-2507,cdbee75f17c01a7cc42f958dc650907174af0554
39,heldout,8,66,2,16,random_positions,27.625,22.0,22.25,0.25,True,True,Qwen/Qwen3-4B-Instruct-2507,cdbee75f17c01a7cc42f958dc650907174af0554
39,heldout,8,66,2,17,answer_position,27.625,22.0,22.0,0.0,True,True,Qwen/Qwen3-4B-Instruct-2507,cdbee75f17c01a7cc42f958dc650907174af0554
39,heldout,8,66,2,17,number_tokens,27.625,22.0,25.25,3.25,True,True,Qwen/Qwen3-4B-Instruct-2507,cdbee75f17c01a7cc42f958dc650907174af0554
39,heldout,8,66,2,17,random_positions,27.625,22.0,22.5,0.5,True,True,Qwen/Qwen3-4B-Instruct-2507,cdbee75f17c01a7cc42f958dc650907174af0554
39,heldout,8,66,2,18,answer_position,27.625,22.0,22.0,0.0,True,True,Qwen/Qwen3-4B-Instruct-2507,cdbee75f17c01a7cc42f958dc650907174af0554
39,heldout,8,66,2,18,number_tokens,27.625,22.0,22.75,0.75,True,True,Qwen/Qwen3-4B-Instruct-2507,cdbee75f17c01a7cc42f958dc650907174af0554
39,heldout,8,66,2,18,random_positions,27.625,22.0,22.25,0.25,True,True,Qwen/Qwen3-4B-Instruct-2507,cdbee75f17c01a7cc42f958dc650907174af0554
39,heldout,8,66,2,19,answer_position,27.625,22.0,23.0,1.0,True,True,Qwen/Qwen3-4B-Instruct-2507,cdbee75f17c01a7cc42f958dc650907174af0554
39,heldout,8,66,2,19,number_tokens,27.625,22.0,21.0,-1.0,True,True,Qwen/Qwen3-4B-Instruct-2507,cdbee75f17c01a7cc42f958dc650907174af0554
39,heldout,8,66,2,19,random_positions,27.625,22.0,23.0,1.0,True,True,Qwen/Qwen3-4B-Instruct-2507,cdbee75f17c01a7cc42f958dc650907174af0554
39,heldout,8,66,2,20,answer_position,27.625,22.0,23.5,1.5,True,True,Qwen/Qwen3-4B-Instruct-2507,cdbee75f17c01a7cc42f958dc650907174af0554
39,heldout,8,66,2,20,number_tokens,27.625,22.0,21.75,-0.25,True,True,Qwen/Qwen3-4B-Instruct-2507,cdbee75f17c01a7cc42f958dc650907174af0554
39,heldout,8,66,2,20,random_positions,27.625,22.0,23.75,1.75,True,True,Qwen/Qwen3-4B-Instruct-2507,cdbee75f17c01a7cc42f958dc650907174af0554
39,heldout,8,66,2,21,answer_position,27.625,22.0,25.625,3.625,True,True,Qwen/Qwen3-4B-Instruct-2507,cdbee75f17c01a7cc42f958dc650907174af0554
39,heldout,8,66,2,21,number_tokens,27.625,22.0,22.0,0.0,True,True,Qwen/Qwen3-4B-Instruct-2507,cdbee75f17c01a7cc42f958dc650907174af0554
39,heldout,8,66,2,21,random_positions,27.625,22.0,22.5,0.5,True,True,Qwen/Qwen3-4B-Instruct-2507,cdbee75f17c01a7cc42f958dc650907174af0554
39,heldout,8,66,2,22,answer_position,27.625,22.0,26.25,4.25,True,True,Qwen/Qwen3-4B-Instruct-2507,cdbee75f17c01a7cc42f958dc650907174af0554
39,heldout,8,66,2,22,number_tokens,27.625,22.0,21.75,-0.25,True,True,Qwen/Qwen3-4B-Instruct-2507,cdbee75f17c01a7cc42f958dc650907174af0554
39,heldout,8,66,2,22,random_positions,27.625,22.0,22.75,0.75,True,True,Qwen/Qwen3-4B-Instruct-2507,cdbee75f17c01a7cc42f958dc650907174af0554
39,heldout,8,66,2,23,answer_position,27.625,22.0,25.875,3.875,True,True,Qwen/Qwen3-4B-Instruct-2507,cdbee75f17c01a7cc42f958dc650907174af0554
39,heldout,8,66,2,23,number_tokens,27.625,22.0,21.75,-0.25,True,True,Qwen/Qwen3-4B-Instruct-2507,cdbee75f17c01a7cc42f958dc650907174af0554
39,heldout,8,66,2,23,random_positions,27.625,22.0,23.25,1.25,True,True,Qwen/Qwen3-4B-Instruct-2507,cdbee75f17c01a7cc42f958dc650907174af0554
39,heldout,8,66,2,24,answer_position,27.625,22.0,27.0,5.0,True,True,Qwen/Qwen3-4B-Instruct-2507,cdbee75f17c01a7cc42f958dc650907174af0554
39,heldout,8,66,2,24,number_tokens,27.625,22.0,22.0,0.0,True,True,Qwen/Qwen3-4B-Instruct-2507,cdbee75f17c01a7cc42f958dc650907174af0554
39,heldout,8,66,2,24,random_positions,27.625,22.0,22.5,0.5,True,True,Qwen/Qwen3-4B-Instruct-2507,cdbee75f17c01a7cc42f958dc650907174af0554
39,heldout,8,66,2,25,answer_position,27.625,22.0,26.5,4.5,True,True,Qwen/Qwen3-4B-Instruct-2507,cdbee75f17c01a7cc42f958dc650907174af0554
39,heldout,8,66,2,25,number_tokens,27.625,22.0,22.0,0.0,True,True,Qwen/Qwen3-4B-Instruct-2507,cdbee75f17c01a7cc42f958dc650907174af0554
39,heldout,8,66,2,25,random_positions,27.625,22.0,22.5,0.5,True,True,Qwen/Qwen3-4B-Instruct-2507,cdbee75f17c01a7cc42f958dc650907174af0554
39,heldout,8,66,2,26,answer_position,27.625,22.0,26.75,4.75,True,True,Qwen/Qwen3-4B-Instruct-2507,cdbee75f17c01a7cc42f958dc650907174af0554
39,heldout,8,66,2,26,number_tokens,27.625,22.0,22.0,0.0,True,True,Qwen/Qwen3-4B-Instruct-2507,cdbee75f17c01a7cc42f958dc650907174af0554
39,heldout,8,66,2,26,random_positions,27.625,22.0,22.5,0.5,True,True,Qwen/Qwen3-4B-Instruct-2507,cdbee75f17c01a7cc42f958dc650907174af0554
39,heldout,8,66,2,27,answer_position,27.625,22.0,26.5,4.5,True,True,Qwen/Qwen3-4B-Instruct-2507,cdbee75f17c01a7cc42f958dc650907174af0554
39,heldout,8,66,2,27,number_tokens,27.625,22.0,22.25,0.25,True,True,Qwen/Qwen3-4B-Instruct-2507,cdbee75f17c01a7cc42f958dc650907174af0554
39,heldout,8,66,2,27,random_positions,27.625,22.0,22.5,0.5,True,True,Qwen/Qwen3-4B-Instruct-2507,cdbee75f17c01a7cc42f958dc650907174af0554
39,heldout,8,66,2,28,answer_position,27.625,22.0,26.5,4.5,True,True,Qwen/Qwen3-4B-Instruct-2507,cdbee75f17c01a7cc42f958dc650907174af0554
39,heldout,8,66,2,28,number_tokens,27.625,22.0,22.0,0.0,True,True,Qwen/Qwen3-4B-Instruct-2507,cdbee75f17c01a7cc42f958dc650907174af0554
39,heldout,8,66,2,28,random_positions,27.625,22.0,22.5,0.5,True,True,Qwen/Qwen3-4B-Instruct-2507,cdbee75f17c01a7cc42f958dc650907174af0554
39,heldout,8,66,2,29,answer_position,27.625,22.0,26.75,4.75,True,True,Qwen/Qwen3-4B-Instruct-2507,cdbee75f17c01a7cc42f958dc650907174af0554
39,heldout,8,66,2,29,number_tokens,27.625,22.0,22.0,0.0,True,True,Qwen/Qwen3-4B-Instruct-2507,cdbee75f17c01a7cc42f958dc650907174af0554
39,heldout,8,66,2,29,random_positions,27.625,22.0,22.75,0.75,True,True,Qwen/Qwen3-4B-Instruct-2507,cdbee75f17c01a7cc42f958dc650907174af0554
39,heldout,8,66,2,30,answer_position,27.625,22.0,26.75,4.75,True,True,Qwen/Qwen3-4B-Instruct-2507,cdbee75f17c01a7cc42f958dc650907174af0554
39,heldout,8,66,2,30,number_tokens,27.625,22.0,22.25,0.25,True,True,Qwen/Qwen3-4B-Instruct-2507,cdbee75f17c01a7cc42f958dc650907174af0554
39,heldout,8,66,2,30,random_positions,27.625,22.0,22.5,0.5,True,True,Qwen/Qwen3-4B-Instruct-2507,cdbee75f17c01a7cc42f958dc650907174af0554
39,heldout,8,66,2,31,answer_position,27.625,22.0,26.875,4.875,True,True,Qwen/Qwen3-4B-Instruct-2507,cdbee75f17c01a7cc42f958dc650907174af0554
39,heldout,8,66,2,31,number_tokens,27.625,22.0,22.0,0.0,True,True,Qwen/Qwen3-4B-Instruct-2507,cdbee75f17c01a7cc42f958dc650907174af0554
39,heldout,8,66,2,31,random_positions,27.625,22.0,22.5,0.5,True,True,Qwen/Qwen3-4B-Instruct-2507,cdbee75f17c01a7cc42f958dc650907174af0554
39,heldout,8,66,2,32,answer_position,27.625,22.0,26.625,4.625,True,True,Qwen/Qwen3-4B-Instruct-2507,cdbee75f17c01a7cc42f958dc650907174af0554
39,heldout,8,66,2,32,number_tokens,27.625,22.0,22.0,0.0,True,True,Qwen/Qwen3-4B-Instruct-2507,cdbee75f17c01a7cc42f958dc650907174af0554
39,heldout,8,66,2,32,random_positions,27.625,22.0,22.5,0.5,True,True,Qwen/Qwen3-4B-Instruct-2507,cdbee75f17c01a7cc42f958dc650907174af0554
39,heldout,8,66,2,33,answer_position,27.625,22.0,26.625,4.625,True,True,Qwen/Qwen3-4B-Instruct-2507,cdbee75f17c01a7cc42f958dc650907174af0554
39,heldout,8,66,2,33,number_tokens,27.625,22.0,22.0,0.0,True,True,Qwen/Qwen3-4B-Instruct-2507,cdbee75f17c01a7cc42f958dc650907174af0554
39,heldout,8,66,2,33,random_positions,27.625,22.0,22.75,0.75,True,True,Qwen/Qwen3-4B-Instruct-2507,cdbee75f17c01a7cc42f958dc650907174af0554
39,heldout,8,66,2,34,answer_position,27.625,22.0,27.0,5.0,True,True,Qwen/Qwen3-4B-Instruct-2507,cdbee75f17c01a7cc42f958dc650907174af0554
39,heldout,8,66,2,34,number_tokens,27.625,22.0,22.0,0.0,True,True,Qwen/Qwen3-4B-Instruct-2507,cdbee75f17c01a7cc42f958dc650907174af0554
39,heldout,8,66,2,34,random_positions,27.625,22.0,22.25,0.25,True,True,Qwen/Qwen3-4B-Instruct-2507,cdbee75f17c01a7cc42f958dc650907174af0554
39,heldout,8,66,2,35,answer_position,27.625,22.0,27.625,5.625,True,True,Qwen/Qwen3-4B-Instruct-2507,cdbee75f17c01a7cc42f958dc650907174af0554
39,heldout,8,66,2,35,number_tokens,27.625,22.0,22.0,0.0,True,True,Qwen/Qwen3-4B-Instruct-2507,cdbee75f17c01a7cc42f958dc650907174af0554
39,heldout,8,66,2,35,random_positions,27.625,22.0,22.0,0.0,True,True,Qwen/Qwen3-4B-Instruct-2507,cdbee75f17c01a7cc42f958dc650907174af0554
40,heldout,9,66,2,0,answer_position,27.75,20.25,20.25,0.0,True,True,Qwen/Qwen3-4B-Instruct-2507,cdbee75f17c01a7cc42f958dc650907174af0554
40,heldout,9,66,2,0,number_tokens,27.75,20.25,20.0,-0.25,True,True,Qwen/Qwen3-4B-Instruct-2507,cdbee75f17c01a7cc42f958dc650907174af0554
40,heldout,9,66,2,0,random_positions,27.75,20.25,20.25,0.0,True,True,Qwen/Qwen3-4B-Instruct-2507,cdbee75f17c01a7cc42f958dc650907174af0554
40,heldout,9,66,2,1,answer_position,27.75,20.25,20.0,-0.25,True,True,Qwen/Qwen3-4B-Instruct-2507,cdbee75f17c01a7cc42f958dc650907174af0554
40,heldout,9,66,2,1,number_tokens,27.75,20.25,22.25,2.0,True,True,Qwen/Qwen3-4B-Instruct-2507,cdbee75f17c01a7cc42f958dc650907174af0554
40,heldout,9,66,2,1,random_positions,27.75,20.25,20.5,0.25,True,True,Qwen/Qwen3-4B-Instruct-2507,cdbee75f17c01a7cc42f958dc650907174af0554
40,heldout,9,66,2,2,answer_position,27.75,20.25,20.25,0.0,True,True,Qwen/Qwen3-4B-Instruct-2507,cdbee75f17c01a7cc42f958dc650907174af0554
40,heldout,9,66,2,2,number_tokens,27.75,20.25,23.25,3.0,True,True,Qwen/Qwen3-4B-Instruct-2507,cdbee75f17c01a7cc42f958dc650907174af0554
40,heldout,9,66,2,2,random_positions,27.75,20.25,20.5,0.25,True,True,Qwen/Qwen3-4B-Instruct-2507,cdbee75f17c01a7cc42f958dc650907174af0554
40,heldout,9,66,2,3,answer_position,27.75,20.25,20.25,0.0,True,True,Qwen/Qwen3-4B-Instruct-2507,cdbee75f17c01a7cc42f958dc650907174af0554
40,heldout,9,66,2,3,number_tokens,27.75,20.25,18.75,-1.5,True,True,Qwen/Qwen3-4B-Instruct-2507,cdbee75f17c01a7cc42f958dc650907174af0554
40,heldout,9,66,2,3,random_positions,27.75,20.25,20.5,0.25,True,True,Qwen/Qwen3-4B-Instruct-2507,cdbee75f17c01a7cc42f958dc650907174af0554
40,heldout,9,66,2,4,answer_position,27.75,20.25,20.25,0.0,True,True,Qwen/Qwen3-4B-Instruct-2507,cdbee75f17c01a7cc42f958dc650907174af0554
40,heldout,9,66,2,4,number_tokens,27.75,20.25,20.0,-0.25,True,True,Qwen/Qwen3-4B-Instruct-2507,cdbee75f17c01a7cc42f958dc650907174af0554
40,heldout,9,66,2,4,random_positions,27.75,20.25,20.75,0.5,True,True,Qwen/Qwen3-4B-Instruct-2507,cdbee75f17c01a7cc42f958dc650907174af0554
40,heldout,9,66,2,5,answer_position,27.75,20.25,20.25,0.0,True,True,Qwen/Qwen3-4B-Instruct-2507,cdbee75f17c01a7cc42f958dc650907174af0554
40,heldout,9,66,2,5,number_tokens,27.75,20.25,18.75,-1.5,True,True,Qwen/Qwen3-4B-Instruct-2507,cdbee75f17c01a7cc42f958dc650907174af0554
40,heldout,9,66,2,5,random_positions,27.75,20.25,20.5,0.25,True,True,Qwen/Qwen3-4B-Instruct-2507,cdbee75f17c01a7cc42f958dc650907174af0554
40,heldout,9,66,2,6,answer_position,27.75,20.25,20.0,-0.25,True,True,Qwen/Qwen3-4B-Instruct-2507,cdbee75f17c01a7cc42f958dc650907174af0554
40,heldout,9,66,2,6,number_tokens,27.75,20.25,20.5,0.25,True,True,Qwen/Qwen3-4B-Instruct-2507,cdbee75f17c01a7cc42f958dc650907174af0554
40,heldout,9,66,2,6,random_positions,27.75,20.25,20.5,0.25,True,True,Qwen/Qwen3-4B-Instruct-2507,cdbee75f17c01a7cc42f958dc650907174af0554
40,heldout,9,66,2,7,answer_position,27.75,20.25,20.25,0.0,True,True,Qwen/Qwen3-4B-Instruct-2507,cdbee75f17c01a7cc42f958dc650907174af0554
40,heldout,9,66,2,7,number_tokens,27.75,20.25,11.75,-8.5,True,True,Qwen/Qwen3-4B-Instruct-2507,cdbee75f17c01a7cc42f958dc650907174af0554
40,heldout,9,66,2,7,random_positions,27.75,20.25,20.25,0.0,True,True,Qwen/Qwen3-4B-Instruct-2507,cdbee75f17c01a7cc42f958dc650907174af0554
40,heldout,9,66,2,8,answer_position,27.75,20.25,20.0,-0.25,True,True,Qwen/Qwen3-4B-Instruct-2507,cdbee75f17c01a7cc42f958dc650907174af0554
40,heldout,9,66,2,8,number_tokens,27.75,20.25,17.25,-3.0,True,True,Qwen/Qwen3-4B-Instruct-2507,cdbee75f17c01a7cc42f958dc650907174af0554
40,heldout,9,66,2,8,random_positions,27.75,20.25,19.75,-0.5,True,True,Qwen/Qwen3-4B-Instruct-2507,cdbee75f17c01a7cc42f958dc650907174af0554
40,heldout,9,66,2,9,answer_position,27.75,20.25,20.25,0.0,True,True,Qwen/Qwen3-4B-Instruct-2507,cdbee75f17c01a7cc42f958dc650907174af0554
40,heldout,9,66,2,9,number_tokens,27.75,20.25,-1.0,-21.25,True,False,Qwen/Qwen3-4B-Instruct-2507,cdbee75f17c01a7cc42f958dc650907174af0554
40,heldout,9,66,2,9,random_positions,27.75,20.25,20.5,0.25,True,True,Qwen/Qwen3-4B-Instruct-2507,cdbee75f17c01a7cc42f958dc650907174af0554
40,heldout,9,66,2,10,answer_position,27.75,20.25,20.25,0.0,True,True,Qwen/Qwen3-4B-Instruct-2507,cdbee75f17c01a7cc42f958dc650907174af0554
40,heldout,9,66,2,10,number_tokens,27.75,20.25,1.0,-19.25,True,True,Qwen/Qwen3-4B-Instruct-2507,cdbee75f17c01a7cc42f958dc650907174af0554
40,heldout,9,66,2,10,random_positions,27.75,20.25,20.5,0.25,True,True,Qwen/Qwen3-4B-Instruct-2507,cdbee75f17c01a7cc42f958dc650907174af0554
40,heldout,9,66,2,11,answer_position,27.75,20.25,20.25,0.0,True,True,Qwen/Qwen3-4B-Instruct-2507,cdbee75f17c01a7cc42f958dc650907174af0554
40,heldout,9,66,2,11,number_tokens,27.75,20.25,-12.5,-32.75,True,False,Qwen/Qwen3-4B-Instruct-2507,cdbee75f17c01a7cc42f958dc650907174af0554
40,heldout,9,66,2,11,random_positions,27.75,20.25,20.75,0.5,True,True,Qwen/Qwen3-4B-Instruct-2507,cdbee75f17c01a7cc42f958dc650907174af0554
40,heldout,9,66,2,12,answer_position,27.75,20.25,20.25,0.0,True,True,Qwen/Qwen3-4B-Instruct-2507,cdbee75f17c01a7cc42f958dc650907174af0554
40,heldout,9,66,2,12,number_tokens,27.75,20.25,1.25,-19.0,True,True,Qwen/Qwen3-4B-Instruct-2507,cdbee75f17c01a7cc42f958dc650907174af0554
40,heldout,9,66,2,12,random_positions,27.75,20.25,21.25,1.0,True,True,Qwen/Qwen3-4B-Instruct-2507,cdbee75f17c01a7cc42f958dc650907174af0554
40,heldout,9,66,2,13,answer_position,27.75,20.25,20.0,-0.25,True,True,Qwen/Qwen3-4B-Instruct-2507,cdbee75f17c01a7cc42f958dc650907174af0554
40,heldout,9,66,2,13,number_tokens,27.75,20.25,16.0,-4.25,True,True,Qwen/Qwen3-4B-Instruct-2507,cdbee75f17c01a7cc42f958dc650907174af0554
40,heldout,9,66,2,13,random_positions,27.75,20.25,21.25,1.0,True,True,Qwen/Qwen3-4B-Instruct-2507,cdbee75f17c01a7cc42f958dc650907174af0554
40,heldout,9,66,2,14,answer_position,27.75,20.25,20.25,0.0,True,True,Qwen/Qwen3-4B-Instruct-2507,cdbee75f17c01a7cc42f958dc650907174af0554
40,heldout,9,66,2,14,number_tokens,27.75,20.25,22.0,1.75,True,True,Qwen/Qwen3-4B-Instruct-2507,cdbee75f17c01a7cc42f958dc650907174af0554
40,heldout,9,66,2,14,random_positions,27.75,20.25,22.0,1.75,True,True,Qwen/Qwen3-4B-Instruct-2507,cdbee75f17c01a7cc42f958dc650907174af0554
40,heldout,9,66,2,15,answer_position,27.75,20.25,20.25,0.0,True,True,Qwen/Qwen3-4B-Instruct-2507,cdbee75f17c01a7cc42f958dc650907174af0554
40,heldout,9,66,2,15,number_tokens,27.75,20.25,24.75,4.5,True,True,Qwen/Qwen3-4B-Instruct-2507,cdbee75f17c01a7cc42f958dc650907174af0554
40,heldout,9,66,2,15,random_positions,27.75,20.25,22.0,1.75,True,True,Qwen/Qwen3-4B-Instruct-2507,cdbee75f17c01a7cc42f958dc650907174af0554
40,heldout,9,66,2,16,answer_position,27.75,20.25,20.25,0.0,True,True,Qwen/Qwen3-4B-Instruct-2507,cdbee75f17c01a7cc42f958dc650907174af0554
40,heldout,9,66,2,16,number_tokens,27.75,20.25,24.75,4.5,True,True,Qwen/Qwen3-4B-Instruct-2507,cdbee75f17c01a7cc42f958dc650907174af0554
40,heldout,9,66,2,16,random_positions,27.75,20.25,22.5,2.25,True,True,Qwen/Qwen3-4B-Instruct-2507,cdbee75f17c01a7cc42f958dc650907174af0554
40,heldout,9,66,2,17,answer_position,27.75,20.25,20.25,0.0,True,True,Qwen/Qwen3-4B-Instruct-2507,cdbee75f17c01a7cc42f958dc650907174af0554
40,heldout,9,66,2,17,number_tokens,27.75,20.25,23.875,3.625,True,True,Qwen/Qwen3-4B-Instruct-2507,cdbee75f17c01a7cc42f958dc650907174af0554
40,heldout,9,66,2,17,random_positions,27.75,20.25,22.25,2.0,True,True,Qwen/Qwen3-4B-Instruct-2507,cdbee75f17c01a7cc42f958dc650907174af0554
40,heldout,9,66,2,18,answer_position,27.75,20.25,20.25,0.0,True,True,Qwen/Qwen3-4B-Instruct-2507,cdbee75f17c01a7cc42f958dc650907174af0554
40,heldout,9,66,2,18,number_tokens,27.75,20.25,20.75,0.5,True,True,Qwen/Qwen3-4B-Instruct-2507,cdbee75f17c01a7cc42f958dc650907174af0554
40,heldout,9,66,2,18,random_positions,27.75,20.25,23.375,3.125,True,True,Qwen/Qwen3-4B-Instruct-2507,cdbee75f17c01a7cc42f958dc650907174af0554
40,heldout,9,66,2,19,answer_position,27.75,20.25,22.0,1.75,True,True,Qwen/Qwen3-4B-Instruct-2507,cdbee75f17c01a7cc42f958dc650907174af0554
40,heldout,9,66,2,19,number_tokens,27.75,20.25,18.25,-2.0,True,True,Qwen/Qwen3-4B-Instruct-2507,cdbee75f17c01a7cc42f958dc650907174af0554
40,heldout,9,66,2,19,random_positions,27.75,20.25,23.625,3.375,True,True,Qwen/Qwen3-4B-Instruct-2507,cdbee75f17c01a7cc42f958dc650907174af0554
40,heldout,9,66,2,20,answer_position,27.75,20.25,22.5,2.25,True,True,Qwen/Qwen3-4B-Instruct-2507,cdbee75f17c01a7cc42f958dc650907174af0554
40,heldout,9,66,2,20,number_tokens,27.75,20.25,19.75,-0.5,True,True,Qwen/Qwen3-4B-Instruct-2507,cdbee75f17c01a7cc42f958dc650907174af0554
40,heldout,9,66,2,20,random_positions,27.75,20.25,23.125,2.875,True,True,Qwen/Qwen3-4B-Instruct-2507,cdbee75f17c01a7cc42f958dc650907174af0554
40,heldout,9,66,2,21,answer_position,27.75,20.25,25.125,4.875,True,True,Qwen/Qwen3-4B-Instruct-2507,cdbee75f17c01a7cc42f958dc650907174af0554
40,heldout,9,66,2,21,number_tokens,27.75,20.25,20.0,-0.25,True,True,Qwen/Qwen3-4B-Instruct-2507,cdbee75f17c01a7cc42f958dc650907174af0554
40,heldout,9,66,2,21,random_positions,27.75,20.25,21.75,1.5,True,True,Qwen/Qwen3-4B-Instruct-2507,cdbee75f17c01a7cc42f958dc650907174af0554
40,heldout,9,66,2,22,answer_position,27.75,20.25,25.625,5.375,True,True,Qwen/Qwen3-4B-Instruct-2507,cdbee75f17c01a7cc42f958dc650907174af0554
40,heldout,9,66,2,22,number_tokens,27.75,20.25,19.5,-0.75,True,True,Qwen/Qwen3-4B-Instruct-2507,cdbee75f17c01a7cc42f958dc650907174af0554
40,heldout,9,66,2,22,random_positions,27.75,20.25,21.25,1.0,True,True,Qwen/Qwen3-4B-Instruct-2507,cdbee75f17c01a7cc42f958dc650907174af0554
40,heldout,9,66,2,23,answer_position,27.75,20.25,25.375,5.125,True,True,Qwen/Qwen3-4B-Instruct-2507,cdbee75f17c01a7cc42f958dc650907174af0554
40,heldout,9,66,2,23,number_tokens,27.75,20.25,20.0,-0.25,True,True,Qwen/Qwen3-4B-Instruct-2507,cdbee75f17c01a7cc42f958dc650907174af0554
40,heldout,9,66,2,23,random_positions,27.75,20.25,22.0,1.75,True,True,Qwen/Qwen3-4B-Instruct-2507,cdbee75f17c01a7cc42f958dc650907174af0554
40,heldout,9,66,2,24,answer_position,27.75,20.25,26.875,6.625,True,True,Qwen/Qwen3-4B-Instruct-2507,cdbee75f17c01a7cc42f958dc650907174af0554
40,heldout,9,66,2,24,number_tokens,27.75,20.25,20.0,-0.25,True,True,Qwen/Qwen3-4B-Instruct-2507,cdbee75f17c01a7cc42f958dc650907174af0554
40,heldout,9,66,2,24,random_positions,27.75,20.25,20.5,0.25,True,True,Qwen/Qwen3-4B-Instruct-2507,cdbee75f17c01a7cc42f958dc650907174af0554
40,heldout,9,66,2,25,answer_position,27.75,20.25,26.625,6.375,True,True,Qwen/Qwen3-4B-Instruct-2507,cdbee75f17c01a7cc42f958dc650907174af0554
40,heldout,9,66,2,25,number_tokens,27.75,20.25,20.0,-0.25,True,True,Qwen/Qwen3-4B-Instruct-2507,cdbee75f17c01a7cc42f958dc650907174af0554
40,heldout,9,66,2,25,random_positions,27.75,20.25,20.75,0.5,True,True,Qwen/Qwen3-4B-Instruct-2507,cdbee75f17c01a7cc42f958dc650907174af0554
40,heldout,9,66,2,26,answer_position,27.75,20.25,26.625,6.375,True,True,Qwen/Qwen3-4B-Instruct-2507,cdbee75f17c01a7cc42f958dc650907174af0554
40,heldout,9,66,2,26,number_tokens,27.75,20.25,20.0,-0.25,True,True,Qwen/Qwen3-4B-Instruct-2507,cdbee75f17c01a7cc42f958dc650907174af0554
40,heldout,9,66,2,26,random_positions,27.75,20.25,20.25,0.0,True,True,Qwen/Qwen3-4B-Instruct-2507,cdbee75f17c01a7cc42f958dc650907174af0554
40,heldout,9,66,2,27,answer_position,27.75,20.25,26.5,6.25,True,True,Qwen/Qwen3-4B-Instruct-2507,cdbee75f17c01a7cc42f958dc650907174af0554
40,heldout,9,66,2,27,number_tokens,27.75,20.25,20.25,0.0,True,True,Qwen/Qwen3-4B-Instruct-2507,cdbee75f17c01a7cc42f958dc650907174af0554
40,heldout,9,66,2,27,random_positions,27.75,20.25,20.5,0.25,True,True,Qwen/Qwen3-4B-Instruct-2507,cdbee75f17c01a7cc42f958dc650907174af0554
40,heldout,9,66,2,28,answer_position,27.75,20.25,26.75,6.5,True,True,Qwen/Qwen3-4B-Instruct-2507,cdbee75f17c01a7cc42f958dc650907174af0554
40,heldout,9,66,2,28,number_tokens,27.75,20.25,20.5,0.25,True,True,Qwen/Qwen3-4B-Instruct-2507,cdbee75f17c01a7cc42f958dc650907174af0554
40,heldout,9,66,2,28,random_positions,27.75,20.25,20.5,0.25,True,True,Qwen/Qwen3-4B-Instruct-2507,cdbee75f17c01a7cc42f958dc650907174af0554
40,heldout,9,66,2,29,answer_position,27.75,20.25,26.75,6.5,True,True,Qwen/Qwen3-4B-Instruct-2507,cdbee75f17c01a7cc42f958dc650907174af0554
40,heldout,9,66,2,29,number_tokens,27.75,20.25,20.25,0.0,True,True,Qwen/Qwen3-4B-Instruct-2507,cdbee75f17c01a7cc42f958dc650907174af0554
40,heldout,9,66,2,29,random_positions,27.75,20.25,20.25,0.0,True,True,Qwen/Qwen3-4B-Instruct-2507,cdbee75f17c01a7cc42f958dc650907174af0554
40,heldout,9,66,2,30,answer_position,27.75,20.25,26.875,6.625,True,True,Qwen/Qwen3-4B-Instruct-2507,cdbee75f17c01a7cc42f958dc650907174af0554
40,heldout,9,66,2,30,number_tokens,27.75,20.25,20.5,0.25,True,True,Qwen/Qwen3-4B-Instruct-2507,cdbee75f17c01a7cc42f958dc650907174af0554
40,heldout,9,66,2,30,random_positions,27.75,20.25,20.5,0.25,True,True,Qwen/Qwen3-4B-Instruct-2507,cdbee75f17c01a7cc42f958dc650907174af0554
40,heldout,9,66,2,31,answer_position,27.75,20.25,26.875,6.625,True,True,Qwen/Qwen3-4B-Instruct-2507,cdbee75f17c01a7cc42f958dc650907174af0554
40,heldout,9,66,2,31,number_tokens,27.75,20.25,20.5,0.25,True,True,Qwen/Qwen3-4B-Instruct-2507,cdbee75f17c01a7cc42f958dc650907174af0554
40,heldout,9,66,2,31,random_positions,27.75,20.25,20.5,0.25,True,True,Qwen/Qwen3-4B-Instruct-2507,cdbee75f17c01a7cc42f958dc650907174af0554
40,heldout,9,66,2,32,answer_position,27.75,20.25,27.0,6.75,True,True,Qwen/Qwen3-4B-Instruct-2507,cdbee75f17c01a7cc42f958dc650907174af0554
40,heldout,9,66,2,32,number_tokens,27.75,20.25,20.25,0.0,True,True,Qwen/Qwen3-4B-Instruct-2507,cdbee75f17c01a7cc42f958dc650907174af0554
40,heldout,9,66,2,32,random_positions,27.75,20.25,20.25,0.0,True,True,Qwen/Qwen3-4B-Instruct-2507,cdbee75f17c01a7cc42f958dc650907174af0554
40,heldout,9,66,2,33,answer_position,27.75,20.25,26.75,6.5,True,True,Qwen/Qwen3-4B-Instruct-2507,cdbee75f17c01a7cc42f958dc650907174af0554
40,heldout,9,66,2,33,number_tokens,27.75,20.25,20.25,0.0,True,True,Qwen/Qwen3-4B-Instruct-2507,cdbee75f17c01a7cc42f958dc650907174af0554
40,heldout,9,66,2,33,random_positions,27.75,20.25,20.5,0.25,True,True,Qwen/Qwen3-4B-Instruct-2507,cdbee75f17c01a7cc42f958dc650907174af0554
40,heldout,9,66,2,34,answer_position,27.75,20.25,27.125,6.875,True,True,Qwen/Qwen3-4B-Instruct-2507,cdbee75f17c01a7cc42f958dc650907174af0554
40,heldout,9,66,2,34,number_tokens,27.75,20.25,20.25,0.0,True,True,Qwen/Qwen3-4B-Instruct-2507,cdbee75f17c01a7cc42f958dc650907174af0554
40,heldout,9,66,2,34,random_positions,27.75,20.25,20.25,0.0,True,True,Qwen/Qwen3-4B-Instruct-2507,cdbee75f17c01a7cc42f958dc650907174af0554
40,heldout,9,66,2,35,answer_position,27.75,20.25,27.75,7.5,True,True,Qwen/Qwen3-4B-Instruct-2507,cdbee75f17c01a7cc42f958dc650907174af0554
40,heldout,9,66,2,35,number_tokens,27.75,20.25,20.25,0.0,True,True,Qwen/Qwen3-4B-Instruct-2507,cdbee75f17c01a7cc42f958dc650907174af0554
40,heldout,9,66,2,35,random_positions,27.75,20.25,20.25,0.0,True,True,Qwen/Qwen3-4B-Instruct-2507,cdbee75f17c01a7cc42f958dc650907174af0554
41,heldout,9,67,3,0,answer_position,28.125,23.0,23.0,0.0,True,True,Qwen/Qwen3-4B-Instruct-2507,cdbee75f17c01a7cc42f958dc650907174af0554
41,heldout,9,67,3,0,number_tokens,28.125,23.0,23.0,0.0,True,True,Qwen/Qwen3-4B-Instruct-2507,cdbee75f17c01a7cc42f958dc650907174af0554
41,heldout,9,67,3,0,random_positions,28.125,23.0,22.75,-0.25,True,True,Qwen/Qwen3-4B-Instruct-2507,cdbee75f17c01a7cc42f958dc650907174af0554
41,heldout,9,67,3,1,answer_position,28.125,23.0,23.125,0.125,True,True,Qwen/Qwen3-4B-Instruct-2507,cdbee75f17c01a7cc42f958dc650907174af0554
41,heldout,9,67,3,1,number_tokens,28.125,23.0,24.5,1.5,True,True,Qwen/Qwen3-4B-Instruct-2507,cdbee75f17c01a7cc42f958dc650907174af0554
41,heldout,9,67,3,1,random_positions,28.125,23.0,22.5,-0.5,True,True,Qwen/Qwen3-4B-Instruct-2507,cdbee75f17c01a7cc42f958dc650907174af0554
41,heldout,9,67,3,2,answer_position,28.125,23.0,23.0,0.0,True,True,Qwen/Qwen3-4B-Instruct-2507,cdbee75f17c01a7cc42f958dc650907174af0554
41,heldout,9,67,3,2,number_tokens,28.125,23.0,24.375,1.375,True,True,Qwen/Qwen3-4B-Instruct-2507,cdbee75f17c01a7cc42f958dc650907174af0554
41,heldout,9,67,3,2,random_positions,28.125,23.0,22.75,-0.25,True,True,Qwen/Qwen3-4B-Instruct-2507,cdbee75f17c01a7cc42f958dc650907174af0554
41,heldout,9,67,3,3,answer_position,28.125,23.0,23.125,0.125,True,True,Qwen/Qwen3-4B-Instruct-2507,cdbee75f17c01a7cc42f958dc650907174af0554
41,heldout,9,67,3,3,number_tokens,28.125,23.0,23.5,0.5,True,True,Qwen/Qwen3-4B-Instruct-2507,cdbee75f17c01a7cc42f958dc650907174af0554
41,heldout,9,67,3,3,random_positions,28.125,23.0,22.0,-1.0,True,True,Qwen/Qwen3-4B-Instruct-2507,cdbee75f17c01a7cc42f958dc650907174af0554
41,heldout,9,67,3,4,answer_position,28.125,23.0,22.875,-0.125,True,True,Qwen/Qwen3-4B-Instruct-2507,cdbee75f17c01a7cc42f958dc650907174af0554
41,heldout,9,67,3,4,number_tokens,28.125,23.0,23.875,0.875,True,True,Qwen/Qwen3-4B-Instruct-2507,cdbee75f17c01a7cc42f958dc650907174af0554
41,heldout,9,67,3,4,random_positions,28.125,23.0,22.25,-0.75,True,True,Qwen/Qwen3-4B-Instruct-2507,cdbee75f17c01a7cc42f958dc650907174af0554
41,heldout,9,67,3,5,answer_position,28.125,23.0,22.875,-0.125,True,True,Qwen/Qwen3-4B-Instruct-2507,cdbee75f17c01a7cc42f958dc650907174af0554
41,heldout,9,67,3,5,number_tokens,28.125,23.0,22.75,-0.25,True,True,Qwen/Qwen3-4B-Instruct-2507,cdbee75f17c01a7cc42f958dc650907174af0554
41,heldout,9,67,3,5,random_positions,28.125,23.0,22.0,-1.0,True,True,Qwen/Qwen3-4B-Instruct-2507,cdbee75f17c01a7cc42f958dc650907174af0554
41,heldout,9,67,3,6,answer_position,28.125,23.0,23.0,0.0,True,True,Qwen/Qwen3-4B-Instruct-2507,cdbee75f17c01a7cc42f958dc650907174af0554
41,heldout,9,67,3,6,number_tokens,28.125,23.0,23.0,0.0,True,True,Qwen/Qwen3-4B-Instruct-2507,cdbee75f17c01a7cc42f958dc650907174af0554
41,heldout,9,67,3,6,random_positions,28.125,23.0,22.5,-0.5,True,True,Qwen/Qwen3-4B-Instruct-2507,cdbee75f17c01a7cc42f958dc650907174af0554
41,heldout,9,67,3,7,answer_position,28.125,23.0,23.0,0.0,True,True,Qwen/Qwen3-4B-Instruct-2507,cdbee75f17c01a7cc42f958dc650907174af0554
41,heldout,9,67,3,7,number_tokens,28.125,23.0,19.0,-4.0,True,True,Qwen/Qwen3-4B-Instruct-2507,cdbee75f17c01a7cc42f958dc650907174af0554
41,heldout,9,67,3,7,random_positions,28.125,23.0,22.75,-0.25,True,True,Qwen/Qwen3-4B-Instruct-2507,cdbee75f17c01a7cc42f958dc650907174af0554
41,heldout,9,67,3,8,answer_position,28.125,23.0,23.125,0.125,True,True,Qwen/Qwen3-4B-Instruct-2507,cdbee75f17c01a7cc42f958dc650907174af0554
41,heldout,9,67,3,8,number_tokens,28.125,23.0,20.0,-3.0,True,True,Qwen/Qwen3-4B-Instruct-2507,cdbee75f17c01a7cc42f958dc650907174af0554
41,heldout,9,67,3,8,random_positions,28.125,23.0,23.25,0.25,True,True,Qwen/Qwen3-4B-Instruct-2507,cdbee75f17c01a7cc42f958dc650907174af0554
41,heldout,9,67,3,9,answer_position,28.125,23.0,23.125,0.125,True,True,Qwen/Qwen3-4B-Instruct-2507,cdbee75f17c01a7cc42f958dc650907174af0554
41,heldout,9,67,3,9,number_tokens,28.125,23.0,4.5,-18.5,True,True,Qwen/Qwen3-4B-Instruct-2507,cdbee75f17c01a7cc42f958dc650907174af0554
41,heldout,9,67,3,9,random_positions,28.125,23.0,23.25,0.25,True,True,Qwen/Qwen3-4B-Instruct-2507,cdbee75f17c01a7cc42f958dc650907174af0554
41,heldout,9,67,3,10,answer_position,28.125,23.0,23.0,0.0,True,True,Qwen/Qwen3-4B-Instruct-2507,cdbee75f17c01a7cc42f958dc650907174af0554
41,heldout,9,67,3,10,number_tokens,28.125,23.0,6.25,-16.75,True,True,Qwen/Qwen3-4B-Instruct-2507,cdbee75f17c01a7cc42f958dc650907174af0554
41,heldout,9,67,3,10,random_positions,28.125,23.0,23.25,0.25,True,True,Qwen/Qwen3-4B-Instruct-2507,cdbee75f17c01a7cc42f958dc650907174af0554
41,heldout,9,67,3,11,answer_position,28.125,23.0,23.0,0.0,True,True,Qwen/Qwen3-4B-Instruct-2507,cdbee75f17c01a7cc42f958dc650907174af0554
41,heldout,9,67,3,11,number_tokens,28.125,23.0,-12.0,-35.0,True,False,Qwen/Qwen3-4B-Instruct-2507,cdbee75f17c01a7cc42f958dc650907174af0554
41,heldout,9,67,3,11,random_positions,28.125,23.0,23.0,0.0,True,True,Qwen/Qwen3-4B-Instruct-2507,cdbee75f17c01a7cc42f958dc650907174af0554
41,heldout,9,67,3,12,answer_position,28.125,23.0,23.0,0.0,True,True,Qwen/Qwen3-4B-Instruct-2507,cdbee75f17c01a7cc42f958dc650907174af0554
41,heldout,9,67,3,12,number_tokens,28.125,23.0,2.25,-20.75,True,True,Qwen/Qwen3-4B-Instruct-2507,cdbee75f17c01a7cc42f958dc650907174af0554
41,heldout,9,67,3,12,random_positions,28.125,23.0,23.375,0.375,True,True,Qwen/Qwen3-4B-Instruct-2507,cdbee75f17c01a7cc42f958dc650907174af0554
41,heldout,9,67,3,13,answer_position,28.125,23.0,22.875,-0.125,True,True,Qwen/Qwen3-4B-Instruct-2507,cdbee75f17c01a7cc42f958dc650907174af0554
41,heldout,9,67,3,13,number_tokens,28.125,23.0,14.0,-9.0,True,True,Qwen/Qwen3-4B-Instruct-2507,cdbee75f17c01a7cc42f958dc650907174af0554
41,heldout,9,67,3,13,random_positions,28.125,23.0,22.875,-0.125,True,True,Qwen/Qwen3-4B-Instruct-2507,cdbee75f17c01a7cc42f958dc650907174af0554
41,heldout,9,67,3,14,answer_position,28.125,23.0,23.0,0.0,True,True,Qwen/Qwen3-4B-Instruct-2507,cdbee75f17c01a7cc42f958dc650907174af0554
41,heldout,9,67,3,14,number_tokens,28.125,23.0,21.5,-1.5,True,True,Qwen/Qwen3-4B-Instruct-2507,cdbee75f17c01a7cc42f958dc650907174af0554
41,heldout,9,67,3,14,random_positions,28.125,23.0,23.0,0.0,True,True,Qwen/Qwen3-4B-Instruct-2507,cdbee75f17c01a7cc42f958dc650907174af0554
41,heldout,9,67,3,15,answer_position,28.125,23.0,23.125,0.125,True,True,Qwen/Qwen3-4B-Instruct-2507,cdbee75f17c01a7cc42f958dc650907174af0554
41,heldout,9,67,3,15,number_tokens,28.125,23.0,24.625,1.625,True,True,Qwen/Qwen3-4B-Instruct-2507,cdbee75f17c01a7cc42f958dc650907174af0554
41,heldout,9,67,3,15,random_positions,28.125,23.0,22.75,-0.25,True,True,Qwen/Qwen3-4B-Instruct-2507,cdbee75f17c01a7cc42f958dc650907174af0554
41,heldout,9,67,3,16,answer_position,28.125,23.0,23.0,0.0,True,True,Qwen/Qwen3-4B-Instruct-2507,cdbee75f17c01a7cc42f958dc650907174af0554
41,heldout,9,67,3,16,number_tokens,28.125,23.0,24.625,1.625,True,True,Qwen/Qwen3-4B-Instruct-2507,cdbee75f17c01a7cc42f958dc650907174af0554
41,heldout,9,67,3,16,random_positions,28.125,23.0,22.5,-0.5,True,True,Qwen/Qwen3-4B-Instruct-2507,cdbee75f17c01a7cc42f958dc650907174af0554
41,heldout,9,67,3,17,answer_position,28.125,23.0,23.125,0.125,True,True,Qwen/Qwen3-4B-Instruct-2507,cdbee75f17c01a7cc42f958dc650907174af0554
41,heldout,9,67,3,17,number_tokens,28.125,23.0,23.75,0.75,True,True,Qwen/Qwen3-4B-Instruct-2507,cdbee75f17c01a7cc42f958dc650907174af0554
41,heldout,9,67,3,17,random_positions,28.125,23.0,22.25,-0.75,True,True,Qwen/Qwen3-4B-Instruct-2507,cdbee75f17c01a7cc42f958dc650907174af0554
41,heldout,9,67,3,18,answer_position,28.125,23.0,23.125,0.125,True,True,Qwen/Qwen3-4B-Instruct-2507,cdbee75f17c01a7cc42f958dc650907174af0554
41,heldout,9,67,3,18,number_tokens,28.125,23.0,22.5,-0.5,True,True,Qwen/Qwen3-4B-Instruct-2507,cdbee75f17c01a7cc42f958dc650907174af0554
41,heldout,9,67,3,18,random_positions,28.125,23.0,23.0,0.0,True,True,Qwen/Qwen3-4B-Instruct-2507,cdbee75f17c01a7cc42f958dc650907174af0554
41,heldout,9,67,3,19,answer_position,28.125,23.0,23.75,0.75,True,True,Qwen/Qwen3-4B-Instruct-2507,cdbee75f17c01a7cc42f958dc650907174af0554
41,heldout,9,67,3,19,number_tokens,28.125,23.0,22.0,-1.0,True,True,Qwen/Qwen3-4B-Instruct-2507,cdbee75f17c01a7cc42f958dc650907174af0554
41,heldout,9,67,3,19,random_positions,28.125,23.0,23.125,0.125,True,True,Qwen/Qwen3-4B-Instruct-2507,cdbee75f17c01a7cc42f958dc650907174af0554
41,heldout,9,67,3,20,answer_position,28.125,23.0,24.125,1.125,True,True,Qwen/Qwen3-4B-Instruct-2507,cdbee75f17c01a7cc42f958dc650907174af0554
41,heldout,9,67,3,20,number_tokens,28.125,23.0,22.75,-0.25,True,True,Qwen/Qwen3-4B-Instruct-2507,cdbee75f17c01a7cc42f958dc650907174af0554
41,heldout,9,67,3,20,random_positions,28.125,23.0,22.625,-0.375,True,True,Qwen/Qwen3-4B-Instruct-2507,cdbee75f17c01a7cc42f958dc650907174af0554
41,heldout,9,67,3,21,answer_position,28.125,23.0,26.25,3.25,True,True,Qwen/Qwen3-4B-Instruct-2507,cdbee75f17c01a7cc42f958dc650907174af0554
41,heldout,9,67,3,21,number_tokens,28.125,23.0,22.875,-0.125,True,True,Qwen/Qwen3-4B-Instruct-2507,cdbee75f17c01a7cc42f958dc650907174af0554
41,heldout,9,67,3,21,random_positions,28.125,23.0,22.75,-0.25,True,True,Qwen/Qwen3-4B-Instruct-2507,cdbee75f17c01a7cc42f958dc650907174af0554
41,heldout,9,67,3,22,answer_position,28.125,23.0,26.375,3.375,True,True,Qwen/Qwen3-4B-Instruct-2507,cdbee75f17c01a7cc42f958dc650907174af0554
41,heldout,9,67,3,22,number_tokens,28.125,23.0,22.625,-0.375,True,True,Qwen/Qwen3-4B-Instruct-2507,cdbee75f17c01a7cc42f958dc650907174af0554
41,heldout,9,67,3,22,random_positions,28.125,23.0,23.25,0.25,True,True,Qwen/Qwen3-4B-Instruct-2507,cdbee75f17c01a7cc42f958dc650907174af0554
41,heldout,9,67,3,23,answer_position,28.125,23.0,26.5,3.5,True,True,Qwen/Qwen3-4B-Instruct-2507,cdbee75f17c01a7cc42f958dc650907174af0554
41,heldout,9,67,3,23,number_tokens,28.125,23.0,22.5,-0.5,True,True,Qwen/Qwen3-4B-Instruct-2507,cdbee75f17c01a7cc42f958dc650907174af0554
41,heldout,9,67,3,23,random_positions,28.125,23.0,23.0,0.0,True,True,Qwen/Qwen3-4B-Instruct-2507,cdbee75f17c01a7cc42f958dc650907174af0554
41,heldout,9,67,3,24,answer_position,28.125,23.0,27.5,4.5,True,True,Qwen/Qwen3-4B-Instruct-2507,cdbee75f17c01a7cc42f958dc650907174af0554
41,heldout,9,67,3,24,number_tokens,28.125,23.0,23.125,0.125,True,True,Qwen/Qwen3-4B-Instruct-2507,cdbee75f17c01a7cc42f958dc650907174af0554
41,heldout,9,67,3,24,random_positions,28.125,23.0,23.0,0.0,True,True,Qwen/Qwen3-4B-Instruct-2507,cdbee75f17c01a7cc42f958dc650907174af0554
41,heldout,9,67,3,25,answer_position,28.125,23.0,27.125,4.125,True,True,Qwen/Qwen3-4B-Instruct-2507,cdbee75f17c01a7cc42f958dc650907174af0554
41,heldout,9,67,3,25,number_tokens,28.125,23.0,23.0,0.0,True,True,Qwen/Qwen3-4B-Instruct-2507,cdbee75f17c01a7cc42f958dc650907174af0554
41,heldout,9,67,3,25,random_positions,28.125,23.0,23.0,0.0,True,True,Qwen/Qwen3-4B-Instruct-2507,cdbee75f17c01a7cc42f958dc650907174af0554
41,heldout,9,67,3,26,answer_position,28.125,23.0,27.25,4.25,True,True,Qwen/Qwen3-4B-Instruct-2507,cdbee75f17c01a7cc42f958dc650907174af0554
41,heldout,9,67,3,26,number_tokens,28.125,23.0,22.75,-0.25,True,True,Qwen/Qwen3-4B-Instruct-2507,cdbee75f17c01a7cc42f958dc650907174af0554
41,heldout,9,67,3,26,random_positions,28.125,23.0,23.125,0.125,True,True,Qwen/Qwen3-4B-Instruct-2507,cdbee75f17c01a7cc42f958dc650907174af0554
41,heldout,9,67,3,27,answer_position,28.125,23.0,27.125,4.125,True,True,Qwen/Qwen3-4B-Instruct-2507,cdbee75f17c01a7cc42f958dc650907174af0554
41,heldout,9,67,3,27,number_tokens,28.125,23.0,23.0,0.0,True,True,Qwen/Qwen3-4B-Instruct-2507,cdbee75f17c01a7cc42f958dc650907174af0554
41,heldout,9,67,3,27,random_positions,28.125,23.0,22.75,-0.25,True,True,Qwen/Qwen3-4B-Instruct-2507,cdbee75f17c01a7cc42f958dc650907174af0554
41,heldout,9,67,3,28,answer_position,28.125,23.0,27.125,4.125,True,True,Qwen/Qwen3-4B-Instruct-2507,cdbee75f17c01a7cc42f958dc650907174af0554
41,heldout,9,67,3,28,number_tokens,28.125,23.0,23.0,0.0,True,True,Qwen/Qwen3-4B-Instruct-2507,cdbee75f17c01a7cc42f958dc650907174af0554
41,heldout,9,67,3,28,random_positions,28.125,23.0,22.75,-0.25,True,True,Qwen/Qwen3-4B-Instruct-2507,cdbee75f17c01a7cc42f958dc650907174af0554
41,heldout,9,67,3,29,answer_position,28.125,23.0,27.125,4.125,True,True,Qwen/Qwen3-4B-Instruct-2507,cdbee75f17c01a7cc42f958dc650907174af0554
41,heldout,9,67,3,29,number_tokens,28.125,23.0,23.0,0.0,True,True,Qwen/Qwen3-4B-Instruct-2507,cdbee75f17c01a7cc42f958dc650907174af0554
41,heldout,9,67,3,29,random_positions,28.125,23.0,22.875,-0.125,True,True,Qwen/Qwen3-4B-Instruct-2507,cdbee75f17c01a7cc42f958dc650907174af0554
41,heldout,9,67,3,30,answer_position,28.125,23.0,27.25,4.25,True,True,Qwen/Qwen3-4B-Instruct-2507,cdbee75f17c01a7cc42f958dc650907174af0554
41,heldout,9,67,3,30,number_tokens,28.125,23.0,23.0,0.0,True,True,Qwen/Qwen3-4B-Instruct-2507,cdbee75f17c01a7cc42f958dc650907174af0554
41,heldout,9,67,3,30,random_positions,28.125,23.0,22.875,-0.125,True,True,Qwen/Qwen3-4B-Instruct-2507,cdbee75f17c01a7cc42f958dc650907174af0554
41,heldout,9,67,3,31,answer_position,28.125,23.0,27.25,4.25,True,True,Qwen/Qwen3-4B-Instruct-2507,cdbee75f17c01a7cc42f958dc650907174af0554
41,heldout,9,67,3,31,number_tokens,28.125,23.0,22.875,-0.125,True,True,Qwen/Qwen3-4B-Instruct-2507,cdbee75f17c01a7cc42f958dc650907174af0554
41,heldout,9,67,3,31,random_positions,28.125,23.0,22.75,-0.25,True,True,Qwen/Qwen3-4B-Instruct-2507,cdbee75f17c01a7cc42f958dc650907174af0554
41,heldout,9,67,3,32,answer_position,28.125,23.0,27.25,4.25,True,True,Qwen/Qwen3-4B-Instruct-2507,cdbee75f17c01a7cc42f958dc650907174af0554
41,heldout,9,67,3,32,number_tokens,28.125,23.0,22.875,-0.125,True,True,Qwen/Qwen3-4B-Instruct-2507,cdbee75f17c01a7cc42f958dc650907174af0554
41,heldout,9,67,3,32,random_positions,28.125,23.0,23.0,0.0,True,True,Qwen/Qwen3-4B-Instruct-2507,cdbee75f17c01a7cc42f958dc650907174af0554
41,heldout,9,67,3,33,answer_position,28.125,23.0,27.25,4.25,True,True,Qwen/Qwen3-4B-Instruct-2507,cdbee75f17c01a7cc42f958dc650907174af0554
41,heldout,9,67,3,33,number_tokens,28.125,23.0,23.0,0.0,True,True,Qwen/Qwen3-4B-Instruct-2507,cdbee75f17c01a7cc42f958dc650907174af0554
41,heldout,9,67,3,33,random_positions,28.125,23.0,23.25,0.25,True,True,Qwen/Qwen3-4B-Instruct-2507,cdbee75f17c01a7cc42f958dc650907174af0554
41,heldout,9,67,3,34,answer_position,28.125,23.0,27.625,4.625,True,True,Qwen/Qwen3-4B-Instruct-2507,cdbee75f17c01a7cc42f958dc650907174af0554
41,heldout,9,67,3,34,number_tokens,28.125,23.0,23.0,0.0,True,True,Qwen/Qwen3-4B-Instruct-2507,cdbee75f17c01a7cc42f958dc650907174af0554
41,heldout,9,67,3,34,random_positions,28.125,23.0,23.25,0.25,True,True,Qwen/Qwen3-4B-Instruct-2507,cdbee75f17c01a7cc42f958dc650907174af0554
41,heldout,9,67,3,35,answer_position,28.125,23.0,28.125,5.125,True,True,Qwen/Qwen3-4B-Instruct-2507,cdbee75f17c01a7cc42f958dc650907174af0554
41,heldout,9,67,3,35,number_tokens,28.125,23.0,23.0,0.0,True,True,Qwen/Qwen3-4B-Instruct-2507,cdbee75f17c01a7cc42f958dc650907174af0554
41,heldout,9,67,3,35,random_positions,28.125,23.0,23.0,0.0,True,True,Qwen/Qwen3-4B-Instruct-2507,cdbee75f17c01a7cc42f958dc650907174af0554
42,heldout,9,68,4,0,answer_position,27.625,22.25,22.25,0.0,True,True,Qwen/Qwen3-4B-Instruct-2507,cdbee75f17c01a7cc42f958dc650907174af0554
42,heldout,9,68,4,0,number_tokens,27.625,22.25,22.5,0.25,True,True,Qwen/Qwen3-4B-Instruct-2507,cdbee75f17c01a7cc42f958dc650907174af0554
42,heldout,9,68,4,0,random_positions,27.625,22.25,12.25,-10.0,True,True,Qwen/Qwen3-4B-Instruct-2507,cdbee75f17c01a7cc42f958dc650907174af0554
42,heldout,9,68,4,1,answer_position,27.625,22.25,22.5,0.25,True,True,Qwen/Qwen3-4B-Instruct-2507,cdbee75f17c01a7cc42f958dc650907174af0554
42,heldout,9,68,4,1,number_tokens,27.625,22.25,23.625,1.375,True,True,Qwen/Qwen3-4B-Instruct-2507,cdbee75f17c01a7cc42f958dc650907174af0554
42,heldout,9,68,4,1,random_positions,27.625,22.25,15.75,-6.5,True,True,Qwen/Qwen3-4B-Instruct-2507,cdbee75f17c01a7cc42f958dc650907174af0554
42,heldout,9,68,4,2,answer_position,27.625,22.25,22.25,0.0,True,True,Qwen/Qwen3-4B-Instruct-2507,cdbee75f17c01a7cc42f958dc650907174af0554
42,heldout,9,68,4,2,number_tokens,27.625,22.25,23.625,1.375,True,True,Qwen/Qwen3-4B-Instruct-2507,cdbee75f17c01a7cc42f958dc650907174af0554
42,heldout,9,68,4,2,random_positions,27.625,22.25,13.25,-9.0,True,True,Qwen/Qwen3-4B-Instruct-2507,cdbee75f17c01a7cc42f958dc650907174af0554
42,heldout,9,68,4,3,answer_position,27.625,22.25,22.5,0.25,True,True,Qwen/Qwen3-4B-Instruct-2507,cdbee75f17c01a7cc42f958dc650907174af0554
42,heldout,9,68,4,3,number_tokens,27.625,22.25,22.75,0.5,True,True,Qwen/Qwen3-4B-Instruct-2507,cdbee75f17c01a7cc42f958dc650907174af0554
42,heldout,9,68,4,3,random_positions,27.625,22.25,9.25,-13.0,True,True,Qwen/Qwen3-4B-Instruct-2507,cdbee75f17c01a7cc42f958dc650907174af0554
42,heldout,9,68,4,4,answer_position,27.625,22.25,22.25,0.0,True,True,Qwen/Qwen3-4B-Instruct-2507,cdbee75f17c01a7cc42f958dc650907174af0554
42,heldout,9,68,4,4,number_tokens,27.625,22.25,22.75,0.5,True,True,Qwen/Qwen3-4B-Instruct-2507,cdbee75f17c01a7cc42f958dc650907174af0554
42,heldout,9,68,4,4,random_positions,27.625,22.25,14.25,-8.0,True,True,Qwen/Qwen3-4B-Instruct-2507,cdbee75f17c01a7cc42f958dc650907174af0554
42,heldout,9,68,4,5,answer_position,27.625,22.25,22.5,0.25,True,True,Qwen/Qwen3-4B-Instruct-2507,cdbee75f17c01a7cc42f958dc650907174af0554
42,heldout,9,68,4,5,number_tokens,27.625,22.25,20.75,-1.5,True,True,Qwen/Qwen3-4B-Instruct-2507,cdbee75f17c01a7cc42f958dc650907174af0554
42,heldout,9,68,4,5,random_positions,27.625,22.25,17.75,-4.5,True,True,Qwen/Qwen3-4B-Instruct-2507,cdbee75f17c01a7cc42f958dc650907174af0554
42,heldout,9,68,4,6,answer_position,27.625,22.25,22.5,0.25,True,True,Qwen/Qwen3-4B-Instruct-2507,cdbee75f17c01a7cc42f958dc650907174af0554
42,heldout,9,68,4,6,number_tokens,27.625,22.25,21.0,-1.25,True,True,Qwen/Qwen3-4B-Instruct-2507,cdbee75f17c01a7cc42f958dc650907174af0554
42,heldout,9,68,4,6,random_positions,27.625,22.25,22.0,-0.25,True,True,Qwen/Qwen3-4B-Instruct-2507,cdbee75f17c01a7cc42f958dc650907174af0554
42,heldout,9,68,4,7,answer_position,27.625,22.25,22.25,0.0,True,True,Qwen/Qwen3-4B-Instruct-2507,cdbee75f17c01a7cc42f958dc650907174af0554
42,heldout,9,68,4,7,number_tokens,27.625,22.25,15.0,-7.25,True,True,Qwen/Qwen3-4B-Instruct-2507,cdbee75f17c01a7cc42f958dc650907174af0554
42,heldout,9,68,4,7,random_positions,27.625,22.25,22.75,0.5,True,True,Qwen/Qwen3-4B-Instruct-2507,cdbee75f17c01a7cc42f958dc650907174af0554
42,heldout,9,68,4,8,answer_position,27.625,22.25,22.25,0.0,True,True,Qwen/Qwen3-4B-Instruct-2507,cdbee75f17c01a7cc42f958dc650907174af0554
42,heldout,9,68,4,8,number_tokens,27.625,22.25,15.75,-6.5,True,True,Qwen/Qwen3-4B-Instruct-2507,cdbee75f17c01a7cc42f958dc650907174af0554
42,heldout,9,68,4,8,random_positions,27.625,22.25,23.125,0.875,True,True,Qwen/Qwen3-4B-Instruct-2507,cdbee75f17c01a7cc42f958dc650907174af0554
42,heldout,9,68,4,9,answer_position,27.625,22.25,22.5,0.25,True,True,Qwen/Qwen3-4B-Instruct-2507,cdbee75f17c01a7cc42f958dc650907174af0554
42,heldout,9,68,4,9,number_tokens,27.625,22.25,2.75,-19.5,True,True,Qwen/Qwen3-4B-Instruct-2507,cdbee75f17c01a7cc42f958dc650907174af0554
42,heldout,9,68,4,9,random_positions,27.625,22.25,22.875,0.625,True,True,Qwen/Qwen3-4B-Instruct-2507,cdbee75f17c01a7cc42f958dc650907174af0554
42,heldout,9,68,4,10,answer_position,27.625,22.25,22.0,-0.25,True,True,Qwen/Qwen3-4B-Instruct-2507,cdbee75f17c01a7cc42f958dc650907174af0554
42,heldout,9,68,4,10,number_tokens,27.625,22.25,4.75,-17.5,True,True,Qwen/Qwen3-4B-Instruct-2507,cdbee75f17c01a7cc42f958dc650907174af0554
42,heldout,9,68,4,10,random_positions,27.625,22.25,23.0,0.75,True,True,Qwen/Qwen3-4B-Instruct-2507,cdbee75f17c01a7cc42f958dc650907174af0554
42,heldout,9,68,4,11,answer_position,27.625,22.25,22.5,0.25,True,True,Qwen/Qwen3-4B-Instruct-2507,cdbee75f17c01a7cc42f958dc650907174af0554
42,heldout,9,68,4,11,number_tokens,27.625,22.25,-6.5,-28.75,True,False,Qwen/Qwen3-4B-Instruct-2507,cdbee75f17c01a7cc42f958dc650907174af0554
42,heldout,9,68,4,11,random_positions,27.625,22.25,23.125,0.875,True,True,Qwen/Qwen3-4B-Instruct-2507,cdbee75f17c01a7cc42f958dc650907174af0554
42,heldout,9,68,4,12,answer_position,27.625,22.25,22.25,0.0,True,True,Qwen/Qwen3-4B-Instruct-2507,cdbee75f17c01a7cc42f958dc650907174af0554
42,heldout,9,68,4,12,number_tokens,27.625,22.25,1.75,-20.5,True,True,Qwen/Qwen3-4B-Instruct-2507,cdbee75f17c01a7cc42f958dc650907174af0554
42,heldout,9,68,4,12,random_positions,27.625,22.25,23.875,1.625,True,True,Qwen/Qwen3-4B-Instruct-2507,cdbee75f17c01a7cc42f958dc650907174af0554
42,heldout,9,68,4,13,answer_position,27.625,22.25,22.25,0.0,True,True,Qwen/Qwen3-4B-Instruct-2507,cdbee75f17c01a7cc42f958dc650907174af0554
42,heldout,9,68,4,13,number_tokens,27.625,22.25,15.0,-7.25,True,True,Qwen/Qwen3-4B-Instruct-2507,cdbee75f17c01a7cc42f958dc650907174af0554
42,heldout,9,68,4,13,random_positions,27.625,22.25,23.75,1.5,True,True,Qwen/Qwen3-4B-Instruct-2507,cdbee75f17c01a7cc42f958dc650907174af0554
42,heldout,9,68,4,14,answer_position,27.625,22.25,22.0,-0.25,True,True,Qwen/Qwen3-4B-Instruct-2507,cdbee75f17c01a7cc42f958dc650907174af0554
42,heldout,9,68,4,14,number_tokens,27.625,22.25,21.0,-1.25,True,True,Qwen/Qwen3-4B-Instruct-2507,cdbee75f17c01a7cc42f958dc650907174af0554
42,heldout,9,68,4,14,random_positions,27.625,22.25,23.25,1.0,True,True,Qwen/Qwen3-4B-Instruct-2507,cdbee75f17c01a7cc42f958dc650907174af0554
42,heldout,9,68,4,15,answer_position,27.625,22.25,22.25,0.0,True,True,Qwen/Qwen3-4B-Instruct-2507,cdbee75f17c01a7cc42f958dc650907174af0554
42,heldout,9,68,4,15,number_tokens,27.625,22.25,24.375,2.125,True,True,Qwen/Qwen3-4B-Instruct-2507,cdbee75f17c01a7cc42f958dc650907174af0554
42,heldout,9,68,4,15,random_positions,27.625,22.25,22.5,0.25,True,True,Qwen/Qwen3-4B-Instruct-2507,cdbee75f17c01a7cc42f958dc650907174af0554
42,heldout,9,68,4,16,answer_position,27.625,22.25,22.5,0.25,True,True,Qwen/Qwen3-4B-Instruct-2507,cdbee75f17c01a7cc42f958dc650907174af0554
42,heldout,9,68,4,16,number_tokens,27.625,22.25,24.25,2.0,True,True,Qwen/Qwen3-4B-Instruct-2507,cdbee75f17c01a7cc42f958dc650907174af0554
42,heldout,9,68,4,16,random_positions,27.625,22.25,23.5,1.25,True,True,Qwen/Qwen3-4B-Instruct-2507,cdbee75f17c01a7cc42f958dc650907174af0554
42,heldout,9,68,4,17,answer_position,27.625,22.25,22.25,0.0,True,True,Qwen/Qwen3-4B-Instruct-2507,cdbee75f17c01a7cc42f958dc650907174af0554
42,heldout,9,68,4,17,number_tokens,27.625,22.25,23.625,1.375,True,True,Qwen/Qwen3-4B-Instruct-2507,cdbee75f17c01a7cc42f958dc650907174af0554
42,heldout,9,68,4,17,random_positions,27.625,22.25,23.625,1.375,True,True,Qwen/Qwen3-4B-Instruct-2507,cdbee75f17c01a7cc42f958dc650907174af0554
42,heldout,9,68,4,18,answer_position,27.625,22.25,22.25,0.0,True,True,Qwen/Qwen3-4B-Instruct-2507,cdbee75f17c01a7cc42f958dc650907174af0554
42,heldout,9,68,4,18,number_tokens,27.625,22.25,22.25,0.0,True,True,Qwen/Qwen3-4B-Instruct-2507,cdbee75f17c01a7cc42f958dc650907174af0554
42,heldout,9,68,4,18,random_positions,27.625,22.25,23.375,1.125,True,True,Qwen/Qwen3-4B-Instruct-2507,cdbee75f17c01a7cc42f958dc650907174af0554
42,heldout,9,68,4,19,answer_position,27.625,22.25,23.0,0.75,True,True,Qwen/Qwen3-4B-Instruct-2507,cdbee75f17c01a7cc42f958dc650907174af0554
42,heldout,9,68,4,19,number_tokens,27.625,22.25,21.0,-1.25,True,True,Qwen/Qwen3-4B-Instruct-2507,cdbee75f17c01a7cc42f958dc650907174af0554
42,heldout,9,68,4,19,random_positions,27.625,22.25,23.125,0.875,True,True,Qwen/Qwen3-4B-Instruct-2507,cdbee75f17c01a7cc42f958dc650907174af0554
42,heldout,9,68,4,20,answer_position,27.625,22.25,23.75,1.5,True,True,Qwen/Qwen3-4B-Instruct-2507,cdbee75f17c01a7cc42f958dc650907174af0554
42,heldout,9,68,4,20,number_tokens,27.625,22.25,22.25,0.0,True,True,Qwen/Qwen3-4B-Instruct-2507,cdbee75f17c01a7cc42f958dc650907174af0554
42,heldout,9,68,4,20,random_positions,27.625,22.25,23.0,0.75,True,True,Qwen/Qwen3-4B-Instruct-2507,cdbee75f17c01a7cc42f958dc650907174af0554
42,heldout,9,68,4,21,answer_position,27.625,22.25,26.0,3.75,True,True,Qwen/Qwen3-4B-Instruct-2507,cdbee75f17c01a7cc42f958dc650907174af0554
42,heldout,9,68,4,21,number_tokens,27.625,22.25,22.0,-0.25,True,True,Qwen/Qwen3-4B-Instruct-2507,cdbee75f17c01a7cc42f958dc650907174af0554
42,heldout,9,68,4,21,random_positions,27.625,22.25,23.5,1.25,True,True,Qwen/Qwen3-4B-Instruct-2507,cdbee75f17c01a7cc42f958dc650907174af0554
42,heldout,9,68,4,22,answer_position,27.625,22.25,26.125,3.875,True,True,Qwen/Qwen3-4B-Instruct-2507,cdbee75f17c01a7cc42f958dc650907174af0554
42,heldout,9,68,4,22,number_tokens,27.625,22.25,22.25,0.0,True,True,Qwen/Qwen3-4B-Instruct-2507,cdbee75f17c01a7cc42f958dc650907174af0554
42,heldout,9,68,4,22,random_positions,27.625,22.25,23.25,1.0,True,True,Qwen/Qwen3-4B-Instruct-2507,cdbee75f17c01a7cc42f958dc650907174af0554
42,heldout,9,68,4,23,answer_position,27.625,22.25,25.875,3.625,True,True,Qwen/Qwen3-4B-Instruct-2507,cdbee75f17c01a7cc42f958dc650907174af0554
42,heldout,9,68,4,23,number_tokens,27.625,22.25,21.75,-0.5,True,True,Qwen/Qwen3-4B-Instruct-2507,cdbee75f17c01a7cc42f958dc650907174af0554
42,heldout,9,68,4,23,random_positions,27.625,22.25,22.75,0.5,True,True,Qwen/Qwen3-4B-Instruct-2507,cdbee75f17c01a7cc42f958dc650907174af0554
42,heldout,9,68,4,24,answer_position,27.625,22.25,26.75,4.5,True,True,Qwen/Qwen3-4B-Instruct-2507,cdbee75f17c01a7cc42f958dc650907174af0554
42,heldout,9,68,4,24,number_tokens,27.625,22.25,22.25,0.0,True,True,Qwen/Qwen3-4B-Instruct-2507,cdbee75f17c01a7cc42f958dc650907174af0554
42,heldout,9,68,4,24,random_positions,27.625,22.25,22.75,0.5,True,True,Qwen/Qwen3-4B-Instruct-2507,cdbee75f17c01a7cc42f958dc650907174af0554
42,heldout,9,68,4,25,answer_position,27.625,22.25,26.375,4.125,True,True,Qwen/Qwen3-4B-Instruct-2507,cdbee75f17c01a7cc42f958dc650907174af0554
42,heldout,9,68,4,25,number_tokens,27.625,22.25,22.25,0.0,True,True,Qwen/Qwen3-4B-Instruct-2507,cdbee75f17c01a7cc42f958dc650907174af0554
42,heldout,9,68,4,25,random_positions,27.625,22.25,22.875,0.625,True,True,Qwen/Qwen3-4B-Instruct-2507,cdbee75f17c01a7cc42f958dc650907174af0554
42,heldout,9,68,4,26,answer_position,27.625,22.25,26.75,4.5,True,True,Qwen/Qwen3-4B-Instruct-2507,cdbee75f17c01a7cc42f958dc650907174af0554
42,heldout,9,68,4,26,number_tokens,27.625,22.25,22.25,0.0,True,True,Qwen/Qwen3-4B-Instruct-2507,cdbee75f17c01a7cc42f958dc650907174af0554
42,heldout,9,68,4,26,random_positions,27.625,22.25,22.75,0.5,True,True,Qwen/Qwen3-4B-Instruct-2507,cdbee75f17c01a7cc42f958dc650907174af0554
42,heldout,9,68,4,27,answer_position,27.625,22.25,26.5,4.25,True,True,Qwen/Qwen3-4B-Instruct-2507,cdbee75f17c01a7cc42f958dc650907174af0554
42,heldout,9,68,4,27,number_tokens,27.625,22.25,22.25,0.0,True,True,Qwen/Qwen3-4B-Instruct-2507,cdbee75f17c01a7cc42f958dc650907174af0554
42,heldout,9,68,4,27,random_positions,27.625,22.25,22.75,0.5,True,True,Qwen/Qwen3-4B-Instruct-2507,cdbee75f17c01a7cc42f958dc650907174af0554
42,heldout,9,68,4,28,answer_position,27.625,22.25,26.75,4.5,True,True,Qwen/Qwen3-4B-Instruct-2507,cdbee75f17c01a7cc42f958dc650907174af0554
42,heldout,9,68,4,28,number_tokens,27.625,22.25,22.25,0.0,True,True,Qwen/Qwen3-4B-Instruct-2507,cdbee75f17c01a7cc42f958dc650907174af0554
42,heldout,9,68,4,28,random_positions,27.625,22.25,22.5,0.25,True,True,Qwen/Qwen3-4B-Instruct-2507,cdbee75f17c01a7cc42f958dc650907174af0554
42,heldout,9,68,4,29,answer_position,27.625,22.25,26.875,4.625,True,True,Qwen/Qwen3-4B-Instruct-2507,cdbee75f17c01a7cc42f958dc650907174af0554
42,heldout,9,68,4,29,number_tokens,27.625,22.25,22.25,0.0,True,True,Qwen/Qwen3-4B-Instruct-2507,cdbee75f17c01a7cc42f958dc650907174af0554
42,heldout,9,68,4,29,random_positions,27.625,22.25,22.5,0.25,True,True,Qwen/Qwen3-4B-Instruct-2507,cdbee75f17c01a7cc42f958dc650907174af0554
42,heldout,9,68,4,30,answer_position,27.625,22.25,26.875,4.625,True,True,Qwen/Qwen3-4B-Instruct-2507,cdbee75f17c01a7cc42f958dc650907174af0554
42,heldout,9,68,4,30,number_tokens,27.625,22.25,22.25,0.0,True,True,Qwen/Qwen3-4B-Instruct-2507,cdbee75f17c01a7cc42f958dc650907174af0554
42,heldout,9,68,4,30,random_positions,27.625,22.25,22.5,0.25,True,True,Qwen/Qwen3-4B-Instruct-2507,cdbee75f17c01a7cc42f958dc650907174af0554
42,heldout,9,68,4,31,answer_position,27.625,22.25,27.0,4.75,True,True,Qwen/Qwen3-4B-Instruct-2507,cdbee75f17c01a7cc42f958dc650907174af0554
42,heldout,9,68,4,31,number_tokens,27.625,22.25,22.25,0.0,True,True,Qwen/Qwen3-4B-Instruct-2507,cdbee75f17c01a7cc42f958dc650907174af0554
42,heldout,9,68,4,31,random_positions,27.625,22.25,22.25,0.0,True,True,Qwen/Qwen3-4B-Instruct-2507,cdbee75f17c01a7cc42f958dc650907174af0554
42,heldout,9,68,4,32,answer_position,27.625,22.25,26.875,4.625,True,True,Qwen/Qwen3-4B-Instruct-2507,cdbee75f17c01a7cc42f958dc650907174af0554
42,heldout,9,68,4,32,number_tokens,27.625,22.25,22.25,0.0,True,True,Qwen/Qwen3-4B-Instruct-2507,cdbee75f17c01a7cc42f958dc650907174af0554
42,heldout,9,68,4,32,random_positions,27.625,22.25,22.25,0.0,True,True,Qwen/Qwen3-4B-Instruct-2507,cdbee75f17c01a7cc42f958dc650907174af0554
42,heldout,9,68,4,33,answer_position,27.625,22.25,26.875,4.625,True,True,Qwen/Qwen3-4B-Instruct-2507,cdbee75f17c01a7cc42f958dc650907174af0554
42,heldout,9,68,4,33,number_tokens,27.625,22.25,22.25,0.0,True,True,Qwen/Qwen3-4B-Instruct-2507,cdbee75f17c01a7cc42f958dc650907174af0554
42,heldout,9,68,4,33,random_positions,27.625,22.25,22.5,0.25,True,True,Qwen/Qwen3-4B-Instruct-2507,cdbee75f17c01a7cc42f958dc650907174af0554
42,heldout,9,68,4,34,answer_position,27.625,22.25,27.25,5.0,True,True,Qwen/Qwen3-4B-Instruct-2507,cdbee75f17c01a7cc42f958dc650907174af0554
42,heldout,9,68,4,34,number_tokens,27.625,22.25,22.25,0.0,True,True,Qwen/Qwen3-4B-Instruct-2507,cdbee75f17c01a7cc42f958dc650907174af0554
42,heldout,9,68,4,34,random_positions,27.625,22.25,22.75,0.5,True,True,Qwen/Qwen3-4B-Instruct-2507,cdbee75f17c01a7cc42f958dc650907174af0554
42,heldout,9,68,4,35,answer_position,27.625,22.25,27.625,5.375,True,True,Qwen/Qwen3-4B-Instruct-2507,cdbee75f17c01a7cc42f958dc650907174af0554
42,heldout,9,68,4,35,number_tokens,27.625,22.25,22.25,0.0,True,True,Qwen/Qwen3-4B-Instruct-2507,cdbee75f17c01a7cc42f958dc650907174af0554
42,heldout,9,68,4,35,random_positions,27.625,22.25,22.25,0.0,True,True,Qwen/Qwen3-4B-Instruct-2507,cdbee75f17c01a7cc42f958dc650907174af0554
43,heldout,9,69,2,0,answer_position,27.0,19.5,19.25,-0.25,True,True,Qwen/Qwen3-4B-Instruct-2507,cdbee75f17c01a7cc42f958dc650907174af0554
43,heldout,9,69,2,0,number_tokens,27.0,19.5,18.75,-0.75,True,True,Qwen/Qwen3-4B-Instruct-2507,cdbee75f17c01a7cc42f958dc650907174af0554
43,heldout,9,69,2,0,random_positions,27.0,19.5,3.25,-16.25,True,True,Qwen/Qwen3-4B-Instruct-2507,cdbee75f17c01a7cc42f958dc650907174af0554
43,heldout,9,69,2,1,answer_position,27.0,19.5,19.5,0.0,True,True,Qwen/Qwen3-4B-Instruct-2507,cdbee75f17c01a7cc42f958dc650907174af0554
43,heldout,9,69,2,1,number_tokens,27.0,19.5,20.75,1.25,True,True,Qwen/Qwen3-4B-Instruct-2507,cdbee75f17c01a7cc42f958dc650907174af0554
43,heldout,9,69,2,1,random_positions,27.0,19.5,15.25,-4.25,True,True,Qwen/Qwen3-4B-Instruct-2507,cdbee75f17c01a7cc42f958dc650907174af0554
43,heldout,9,69,2,2,answer_position,27.0,19.5,19.5,0.0,True,True,Qwen/Qwen3-4B-Instruct-2507,cdbee75f17c01a7cc42f958dc650907174af0554
43,heldout,9,69,2,2,number_tokens,27.0,19.5,22.25,2.75,True,True,Qwen/Qwen3-4B-Instruct-2507,cdbee75f17c01a7cc42f958dc650907174af0554
43,heldout,9,69,2,2,random_positions,27.0,19.5,10.75,-8.75,True,True,Qwen/Qwen3-4B-Instruct-2507,cdbee75f17c01a7cc42f958dc650907174af0554
43,heldout,9,69,2,3,answer_position,27.0,19.5,19.75,0.25,True,True,Qwen/Qwen3-4B-Instruct-2507,cdbee75f17c01a7cc42f958dc650907174af0554
43,heldout,9,69,2,3,number_tokens,27.0,19.5,15.0,-4.5,True,True,Qwen/Qwen3-4B-Instruct-2507,cdbee75f17c01a7cc42f958dc650907174af0554
43,heldout,9,69,2,3,random_positions,27.0,19.5,11.75,-7.75,True,True,Qwen/Qwen3-4B-Instruct-2507,cdbee75f17c01a7cc42f958dc650907174af0554
43,heldout,9,69,2,4,answer_position,27.0,19.5,19.5,0.0,True,True,Qwen/Qwen3-4B-Instruct-2507,cdbee75f17c01a7cc42f958dc650907174af0554
43,heldout,9,69,2,4,number_tokens,27.0,19.5,18.0,-1.5,True,True,Qwen/Qwen3-4B-Instruct-2507,cdbee75f17c01a7cc42f958dc650907174af0554
43,heldout,9,69,2,4,random_positions,27.0,19.5,12.0,-7.5,True,True,Qwen/Qwen3-4B-Instruct-2507,cdbee75f17c01a7cc42f958dc650907174af0554
43,heldout,9,69,2,5,answer_position,27.0,19.5,19.25,-0.25,True,True,Qwen/Qwen3-4B-Instruct-2507,cdbee75f17c01a7cc42f958dc650907174af0554
43,heldout,9,69,2,5,number_tokens,27.0,19.5,16.0,-3.5,True,True,Qwen/Qwen3-4B-Instruct-2507,cdbee75f17c01a7cc42f958dc650907174af0554
43,heldout,9,69,2,5,random_positions,27.0,19.5,19.5,0.0,True,True,Qwen/Qwen3-4B-Instruct-2507,cdbee75f17c01a7cc42f958dc650907174af0554
43,heldout,9,69,2,6,answer_position,27.0,19.5,19.25,-0.25,True,True,Qwen/Qwen3-4B-Instruct-2507,cdbee75f17c01a7cc42f958dc650907174af0554
43,heldout,9,69,2,6,number_tokens,27.0,19.5,17.0,-2.5,True,True,Qwen/Qwen3-4B-Instruct-2507,cdbee75f17c01a7cc42f958dc650907174af0554
43,heldout,9,69,2,6,random_positions,27.0,19.5,19.0,-0.5,True,True,Qwen/Qwen3-4B-Instruct-2507,cdbee75f17c01a7cc42f958dc650907174af0554
43,heldout,9,69,2,7,answer_position,27.0,19.5,19.5,0.0,True,True,Qwen/Qwen3-4B-Instruct-2507,cdbee75f17c01a7cc42f958dc650907174af0554
43,heldout,9,69,2,7,number_tokens,27.0,19.5,14.0,-5.5,True,True,Qwen/Qwen3-4B-Instruct-2507,cdbee75f17c01a7cc42f958dc650907174af0554
43,heldout,9,69,2,7,random_positions,27.0,19.5,18.75,-0.75,True,True,Qwen/Qwen3-4B-Instruct-2507,cdbee75f17c01a7cc42f958dc650907174af0554
43,heldout,9,69,2,8,answer_position,27.0,19.5,19.5,0.0,True,True,Qwen/Qwen3-4B-Instruct-2507,cdbee75f17c01a7cc42f958dc650907174af0554
43,heldout,9,69,2,8,number_tokens,27.0,19.5,16.25,-3.25,True,True,Qwen/Qwen3-4B-Instruct-2507,cdbee75f17c01a7cc42f958dc650907174af0554
43,heldout,9,69,2,8,random_positions,27.0,19.5,19.0,-0.5,True,True,Qwen/Qwen3-4B-Instruct-2507,cdbee75f17c01a7cc42f958dc650907174af0554
43,heldout,9,69,2,9,answer_position,27.0,19.5,19.25,-0.25,True,True,Qwen/Qwen3-4B-Instruct-2507,cdbee75f17c01a7cc42f958dc650907174af0554
43,heldout,9,69,2,9,number_tokens,27.0,19.5,-6.5,-26.0,True,False,Qwen/Qwen3-4B-Instruct-2507,cdbee75f17c01a7cc42f958dc650907174af0554
43,heldout,9,69,2,9,random_positions,27.0,19.5,18.75,-0.75,True,True,Qwen/Qwen3-4B-Instruct-2507,cdbee75f17c01a7cc42f958dc650907174af0554
43,heldout,9,69,2,10,answer_position,27.0,19.5,19.5,0.0,True,True,Qwen/Qwen3-4B-Instruct-2507,cdbee75f17c01a7cc42f958dc650907174af0554
43,heldout,9,69,2,10,number_tokens,27.0,19.5,-4.5,-24.0,True,False,Qwen/Qwen3-4B-Instruct-2507,cdbee75f17c01a7cc42f958dc650907174af0554
43,heldout,9,69,2,10,random_positions,27.0,19.5,18.0,-1.5,True,True,Qwen/Qwen3-4B-Instruct-2507,cdbee75f17c01a7cc42f958dc650907174af0554
43,heldout,9,69,2,11,answer_position,27.0,19.5,19.5,0.0,True,True,Qwen/Qwen3-4B-Instruct-2507,cdbee75f17c01a7cc42f958dc650907174af0554
43,heldout,9,69,2,11,number_tokens,27.0,19.5,-9.75,-29.25,True,False,Qwen/Qwen3-4B-Instruct-2507,cdbee75f17c01a7cc42f958dc650907174af0554
43,heldout,9,69,2,11,random_positions,27.0,19.5,17.5,-2.0,True,True,Qwen/Qwen3-4B-Instruct-2507,cdbee75f17c01a7cc42f958dc650907174af0554
43,heldout,9,69,2,12,answer_position,27.0,19.5,19.5,0.0,True,True,Qwen/Qwen3-4B-Instruct-2507,cdbee75f17c01a7cc42f958dc650907174af0554
43,heldout,9,69,2,12,number_tokens,27.0,19.5,-2.25,-21.75,True,False,Qwen/Qwen3-4B-Instruct-2507,cdbee75f17c01a7cc42f958dc650907174af0554
43,heldout,9,69,2,12,random_positions,27.0,19.5,18.5,-1.0,True,True,Qwen/Qwen3-4B-Instruct-2507,cdbee75f17c01a7cc42f958dc650907174af0554
43,heldout,9,69,2,13,answer_position,27.0,19.5,19.5,0.0,True,True,Qwen/Qwen3-4B-Instruct-2507,cdbee75f17c01a7cc42f958dc650907174af0554
43,heldout,9,69,2,13,number_tokens,27.0,19.5,12.25,-7.25,True,True,Qwen/Qwen3-4B-Instruct-2507,cdbee75f17c01a7cc42f958dc650907174af0554
43,heldout,9,69,2,13,random_positions,27.0,19.5,19.0,-0.5,True,True,Qwen/Qwen3-4B-Instruct-2507,cdbee75f17c01a7cc42f958dc650907174af0554
43,heldout,9,69,2,14,answer_position,27.0,19.5,19.5,0.0,True,True,Qwen/Qwen3-4B-Instruct-2507,cdbee75f17c01a7cc42f958dc650907174af0554
43,heldout,9,69,2,14,number_tokens,27.0,19.5,21.25,1.75,True,True,Qwen/Qwen3-4B-Instruct-2507,cdbee75f17c01a7cc42f958dc650907174af0554
43,heldout,9,69,2,14,random_positions,27.0,19.5,20.5,1.0,True,True,Qwen/Qwen3-4B-Instruct-2507,cdbee75f17c01a7cc42f958dc650907174af0554
43,heldout,9,69,2,15,answer_position,27.0,19.5,19.25,-0.25,True,True,Qwen/Qwen3-4B-Instruct-2507,cdbee75f17c01a7cc42f958dc650907174af0554
43,heldout,9,69,2,15,number_tokens,27.0,19.5,24.625,5.125,True,True,Qwen/Qwen3-4B-Instruct-2507,cdbee75f17c01a7cc42f958dc650907174af0554
43,heldout,9,69,2,15,random_positions,27.0,19.5,21.0,1.5,True,True,Qwen/Qwen3-4B-Instruct-2507,cdbee75f17c01a7cc42f958dc650907174af0554
43,heldout,9,69,2,16,answer_position,27.0,19.5,19.5,0.0,True,True,Qwen/Qwen3-4B-Instruct-2507,cdbee75f17c01a7cc42f958dc650907174af0554
43,heldout,9,69,2,16,number_tokens,27.0,19.5,24.5,5.0,True,True,Qwen/Qwen3-4B-Instruct-2507,cdbee75f17c01a7cc42f958dc650907174af0554
43,heldout,9,69,2,16,random_positions,27.0,19.5,20.25,0.75,True,True,Qwen/Qwen3-4B-Instruct-2507,cdbee75f17c01a7cc42f958dc650907174af0554
43,heldout,9,69,2,17,answer_position,27.0,19.5,19.5,0.0,True,True,Qwen/Qwen3-4B-Instruct-2507,cdbee75f17c01a7cc42f958dc650907174af0554
43,heldout,9,69,2,17,number_tokens,27.0,19.5,23.75,4.25,True,True,Qwen/Qwen3-4B-Instruct-2507,cdbee75f17c01a7cc42f958dc650907174af0554
43,heldout,9,69,2,17,random_positions,27.0,19.5,20.5,1.0,True,True,Qwen/Qwen3-4B-Instruct-2507,cdbee75f17c01a7cc42f958dc650907174af0554
43,heldout,9,69,2,18,answer_position,27.0,19.5,19.5,0.0,True,True,Qwen/Qwen3-4B-Instruct-2507,cdbee75f17c01a7cc42f958dc650907174af0554
43,heldout,9,69,2,18,number_tokens,27.0,19.5,20.5,1.0,True,True,Qwen/Qwen3-4B-Instruct-2507,cdbee75f17c01a7cc42f958dc650907174af0554
43,heldout,9,69,2,18,random_positions,27.0,19.5,21.0,1.5,True,True,Qwen/Qwen3-4B-Instruct-2507,cdbee75f17c01a7cc42f958dc650907174af0554
43,heldout,9,69,2,19,answer_position,27.0,19.5,21.25,1.75,True,True,Qwen/Qwen3-4B-Instruct-2507,cdbee75f17c01a7cc42f958dc650907174af0554
43,heldout,9,69,2,19,number_tokens,27.0,19.5,17.5,-2.0,True,True,Qwen/Qwen3-4B-Instruct-2507,cdbee75f17c01a7cc42f958dc650907174af0554
43,heldout,9,69,2,19,random_positions,27.0,19.5,21.0,1.5,True,True,Qwen/Qwen3-4B-Instruct-2507,cdbee75f17c01a7cc42f958dc650907174af0554
43,heldout,9,69,2,20,answer_position,27.0,19.5,22.0,2.5,True,True,Qwen/Qwen3-4B-Instruct-2507,cdbee75f17c01a7cc42f958dc650907174af0554
43,heldout,9,69,2,20,number_tokens,27.0,19.5,19.25,-0.25,True,True,Qwen/Qwen3-4B-Instruct-2507,cdbee75f17c01a7cc42f958dc650907174af0554
43,heldout,9,69,2,20,random_positions,27.0,19.5,20.0,0.5,True,True,Qwen/Qwen3-4B-Instruct-2507,cdbee75f17c01a7cc42f958dc650907174af0554
43,heldout,9,69,2,21,answer_position,27.0,19.5,24.5,5.0,True,True,Qwen/Qwen3-4B-Instruct-2507,cdbee75f17c01a7cc42f958dc650907174af0554
43,heldout,9,69,2,21,number_tokens,27.0,19.5,18.75,-0.75,True,True,Qwen/Qwen3-4B-Instruct-2507,cdbee75f17c01a7cc42f958dc650907174af0554
43,heldout,9,69,2,21,random_positions,27.0,19.5,20.75,1.25,True,True,Qwen/Qwen3-4B-Instruct-2507,cdbee75f17c01a7cc42f958dc650907174af0554
43,heldout,9,69,2,22,answer_position,27.0,19.5,25.5,6.0,True,True,Qwen/Qwen3-4B-Instruct-2507,cdbee75f17c01a7cc42f958dc650907174af0554
43,heldout,9,69,2,22,number_tokens,27.0,19.5,19.0,-0.5,True,True,Qwen/Qwen3-4B-Instruct-2507,cdbee75f17c01a7cc42f958dc650907174af0554
43,heldout,9,69,2,22,random_positions,27.0,19.5,19.75,0.25,True,True,Qwen/Qwen3-4B-Instruct-2507,cdbee75f17c01a7cc42f958dc650907174af0554
43,heldout,9,69,2,23,answer_position,27.0,19.5,25.25,5.75,True,True,Qwen/Qwen3-4B-Instruct-2507,cdbee75f17c01a7cc42f958dc650907174af0554
43,heldout,9,69,2,23,number_tokens,27.0,19.5,19.0,-0.5,True,True,Qwen/Qwen3-4B-Instruct-2507,cdbee75f17c01a7cc42f958dc650907174af0554
43,heldout,9,69,2,23,random_positions,27.0,19.5,19.0,-0.5,True,True,Qwen/Qwen3-4B-Instruct-2507,cdbee75f17c01a7cc42f958dc650907174af0554
43,heldout,9,69,2,24,answer_position,27.0,19.5,26.625,7.125,True,True,Qwen/Qwen3-4B-Instruct-2507,cdbee75f17c01a7cc42f958dc650907174af0554
43,heldout,9,69,2,24,number_tokens,27.0,19.5,19.25,-0.25,True,True,Qwen/Qwen3-4B-Instruct-2507,cdbee75f17c01a7cc42f958dc650907174af0554
43,heldout,9,69,2,24,random_positions,27.0,19.5,19.25,-0.25,True,True,Qwen/Qwen3-4B-Instruct-2507,cdbee75f17c01a7cc42f958dc650907174af0554
43,heldout,9,69,2,25,answer_position,27.0,19.5,26.125,6.625,True,True,Qwen/Qwen3-4B-Instruct-2507,cdbee75f17c01a7cc42f958dc650907174af0554
43,heldout,9,69,2,25,number_tokens,27.0,19.5,19.0,-0.5,True,True,Qwen/Qwen3-4B-Instruct-2507,cdbee75f17c01a7cc42f958dc650907174af0554
43,heldout,9,69,2,25,random_positions,27.0,19.5,19.5,0.0,True,True,Qwen/Qwen3-4B-Instruct-2507,cdbee75f17c01a7cc42f958dc650907174af0554
43,heldout,9,69,2,26,answer_position,27.0,19.5,26.125,6.625,True,True,Qwen/Qwen3-4B-Instruct-2507,cdbee75f17c01a7cc42f958dc650907174af0554
43,heldout,9,69,2,26,number_tokens,27.0,19.5,19.25,-0.25,True,True,Qwen/Qwen3-4B-Instruct-2507,cdbee75f17c01a7cc42f958dc650907174af0554
43,heldout,9,69,2,26,random_positions,27.0,19.5,19.25,-0.25,True,True,Qwen/Qwen3-4B-Instruct-2507,cdbee75f17c01a7cc42f958dc650907174af0554
43,heldout,9,69,2,27,answer_position,27.0,19.5,26.125,6.625,True,True,Qwen/Qwen3-4B-Instruct-2507,cdbee75f17c01a7cc42f958dc650907174af0554
43,heldout,9,69,2,27,number_tokens,27.0,19.5,19.5,0.0,True,True,Qwen/Qwen3-4B-Instruct-2507,cdbee75f17c01a7cc42f958dc650907174af0554
43,heldout,9,69,2,27,random_positions,27.0,19.5,19.5,0.0,True,True,Qwen/Qwen3-4B-Instruct-2507,cdbee75f17c01a7cc42f958dc650907174af0554
43,heldout,9,69,2,28,answer_position,27.0,19.5,26.375,6.875,True,True,Qwen/Qwen3-4B-Instruct-2507,cdbee75f17c01a7cc42f958dc650907174af0554
43,heldout,9,69,2,28,number_tokens,27.0,19.5,19.5,0.0,True,True,Qwen/Qwen3-4B-Instruct-2507,cdbee75f17c01a7cc42f958dc650907174af0554
43,heldout,9,69,2,28,random_positions,27.0,19.5,19.5,0.0,True,True,Qwen/Qwen3-4B-Instruct-2507,cdbee75f17c01a7cc42f958dc650907174af0554
43,heldout,9,69,2,29,answer_position,27.0,19.5,26.25,6.75,True,True,Qwen/Qwen3-4B-Instruct-2507,cdbee75f17c01a7cc42f958dc650907174af0554
43,heldout,9,69,2,29,number_tokens,27.0,19.5,19.75,0.25,True,True,Qwen/Qwen3-4B-Instruct-2507,cdbee75f17c01a7cc42f958dc650907174af0554
43,heldout,9,69,2,29,random_positions,27.0,19.5,19.5,0.0,True,True,Qwen/Qwen3-4B-Instruct-2507,cdbee75f17c01a7cc42f958dc650907174af0554
43,heldout,9,69,2,30,answer_position,27.0,19.5,26.0,6.5,True,True,Qwen/Qwen3-4B-Instruct-2507,cdbee75f17c01a7cc42f958dc650907174af0554
43,heldout,9,69,2,30,number_tokens,27.0,19.5,19.5,0.0,True,True,Qwen/Qwen3-4B-Instruct-2507,cdbee75f17c01a7cc42f958dc650907174af0554
43,heldout,9,69,2,30,random_positions,27.0,19.5,19.5,0.0,True,True,Qwen/Qwen3-4B-Instruct-2507,cdbee75f17c01a7cc42f958dc650907174af0554
43,heldout,9,69,2,31,answer_position,27.0,19.5,26.375,6.875,True,True,Qwen/Qwen3-4B-Instruct-2507,cdbee75f17c01a7cc42f958dc650907174af0554
43,heldout,9,69,2,31,number_tokens,27.0,19.5,19.5,0.0,True,True,Qwen/Qwen3-4B-Instruct-2507,cdbee75f17c01a7cc42f958dc650907174af0554
43,heldout,9,69,2,31,random_positions,27.0,19.5,19.5,0.0,True,True,Qwen/Qwen3-4B-Instruct-2507,cdbee75f17c01a7cc42f958dc650907174af0554
43,heldout,9,69,2,32,answer_position,27.0,19.5,26.125,6.625,True,True,Qwen/Qwen3-4B-Instruct-2507,cdbee75f17c01a7cc42f958dc650907174af0554
43,heldout,9,69,2,32,number_tokens,27.0,19.5,19.5,0.0,True,True,Qwen/Qwen3-4B-Instruct-2507,cdbee75f17c01a7cc42f958dc650907174af0554
43,heldout,9,69,2,32,random_positions,27.0,19.5,19.0,-0.5,True,True,Qwen/Qwen3-4B-Instruct-2507,cdbee75f17c01a7cc42f958dc650907174af0554
43,heldout,9,69,2,33,answer_position,27.0,19.5,26.25,6.75,True,True,Qwen/Qwen3-4B-Instruct-2507,cdbee75f17c01a7cc42f958dc650907174af0554
43,heldout,9,69,2,33,number_tokens,27.0,19.5,19.5,0.0,True,True,Qwen/Qwen3-4B-Instruct-2507,cdbee75f17c01a7cc42f958dc650907174af0554
43,heldout,9,69,2,33,random_positions,27.0,19.5,19.5,0.0,True,True,Qwen/Qwen3-4B-Instruct-2507,cdbee75f17c01a7cc42f958dc650907174af0554
43,heldout,9,69,2,34,answer_position,27.0,19.5,26.625,7.125,True,True,Qwen/Qwen3-4B-Instruct-2507,cdbee75f17c01a7cc42f958dc650907174af0554
43,heldout,9,69,2,34,number_tokens,27.0,19.5,19.5,0.0,True,True,Qwen/Qwen3-4B-Instruct-2507,cdbee75f17c01a7cc42f958dc650907174af0554
43,heldout,9,69,2,34,random_positions,27.0,19.5,19.5,0.0,True,True,Qwen/Qwen3-4B-Instruct-2507,cdbee75f17c01a7cc42f958dc650907174af0554
43,heldout,9,69,2,35,answer_position,27.0,19.5,27.0,7.5,True,True,Qwen/Qwen3-4B-Instruct-2507,cdbee75f17c01a7cc42f958dc650907174af0554
43,heldout,9,69,2,35,number_tokens,27.0,19.5,19.5,0.0,True,True,Qwen/Qwen3-4B-Instruct-2507,cdbee75f17c01a7cc42f958dc650907174af0554
43,heldout,9,69,2,35,random_positions,27.0,19.5,19.5,0.0,True,True,Qwen/Qwen3-4B-Instruct-2507,cdbee75f17c01a7cc42f958dc650907174af0554
44,heldout,9,70,3,0,answer_position,27.625,22.25,21.75,-0.5,True,True,Qwen/Qwen3-4B-Instruct-2507,cdbee75f17c01a7cc42f958dc650907174af0554
44,heldout,9,70,3,0,number_tokens,27.625,22.25,22.0,-0.25,True,True,Qwen/Qwen3-4B-Instruct-2507,cdbee75f17c01a7cc42f958dc650907174af0554
44,heldout,9,70,3,0,random_positions,27.625,22.25,11.0,-11.25,True,True,Qwen/Qwen3-4B-Instruct-2507,cdbee75f17c01a7cc42f958dc650907174af0554
44,heldout,9,70,3,1,answer_position,27.625,22.25,22.0,-0.25,True,True,Qwen/Qwen3-4B-Instruct-2507,cdbee75f17c01a7cc42f958dc650907174af0554
44,heldout,9,70,3,1,number_tokens,27.625,22.25,23.0,0.75,True,True,Qwen/Qwen3-4B-Instruct-2507,cdbee75f17c01a7cc42f958dc650907174af0554
44,heldout,9,70,3,1,random_positions,27.625,22.25,6.75,-15.5,True,True,Qwen/Qwen3-4B-Instruct-2507,cdbee75f17c01a7cc42f958dc650907174af0554
44,heldout,9,70,3,2,answer_position,27.625,22.25,22.0,-0.25,True,True,Qwen/Qwen3-4B-Instruct-2507,cdbee75f17c01a7cc42f958dc650907174af0554
44,heldout,9,70,3,2,number_tokens,27.625,22.25,23.75,1.5,True,True,Qwen/Qwen3-4B-Instruct-2507,cdbee75f17c01a7cc42f958dc650907174af0554
44,heldout,9,70,3,2,random_positions,27.625,22.25,7.0,-15.25,True,True,Qwen/Qwen3-4B-Instruct-2507,cdbee75f17c01a7cc42f958dc650907174af0554
44,heldout,9,70,3,3,answer_position,27.625,22.25,22.25,0.0,True,True,Qwen/Qwen3-4B-Instruct-2507,cdbee75f17c01a7cc42f958dc650907174af0554
44,heldout,9,70,3,3,number_tokens,27.625,22.25,21.0,-1.25,True,True,Qwen/Qwen3-4B-Instruct-2507,cdbee75f17c01a7cc42f958dc650907174af0554
44,heldout,9,70,3,3,random_positions,27.625,22.25,5.75,-16.5,True,True,Qwen/Qwen3-4B-Instruct-2507,cdbee75f17c01a7cc42f958dc650907174af0554
44,heldout,9,70,3,4,answer_position,27.625,22.25,21.75,-0.5,True,True,Qwen/Qwen3-4B-Instruct-2507,cdbee75f17c01a7cc42f958dc650907174af0554
44,heldout,9,70,3,4,number_tokens,27.625,22.25,21.5,-0.75,True,True,Qwen/Qwen3-4B-Instruct-2507,cdbee75f17c01a7cc42f958dc650907174af0554
44,heldout,9,70,3,4,random_positions,27.625,22.25,7.5,-14.75,True,True,Qwen/Qwen3-4B-Instruct-2507,cdbee75f17c01a7cc42f958dc650907174af0554
44,heldout,9,70,3,5,answer_position,27.625,22.25,22.0,-0.25,True,True,Qwen/Qwen3-4B-Instruct-2507,cdbee75f17c01a7cc42f958dc650907174af0554
44,heldout,9,70,3,5,number_tokens,27.625,22.25,8.0,-14.25,True,True,Qwen/Qwen3-4B-Instruct-2507,cdbee75f17c01a7cc42f958dc650907174af0554
44,heldout,9,70,3,5,random_positions,27.625,22.25,21.0,-1.25,True,True,Qwen/Qwen3-4B-Instruct-2507,cdbee75f17c01a7cc42f958dc650907174af0554
44,heldout,9,70,3,6,answer_position,27.625,22.25,22.25,0.0,True,True,Qwen/Qwen3-4B-Instruct-2507,cdbee75f17c01a7cc42f958dc650907174af0554
44,heldout,9,70,3,6,number_tokens,27.625,22.25,17.25,-5.0,True,True,Qwen/Qwen3-4B-Instruct-2507,cdbee75f17c01a7cc42f958dc650907174af0554
44,heldout,9,70,3,6,random_positions,27.625,22.25,22.25,0.0,True,True,Qwen/Qwen3-4B-Instruct-2507,cdbee75f17c01a7cc42f958dc650907174af0554
44,heldout,9,70,3,7,answer_position,27.625,22.25,22.0,-0.25,True,True,Qwen/Qwen3-4B-Instruct-2507,cdbee75f17c01a7cc42f958dc650907174af0554
44,heldout,9,70,3,7,number_tokens,27.625,22.25,-11.0,-33.25,True,False,Qwen/Qwen3-4B-Instruct-2507,cdbee75f17c01a7cc42f958dc650907174af0554
44,heldout,9,70,3,7,random_positions,27.625,22.25,23.625,1.375,True,True,Qwen/Qwen3-4B-Instruct-2507,cdbee75f17c01a7cc42f958dc650907174af0554
44,heldout,9,70,3,8,answer_position,27.625,22.25,22.0,-0.25,True,True,Qwen/Qwen3-4B-Instruct-2507,cdbee75f17c01a7cc42f958dc650907174af0554
44,heldout,9,70,3,8,number_tokens,27.625,22.25,7.75,-14.5,True,True,Qwen/Qwen3-4B-Instruct-2507,cdbee75f17c01a7cc42f958dc650907174af0554
44,heldout,9,70,3,8,random_positions,27.625,22.25,24.0,1.75,True,True,Qwen/Qwen3-4B-Instruct-2507,cdbee75f17c01a7cc42f958dc650907174af0554
44,heldout,9,70,3,9,answer_position,27.625,22.25,22.25,0.0,True,True,Qwen/Qwen3-4B-Instruct-2507,cdbee75f17c01a7cc42f958dc650907174af0554
44,heldout,9,70,3,9,number_tokens,27.625,22.25,6.75,-15.5,True,True,Qwen/Qwen3-4B-Instruct-2507,cdbee75f17c01a7cc42f958dc650907174af0554
44,heldout,9,70,3,9,random_positions,27.625,22.25,24.625,2.375,True,True,Qwen/Qwen3-4B-Instruct-2507,cdbee75f17c01a7cc42f958dc650907174af0554
44,heldout,9,70,3,10,answer_position,27.625,22.25,22.0,-0.25,True,True,Qwen/Qwen3-4B-Instruct-2507,cdbee75f17c01a7cc42f958dc650907174af0554
44,heldout,9,70,3,10,number_tokens,27.625,22.25,13.75,-8.5,True,True,Qwen/Qwen3-4B-Instruct-2507,cdbee75f17c01a7cc42f958dc650907174af0554
44,heldout,9,70,3,10,random_positions,27.625,22.25,25.125,2.875,True,True,Qwen/Qwen3-4B-Instruct-2507,cdbee75f17c01a7cc42f958dc650907174af0554
44,heldout,9,70,3,11,answer_position,27.625,22.25,21.75,-0.5,True,True,Qwen/Qwen3-4B-Instruct-2507,cdbee75f17c01a7cc42f958dc650907174af0554
44,heldout,9,70,3,11,number_tokens,27.625,22.25,-7.5,-29.75,True,False,Qwen/Qwen3-4B-Instruct-2507,cdbee75f17c01a7cc42f958dc650907174af0554
44,heldout,9,70,3,11,random_positions,27.625,22.25,25.0,2.75,True,True,Qwen/Qwen3-4B-Instruct-2507,cdbee75f17c01a7cc42f958dc650907174af0554
44,heldout,9,70,3,12,answer_position,27.625,22.25,22.0,-0.25,True,True,Qwen/Qwen3-4B-Instruct-2507,cdbee75f17c01a7cc42f958dc650907174af0554
44,heldout,9,70,3,12,number_tokens,27.625,22.25,-0.5,-22.75,True,False,Qwen/Qwen3-4B-Instruct-2507,cdbee75f17c01a7cc42f958dc650907174af0554
44,heldout,9,70,3,12,random_positions,27.625,22.25,24.25,2.0,True,True,Qwen/Qwen3-4B-Instruct-2507,cdbee75f17c01a7cc42f958dc650907174af0554
44,heldout,9,70,3,13,answer_position,27.625,22.25,22.0,-0.25,True,True,Qwen/Qwen3-4B-Instruct-2507,cdbee75f17c01a7cc42f958dc650907174af0554
44,heldout,9,70,3,13,number_tokens,27.625,22.25,13.25,-9.0,True,True,Qwen/Qwen3-4B-Instruct-2507,cdbee75f17c01a7cc42f958dc650907174af0554
44,heldout,9,70,3,13,random_positions,27.625,22.25,23.625,1.375,True,True,Qwen/Qwen3-4B-Instruct-2507,cdbee75f17c01a7cc42f958dc650907174af0554
44,heldout,9,70,3,14,answer_position,27.625,22.25,22.0,-0.25,True,True,Qwen/Qwen3-4B-Instruct-2507,cdbee75f17c01a7cc42f958dc650907174af0554
44,heldout,9,70,3,14,number_tokens,27.625,22.25,21.0,-1.25,True,True,Qwen/Qwen3-4B-Instruct-2507,cdbee75f17c01a7cc42f958dc650907174af0554
44,heldout,9,70,3,14,random_positions,27.625,22.25,26.0,3.75,True,True,Qwen/Qwen3-4B-Instruct-2507,cdbee75f17c01a7cc42f958dc650907174af0554
44,heldout,9,70,3,15,answer_position,27.625,22.25,22.0,-0.25,True,True,Qwen/Qwen3-4B-Instruct-2507,cdbee75f17c01a7cc42f958dc650907174af0554
44,heldout,9,70,3,15,number_tokens,27.625,22.25,24.75,2.5,True,True,Qwen/Qwen3-4B-Instruct-2507,cdbee75f17c01a7cc42f958dc650907174af0554
44,heldout,9,70,3,15,random_positions,27.625,22.25,26.875,4.625,True,True,Qwen/Qwen3-4B-Instruct-2507,cdbee75f17c01a7cc42f958dc650907174af0554
44,heldout,9,70,3,16,answer_position,27.625,22.25,22.0,-0.25,True,True,Qwen/Qwen3-4B-Instruct-2507,cdbee75f17c01a7cc42f958dc650907174af0554
44,heldout,9,70,3,16,number_tokens,27.625,22.25,25.125,2.875,True,True,Qwen/Qwen3-4B-Instruct-2507,cdbee75f17c01a7cc42f958dc650907174af0554
44,heldout,9,70,3,16,random_positions,27.625,22.25,26.625,4.375,True,True,Qwen/Qwen3-4B-Instruct-2507,cdbee75f17c01a7cc42f958dc650907174af0554
44,heldout,9,70,3,17,answer_position,27.625,22.25,22.0,-0.25,True,True,Qwen/Qwen3-4B-Instruct-2507,cdbee75f17c01a7cc42f958dc650907174af0554
44,heldout,9,70,3,17,number_tokens,27.625,22.25,24.0,1.75,True,True,Qwen/Qwen3-4B-Instruct-2507,cdbee75f17c01a7cc42f958dc650907174af0554
44,heldout,9,70,3,17,random_positions,27.625,22.25,26.0,3.75,True,True,Qwen/Qwen3-4B-Instruct-2507,cdbee75f17c01a7cc42f958dc650907174af0554
44,heldout,9,70,3,18,answer_position,27.625,22.25,21.75,-0.5,True,True,Qwen/Qwen3-4B-Instruct-2507,cdbee75f17c01a7cc42f958dc650907174af0554
44,heldout,9,70,3,18,number_tokens,27.625,22.25,21.5,-0.75,True,True,Qwen/Qwen3-4B-Instruct-2507,cdbee75f17c01a7cc42f958dc650907174af0554
44,heldout,9,70,3,18,random_positions,27.625,22.25,26.0,3.75,True,True,Qwen/Qwen3-4B-Instruct-2507,cdbee75f17c01a7cc42f958dc650907174af0554
44,heldout,9,70,3,19,answer_position,27.625,22.25,23.25,1.0,True,True,Qwen/Qwen3-4B-Instruct-2507,cdbee75f17c01a7cc42f958dc650907174af0554
44,heldout,9,70,3,19,number_tokens,27.625,22.25,20.25,-2.0,True,True,Qwen/Qwen3-4B-Instruct-2507,cdbee75f17c01a7cc42f958dc650907174af0554
44,heldout,9,70,3,19,random_positions,27.625,22.25,24.25,2.0,True,True,Qwen/Qwen3-4B-Instruct-2507,cdbee75f17c01a7cc42f958dc650907174af0554
44,heldout,9,70,3,20,answer_position,27.625,22.25,23.5,1.25,True,True,Qwen/Qwen3-4B-Instruct-2507,cdbee75f17c01a7cc42f958dc650907174af0554
44,heldout,9,70,3,20,number_tokens,27.625,22.25,21.25,-1.0,True,True,Qwen/Qwen3-4B-Instruct-2507,cdbee75f17c01a7cc42f958dc650907174af0554
44,heldout,9,70,3,20,random_positions,27.625,22.25,23.25,1.0,True,True,Qwen/Qwen3-4B-Instruct-2507,cdbee75f17c01a7cc42f958dc650907174af0554
44,heldout,9,70,3,21,answer_position,27.625,22.25,25.75,3.5,True,True,Qwen/Qwen3-4B-Instruct-2507,cdbee75f17c01a7cc42f958dc650907174af0554
44,heldout,9,70,3,21,number_tokens,27.625,22.25,21.25,-1.0,True,True,Qwen/Qwen3-4B-Instruct-2507,cdbee75f17c01a7cc42f958dc650907174af0554
44,heldout,9,70,3,21,random_positions,27.625,22.25,21.75,-0.5,True,True,Qwen/Qwen3-4B-Instruct-2507,cdbee75f17c01a7cc42f958dc650907174af0554
44,heldout,9,70,3,22,answer_position,27.625,22.25,26.125,3.875,True,True,Qwen/Qwen3-4B-Instruct-2507,cdbee75f17c01a7cc42f958dc650907174af0554
44,heldout,9,70,3,22,number_tokens,27.625,22.25,21.25,-1.0,True,True,Qwen/Qwen3-4B-Instruct-2507,cdbee75f17c01a7cc42f958dc650907174af0554
44,heldout,9,70,3,22,random_positions,27.625,22.25,21.5,-0.75,True,True,Qwen/Qwen3-4B-Instruct-2507,cdbee75f17c01a7cc42f958dc650907174af0554
44,heldout,9,70,3,23,answer_position,27.625,22.25,26.125,3.875,True,True,Qwen/Qwen3-4B-Instruct-2507,cdbee75f17c01a7cc42f958dc650907174af0554
44,heldout,9,70,3,23,number_tokens,27.625,22.25,21.25,-1.0,True,True,Qwen/Qwen3-4B-Instruct-2507,cdbee75f17c01a7cc42f958dc650907174af0554
44,heldout,9,70,3,23,random_positions,27.625,22.25,22.0,-0.25,True,True,Qwen/Qwen3-4B-Instruct-2507,cdbee75f17c01a7cc42f958dc650907174af0554
44,heldout,9,70,3,24,answer_position,27.625,22.25,27.125,4.875,True,True,Qwen/Qwen3-4B-Instruct-2507,cdbee75f17c01a7cc42f958dc650907174af0554
44,heldout,9,70,3,24,number_tokens,27.625,22.25,21.5,-0.75,True,True,Qwen/Qwen3-4B-Instruct-2507,cdbee75f17c01a7cc42f958dc650907174af0554
44,heldout,9,70,3,24,random_positions,27.625,22.25,21.75,-0.5,True,True,Qwen/Qwen3-4B-Instruct-2507,cdbee75f17c01a7cc42f958dc650907174af0554
44,heldout,9,70,3,25,answer_position,27.625,22.25,27.0,4.75,True,True,Qwen/Qwen3-4B-Instruct-2507,cdbee75f17c01a7cc42f958dc650907174af0554
44,heldout,9,70,3,25,number_tokens,27.625,22.25,21.75,-0.5,True,True,Qwen/Qwen3-4B-Instruct-2507,cdbee75f17c01a7cc42f958dc650907174af0554
44,heldout,9,70,3,25,random_positions,27.625,22.25,22.0,-0.25,True,True,Qwen/Qwen3-4B-Instruct-2507,cdbee75f17c01a7cc42f958dc650907174af0554
44,heldout,9,70,3,26,answer_position,27.625,22.25,27.125,4.875,True,True,Qwen/Qwen3-4B-Instruct-2507,cdbee75f17c01a7cc42f958dc650907174af0554
44,heldout,9,70,3,26,number_tokens,27.625,22.25,21.75,-0.5,True,True,Qwen/Qwen3-4B-Instruct-2507,cdbee75f17c01a7cc42f958dc650907174af0554
44,heldout,9,70,3,26,random_positions,27.625,22.25,22.0,-0.25,True,True,Qwen/Qwen3-4B-Instruct-2507,cdbee75f17c01a7cc42f958dc650907174af0554
44,heldout,9,70,3,27,answer_position,27.625,22.25,27.0,4.75,True,True,Qwen/Qwen3-4B-Instruct-2507,cdbee75f17c01a7cc42f958dc650907174af0554
44,heldout,9,70,3,27,number_tokens,27.625,22.25,21.75,-0.5,True,True,Qwen/Qwen3-4B-Instruct-2507,cdbee75f17c01a7cc42f958dc650907174af0554
44,heldout,9,70,3,27,random_positions,27.625,22.25,21.75,-0.5,True,True,Qwen/Qwen3-4B-Instruct-2507,cdbee75f17c01a7cc42f958dc650907174af0554
44,heldout,9,70,3,28,answer_position,27.625,22.25,27.25,5.0,True,True,Qwen/Qwen3-4B-Instruct-2507,cdbee75f17c01a7cc42f958dc650907174af0554
44,heldout,9,70,3,28,number_tokens,27.625,22.25,22.0,-0.25,True,True,Qwen/Qwen3-4B-Instruct-2507,cdbee75f17c01a7cc42f958dc650907174af0554
44,heldout,9,70,3,28,random_positions,27.625,22.25,21.75,-0.5,True,True,Qwen/Qwen3-4B-Instruct-2507,cdbee75f17c01a7cc42f958dc650907174af0554
44,heldout,9,70,3,29,answer_position,27.625,22.25,27.125,4.875,True,True,Qwen/Qwen3-4B-Instruct-2507,cdbee75f17c01a7cc42f958dc650907174af0554
44,heldout,9,70,3,29,number_tokens,27.625,22.25,22.0,-0.25,True,True,Qwen/Qwen3-4B-Instruct-2507,cdbee75f17c01a7cc42f958dc650907174af0554
44,heldout,9,70,3,29,random_positions,27.625,22.25,21.75,-0.5,True,True,Qwen/Qwen3-4B-Instruct-2507,cdbee75f17c01a7cc42f958dc650907174af0554
44,heldout,9,70,3,30,answer_position,27.625,22.25,27.0,4.75,True,True,Qwen/Qwen3-4B-Instruct-2507,cdbee75f17c01a7cc42f958dc650907174af0554
44,heldout,9,70,3,30,number_tokens,27.625,22.25,21.75,-0.5,True,True,Qwen/Qwen3-4B-Instruct-2507,cdbee75f17c01a7cc42f958dc650907174af0554
44,heldout,9,70,3,30,random_positions,27.625,22.25,22.0,-0.25,True,True,Qwen/Qwen3-4B-Instruct-2507,cdbee75f17c01a7cc42f958dc650907174af0554
44,heldout,9,70,3,31,answer_position,27.625,22.25,27.25,5.0,True,True,Qwen/Qwen3-4B-Instruct-2507,cdbee75f17c01a7cc42f958dc650907174af0554
44,heldout,9,70,3,31,number_tokens,27.625,22.25,22.0,-0.25,True,True,Qwen/Qwen3-4B-Instruct-2507,cdbee75f17c01a7cc42f958dc650907174af0554
44,heldout,9,70,3,31,random_positions,27.625,22.25,22.0,-0.25,True,True,Qwen/Qwen3-4B-Instruct-2507,cdbee75f17c01a7cc42f958dc650907174af0554
44,heldout,9,70,3,32,answer_position,27.625,22.25,27.125,4.875,True,True,Qwen/Qwen3-4B-Instruct-2507,cdbee75f17c01a7cc42f958dc650907174af0554
44,heldout,9,70,3,32,number_tokens,27.625,22.25,22.0,-0.25,True,True,Qwen/Qwen3-4B-Instruct-2507,cdbee75f17c01a7cc42f958dc650907174af0554
44,heldout,9,70,3,32,random_positions,27.625,22.25,21.75,-0.5,True,True,Qwen/Qwen3-4B-Instruct-2507,cdbee75f17c01a7cc42f958dc650907174af0554
44,heldout,9,70,3,33,answer_position,27.625,22.25,27.125,4.875,True,True,Qwen/Qwen3-4B-Instruct-2507,cdbee75f17c01a7cc42f958dc650907174af0554
44,heldout,9,70,3,33,number_tokens,27.625,22.25,21.75,-0.5,True,True,Qwen/Qwen3-4B-Instruct-2507,cdbee75f17c01a7cc42f958dc650907174af0554
44,heldout,9,70,3,33,random_positions,27.625,22.25,22.0,-0.25,True,True,Qwen/Qwen3-4B-Instruct-2507,cdbee75f17c01a7cc42f958dc650907174af0554
44,heldout,9,70,3,34,answer_position,27.625,22.25,27.375,5.125,True,True,Qwen/Qwen3-4B-Instruct-2507,cdbee75f17c01a7cc42f958dc650907174af0554
44,heldout,9,70,3,34,number_tokens,27.625,22.25,22.0,-0.25,True,True,Qwen/Qwen3-4B-Instruct-2507,cdbee75f17c01a7cc42f958dc650907174af0554
44,heldout,9,70,3,34,random_positions,27.625,22.25,21.75,-0.5,True,True,Qwen/Qwen3-4B-Instruct-2507,cdbee75f17c01a7cc42f958dc650907174af0554
44,heldout,9,70,3,35,answer_position,27.625,22.25,27.625,5.375,True,True,Qwen/Qwen3-4B-Instruct-2507,cdbee75f17c01a7cc42f958dc650907174af0554
44,heldout,9,70,3,35,number_tokens,27.625,22.25,22.25,0.0,True,True,Qwen/Qwen3-4B-Instruct-2507,cdbee75f17c01a7cc42f958dc650907174af0554
44,heldout,9,70,3,35,random_positions,27.625,22.25,22.25,0.0,True,True,Qwen/Qwen3-4B-Instruct-2507,cdbee75f17c01a7cc42f958dc650907174af0554
