id,case,template,whole,digit,zeros,control,layer,model,revision,hard_margin,patched_margin,margin_effect,hard_correct,patched_correct,patched_token_count
causal-gen-000,0,relation_statements,101,0,1,easy_padded_tokens,2,Qwen/Qwen3-4B-Instruct-2507,cdbee75f17c01a7cc42f958dc650907174af0554,25.25,25.375,0.125,True,True,6
causal-gen-000,0,relation_statements,101,0,1,easy_short_tokens,2,Qwen/Qwen3-4B-Instruct-2507,cdbee75f17c01a7cc42f958dc650907174af0554,25.25,25.5,0.25,True,True,5
causal-gen-000,0,relation_statements,101,0,1,donor_padded_tokens,2,Qwen/Qwen3-4B-Instruct-2507,cdbee75f17c01a7cc42f958dc650907174af0554,25.25,25.25,0.0,True,True,6
causal-gen-000,0,relation_statements,101,0,1,donor_short_tokens,2,Qwen/Qwen3-4B-Instruct-2507,cdbee75f17c01a7cc42f958dc650907174af0554,25.25,-23.125,-48.375,True,False,5
causal-gen-000,0,relation_statements,101,0,1,easy_padded_random,2,Qwen/Qwen3-4B-Instruct-2507,cdbee75f17c01a7cc42f958dc650907174af0554,25.25,25.125,-0.125,True,True,6
causal-gen-000,0,relation_statements,101,0,1,easy_short_random,2,Qwen/Qwen3-4B-Instruct-2507,cdbee75f17c01a7cc42f958dc650907174af0554,25.25,24.625,-0.625,True,True,5
causal-gen-000,0,relation_statements,101,0,1,donor_padded_random,2,Qwen/Qwen3-4B-Instruct-2507,cdbee75f17c01a7cc42f958dc650907174af0554,25.25,25.25,0.0,True,True,6
causal-gen-000,0,relation_statements,101,0,1,donor_short_random,2,Qwen/Qwen3-4B-Instruct-2507,cdbee75f17c01a7cc42f958dc650907174af0554,25.25,25.375,0.125,True,True,5
causal-gen-001,1,relation_statements,102,1,1,easy_padded_tokens,2,Qwen/Qwen3-4B-Instruct-2507,cdbee75f17c01a7cc42f958dc650907174af0554,19.0,17.75,-1.25,True,True,6
causal-gen-001,1,relation_statements,102,1,1,easy_short_tokens,2,Qwen/Qwen3-4B-Instruct-2507,cdbee75f17c01a7cc42f958dc650907174af0554,19.0,21.5,2.5,True,True,5
causal-gen-001,1,relation_statements,102,1,1,donor_padded_tokens,2,Qwen/Qwen3-4B-Instruct-2507,cdbee75f17c01a7cc42f958dc650907174af0554,19.0,19.0,0.0,True,True,6
causal-gen-001,1,relation_statements,102,1,1,donor_short_tokens,2,Qwen/Qwen3-4B-Instruct-2507,cdbee75f17c01a7cc42f958dc650907174af0554,19.0,-23.125,-42.125,True,False,5
causal-gen-001,1,relation_statements,102,1,1,easy_padded_random,2,Qwen/Qwen3-4B-Instruct-2507,cdbee75f17c01a7cc42f958dc650907174af0554,19.0,19.25,0.25,True,True,6
causal-gen-001,1,relation_statements,102,1,1,easy_short_random,2,Qwen/Qwen3-4B-Instruct-2507,cdbee75f17c01a7cc42f958dc650907174af0554,19.0,19.0,0.0,True,True,5
causal-gen-001,1,relation_statements,102,1,1,donor_padded_random,2,Qwen/Qwen3-4B-Instruct-2507,cdbee75f17c01a7cc42f958dc650907174af0554,19.0,19.0,0.0,True,True,6
causal-gen-001,1,relation_statements,102,1,1,donor_short_random,2,Qwen/Qwen3-4B-Instruct-2507,cdbee75f17c01a7cc42f958dc650907174af0554,19.0,18.75,-0.25,True,True,5
causal-gen-002,2,relation_statements,103,2,1,easy_padded_tokens,2,Qwen/Qwen3-4B-Instruct-2507,cdbee75f17c01a7cc42f958dc650907174af0554,22.375,21.625,-0.75,True,True,6
causal-gen-002,2,relation_statements,103,2,1,easy_short_tokens,2,Qwen/Qwen3-4B-Instruct-2507,cdbee75f17c01a7cc42f958dc650907174af0554,22.375,22.5,0.125,True,True,5
causal-gen-002,2,relation_statements,103,2,1,donor_padded_tokens,2,Qwen/Qwen3-4B-Instruct-2507,cdbee75f17c01a7cc42f958dc650907174af0554,22.375,22.375,0.0,True,True,6
causal-gen-002,2,relation_statements,103,2,1,donor_short_tokens,2,Qwen/Qwen3-4B-Instruct-2507,cdbee75f17c01a7cc42f958dc650907174af0554,22.375,-21.875,-44.25,True,False,5
causal-gen-002,2,relation_statements,103,2,1,easy_padded_random,2,Qwen/Qwen3-4B-Instruct-2507,cdbee75f17c01a7cc42f958dc650907174af0554,22.375,23.75,1.375,True,True,6
causal-gen-002,2,relation_statements,103,2,1,easy_short_random,2,Qwen/Qwen3-4B-Instruct-2507,cdbee75f17c01a7cc42f958dc650907174af0554,22.375,22.25,-0.125,True,True,5
causal-gen-002,2,relation_statements,103,2,1,donor_padded_random,2,Qwen/Qwen3-4B-Instruct-2507,cdbee75f17c01a7cc42f958dc650907174af0554,22.375,22.25,-0.125,True,True,6
causal-gen-002,2,relation_statements,103,2,1,donor_short_random,2,Qwen/Qwen3-4B-Instruct-2507,cdbee75f17c01a7cc42f958dc650907174af0554,22.375,22.375,0.0,True,True,5
causal-gen-003,3,relation_statements,104,3,1,easy_padded_tokens,2,Qwen/Qwen3-4B-Instruct-2507,cdbee75f17c01a7cc42f958dc650907174af0554,20.875,20.5,-0.375,True,True,6
causal-gen-003,3,relation_statements,104,3,1,easy_short_tokens,2,Qwen/Qwen3-4B-Instruct-2507,cdbee75f17c01a7cc42f958dc650907174af0554,20.875,22.0,1.125,True,True,5
causal-gen-003,3,relation_statements,104,3,1,donor_padded_tokens,2,Qwen/Qwen3-4B-Instruct-2507,cdbee75f17c01a7cc42f958dc650907174af0554,20.875,20.875,0.0,True,True,6
causal-gen-003,3,relation_statements,104,3,1,donor_short_tokens,2,Qwen/Qwen3-4B-Instruct-2507,cdbee75f17c01a7cc42f958dc650907174af0554,20.875,-24.125,-45.0,True,False,5
causal-gen-003,3,relation_statements,104,3,1,easy_padded_random,2,Qwen/Qwen3-4B-Instruct-2507,cdbee75f17c01a7cc42f958dc650907174af0554,20.875,20.875,0.0,True,True,6
causal-gen-003,3,relation_statements,104,3,1,easy_short_random,2,Qwen/Qwen3-4B-Instruct-2507,cdbee75f17c01a7cc42f958dc650907174af0554,20.875,19.75,-1.125,True,True,5
causal-gen-003,3,relation_statements,104,3,1,donor_padded_random,2,Qwen/Qwen3-4B-Instruct-2507,cdbee75f17c01a7cc42f958dc650907174af0554,20.875,21.0,0.125,True,True,6
causal-gen-003,3,relation_statements,104,3,1,donor_short_random,2,Qwen/Qwen3-4B-Instruct-2507,cdbee75f17c01a7cc42f958dc650907174af0554,20.875,20.75,-0.125,True,True,5
causal-gen-004,4,relation_statements,105,4,1,easy_padded_tokens,2,Qwen/Qwen3-4B-Instruct-2507,cdbee75f17c01a7cc42f958dc650907174af0554,22.375,22.625,0.25,True,True,6
causal-gen-004,4,relation_statements,105,4,1,easy_short_tokens,2,Qwen/Qwen3-4B-Instruct-2507,cdbee75f17c01a7cc42f958dc650907174af0554,22.375,23.625,1.25,True,True,5
causal-gen-004,4,relation_statements,105,4,1,donor_padded_tokens,2,Qwen/Qwen3-4B-Instruct-2507,cdbee75f17c01a7cc42f958dc650907174af0554,22.375,22.375,0.0,True,True,6
causal-gen-004,4,relation_statements,105,4,1,donor_short_tokens,2,Qwen/Qwen3-4B-Instruct-2507,cdbee75f17c01a7cc42f958dc650907174af0554,22.375,-24.125,-46.5,True,False,5
causal-gen-004,4,relation_statements,105,4,1,easy_padded_random,2,Qwen/Qwen3-4B-Instruct-2507,cdbee75f17c01a7cc42f958dc650907174af0554,22.375,22.625,0.25,True,True,6
causal-gen-004,4,relation_statements,105,4,1,easy_short_random,2,Qwen/Qwen3-4B-Instruct-2507,cdbee75f17c01a7cc42f958dc650907174af0554,22.375,22.125,-0.25,True,True,5
causal-gen-004,4,relation_statements,105,4,1,donor_padded_random,2,Qwen/Qwen3-4B-Instruct-2507,cdbee75f17c01a7cc42f958dc650907174af0554,22.375,22.25,-0.125,True,True,6
causal-gen-004,4,relation_statements,105,4,1,donor_short_random,2,Qwen/Qwen3-4B-Instruct-2507,cdbee75f17c01a7cc42f958dc650907174af0554,22.375,22.125,-0.25,True,True,5
causal-gen-005,5,relation_statements,106,5,1,easy_padded_tokens,2,Qwen/Qwen3-4B-Instruct-2507,cdbee75f17c01a7cc42f958dc650907174af0554,24.25,24.375,0.125,True,True,6
causal-gen-005,5,relation_statements,106,5,1,easy_short_tokens,2,Qwen/Qwen3-4B-Instruct-2507,cdbee75f17c01a7cc42f958dc650907174af0554,24.25,24.25,0.0,True,True,5
causal-gen-005,5,relation_statements,106,5,1,donor_padded_tokens,2,Qwen/Qwen3-4B-Instruct-2507,cdbee75f17c01a7cc42f958dc650907174af0554,24.25,24.25,0.0,True,True,6
causal-gen-005,5,relation_statements,106,5,1,donor_short_tokens,2,Qwen/Qwen3-4B-Instruct-2507,cdbee75f17c01a7cc42f958dc650907174af0554,24.25,-23.375,-47.625,True,False,5
causal-gen-005,5,relation_statements,106,5,1,easy_padded_random,2,Qwen/Qwen3-4B-Instruct-2507,cdbee75f17c01a7cc42f958dc650907174af0554,24.25,23.875,-0.375,True,True,6
causal-gen-005,5,relation_statements,106,5,1,easy_short_random,2,Qwen/Qwen3-4B-Instruct-2507,cdbee75f17c01a7cc42f958dc650907174af0554,24.25,24.625,0.375,True,True,5
causal-gen-005,5,relation_statements,106,5,1,donor_padded_random,2,Qwen/Qwen3-4B-Instruct-2507,cdbee75f17c01a7cc42f958dc650907174af0554,24.25,24.75,0.5,True,True,6
causal-gen-005,5,relation_statements,106,5,1,donor_short_random,2,Qwen/Qwen3-4B-Instruct-2507,cdbee75f17c01a7cc42f958dc650907174af0554,24.25,24.5,0.25,True,True,5
causal-gen-006,6,relation_statements,107,6,1,easy_padded_tokens,2,Qwen/Qwen3-4B-Instruct-2507,cdbee75f17c01a7cc42f958dc650907174af0554,23.125,23.25,0.125,True,True,6
causal-gen-006,6,relation_statements,107,6,1,easy_short_tokens,2,Qwen/Qwen3-4B-Instruct-2507,cdbee75f17c01a7cc42f958dc650907174af0554,23.125,23.625,0.5,True,True,5
causal-gen-006,6,relation_statements,107,6,1,donor_padded_tokens,2,Qwen/Qwen3-4B-Instruct-2507,cdbee75f17c01a7cc42f958dc650907174af0554,23.125,23.125,0.0,True,True,6
causal-gen-006,6,relation_statements,107,6,1,donor_short_tokens,2,Qwen/Qwen3-4B-Instruct-2507,cdbee75f17c01a7cc42f958dc650907174af0554,23.125,-22.875,-46.0,True,False,5
causal-gen-006,6,relation_statements,107,6,1,easy_padded_random,2,Qwen/Qwen3-4B-Instruct-2507,cdbee75f17c01a7cc42f958dc650907174af0554,23.125,23.0,-0.125,True,True,6
causal-gen-006,6,relation_statements,107,6,1,easy_short_random,2,Qwen/Qwen3-4B-Instruct-2507,cdbee75f17c01a7cc42f958dc650907174af0554,23.125,23.125,0.0,True,True,5
causal-gen-006,6,relation_statements,107,6,1,donor_padded_random,2,Qwen/Qwen3-4B-Instruct-2507,cdbee75f17c01a7cc42f958dc650907174af0554,23.125,22.875,-0.25,True,True,6
causal-gen-006,6,relation_statements,107,6,1,donor_short_random,2,Qwen/Qwen3-4B-Instruct-2507,cdbee75f17c01a7cc42f958dc650907174af0554,23.125,23.375,0.25,True,True,5
causal-gen-007,7,relation_statements,108,7,1,easy_padded_tokens,2,Qwen/Qwen3-4B-Instruct-2507,cdbee75f17c01a7cc42f958dc650907174af0554,22.25,22.375,0.125,True,True,6
causal-gen-007,7,relation_statements,108,7,1,easy_short_tokens,2,Qwen/Qwen3-4B-Instruct-2507,cdbee75f17c01a7cc42f958dc650907174af0554,22.25,23.375,1.125,True,True,5
causal-gen-007,7,relation_statements,108,7,1,donor_padded_tokens,2,Qwen/Qwen3-4B-Instruct-2507,cdbee75f17c01a7cc42f958dc650907174af0554,22.25,22.25,0.0,True,True,6
causal-gen-007,7,relation_statements,108,7,1,donor_short_tokens,2,Qwen/Qwen3-4B-Instruct-2507,cdbee75f17c01a7cc42f958dc650907174af0554,22.25,-25.375,-47.625,True,False,5
causal-gen-007,7,relation_statements,108,7,1,easy_padded_random,2,Qwen/Qwen3-4B-Instruct-2507,cdbee75f17c01a7cc42f958dc650907174af0554,22.25,21.625,-0.625,True,True,6
causal-gen-007,7,relation_statements,108,7,1,easy_short_random,2,Qwen/Qwen3-4B-Instruct-2507,cdbee75f17c01a7cc42f958dc650907174af0554,22.25,22.25,0.0,True,True,5
causal-gen-007,7,relation_statements,108,7,1,donor_padded_random,2,Qwen/Qwen3-4B-Instruct-2507,cdbee75f17c01a7cc42f958dc650907174af0554,22.25,22.125,-0.125,True,True,6
causal-gen-007,7,relation_statements,108,7,1,donor_short_random,2,Qwen/Qwen3-4B-Instruct-2507,cdbee75f17c01a7cc42f958dc650907174af0554,22.25,22.25,0.0,True,True,5
causal-gen-008,8,relation_statements,109,8,1,easy_padded_tokens,2,Qwen/Qwen3-4B-Instruct-2507,cdbee75f17c01a7cc42f958dc650907174af0554,20.875,22.125,1.25,True,True,6
causal-gen-008,8,relation_statements,109,8,1,easy_short_tokens,2,Qwen/Qwen3-4B-Instruct-2507,cdbee75f17c01a7cc42f958dc650907174af0554,20.875,21.75,0.875,True,True,5
causal-gen-008,8,relation_statements,109,8,1,donor_padded_tokens,2,Qwen/Qwen3-4B-Instruct-2507,cdbee75f17c01a7cc42f958dc650907174af0554,20.875,20.875,0.0,True,True,6
causal-gen-008,8,relation_statements,109,8,1,donor_short_tokens,2,Qwen/Qwen3-4B-Instruct-2507,cdbee75f17c01a7cc42f958dc650907174af0554,20.875,-29.25,-50.125,True,False,5
causal-gen-008,8,relation_statements,109,8,1,easy_padded_random,2,Qwen/Qwen3-4B-Instruct-2507,cdbee75f17c01a7cc42f958dc650907174af0554,20.875,21.75,0.875,True,True,6
causal-gen-008,8,relation_statements,109,8,1,easy_short_random,2,Qwen/Qwen3-4B-Instruct-2507,cdbee75f17c01a7cc42f958dc650907174af0554,20.875,21.0,0.125,True,True,5
causal-gen-008,8,relation_statements,109,8,1,donor_padded_random,2,Qwen/Qwen3-4B-Instruct-2507,cdbee75f17c01a7cc42f958dc650907174af0554,20.875,21.0,0.125,True,True,6
causal-gen-008,8,relation_statements,109,8,1,donor_short_random,2,Qwen/Qwen3-4B-Instruct-2507,cdbee75f17c01a7cc42f958dc650907174af0554,20.875,21.0,0.125,True,True,5
causal-gen-009,9,relation_statements,110,9,1,easy_padded_tokens,2,Qwen/Qwen3-4B-Instruct-2507,cdbee75f17c01a7cc42f958dc650907174af0554,20.875,20.875,0.0,True,True,6
causal-gen-009,9,relation_statements,110,9,1,easy_short_tokens,2,Qwen/Qwen3-4B-Instruct-2507,cdbee75f17c01a7cc42f958dc650907174af0554,20.875,22.0,1.125,True,True,5
causal-gen-009,9,relation_statements,110,9,1,donor_padded_tokens,2,Qwen/Qwen3-4B-Instruct-2507,cdbee75f17c01a7cc42f958dc650907174af0554,20.875,20.875,0.0,True,True,6
causal-gen-009,9,relation_statements,110,9,1,donor_short_tokens,2,Qwen/Qwen3-4B-Instruct-2507,cdbee75f17c01a7cc42f958dc650907174af0554,20.875,-30.125,-51.0,True,False,5
causal-gen-009,9,relation_statements,110,9,1,easy_padded_random,2,Qwen/Qwen3-4B-Instruct-2507,cdbee75f17c01a7cc42f958dc650907174af0554,20.875,20.875,0.0,True,True,6
causal-gen-009,9,relation_statements,110,9,1,easy_short_random,2,Qwen/Qwen3-4B-Instruct-2507,cdbee75f17c01a7cc42f958dc650907174af0554,20.875,21.0,0.125,True,True,5
causal-gen-009,9,relation_statements,110,9,1,donor_padded_random,2,Qwen/Qwen3-4B-Instruct-2507,cdbee75f17c01a7cc42f958dc650907174af0554,20.875,20.625,-0.25,True,True,6
causal-gen-009,9,relation_statements,110,9,1,donor_short_random,2,Qwen/Qwen3-4B-Instruct-2507,cdbee75f17c01a7cc42f958dc650907174af0554,20.875,20.75,-0.125,True,True,5
causal-gen-010,10,relation_statements,111,0,2,easy_padded_tokens,2,Qwen/Qwen3-4B-Instruct-2507,cdbee75f17c01a7cc42f958dc650907174af0554,23.25,23.875,0.625,True,True,7
causal-gen-010,10,relation_statements,111,0,2,easy_short_tokens,2,Qwen/Qwen3-4B-Instruct-2507,cdbee75f17c01a7cc42f958dc650907174af0554,23.25,23.375,0.125,True,True,5
causal-gen-010,10,relation_statements,111,0,2,donor_padded_tokens,2,Qwen/Qwen3-4B-Instruct-2507,cdbee75f17c01a7cc42f958dc650907174af0554,23.25,23.25,0.0,True,True,7
causal-gen-010,10,relation_statements,111,0,2,donor_short_tokens,2,Qwen/Qwen3-4B-Instruct-2507,cdbee75f17c01a7cc42f958dc650907174af0554,23.25,-22.375,-45.625,True,False,5
causal-gen-010,10,relation_statements,111,0,2,easy_padded_random,2,Qwen/Qwen3-4B-Instruct-2507,cdbee75f17c01a7cc42f958dc650907174af0554,23.25,20.875,-2.375,True,True,7
causal-gen-010,10,relation_statements,111,0,2,easy_short_random,2,Qwen/Qwen3-4B-Instruct-2507,cdbee75f17c01a7cc42f958dc650907174af0554,23.25,23.5,0.25,True,True,5
causal-gen-010,10,relation_statements,111,0,2,donor_padded_random,2,Qwen/Qwen3-4B-Instruct-2507,cdbee75f17c01a7cc42f958dc650907174af0554,23.25,23.25,0.0,True,True,7
causal-gen-010,10,relation_statements,111,0,2,donor_short_random,2,Qwen/Qwen3-4B-Instruct-2507,cdbee75f17c01a7cc42f958dc650907174af0554,23.25,23.0,-0.25,True,True,5
causal-gen-011,11,relation_statements,112,1,2,easy_padded_tokens,2,Qwen/Qwen3-4B-Instruct-2507,cdbee75f17c01a7cc42f958dc650907174af0554,18.75,21.0,2.25,True,True,7
causal-gen-011,11,relation_statements,112,1,2,easy_short_tokens,2,Qwen/Qwen3-4B-Instruct-2507,cdbee75f17c01a7cc42f958dc650907174af0554,18.75,21.375,2.625,True,True,5
causal-gen-011,11,relation_statements,112,1,2,donor_padded_tokens,2,Qwen/Qwen3-4B-Instruct-2507,cdbee75f17c01a7cc42f958dc650907174af0554,18.75,18.75,0.0,True,True,7
causal-gen-011,11,relation_statements,112,1,2,donor_short_tokens,2,Qwen/Qwen3-4B-Instruct-2507,cdbee75f17c01a7cc42f958dc650907174af0554,18.75,-21.5,-40.25,True,False,5
causal-gen-011,11,relation_statements,112,1,2,easy_padded_random,2,Qwen/Qwen3-4B-Instruct-2507,cdbee75f17c01a7cc42f958dc650907174af0554,18.75,18.75,0.0,True,True,7
causal-gen-011,11,relation_statements,112,1,2,easy_short_random,2,Qwen/Qwen3-4B-Instruct-2507,cdbee75f17c01a7cc42f958dc650907174af0554,18.75,19.0,0.25,True,True,5
causal-gen-011,11,relation_statements,112,1,2,donor_padded_random,2,Qwen/Qwen3-4B-Instruct-2507,cdbee75f17c01a7cc42f958dc650907174af0554,18.75,18.75,0.0,True,True,7
causal-gen-011,11,relation_statements,112,1,2,donor_short_random,2,Qwen/Qwen3-4B-Instruct-2507,cdbee75f17c01a7cc42f958dc650907174af0554,18.75,19.0,0.25,True,True,5
causal-gen-012,12,relation_statements,113,2,2,easy_padded_tokens,2,Qwen/Qwen3-4B-Instruct-2507,cdbee75f17c01a7cc42f958dc650907174af0554,22.0,22.5,0.5,True,True,7
causal-gen-012,12,relation_statements,113,2,2,easy_short_tokens,2,Qwen/Qwen3-4B-Instruct-2507,cdbee75f17c01a7cc42f958dc650907174af0554,22.0,22.5,0.5,True,True,5
causal-gen-012,12,relation_statements,113,2,2,donor_padded_tokens,2,Qwen/Qwen3-4B-Instruct-2507,cdbee75f17c01a7cc42f958dc650907174af0554,22.0,22.0,0.0,True,True,7
causal-gen-012,12,relation_statements,113,2,2,donor_short_tokens,2,Qwen/Qwen3-4B-Instruct-2507,cdbee75f17c01a7cc42f958dc650907174af0554,22.0,-19.625,-41.625,True,False,5
causal-gen-012,12,relation_statements,113,2,2,easy_padded_random,2,Qwen/Qwen3-4B-Instruct-2507,cdbee75f17c01a7cc42f958dc650907174af0554,22.0,22.0,0.0,True,True,7
causal-gen-012,12,relation_statements,113,2,2,easy_short_random,2,Qwen/Qwen3-4B-Instruct-2507,cdbee75f17c01a7cc42f958dc650907174af0554,22.0,21.75,-0.25,True,True,5
causal-gen-012,12,relation_statements,113,2,2,donor_padded_random,2,Qwen/Qwen3-4B-Instruct-2507,cdbee75f17c01a7cc42f958dc650907174af0554,22.0,22.125,0.125,True,True,7
causal-gen-012,12,relation_statements,113,2,2,donor_short_random,2,Qwen/Qwen3-4B-Instruct-2507,cdbee75f17c01a7cc42f958dc650907174af0554,22.0,22.25,0.25,True,True,5
causal-gen-013,13,relation_statements,114,3,2,easy_padded_tokens,2,Qwen/Qwen3-4B-Instruct-2507,cdbee75f17c01a7cc42f958dc650907174af0554,21.5,22.375,0.875,True,True,7
causal-gen-013,13,relation_statements,114,3,2,easy_short_tokens,2,Qwen/Qwen3-4B-Instruct-2507,cdbee75f17c01a7cc42f958dc650907174af0554,21.5,22.5,1.0,True,True,5
causal-gen-013,13,relation_statements,114,3,2,donor_padded_tokens,2,Qwen/Qwen3-4B-Instruct-2507,cdbee75f17c01a7cc42f958dc650907174af0554,21.5,21.5,0.0,True,True,7
causal-gen-013,13,relation_statements,114,3,2,donor_short_tokens,2,Qwen/Qwen3-4B-Instruct-2507,cdbee75f17c01a7cc42f958dc650907174af0554,21.5,-21.625,-43.125,True,False,5
causal-gen-013,13,relation_statements,114,3,2,easy_padded_random,2,Qwen/Qwen3-4B-Instruct-2507,cdbee75f17c01a7cc42f958dc650907174af0554,21.5,21.625,0.125,True,True,7
causal-gen-013,13,relation_statements,114,3,2,easy_short_random,2,Qwen/Qwen3-4B-Instruct-2507,cdbee75f17c01a7cc42f958dc650907174af0554,21.5,21.375,-0.125,True,True,5
causal-gen-013,13,relation_statements,114,3,2,donor_padded_random,2,Qwen/Qwen3-4B-Instruct-2507,cdbee75f17c01a7cc42f958dc650907174af0554,21.5,21.25,-0.25,True,True,7
causal-gen-013,13,relation_statements,114,3,2,donor_short_random,2,Qwen/Qwen3-4B-Instruct-2507,cdbee75f17c01a7cc42f958dc650907174af0554,21.5,21.5,0.0,True,True,5
causal-gen-014,14,relation_statements,115,4,2,easy_padded_tokens,2,Qwen/Qwen3-4B-Instruct-2507,cdbee75f17c01a7cc42f958dc650907174af0554,22.875,23.625,0.75,True,True,7
causal-gen-014,14,relation_statements,115,4,2,easy_short_tokens,2,Qwen/Qwen3-4B-Instruct-2507,cdbee75f17c01a7cc42f958dc650907174af0554,22.875,23.75,0.875,True,True,5
causal-gen-014,14,relation_statements,115,4,2,donor_padded_tokens,2,Qwen/Qwen3-4B-Instruct-2507,cdbee75f17c01a7cc42f958dc650907174af0554,22.875,22.875,0.0,True,True,7
causal-gen-014,14,relation_statements,115,4,2,donor_short_tokens,2,Qwen/Qwen3-4B-Instruct-2507,cdbee75f17c01a7cc42f958dc650907174af0554,22.875,-22.125,-45.0,True,False,5
causal-gen-014,14,relation_statements,115,4,2,easy_padded_random,2,Qwen/Qwen3-4B-Instruct-2507,cdbee75f17c01a7cc42f958dc650907174af0554,22.875,21.125,-1.75,True,True,7
causal-gen-014,14,relation_statements,115,4,2,easy_short_random,2,Qwen/Qwen3-4B-Instruct-2507,cdbee75f17c01a7cc42f958dc650907174af0554,22.875,22.75,-0.125,True,True,5
causal-gen-014,14,relation_statements,115,4,2,donor_padded_random,2,Qwen/Qwen3-4B-Instruct-2507,cdbee75f17c01a7cc42f958dc650907174af0554,22.875,22.875,0.0,True,True,7
causal-gen-014,14,relation_statements,115,4,2,donor_short_random,2,Qwen/Qwen3-4B-Instruct-2507,cdbee75f17c01a7cc42f958dc650907174af0554,22.875,23.0,0.125,True,True,5
causal-gen-015,15,relation_statements,116,5,2,easy_padded_tokens,2,Qwen/Qwen3-4B-Instruct-2507,cdbee75f17c01a7cc42f958dc650907174af0554,24.25,24.5,0.25,True,True,7
causal-gen-015,15,relation_statements,116,5,2,easy_short_tokens,2,Qwen/Qwen3-4B-Instruct-2507,cdbee75f17c01a7cc42f958dc650907174af0554,24.25,24.75,0.5,True,True,5
causal-gen-015,15,relation_statements,116,5,2,donor_padded_tokens,2,Qwen/Qwen3-4B-Instruct-2507,cdbee75f17c01a7cc42f958dc650907174af0554,24.25,24.25,0.0,True,True,7
causal-gen-015,15,relation_statements,116,5,2,donor_short_tokens,2,Qwen/Qwen3-4B-Instruct-2507,cdbee75f17c01a7cc42f958dc650907174af0554,24.25,-22.0,-46.25,True,False,5
causal-gen-015,15,relation_statements,116,5,2,easy_padded_random,2,Qwen/Qwen3-4B-Instruct-2507,cdbee75f17c01a7cc42f958dc650907174af0554,24.25,24.25,0.0,True,True,7
causal-gen-015,15,relation_statements,116,5,2,easy_short_random,2,Qwen/Qwen3-4B-Instruct-2507,cdbee75f17c01a7cc42f958dc650907174af0554,24.25,24.875,0.625,True,True,5
causal-gen-015,15,relation_statements,116,5,2,donor_padded_random,2,Qwen/Qwen3-4B-Instruct-2507,cdbee75f17c01a7cc42f958dc650907174af0554,24.25,24.5,0.25,True,True,7
causal-gen-015,15,relation_statements,116,5,2,donor_short_random,2,Qwen/Qwen3-4B-Instruct-2507,cdbee75f17c01a7cc42f958dc650907174af0554,24.25,24.625,0.375,True,True,5
causal-gen-016,16,relation_statements,117,6,2,easy_padded_tokens,2,Qwen/Qwen3-4B-Instruct-2507,cdbee75f17c01a7cc42f958dc650907174af0554,23.625,24.125,0.5,True,True,7
causal-gen-016,16,relation_statements,117,6,2,easy_short_tokens,2,Qwen/Qwen3-4B-Instruct-2507,cdbee75f17c01a7cc42f958dc650907174af0554,23.625,24.0,0.375,True,True,5
causal-gen-016,16,relation_statements,117,6,2,donor_padded_tokens,2,Qwen/Qwen3-4B-Instruct-2507,cdbee75f17c01a7cc42f958dc650907174af0554,23.625,23.625,0.0,True,True,7
causal-gen-016,16,relation_statements,117,6,2,donor_short_tokens,2,Qwen/Qwen3-4B-Instruct-2507,cdbee75f17c01a7cc42f958dc650907174af0554,23.625,-19.5,-43.125,True,False,5
causal-gen-016,16,relation_statements,117,6,2,easy_padded_random,2,Qwen/Qwen3-4B-Instruct-2507,cdbee75f17c01a7cc42f958dc650907174af0554,23.625,23.75,0.125,True,True,7
causal-gen-016,16,relation_statements,117,6,2,easy_short_random,2,Qwen/Qwen3-4B-Instruct-2507,cdbee75f17c01a7cc42f958dc650907174af0554,23.625,23.75,0.125,True,True,5
causal-gen-016,16,relation_statements,117,6,2,donor_padded_random,2,Qwen/Qwen3-4B-Instruct-2507,cdbee75f17c01a7cc42f958dc650907174af0554,23.625,23.75,0.125,True,True,7
causal-gen-016,16,relation_statements,117,6,2,donor_short_random,2,Qwen/Qwen3-4B-Instruct-2507,cdbee75f17c01a7cc42f958dc650907174af0554,23.625,23.75,0.125,True,True,5
causal-gen-017,17,relation_statements,118,7,2,easy_padded_tokens,2,Qwen/Qwen3-4B-Instruct-2507,cdbee75f17c01a7cc42f958dc650907174af0554,22.625,23.25,0.625,True,True,7
causal-gen-017,17,relation_statements,118,7,2,easy_short_tokens,2,Qwen/Qwen3-4B-Instruct-2507,cdbee75f17c01a7cc42f958dc650907174af0554,22.625,23.25,0.625,True,True,5
causal-gen-017,17,relation_statements,118,7,2,donor_padded_tokens,2,Qwen/Qwen3-4B-Instruct-2507,cdbee75f17c01a7cc42f958dc650907174af0554,22.625,22.625,0.0,True,True,7
causal-gen-017,17,relation_statements,118,7,2,donor_short_tokens,2,Qwen/Qwen3-4B-Instruct-2507,cdbee75f17c01a7cc42f958dc650907174af0554,22.625,-24.25,-46.875,True,False,5
causal-gen-017,17,relation_statements,118,7,2,easy_padded_random,2,Qwen/Qwen3-4B-Instruct-2507,cdbee75f17c01a7cc42f958dc650907174af0554,22.625,22.625,0.0,True,True,7
causal-gen-017,17,relation_statements,118,7,2,easy_short_random,2,Qwen/Qwen3-4B-Instruct-2507,cdbee75f17c01a7cc42f958dc650907174af0554,22.625,22.875,0.25,True,True,5
causal-gen-017,17,relation_statements,118,7,2,donor_padded_random,2,Qwen/Qwen3-4B-Instruct-2507,cdbee75f17c01a7cc42f958dc650907174af0554,22.625,22.75,0.125,True,True,7
causal-gen-017,17,relation_statements,118,7,2,donor_short_random,2,Qwen/Qwen3-4B-Instruct-2507,cdbee75f17c01a7cc42f958dc650907174af0554,22.625,22.625,0.0,True,True,5
causal-gen-018,18,relation_statements,119,8,2,easy_padded_tokens,2,Qwen/Qwen3-4B-Instruct-2507,cdbee75f17c01a7cc42f958dc650907174af0554,22.0,23.25,1.25,True,True,7
causal-gen-018,18,relation_statements,119,8,2,easy_short_tokens,2,Qwen/Qwen3-4B-Instruct-2507,cdbee75f17c01a7cc42f958dc650907174af0554,22.0,22.875,0.875,True,True,5
causal-gen-018,18,relation_statements,119,8,2,donor_padded_tokens,2,Qwen/Qwen3-4B-Instruct-2507,cdbee75f17c01a7cc42f958dc650907174af0554,22.0,22.0,0.0,True,True,7
causal-gen-018,18,relation_statements,119,8,2,donor_short_tokens,2,Qwen/Qwen3-4B-Instruct-2507,cdbee75f17c01a7cc42f958dc650907174af0554,22.0,-27.75,-49.75,True,False,5
causal-gen-018,18,relation_statements,119,8,2,easy_padded_random,2,Qwen/Qwen3-4B-Instruct-2507,cdbee75f17c01a7cc42f958dc650907174af0554,22.0,22.125,0.125,True,True,7
causal-gen-018,18,relation_statements,119,8,2,easy_short_random,2,Qwen/Qwen3-4B-Instruct-2507,cdbee75f17c01a7cc42f958dc650907174af0554,22.0,22.125,0.125,True,True,5
causal-gen-018,18,relation_statements,119,8,2,donor_padded_random,2,Qwen/Qwen3-4B-Instruct-2507,cdbee75f17c01a7cc42f958dc650907174af0554,22.0,22.0,0.0,True,True,7
causal-gen-018,18,relation_statements,119,8,2,donor_short_random,2,Qwen/Qwen3-4B-Instruct-2507,cdbee75f17c01a7cc42f958dc650907174af0554,22.0,21.875,-0.125,True,True,5
causal-gen-019,19,relation_statements,120,9,2,easy_padded_tokens,2,Qwen/Qwen3-4B-Instruct-2507,cdbee75f17c01a7cc42f958dc650907174af0554,19.75,22.375,2.625,True,True,7
causal-gen-019,19,relation_statements,120,9,2,easy_short_tokens,2,Qwen/Qwen3-4B-Instruct-2507,cdbee75f17c01a7cc42f958dc650907174af0554,19.75,22.5,2.75,True,True,5
causal-gen-019,19,relation_statements,120,9,2,donor_padded_tokens,2,Qwen/Qwen3-4B-Instruct-2507,cdbee75f17c01a7cc42f958dc650907174af0554,19.75,19.75,0.0,True,True,7
causal-gen-019,19,relation_statements,120,9,2,donor_short_tokens,2,Qwen/Qwen3-4B-Instruct-2507,cdbee75f17c01a7cc42f958dc650907174af0554,19.75,-28.25,-48.0,True,False,5
causal-gen-019,19,relation_statements,120,9,2,easy_padded_random,2,Qwen/Qwen3-4B-Instruct-2507,cdbee75f17c01a7cc42f958dc650907174af0554,19.75,19.875,0.125,True,True,7
causal-gen-019,19,relation_statements,120,9,2,easy_short_random,2,Qwen/Qwen3-4B-Instruct-2507,cdbee75f17c01a7cc42f958dc650907174af0554,19.75,20.0,0.25,True,True,5
causal-gen-019,19,relation_statements,120,9,2,donor_padded_random,2,Qwen/Qwen3-4B-Instruct-2507,cdbee75f17c01a7cc42f958dc650907174af0554,19.75,20.0,0.25,True,True,7
causal-gen-019,19,relation_statements,120,9,2,donor_short_random,2,Qwen/Qwen3-4B-Instruct-2507,cdbee75f17c01a7cc42f958dc650907174af0554,19.75,20.25,0.5,True,True,5
causal-gen-020,20,relation_statements,121,0,3,easy_padded_tokens,2,Qwen/Qwen3-4B-Instruct-2507,cdbee75f17c01a7cc42f958dc650907174af0554,25.125,25.0,-0.125,True,True,8
causal-gen-020,20,relation_statements,121,0,3,easy_short_tokens,2,Qwen/Qwen3-4B-Instruct-2507,cdbee75f17c01a7cc42f958dc650907174af0554,25.125,25.0,-0.125,True,True,5
causal-gen-020,20,relation_statements,121,0,3,donor_padded_tokens,2,Qwen/Qwen3-4B-Instruct-2507,cdbee75f17c01a7cc42f958dc650907174af0554,25.125,25.125,0.0,True,True,8
causal-gen-020,20,relation_statements,121,0,3,donor_short_tokens,2,Qwen/Qwen3-4B-Instruct-2507,cdbee75f17c01a7cc42f958dc650907174af0554,25.125,-21.375,-46.5,True,False,5
causal-gen-020,20,relation_statements,121,0,3,easy_padded_random,2,Qwen/Qwen3-4B-Instruct-2507,cdbee75f17c01a7cc42f958dc650907174af0554,25.125,23.5,-1.625,True,True,8
causal-gen-020,20,relation_statements,121,0,3,easy_short_random,2,Qwen/Qwen3-4B-Instruct-2507,cdbee75f17c01a7cc42f958dc650907174af0554,25.125,25.125,0.0,True,True,5
causal-gen-020,20,relation_statements,121,0,3,donor_padded_random,2,Qwen/Qwen3-4B-Instruct-2507,cdbee75f17c01a7cc42f958dc650907174af0554,25.125,25.125,0.0,True,True,8
causal-gen-020,20,relation_statements,121,0,3,donor_short_random,2,Qwen/Qwen3-4B-Instruct-2507,cdbee75f17c01a7cc42f958dc650907174af0554,25.125,24.875,-0.25,True,True,5
causal-gen-021,21,relation_statements,122,1,3,easy_padded_tokens,2,Qwen/Qwen3-4B-Instruct-2507,cdbee75f17c01a7cc42f958dc650907174af0554,23.0,23.25,0.25,True,True,8
causal-gen-021,21,relation_statements,122,1,3,easy_short_tokens,2,Qwen/Qwen3-4B-Instruct-2507,cdbee75f17c01a7cc42f958dc650907174af0554,23.0,23.625,0.625,True,True,5
causal-gen-021,21,relation_statements,122,1,3,donor_padded_tokens,2,Qwen/Qwen3-4B-Instruct-2507,cdbee75f17c01a7cc42f958dc650907174af0554,23.0,23.0,0.0,True,True,8
causal-gen-021,21,relation_statements,122,1,3,donor_short_tokens,2,Qwen/Qwen3-4B-Instruct-2507,cdbee75f17c01a7cc42f958dc650907174af0554,23.0,-18.5,-41.5,True,False,5
causal-gen-021,21,relation_statements,122,1,3,easy_padded_random,2,Qwen/Qwen3-4B-Instruct-2507,cdbee75f17c01a7cc42f958dc650907174af0554,23.0,22.625,-0.375,True,True,8
causal-gen-021,21,relation_statements,122,1,3,easy_short_random,2,Qwen/Qwen3-4B-Instruct-2507,cdbee75f17c01a7cc42f958dc650907174af0554,23.0,22.625,-0.375,True,True,5
causal-gen-021,21,relation_statements,122,1,3,donor_padded_random,2,Qwen/Qwen3-4B-Instruct-2507,cdbee75f17c01a7cc42f958dc650907174af0554,23.0,22.625,-0.375,True,True,8
causal-gen-021,21,relation_statements,122,1,3,donor_short_random,2,Qwen/Qwen3-4B-Instruct-2507,cdbee75f17c01a7cc42f958dc650907174af0554,23.0,22.375,-0.625,True,True,5
causal-gen-022,22,relation_statements,123,2,3,easy_padded_tokens,2,Qwen/Qwen3-4B-Instruct-2507,cdbee75f17c01a7cc42f958dc650907174af0554,24.75,25.125,0.375,True,True,8
causal-gen-022,22,relation_statements,123,2,3,easy_short_tokens,2,Qwen/Qwen3-4B-Instruct-2507,cdbee75f17c01a7cc42f958dc650907174af0554,24.75,24.875,0.125,True,True,5
causal-gen-022,22,relation_statements,123,2,3,donor_padded_tokens,2,Qwen/Qwen3-4B-Instruct-2507,cdbee75f17c01a7cc42f958dc650907174af0554,24.75,24.75,0.0,True,True,8
causal-gen-022,22,relation_statements,123,2,3,donor_short_tokens,2,Qwen/Qwen3-4B-Instruct-2507,cdbee75f17c01a7cc42f958dc650907174af0554,24.75,-12.0,-36.75,True,False,5
causal-gen-022,22,relation_statements,123,2,3,easy_padded_random,2,Qwen/Qwen3-4B-Instruct-2507,cdbee75f17c01a7cc42f958dc650907174af0554,24.75,24.75,0.0,True,True,8
causal-gen-022,22,relation_statements,123,2,3,easy_short_random,2,Qwen/Qwen3-4B-Instruct-2507,cdbee75f17c01a7cc42f958dc650907174af0554,24.75,24.875,0.125,True,True,5
causal-gen-022,22,relation_statements,123,2,3,donor_padded_random,2,Qwen/Qwen3-4B-Instruct-2507,cdbee75f17c01a7cc42f958dc650907174af0554,24.75,25.125,0.375,True,True,8
causal-gen-022,22,relation_statements,123,2,3,donor_short_random,2,Qwen/Qwen3-4B-Instruct-2507,cdbee75f17c01a7cc42f958dc650907174af0554,24.75,24.75,0.0,True,True,5
causal-gen-023,23,relation_statements,124,3,3,easy_padded_tokens,2,Qwen/Qwen3-4B-Instruct-2507,cdbee75f17c01a7cc42f958dc650907174af0554,24.5,24.75,0.25,True,True,8
causal-gen-023,23,relation_statements,124,3,3,easy_short_tokens,2,Qwen/Qwen3-4B-Instruct-2507,cdbee75f17c01a7cc42f958dc650907174af0554,24.5,24.625,0.125,True,True,5
causal-gen-023,23,relation_statements,124,3,3,donor_padded_tokens,2,Qwen/Qwen3-4B-Instruct-2507,cdbee75f17c01a7cc42f958dc650907174af0554,24.5,24.5,0.0,True,True,8
causal-gen-023,23,relation_statements,124,3,3,donor_short_tokens,2,Qwen/Qwen3-4B-Instruct-2507,cdbee75f17c01a7cc42f958dc650907174af0554,24.5,-19.875,-44.375,True,False,5
causal-gen-023,23,relation_statements,124,3,3,easy_padded_random,2,Qwen/Qwen3-4B-Instruct-2507,cdbee75f17c01a7cc42f958dc650907174af0554,24.5,23.25,-1.25,True,True,8
causal-gen-023,23,relation_statements,124,3,3,easy_short_random,2,Qwen/Qwen3-4B-Instruct-2507,cdbee75f17c01a7cc42f958dc650907174af0554,24.5,23.0,-1.5,True,True,5
causal-gen-023,23,relation_statements,124,3,3,donor_padded_random,2,Qwen/Qwen3-4B-Instruct-2507,cdbee75f17c01a7cc42f958dc650907174af0554,24.5,24.625,0.125,True,True,8
causal-gen-023,23,relation_statements,124,3,3,donor_short_random,2,Qwen/Qwen3-4B-Instruct-2507,cdbee75f17c01a7cc42f958dc650907174af0554,24.5,24.375,-0.125,True,True,5
causal-gen-024,24,relation_statements,125,4,3,easy_padded_tokens,2,Qwen/Qwen3-4B-Instruct-2507,cdbee75f17c01a7cc42f958dc650907174af0554,24.375,24.875,0.5,True,True,8
causal-gen-024,24,relation_statements,125,4,3,easy_short_tokens,2,Qwen/Qwen3-4B-Instruct-2507,cdbee75f17c01a7cc42f958dc650907174af0554,24.375,24.75,0.375,True,True,5
causal-gen-024,24,relation_statements,125,4,3,donor_padded_tokens,2,Qwen/Qwen3-4B-Instruct-2507,cdbee75f17c01a7cc42f958dc650907174af0554,24.375,24.375,0.0,True,True,8
causal-gen-024,24,relation_statements,125,4,3,donor_short_tokens,2,Qwen/Qwen3-4B-Instruct-2507,cdbee75f17c01a7cc42f958dc650907174af0554,24.375,-18.375,-42.75,True,False,5
causal-gen-024,24,relation_statements,125,4,3,easy_padded_random,2,Qwen/Qwen3-4B-Instruct-2507,cdbee75f17c01a7cc42f958dc650907174af0554,24.375,24.75,0.375,True,True,8
causal-gen-024,24,relation_statements,125,4,3,easy_short_random,2,Qwen/Qwen3-4B-Instruct-2507,cdbee75f17c01a7cc42f958dc650907174af0554,24.375,24.625,0.25,True,True,5
causal-gen-024,24,relation_statements,125,4,3,donor_padded_random,2,Qwen/Qwen3-4B-Instruct-2507,cdbee75f17c01a7cc42f958dc650907174af0554,24.375,24.625,0.25,True,True,8
causal-gen-024,24,relation_statements,125,4,3,donor_short_random,2,Qwen/Qwen3-4B-Instruct-2507,cdbee75f17c01a7cc42f958dc650907174af0554,24.375,24.75,0.375,True,True,5
causal-gen-025,25,relation_statements,126,5,3,easy_padded_tokens,2,Qwen/Qwen3-4B-Instruct-2507,cdbee75f17c01a7cc42f958dc650907174af0554,25.75,25.625,-0.125,True,True,8
causal-gen-025,25,relation_statements,126,5,3,easy_short_tokens,2,Qwen/Qwen3-4B-Instruct-2507,cdbee75f17c01a7cc42f958dc650907174af0554,25.75,25.625,-0.125,True,True,5
causal-gen-025,25,relation_statements,126,5,3,donor_padded_tokens,2,Qwen/Qwen3-4B-Instruct-2507,cdbee75f17c01a7cc42f958dc650907174af0554,25.75,25.75,0.0,True,True,8
causal-gen-025,25,relation_statements,126,5,3,donor_short_tokens,2,Qwen/Qwen3-4B-Instruct-2507,cdbee75f17c01a7cc42f958dc650907174af0554,25.75,-20.375,-46.125,True,False,5
causal-gen-025,25,relation_statements,126,5,3,easy_padded_random,2,Qwen/Qwen3-4B-Instruct-2507,cdbee75f17c01a7cc42f958dc650907174af0554,25.75,25.75,0.0,True,True,8
causal-gen-025,25,relation_statements,126,5,3,easy_short_random,2,Qwen/Qwen3-4B-Instruct-2507,cdbee75f17c01a7cc42f958dc650907174af0554,25.75,26.0,0.25,True,True,5
causal-gen-025,25,relation_statements,126,5,3,donor_padded_random,2,Qwen/Qwen3-4B-Instruct-2507,cdbee75f17c01a7cc42f958dc650907174af0554,25.75,25.625,-0.125,True,True,8
causal-gen-025,25,relation_statements,126,5,3,donor_short_random,2,Qwen/Qwen3-4B-Instruct-2507,cdbee75f17c01a7cc42f958dc650907174af0554,25.75,26.0,0.25,True,True,5
causal-gen-026,26,relation_statements,127,6,3,easy_padded_tokens,2,Qwen/Qwen3-4B-Instruct-2507,cdbee75f17c01a7cc42f958dc650907174af0554,25.25,25.0,-0.25,True,True,8
causal-gen-026,26,relation_statements,127,6,3,easy_short_tokens,2,Qwen/Qwen3-4B-Instruct-2507,cdbee75f17c01a7cc42f958dc650907174af0554,25.25,25.125,-0.125,True,True,5
causal-gen-026,26,relation_statements,127,6,3,donor_padded_tokens,2,Qwen/Qwen3-4B-Instruct-2507,cdbee75f17c01a7cc42f958dc650907174af0554,25.25,25.25,0.0,True,True,8
causal-gen-026,26,relation_statements,127,6,3,donor_short_tokens,2,Qwen/Qwen3-4B-Instruct-2507,cdbee75f17c01a7cc42f958dc650907174af0554,25.25,-16.5,-41.75,True,False,5
causal-gen-026,26,relation_statements,127,6,3,easy_padded_random,2,Qwen/Qwen3-4B-Instruct-2507,cdbee75f17c01a7cc42f958dc650907174af0554,25.25,24.125,-1.125,True,True,8
causal-gen-026,26,relation_statements,127,6,3,easy_short_random,2,Qwen/Qwen3-4B-Instruct-2507,cdbee75f17c01a7cc42f958dc650907174af0554,25.25,25.125,-0.125,True,True,5
causal-gen-026,26,relation_statements,127,6,3,donor_padded_random,2,Qwen/Qwen3-4B-Instruct-2507,cdbee75f17c01a7cc42f958dc650907174af0554,25.25,25.25,0.0,True,True,8
causal-gen-026,26,relation_statements,127,6,3,donor_short_random,2,Qwen/Qwen3-4B-Instruct-2507,cdbee75f17c01a7cc42f958dc650907174af0554,25.25,25.25,0.0,True,True,5
causal-gen-027,27,relation_statements,128,7,3,easy_padded_tokens,2,Qwen/Qwen3-4B-Instruct-2507,cdbee75f17c01a7cc42f958dc650907174af0554,23.625,23.5,-0.125,True,True,8
causal-gen-027,27,relation_statements,128,7,3,easy_short_tokens,2,Qwen/Qwen3-4B-Instruct-2507,cdbee75f17c01a7cc42f958dc650907174af0554,23.625,23.875,0.25,True,True,5
causal-gen-027,27,relation_statements,128,7,3,donor_padded_tokens,2,Qwen/Qwen3-4B-Instruct-2507,cdbee75f17c01a7cc42f958dc650907174af0554,23.625,23.625,0.0,True,True,8
causal-gen-027,27,relation_statements,128,7,3,donor_short_tokens,2,Qwen/Qwen3-4B-Instruct-2507,cdbee75f17c01a7cc42f958dc650907174af0554,23.625,-20.5,-44.125,True,False,5
causal-gen-027,27,relation_statements,128,7,3,easy_padded_random,2,Qwen/Qwen3-4B-Instruct-2507,cdbee75f17c01a7cc42f958dc650907174af0554,23.625,24.5,0.875,True,True,8
causal-gen-027,27,relation_statements,128,7,3,easy_short_random,2,Qwen/Qwen3-4B-Instruct-2507,cdbee75f17c01a7cc42f958dc650907174af0554,23.625,23.875,0.25,True,True,5
causal-gen-027,27,relation_statements,128,7,3,donor_padded_random,2,Qwen/Qwen3-4B-Instruct-2507,cdbee75f17c01a7cc42f958dc650907174af0554,23.625,23.625,0.0,True,True,8
causal-gen-027,27,relation_statements,128,7,3,donor_short_random,2,Qwen/Qwen3-4B-Instruct-2507,cdbee75f17c01a7cc42f958dc650907174af0554,23.625,23.75,0.125,True,True,5
causal-gen-028,28,relation_statements,129,8,3,easy_padded_tokens,2,Qwen/Qwen3-4B-Instruct-2507,cdbee75f17c01a7cc42f958dc650907174af0554,24.25,24.25,0.0,True,True,8
causal-gen-028,28,relation_statements,129,8,3,easy_short_tokens,2,Qwen/Qwen3-4B-Instruct-2507,cdbee75f17c01a7cc42f958dc650907174af0554,24.25,24.5,0.25,True,True,5
causal-gen-028,28,relation_statements,129,8,3,donor_padded_tokens,2,Qwen/Qwen3-4B-Instruct-2507,cdbee75f17c01a7cc42f958dc650907174af0554,24.25,24.25,0.0,True,True,8
causal-gen-028,28,relation_statements,129,8,3,donor_short_tokens,2,Qwen/Qwen3-4B-Instruct-2507,cdbee75f17c01a7cc42f958dc650907174af0554,24.25,-26.625,-50.875,True,False,5
causal-gen-028,28,relation_statements,129,8,3,easy_padded_random,2,Qwen/Qwen3-4B-Instruct-2507,cdbee75f17c01a7cc42f958dc650907174af0554,24.25,24.25,0.0,True,True,8
causal-gen-028,28,relation_statements,129,8,3,easy_short_random,2,Qwen/Qwen3-4B-Instruct-2507,cdbee75f17c01a7cc42f958dc650907174af0554,24.25,24.375,0.125,True,True,5
causal-gen-028,28,relation_statements,129,8,3,donor_padded_random,2,Qwen/Qwen3-4B-Instruct-2507,cdbee75f17c01a7cc42f958dc650907174af0554,24.25,24.625,0.375,True,True,8
causal-gen-028,28,relation_statements,129,8,3,donor_short_random,2,Qwen/Qwen3-4B-Instruct-2507,cdbee75f17c01a7cc42f958dc650907174af0554,24.25,24.375,0.125,True,True,5
causal-gen-029,29,relation_statements,130,9,3,easy_padded_tokens,2,Qwen/Qwen3-4B-Instruct-2507,cdbee75f17c01a7cc42f958dc650907174af0554,22.25,23.625,1.375,True,True,8
causal-gen-029,29,relation_statements,130,9,3,easy_short_tokens,2,Qwen/Qwen3-4B-Instruct-2507,cdbee75f17c01a7cc42f958dc650907174af0554,22.25,23.75,1.5,True,True,5
causal-gen-029,29,relation_statements,130,9,3,donor_padded_tokens,2,Qwen/Qwen3-4B-Instruct-2507,cdbee75f17c01a7cc42f958dc650907174af0554,22.25,22.25,0.0,True,True,8
causal-gen-029,29,relation_statements,130,9,3,donor_short_tokens,2,Qwen/Qwen3-4B-Instruct-2507,cdbee75f17c01a7cc42f958dc650907174af0554,22.25,-27.75,-50.0,True,False,5
causal-gen-029,29,relation_statements,130,9,3,easy_padded_random,2,Qwen/Qwen3-4B-Instruct-2507,cdbee75f17c01a7cc42f958dc650907174af0554,22.25,22.375,0.125,True,True,8
causal-gen-029,29,relation_statements,130,9,3,easy_short_random,2,Qwen/Qwen3-4B-Instruct-2507,cdbee75f17c01a7cc42f958dc650907174af0554,22.25,22.5,0.25,True,True,5
causal-gen-029,29,relation_statements,130,9,3,donor_padded_random,2,Qwen/Qwen3-4B-Instruct-2507,cdbee75f17c01a7cc42f958dc650907174af0554,22.25,22.375,0.125,True,True,8
causal-gen-029,29,relation_statements,130,9,3,donor_short_random,2,Qwen/Qwen3-4B-Instruct-2507,cdbee75f17c01a7cc42f958dc650907174af0554,22.25,22.5,0.25,True,True,5
causal-gen-030,30,relation_statements,131,0,4,easy_padded_tokens,2,Qwen/Qwen3-4B-Instruct-2507,cdbee75f17c01a7cc42f958dc650907174af0554,25.5,25.5,0.0,True,True,9
causal-gen-030,30,relation_statements,131,0,4,easy_short_tokens,2,Qwen/Qwen3-4B-Instruct-2507,cdbee75f17c01a7cc42f958dc650907174af0554,25.5,25.625,0.125,True,True,5
causal-gen-030,30,relation_statements,131,0,4,donor_padded_tokens,2,Qwen/Qwen3-4B-Instruct-2507,cdbee75f17c01a7cc42f958dc650907174af0554,25.5,25.5,0.0,True,True,9
causal-gen-030,30,relation_statements,131,0,4,donor_short_tokens,2,Qwen/Qwen3-4B-Instruct-2507,cdbee75f17c01a7cc42f958dc650907174af0554,25.5,-21.5,-47.0,True,False,5
causal-gen-030,30,relation_statements,131,0,4,easy_padded_random,2,Qwen/Qwen3-4B-Instruct-2507,cdbee75f17c01a7cc42f958dc650907174af0554,25.5,25.25,-0.25,True,True,9
causal-gen-030,30,relation_statements,131,0,4,easy_short_random,2,Qwen/Qwen3-4B-Instruct-2507,cdbee75f17c01a7cc42f958dc650907174af0554,25.5,25.25,-0.25,True,True,5
causal-gen-030,30,relation_statements,131,0,4,donor_padded_random,2,Qwen/Qwen3-4B-Instruct-2507,cdbee75f17c01a7cc42f958dc650907174af0554,25.5,25.375,-0.125,True,True,9
causal-gen-030,30,relation_statements,131,0,4,donor_short_random,2,Qwen/Qwen3-4B-Instruct-2507,cdbee75f17c01a7cc42f958dc650907174af0554,25.5,25.25,-0.25,True,True,5
causal-gen-031,31,relation_statements,132,1,4,easy_padded_tokens,2,Qwen/Qwen3-4B-Instruct-2507,cdbee75f17c01a7cc42f958dc650907174af0554,23.75,24.25,0.5,True,True,9
causal-gen-031,31,relation_statements,132,1,4,easy_short_tokens,2,Qwen/Qwen3-4B-Instruct-2507,cdbee75f17c01a7cc42f958dc650907174af0554,23.75,24.75,1.0,True,True,5
causal-gen-031,31,relation_statements,132,1,4,donor_padded_tokens,2,Qwen/Qwen3-4B-Instruct-2507,cdbee75f17c01a7cc42f958dc650907174af0554,23.75,23.75,0.0,True,True,9
causal-gen-031,31,relation_statements,132,1,4,donor_short_tokens,2,Qwen/Qwen3-4B-Instruct-2507,cdbee75f17c01a7cc42f958dc650907174af0554,23.75,-18.25,-42.0,True,False,5
causal-gen-031,31,relation_statements,132,1,4,easy_padded_random,2,Qwen/Qwen3-4B-Instruct-2507,cdbee75f17c01a7cc42f958dc650907174af0554,23.75,19.75,-4.0,True,True,9
causal-gen-031,31,relation_statements,132,1,4,easy_short_random,2,Qwen/Qwen3-4B-Instruct-2507,cdbee75f17c01a7cc42f958dc650907174af0554,23.75,21.125,-2.625,True,True,5
causal-gen-031,31,relation_statements,132,1,4,donor_padded_random,2,Qwen/Qwen3-4B-Instruct-2507,cdbee75f17c01a7cc42f958dc650907174af0554,23.75,23.75,0.0,True,True,9
causal-gen-031,31,relation_statements,132,1,4,donor_short_random,2,Qwen/Qwen3-4B-Instruct-2507,cdbee75f17c01a7cc42f958dc650907174af0554,23.75,24.0,0.25,True,True,5
causal-gen-032,32,relation_statements,133,2,4,easy_padded_tokens,2,Qwen/Qwen3-4B-Instruct-2507,cdbee75f17c01a7cc42f958dc650907174af0554,24.25,24.25,0.0,True,True,9
causal-gen-032,32,relation_statements,133,2,4,easy_short_tokens,2,Qwen/Qwen3-4B-Instruct-2507,cdbee75f17c01a7cc42f958dc650907174af0554,24.25,24.5,0.25,True,True,5
causal-gen-032,32,relation_statements,133,2,4,donor_padded_tokens,2,Qwen/Qwen3-4B-Instruct-2507,cdbee75f17c01a7cc42f958dc650907174af0554,24.25,24.25,0.0,True,True,9
causal-gen-032,32,relation_statements,133,2,4,donor_short_tokens,2,Qwen/Qwen3-4B-Instruct-2507,cdbee75f17c01a7cc42f958dc650907174af0554,24.25,-17.5,-41.75,True,False,5
causal-gen-032,32,relation_statements,133,2,4,easy_padded_random,2,Qwen/Qwen3-4B-Instruct-2507,cdbee75f17c01a7cc42f958dc650907174af0554,24.25,22.75,-1.5,True,True,9
causal-gen-032,32,relation_statements,133,2,4,easy_short_random,2,Qwen/Qwen3-4B-Instruct-2507,cdbee75f17c01a7cc42f958dc650907174af0554,24.25,24.375,0.125,True,True,5
causal-gen-032,32,relation_statements,133,2,4,donor_padded_random,2,Qwen/Qwen3-4B-Instruct-2507,cdbee75f17c01a7cc42f958dc650907174af0554,24.25,24.5,0.25,True,True,9
causal-gen-032,32,relation_statements,133,2,4,donor_short_random,2,Qwen/Qwen3-4B-Instruct-2507,cdbee75f17c01a7cc42f958dc650907174af0554,24.25,24.25,0.0,True,True,5
causal-gen-033,33,relation_statements,134,3,4,easy_padded_tokens,2,Qwen/Qwen3-4B-Instruct-2507,cdbee75f17c01a7cc42f958dc650907174af0554,24.0,24.25,0.25,True,True,9
causal-gen-033,33,relation_statements,134,3,4,easy_short_tokens,2,Qwen/Qwen3-4B-Instruct-2507,cdbee75f17c01a7cc42f958dc650907174af0554,24.0,24.75,0.75,True,True,5
causal-gen-033,33,relation_statements,134,3,4,donor_padded_tokens,2,Qwen/Qwen3-4B-Instruct-2507,cdbee75f17c01a7cc42f958dc650907174af0554,24.0,24.0,0.0,True,True,9
causal-gen-033,33,relation_statements,134,3,4,donor_short_tokens,2,Qwen/Qwen3-4B-Instruct-2507,cdbee75f17c01a7cc42f958dc650907174af0554,24.0,-20.25,-44.25,True,False,5
causal-gen-033,33,relation_statements,134,3,4,easy_padded_random,2,Qwen/Qwen3-4B-Instruct-2507,cdbee75f17c01a7cc42f958dc650907174af0554,24.0,21.875,-2.125,True,True,9
causal-gen-033,33,relation_statements,134,3,4,easy_short_random,2,Qwen/Qwen3-4B-Instruct-2507,cdbee75f17c01a7cc42f958dc650907174af0554,24.0,23.625,-0.375,True,True,5
causal-gen-033,33,relation_statements,134,3,4,donor_padded_random,2,Qwen/Qwen3-4B-Instruct-2507,cdbee75f17c01a7cc42f958dc650907174af0554,24.0,23.75,-0.25,True,True,9
causal-gen-033,33,relation_statements,134,3,4,donor_short_random,2,Qwen/Qwen3-4B-Instruct-2507,cdbee75f17c01a7cc42f958dc650907174af0554,24.0,24.0,0.0,True,True,5
causal-gen-034,34,relation_statements,135,4,4,easy_padded_tokens,2,Qwen/Qwen3-4B-Instruct-2507,cdbee75f17c01a7cc42f958dc650907174af0554,24.375,25.0,0.625,True,True,9
causal-gen-034,34,relation_statements,135,4,4,easy_short_tokens,2,Qwen/Qwen3-4B-Instruct-2507,cdbee75f17c01a7cc42f958dc650907174af0554,24.375,25.125,0.75,True,True,5
causal-gen-034,34,relation_statements,135,4,4,donor_padded_tokens,2,Qwen/Qwen3-4B-Instruct-2507,cdbee75f17c01a7cc42f958dc650907174af0554,24.375,24.375,0.0,True,True,9
causal-gen-034,34,relation_statements,135,4,4,donor_short_tokens,2,Qwen/Qwen3-4B-Instruct-2507,cdbee75f17c01a7cc42f958dc650907174af0554,24.375,-19.875,-44.25,True,False,5
causal-gen-034,34,relation_statements,135,4,4,easy_padded_random,2,Qwen/Qwen3-4B-Instruct-2507,cdbee75f17c01a7cc42f958dc650907174af0554,24.375,22.75,-1.625,True,True,9
causal-gen-034,34,relation_statements,135,4,4,easy_short_random,2,Qwen/Qwen3-4B-Instruct-2507,cdbee75f17c01a7cc42f958dc650907174af0554,24.375,24.5,0.125,True,True,5
causal-gen-034,34,relation_statements,135,4,4,donor_padded_random,2,Qwen/Qwen3-4B-Instruct-2507,cdbee75f17c01a7cc42f958dc650907174af0554,24.375,24.25,-0.125,True,True,9
causal-gen-034,34,relation_statements,135,4,4,donor_short_random,2,Qwen/Qwen3-4B-Instruct-2507,cdbee75f17c01a7cc42f958dc650907174af0554,24.375,24.5,0.125,True,True,5
causal-gen-035,35,relation_statements,136,5,4,easy_padded_tokens,2,Qwen/Qwen3-4B-Instruct-2507,cdbee75f17c01a7cc42f958dc650907174af0554,26.0,25.5,-0.5,True,True,9
causal-gen-035,35,relation_statements,136,5,4,easy_short_tokens,2,Qwen/Qwen3-4B-Instruct-2507,cdbee75f17c01a7cc42f958dc650907174af0554,26.0,25.75,-0.25,True,True,5
causal-gen-035,35,relation_statements,136,5,4,donor_padded_tokens,2,Qwen/Qwen3-4B-Instruct-2507,cdbee75f17c01a7cc42f958dc650907174af0554,26.0,26.0,0.0,True,True,9
causal-gen-035,35,relation_statements,136,5,4,donor_short_tokens,2,Qwen/Qwen3-4B-Instruct-2507,cdbee75f17c01a7cc42f958dc650907174af0554,26.0,-20.25,-46.25,True,False,5
causal-gen-035,35,relation_statements,136,5,4,easy_padded_random,2,Qwen/Qwen3-4B-Instruct-2507,cdbee75f17c01a7cc42f958dc650907174af0554,26.0,25.875,-0.125,True,True,9
causal-gen-035,35,relation_statements,136,5,4,easy_short_random,2,Qwen/Qwen3-4B-Instruct-2507,cdbee75f17c01a7cc42f958dc650907174af0554,26.0,25.875,-0.125,True,True,5
causal-gen-035,35,relation_statements,136,5,4,donor_padded_random,2,Qwen/Qwen3-4B-Instruct-2507,cdbee75f17c01a7cc42f958dc650907174af0554,26.0,25.75,-0.25,True,True,9
causal-gen-035,35,relation_statements,136,5,4,donor_short_random,2,Qwen/Qwen3-4B-Instruct-2507,cdbee75f17c01a7cc42f958dc650907174af0554,26.0,25.875,-0.125,True,True,5
causal-gen-036,36,relation_statements,137,6,4,easy_padded_tokens,2,Qwen/Qwen3-4B-Instruct-2507,cdbee75f17c01a7cc42f958dc650907174af0554,25.375,25.0,-0.375,True,True,9
causal-gen-036,36,relation_statements,137,6,4,easy_short_tokens,2,Qwen/Qwen3-4B-Instruct-2507,cdbee75f17c01a7cc42f958dc650907174af0554,25.375,25.75,0.375,True,True,5
causal-gen-036,36,relation_statements,137,6,4,donor_padded_tokens,2,Qwen/Qwen3-4B-Instruct-2507,cdbee75f17c01a7cc42f958dc650907174af0554,25.375,25.375,0.0,True,True,9
causal-gen-036,36,relation_statements,137,6,4,donor_short_tokens,2,Qwen/Qwen3-4B-Instruct-2507,cdbee75f17c01a7cc42f958dc650907174af0554,25.375,-18.625,-44.0,True,False,5
causal-gen-036,36,relation_statements,137,6,4,easy_padded_random,2,Qwen/Qwen3-4B-Instruct-2507,cdbee75f17c01a7cc42f958dc650907174af0554,25.375,25.375,0.0,True,True,9
causal-gen-036,36,relation_statements,137,6,4,easy_short_random,2,Qwen/Qwen3-4B-Instruct-2507,cdbee75f17c01a7cc42f958dc650907174af0554,25.375,25.375,0.0,True,True,5
causal-gen-036,36,relation_statements,137,6,4,donor_padded_random,2,Qwen/Qwen3-4B-Instruct-2507,cdbee75f17c01a7cc42f958dc650907174af0554,25.375,25.5,0.125,True,True,9
causal-gen-036,36,relation_statements,137,6,4,donor_short_random,2,Qwen/Qwen3-4B-Instruct-2507,cdbee75f17c01a7cc42f958dc650907174af0554,25.375,25.25,-0.125,True,True,5
causal-gen-037,37,relation_statements,138,7,4,easy_padded_tokens,2,Qwen/Qwen3-4B-Instruct-2507,cdbee75f17c01a7cc42f958dc650907174af0554,23.625,23.5,-0.125,True,True,9
causal-gen-037,37,relation_statements,138,7,4,easy_short_tokens,2,Qwen/Qwen3-4B-Instruct-2507,cdbee75f17c01a7cc42f958dc650907174af0554,23.625,24.375,0.75,True,True,5
causal-gen-037,37,relation_statements,138,7,4,donor_padded_tokens,2,Qwen/Qwen3-4B-Instruct-2507,cdbee75f17c01a7cc42f958dc650907174af0554,23.625,23.625,0.0,True,True,9
causal-gen-037,37,relation_statements,138,7,4,donor_short_tokens,2,Qwen/Qwen3-4B-Instruct-2507,cdbee75f17c01a7cc42f958dc650907174af0554,23.625,-23.375,-47.0,True,False,5
causal-gen-037,37,relation_statements,138,7,4,easy_padded_random,2,Qwen/Qwen3-4B-Instruct-2507,cdbee75f17c01a7cc42f958dc650907174af0554,23.625,23.75,0.125,True,True,9
causal-gen-037,37,relation_statements,138,7,4,easy_short_random,2,Qwen/Qwen3-4B-Instruct-2507,cdbee75f17c01a7cc42f958dc650907174af0554,23.625,23.625,0.0,True,True,5
causal-gen-037,37,relation_statements,138,7,4,donor_padded_random,2,Qwen/Qwen3-4B-Instruct-2507,cdbee75f17c01a7cc42f958dc650907174af0554,23.625,23.75,0.125,True,True,9
causal-gen-037,37,relation_statements,138,7,4,donor_short_random,2,Qwen/Qwen3-4B-Instruct-2507,cdbee75f17c01a7cc42f958dc650907174af0554,23.625,24.0,0.375,True,True,5
causal-gen-038,38,relation_statements,139,8,4,easy_padded_tokens,2,Qwen/Qwen3-4B-Instruct-2507,cdbee75f17c01a7cc42f958dc650907174af0554,23.625,24.5,0.875,True,True,9
causal-gen-038,38,relation_statements,139,8,4,easy_short_tokens,2,Qwen/Qwen3-4B-Instruct-2507,cdbee75f17c01a7cc42f958dc650907174af0554,23.625,24.75,1.125,True,True,5
causal-gen-038,38,relation_statements,139,8,4,donor_padded_tokens,2,Qwen/Qwen3-4B-Instruct-2507,cdbee75f17c01a7cc42f958dc650907174af0554,23.625,23.625,0.0,True,True,9
causal-gen-038,38,relation_statements,139,8,4,donor_short_tokens,2,Qwen/Qwen3-4B-Instruct-2507,cdbee75f17c01a7cc42f958dc650907174af0554,23.625,-26.625,-50.25,True,False,5
causal-gen-038,38,relation_statements,139,8,4,easy_padded_random,2,Qwen/Qwen3-4B-Instruct-2507,cdbee75f17c01a7cc42f958dc650907174af0554,23.625,24.0,0.375,True,True,9
causal-gen-038,38,relation_statements,139,8,4,easy_short_random,2,Qwen/Qwen3-4B-Instruct-2507,cdbee75f17c01a7cc42f958dc650907174af0554,23.625,24.0,0.375,True,True,5
causal-gen-038,38,relation_statements,139,8,4,donor_padded_random,2,Qwen/Qwen3-4B-Instruct-2507,cdbee75f17c01a7cc42f958dc650907174af0554,23.625,24.125,0.5,True,True,9
causal-gen-038,38,relation_statements,139,8,4,donor_short_random,2,Qwen/Qwen3-4B-Instruct-2507,cdbee75f17c01a7cc42f958dc650907174af0554,23.625,24.25,0.625,True,True,5
causal-gen-039,39,relation_statements,140,9,4,easy_padded_tokens,2,Qwen/Qwen3-4B-Instruct-2507,cdbee75f17c01a7cc42f958dc650907174af0554,21.25,23.0,1.75,True,True,9
causal-gen-039,39,relation_statements,140,9,4,easy_short_tokens,2,Qwen/Qwen3-4B-Instruct-2507,cdbee75f17c01a7cc42f958dc650907174af0554,21.25,23.375,2.125,True,True,5
causal-gen-039,39,relation_statements,140,9,4,donor_padded_tokens,2,Qwen/Qwen3-4B-Instruct-2507,cdbee75f17c01a7cc42f958dc650907174af0554,21.25,21.25,0.0,True,True,9
causal-gen-039,39,relation_statements,140,9,4,donor_short_tokens,2,Qwen/Qwen3-4B-Instruct-2507,cdbee75f17c01a7cc42f958dc650907174af0554,21.25,-27.25,-48.5,True,False,5
causal-gen-039,39,relation_statements,140,9,4,easy_padded_random,2,Qwen/Qwen3-4B-Instruct-2507,cdbee75f17c01a7cc42f958dc650907174af0554,21.25,21.75,0.5,True,True,9
causal-gen-039,39,relation_statements,140,9,4,easy_short_random,2,Qwen/Qwen3-4B-Instruct-2507,cdbee75f17c01a7cc42f958dc650907174af0554,21.25,21.5,0.25,True,True,5
causal-gen-039,39,relation_statements,140,9,4,donor_padded_random,2,Qwen/Qwen3-4B-Instruct-2507,cdbee75f17c01a7cc42f958dc650907174af0554,21.25,21.5,0.25,True,True,9
causal-gen-039,39,relation_statements,140,9,4,donor_short_random,2,Qwen/Qwen3-4B-Instruct-2507,cdbee75f17c01a7cc42f958dc650907174af0554,21.25,21.5,0.25,True,True,5
causal-gen-040,40,relation_statements,141,0,5,easy_padded_tokens,2,Qwen/Qwen3-4B-Instruct-2507,cdbee75f17c01a7cc42f958dc650907174af0554,25.625,25.625,0.0,True,True,10
causal-gen-040,40,relation_statements,141,0,5,easy_short_tokens,2,Qwen/Qwen3-4B-Instruct-2507,cdbee75f17c01a7cc42f958dc650907174af0554,25.625,25.75,0.125,True,True,5
causal-gen-040,40,relation_statements,141,0,5,donor_padded_tokens,2,Qwen/Qwen3-4B-Instruct-2507,cdbee75f17c01a7cc42f958dc650907174af0554,25.625,25.625,0.0,True,True,10
causal-gen-040,40,relation_statements,141,0,5,donor_short_tokens,2,Qwen/Qwen3-4B-Instruct-2507,cdbee75f17c01a7cc42f958dc650907174af0554,25.625,-21.25,-46.875,True,False,5
causal-gen-040,40,relation_statements,141,0,5,easy_padded_random,2,Qwen/Qwen3-4B-Instruct-2507,cdbee75f17c01a7cc42f958dc650907174af0554,25.625,25.5,-0.125,True,True,10
causal-gen-040,40,relation_statements,141,0,5,easy_short_random,2,Qwen/Qwen3-4B-Instruct-2507,cdbee75f17c01a7cc42f958dc650907174af0554,25.625,25.75,0.125,True,True,5
causal-gen-040,40,relation_statements,141,0,5,donor_padded_random,2,Qwen/Qwen3-4B-Instruct-2507,cdbee75f17c01a7cc42f958dc650907174af0554,25.625,25.375,-0.25,True,True,10
causal-gen-040,40,relation_statements,141,0,5,donor_short_random,2,Qwen/Qwen3-4B-Instruct-2507,cdbee75f17c01a7cc42f958dc650907174af0554,25.625,25.25,-0.375,True,True,5
causal-gen-041,41,relation_statements,142,1,5,easy_padded_tokens,2,Qwen/Qwen3-4B-Instruct-2507,cdbee75f17c01a7cc42f958dc650907174af0554,23.75,23.5,-0.25,True,True,10
causal-gen-041,41,relation_statements,142,1,5,easy_short_tokens,2,Qwen/Qwen3-4B-Instruct-2507,cdbee75f17c01a7cc42f958dc650907174af0554,23.75,24.75,1.0,True,True,5
causal-gen-041,41,relation_statements,142,1,5,donor_padded_tokens,2,Qwen/Qwen3-4B-Instruct-2507,cdbee75f17c01a7cc42f958dc650907174af0554,23.75,23.75,0.0,True,True,10
causal-gen-041,41,relation_statements,142,1,5,donor_short_tokens,2,Qwen/Qwen3-4B-Instruct-2507,cdbee75f17c01a7cc42f958dc650907174af0554,23.75,-18.375,-42.125,True,False,5
causal-gen-041,41,relation_statements,142,1,5,easy_padded_random,2,Qwen/Qwen3-4B-Instruct-2507,cdbee75f17c01a7cc42f958dc650907174af0554,23.75,23.125,-0.625,True,True,10
causal-gen-041,41,relation_statements,142,1,5,easy_short_random,2,Qwen/Qwen3-4B-Instruct-2507,cdbee75f17c01a7cc42f958dc650907174af0554,23.75,23.5,-0.25,True,True,5
causal-gen-041,41,relation_statements,142,1,5,donor_padded_random,2,Qwen/Qwen3-4B-Instruct-2507,cdbee75f17c01a7cc42f958dc650907174af0554,23.75,23.5,-0.25,True,True,10
causal-gen-041,41,relation_statements,142,1,5,donor_short_random,2,Qwen/Qwen3-4B-Instruct-2507,cdbee75f17c01a7cc42f958dc650907174af0554,23.75,24.0,0.25,True,True,5
causal-gen-042,42,relation_statements,143,2,5,easy_padded_tokens,2,Qwen/Qwen3-4B-Instruct-2507,cdbee75f17c01a7cc42f958dc650907174af0554,25.5,25.25,-0.25,True,True,10
causal-gen-042,42,relation_statements,143,2,5,easy_short_tokens,2,Qwen/Qwen3-4B-Instruct-2507,cdbee75f17c01a7cc42f958dc650907174af0554,25.5,25.375,-0.125,True,True,5
causal-gen-042,42,relation_statements,143,2,5,donor_padded_tokens,2,Qwen/Qwen3-4B-Instruct-2507,cdbee75f17c01a7cc42f958dc650907174af0554,25.5,25.5,0.0,True,True,10
causal-gen-042,42,relation_statements,143,2,5,donor_short_tokens,2,Qwen/Qwen3-4B-Instruct-2507,cdbee75f17c01a7cc42f958dc650907174af0554,25.5,-17.75,-43.25,True,False,5
causal-gen-042,42,relation_statements,143,2,5,easy_padded_random,2,Qwen/Qwen3-4B-Instruct-2507,cdbee75f17c01a7cc42f958dc650907174af0554,25.5,25.5,0.0,True,True,10
causal-gen-042,42,relation_statements,143,2,5,easy_short_random,2,Qwen/Qwen3-4B-Instruct-2507,cdbee75f17c01a7cc42f958dc650907174af0554,25.5,25.5,0.0,True,True,5
causal-gen-042,42,relation_statements,143,2,5,donor_padded_random,2,Qwen/Qwen3-4B-Instruct-2507,cdbee75f17c01a7cc42f958dc650907174af0554,25.5,25.25,-0.25,True,True,10
causal-gen-042,42,relation_statements,143,2,5,donor_short_random,2,Qwen/Qwen3-4B-Instruct-2507,cdbee75f17c01a7cc42f958dc650907174af0554,25.5,25.375,-0.125,True,True,5
causal-gen-043,43,relation_statements,144,3,5,easy_padded_tokens,2,Qwen/Qwen3-4B-Instruct-2507,cdbee75f17c01a7cc42f958dc650907174af0554,24.375,24.5,0.125,True,True,10
causal-gen-043,43,relation_statements,144,3,5,easy_short_tokens,2,Qwen/Qwen3-4B-Instruct-2507,cdbee75f17c01a7cc42f958dc650907174af0554,24.375,24.875,0.5,True,True,5
causal-gen-043,43,relation_statements,144,3,5,donor_padded_tokens,2,Qwen/Qwen3-4B-Instruct-2507,cdbee75f17c01a7cc42f958dc650907174af0554,24.375,24.375,0.0,True,True,10
causal-gen-043,43,relation_statements,144,3,5,donor_short_tokens,2,Qwen/Qwen3-4B-Instruct-2507,cdbee75f17c01a7cc42f958dc650907174af0554,24.375,-20.5,-44.875,True,False,5
causal-gen-043,43,relation_statements,144,3,5,easy_padded_random,2,Qwen/Qwen3-4B-Instruct-2507,cdbee75f17c01a7cc42f958dc650907174af0554,24.375,22.0,-2.375,True,True,10
causal-gen-043,43,relation_statements,144,3,5,easy_short_random,2,Qwen/Qwen3-4B-Instruct-2507,cdbee75f17c01a7cc42f958dc650907174af0554,24.375,24.75,0.375,True,True,5
causal-gen-043,43,relation_statements,144,3,5,donor_padded_random,2,Qwen/Qwen3-4B-Instruct-2507,cdbee75f17c01a7cc42f958dc650907174af0554,24.375,23.875,-0.5,True,True,10
causal-gen-043,43,relation_statements,144,3,5,donor_short_random,2,Qwen/Qwen3-4B-Instruct-2507,cdbee75f17c01a7cc42f958dc650907174af0554,24.375,24.625,0.25,True,True,5
causal-gen-044,44,relation_statements,145,4,5,easy_padded_tokens,2,Qwen/Qwen3-4B-Instruct-2507,cdbee75f17c01a7cc42f958dc650907174af0554,24.875,25.25,0.375,True,True,10
causal-gen-044,44,relation_statements,145,4,5,easy_short_tokens,2,Qwen/Qwen3-4B-Instruct-2507,cdbee75f17c01a7cc42f958dc650907174af0554,24.875,25.375,0.5,True,True,5
causal-gen-044,44,relation_statements,145,4,5,donor_padded_tokens,2,Qwen/Qwen3-4B-Instruct-2507,cdbee75f17c01a7cc42f958dc650907174af0554,24.875,24.875,0.0,True,True,10
causal-gen-044,44,relation_statements,145,4,5,donor_short_tokens,2,Qwen/Qwen3-4B-Instruct-2507,cdbee75f17c01a7cc42f958dc650907174af0554,24.875,-20.375,-45.25,True,False,5
causal-gen-044,44,relation_statements,145,4,5,easy_padded_random,2,Qwen/Qwen3-4B-Instruct-2507,cdbee75f17c01a7cc42f958dc650907174af0554,24.875,25.125,0.25,True,True,10
causal-gen-044,44,relation_statements,145,4,5,easy_short_random,2,Qwen/Qwen3-4B-Instruct-2507,cdbee75f17c01a7cc42f958dc650907174af0554,24.875,23.375,-1.5,True,True,5
causal-gen-044,44,relation_statements,145,4,5,donor_padded_random,2,Qwen/Qwen3-4B-Instruct-2507,cdbee75f17c01a7cc42f958dc650907174af0554,24.875,25.125,0.25,True,True,10
causal-gen-044,44,relation_statements,145,4,5,donor_short_random,2,Qwen/Qwen3-4B-Instruct-2507,cdbee75f17c01a7cc42f958dc650907174af0554,24.875,24.625,-0.25,True,True,5
causal-gen-045,45,relation_statements,146,5,5,easy_padded_tokens,2,Qwen/Qwen3-4B-Instruct-2507,cdbee75f17c01a7cc42f958dc650907174af0554,26.375,26.25,-0.125,True,True,10
causal-gen-045,45,relation_statements,146,5,5,easy_short_tokens,2,Qwen/Qwen3-4B-Instruct-2507,cdbee75f17c01a7cc42f958dc650907174af0554,26.375,26.25,-0.125,True,True,5
causal-gen-045,45,relation_statements,146,5,5,donor_padded_tokens,2,Qwen/Qwen3-4B-Instruct-2507,cdbee75f17c01a7cc42f958dc650907174af0554,26.375,26.375,0.0,True,True,10
causal-gen-045,45,relation_statements,146,5,5,donor_short_tokens,2,Qwen/Qwen3-4B-Instruct-2507,cdbee75f17c01a7cc42f958dc650907174af0554,26.375,-20.375,-46.75,True,False,5
causal-gen-045,45,relation_statements,146,5,5,easy_padded_random,2,Qwen/Qwen3-4B-Instruct-2507,cdbee75f17c01a7cc42f958dc650907174af0554,26.375,25.5,-0.875,True,True,10
causal-gen-045,45,relation_statements,146,5,5,easy_short_random,2,Qwen/Qwen3-4B-Instruct-2507,cdbee75f17c01a7cc42f958dc650907174af0554,26.375,26.375,0.0,True,True,5
causal-gen-045,45,relation_statements,146,5,5,donor_padded_random,2,Qwen/Qwen3-4B-Instruct-2507,cdbee75f17c01a7cc42f958dc650907174af0554,26.375,26.25,-0.125,True,True,10
causal-gen-045,45,relation_statements,146,5,5,donor_short_random,2,Qwen/Qwen3-4B-Instruct-2507,cdbee75f17c01a7cc42f958dc650907174af0554,26.375,26.25,-0.125,True,True,5
causal-gen-046,46,relation_statements,147,6,5,easy_padded_tokens,2,Qwen/Qwen3-4B-Instruct-2507,cdbee75f17c01a7cc42f958dc650907174af0554,25.375,25.5,0.125,True,True,10
causal-gen-046,46,relation_statements,147,6,5,easy_short_tokens,2,Qwen/Qwen3-4B-Instruct-2507,cdbee75f17c01a7cc42f958dc650907174af0554,25.375,25.75,0.375,True,True,5
causal-gen-046,46,relation_statements,147,6,5,donor_padded_tokens,2,Qwen/Qwen3-4B-Instruct-2507,cdbee75f17c01a7cc42f958dc650907174af0554,25.375,25.375,0.0,True,True,10
causal-gen-046,46,relation_statements,147,6,5,donor_short_tokens,2,Qwen/Qwen3-4B-Instruct-2507,cdbee75f17c01a7cc42f958dc650907174af0554,25.375,-18.875,-44.25,True,False,5
causal-gen-046,46,relation_statements,147,6,5,easy_padded_random,2,Qwen/Qwen3-4B-Instruct-2507,cdbee75f17c01a7cc42f958dc650907174af0554,25.375,23.375,-2.0,True,True,10
causal-gen-046,46,relation_statements,147,6,5,easy_short_random,2,Qwen/Qwen3-4B-Instruct-2507,cdbee75f17c01a7cc42f958dc650907174af0554,25.375,25.5,0.125,True,True,5
causal-gen-046,46,relation_statements,147,6,5,donor_padded_random,2,Qwen/Qwen3-4B-Instruct-2507,cdbee75f17c01a7cc42f958dc650907174af0554,25.375,25.75,0.375,True,True,10
causal-gen-046,46,relation_statements,147,6,5,donor_short_random,2,Qwen/Qwen3-4B-Instruct-2507,cdbee75f17c01a7cc42f958dc650907174af0554,25.375,25.375,0.0,True,True,5
causal-gen-047,47,relation_statements,148,7,5,easy_padded_tokens,2,Qwen/Qwen3-4B-Instruct-2507,cdbee75f17c01a7cc42f958dc650907174af0554,24.125,24.25,0.125,True,True,10
causal-gen-047,47,relation_statements,148,7,5,easy_short_tokens,2,Qwen/Qwen3-4B-Instruct-2507,cdbee75f17c01a7cc42f958dc650907174af0554,24.125,24.875,0.75,True,True,5
causal-gen-047,47,relation_statements,148,7,5,donor_padded_tokens,2,Qwen/Qwen3-4B-Instruct-2507,cdbee75f17c01a7cc42f958dc650907174af0554,24.125,24.125,0.0,True,True,10
causal-gen-047,47,relation_statements,148,7,5,donor_short_tokens,2,Qwen/Qwen3-4B-Instruct-2507,cdbee75f17c01a7cc42f958dc650907174af0554,24.125,-22.75,-46.875,True,False,5
causal-gen-047,47,relation_statements,148,7,5,easy_padded_random,2,Qwen/Qwen3-4B-Instruct-2507,cdbee75f17c01a7cc42f958dc650907174af0554,24.125,24.625,0.5,True,True,10
causal-gen-047,47,relation_statements,148,7,5,easy_short_random,2,Qwen/Qwen3-4B-Instruct-2507,cdbee75f17c01a7cc42f958dc650907174af0554,24.125,24.375,0.25,True,True,5
causal-gen-047,47,relation_statements,148,7,5,donor_padded_random,2,Qwen/Qwen3-4B-Instruct-2507,cdbee75f17c01a7cc42f958dc650907174af0554,24.125,24.375,0.25,True,True,10
causal-gen-047,47,relation_statements,148,7,5,donor_short_random,2,Qwen/Qwen3-4B-Instruct-2507,cdbee75f17c01a7cc42f958dc650907174af0554,24.125,24.375,0.25,True,True,5
causal-gen-048,48,relation_statements,149,8,5,easy_padded_tokens,2,Qwen/Qwen3-4B-Instruct-2507,cdbee75f17c01a7cc42f958dc650907174af0554,24.625,25.125,0.5,True,True,10
causal-gen-048,48,relation_statements,149,8,5,easy_short_tokens,2,Qwen/Qwen3-4B-Instruct-2507,cdbee75f17c01a7cc42f958dc650907174af0554,24.625,25.375,0.75,True,True,5
causal-gen-048,48,relation_statements,149,8,5,donor_padded_tokens,2,Qwen/Qwen3-4B-Instruct-2507,cdbee75f17c01a7cc42f958dc650907174af0554,24.625,24.625,0.0,True,True,10
causal-gen-048,48,relation_statements,149,8,5,donor_short_tokens,2,Qwen/Qwen3-4B-Instruct-2507,cdbee75f17c01a7cc42f958dc650907174af0554,24.625,-27.125,-51.75,True,False,5
causal-gen-048,48,relation_statements,149,8,5,easy_padded_random,2,Qwen/Qwen3-4B-Instruct-2507,cdbee75f17c01a7cc42f958dc650907174af0554,24.625,23.0,-1.625,True,True,10
causal-gen-048,48,relation_statements,149,8,5,easy_short_random,2,Qwen/Qwen3-4B-Instruct-2507,cdbee75f17c01a7cc42f958dc650907174af0554,24.625,24.5,-0.125,True,True,5
causal-gen-048,48,relation_statements,149,8,5,donor_padded_random,2,Qwen/Qwen3-4B-Instruct-2507,cdbee75f17c01a7cc42f958dc650907174af0554,24.625,24.5,-0.125,True,True,10
causal-gen-048,48,relation_statements,149,8,5,donor_short_random,2,Qwen/Qwen3-4B-Instruct-2507,cdbee75f17c01a7cc42f958dc650907174af0554,24.625,24.5,-0.125,True,True,5
causal-gen-049,49,relation_statements,150,9,5,easy_padded_tokens,2,Qwen/Qwen3-4B-Instruct-2507,cdbee75f17c01a7cc42f958dc650907174af0554,24.25,25.0,0.75,True,True,10
causal-gen-049,49,relation_statements,150,9,5,easy_short_tokens,2,Qwen/Qwen3-4B-Instruct-2507,cdbee75f17c01a7cc42f958dc650907174af0554,24.25,24.875,0.625,True,True,5
causal-gen-049,49,relation_statements,150,9,5,donor_padded_tokens,2,Qwen/Qwen3-4B-Instruct-2507,cdbee75f17c01a7cc42f958dc650907174af0554,24.25,24.25,0.0,True,True,10
causal-gen-049,49,relation_statements,150,9,5,donor_short_tokens,2,Qwen/Qwen3-4B-Instruct-2507,cdbee75f17c01a7cc42f958dc650907174af0554,24.25,-27.125,-51.375,True,False,5
causal-gen-049,49,relation_statements,150,9,5,easy_padded_random,2,Qwen/Qwen3-4B-Instruct-2507,cdbee75f17c01a7cc42f958dc650907174af0554,24.25,24.25,0.0,True,True,10
causal-gen-049,49,relation_statements,150,9,5,easy_short_random,2,Qwen/Qwen3-4B-Instruct-2507,cdbee75f17c01a7cc42f958dc650907174af0554,24.25,24.5,0.25,True,True,5
causal-gen-049,49,relation_statements,150,9,5,donor_padded_random,2,Qwen/Qwen3-4B-Instruct-2507,cdbee75f17c01a7cc42f958dc650907174af0554,24.25,24.125,-0.125,True,True,10
causal-gen-049,49,relation_statements,150,9,5,donor_short_random,2,Qwen/Qwen3-4B-Instruct-2507,cdbee75f17c01a7cc42f958dc650907174af0554,24.25,24.125,-0.125,True,True,5
causal-gen-050,50,direct_choice,151,0,1,easy_padded_tokens,2,Qwen/Qwen3-4B-Instruct-2507,cdbee75f17c01a7cc42f958dc650907174af0554,25.75,24.625,-1.125,True,True,6
causal-gen-050,50,direct_choice,151,0,1,easy_short_tokens,2,Qwen/Qwen3-4B-Instruct-2507,cdbee75f17c01a7cc42f958dc650907174af0554,25.75,26.125,0.375,True,True,5
causal-gen-050,50,direct_choice,151,0,1,donor_padded_tokens,2,Qwen/Qwen3-4B-Instruct-2507,cdbee75f17c01a7cc42f958dc650907174af0554,25.75,25.75,0.0,True,True,6
causal-gen-050,50,direct_choice,151,0,1,donor_short_tokens,2,Qwen/Qwen3-4B-Instruct-2507,cdbee75f17c01a7cc42f958dc650907174af0554,25.75,-25.25,-51.0,True,False,5
causal-gen-050,50,direct_choice,151,0,1,easy_padded_random,2,Qwen/Qwen3-4B-Instruct-2507,cdbee75f17c01a7cc42f958dc650907174af0554,25.75,25.75,0.0,True,True,6
causal-gen-050,50,direct_choice,151,0,1,easy_short_random,2,Qwen/Qwen3-4B-Instruct-2507,cdbee75f17c01a7cc42f958dc650907174af0554,25.75,26.0,0.25,True,True,5
causal-gen-050,50,direct_choice,151,0,1,donor_padded_random,2,Qwen/Qwen3-4B-Instruct-2507,cdbee75f17c01a7cc42f958dc650907174af0554,25.75,25.625,-0.125,True,True,6
causal-gen-050,50,direct_choice,151,0,1,donor_short_random,2,Qwen/Qwen3-4B-Instruct-2507,cdbee75f17c01a7cc42f958dc650907174af0554,25.75,25.625,-0.125,True,True,5
causal-gen-051,51,direct_choice,152,1,1,easy_padded_tokens,2,Qwen/Qwen3-4B-Instruct-2507,cdbee75f17c01a7cc42f958dc650907174af0554,-18.25,-18.25,0.0,False,False,6
causal-gen-051,51,direct_choice,152,1,1,easy_short_tokens,2,Qwen/Qwen3-4B-Instruct-2507,cdbee75f17c01a7cc42f958dc650907174af0554,-18.25,-2.75,15.5,False,False,5
causal-gen-051,51,direct_choice,152,1,1,donor_padded_tokens,2,Qwen/Qwen3-4B-Instruct-2507,cdbee75f17c01a7cc42f958dc650907174af0554,-18.25,-18.25,0.0,False,False,6
causal-gen-051,51,direct_choice,152,1,1,donor_short_tokens,2,Qwen/Qwen3-4B-Instruct-2507,cdbee75f17c01a7cc42f958dc650907174af0554,-18.25,-24.5,-6.25,False,False,5
causal-gen-051,51,direct_choice,152,1,1,easy_padded_random,2,Qwen/Qwen3-4B-Instruct-2507,cdbee75f17c01a7cc42f958dc650907174af0554,-18.25,-11.5,6.75,False,False,6
causal-gen-051,51,direct_choice,152,1,1,easy_short_random,2,Qwen/Qwen3-4B-Instruct-2507,cdbee75f17c01a7cc42f958dc650907174af0554,-18.25,-18.5,-0.25,False,False,5
causal-gen-051,51,direct_choice,152,1,1,donor_padded_random,2,Qwen/Qwen3-4B-Instruct-2507,cdbee75f17c01a7cc42f958dc650907174af0554,-18.25,-17.25,1.0,False,False,6
causal-gen-051,51,direct_choice,152,1,1,donor_short_random,2,Qwen/Qwen3-4B-Instruct-2507,cdbee75f17c01a7cc42f958dc650907174af0554,-18.25,-18.25,0.0,False,False,5
causal-gen-052,52,direct_choice,153,2,1,easy_padded_tokens,2,Qwen/Qwen3-4B-Instruct-2507,cdbee75f17c01a7cc42f958dc650907174af0554,-0.75,-3.0,-2.25,False,False,6
causal-gen-052,52,direct_choice,153,2,1,easy_short_tokens,2,Qwen/Qwen3-4B-Instruct-2507,cdbee75f17c01a7cc42f958dc650907174af0554,-0.75,10.0,10.75,False,True,5
causal-gen-052,52,direct_choice,153,2,1,donor_padded_tokens,2,Qwen/Qwen3-4B-Instruct-2507,cdbee75f17c01a7cc42f958dc650907174af0554,-0.75,-0.75,0.0,False,False,6
causal-gen-052,52,direct_choice,153,2,1,donor_short_tokens,2,Qwen/Qwen3-4B-Instruct-2507,cdbee75f17c01a7cc42f958dc650907174af0554,-0.75,-24.5,-23.75,False,False,5
causal-gen-052,52,direct_choice,153,2,1,easy_padded_random,2,Qwen/Qwen3-4B-Instruct-2507,cdbee75f17c01a7cc42f958dc650907174af0554,-0.75,0.0,0.75,False,False,6
causal-gen-052,52,direct_choice,153,2,1,easy_short_random,2,Qwen/Qwen3-4B-Instruct-2507,cdbee75f17c01a7cc42f958dc650907174af0554,-0.75,0.0,0.75,False,False,5
causal-gen-052,52,direct_choice,153,2,1,donor_padded_random,2,Qwen/Qwen3-4B-Instruct-2507,cdbee75f17c01a7cc42f958dc650907174af0554,-0.75,-0.75,0.0,False,False,6
causal-gen-052,52,direct_choice,153,2,1,donor_short_random,2,Qwen/Qwen3-4B-Instruct-2507,cdbee75f17c01a7cc42f958dc650907174af0554,-0.75,-0.25,0.5,False,False,5
causal-gen-053,53,direct_choice,154,3,1,easy_padded_tokens,2,Qwen/Qwen3-4B-Instruct-2507,cdbee75f17c01a7cc42f958dc650907174af0554,-12.5,-13.0,-0.5,False,False,6
causal-gen-053,53,direct_choice,154,3,1,easy_short_tokens,2,Qwen/Qwen3-4B-Instruct-2507,cdbee75f17c01a7cc42f958dc650907174af0554,-12.5,2.25,14.75,False,True,5
causal-gen-053,53,direct_choice,154,3,1,donor_padded_tokens,2,Qwen/Qwen3-4B-Instruct-2507,cdbee75f17c01a7cc42f958dc650907174af0554,-12.5,-12.5,0.0,False,False,6
causal-gen-053,53,direct_choice,154,3,1,donor_short_tokens,2,Qwen/Qwen3-4B-Instruct-2507,cdbee75f17c01a7cc42f958dc650907174af0554,-12.5,-25.0,-12.5,False,False,5
causal-gen-053,53,direct_choice,154,3,1,easy_padded_random,2,Qwen/Qwen3-4B-Instruct-2507,cdbee75f17c01a7cc42f958dc650907174af0554,-12.5,-12.25,0.25,False,False,6
causal-gen-053,53,direct_choice,154,3,1,easy_short_random,2,Qwen/Qwen3-4B-Instruct-2507,cdbee75f17c01a7cc42f958dc650907174af0554,-12.5,-13.25,-0.75,False,False,5
causal-gen-053,53,direct_choice,154,3,1,donor_padded_random,2,Qwen/Qwen3-4B-Instruct-2507,cdbee75f17c01a7cc42f958dc650907174af0554,-12.5,-12.75,-0.25,False,False,6
causal-gen-053,53,direct_choice,154,3,1,donor_short_random,2,Qwen/Qwen3-4B-Instruct-2507,cdbee75f17c01a7cc42f958dc650907174af0554,-12.5,-12.5,0.0,False,False,5
causal-gen-054,54,direct_choice,155,4,1,easy_padded_tokens,2,Qwen/Qwen3-4B-Instruct-2507,cdbee75f17c01a7cc42f958dc650907174af0554,-9.75,-10.25,-0.5,False,False,6
causal-gen-054,54,direct_choice,155,4,1,easy_short_tokens,2,Qwen/Qwen3-4B-Instruct-2507,cdbee75f17c01a7cc42f958dc650907174af0554,-9.75,1.25,11.0,False,True,5
causal-gen-054,54,direct_choice,155,4,1,donor_padded_tokens,2,Qwen/Qwen3-4B-Instruct-2507,cdbee75f17c01a7cc42f958dc650907174af0554,-9.75,-9.75,0.0,False,False,6
causal-gen-054,54,direct_choice,155,4,1,donor_short_tokens,2,Qwen/Qwen3-4B-Instruct-2507,cdbee75f17c01a7cc42f958dc650907174af0554,-9.75,-24.875,-15.125,False,False,5
causal-gen-054,54,direct_choice,155,4,1,easy_padded_random,2,Qwen/Qwen3-4B-Instruct-2507,cdbee75f17c01a7cc42f958dc650907174af0554,-9.75,-10.0,-0.25,False,False,6
causal-gen-054,54,direct_choice,155,4,1,easy_short_random,2,Qwen/Qwen3-4B-Instruct-2507,cdbee75f17c01a7cc42f958dc650907174af0554,-9.75,-9.5,0.25,False,False,5
causal-gen-054,54,direct_choice,155,4,1,donor_padded_random,2,Qwen/Qwen3-4B-Instruct-2507,cdbee75f17c01a7cc42f958dc650907174af0554,-9.75,-10.0,-0.25,False,False,6
causal-gen-054,54,direct_choice,155,4,1,donor_short_random,2,Qwen/Qwen3-4B-Instruct-2507,cdbee75f17c01a7cc42f958dc650907174af0554,-9.75,-9.5,0.25,False,False,5
causal-gen-055,55,direct_choice,156,5,1,easy_padded_tokens,2,Qwen/Qwen3-4B-Instruct-2507,cdbee75f17c01a7cc42f958dc650907174af0554,20.75,20.375,-0.375,True,True,6
causal-gen-055,55,direct_choice,156,5,1,easy_short_tokens,2,Qwen/Qwen3-4B-Instruct-2507,cdbee75f17c01a7cc42f958dc650907174af0554,20.75,21.875,1.125,True,True,5
causal-gen-055,55,direct_choice,156,5,1,donor_padded_tokens,2,Qwen/Qwen3-4B-Instruct-2507,cdbee75f17c01a7cc42f958dc650907174af0554,20.75,20.75,0.0,True,True,6
causal-gen-055,55,direct_choice,156,5,1,donor_short_tokens,2,Qwen/Qwen3-4B-Instruct-2507,cdbee75f17c01a7cc42f958dc650907174af0554,20.75,-25.25,-46.0,True,False,5
causal-gen-055,55,direct_choice,156,5,1,easy_padded_random,2,Qwen/Qwen3-4B-Instruct-2507,cdbee75f17c01a7cc42f958dc650907174af0554,20.75,21.0,0.25,True,True,6
causal-gen-055,55,direct_choice,156,5,1,easy_short_random,2,Qwen/Qwen3-4B-Instruct-2507,cdbee75f17c01a7cc42f958dc650907174af0554,20.75,20.875,0.125,True,True,5
causal-gen-055,55,direct_choice,156,5,1,donor_padded_random,2,Qwen/Qwen3-4B-Instruct-2507,cdbee75f17c01a7cc42f958dc650907174af0554,20.75,20.875,0.125,True,True,6
causal-gen-055,55,direct_choice,156,5,1,donor_short_random,2,Qwen/Qwen3-4B-Instruct-2507,cdbee75f17c01a7cc42f958dc650907174af0554,20.75,21.0,0.25,True,True,5
causal-gen-056,56,direct_choice,157,6,1,easy_padded_tokens,2,Qwen/Qwen3-4B-Instruct-2507,cdbee75f17c01a7cc42f958dc650907174af0554,1.5,0.75,-0.75,True,True,6
causal-gen-056,56,direct_choice,157,6,1,easy_short_tokens,2,Qwen/Qwen3-4B-Instruct-2507,cdbee75f17c01a7cc42f958dc650907174af0554,1.5,16.5,15.0,True,True,5
causal-gen-056,56,direct_choice,157,6,1,donor_padded_tokens,2,Qwen/Qwen3-4B-Instruct-2507,cdbee75f17c01a7cc42f958dc650907174af0554,1.5,1.5,0.0,True,True,6
causal-gen-056,56,direct_choice,157,6,1,donor_short_tokens,2,Qwen/Qwen3-4B-Instruct-2507,cdbee75f17c01a7cc42f958dc650907174af0554,1.5,-24.5,-26.0,True,False,5
causal-gen-056,56,direct_choice,157,6,1,easy_padded_random,2,Qwen/Qwen3-4B-Instruct-2507,cdbee75f17c01a7cc42f958dc650907174af0554,1.5,1.0,-0.5,True,True,6
causal-gen-056,56,direct_choice,157,6,1,easy_short_random,2,Qwen/Qwen3-4B-Instruct-2507,cdbee75f17c01a7cc42f958dc650907174af0554,1.5,10.75,9.25,True,True,5
causal-gen-056,56,direct_choice,157,6,1,donor_padded_random,2,Qwen/Qwen3-4B-Instruct-2507,cdbee75f17c01a7cc42f958dc650907174af0554,1.5,2.0,0.5,True,True,6
causal-gen-056,56,direct_choice,157,6,1,donor_short_random,2,Qwen/Qwen3-4B-Instruct-2507,cdbee75f17c01a7cc42f958dc650907174af0554,1.5,0.75,-0.75,True,True,5
causal-gen-057,57,direct_choice,158,7,1,easy_padded_tokens,2,Qwen/Qwen3-4B-Instruct-2507,cdbee75f17c01a7cc42f958dc650907174af0554,4.5,1.0,-3.5,True,True,6
causal-gen-057,57,direct_choice,158,7,1,easy_short_tokens,2,Qwen/Qwen3-4B-Instruct-2507,cdbee75f17c01a7cc42f958dc650907174af0554,4.5,16.25,11.75,True,True,5
causal-gen-057,57,direct_choice,158,7,1,donor_padded_tokens,2,Qwen/Qwen3-4B-Instruct-2507,cdbee75f17c01a7cc42f958dc650907174af0554,4.5,4.5,0.0,True,True,6
causal-gen-057,57,direct_choice,158,7,1,donor_short_tokens,2,Qwen/Qwen3-4B-Instruct-2507,cdbee75f17c01a7cc42f958dc650907174af0554,4.5,-30.5,-35.0,True,False,5
causal-gen-057,57,direct_choice,158,7,1,easy_padded_random,2,Qwen/Qwen3-4B-Instruct-2507,cdbee75f17c01a7cc42f958dc650907174af0554,4.5,4.0,-0.5,True,True,6
causal-gen-057,57,direct_choice,158,7,1,easy_short_random,2,Qwen/Qwen3-4B-Instruct-2507,cdbee75f17c01a7cc42f958dc650907174af0554,4.5,3.5,-1.0,True,True,5
causal-gen-057,57,direct_choice,158,7,1,donor_padded_random,2,Qwen/Qwen3-4B-Instruct-2507,cdbee75f17c01a7cc42f958dc650907174af0554,4.5,3.75,-0.75,True,True,6
causal-gen-057,57,direct_choice,158,7,1,donor_short_random,2,Qwen/Qwen3-4B-Instruct-2507,cdbee75f17c01a7cc42f958dc650907174af0554,4.5,4.0,-0.5,True,True,5
causal-gen-058,58,direct_choice,159,8,1,easy_padded_tokens,2,Qwen/Qwen3-4B-Instruct-2507,cdbee75f17c01a7cc42f958dc650907174af0554,2.0,2.5,0.5,True,True,6
causal-gen-058,58,direct_choice,159,8,1,easy_short_tokens,2,Qwen/Qwen3-4B-Instruct-2507,cdbee75f17c01a7cc42f958dc650907174af0554,2.0,13.0,11.0,True,True,5
causal-gen-058,58,direct_choice,159,8,1,donor_padded_tokens,2,Qwen/Qwen3-4B-Instruct-2507,cdbee75f17c01a7cc42f958dc650907174af0554,2.0,2.0,0.0,True,True,6
causal-gen-058,58,direct_choice,159,8,1,donor_short_tokens,2,Qwen/Qwen3-4B-Instruct-2507,cdbee75f17c01a7cc42f958dc650907174af0554,2.0,-31.0,-33.0,True,False,5
causal-gen-058,58,direct_choice,159,8,1,easy_padded_random,2,Qwen/Qwen3-4B-Instruct-2507,cdbee75f17c01a7cc42f958dc650907174af0554,2.0,2.0,0.0,True,True,6
causal-gen-058,58,direct_choice,159,8,1,easy_short_random,2,Qwen/Qwen3-4B-Instruct-2507,cdbee75f17c01a7cc42f958dc650907174af0554,2.0,1.75,-0.25,True,True,5
causal-gen-058,58,direct_choice,159,8,1,donor_padded_random,2,Qwen/Qwen3-4B-Instruct-2507,cdbee75f17c01a7cc42f958dc650907174af0554,2.0,1.5,-0.5,True,True,6
causal-gen-058,58,direct_choice,159,8,1,donor_short_random,2,Qwen/Qwen3-4B-Instruct-2507,cdbee75f17c01a7cc42f958dc650907174af0554,2.0,2.25,0.25,True,True,5
causal-gen-059,59,direct_choice,160,9,1,easy_padded_tokens,2,Qwen/Qwen3-4B-Instruct-2507,cdbee75f17c01a7cc42f958dc650907174af0554,13.75,4.5,-9.25,True,True,6
causal-gen-059,59,direct_choice,160,9,1,easy_short_tokens,2,Qwen/Qwen3-4B-Instruct-2507,cdbee75f17c01a7cc42f958dc650907174af0554,13.75,18.75,5.0,True,True,5
causal-gen-059,59,direct_choice,160,9,1,donor_padded_tokens,2,Qwen/Qwen3-4B-Instruct-2507,cdbee75f17c01a7cc42f958dc650907174af0554,13.75,13.75,0.0,True,True,6
causal-gen-059,59,direct_choice,160,9,1,donor_short_tokens,2,Qwen/Qwen3-4B-Instruct-2507,cdbee75f17c01a7cc42f958dc650907174af0554,13.75,-31.0,-44.75,True,False,5
causal-gen-059,59,direct_choice,160,9,1,easy_padded_random,2,Qwen/Qwen3-4B-Instruct-2507,cdbee75f17c01a7cc42f958dc650907174af0554,13.75,14.0,0.25,True,True,6
causal-gen-059,59,direct_choice,160,9,1,easy_short_random,2,Qwen/Qwen3-4B-Instruct-2507,cdbee75f17c01a7cc42f958dc650907174af0554,13.75,13.25,-0.5,True,True,5
causal-gen-059,59,direct_choice,160,9,1,donor_padded_random,2,Qwen/Qwen3-4B-Instruct-2507,cdbee75f17c01a7cc42f958dc650907174af0554,13.75,13.5,-0.25,True,True,6
causal-gen-059,59,direct_choice,160,9,1,donor_short_random,2,Qwen/Qwen3-4B-Instruct-2507,cdbee75f17c01a7cc42f958dc650907174af0554,13.75,13.25,-0.5,True,True,5
causal-gen-060,60,direct_choice,161,0,2,easy_padded_tokens,2,Qwen/Qwen3-4B-Instruct-2507,cdbee75f17c01a7cc42f958dc650907174af0554,20.875,23.625,2.75,True,True,7
causal-gen-060,60,direct_choice,161,0,2,easy_short_tokens,2,Qwen/Qwen3-4B-Instruct-2507,cdbee75f17c01a7cc42f958dc650907174af0554,20.875,21.875,1.0,True,True,5
causal-gen-060,60,direct_choice,161,0,2,donor_padded_tokens,2,Qwen/Qwen3-4B-Instruct-2507,cdbee75f17c01a7cc42f958dc650907174af0554,20.875,20.875,0.0,True,True,7
causal-gen-060,60,direct_choice,161,0,2,donor_short_tokens,2,Qwen/Qwen3-4B-Instruct-2507,cdbee75f17c01a7cc42f958dc650907174af0554,20.875,-24.5,-45.375,True,False,5
causal-gen-060,60,direct_choice,161,0,2,easy_padded_random,2,Qwen/Qwen3-4B-Instruct-2507,cdbee75f17c01a7cc42f958dc650907174af0554,20.875,21.0,0.125,True,True,7
causal-gen-060,60,direct_choice,161,0,2,easy_short_random,2,Qwen/Qwen3-4B-Instruct-2507,cdbee75f17c01a7cc42f958dc650907174af0554,20.875,21.25,0.375,True,True,5
causal-gen-060,60,direct_choice,161,0,2,donor_padded_random,2,Qwen/Qwen3-4B-Instruct-2507,cdbee75f17c01a7cc42f958dc650907174af0554,20.875,21.125,0.25,True,True,7
causal-gen-060,60,direct_choice,161,0,2,donor_short_random,2,Qwen/Qwen3-4B-Instruct-2507,cdbee75f17c01a7cc42f958dc650907174af0554,20.875,21.25,0.375,True,True,5
causal-gen-061,61,direct_choice,162,1,2,easy_padded_tokens,2,Qwen/Qwen3-4B-Instruct-2507,cdbee75f17c01a7cc42f958dc650907174af0554,-2.5,-1.5,1.0,False,False,7
causal-gen-061,61,direct_choice,162,1,2,easy_short_tokens,2,Qwen/Qwen3-4B-Instruct-2507,cdbee75f17c01a7cc42f958dc650907174af0554,-2.5,14.25,16.75,False,True,5
causal-gen-061,61,direct_choice,162,1,2,donor_padded_tokens,2,Qwen/Qwen3-4B-Instruct-2507,cdbee75f17c01a7cc42f958dc650907174af0554,-2.5,-2.5,0.0,False,False,7
causal-gen-061,61,direct_choice,162,1,2,donor_short_tokens,2,Qwen/Qwen3-4B-Instruct-2507,cdbee75f17c01a7cc42f958dc650907174af0554,-2.5,-24.0,-21.5,False,False,5
causal-gen-061,61,direct_choice,162,1,2,easy_padded_random,2,Qwen/Qwen3-4B-Instruct-2507,cdbee75f17c01a7cc42f958dc650907174af0554,-2.5,-3.0,-0.5,False,False,7
causal-gen-061,61,direct_choice,162,1,2,easy_short_random,2,Qwen/Qwen3-4B-Instruct-2507,cdbee75f17c01a7cc42f958dc650907174af0554,-2.5,-2.75,-0.25,False,False,5
causal-gen-061,61,direct_choice,162,1,2,donor_padded_random,2,Qwen/Qwen3-4B-Instruct-2507,cdbee75f17c01a7cc42f958dc650907174af0554,-2.5,-2.75,-0.25,False,False,7
causal-gen-061,61,direct_choice,162,1,2,donor_short_random,2,Qwen/Qwen3-4B-Instruct-2507,cdbee75f17c01a7cc42f958dc650907174af0554,-2.5,-2.5,0.0,False,False,5
causal-gen-062,62,direct_choice,163,2,2,easy_padded_tokens,2,Qwen/Qwen3-4B-Instruct-2507,cdbee75f17c01a7cc42f958dc650907174af0554,15.5,19.875,4.375,True,True,7
causal-gen-062,62,direct_choice,163,2,2,easy_short_tokens,2,Qwen/Qwen3-4B-Instruct-2507,cdbee75f17c01a7cc42f958dc650907174af0554,15.5,20.0,4.5,True,True,5
causal-gen-062,62,direct_choice,163,2,2,donor_padded_tokens,2,Qwen/Qwen3-4B-Instruct-2507,cdbee75f17c01a7cc42f958dc650907174af0554,15.5,15.5,0.0,True,True,7
causal-gen-062,62,direct_choice,163,2,2,donor_short_tokens,2,Qwen/Qwen3-4B-Instruct-2507,cdbee75f17c01a7cc42f958dc650907174af0554,15.5,-23.75,-39.25,True,False,5
causal-gen-062,62,direct_choice,163,2,2,easy_padded_random,2,Qwen/Qwen3-4B-Instruct-2507,cdbee75f17c01a7cc42f958dc650907174af0554,15.5,15.75,0.25,True,True,7
causal-gen-062,62,direct_choice,163,2,2,easy_short_random,2,Qwen/Qwen3-4B-Instruct-2507,cdbee75f17c01a7cc42f958dc650907174af0554,15.5,16.0,0.5,True,True,5
causal-gen-062,62,direct_choice,163,2,2,donor_padded_random,2,Qwen/Qwen3-4B-Instruct-2507,cdbee75f17c01a7cc42f958dc650907174af0554,15.5,15.75,0.25,True,True,7
causal-gen-062,62,direct_choice,163,2,2,donor_short_random,2,Qwen/Qwen3-4B-Instruct-2507,cdbee75f17c01a7cc42f958dc650907174af0554,15.5,16.25,0.75,True,True,5
causal-gen-063,63,direct_choice,164,3,2,easy_padded_tokens,2,Qwen/Qwen3-4B-Instruct-2507,cdbee75f17c01a7cc42f958dc650907174af0554,9.25,14.0,4.75,True,True,7
causal-gen-063,63,direct_choice,164,3,2,easy_short_tokens,2,Qwen/Qwen3-4B-Instruct-2507,cdbee75f17c01a7cc42f958dc650907174af0554,9.25,16.5,7.25,True,True,5
causal-gen-063,63,direct_choice,164,3,2,donor_padded_tokens,2,Qwen/Qwen3-4B-Instruct-2507,cdbee75f17c01a7cc42f958dc650907174af0554,9.25,9.25,0.0,True,True,7
causal-gen-063,63,direct_choice,164,3,2,donor_short_tokens,2,Qwen/Qwen3-4B-Instruct-2507,cdbee75f17c01a7cc42f958dc650907174af0554,9.25,-24.625,-33.875,True,False,5
causal-gen-063,63,direct_choice,164,3,2,easy_padded_random,2,Qwen/Qwen3-4B-Instruct-2507,cdbee75f17c01a7cc42f958dc650907174af0554,9.25,21.0,11.75,True,True,7
causal-gen-063,63,direct_choice,164,3,2,easy_short_random,2,Qwen/Qwen3-4B-Instruct-2507,cdbee75f17c01a7cc42f958dc650907174af0554,9.25,8.5,-0.75,True,True,5
causal-gen-063,63,direct_choice,164,3,2,donor_padded_random,2,Qwen/Qwen3-4B-Instruct-2507,cdbee75f17c01a7cc42f958dc650907174af0554,9.25,8.75,-0.5,True,True,7
causal-gen-063,63,direct_choice,164,3,2,donor_short_random,2,Qwen/Qwen3-4B-Instruct-2507,cdbee75f17c01a7cc42f958dc650907174af0554,9.25,8.75,-0.5,True,True,5
causal-gen-064,64,direct_choice,165,4,2,easy_padded_tokens,2,Qwen/Qwen3-4B-Instruct-2507,cdbee75f17c01a7cc42f958dc650907174af0554,7.25,16.5,9.25,True,True,7
causal-gen-064,64,direct_choice,165,4,2,easy_short_tokens,2,Qwen/Qwen3-4B-Instruct-2507,cdbee75f17c01a7cc42f958dc650907174af0554,7.25,16.5,9.25,True,True,5
causal-gen-064,64,direct_choice,165,4,2,donor_padded_tokens,2,Qwen/Qwen3-4B-Instruct-2507,cdbee75f17c01a7cc42f958dc650907174af0554,7.25,7.25,0.0,True,True,7
causal-gen-064,64,direct_choice,165,4,2,donor_short_tokens,2,Qwen/Qwen3-4B-Instruct-2507,cdbee75f17c01a7cc42f958dc650907174af0554,7.25,-24.125,-31.375,True,False,5
causal-gen-064,64,direct_choice,165,4,2,easy_padded_random,2,Qwen/Qwen3-4B-Instruct-2507,cdbee75f17c01a7cc42f958dc650907174af0554,7.25,10.75,3.5,True,True,7
causal-gen-064,64,direct_choice,165,4,2,easy_short_random,2,Qwen/Qwen3-4B-Instruct-2507,cdbee75f17c01a7cc42f958dc650907174af0554,7.25,8.5,1.25,True,True,5
causal-gen-064,64,direct_choice,165,4,2,donor_padded_random,2,Qwen/Qwen3-4B-Instruct-2507,cdbee75f17c01a7cc42f958dc650907174af0554,7.25,6.25,-1.0,True,True,7
causal-gen-064,64,direct_choice,165,4,2,donor_short_random,2,Qwen/Qwen3-4B-Instruct-2507,cdbee75f17c01a7cc42f958dc650907174af0554,7.25,6.75,-0.5,True,True,5
causal-gen-065,65,direct_choice,166,5,2,easy_padded_tokens,2,Qwen/Qwen3-4B-Instruct-2507,cdbee75f17c01a7cc42f958dc650907174af0554,24.25,24.625,0.375,True,True,7
causal-gen-065,65,direct_choice,166,5,2,easy_short_tokens,2,Qwen/Qwen3-4B-Instruct-2507,cdbee75f17c01a7cc42f958dc650907174af0554,24.25,24.125,-0.125,True,True,5
causal-gen-065,65,direct_choice,166,5,2,donor_padded_tokens,2,Qwen/Qwen3-4B-Instruct-2507,cdbee75f17c01a7cc42f958dc650907174af0554,24.25,24.25,0.0,True,True,7
causal-gen-065,65,direct_choice,166,5,2,donor_short_tokens,2,Qwen/Qwen3-4B-Instruct-2507,cdbee75f17c01a7cc42f958dc650907174af0554,24.25,-24.625,-48.875,True,False,5
causal-gen-065,65,direct_choice,166,5,2,easy_padded_random,2,Qwen/Qwen3-4B-Instruct-2507,cdbee75f17c01a7cc42f958dc650907174af0554,24.25,24.0,-0.25,True,True,7
causal-gen-065,65,direct_choice,166,5,2,easy_short_random,2,Qwen/Qwen3-4B-Instruct-2507,cdbee75f17c01a7cc42f958dc650907174af0554,24.25,24.25,0.0,True,True,5
causal-gen-065,65,direct_choice,166,5,2,donor_padded_random,2,Qwen/Qwen3-4B-Instruct-2507,cdbee75f17c01a7cc42f958dc650907174af0554,24.25,24.125,-0.125,True,True,7
causal-gen-065,65,direct_choice,166,5,2,donor_short_random,2,Qwen/Qwen3-4B-Instruct-2507,cdbee75f17c01a7cc42f958dc650907174af0554,24.25,24.25,0.0,True,True,5
causal-gen-066,66,direct_choice,167,6,2,easy_padded_tokens,2,Qwen/Qwen3-4B-Instruct-2507,cdbee75f17c01a7cc42f958dc650907174af0554,9.5,13.5,4.0,True,True,7
causal-gen-066,66,direct_choice,167,6,2,easy_short_tokens,2,Qwen/Qwen3-4B-Instruct-2507,cdbee75f17c01a7cc42f958dc650907174af0554,9.5,15.0,5.5,True,True,5
causal-gen-066,66,direct_choice,167,6,2,donor_padded_tokens,2,Qwen/Qwen3-4B-Instruct-2507,cdbee75f17c01a7cc42f958dc650907174af0554,9.5,9.5,0.0,True,True,7
causal-gen-066,66,direct_choice,167,6,2,donor_short_tokens,2,Qwen/Qwen3-4B-Instruct-2507,cdbee75f17c01a7cc42f958dc650907174af0554,9.5,-24.25,-33.75,True,False,5
causal-gen-066,66,direct_choice,167,6,2,easy_padded_random,2,Qwen/Qwen3-4B-Instruct-2507,cdbee75f17c01a7cc42f958dc650907174af0554,9.5,20.625,11.125,True,True,7
causal-gen-066,66,direct_choice,167,6,2,easy_short_random,2,Qwen/Qwen3-4B-Instruct-2507,cdbee75f17c01a7cc42f958dc650907174af0554,9.5,10.5,1.0,True,True,5
causal-gen-066,66,direct_choice,167,6,2,donor_padded_random,2,Qwen/Qwen3-4B-Instruct-2507,cdbee75f17c01a7cc42f958dc650907174af0554,9.5,9.25,-0.25,True,True,7
causal-gen-066,66,direct_choice,167,6,2,donor_short_random,2,Qwen/Qwen3-4B-Instruct-2507,cdbee75f17c01a7cc42f958dc650907174af0554,9.5,9.75,0.25,True,True,5
causal-gen-067,67,direct_choice,168,7,2,easy_padded_tokens,2,Qwen/Qwen3-4B-Instruct-2507,cdbee75f17c01a7cc42f958dc650907174af0554,14.5,17.75,3.25,True,True,7
causal-gen-067,67,direct_choice,168,7,2,easy_short_tokens,2,Qwen/Qwen3-4B-Instruct-2507,cdbee75f17c01a7cc42f958dc650907174af0554,14.5,19.5,5.0,True,True,5
causal-gen-067,67,direct_choice,168,7,2,donor_padded_tokens,2,Qwen/Qwen3-4B-Instruct-2507,cdbee75f17c01a7cc42f958dc650907174af0554,14.5,14.5,0.0,True,True,7
causal-gen-067,67,direct_choice,168,7,2,donor_short_tokens,2,Qwen/Qwen3-4B-Instruct-2507,cdbee75f17c01a7cc42f958dc650907174af0554,14.5,-30.375,-44.875,True,False,5
causal-gen-067,67,direct_choice,168,7,2,easy_padded_random,2,Qwen/Qwen3-4B-Instruct-2507,cdbee75f17c01a7cc42f958dc650907174af0554,14.5,12.25,-2.25,True,True,7
causal-gen-067,67,direct_choice,168,7,2,easy_short_random,2,Qwen/Qwen3-4B-Instruct-2507,cdbee75f17c01a7cc42f958dc650907174af0554,14.5,15.25,0.75,True,True,5
causal-gen-067,67,direct_choice,168,7,2,donor_padded_random,2,Qwen/Qwen3-4B-Instruct-2507,cdbee75f17c01a7cc42f958dc650907174af0554,14.5,15.0,0.5,True,True,7
causal-gen-067,67,direct_choice,168,7,2,donor_short_random,2,Qwen/Qwen3-4B-Instruct-2507,cdbee75f17c01a7cc42f958dc650907174af0554,14.5,14.75,0.25,True,True,5
causal-gen-068,68,direct_choice,169,8,2,easy_padded_tokens,2,Qwen/Qwen3-4B-Instruct-2507,cdbee75f17c01a7cc42f958dc650907174af0554,-0.75,13.75,14.5,False,True,7
causal-gen-068,68,direct_choice,169,8,2,easy_short_tokens,2,Qwen/Qwen3-4B-Instruct-2507,cdbee75f17c01a7cc42f958dc650907174af0554,-0.75,7.75,8.5,False,True,5
causal-gen-068,68,direct_choice,169,8,2,donor_padded_tokens,2,Qwen/Qwen3-4B-Instruct-2507,cdbee75f17c01a7cc42f958dc650907174af0554,-0.75,-0.75,0.0,False,False,7
causal-gen-068,68,direct_choice,169,8,2,donor_short_tokens,2,Qwen/Qwen3-4B-Instruct-2507,cdbee75f17c01a7cc42f958dc650907174af0554,-0.75,-30.5,-29.75,False,False,5
causal-gen-068,68,direct_choice,169,8,2,easy_padded_random,2,Qwen/Qwen3-4B-Instruct-2507,cdbee75f17c01a7cc42f958dc650907174af0554,-0.75,1.0,1.75,False,True,7
causal-gen-068,68,direct_choice,169,8,2,easy_short_random,2,Qwen/Qwen3-4B-Instruct-2507,cdbee75f17c01a7cc42f958dc650907174af0554,-0.75,-0.75,0.0,False,False,5
causal-gen-068,68,direct_choice,169,8,2,donor_padded_random,2,Qwen/Qwen3-4B-Instruct-2507,cdbee75f17c01a7cc42f958dc650907174af0554,-0.75,-0.5,0.25,False,False,7
causal-gen-068,68,direct_choice,169,8,2,donor_short_random,2,Qwen/Qwen3-4B-Instruct-2507,cdbee75f17c01a7cc42f958dc650907174af0554,-0.75,-1.0,-0.25,False,False,5
causal-gen-069,69,direct_choice,170,9,2,easy_padded_tokens,2,Qwen/Qwen3-4B-Instruct-2507,cdbee75f17c01a7cc42f958dc650907174af0554,2.25,15.25,13.0,True,True,7
causal-gen-069,69,direct_choice,170,9,2,easy_short_tokens,2,Qwen/Qwen3-4B-Instruct-2507,cdbee75f17c01a7cc42f958dc650907174af0554,2.25,18.25,16.0,True,True,5
causal-gen-069,69,direct_choice,170,9,2,donor_padded_tokens,2,Qwen/Qwen3-4B-Instruct-2507,cdbee75f17c01a7cc42f958dc650907174af0554,2.25,2.25,0.0,True,True,7
causal-gen-069,69,direct_choice,170,9,2,donor_short_tokens,2,Qwen/Qwen3-4B-Instruct-2507,cdbee75f17c01a7cc42f958dc650907174af0554,2.25,-30.75,-33.0,True,False,5
causal-gen-069,69,direct_choice,170,9,2,easy_padded_random,2,Qwen/Qwen3-4B-Instruct-2507,cdbee75f17c01a7cc42f958dc650907174af0554,2.25,1.25,-1.0,True,True,7
causal-gen-069,69,direct_choice,170,9,2,easy_short_random,2,Qwen/Qwen3-4B-Instruct-2507,cdbee75f17c01a7cc42f958dc650907174af0554,2.25,2.75,0.5,True,True,5
causal-gen-069,69,direct_choice,170,9,2,donor_padded_random,2,Qwen/Qwen3-4B-Instruct-2507,cdbee75f17c01a7cc42f958dc650907174af0554,2.25,2.75,0.5,True,True,7
causal-gen-069,69,direct_choice,170,9,2,donor_short_random,2,Qwen/Qwen3-4B-Instruct-2507,cdbee75f17c01a7cc42f958dc650907174af0554,2.25,2.0,-0.25,True,True,5
causal-gen-070,70,direct_choice,171,0,3,easy_padded_tokens,2,Qwen/Qwen3-4B-Instruct-2507,cdbee75f17c01a7cc42f958dc650907174af0554,24.5,25.0,0.5,True,True,8
causal-gen-070,70,direct_choice,171,0,3,easy_short_tokens,2,Qwen/Qwen3-4B-Instruct-2507,cdbee75f17c01a7cc42f958dc650907174af0554,24.5,25.0,0.5,True,True,5
causal-gen-070,70,direct_choice,171,0,3,donor_padded_tokens,2,Qwen/Qwen3-4B-Instruct-2507,cdbee75f17c01a7cc42f958dc650907174af0554,24.5,24.5,0.0,True,True,8
causal-gen-070,70,direct_choice,171,0,3,donor_short_tokens,2,Qwen/Qwen3-4B-Instruct-2507,cdbee75f17c01a7cc42f958dc650907174af0554,24.5,-25.25,-49.75,True,False,5
causal-gen-070,70,direct_choice,171,0,3,easy_padded_random,2,Qwen/Qwen3-4B-Instruct-2507,cdbee75f17c01a7cc42f958dc650907174af0554,24.5,25.0,0.5,True,True,8
causal-gen-070,70,direct_choice,171,0,3,easy_short_random,2,Qwen/Qwen3-4B-Instruct-2507,cdbee75f17c01a7cc42f958dc650907174af0554,24.5,24.75,0.25,True,True,5
causal-gen-070,70,direct_choice,171,0,3,donor_padded_random,2,Qwen/Qwen3-4B-Instruct-2507,cdbee75f17c01a7cc42f958dc650907174af0554,24.5,24.25,-0.25,True,True,8
causal-gen-070,70,direct_choice,171,0,3,donor_short_random,2,Qwen/Qwen3-4B-Instruct-2507,cdbee75f17c01a7cc42f958dc650907174af0554,24.5,24.375,-0.125,True,True,5
causal-gen-071,71,direct_choice,172,1,3,easy_padded_tokens,2,Qwen/Qwen3-4B-Instruct-2507,cdbee75f17c01a7cc42f958dc650907174af0554,14.75,15.0,0.25,True,True,8
causal-gen-071,71,direct_choice,172,1,3,easy_short_tokens,2,Qwen/Qwen3-4B-Instruct-2507,cdbee75f17c01a7cc42f958dc650907174af0554,14.75,20.5,5.75,True,True,5
causal-gen-071,71,direct_choice,172,1,3,donor_padded_tokens,2,Qwen/Qwen3-4B-Instruct-2507,cdbee75f17c01a7cc42f958dc650907174af0554,14.75,14.75,0.0,True,True,8
causal-gen-071,71,direct_choice,172,1,3,donor_short_tokens,2,Qwen/Qwen3-4B-Instruct-2507,cdbee75f17c01a7cc42f958dc650907174af0554,14.75,-24.125,-38.875,True,False,5
causal-gen-071,71,direct_choice,172,1,3,easy_padded_random,2,Qwen/Qwen3-4B-Instruct-2507,cdbee75f17c01a7cc42f958dc650907174af0554,14.75,5.75,-9.0,True,True,8
causal-gen-071,71,direct_choice,172,1,3,easy_short_random,2,Qwen/Qwen3-4B-Instruct-2507,cdbee75f17c01a7cc42f958dc650907174af0554,14.75,15.5,0.75,True,True,5
causal-gen-071,71,direct_choice,172,1,3,donor_padded_random,2,Qwen/Qwen3-4B-Instruct-2507,cdbee75f17c01a7cc42f958dc650907174af0554,14.75,14.75,0.0,True,True,8
causal-gen-071,71,direct_choice,172,1,3,donor_short_random,2,Qwen/Qwen3-4B-Instruct-2507,cdbee75f17c01a7cc42f958dc650907174af0554,14.75,15.0,0.25,True,True,5
causal-gen-072,72,direct_choice,173,2,3,easy_padded_tokens,2,Qwen/Qwen3-4B-Instruct-2507,cdbee75f17c01a7cc42f958dc650907174af0554,6.25,8.75,2.5,True,True,8
causal-gen-072,72,direct_choice,173,2,3,easy_short_tokens,2,Qwen/Qwen3-4B-Instruct-2507,cdbee75f17c01a7cc42f958dc650907174af0554,6.25,17.25,11.0,True,True,5
causal-gen-072,72,direct_choice,173,2,3,donor_padded_tokens,2,Qwen/Qwen3-4B-Instruct-2507,cdbee75f17c01a7cc42f958dc650907174af0554,6.25,6.25,0.0,True,True,8
causal-gen-072,72,direct_choice,173,2,3,donor_short_tokens,2,Qwen/Qwen3-4B-Instruct-2507,cdbee75f17c01a7cc42f958dc650907174af0554,6.25,-24.375,-30.625,True,False,5
causal-gen-072,72,direct_choice,173,2,3,easy_padded_random,2,Qwen/Qwen3-4B-Instruct-2507,cdbee75f17c01a7cc42f958dc650907174af0554,6.25,15.5,9.25,True,True,8
causal-gen-072,72,direct_choice,173,2,3,easy_short_random,2,Qwen/Qwen3-4B-Instruct-2507,cdbee75f17c01a7cc42f958dc650907174af0554,6.25,5.25,-1.0,True,True,5
causal-gen-072,72,direct_choice,173,2,3,donor_padded_random,2,Qwen/Qwen3-4B-Instruct-2507,cdbee75f17c01a7cc42f958dc650907174af0554,6.25,5.5,-0.75,True,True,8
causal-gen-072,72,direct_choice,173,2,3,donor_short_random,2,Qwen/Qwen3-4B-Instruct-2507,cdbee75f17c01a7cc42f958dc650907174af0554,6.25,5.25,-1.0,True,True,5
causal-gen-073,73,direct_choice,174,3,3,easy_padded_tokens,2,Qwen/Qwen3-4B-Instruct-2507,cdbee75f17c01a7cc42f958dc650907174af0554,20.25,19.625,-0.625,True,True,8
causal-gen-073,73,direct_choice,174,3,3,easy_short_tokens,2,Qwen/Qwen3-4B-Instruct-2507,cdbee75f17c01a7cc42f958dc650907174af0554,20.25,23.0,2.75,True,True,5
causal-gen-073,73,direct_choice,174,3,3,donor_padded_tokens,2,Qwen/Qwen3-4B-Instruct-2507,cdbee75f17c01a7cc42f958dc650907174af0554,20.25,20.25,0.0,True,True,8
causal-gen-073,73,direct_choice,174,3,3,donor_short_tokens,2,Qwen/Qwen3-4B-Instruct-2507,cdbee75f17c01a7cc42f958dc650907174af0554,20.25,-24.5,-44.75,True,False,5
causal-gen-073,73,direct_choice,174,3,3,easy_padded_random,2,Qwen/Qwen3-4B-Instruct-2507,cdbee75f17c01a7cc42f958dc650907174af0554,20.25,9.0,-11.25,True,True,8
causal-gen-073,73,direct_choice,174,3,3,easy_short_random,2,Qwen/Qwen3-4B-Instruct-2507,cdbee75f17c01a7cc42f958dc650907174af0554,20.25,20.125,-0.125,True,True,5
causal-gen-073,73,direct_choice,174,3,3,donor_padded_random,2,Qwen/Qwen3-4B-Instruct-2507,cdbee75f17c01a7cc42f958dc650907174af0554,20.25,20.375,0.125,True,True,8
causal-gen-073,73,direct_choice,174,3,3,donor_short_random,2,Qwen/Qwen3-4B-Instruct-2507,cdbee75f17c01a7cc42f958dc650907174af0554,20.25,20.25,0.0,True,True,5
causal-gen-074,74,direct_choice,175,4,3,easy_padded_tokens,2,Qwen/Qwen3-4B-Instruct-2507,cdbee75f17c01a7cc42f958dc650907174af0554,21.0,22.125,1.125,True,True,8
causal-gen-074,74,direct_choice,175,4,3,easy_short_tokens,2,Qwen/Qwen3-4B-Instruct-2507,cdbee75f17c01a7cc42f958dc650907174af0554,21.0,23.875,2.875,True,True,5
causal-gen-074,74,direct_choice,175,4,3,donor_padded_tokens,2,Qwen/Qwen3-4B-Instruct-2507,cdbee75f17c01a7cc42f958dc650907174af0554,21.0,21.0,0.0,True,True,8
causal-gen-074,74,direct_choice,175,4,3,donor_short_tokens,2,Qwen/Qwen3-4B-Instruct-2507,cdbee75f17c01a7cc42f958dc650907174af0554,21.0,-24.75,-45.75,True,False,5
causal-gen-074,74,direct_choice,175,4,3,easy_padded_random,2,Qwen/Qwen3-4B-Instruct-2507,cdbee75f17c01a7cc42f958dc650907174af0554,21.0,21.375,0.375,True,True,8
causal-gen-074,74,direct_choice,175,4,3,easy_short_random,2,Qwen/Qwen3-4B-Instruct-2507,cdbee75f17c01a7cc42f958dc650907174af0554,21.0,20.875,-0.125,True,True,5
causal-gen-074,74,direct_choice,175,4,3,donor_padded_random,2,Qwen/Qwen3-4B-Instruct-2507,cdbee75f17c01a7cc42f958dc650907174af0554,21.0,20.875,-0.125,True,True,8
causal-gen-074,74,direct_choice,175,4,3,donor_short_random,2,Qwen/Qwen3-4B-Instruct-2507,cdbee75f17c01a7cc42f958dc650907174af0554,21.0,21.0,0.0,True,True,5
causal-gen-075,75,direct_choice,176,5,3,easy_padded_tokens,2,Qwen/Qwen3-4B-Instruct-2507,cdbee75f17c01a7cc42f958dc650907174af0554,24.875,24.75,-0.125,True,True,8
causal-gen-075,75,direct_choice,176,5,3,easy_short_tokens,2,Qwen/Qwen3-4B-Instruct-2507,cdbee75f17c01a7cc42f958dc650907174af0554,24.875,25.5,0.625,True,True,5
causal-gen-075,75,direct_choice,176,5,3,donor_padded_tokens,2,Qwen/Qwen3-4B-Instruct-2507,cdbee75f17c01a7cc42f958dc650907174af0554,24.875,24.875,0.0,True,True,8
causal-gen-075,75,direct_choice,176,5,3,donor_short_tokens,2,Qwen/Qwen3-4B-Instruct-2507,cdbee75f17c01a7cc42f958dc650907174af0554,24.875,-24.625,-49.5,True,False,5
causal-gen-075,75,direct_choice,176,5,3,easy_padded_random,2,Qwen/Qwen3-4B-Instruct-2507,cdbee75f17c01a7cc42f958dc650907174af0554,24.875,24.75,-0.125,True,True,8
causal-gen-075,75,direct_choice,176,5,3,easy_short_random,2,Qwen/Qwen3-4B-Instruct-2507,cdbee75f17c01a7cc42f958dc650907174af0554,24.875,25.0,0.125,True,True,5
causal-gen-075,75,direct_choice,176,5,3,donor_padded_random,2,Qwen/Qwen3-4B-Instruct-2507,cdbee75f17c01a7cc42f958dc650907174af0554,24.875,24.875,0.0,True,True,8
causal-gen-075,75,direct_choice,176,5,3,donor_short_random,2,Qwen/Qwen3-4B-Instruct-2507,cdbee75f17c01a7cc42f958dc650907174af0554,24.875,25.125,0.25,True,True,5
causal-gen-076,76,direct_choice,177,6,3,easy_padded_tokens,2,Qwen/Qwen3-4B-Instruct-2507,cdbee75f17c01a7cc42f958dc650907174af0554,23.125,22.125,-1.0,True,True,8
causal-gen-076,76,direct_choice,177,6,3,easy_short_tokens,2,Qwen/Qwen3-4B-Instruct-2507,cdbee75f17c01a7cc42f958dc650907174af0554,23.125,25.25,2.125,True,True,5
causal-gen-076,76,direct_choice,177,6,3,donor_padded_tokens,2,Qwen/Qwen3-4B-Instruct-2507,cdbee75f17c01a7cc42f958dc650907174af0554,23.125,23.125,0.0,True,True,8
causal-gen-076,76,direct_choice,177,6,3,donor_short_tokens,2,Qwen/Qwen3-4B-Instruct-2507,cdbee75f17c01a7cc42f958dc650907174af0554,23.125,-24.375,-47.5,True,False,5
causal-gen-076,76,direct_choice,177,6,3,easy_padded_random,2,Qwen/Qwen3-4B-Instruct-2507,cdbee75f17c01a7cc42f958dc650907174af0554,23.125,24.0,0.875,True,True,8
causal-gen-076,76,direct_choice,177,6,3,easy_short_random,2,Qwen/Qwen3-4B-Instruct-2507,cdbee75f17c01a7cc42f958dc650907174af0554,23.125,23.25,0.125,True,True,5
causal-gen-076,76,direct_choice,177,6,3,donor_padded_random,2,Qwen/Qwen3-4B-Instruct-2507,cdbee75f17c01a7cc42f958dc650907174af0554,23.125,23.0,-0.125,True,True,8
causal-gen-076,76,direct_choice,177,6,3,donor_short_random,2,Qwen/Qwen3-4B-Instruct-2507,cdbee75f17c01a7cc42f958dc650907174af0554,23.125,23.375,0.25,True,True,5
causal-gen-077,77,direct_choice,178,7,3,easy_padded_tokens,2,Qwen/Qwen3-4B-Instruct-2507,cdbee75f17c01a7cc42f958dc650907174af0554,22.0,21.625,-0.375,True,True,8
causal-gen-077,77,direct_choice,178,7,3,easy_short_tokens,2,Qwen/Qwen3-4B-Instruct-2507,cdbee75f17c01a7cc42f958dc650907174af0554,22.0,24.625,2.625,True,True,5
causal-gen-077,77,direct_choice,178,7,3,donor_padded_tokens,2,Qwen/Qwen3-4B-Instruct-2507,cdbee75f17c01a7cc42f958dc650907174af0554,22.0,22.0,0.0,True,True,8
causal-gen-077,77,direct_choice,178,7,3,donor_short_tokens,2,Qwen/Qwen3-4B-Instruct-2507,cdbee75f17c01a7cc42f958dc650907174af0554,22.0,-29.375,-51.375,True,False,5
causal-gen-077,77,direct_choice,178,7,3,easy_padded_random,2,Qwen/Qwen3-4B-Instruct-2507,cdbee75f17c01a7cc42f958dc650907174af0554,22.0,18.5,-3.5,True,True,8
causal-gen-077,77,direct_choice,178,7,3,easy_short_random,2,Qwen/Qwen3-4B-Instruct-2507,cdbee75f17c01a7cc42f958dc650907174af0554,22.0,21.75,-0.25,True,True,5
causal-gen-077,77,direct_choice,178,7,3,donor_padded_random,2,Qwen/Qwen3-4B-Instruct-2507,cdbee75f17c01a7cc42f958dc650907174af0554,22.0,21.75,-0.25,True,True,8
causal-gen-077,77,direct_choice,178,7,3,donor_short_random,2,Qwen/Qwen3-4B-Instruct-2507,cdbee75f17c01a7cc42f958dc650907174af0554,22.0,21.75,-0.25,True,True,5
causal-gen-078,78,direct_choice,179,8,3,easy_padded_tokens,2,Qwen/Qwen3-4B-Instruct-2507,cdbee75f17c01a7cc42f958dc650907174af0554,20.375,21.625,1.25,True,True,8
causal-gen-078,78,direct_choice,179,8,3,easy_short_tokens,2,Qwen/Qwen3-4B-Instruct-2507,cdbee75f17c01a7cc42f958dc650907174af0554,20.375,22.75,2.375,True,True,5
causal-gen-078,78,direct_choice,179,8,3,donor_padded_tokens,2,Qwen/Qwen3-4B-Instruct-2507,cdbee75f17c01a7cc42f958dc650907174af0554,20.375,20.375,0.0,True,True,8
causal-gen-078,78,direct_choice,179,8,3,donor_short_tokens,2,Qwen/Qwen3-4B-Instruct-2507,cdbee75f17c01a7cc42f958dc650907174af0554,20.375,-30.375,-50.75,True,False,5
causal-gen-078,78,direct_choice,179,8,3,easy_padded_random,2,Qwen/Qwen3-4B-Instruct-2507,cdbee75f17c01a7cc42f958dc650907174af0554,20.375,20.0,-0.375,True,True,8
causal-gen-078,78,direct_choice,179,8,3,easy_short_random,2,Qwen/Qwen3-4B-Instruct-2507,cdbee75f17c01a7cc42f958dc650907174af0554,20.375,20.375,0.0,True,True,5
causal-gen-078,78,direct_choice,179,8,3,donor_padded_random,2,Qwen/Qwen3-4B-Instruct-2507,cdbee75f17c01a7cc42f958dc650907174af0554,20.375,20.0,-0.375,True,True,8
causal-gen-078,78,direct_choice,179,8,3,donor_short_random,2,Qwen/Qwen3-4B-Instruct-2507,cdbee75f17c01a7cc42f958dc650907174af0554,20.375,20.75,0.375,True,True,5
causal-gen-079,79,direct_choice,180,9,3,easy_padded_tokens,2,Qwen/Qwen3-4B-Instruct-2507,cdbee75f17c01a7cc42f958dc650907174af0554,15.25,18.25,3.0,True,True,8
causal-gen-079,79,direct_choice,180,9,3,easy_short_tokens,2,Qwen/Qwen3-4B-Instruct-2507,cdbee75f17c01a7cc42f958dc650907174af0554,15.25,21.875,6.625,True,True,5
causal-gen-079,79,direct_choice,180,9,3,donor_padded_tokens,2,Qwen/Qwen3-4B-Instruct-2507,cdbee75f17c01a7cc42f958dc650907174af0554,15.25,15.25,0.0,True,True,8
causal-gen-079,79,direct_choice,180,9,3,donor_short_tokens,2,Qwen/Qwen3-4B-Instruct-2507,cdbee75f17c01a7cc42f958dc650907174af0554,15.25,-30.625,-45.875,True,False,5
causal-gen-079,79,direct_choice,180,9,3,easy_padded_random,2,Qwen/Qwen3-4B-Instruct-2507,cdbee75f17c01a7cc42f958dc650907174af0554,15.25,16.75,1.5,True,True,8
causal-gen-079,79,direct_choice,180,9,3,easy_short_random,2,Qwen/Qwen3-4B-Instruct-2507,cdbee75f17c01a7cc42f958dc650907174af0554,15.25,15.25,0.0,True,True,5
causal-gen-079,79,direct_choice,180,9,3,donor_padded_random,2,Qwen/Qwen3-4B-Instruct-2507,cdbee75f17c01a7cc42f958dc650907174af0554,15.25,16.75,1.5,True,True,8
causal-gen-079,79,direct_choice,180,9,3,donor_short_random,2,Qwen/Qwen3-4B-Instruct-2507,cdbee75f17c01a7cc42f958dc650907174af0554,15.25,15.5,0.25,True,True,5
causal-gen-080,80,direct_choice,181,0,4,easy_padded_tokens,2,Qwen/Qwen3-4B-Instruct-2507,cdbee75f17c01a7cc42f958dc650907174af0554,24.625,24.875,0.25,True,True,9
causal-gen-080,80,direct_choice,181,0,4,easy_short_tokens,2,Qwen/Qwen3-4B-Instruct-2507,cdbee75f17c01a7cc42f958dc650907174af0554,24.625,25.375,0.75,True,True,5
causal-gen-080,80,direct_choice,181,0,4,donor_padded_tokens,2,Qwen/Qwen3-4B-Instruct-2507,cdbee75f17c01a7cc42f958dc650907174af0554,24.625,24.625,0.0,True,True,9
causal-gen-080,80,direct_choice,181,0,4,donor_short_tokens,2,Qwen/Qwen3-4B-Instruct-2507,cdbee75f17c01a7cc42f958dc650907174af0554,24.625,-24.75,-49.375,True,False,5
causal-gen-080,80,direct_choice,181,0,4,easy_padded_random,2,Qwen/Qwen3-4B-Instruct-2507,cdbee75f17c01a7cc42f958dc650907174af0554,24.625,25.125,0.5,True,True,9
causal-gen-080,80,direct_choice,181,0,4,easy_short_random,2,Qwen/Qwen3-4B-Instruct-2507,cdbee75f17c01a7cc42f958dc650907174af0554,24.625,24.875,0.25,True,True,5
causal-gen-080,80,direct_choice,181,0,4,donor_padded_random,2,Qwen/Qwen3-4B-Instruct-2507,cdbee75f17c01a7cc42f958dc650907174af0554,24.625,24.75,0.125,True,True,9
causal-gen-080,80,direct_choice,181,0,4,donor_short_random,2,Qwen/Qwen3-4B-Instruct-2507,cdbee75f17c01a7cc42f958dc650907174af0554,24.625,24.75,0.125,True,True,5
causal-gen-081,81,direct_choice,182,1,4,easy_padded_tokens,2,Qwen/Qwen3-4B-Instruct-2507,cdbee75f17c01a7cc42f958dc650907174af0554,9.75,12.0,2.25,True,True,9
causal-gen-081,81,direct_choice,182,1,4,easy_short_tokens,2,Qwen/Qwen3-4B-Instruct-2507,cdbee75f17c01a7cc42f958dc650907174af0554,9.75,20.625,10.875,True,True,5
causal-gen-081,81,direct_choice,182,1,4,donor_padded_tokens,2,Qwen/Qwen3-4B-Instruct-2507,cdbee75f17c01a7cc42f958dc650907174af0554,9.75,9.75,0.0,True,True,9
causal-gen-081,81,direct_choice,182,1,4,donor_short_tokens,2,Qwen/Qwen3-4B-Instruct-2507,cdbee75f17c01a7cc42f958dc650907174af0554,9.75,-24.0,-33.75,True,False,5
causal-gen-081,81,direct_choice,182,1,4,easy_padded_random,2,Qwen/Qwen3-4B-Instruct-2507,cdbee75f17c01a7cc42f958dc650907174af0554,9.75,21.5,11.75,True,True,9
causal-gen-081,81,direct_choice,182,1,4,easy_short_random,2,Qwen/Qwen3-4B-Instruct-2507,cdbee75f17c01a7cc42f958dc650907174af0554,9.75,10.0,0.25,True,True,5
causal-gen-081,81,direct_choice,182,1,4,donor_padded_random,2,Qwen/Qwen3-4B-Instruct-2507,cdbee75f17c01a7cc42f958dc650907174af0554,9.75,9.75,0.0,True,True,9
causal-gen-081,81,direct_choice,182,1,4,donor_short_random,2,Qwen/Qwen3-4B-Instruct-2507,cdbee75f17c01a7cc42f958dc650907174af0554,9.75,10.0,0.25,True,True,5
causal-gen-082,82,direct_choice,183,2,4,easy_padded_tokens,2,Qwen/Qwen3-4B-Instruct-2507,cdbee75f17c01a7cc42f958dc650907174af0554,21.75,22.375,0.625,True,True,9
causal-gen-082,82,direct_choice,183,2,4,easy_short_tokens,2,Qwen/Qwen3-4B-Instruct-2507,cdbee75f17c01a7cc42f958dc650907174af0554,21.75,23.625,1.875,True,True,5
causal-gen-082,82,direct_choice,183,2,4,donor_padded_tokens,2,Qwen/Qwen3-4B-Instruct-2507,cdbee75f17c01a7cc42f958dc650907174af0554,21.75,21.75,0.0,True,True,9
causal-gen-082,82,direct_choice,183,2,4,donor_short_tokens,2,Qwen/Qwen3-4B-Instruct-2507,cdbee75f17c01a7cc42f958dc650907174af0554,21.75,-23.875,-45.625,True,False,5
causal-gen-082,82,direct_choice,183,2,4,easy_padded_random,2,Qwen/Qwen3-4B-Instruct-2507,cdbee75f17c01a7cc42f958dc650907174af0554,21.75,21.875,0.125,True,True,9
causal-gen-082,82,direct_choice,183,2,4,easy_short_random,2,Qwen/Qwen3-4B-Instruct-2507,cdbee75f17c01a7cc42f958dc650907174af0554,21.75,16.25,-5.5,True,True,5
causal-gen-082,82,direct_choice,183,2,4,donor_padded_random,2,Qwen/Qwen3-4B-Instruct-2507,cdbee75f17c01a7cc42f958dc650907174af0554,21.75,21.625,-0.125,True,True,9
causal-gen-082,82,direct_choice,183,2,4,donor_short_random,2,Qwen/Qwen3-4B-Instruct-2507,cdbee75f17c01a7cc42f958dc650907174af0554,21.75,21.875,0.125,True,True,5
causal-gen-083,83,direct_choice,184,3,4,easy_padded_tokens,2,Qwen/Qwen3-4B-Instruct-2507,cdbee75f17c01a7cc42f958dc650907174af0554,19.625,19.75,0.125,True,True,9
causal-gen-083,83,direct_choice,184,3,4,easy_short_tokens,2,Qwen/Qwen3-4B-Instruct-2507,cdbee75f17c01a7cc42f958dc650907174af0554,19.625,22.625,3.0,True,True,5
causal-gen-083,83,direct_choice,184,3,4,donor_padded_tokens,2,Qwen/Qwen3-4B-Instruct-2507,cdbee75f17c01a7cc42f958dc650907174af0554,19.625,19.625,0.0,True,True,9
causal-gen-083,83,direct_choice,184,3,4,donor_short_tokens,2,Qwen/Qwen3-4B-Instruct-2507,cdbee75f17c01a7cc42f958dc650907174af0554,19.625,-24.5,-44.125,True,False,5
causal-gen-083,83,direct_choice,184,3,4,easy_padded_random,2,Qwen/Qwen3-4B-Instruct-2507,cdbee75f17c01a7cc42f958dc650907174af0554,19.625,19.75,0.125,True,True,9
causal-gen-083,83,direct_choice,184,3,4,easy_short_random,2,Qwen/Qwen3-4B-Instruct-2507,cdbee75f17c01a7cc42f958dc650907174af0554,19.625,13.0,-6.625,True,True,5
causal-gen-083,83,direct_choice,184,3,4,donor_padded_random,2,Qwen/Qwen3-4B-Instruct-2507,cdbee75f17c01a7cc42f958dc650907174af0554,19.625,19.375,-0.25,True,True,9
causal-gen-083,83,direct_choice,184,3,4,donor_short_random,2,Qwen/Qwen3-4B-Instruct-2507,cdbee75f17c01a7cc42f958dc650907174af0554,19.625,19.5,-0.125,True,True,5
causal-gen-084,84,direct_choice,185,4,4,easy_padded_tokens,2,Qwen/Qwen3-4B-Instruct-2507,cdbee75f17c01a7cc42f958dc650907174af0554,21.5,22.5,1.0,True,True,9
causal-gen-084,84,direct_choice,185,4,4,easy_short_tokens,2,Qwen/Qwen3-4B-Instruct-2507,cdbee75f17c01a7cc42f958dc650907174af0554,21.5,24.0,2.5,True,True,5
causal-gen-084,84,direct_choice,185,4,4,donor_padded_tokens,2,Qwen/Qwen3-4B-Instruct-2507,cdbee75f17c01a7cc42f958dc650907174af0554,21.5,21.5,0.0,True,True,9
causal-gen-084,84,direct_choice,185,4,4,donor_short_tokens,2,Qwen/Qwen3-4B-Instruct-2507,cdbee75f17c01a7cc42f958dc650907174af0554,21.5,-24.5,-46.0,True,False,5
causal-gen-084,84,direct_choice,185,4,4,easy_padded_random,2,Qwen/Qwen3-4B-Instruct-2507,cdbee75f17c01a7cc42f958dc650907174af0554,21.5,21.5,0.0,True,True,9
causal-gen-084,84,direct_choice,185,4,4,easy_short_random,2,Qwen/Qwen3-4B-Instruct-2507,cdbee75f17c01a7cc42f958dc650907174af0554,21.5,22.125,0.625,True,True,5
causal-gen-084,84,direct_choice,185,4,4,donor_padded_random,2,Qwen/Qwen3-4B-Instruct-2507,cdbee75f17c01a7cc42f958dc650907174af0554,21.5,21.375,-0.125,True,True,9
causal-gen-084,84,direct_choice,185,4,4,donor_short_random,2,Qwen/Qwen3-4B-Instruct-2507,cdbee75f17c01a7cc42f958dc650907174af0554,21.5,21.25,-0.25,True,True,5
causal-gen-085,85,direct_choice,186,5,4,easy_padded_tokens,2,Qwen/Qwen3-4B-Instruct-2507,cdbee75f17c01a7cc42f958dc650907174af0554,25.5,25.0,-0.5,True,True,9
causal-gen-085,85,direct_choice,186,5,4,easy_short_tokens,2,Qwen/Qwen3-4B-Instruct-2507,cdbee75f17c01a7cc42f958dc650907174af0554,25.5,26.0,0.5,True,True,5
causal-gen-085,85,direct_choice,186,5,4,donor_padded_tokens,2,Qwen/Qwen3-4B-Instruct-2507,cdbee75f17c01a7cc42f958dc650907174af0554,25.5,25.5,0.0,True,True,9
causal-gen-085,85,direct_choice,186,5,4,donor_short_tokens,2,Qwen/Qwen3-4B-Instruct-2507,cdbee75f17c01a7cc42f958dc650907174af0554,25.5,-24.5,-50.0,True,False,5
causal-gen-085,85,direct_choice,186,5,4,easy_padded_random,2,Qwen/Qwen3-4B-Instruct-2507,cdbee75f17c01a7cc42f958dc650907174af0554,25.5,25.625,0.125,True,True,9
causal-gen-085,85,direct_choice,186,5,4,easy_short_random,2,Qwen/Qwen3-4B-Instruct-2507,cdbee75f17c01a7cc42f958dc650907174af0554,25.5,25.125,-0.375,True,True,5
causal-gen-085,85,direct_choice,186,5,4,donor_padded_random,2,Qwen/Qwen3-4B-Instruct-2507,cdbee75f17c01a7cc42f958dc650907174af0554,25.5,25.125,-0.375,True,True,9
causal-gen-085,85,direct_choice,186,5,4,donor_short_random,2,Qwen/Qwen3-4B-Instruct-2507,cdbee75f17c01a7cc42f958dc650907174af0554,25.5,25.5,0.0,True,True,5
causal-gen-086,86,direct_choice,187,6,4,easy_padded_tokens,2,Qwen/Qwen3-4B-Instruct-2507,cdbee75f17c01a7cc42f958dc650907174af0554,23.125,22.875,-0.25,True,True,9
causal-gen-086,86,direct_choice,187,6,4,easy_short_tokens,2,Qwen/Qwen3-4B-Instruct-2507,cdbee75f17c01a7cc42f958dc650907174af0554,23.125,24.75,1.625,True,True,5
causal-gen-086,86,direct_choice,187,6,4,donor_padded_tokens,2,Qwen/Qwen3-4B-Instruct-2507,cdbee75f17c01a7cc42f958dc650907174af0554,23.125,23.125,0.0,True,True,9
causal-gen-086,86,direct_choice,187,6,4,donor_short_tokens,2,Qwen/Qwen3-4B-Instruct-2507,cdbee75f17c01a7cc42f958dc650907174af0554,23.125,-24.0,-47.125,True,False,5
causal-gen-086,86,direct_choice,187,6,4,easy_padded_random,2,Qwen/Qwen3-4B-Instruct-2507,cdbee75f17c01a7cc42f958dc650907174af0554,23.125,24.625,1.5,True,True,9
causal-gen-086,86,direct_choice,187,6,4,easy_short_random,2,Qwen/Qwen3-4B-Instruct-2507,cdbee75f17c01a7cc42f958dc650907174af0554,23.125,23.125,0.0,True,True,5
causal-gen-086,86,direct_choice,187,6,4,donor_padded_random,2,Qwen/Qwen3-4B-Instruct-2507,cdbee75f17c01a7cc42f958dc650907174af0554,23.125,23.25,0.125,True,True,9
causal-gen-086,86,direct_choice,187,6,4,donor_short_random,2,Qwen/Qwen3-4B-Instruct-2507,cdbee75f17c01a7cc42f958dc650907174af0554,23.125,23.125,0.0,True,True,5
causal-gen-087,87,direct_choice,188,7,4,easy_padded_tokens,2,Qwen/Qwen3-4B-Instruct-2507,cdbee75f17c01a7cc42f958dc650907174af0554,19.875,19.625,-0.25,True,True,9
causal-gen-087,87,direct_choice,188,7,4,easy_short_tokens,2,Qwen/Qwen3-4B-Instruct-2507,cdbee75f17c01a7cc42f958dc650907174af0554,19.875,23.125,3.25,True,True,5
causal-gen-087,87,direct_choice,188,7,4,donor_padded_tokens,2,Qwen/Qwen3-4B-Instruct-2507,cdbee75f17c01a7cc42f958dc650907174af0554,19.875,19.875,0.0,True,True,9
causal-gen-087,87,direct_choice,188,7,4,donor_short_tokens,2,Qwen/Qwen3-4B-Instruct-2507,cdbee75f17c01a7cc42f958dc650907174af0554,19.875,-29.75,-49.625,True,False,5
causal-gen-087,87,direct_choice,188,7,4,easy_padded_random,2,Qwen/Qwen3-4B-Instruct-2507,cdbee75f17c01a7cc42f958dc650907174af0554,19.875,20.125,0.25,True,True,9
causal-gen-087,87,direct_choice,188,7,4,easy_short_random,2,Qwen/Qwen3-4B-Instruct-2507,cdbee75f17c01a7cc42f958dc650907174af0554,19.875,19.875,0.0,True,True,5
causal-gen-087,87,direct_choice,188,7,4,donor_padded_random,2,Qwen/Qwen3-4B-Instruct-2507,cdbee75f17c01a7cc42f958dc650907174af0554,19.875,20.25,0.375,True,True,9
causal-gen-087,87,direct_choice,188,7,4,donor_short_random,2,Qwen/Qwen3-4B-Instruct-2507,cdbee75f17c01a7cc42f958dc650907174af0554,19.875,19.875,0.0,True,True,5
causal-gen-088,88,direct_choice,189,8,4,easy_padded_tokens,2,Qwen/Qwen3-4B-Instruct-2507,cdbee75f17c01a7cc42f958dc650907174af0554,18.125,21.5,3.375,True,True,9
causal-gen-088,88,direct_choice,189,8,4,easy_short_tokens,2,Qwen/Qwen3-4B-Instruct-2507,cdbee75f17c01a7cc42f958dc650907174af0554,18.125,22.5,4.375,True,True,5
causal-gen-088,88,direct_choice,189,8,4,donor_padded_tokens,2,Qwen/Qwen3-4B-Instruct-2507,cdbee75f17c01a7cc42f958dc650907174af0554,18.125,18.125,0.0,True,True,9
causal-gen-088,88,direct_choice,189,8,4,donor_short_tokens,2,Qwen/Qwen3-4B-Instruct-2507,cdbee75f17c01a7cc42f958dc650907174af0554,18.125,-30.625,-48.75,True,False,5
causal-gen-088,88,direct_choice,189,8,4,easy_padded_random,2,Qwen/Qwen3-4B-Instruct-2507,cdbee75f17c01a7cc42f958dc650907174af0554,18.125,18.125,0.0,True,True,9
causal-gen-088,88,direct_choice,189,8,4,easy_short_random,2,Qwen/Qwen3-4B-Instruct-2507,cdbee75f17c01a7cc42f958dc650907174af0554,18.125,19.5,1.375,True,True,5
causal-gen-088,88,direct_choice,189,8,4,donor_padded_random,2,Qwen/Qwen3-4B-Instruct-2507,cdbee75f17c01a7cc42f958dc650907174af0554,18.125,18.125,0.0,True,True,9
causal-gen-088,88,direct_choice,189,8,4,donor_short_random,2,Qwen/Qwen3-4B-Instruct-2507,cdbee75f17c01a7cc42f958dc650907174af0554,18.125,17.75,-0.375,True,True,5
causal-gen-089,89,direct_choice,190,9,4,easy_padded_tokens,2,Qwen/Qwen3-4B-Instruct-2507,cdbee75f17c01a7cc42f958dc650907174af0554,14.75,18.5,3.75,True,True,9
causal-gen-089,89,direct_choice,190,9,4,easy_short_tokens,2,Qwen/Qwen3-4B-Instruct-2507,cdbee75f17c01a7cc42f958dc650907174af0554,14.75,21.375,6.625,True,True,5
causal-gen-089,89,direct_choice,190,9,4,donor_padded_tokens,2,Qwen/Qwen3-4B-Instruct-2507,cdbee75f17c01a7cc42f958dc650907174af0554,14.75,14.75,0.0,True,True,9
causal-gen-089,89,direct_choice,190,9,4,donor_short_tokens,2,Qwen/Qwen3-4B-Instruct-2507,cdbee75f17c01a7cc42f958dc650907174af0554,14.75,-30.5,-45.25,True,False,5
causal-gen-089,89,direct_choice,190,9,4,easy_padded_random,2,Qwen/Qwen3-4B-Instruct-2507,cdbee75f17c01a7cc42f958dc650907174af0554,14.75,-5.25,-20.0,True,False,9
causal-gen-089,89,direct_choice,190,9,4,easy_short_random,2,Qwen/Qwen3-4B-Instruct-2507,cdbee75f17c01a7cc42f958dc650907174af0554,14.75,14.75,0.0,True,True,5
causal-gen-089,89,direct_choice,190,9,4,donor_padded_random,2,Qwen/Qwen3-4B-Instruct-2507,cdbee75f17c01a7cc42f958dc650907174af0554,14.75,14.75,0.0,True,True,9
causal-gen-089,89,direct_choice,190,9,4,donor_short_random,2,Qwen/Qwen3-4B-Instruct-2507,cdbee75f17c01a7cc42f958dc650907174af0554,14.75,15.0,0.25,True,True,5
causal-gen-090,90,direct_choice,191,0,5,easy_padded_tokens,2,Qwen/Qwen3-4B-Instruct-2507,cdbee75f17c01a7cc42f958dc650907174af0554,24.875,25.0,0.125,True,True,10
causal-gen-090,90,direct_choice,191,0,5,easy_short_tokens,2,Qwen/Qwen3-4B-Instruct-2507,cdbee75f17c01a7cc42f958dc650907174af0554,24.875,25.625,0.75,True,True,5
causal-gen-090,90,direct_choice,191,0,5,donor_padded_tokens,2,Qwen/Qwen3-4B-Instruct-2507,cdbee75f17c01a7cc42f958dc650907174af0554,24.875,24.875,0.0,True,True,10
causal-gen-090,90,direct_choice,191,0,5,donor_short_tokens,2,Qwen/Qwen3-4B-Instruct-2507,cdbee75f17c01a7cc42f958dc650907174af0554,24.875,-25.25,-50.125,True,False,5
causal-gen-090,90,direct_choice,191,0,5,easy_padded_random,2,Qwen/Qwen3-4B-Instruct-2507,cdbee75f17c01a7cc42f958dc650907174af0554,24.875,26.125,1.25,True,True,10
causal-gen-090,90,direct_choice,191,0,5,easy_short_random,2,Qwen/Qwen3-4B-Instruct-2507,cdbee75f17c01a7cc42f958dc650907174af0554,24.875,22.375,-2.5,True,True,5
causal-gen-090,90,direct_choice,191,0,5,donor_padded_random,2,Qwen/Qwen3-4B-Instruct-2507,cdbee75f17c01a7cc42f958dc650907174af0554,24.875,25.0,0.125,True,True,10
causal-gen-090,90,direct_choice,191,0,5,donor_short_random,2,Qwen/Qwen3-4B-Instruct-2507,cdbee75f17c01a7cc42f958dc650907174af0554,24.875,24.875,0.0,True,True,5
causal-gen-091,91,direct_choice,192,1,5,easy_padded_tokens,2,Qwen/Qwen3-4B-Instruct-2507,cdbee75f17c01a7cc42f958dc650907174af0554,7.5,9.75,2.25,True,True,10
causal-gen-091,91,direct_choice,192,1,5,easy_short_tokens,2,Qwen/Qwen3-4B-Instruct-2507,cdbee75f17c01a7cc42f958dc650907174af0554,7.5,19.625,12.125,True,True,5
causal-gen-091,91,direct_choice,192,1,5,donor_padded_tokens,2,Qwen/Qwen3-4B-Instruct-2507,cdbee75f17c01a7cc42f958dc650907174af0554,7.5,7.5,0.0,True,True,10
causal-gen-091,91,direct_choice,192,1,5,donor_short_tokens,2,Qwen/Qwen3-4B-Instruct-2507,cdbee75f17c01a7cc42f958dc650907174af0554,7.5,-24.375,-31.875,True,False,5
causal-gen-091,91,direct_choice,192,1,5,easy_padded_random,2,Qwen/Qwen3-4B-Instruct-2507,cdbee75f17c01a7cc42f958dc650907174af0554,7.5,1.5,-6.0,True,True,10
causal-gen-091,91,direct_choice,192,1,5,easy_short_random,2,Qwen/Qwen3-4B-Instruct-2507,cdbee75f17c01a7cc42f958dc650907174af0554,7.5,7.25,-0.25,True,True,5
causal-gen-091,91,direct_choice,192,1,5,donor_padded_random,2,Qwen/Qwen3-4B-Instruct-2507,cdbee75f17c01a7cc42f958dc650907174af0554,7.5,9.0,1.5,True,True,10
causal-gen-091,91,direct_choice,192,1,5,donor_short_random,2,Qwen/Qwen3-4B-Instruct-2507,cdbee75f17c01a7cc42f958dc650907174af0554,7.5,7.5,0.0,True,True,5
causal-gen-092,92,direct_choice,193,2,5,easy_padded_tokens,2,Qwen/Qwen3-4B-Instruct-2507,cdbee75f17c01a7cc42f958dc650907174af0554,23.625,24.0,0.375,True,True,10
causal-gen-092,92,direct_choice,193,2,5,easy_short_tokens,2,Qwen/Qwen3-4B-Instruct-2507,cdbee75f17c01a7cc42f958dc650907174af0554,23.625,24.75,1.125,True,True,5
causal-gen-092,92,direct_choice,193,2,5,donor_padded_tokens,2,Qwen/Qwen3-4B-Instruct-2507,cdbee75f17c01a7cc42f958dc650907174af0554,23.625,23.625,0.0,True,True,10
causal-gen-092,92,direct_choice,193,2,5,donor_short_tokens,2,Qwen/Qwen3-4B-Instruct-2507,cdbee75f17c01a7cc42f958dc650907174af0554,23.625,-24.375,-48.0,True,False,5
causal-gen-092,92,direct_choice,193,2,5,easy_padded_random,2,Qwen/Qwen3-4B-Instruct-2507,cdbee75f17c01a7cc42f958dc650907174af0554,23.625,23.875,0.25,True,True,10
causal-gen-092,92,direct_choice,193,2,5,easy_short_random,2,Qwen/Qwen3-4B-Instruct-2507,cdbee75f17c01a7cc42f958dc650907174af0554,23.625,23.75,0.125,True,True,5
causal-gen-092,92,direct_choice,193,2,5,donor_padded_random,2,Qwen/Qwen3-4B-Instruct-2507,cdbee75f17c01a7cc42f958dc650907174af0554,23.625,23.625,0.0,True,True,10
causal-gen-092,92,direct_choice,193,2,5,donor_short_random,2,Qwen/Qwen3-4B-Instruct-2507,cdbee75f17c01a7cc42f958dc650907174af0554,23.625,23.625,0.0,True,True,5
causal-gen-093,93,direct_choice,194,3,5,easy_padded_tokens,2,Qwen/Qwen3-4B-Instruct-2507,cdbee75f17c01a7cc42f958dc650907174af0554,20.625,20.5,-0.125,True,True,10
causal-gen-093,93,direct_choice,194,3,5,easy_short_tokens,2,Qwen/Qwen3-4B-Instruct-2507,cdbee75f17c01a7cc42f958dc650907174af0554,20.625,23.25,2.625,True,True,5
causal-gen-093,93,direct_choice,194,3,5,donor_padded_tokens,2,Qwen/Qwen3-4B-Instruct-2507,cdbee75f17c01a7cc42f958dc650907174af0554,20.625,20.625,0.0,True,True,10
causal-gen-093,93,direct_choice,194,3,5,donor_short_tokens,2,Qwen/Qwen3-4B-Instruct-2507,cdbee75f17c01a7cc42f958dc650907174af0554,20.625,-24.75,-45.375,True,False,5
causal-gen-093,93,direct_choice,194,3,5,easy_padded_random,2,Qwen/Qwen3-4B-Instruct-2507,cdbee75f17c01a7cc42f958dc650907174af0554,20.625,21.125,0.5,True,True,10
causal-gen-093,93,direct_choice,194,3,5,easy_short_random,2,Qwen/Qwen3-4B-Instruct-2507,cdbee75f17c01a7cc42f958dc650907174af0554,20.625,19.5,-1.125,True,True,5
causal-gen-093,93,direct_choice,194,3,5,donor_padded_random,2,Qwen/Qwen3-4B-Instruct-2507,cdbee75f17c01a7cc42f958dc650907174af0554,20.625,20.75,0.125,True,True,10
causal-gen-093,93,direct_choice,194,3,5,donor_short_random,2,Qwen/Qwen3-4B-Instruct-2507,cdbee75f17c01a7cc42f958dc650907174af0554,20.625,21.25,0.625,True,True,5
causal-gen-094,94,direct_choice,195,4,5,easy_padded_tokens,2,Qwen/Qwen3-4B-Instruct-2507,cdbee75f17c01a7cc42f958dc650907174af0554,21.75,22.0,0.25,True,True,10
causal-gen-094,94,direct_choice,195,4,5,easy_short_tokens,2,Qwen/Qwen3-4B-Instruct-2507,cdbee75f17c01a7cc42f958dc650907174af0554,21.75,23.75,2.0,True,True,5
causal-gen-094,94,direct_choice,195,4,5,donor_padded_tokens,2,Qwen/Qwen3-4B-Instruct-2507,cdbee75f17c01a7cc42f958dc650907174af0554,21.75,21.75,0.0,True,True,10
causal-gen-094,94,direct_choice,195,4,5,donor_short_tokens,2,Qwen/Qwen3-4B-Instruct-2507,cdbee75f17c01a7cc42f958dc650907174af0554,21.75,-25.0,-46.75,True,False,5
causal-gen-094,94,direct_choice,195,4,5,easy_padded_random,2,Qwen/Qwen3-4B-Instruct-2507,cdbee75f17c01a7cc42f958dc650907174af0554,21.75,21.625,-0.125,True,True,10
causal-gen-094,94,direct_choice,195,4,5,easy_short_random,2,Qwen/Qwen3-4B-Instruct-2507,cdbee75f17c01a7cc42f958dc650907174af0554,21.75,21.75,0.0,True,True,5
causal-gen-094,94,direct_choice,195,4,5,donor_padded_random,2,Qwen/Qwen3-4B-Instruct-2507,cdbee75f17c01a7cc42f958dc650907174af0554,21.75,21.625,-0.125,True,True,10
causal-gen-094,94,direct_choice,195,4,5,donor_short_random,2,Qwen/Qwen3-4B-Instruct-2507,cdbee75f17c01a7cc42f958dc650907174af0554,21.75,21.5,-0.25,True,True,5
causal-gen-095,95,direct_choice,196,5,5,easy_padded_tokens,2,Qwen/Qwen3-4B-Instruct-2507,cdbee75f17c01a7cc42f958dc650907174af0554,25.625,25.75,0.125,True,True,10
causal-gen-095,95,direct_choice,196,5,5,easy_short_tokens,2,Qwen/Qwen3-4B-Instruct-2507,cdbee75f17c01a7cc42f958dc650907174af0554,25.625,26.625,1.0,True,True,5
causal-gen-095,95,direct_choice,196,5,5,donor_padded_tokens,2,Qwen/Qwen3-4B-Instruct-2507,cdbee75f17c01a7cc42f958dc650907174af0554,25.625,25.625,0.0,True,True,10
causal-gen-095,95,direct_choice,196,5,5,donor_short_tokens,2,Qwen/Qwen3-4B-Instruct-2507,cdbee75f17c01a7cc42f958dc650907174af0554,25.625,-25.0,-50.625,True,False,5
causal-gen-095,95,direct_choice,196,5,5,easy_padded_random,2,Qwen/Qwen3-4B-Instruct-2507,cdbee75f17c01a7cc42f958dc650907174af0554,25.625,25.875,0.25,True,True,10
causal-gen-095,95,direct_choice,196,5,5,easy_short_random,2,Qwen/Qwen3-4B-Instruct-2507,cdbee75f17c01a7cc42f958dc650907174af0554,25.625,25.875,0.25,True,True,5
causal-gen-095,95,direct_choice,196,5,5,donor_padded_random,2,Qwen/Qwen3-4B-Instruct-2507,cdbee75f17c01a7cc42f958dc650907174af0554,25.625,25.875,0.25,True,True,10
causal-gen-095,95,direct_choice,196,5,5,donor_short_random,2,Qwen/Qwen3-4B-Instruct-2507,cdbee75f17c01a7cc42f958dc650907174af0554,25.625,25.75,0.125,True,True,5
causal-gen-096,96,direct_choice,197,6,5,easy_padded_tokens,2,Qwen/Qwen3-4B-Instruct-2507,cdbee75f17c01a7cc42f958dc650907174af0554,24.75,24.5,-0.25,True,True,10
causal-gen-096,96,direct_choice,197,6,5,easy_short_tokens,2,Qwen/Qwen3-4B-Instruct-2507,cdbee75f17c01a7cc42f958dc650907174af0554,24.75,25.375,0.625,True,True,5
causal-gen-096,96,direct_choice,197,6,5,donor_padded_tokens,2,Qwen/Qwen3-4B-Instruct-2507,cdbee75f17c01a7cc42f958dc650907174af0554,24.75,24.75,0.0,True,True,10
causal-gen-096,96,direct_choice,197,6,5,donor_short_tokens,2,Qwen/Qwen3-4B-Instruct-2507,cdbee75f17c01a7cc42f958dc650907174af0554,24.75,-24.5,-49.25,True,False,5
causal-gen-096,96,direct_choice,197,6,5,easy_padded_random,2,Qwen/Qwen3-4B-Instruct-2507,cdbee75f17c01a7cc42f958dc650907174af0554,24.75,22.5,-2.25,True,True,10
causal-gen-096,96,direct_choice,197,6,5,easy_short_random,2,Qwen/Qwen3-4B-Instruct-2507,cdbee75f17c01a7cc42f958dc650907174af0554,24.75,24.75,0.0,True,True,5
causal-gen-096,96,direct_choice,197,6,5,donor_padded_random,2,Qwen/Qwen3-4B-Instruct-2507,cdbee75f17c01a7cc42f958dc650907174af0554,24.75,24.75,0.0,True,True,10
causal-gen-096,96,direct_choice,197,6,5,donor_short_random,2,Qwen/Qwen3-4B-Instruct-2507,cdbee75f17c01a7cc42f958dc650907174af0554,24.75,24.5,-0.25,True,True,5
causal-gen-097,97,direct_choice,198,7,5,easy_padded_tokens,2,Qwen/Qwen3-4B-Instruct-2507,cdbee75f17c01a7cc42f958dc650907174af0554,22.5,22.5,0.0,True,True,10
causal-gen-097,97,direct_choice,198,7,5,easy_short_tokens,2,Qwen/Qwen3-4B-Instruct-2507,cdbee75f17c01a7cc42f958dc650907174af0554,22.5,24.75,2.25,True,True,5
causal-gen-097,97,direct_choice,198,7,5,donor_padded_tokens,2,Qwen/Qwen3-4B-Instruct-2507,cdbee75f17c01a7cc42f958dc650907174af0554,22.5,22.5,0.0,True,True,10
causal-gen-097,97,direct_choice,198,7,5,donor_short_tokens,2,Qwen/Qwen3-4B-Instruct-2507,cdbee75f17c01a7cc42f958dc650907174af0554,22.5,-29.625,-52.125,True,False,5
causal-gen-097,97,direct_choice,198,7,5,easy_padded_random,2,Qwen/Qwen3-4B-Instruct-2507,cdbee75f17c01a7cc42f958dc650907174af0554,22.5,22.5,0.0,True,True,10
causal-gen-097,97,direct_choice,198,7,5,easy_short_random,2,Qwen/Qwen3-4B-Instruct-2507,cdbee75f17c01a7cc42f958dc650907174af0554,22.5,23.875,1.375,True,True,5
causal-gen-097,97,direct_choice,198,7,5,donor_padded_random,2,Qwen/Qwen3-4B-Instruct-2507,cdbee75f17c01a7cc42f958dc650907174af0554,22.5,22.125,-0.375,True,True,10
causal-gen-097,97,direct_choice,198,7,5,donor_short_random,2,Qwen/Qwen3-4B-Instruct-2507,cdbee75f17c01a7cc42f958dc650907174af0554,22.5,22.125,-0.375,True,True,5
causal-gen-098,98,direct_choice,199,8,5,easy_padded_tokens,2,Qwen/Qwen3-4B-Instruct-2507,cdbee75f17c01a7cc42f958dc650907174af0554,19.375,22.125,2.75,True,True,10
causal-gen-098,98,direct_choice,199,8,5,easy_short_tokens,2,Qwen/Qwen3-4B-Instruct-2507,cdbee75f17c01a7cc42f958dc650907174af0554,19.375,23.25,3.875,True,True,5
causal-gen-098,98,direct_choice,199,8,5,donor_padded_tokens,2,Qwen/Qwen3-4B-Instruct-2507,cdbee75f17c01a7cc42f958dc650907174af0554,19.375,19.375,0.0,True,True,10
causal-gen-098,98,direct_choice,199,8,5,donor_short_tokens,2,Qwen/Qwen3-4B-Instruct-2507,cdbee75f17c01a7cc42f958dc650907174af0554,19.375,-30.625,-50.0,True,False,5
causal-gen-098,98,direct_choice,199,8,5,easy_padded_random,2,Qwen/Qwen3-4B-Instruct-2507,cdbee75f17c01a7cc42f958dc650907174af0554,19.375,-1.75,-21.125,True,False,10
causal-gen-098,98,direct_choice,199,8,5,easy_short_random,2,Qwen/Qwen3-4B-Instruct-2507,cdbee75f17c01a7cc42f958dc650907174af0554,19.375,19.625,0.25,True,True,5
causal-gen-098,98,direct_choice,199,8,5,donor_padded_random,2,Qwen/Qwen3-4B-Instruct-2507,cdbee75f17c01a7cc42f958dc650907174af0554,19.375,19.75,0.375,True,True,10
causal-gen-098,98,direct_choice,199,8,5,donor_short_random,2,Qwen/Qwen3-4B-Instruct-2507,cdbee75f17c01a7cc42f958dc650907174af0554,19.375,19.375,0.0,True,True,5
causal-gen-099,99,direct_choice,200,9,5,easy_padded_tokens,2,Qwen/Qwen3-4B-Instruct-2507,cdbee75f17c01a7cc42f958dc650907174af0554,21.375,21.875,0.5,True,True,10
causal-gen-099,99,direct_choice,200,9,5,easy_short_tokens,2,Qwen/Qwen3-4B-Instruct-2507,cdbee75f17c01a7cc42f958dc650907174af0554,21.375,23.375,2.0,True,True,5
causal-gen-099,99,direct_choice,200,9,5,donor_padded_tokens,2,Qwen/Qwen3-4B-Instruct-2507,cdbee75f17c01a7cc42f958dc650907174af0554,21.375,21.375,0.0,True,True,10
causal-gen-099,99,direct_choice,200,9,5,donor_short_tokens,2,Qwen/Qwen3-4B-Instruct-2507,cdbee75f17c01a7cc42f958dc650907174af0554,21.375,-30.125,-51.5,True,False,5
causal-gen-099,99,direct_choice,200,9,5,easy_padded_random,2,Qwen/Qwen3-4B-Instruct-2507,cdbee75f17c01a7cc42f958dc650907174af0554,21.375,21.625,0.25,True,True,10
causal-gen-099,99,direct_choice,200,9,5,easy_short_random,2,Qwen/Qwen3-4B-Instruct-2507,cdbee75f17c01a7cc42f958dc650907174af0554,21.375,22.25,0.875,True,True,5
causal-gen-099,99,direct_choice,200,9,5,donor_padded_random,2,Qwen/Qwen3-4B-Instruct-2507,cdbee75f17c01a7cc42f958dc650907174af0554,21.375,21.5,0.125,True,True,10
causal-gen-099,99,direct_choice,200,9,5,donor_short_random,2,Qwen/Qwen3-4B-Instruct-2507,cdbee75f17c01a7cc42f958dc650907174af0554,21.375,21.5,0.125,True,True,5
