id,case,template,whole,digit,zeros,control,layer,model,revision,hard_margin,patched_margin,margin_effect,hard_correct,patched_correct,patched_token_count
causal-gen-000,0,relation_statements,101,0,1,easy_padded_tokens,7,google/gemma-2-9b-it,11c9b309abf73637e4b6f9a3fa1e92e615547819,8.875,9.3125,0.4375,True,True,6
causal-gen-000,0,relation_statements,101,0,1,easy_short_tokens,7,google/gemma-2-9b-it,11c9b309abf73637e4b6f9a3fa1e92e615547819,8.875,9.875,1.0,True,True,5
causal-gen-000,0,relation_statements,101,0,1,donor_padded_tokens,7,google/gemma-2-9b-it,11c9b309abf73637e4b6f9a3fa1e92e615547819,8.875,8.875,0.0,True,True,6
causal-gen-000,0,relation_statements,101,0,1,donor_short_tokens,7,google/gemma-2-9b-it,11c9b309abf73637e4b6f9a3fa1e92e615547819,8.875,-9.0,-17.875,True,False,5
causal-gen-000,0,relation_statements,101,0,1,easy_padded_random,7,google/gemma-2-9b-it,11c9b309abf73637e4b6f9a3fa1e92e615547819,8.875,8.8125,-0.0625,True,True,6
causal-gen-000,0,relation_statements,101,0,1,easy_short_random,7,google/gemma-2-9b-it,11c9b309abf73637e4b6f9a3fa1e92e615547819,8.875,9.125,0.25,True,True,5
causal-gen-000,0,relation_statements,101,0,1,donor_padded_random,7,google/gemma-2-9b-it,11c9b309abf73637e4b6f9a3fa1e92e615547819,8.875,8.875,0.0,True,True,6
causal-gen-000,0,relation_statements,101,0,1,donor_short_random,7,google/gemma-2-9b-it,11c9b309abf73637e4b6f9a3fa1e92e615547819,8.875,8.8125,-0.0625,True,True,5
causal-gen-001,1,relation_statements,102,1,1,easy_padded_tokens,7,google/gemma-2-9b-it,11c9b309abf73637e4b6f9a3fa1e92e615547819,-7.25,-3.375,3.875,False,False,6
causal-gen-001,1,relation_statements,102,1,1,easy_short_tokens,7,google/gemma-2-9b-it,11c9b309abf73637e4b6f9a3fa1e92e615547819,-7.25,-4.75,2.5,False,False,5
causal-gen-001,1,relation_statements,102,1,1,donor_padded_tokens,7,google/gemma-2-9b-it,11c9b309abf73637e4b6f9a3fa1e92e615547819,-7.25,-7.25,0.0,False,False,6
causal-gen-001,1,relation_statements,102,1,1,donor_short_tokens,7,google/gemma-2-9b-it,11c9b309abf73637e4b6f9a3fa1e92e615547819,-7.25,-10.1875,-2.9375,False,False,5
causal-gen-001,1,relation_statements,102,1,1,easy_padded_random,7,google/gemma-2-9b-it,11c9b309abf73637e4b6f9a3fa1e92e615547819,-7.25,-7.25,0.0,False,False,6
causal-gen-001,1,relation_statements,102,1,1,easy_short_random,7,google/gemma-2-9b-it,11c9b309abf73637e4b6f9a3fa1e92e615547819,-7.25,-7.25,0.0,False,False,5
causal-gen-001,1,relation_statements,102,1,1,donor_padded_random,7,google/gemma-2-9b-it,11c9b309abf73637e4b6f9a3fa1e92e615547819,-7.25,-7.25,0.0,False,False,6
causal-gen-001,1,relation_statements,102,1,1,donor_short_random,7,google/gemma-2-9b-it,11c9b309abf73637e4b6f9a3fa1e92e615547819,-7.25,-7.25,0.0,False,False,5
causal-gen-002,2,relation_statements,103,2,1,easy_padded_tokens,7,google/gemma-2-9b-it,11c9b309abf73637e4b6f9a3fa1e92e615547819,-2.125,7.125,9.25,False,True,6
causal-gen-002,2,relation_statements,103,2,1,easy_short_tokens,7,google/gemma-2-9b-it,11c9b309abf73637e4b6f9a3fa1e92e615547819,-2.125,2.75,4.875,False,True,5
causal-gen-002,2,relation_statements,103,2,1,donor_padded_tokens,7,google/gemma-2-9b-it,11c9b309abf73637e4b6f9a3fa1e92e615547819,-2.125,-2.125,0.0,False,False,6
causal-gen-002,2,relation_statements,103,2,1,donor_short_tokens,7,google/gemma-2-9b-it,11c9b309abf73637e4b6f9a3fa1e92e615547819,-2.125,-9.125,-7.0,False,False,5
causal-gen-002,2,relation_statements,103,2,1,easy_padded_random,7,google/gemma-2-9b-it,11c9b309abf73637e4b6f9a3fa1e92e615547819,-2.125,-3.125,-1.0,False,False,6
causal-gen-002,2,relation_statements,103,2,1,easy_short_random,7,google/gemma-2-9b-it,11c9b309abf73637e4b6f9a3fa1e92e615547819,-2.125,-2.375,-0.25,False,False,5
causal-gen-002,2,relation_statements,103,2,1,donor_padded_random,7,google/gemma-2-9b-it,11c9b309abf73637e4b6f9a3fa1e92e615547819,-2.125,-2.125,0.0,False,False,6
causal-gen-002,2,relation_statements,103,2,1,donor_short_random,7,google/gemma-2-9b-it,11c9b309abf73637e4b6f9a3fa1e92e615547819,-2.125,-2.25,-0.125,False,False,5
causal-gen-003,3,relation_statements,104,3,1,easy_padded_tokens,7,google/gemma-2-9b-it,11c9b309abf73637e4b6f9a3fa1e92e615547819,-5.875,-1.125,4.75,False,False,6
causal-gen-003,3,relation_statements,104,3,1,easy_short_tokens,7,google/gemma-2-9b-it,11c9b309abf73637e4b6f9a3fa1e92e615547819,-5.875,-3.125,2.75,False,False,5
causal-gen-003,3,relation_statements,104,3,1,donor_padded_tokens,7,google/gemma-2-9b-it,11c9b309abf73637e4b6f9a3fa1e92e615547819,-5.875,-5.875,0.0,False,False,6
causal-gen-003,3,relation_statements,104,3,1,donor_short_tokens,7,google/gemma-2-9b-it,11c9b309abf73637e4b6f9a3fa1e92e615547819,-5.875,-9.125,-3.25,False,False,5
causal-gen-003,3,relation_statements,104,3,1,easy_padded_random,7,google/gemma-2-9b-it,11c9b309abf73637e4b6f9a3fa1e92e615547819,-5.875,-5.875,0.0,False,False,6
causal-gen-003,3,relation_statements,104,3,1,easy_short_random,7,google/gemma-2-9b-it,11c9b309abf73637e4b6f9a3fa1e92e615547819,-5.875,-5.5,0.375,False,False,5
causal-gen-003,3,relation_statements,104,3,1,donor_padded_random,7,google/gemma-2-9b-it,11c9b309abf73637e4b6f9a3fa1e92e615547819,-5.875,-5.875,0.0,False,False,6
causal-gen-003,3,relation_statements,104,3,1,donor_short_random,7,google/gemma-2-9b-it,11c9b309abf73637e4b6f9a3fa1e92e615547819,-5.875,-5.875,0.0,False,False,5
causal-gen-004,4,relation_statements,105,4,1,easy_padded_tokens,7,google/gemma-2-9b-it,11c9b309abf73637e4b6f9a3fa1e92e615547819,-4.125,7.125,11.25,False,True,6
causal-gen-004,4,relation_statements,105,4,1,easy_short_tokens,7,google/gemma-2-9b-it,11c9b309abf73637e4b6f9a3fa1e92e615547819,-4.125,3.25,7.375,False,True,5
causal-gen-004,4,relation_statements,105,4,1,donor_padded_tokens,7,google/gemma-2-9b-it,11c9b309abf73637e4b6f9a3fa1e92e615547819,-4.125,-4.125,0.0,False,False,6
causal-gen-004,4,relation_statements,105,4,1,donor_short_tokens,7,google/gemma-2-9b-it,11c9b309abf73637e4b6f9a3fa1e92e615547819,-4.125,-9.125,-5.0,False,False,5
causal-gen-004,4,relation_statements,105,4,1,easy_padded_random,7,google/gemma-2-9b-it,11c9b309abf73637e4b6f9a3fa1e92e615547819,-4.125,-3.5,0.625,False,False,6
causal-gen-004,4,relation_statements,105,4,1,easy_short_random,7,google/gemma-2-9b-it,11c9b309abf73637e4b6f9a3fa1e92e615547819,-4.125,-4.25,-0.125,False,False,5
causal-gen-004,4,relation_statements,105,4,1,donor_padded_random,7,google/gemma-2-9b-it,11c9b309abf73637e4b6f9a3fa1e92e615547819,-4.125,-4.375,-0.25,False,False,6
causal-gen-004,4,relation_statements,105,4,1,donor_short_random,7,google/gemma-2-9b-it,11c9b309abf73637e4b6f9a3fa1e92e615547819,-4.125,-4.25,-0.125,False,False,5
causal-gen-005,5,relation_statements,106,5,1,easy_padded_tokens,7,google/gemma-2-9b-it,11c9b309abf73637e4b6f9a3fa1e92e615547819,-1.25,6.9375,8.1875,False,True,6
causal-gen-005,5,relation_statements,106,5,1,easy_short_tokens,7,google/gemma-2-9b-it,11c9b309abf73637e4b6f9a3fa1e92e615547819,-1.25,4.875,6.125,False,True,5
causal-gen-005,5,relation_statements,106,5,1,donor_padded_tokens,7,google/gemma-2-9b-it,11c9b309abf73637e4b6f9a3fa1e92e615547819,-1.25,-1.25,0.0,False,False,6
causal-gen-005,5,relation_statements,106,5,1,donor_short_tokens,7,google/gemma-2-9b-it,11c9b309abf73637e4b6f9a3fa1e92e615547819,-1.25,-10.0625,-8.8125,False,False,5
causal-gen-005,5,relation_statements,106,5,1,easy_padded_random,7,google/gemma-2-9b-it,11c9b309abf73637e4b6f9a3fa1e92e615547819,-1.25,2.75,4.0,False,True,6
causal-gen-005,5,relation_statements,106,5,1,easy_short_random,7,google/gemma-2-9b-it,11c9b309abf73637e4b6f9a3fa1e92e615547819,-1.25,-1.5,-0.25,False,False,5
causal-gen-005,5,relation_statements,106,5,1,donor_padded_random,7,google/gemma-2-9b-it,11c9b309abf73637e4b6f9a3fa1e92e615547819,-1.25,-1.5,-0.25,False,False,6
causal-gen-005,5,relation_statements,106,5,1,donor_short_random,7,google/gemma-2-9b-it,11c9b309abf73637e4b6f9a3fa1e92e615547819,-1.25,-1.25,0.0,False,False,5
causal-gen-006,6,relation_statements,107,6,1,easy_padded_tokens,7,google/gemma-2-9b-it,11c9b309abf73637e4b6f9a3fa1e92e615547819,-0.625,7.25,7.875,False,True,6
causal-gen-006,6,relation_statements,107,6,1,easy_short_tokens,7,google/gemma-2-9b-it,11c9b309abf73637e4b6f9a3fa1e92e615547819,-0.625,-0.5,0.125,False,False,5
causal-gen-006,6,relation_statements,107,6,1,donor_padded_tokens,7,google/gemma-2-9b-it,11c9b309abf73637e4b6f9a3fa1e92e615547819,-0.625,-0.625,0.0,False,False,6
causal-gen-006,6,relation_statements,107,6,1,donor_short_tokens,7,google/gemma-2-9b-it,11c9b309abf73637e4b6f9a3fa1e92e615547819,-0.625,-9.6875,-9.0625,False,False,5
causal-gen-006,6,relation_statements,107,6,1,easy_padded_random,7,google/gemma-2-9b-it,11c9b309abf73637e4b6f9a3fa1e92e615547819,-0.625,-0.625,0.0,False,False,6
causal-gen-006,6,relation_statements,107,6,1,easy_short_random,7,google/gemma-2-9b-it,11c9b309abf73637e4b6f9a3fa1e92e615547819,-0.625,-0.625,0.0,False,False,5
causal-gen-006,6,relation_statements,107,6,1,donor_padded_random,7,google/gemma-2-9b-it,11c9b309abf73637e4b6f9a3fa1e92e615547819,-0.625,-0.75,-0.125,False,False,6
causal-gen-006,6,relation_statements,107,6,1,donor_short_random,7,google/gemma-2-9b-it,11c9b309abf73637e4b6f9a3fa1e92e615547819,-0.625,-0.5,0.125,False,False,5
causal-gen-007,7,relation_statements,108,7,1,easy_padded_tokens,7,google/gemma-2-9b-it,11c9b309abf73637e4b6f9a3fa1e92e615547819,-3.0,6.4375,9.4375,False,True,6
causal-gen-007,7,relation_statements,108,7,1,easy_short_tokens,7,google/gemma-2-9b-it,11c9b309abf73637e4b6f9a3fa1e92e615547819,-3.0,-1.25,1.75,False,False,5
causal-gen-007,7,relation_statements,108,7,1,donor_padded_tokens,7,google/gemma-2-9b-it,11c9b309abf73637e4b6f9a3fa1e92e615547819,-3.0,-3.0,0.0,False,False,6
causal-gen-007,7,relation_statements,108,7,1,donor_short_tokens,7,google/gemma-2-9b-it,11c9b309abf73637e4b6f9a3fa1e92e615547819,-3.0,-8.8125,-5.8125,False,False,5
causal-gen-007,7,relation_statements,108,7,1,easy_padded_random,7,google/gemma-2-9b-it,11c9b309abf73637e4b6f9a3fa1e92e615547819,-3.0,-3.125,-0.125,False,False,6
causal-gen-007,7,relation_statements,108,7,1,easy_short_random,7,google/gemma-2-9b-it,11c9b309abf73637e4b6f9a3fa1e92e615547819,-3.0,-3.125,-0.125,False,False,5
causal-gen-007,7,relation_statements,108,7,1,donor_padded_random,7,google/gemma-2-9b-it,11c9b309abf73637e4b6f9a3fa1e92e615547819,-3.0,-3.125,-0.125,False,False,6
causal-gen-007,7,relation_statements,108,7,1,donor_short_random,7,google/gemma-2-9b-it,11c9b309abf73637e4b6f9a3fa1e92e615547819,-3.0,-3.375,-0.375,False,False,5
causal-gen-008,8,relation_statements,109,8,1,easy_padded_tokens,7,google/gemma-2-9b-it,11c9b309abf73637e4b6f9a3fa1e92e615547819,-4.5,5.0,9.5,False,True,6
causal-gen-008,8,relation_statements,109,8,1,easy_short_tokens,7,google/gemma-2-9b-it,11c9b309abf73637e4b6f9a3fa1e92e615547819,-4.5,-3.625,0.875,False,False,5
causal-gen-008,8,relation_statements,109,8,1,donor_padded_tokens,7,google/gemma-2-9b-it,11c9b309abf73637e4b6f9a3fa1e92e615547819,-4.5,-4.5,0.0,False,False,6
causal-gen-008,8,relation_statements,109,8,1,donor_short_tokens,7,google/gemma-2-9b-it,11c9b309abf73637e4b6f9a3fa1e92e615547819,-4.5,-10.75,-6.25,False,False,5
causal-gen-008,8,relation_statements,109,8,1,easy_padded_random,7,google/gemma-2-9b-it,11c9b309abf73637e4b6f9a3fa1e92e615547819,-4.5,-5.0,-0.5,False,False,6
causal-gen-008,8,relation_statements,109,8,1,easy_short_random,7,google/gemma-2-9b-it,11c9b309abf73637e4b6f9a3fa1e92e615547819,-4.5,-4.375,0.125,False,False,5
causal-gen-008,8,relation_statements,109,8,1,donor_padded_random,7,google/gemma-2-9b-it,11c9b309abf73637e4b6f9a3fa1e92e615547819,-4.5,-4.375,0.125,False,False,6
causal-gen-008,8,relation_statements,109,8,1,donor_short_random,7,google/gemma-2-9b-it,11c9b309abf73637e4b6f9a3fa1e92e615547819,-4.5,-4.5,0.0,False,False,5
causal-gen-009,9,relation_statements,110,9,1,easy_padded_tokens,7,google/gemma-2-9b-it,11c9b309abf73637e4b6f9a3fa1e92e615547819,-7.0625,-3.0,4.0625,False,False,6
causal-gen-009,9,relation_statements,110,9,1,easy_short_tokens,7,google/gemma-2-9b-it,11c9b309abf73637e4b6f9a3fa1e92e615547819,-7.0625,-5.75,1.3125,False,False,5
causal-gen-009,9,relation_statements,110,9,1,donor_padded_tokens,7,google/gemma-2-9b-it,11c9b309abf73637e4b6f9a3fa1e92e615547819,-7.0625,-7.0625,0.0,False,False,6
causal-gen-009,9,relation_statements,110,9,1,donor_short_tokens,7,google/gemma-2-9b-it,11c9b309abf73637e4b6f9a3fa1e92e615547819,-7.0625,-10.9375,-3.875,False,False,5
causal-gen-009,9,relation_statements,110,9,1,easy_padded_random,7,google/gemma-2-9b-it,11c9b309abf73637e4b6f9a3fa1e92e615547819,-7.0625,-7.0625,0.0,False,False,6
causal-gen-009,9,relation_statements,110,9,1,easy_short_random,7,google/gemma-2-9b-it,11c9b309abf73637e4b6f9a3fa1e92e615547819,-7.0625,-7.0625,0.0,False,False,5
causal-gen-009,9,relation_statements,110,9,1,donor_padded_random,7,google/gemma-2-9b-it,11c9b309abf73637e4b6f9a3fa1e92e615547819,-7.0625,-7.1875,-0.125,False,False,6
causal-gen-009,9,relation_statements,110,9,1,donor_short_random,7,google/gemma-2-9b-it,11c9b309abf73637e4b6f9a3fa1e92e615547819,-7.0625,-7.0625,0.0,False,False,5
causal-gen-010,10,relation_statements,111,0,2,easy_padded_tokens,7,google/gemma-2-9b-it,11c9b309abf73637e4b6f9a3fa1e92e615547819,8.125,8.5,0.375,True,True,7
causal-gen-010,10,relation_statements,111,0,2,easy_short_tokens,7,google/gemma-2-9b-it,11c9b309abf73637e4b6f9a3fa1e92e615547819,8.125,9.875,1.75,True,True,5
causal-gen-010,10,relation_statements,111,0,2,donor_padded_tokens,7,google/gemma-2-9b-it,11c9b309abf73637e4b6f9a3fa1e92e615547819,8.125,8.125,0.0,True,True,7
causal-gen-010,10,relation_statements,111,0,2,donor_short_tokens,7,google/gemma-2-9b-it,11c9b309abf73637e4b6f9a3fa1e92e615547819,8.125,-6.5,-14.625,True,False,5
causal-gen-010,10,relation_statements,111,0,2,easy_padded_random,7,google/gemma-2-9b-it,11c9b309abf73637e4b6f9a3fa1e92e615547819,8.125,8.0,-0.125,True,True,7
causal-gen-010,10,relation_statements,111,0,2,easy_short_random,7,google/gemma-2-9b-it,11c9b309abf73637e4b6f9a3fa1e92e615547819,8.125,8.4375,0.3125,True,True,5
causal-gen-010,10,relation_statements,111,0,2,donor_padded_random,7,google/gemma-2-9b-it,11c9b309abf73637e4b6f9a3fa1e92e615547819,8.125,7.5,-0.625,True,True,7
causal-gen-010,10,relation_statements,111,0,2,donor_short_random,7,google/gemma-2-9b-it,11c9b309abf73637e4b6f9a3fa1e92e615547819,8.125,8.0,-0.125,True,True,5
causal-gen-011,11,relation_statements,112,1,2,easy_padded_tokens,7,google/gemma-2-9b-it,11c9b309abf73637e4b6f9a3fa1e92e615547819,-3.75,4.375,8.125,False,True,7
causal-gen-011,11,relation_statements,112,1,2,easy_short_tokens,7,google/gemma-2-9b-it,11c9b309abf73637e4b6f9a3fa1e92e615547819,-3.75,0.0,3.75,False,False,5
causal-gen-011,11,relation_statements,112,1,2,donor_padded_tokens,7,google/gemma-2-9b-it,11c9b309abf73637e4b6f9a3fa1e92e615547819,-3.75,-3.75,0.0,False,False,7
causal-gen-011,11,relation_statements,112,1,2,donor_short_tokens,7,google/gemma-2-9b-it,11c9b309abf73637e4b6f9a3fa1e92e615547819,-3.75,-7.0,-3.25,False,False,5
causal-gen-011,11,relation_statements,112,1,2,easy_padded_random,7,google/gemma-2-9b-it,11c9b309abf73637e4b6f9a3fa1e92e615547819,-3.75,-3.875,-0.125,False,False,7
causal-gen-011,11,relation_statements,112,1,2,easy_short_random,7,google/gemma-2-9b-it,11c9b309abf73637e4b6f9a3fa1e92e615547819,-3.75,-2.75,1.0,False,False,5
causal-gen-011,11,relation_statements,112,1,2,donor_padded_random,7,google/gemma-2-9b-it,11c9b309abf73637e4b6f9a3fa1e92e615547819,-3.75,-3.875,-0.125,False,False,7
causal-gen-011,11,relation_statements,112,1,2,donor_short_random,7,google/gemma-2-9b-it,11c9b309abf73637e4b6f9a3fa1e92e615547819,-3.75,-3.75,0.0,False,False,5
causal-gen-012,12,relation_statements,113,2,2,easy_padded_tokens,7,google/gemma-2-9b-it,11c9b309abf73637e4b6f9a3fa1e92e615547819,5.625,7.625,2.0,True,True,7
causal-gen-012,12,relation_statements,113,2,2,easy_short_tokens,7,google/gemma-2-9b-it,11c9b309abf73637e4b6f9a3fa1e92e615547819,5.625,4.375,-1.25,True,True,5
causal-gen-012,12,relation_statements,113,2,2,donor_padded_tokens,7,google/gemma-2-9b-it,11c9b309abf73637e4b6f9a3fa1e92e615547819,5.625,5.625,0.0,True,True,7
causal-gen-012,12,relation_statements,113,2,2,donor_short_tokens,7,google/gemma-2-9b-it,11c9b309abf73637e4b6f9a3fa1e92e615547819,5.625,-7.5625,-13.1875,True,False,5
causal-gen-012,12,relation_statements,113,2,2,easy_padded_random,7,google/gemma-2-9b-it,11c9b309abf73637e4b6f9a3fa1e92e615547819,5.625,5.625,0.0,True,True,7
causal-gen-012,12,relation_statements,113,2,2,easy_short_random,7,google/gemma-2-9b-it,11c9b309abf73637e4b6f9a3fa1e92e615547819,5.625,5.625,0.0,True,True,5
causal-gen-012,12,relation_statements,113,2,2,donor_padded_random,7,google/gemma-2-9b-it,11c9b309abf73637e4b6f9a3fa1e92e615547819,5.625,5.625,0.0,True,True,7
causal-gen-012,12,relation_statements,113,2,2,donor_short_random,7,google/gemma-2-9b-it,11c9b309abf73637e4b6f9a3fa1e92e615547819,5.625,5.625,0.0,True,True,5
causal-gen-013,13,relation_statements,114,3,2,easy_padded_tokens,7,google/gemma-2-9b-it,11c9b309abf73637e4b6f9a3fa1e92e615547819,4.125,6.9375,2.8125,True,True,7
causal-gen-013,13,relation_statements,114,3,2,easy_short_tokens,7,google/gemma-2-9b-it,11c9b309abf73637e4b6f9a3fa1e92e615547819,4.125,2.75,-1.375,True,True,5
causal-gen-013,13,relation_statements,114,3,2,donor_padded_tokens,7,google/gemma-2-9b-it,11c9b309abf73637e4b6f9a3fa1e92e615547819,4.125,4.125,0.0,True,True,7
causal-gen-013,13,relation_statements,114,3,2,donor_short_tokens,7,google/gemma-2-9b-it,11c9b309abf73637e4b6f9a3fa1e92e615547819,4.125,-7.3125,-11.4375,True,False,5
causal-gen-013,13,relation_statements,114,3,2,easy_padded_random,7,google/gemma-2-9b-it,11c9b309abf73637e4b6f9a3fa1e92e615547819,4.125,3.375,-0.75,True,True,7
causal-gen-013,13,relation_statements,114,3,2,easy_short_random,7,google/gemma-2-9b-it,11c9b309abf73637e4b6f9a3fa1e92e615547819,4.125,4.125,0.0,True,True,5
causal-gen-013,13,relation_statements,114,3,2,donor_padded_random,7,google/gemma-2-9b-it,11c9b309abf73637e4b6f9a3fa1e92e615547819,4.125,4.125,0.0,True,True,7
causal-gen-013,13,relation_statements,114,3,2,donor_short_random,7,google/gemma-2-9b-it,11c9b309abf73637e4b6f9a3fa1e92e615547819,4.125,4.125,0.0,True,True,5
causal-gen-014,14,relation_statements,115,4,2,easy_padded_tokens,7,google/gemma-2-9b-it,11c9b309abf73637e4b6f9a3fa1e92e615547819,5.625,7.75,2.125,True,True,7
causal-gen-014,14,relation_statements,115,4,2,easy_short_tokens,7,google/gemma-2-9b-it,11c9b309abf73637e4b6f9a3fa1e92e615547819,5.625,4.5,-1.125,True,True,5
causal-gen-014,14,relation_statements,115,4,2,donor_padded_tokens,7,google/gemma-2-9b-it,11c9b309abf73637e4b6f9a3fa1e92e615547819,5.625,5.625,0.0,True,True,7
causal-gen-014,14,relation_statements,115,4,2,donor_short_tokens,7,google/gemma-2-9b-it,11c9b309abf73637e4b6f9a3fa1e92e615547819,5.625,-7.0625,-12.6875,True,False,5
causal-gen-014,14,relation_statements,115,4,2,easy_padded_random,7,google/gemma-2-9b-it,11c9b309abf73637e4b6f9a3fa1e92e615547819,5.625,4.75,-0.875,True,True,7
causal-gen-014,14,relation_statements,115,4,2,easy_short_random,7,google/gemma-2-9b-it,11c9b309abf73637e4b6f9a3fa1e92e615547819,5.625,6.6875,1.0625,True,True,5
causal-gen-014,14,relation_statements,115,4,2,donor_padded_random,7,google/gemma-2-9b-it,11c9b309abf73637e4b6f9a3fa1e92e615547819,5.625,4.875,-0.75,True,True,7
causal-gen-014,14,relation_statements,115,4,2,donor_short_random,7,google/gemma-2-9b-it,11c9b309abf73637e4b6f9a3fa1e92e615547819,5.625,5.625,0.0,True,True,5
causal-gen-015,15,relation_statements,116,5,2,easy_padded_tokens,7,google/gemma-2-9b-it,11c9b309abf73637e4b6f9a3fa1e92e615547819,6.375,7.9375,1.5625,True,True,7
causal-gen-015,15,relation_statements,116,5,2,easy_short_tokens,7,google/gemma-2-9b-it,11c9b309abf73637e4b6f9a3fa1e92e615547819,6.375,6.25,-0.125,True,True,5
causal-gen-015,15,relation_statements,116,5,2,donor_padded_tokens,7,google/gemma-2-9b-it,11c9b309abf73637e4b6f9a3fa1e92e615547819,6.375,6.375,0.0,True,True,7
causal-gen-015,15,relation_statements,116,5,2,donor_short_tokens,7,google/gemma-2-9b-it,11c9b309abf73637e4b6f9a3fa1e92e615547819,6.375,-7.875,-14.25,True,False,5
causal-gen-015,15,relation_statements,116,5,2,easy_padded_random,7,google/gemma-2-9b-it,11c9b309abf73637e4b6f9a3fa1e92e615547819,6.375,6.25,-0.125,True,True,7
causal-gen-015,15,relation_statements,116,5,2,easy_short_random,7,google/gemma-2-9b-it,11c9b309abf73637e4b6f9a3fa1e92e615547819,6.375,6.25,-0.125,True,True,5
causal-gen-015,15,relation_statements,116,5,2,donor_padded_random,7,google/gemma-2-9b-it,11c9b309abf73637e4b6f9a3fa1e92e615547819,6.375,6.375,0.0,True,True,7
causal-gen-015,15,relation_statements,116,5,2,donor_short_random,7,google/gemma-2-9b-it,11c9b309abf73637e4b6f9a3fa1e92e615547819,6.375,6.375,0.0,True,True,5
causal-gen-016,16,relation_statements,117,6,2,easy_padded_tokens,7,google/gemma-2-9b-it,11c9b309abf73637e4b6f9a3fa1e92e615547819,6.5625,8.125,1.5625,True,True,7
causal-gen-016,16,relation_statements,117,6,2,easy_short_tokens,7,google/gemma-2-9b-it,11c9b309abf73637e4b6f9a3fa1e92e615547819,6.5625,6.0,-0.5625,True,True,5
causal-gen-016,16,relation_statements,117,6,2,donor_padded_tokens,7,google/gemma-2-9b-it,11c9b309abf73637e4b6f9a3fa1e92e615547819,6.5625,6.5625,0.0,True,True,7
causal-gen-016,16,relation_statements,117,6,2,donor_short_tokens,7,google/gemma-2-9b-it,11c9b309abf73637e4b6f9a3fa1e92e615547819,6.5625,-7.75,-14.3125,True,False,5
causal-gen-016,16,relation_statements,117,6,2,easy_padded_random,7,google/gemma-2-9b-it,11c9b309abf73637e4b6f9a3fa1e92e615547819,6.5625,6.375,-0.1875,True,True,7
causal-gen-016,16,relation_statements,117,6,2,easy_short_random,7,google/gemma-2-9b-it,11c9b309abf73637e4b6f9a3fa1e92e615547819,6.5625,6.5625,0.0,True,True,5
causal-gen-016,16,relation_statements,117,6,2,donor_padded_random,7,google/gemma-2-9b-it,11c9b309abf73637e4b6f9a3fa1e92e615547819,6.5625,6.5,-0.0625,True,True,7
causal-gen-016,16,relation_statements,117,6,2,donor_short_random,7,google/gemma-2-9b-it,11c9b309abf73637e4b6f9a3fa1e92e615547819,6.5625,6.5,-0.0625,True,True,5
causal-gen-017,17,relation_statements,118,7,2,easy_padded_tokens,7,google/gemma-2-9b-it,11c9b309abf73637e4b6f9a3fa1e92e615547819,5.625,7.625,2.0,True,True,7
causal-gen-017,17,relation_statements,118,7,2,easy_short_tokens,7,google/gemma-2-9b-it,11c9b309abf73637e4b6f9a3fa1e92e615547819,5.625,3.875,-1.75,True,True,5
causal-gen-017,17,relation_statements,118,7,2,donor_padded_tokens,7,google/gemma-2-9b-it,11c9b309abf73637e4b6f9a3fa1e92e615547819,5.625,5.625,0.0,True,True,7
causal-gen-017,17,relation_statements,118,7,2,donor_short_tokens,7,google/gemma-2-9b-it,11c9b309abf73637e4b6f9a3fa1e92e615547819,5.625,-7.1875,-12.8125,True,False,5
causal-gen-017,17,relation_statements,118,7,2,easy_padded_random,7,google/gemma-2-9b-it,11c9b309abf73637e4b6f9a3fa1e92e615547819,5.625,5.375,-0.25,True,True,7
causal-gen-017,17,relation_statements,118,7,2,easy_short_random,7,google/gemma-2-9b-it,11c9b309abf73637e4b6f9a3fa1e92e615547819,5.625,6.25,0.625,True,True,5
causal-gen-017,17,relation_statements,118,7,2,donor_padded_random,7,google/gemma-2-9b-it,11c9b309abf73637e4b6f9a3fa1e92e615547819,5.625,5.5,-0.125,True,True,7
causal-gen-017,17,relation_statements,118,7,2,donor_short_random,7,google/gemma-2-9b-it,11c9b309abf73637e4b6f9a3fa1e92e615547819,5.625,5.625,0.0,True,True,5
causal-gen-018,18,relation_statements,119,8,2,easy_padded_tokens,7,google/gemma-2-9b-it,11c9b309abf73637e4b6f9a3fa1e92e615547819,5.125,6.6875,1.5625,True,True,7
causal-gen-018,18,relation_statements,119,8,2,easy_short_tokens,7,google/gemma-2-9b-it,11c9b309abf73637e4b6f9a3fa1e92e615547819,5.125,2.625,-2.5,True,True,5
causal-gen-018,18,relation_statements,119,8,2,donor_padded_tokens,7,google/gemma-2-9b-it,11c9b309abf73637e4b6f9a3fa1e92e615547819,5.125,5.125,0.0,True,True,7
causal-gen-018,18,relation_statements,119,8,2,donor_short_tokens,7,google/gemma-2-9b-it,11c9b309abf73637e4b6f9a3fa1e92e615547819,5.125,-9.3125,-14.4375,True,False,5
causal-gen-018,18,relation_statements,119,8,2,easy_padded_random,7,google/gemma-2-9b-it,11c9b309abf73637e4b6f9a3fa1e92e615547819,5.125,5.125,0.0,True,True,7
causal-gen-018,18,relation_statements,119,8,2,easy_short_random,7,google/gemma-2-9b-it,11c9b309abf73637e4b6f9a3fa1e92e615547819,5.125,5.125,0.0,True,True,5
causal-gen-018,18,relation_statements,119,8,2,donor_padded_random,7,google/gemma-2-9b-it,11c9b309abf73637e4b6f9a3fa1e92e615547819,5.125,5.125,0.0,True,True,7
causal-gen-018,18,relation_statements,119,8,2,donor_short_random,7,google/gemma-2-9b-it,11c9b309abf73637e4b6f9a3fa1e92e615547819,5.125,5.125,0.0,True,True,5
causal-gen-019,19,relation_statements,120,9,2,easy_padded_tokens,7,google/gemma-2-9b-it,11c9b309abf73637e4b6f9a3fa1e92e615547819,-2.875,5.625,8.5,False,True,7
causal-gen-019,19,relation_statements,120,9,2,easy_short_tokens,7,google/gemma-2-9b-it,11c9b309abf73637e4b6f9a3fa1e92e615547819,-2.875,-2.125,0.75,False,False,5
causal-gen-019,19,relation_statements,120,9,2,donor_padded_tokens,7,google/gemma-2-9b-it,11c9b309abf73637e4b6f9a3fa1e92e615547819,-2.875,-2.875,0.0,False,False,7
causal-gen-019,19,relation_statements,120,9,2,donor_short_tokens,7,google/gemma-2-9b-it,11c9b309abf73637e4b6f9a3fa1e92e615547819,-2.875,-9.3125,-6.4375,False,False,5
causal-gen-019,19,relation_statements,120,9,2,easy_padded_random,7,google/gemma-2-9b-it,11c9b309abf73637e4b6f9a3fa1e92e615547819,-2.875,-3.0,-0.125,False,False,7
causal-gen-019,19,relation_statements,120,9,2,easy_short_random,7,google/gemma-2-9b-it,11c9b309abf73637e4b6f9a3fa1e92e615547819,-2.875,-2.25,0.625,False,False,5
causal-gen-019,19,relation_statements,120,9,2,donor_padded_random,7,google/gemma-2-9b-it,11c9b309abf73637e4b6f9a3fa1e92e615547819,-2.875,-3.0,-0.125,False,False,7
causal-gen-019,19,relation_statements,120,9,2,donor_short_random,7,google/gemma-2-9b-it,11c9b309abf73637e4b6f9a3fa1e92e615547819,-2.875,-3.125,-0.25,False,False,5
causal-gen-020,20,relation_statements,121,0,3,easy_padded_tokens,7,google/gemma-2-9b-it,11c9b309abf73637e4b6f9a3fa1e92e615547819,7.9375,8.6875,0.75,True,True,8
causal-gen-020,20,relation_statements,121,0,3,easy_short_tokens,7,google/gemma-2-9b-it,11c9b309abf73637e4b6f9a3fa1e92e615547819,7.9375,9.8125,1.875,True,True,5
causal-gen-020,20,relation_statements,121,0,3,donor_padded_tokens,7,google/gemma-2-9b-it,11c9b309abf73637e4b6f9a3fa1e92e615547819,7.9375,7.9375,0.0,True,True,8
causal-gen-020,20,relation_statements,121,0,3,donor_short_tokens,7,google/gemma-2-9b-it,11c9b309abf73637e4b6f9a3fa1e92e615547819,7.9375,-2.875,-10.8125,True,False,5
causal-gen-020,20,relation_statements,121,0,3,easy_padded_random,7,google/gemma-2-9b-it,11c9b309abf73637e4b6f9a3fa1e92e615547819,7.9375,8.3125,0.375,True,True,8
causal-gen-020,20,relation_statements,121,0,3,easy_short_random,7,google/gemma-2-9b-it,11c9b309abf73637e4b6f9a3fa1e92e615547819,7.9375,8.125,0.1875,True,True,5
causal-gen-020,20,relation_statements,121,0,3,donor_padded_random,7,google/gemma-2-9b-it,11c9b309abf73637e4b6f9a3fa1e92e615547819,7.9375,7.75,-0.1875,True,True,8
causal-gen-020,20,relation_statements,121,0,3,donor_short_random,7,google/gemma-2-9b-it,11c9b309abf73637e4b6f9a3fa1e92e615547819,7.9375,8.0625,0.125,True,True,5
causal-gen-021,21,relation_statements,122,1,3,easy_padded_tokens,7,google/gemma-2-9b-it,11c9b309abf73637e4b6f9a3fa1e92e615547819,1.375,6.125,4.75,True,True,8
causal-gen-021,21,relation_statements,122,1,3,easy_short_tokens,7,google/gemma-2-9b-it,11c9b309abf73637e4b6f9a3fa1e92e615547819,1.375,3.875,2.5,True,True,5
causal-gen-021,21,relation_statements,122,1,3,donor_padded_tokens,7,google/gemma-2-9b-it,11c9b309abf73637e4b6f9a3fa1e92e615547819,1.375,1.375,0.0,True,True,8
causal-gen-021,21,relation_statements,122,1,3,donor_short_tokens,7,google/gemma-2-9b-it,11c9b309abf73637e4b6f9a3fa1e92e615547819,1.375,-6.375,-7.75,True,False,5
causal-gen-021,21,relation_statements,122,1,3,easy_padded_random,7,google/gemma-2-9b-it,11c9b309abf73637e4b6f9a3fa1e92e615547819,1.375,1.75,0.375,True,True,8
causal-gen-021,21,relation_statements,122,1,3,easy_short_random,7,google/gemma-2-9b-it,11c9b309abf73637e4b6f9a3fa1e92e615547819,1.375,1.75,0.375,True,True,5
causal-gen-021,21,relation_statements,122,1,3,donor_padded_random,7,google/gemma-2-9b-it,11c9b309abf73637e4b6f9a3fa1e92e615547819,1.375,1.5,0.125,True,True,8
causal-gen-021,21,relation_statements,122,1,3,donor_short_random,7,google/gemma-2-9b-it,11c9b309abf73637e4b6f9a3fa1e92e615547819,1.375,1.625,0.25,True,True,5
causal-gen-022,22,relation_statements,123,2,3,easy_padded_tokens,7,google/gemma-2-9b-it,11c9b309abf73637e4b6f9a3fa1e92e615547819,6.125,7.75,1.625,True,True,8
causal-gen-022,22,relation_statements,123,2,3,easy_short_tokens,7,google/gemma-2-9b-it,11c9b309abf73637e4b6f9a3fa1e92e615547819,6.125,4.75,-1.375,True,True,5
causal-gen-022,22,relation_statements,123,2,3,donor_padded_tokens,7,google/gemma-2-9b-it,11c9b309abf73637e4b6f9a3fa1e92e615547819,6.125,6.125,0.0,True,True,8
causal-gen-022,22,relation_statements,123,2,3,donor_short_tokens,7,google/gemma-2-9b-it,11c9b309abf73637e4b6f9a3fa1e92e615547819,6.125,-5.0,-11.125,True,False,5
causal-gen-022,22,relation_statements,123,2,3,easy_padded_random,7,google/gemma-2-9b-it,11c9b309abf73637e4b6f9a3fa1e92e615547819,6.125,6.125,0.0,True,True,8
causal-gen-022,22,relation_statements,123,2,3,easy_short_random,7,google/gemma-2-9b-it,11c9b309abf73637e4b6f9a3fa1e92e615547819,6.125,6.125,0.0,True,True,5
causal-gen-022,22,relation_statements,123,2,3,donor_padded_random,7,google/gemma-2-9b-it,11c9b309abf73637e4b6f9a3fa1e92e615547819,6.125,6.0,-0.125,True,True,8
causal-gen-022,22,relation_statements,123,2,3,donor_short_random,7,google/gemma-2-9b-it,11c9b309abf73637e4b6f9a3fa1e92e615547819,6.125,6.1875,0.0625,True,True,5
causal-gen-023,23,relation_statements,124,3,3,easy_padded_tokens,7,google/gemma-2-9b-it,11c9b309abf73637e4b6f9a3fa1e92e615547819,4.75,6.8125,2.0625,True,True,8
causal-gen-023,23,relation_statements,124,3,3,easy_short_tokens,7,google/gemma-2-9b-it,11c9b309abf73637e4b6f9a3fa1e92e615547819,4.75,4.0,-0.75,True,True,5
causal-gen-023,23,relation_statements,124,3,3,donor_padded_tokens,7,google/gemma-2-9b-it,11c9b309abf73637e4b6f9a3fa1e92e615547819,4.75,4.75,0.0,True,True,8
causal-gen-023,23,relation_statements,124,3,3,donor_short_tokens,7,google/gemma-2-9b-it,11c9b309abf73637e4b6f9a3fa1e92e615547819,4.75,-6.25,-11.0,True,False,5
causal-gen-023,23,relation_statements,124,3,3,easy_padded_random,7,google/gemma-2-9b-it,11c9b309abf73637e4b6f9a3fa1e92e615547819,4.75,6.3125,1.5625,True,True,8
causal-gen-023,23,relation_statements,124,3,3,easy_short_random,7,google/gemma-2-9b-it,11c9b309abf73637e4b6f9a3fa1e92e615547819,4.75,6.25,1.5,True,True,5
causal-gen-023,23,relation_statements,124,3,3,donor_padded_random,7,google/gemma-2-9b-it,11c9b309abf73637e4b6f9a3fa1e92e615547819,4.75,5.0,0.25,True,True,8
causal-gen-023,23,relation_statements,124,3,3,donor_short_random,7,google/gemma-2-9b-it,11c9b309abf73637e4b6f9a3fa1e92e615547819,4.75,4.875,0.125,True,True,5
causal-gen-024,24,relation_statements,125,4,3,easy_padded_tokens,7,google/gemma-2-9b-it,11c9b309abf73637e4b6f9a3fa1e92e615547819,5.625,7.375,1.75,True,True,8
causal-gen-024,24,relation_statements,125,4,3,easy_short_tokens,7,google/gemma-2-9b-it,11c9b309abf73637e4b6f9a3fa1e92e615547819,5.625,4.125,-1.5,True,True,5
causal-gen-024,24,relation_statements,125,4,3,donor_padded_tokens,7,google/gemma-2-9b-it,11c9b309abf73637e4b6f9a3fa1e92e615547819,5.625,5.625,0.0,True,True,8
causal-gen-024,24,relation_statements,125,4,3,donor_short_tokens,7,google/gemma-2-9b-it,11c9b309abf73637e4b6f9a3fa1e92e615547819,5.625,-6.25,-11.875,True,False,5
causal-gen-024,24,relation_statements,125,4,3,easy_padded_random,7,google/gemma-2-9b-it,11c9b309abf73637e4b6f9a3fa1e92e615547819,5.625,5.625,0.0,True,True,8
causal-gen-024,24,relation_statements,125,4,3,easy_short_random,7,google/gemma-2-9b-it,11c9b309abf73637e4b6f9a3fa1e92e615547819,5.625,5.625,0.0,True,True,5
causal-gen-024,24,relation_statements,125,4,3,donor_padded_random,7,google/gemma-2-9b-it,11c9b309abf73637e4b6f9a3fa1e92e615547819,5.625,5.625,0.0,True,True,8
causal-gen-024,24,relation_statements,125,4,3,donor_short_random,7,google/gemma-2-9b-it,11c9b309abf73637e4b6f9a3fa1e92e615547819,5.625,5.625,0.0,True,True,5
causal-gen-025,25,relation_statements,126,5,3,easy_padded_tokens,7,google/gemma-2-9b-it,11c9b309abf73637e4b6f9a3fa1e92e615547819,5.75,7.25,1.5,True,True,8
causal-gen-025,25,relation_statements,126,5,3,easy_short_tokens,7,google/gemma-2-9b-it,11c9b309abf73637e4b6f9a3fa1e92e615547819,5.75,6.125,0.375,True,True,5
causal-gen-025,25,relation_statements,126,5,3,donor_padded_tokens,7,google/gemma-2-9b-it,11c9b309abf73637e4b6f9a3fa1e92e615547819,5.75,5.75,0.0,True,True,8
causal-gen-025,25,relation_statements,126,5,3,donor_short_tokens,7,google/gemma-2-9b-it,11c9b309abf73637e4b6f9a3fa1e92e615547819,5.75,-6.625,-12.375,True,False,5
causal-gen-025,25,relation_statements,126,5,3,easy_padded_random,7,google/gemma-2-9b-it,11c9b309abf73637e4b6f9a3fa1e92e615547819,5.75,2.0,-3.75,True,True,8
causal-gen-025,25,relation_statements,126,5,3,easy_short_random,7,google/gemma-2-9b-it,11c9b309abf73637e4b6f9a3fa1e92e615547819,5.75,5.75,0.0,True,True,5
causal-gen-025,25,relation_statements,126,5,3,donor_padded_random,7,google/gemma-2-9b-it,11c9b309abf73637e4b6f9a3fa1e92e615547819,5.75,5.75,0.0,True,True,8
causal-gen-025,25,relation_statements,126,5,3,donor_short_random,7,google/gemma-2-9b-it,11c9b309abf73637e4b6f9a3fa1e92e615547819,5.75,5.75,0.0,True,True,5
causal-gen-026,26,relation_statements,127,6,3,easy_padded_tokens,7,google/gemma-2-9b-it,11c9b309abf73637e4b6f9a3fa1e92e615547819,5.5,6.9375,1.4375,True,True,8
causal-gen-026,26,relation_statements,127,6,3,easy_short_tokens,7,google/gemma-2-9b-it,11c9b309abf73637e4b6f9a3fa1e92e615547819,5.5,5.25,-0.25,True,True,5
causal-gen-026,26,relation_statements,127,6,3,donor_padded_tokens,7,google/gemma-2-9b-it,11c9b309abf73637e4b6f9a3fa1e92e615547819,5.5,5.5,0.0,True,True,8
causal-gen-026,26,relation_statements,127,6,3,donor_short_tokens,7,google/gemma-2-9b-it,11c9b309abf73637e4b6f9a3fa1e92e615547819,5.5,-6.625,-12.125,True,False,5
causal-gen-026,26,relation_statements,127,6,3,easy_padded_random,7,google/gemma-2-9b-it,11c9b309abf73637e4b6f9a3fa1e92e615547819,5.5,5.25,-0.25,True,True,8
causal-gen-026,26,relation_statements,127,6,3,easy_short_random,7,google/gemma-2-9b-it,11c9b309abf73637e4b6f9a3fa1e92e615547819,5.5,5.5,0.0,True,True,5
causal-gen-026,26,relation_statements,127,6,3,donor_padded_random,7,google/gemma-2-9b-it,11c9b309abf73637e4b6f9a3fa1e92e615547819,5.5,5.125,-0.375,True,True,8
causal-gen-026,26,relation_statements,127,6,3,donor_short_random,7,google/gemma-2-9b-it,11c9b309abf73637e4b6f9a3fa1e92e615547819,5.5,5.5,0.0,True,True,5
causal-gen-027,27,relation_statements,128,7,3,easy_padded_tokens,7,google/gemma-2-9b-it,11c9b309abf73637e4b6f9a3fa1e92e615547819,5.625,7.625,2.0,True,True,8
causal-gen-027,27,relation_statements,128,7,3,easy_short_tokens,7,google/gemma-2-9b-it,11c9b309abf73637e4b6f9a3fa1e92e615547819,5.625,3.875,-1.75,True,True,5
causal-gen-027,27,relation_statements,128,7,3,donor_padded_tokens,7,google/gemma-2-9b-it,11c9b309abf73637e4b6f9a3fa1e92e615547819,5.625,5.625,0.0,True,True,8
causal-gen-027,27,relation_statements,128,7,3,donor_short_tokens,7,google/gemma-2-9b-it,11c9b309abf73637e4b6f9a3fa1e92e615547819,5.625,-6.25,-11.875,True,False,5
causal-gen-027,27,relation_statements,128,7,3,easy_padded_random,7,google/gemma-2-9b-it,11c9b309abf73637e4b6f9a3fa1e92e615547819,5.625,3.125,-2.5,True,True,8
causal-gen-027,27,relation_statements,128,7,3,easy_short_random,7,google/gemma-2-9b-it,11c9b309abf73637e4b6f9a3fa1e92e615547819,5.625,5.625,0.0,True,True,5
causal-gen-027,27,relation_statements,128,7,3,donor_padded_random,7,google/gemma-2-9b-it,11c9b309abf73637e4b6f9a3fa1e92e615547819,5.625,5.625,0.0,True,True,8
causal-gen-027,27,relation_statements,128,7,3,donor_short_random,7,google/gemma-2-9b-it,11c9b309abf73637e4b6f9a3fa1e92e615547819,5.625,5.625,0.0,True,True,5
causal-gen-028,28,relation_statements,129,8,3,easy_padded_tokens,7,google/gemma-2-9b-it,11c9b309abf73637e4b6f9a3fa1e92e615547819,6.25,7.125,0.875,True,True,8
causal-gen-028,28,relation_statements,129,8,3,easy_short_tokens,7,google/gemma-2-9b-it,11c9b309abf73637e4b6f9a3fa1e92e615547819,6.25,5.25,-1.0,True,True,5
causal-gen-028,28,relation_statements,129,8,3,donor_padded_tokens,7,google/gemma-2-9b-it,11c9b309abf73637e4b6f9a3fa1e92e615547819,6.25,6.25,0.0,True,True,8
causal-gen-028,28,relation_statements,129,8,3,donor_short_tokens,7,google/gemma-2-9b-it,11c9b309abf73637e4b6f9a3fa1e92e615547819,6.25,-8.1875,-14.4375,True,False,5
causal-gen-028,28,relation_statements,129,8,3,easy_padded_random,7,google/gemma-2-9b-it,11c9b309abf73637e4b6f9a3fa1e92e615547819,6.25,6.25,0.0,True,True,8
causal-gen-028,28,relation_statements,129,8,3,easy_short_random,7,google/gemma-2-9b-it,11c9b309abf73637e4b6f9a3fa1e92e615547819,6.25,6.375,0.125,True,True,5
causal-gen-028,28,relation_statements,129,8,3,donor_padded_random,7,google/gemma-2-9b-it,11c9b309abf73637e4b6f9a3fa1e92e615547819,6.25,6.25,0.0,True,True,8
causal-gen-028,28,relation_statements,129,8,3,donor_short_random,7,google/gemma-2-9b-it,11c9b309abf73637e4b6f9a3fa1e92e615547819,6.25,6.375,0.125,True,True,5
causal-gen-029,29,relation_statements,130,9,3,easy_padded_tokens,7,google/gemma-2-9b-it,11c9b309abf73637e4b6f9a3fa1e92e615547819,4.375,7.0,2.625,True,True,8
causal-gen-029,29,relation_statements,130,9,3,easy_short_tokens,7,google/gemma-2-9b-it,11c9b309abf73637e4b6f9a3fa1e92e615547819,4.375,4.125,-0.25,True,True,5
causal-gen-029,29,relation_statements,130,9,3,donor_padded_tokens,7,google/gemma-2-9b-it,11c9b309abf73637e4b6f9a3fa1e92e615547819,4.375,4.375,0.0,True,True,8
causal-gen-029,29,relation_statements,130,9,3,donor_short_tokens,7,google/gemma-2-9b-it,11c9b309abf73637e4b6f9a3fa1e92e615547819,4.375,-9.125,-13.5,True,False,5
causal-gen-029,29,relation_statements,130,9,3,easy_padded_random,7,google/gemma-2-9b-it,11c9b309abf73637e4b6f9a3fa1e92e615547819,4.375,4.25,-0.125,True,True,8
causal-gen-029,29,relation_statements,130,9,3,easy_short_random,7,google/gemma-2-9b-it,11c9b309abf73637e4b6f9a3fa1e92e615547819,4.375,4.375,0.0,True,True,5
causal-gen-029,29,relation_statements,130,9,3,donor_padded_random,7,google/gemma-2-9b-it,11c9b309abf73637e4b6f9a3fa1e92e615547819,4.375,4.25,-0.125,True,True,8
causal-gen-029,29,relation_statements,130,9,3,donor_short_random,7,google/gemma-2-9b-it,11c9b309abf73637e4b6f9a3fa1e92e615547819,4.375,4.25,-0.125,True,True,5
causal-gen-030,30,relation_statements,131,0,4,easy_padded_tokens,7,google/gemma-2-9b-it,11c9b309abf73637e4b6f9a3fa1e92e615547819,8.25,8.625,0.375,True,True,9
causal-gen-030,30,relation_statements,131,0,4,easy_short_tokens,7,google/gemma-2-9b-it,11c9b309abf73637e4b6f9a3fa1e92e615547819,8.25,9.25,1.0,True,True,5
causal-gen-030,30,relation_statements,131,0,4,donor_padded_tokens,7,google/gemma-2-9b-it,11c9b309abf73637e4b6f9a3fa1e92e615547819,8.25,8.25,0.0,True,True,9
causal-gen-030,30,relation_statements,131,0,4,donor_short_tokens,7,google/gemma-2-9b-it,11c9b309abf73637e4b6f9a3fa1e92e615547819,8.25,-2.25,-10.5,True,False,5
causal-gen-030,30,relation_statements,131,0,4,easy_padded_random,7,google/gemma-2-9b-it,11c9b309abf73637e4b6f9a3fa1e92e615547819,8.25,8.25,0.0,True,True,9
causal-gen-030,30,relation_statements,131,0,4,easy_short_random,7,google/gemma-2-9b-it,11c9b309abf73637e4b6f9a3fa1e92e615547819,8.25,8.3125,0.0625,True,True,5
causal-gen-030,30,relation_statements,131,0,4,donor_padded_random,7,google/gemma-2-9b-it,11c9b309abf73637e4b6f9a3fa1e92e615547819,8.25,8.125,-0.125,True,True,9
causal-gen-030,30,relation_statements,131,0,4,donor_short_random,7,google/gemma-2-9b-it,11c9b309abf73637e4b6f9a3fa1e92e615547819,8.25,8.25,0.0,True,True,5
causal-gen-031,31,relation_statements,132,1,4,easy_padded_tokens,7,google/gemma-2-9b-it,11c9b309abf73637e4b6f9a3fa1e92e615547819,5.625,7.25,1.625,True,True,9
causal-gen-031,31,relation_statements,132,1,4,easy_short_tokens,7,google/gemma-2-9b-it,11c9b309abf73637e4b6f9a3fa1e92e615547819,5.625,5.375,-0.25,True,True,5
causal-gen-031,31,relation_statements,132,1,4,donor_padded_tokens,7,google/gemma-2-9b-it,11c9b309abf73637e4b6f9a3fa1e92e615547819,5.625,5.625,0.0,True,True,9
causal-gen-031,31,relation_statements,132,1,4,donor_short_tokens,7,google/gemma-2-9b-it,11c9b309abf73637e4b6f9a3fa1e92e615547819,5.625,-6.0,-11.625,True,False,5
causal-gen-031,31,relation_statements,132,1,4,easy_padded_random,7,google/gemma-2-9b-it,11c9b309abf73637e4b6f9a3fa1e92e615547819,5.625,6.3125,0.6875,True,True,9
causal-gen-031,31,relation_statements,132,1,4,easy_short_random,7,google/gemma-2-9b-it,11c9b309abf73637e4b6f9a3fa1e92e615547819,5.625,5.625,0.0,True,True,5
causal-gen-031,31,relation_statements,132,1,4,donor_padded_random,7,google/gemma-2-9b-it,11c9b309abf73637e4b6f9a3fa1e92e615547819,5.625,6.0,0.375,True,True,9
causal-gen-031,31,relation_statements,132,1,4,donor_short_random,7,google/gemma-2-9b-it,11c9b309abf73637e4b6f9a3fa1e92e615547819,5.625,5.5,-0.125,True,True,5
causal-gen-032,32,relation_statements,133,2,4,easy_padded_tokens,7,google/gemma-2-9b-it,11c9b309abf73637e4b6f9a3fa1e92e615547819,7.125,7.375,0.25,True,True,9
causal-gen-032,32,relation_statements,133,2,4,easy_short_tokens,7,google/gemma-2-9b-it,11c9b309abf73637e4b6f9a3fa1e92e615547819,7.125,6.0,-1.125,True,True,5
causal-gen-032,32,relation_statements,133,2,4,donor_padded_tokens,7,google/gemma-2-9b-it,11c9b309abf73637e4b6f9a3fa1e92e615547819,7.125,7.125,0.0,True,True,9
causal-gen-032,32,relation_statements,133,2,4,donor_short_tokens,7,google/gemma-2-9b-it,11c9b309abf73637e4b6f9a3fa1e92e615547819,7.125,-6.375,-13.5,True,False,5
causal-gen-032,32,relation_statements,133,2,4,easy_padded_random,7,google/gemma-2-9b-it,11c9b309abf73637e4b6f9a3fa1e92e615547819,7.125,7.0,-0.125,True,True,9
causal-gen-032,32,relation_statements,133,2,4,easy_short_random,7,google/gemma-2-9b-it,11c9b309abf73637e4b6f9a3fa1e92e615547819,7.125,7.125,0.0,True,True,5
causal-gen-032,32,relation_statements,133,2,4,donor_padded_random,7,google/gemma-2-9b-it,11c9b309abf73637e4b6f9a3fa1e92e615547819,7.125,6.9375,-0.1875,True,True,9
causal-gen-032,32,relation_statements,133,2,4,donor_short_random,7,google/gemma-2-9b-it,11c9b309abf73637e4b6f9a3fa1e92e615547819,7.125,7.125,0.0,True,True,5
causal-gen-033,33,relation_statements,134,3,4,easy_padded_tokens,7,google/gemma-2-9b-it,11c9b309abf73637e4b6f9a3fa1e92e615547819,6.25,6.8125,0.5625,True,True,9
causal-gen-033,33,relation_statements,134,3,4,easy_short_tokens,7,google/gemma-2-9b-it,11c9b309abf73637e4b6f9a3fa1e92e615547819,6.25,4.625,-1.625,True,True,5
causal-gen-033,33,relation_statements,134,3,4,donor_padded_tokens,7,google/gemma-2-9b-it,11c9b309abf73637e4b6f9a3fa1e92e615547819,6.25,6.25,0.0,True,True,9
causal-gen-033,33,relation_statements,134,3,4,donor_short_tokens,7,google/gemma-2-9b-it,11c9b309abf73637e4b6f9a3fa1e92e615547819,6.25,-6.625,-12.875,True,False,5
causal-gen-033,33,relation_statements,134,3,4,easy_padded_random,7,google/gemma-2-9b-it,11c9b309abf73637e4b6f9a3fa1e92e615547819,6.25,6.4375,0.1875,True,True,9
causal-gen-033,33,relation_statements,134,3,4,easy_short_random,7,google/gemma-2-9b-it,11c9b309abf73637e4b6f9a3fa1e92e615547819,6.25,6.3125,0.0625,True,True,5
causal-gen-033,33,relation_statements,134,3,4,donor_padded_random,7,google/gemma-2-9b-it,11c9b309abf73637e4b6f9a3fa1e92e615547819,6.25,6.4375,0.1875,True,True,9
causal-gen-033,33,relation_statements,134,3,4,donor_short_random,7,google/gemma-2-9b-it,11c9b309abf73637e4b6f9a3fa1e92e615547819,6.25,6.375,0.125,True,True,5
causal-gen-034,34,relation_statements,135,4,4,easy_padded_tokens,7,google/gemma-2-9b-it,11c9b309abf73637e4b6f9a3fa1e92e615547819,6.9375,7.8125,0.875,True,True,9
causal-gen-034,34,relation_statements,135,4,4,easy_short_tokens,7,google/gemma-2-9b-it,11c9b309abf73637e4b6f9a3fa1e92e615547819,6.9375,6.25,-0.6875,True,True,5
causal-gen-034,34,relation_statements,135,4,4,donor_padded_tokens,7,google/gemma-2-9b-it,11c9b309abf73637e4b6f9a3fa1e92e615547819,6.9375,6.9375,0.0,True,True,9
causal-gen-034,34,relation_statements,135,4,4,donor_short_tokens,7,google/gemma-2-9b-it,11c9b309abf73637e4b6f9a3fa1e92e615547819,6.9375,-6.375,-13.3125,True,False,5
causal-gen-034,34,relation_statements,135,4,4,easy_padded_random,7,google/gemma-2-9b-it,11c9b309abf73637e4b6f9a3fa1e92e615547819,6.9375,7.25,0.3125,True,True,9
causal-gen-034,34,relation_statements,135,4,4,easy_short_random,7,google/gemma-2-9b-it,11c9b309abf73637e4b6f9a3fa1e92e615547819,6.9375,6.9375,0.0,True,True,5
causal-gen-034,34,relation_statements,135,4,4,donor_padded_random,7,google/gemma-2-9b-it,11c9b309abf73637e4b6f9a3fa1e92e615547819,6.9375,6.9375,0.0,True,True,9
causal-gen-034,34,relation_statements,135,4,4,donor_short_random,7,google/gemma-2-9b-it,11c9b309abf73637e4b6f9a3fa1e92e615547819,6.9375,7.0,0.0625,True,True,5
causal-gen-035,35,relation_statements,136,5,4,easy_padded_tokens,7,google/gemma-2-9b-it,11c9b309abf73637e4b6f9a3fa1e92e615547819,7.25,7.8125,0.5625,True,True,9
causal-gen-035,35,relation_statements,136,5,4,easy_short_tokens,7,google/gemma-2-9b-it,11c9b309abf73637e4b6f9a3fa1e92e615547819,7.25,7.5,0.25,True,True,5
causal-gen-035,35,relation_statements,136,5,4,donor_padded_tokens,7,google/gemma-2-9b-it,11c9b309abf73637e4b6f9a3fa1e92e615547819,7.25,7.25,0.0,True,True,9
causal-gen-035,35,relation_statements,136,5,4,donor_short_tokens,7,google/gemma-2-9b-it,11c9b309abf73637e4b6f9a3fa1e92e615547819,7.25,-6.5,-13.75,True,False,5
causal-gen-035,35,relation_statements,136,5,4,easy_padded_random,7,google/gemma-2-9b-it,11c9b309abf73637e4b6f9a3fa1e92e615547819,7.25,7.125,-0.125,True,True,9
causal-gen-035,35,relation_statements,136,5,4,easy_short_random,7,google/gemma-2-9b-it,11c9b309abf73637e4b6f9a3fa1e92e615547819,7.25,7.25,0.0,True,True,5
causal-gen-035,35,relation_statements,136,5,4,donor_padded_random,7,google/gemma-2-9b-it,11c9b309abf73637e4b6f9a3fa1e92e615547819,7.25,7.25,0.0,True,True,9
causal-gen-035,35,relation_statements,136,5,4,donor_short_random,7,google/gemma-2-9b-it,11c9b309abf73637e4b6f9a3fa1e92e615547819,7.25,7.25,0.0,True,True,5
causal-gen-036,36,relation_statements,137,6,4,easy_padded_tokens,7,google/gemma-2-9b-it,11c9b309abf73637e4b6f9a3fa1e92e615547819,7.0625,7.375,0.3125,True,True,9
causal-gen-036,36,relation_statements,137,6,4,easy_short_tokens,7,google/gemma-2-9b-it,11c9b309abf73637e4b6f9a3fa1e92e615547819,7.0625,6.125,-0.9375,True,True,5
causal-gen-036,36,relation_statements,137,6,4,donor_padded_tokens,7,google/gemma-2-9b-it,11c9b309abf73637e4b6f9a3fa1e92e615547819,7.0625,7.0625,0.0,True,True,9
causal-gen-036,36,relation_statements,137,6,4,donor_short_tokens,7,google/gemma-2-9b-it,11c9b309abf73637e4b6f9a3fa1e92e615547819,7.0625,-6.625,-13.6875,True,False,5
causal-gen-036,36,relation_statements,137,6,4,easy_padded_random,7,google/gemma-2-9b-it,11c9b309abf73637e4b6f9a3fa1e92e615547819,7.0625,5.375,-1.6875,True,True,9
causal-gen-036,36,relation_statements,137,6,4,easy_short_random,7,google/gemma-2-9b-it,11c9b309abf73637e4b6f9a3fa1e92e615547819,7.0625,7.0625,0.0,True,True,5
causal-gen-036,36,relation_statements,137,6,4,donor_padded_random,7,google/gemma-2-9b-it,11c9b309abf73637e4b6f9a3fa1e92e615547819,7.0625,7.0625,0.0,True,True,9
causal-gen-036,36,relation_statements,137,6,4,donor_short_random,7,google/gemma-2-9b-it,11c9b309abf73637e4b6f9a3fa1e92e615547819,7.0625,7.0625,0.0,True,True,5
causal-gen-037,37,relation_statements,138,7,4,easy_padded_tokens,7,google/gemma-2-9b-it,11c9b309abf73637e4b6f9a3fa1e92e615547819,7.125,7.75,0.625,True,True,9
causal-gen-037,37,relation_statements,138,7,4,easy_short_tokens,7,google/gemma-2-9b-it,11c9b309abf73637e4b6f9a3fa1e92e615547819,7.125,5.75,-1.375,True,True,5
causal-gen-037,37,relation_statements,138,7,4,donor_padded_tokens,7,google/gemma-2-9b-it,11c9b309abf73637e4b6f9a3fa1e92e615547819,7.125,7.125,0.0,True,True,9
causal-gen-037,37,relation_statements,138,7,4,donor_short_tokens,7,google/gemma-2-9b-it,11c9b309abf73637e4b6f9a3fa1e92e615547819,7.125,-5.125,-12.25,True,False,5
causal-gen-037,37,relation_statements,138,7,4,easy_padded_random,7,google/gemma-2-9b-it,11c9b309abf73637e4b6f9a3fa1e92e615547819,7.125,6.9375,-0.1875,True,True,9
causal-gen-037,37,relation_statements,138,7,4,easy_short_random,7,google/gemma-2-9b-it,11c9b309abf73637e4b6f9a3fa1e92e615547819,7.125,7.25,0.125,True,True,5
causal-gen-037,37,relation_statements,138,7,4,donor_padded_random,7,google/gemma-2-9b-it,11c9b309abf73637e4b6f9a3fa1e92e615547819,7.125,7.25,0.125,True,True,9
causal-gen-037,37,relation_statements,138,7,4,donor_short_random,7,google/gemma-2-9b-it,11c9b309abf73637e4b6f9a3fa1e92e615547819,7.125,7.375,0.25,True,True,5
causal-gen-038,38,relation_statements,139,8,4,easy_padded_tokens,7,google/gemma-2-9b-it,11c9b309abf73637e4b6f9a3fa1e92e615547819,6.9375,7.125,0.1875,True,True,9
causal-gen-038,38,relation_statements,139,8,4,easy_short_tokens,7,google/gemma-2-9b-it,11c9b309abf73637e4b6f9a3fa1e92e615547819,6.9375,5.625,-1.3125,True,True,5
causal-gen-038,38,relation_statements,139,8,4,donor_padded_tokens,7,google/gemma-2-9b-it,11c9b309abf73637e4b6f9a3fa1e92e615547819,6.9375,6.9375,0.0,True,True,9
causal-gen-038,38,relation_statements,139,8,4,donor_short_tokens,7,google/gemma-2-9b-it,11c9b309abf73637e4b6f9a3fa1e92e615547819,6.9375,-8.1875,-15.125,True,False,5
causal-gen-038,38,relation_statements,139,8,4,easy_padded_random,7,google/gemma-2-9b-it,11c9b309abf73637e4b6f9a3fa1e92e615547819,6.9375,6.8125,-0.125,True,True,9
causal-gen-038,38,relation_statements,139,8,4,easy_short_random,7,google/gemma-2-9b-it,11c9b309abf73637e4b6f9a3fa1e92e615547819,6.9375,7.0,0.0625,True,True,5
causal-gen-038,38,relation_statements,139,8,4,donor_padded_random,7,google/gemma-2-9b-it,11c9b309abf73637e4b6f9a3fa1e92e615547819,6.9375,6.9375,0.0,True,True,9
causal-gen-038,38,relation_statements,139,8,4,donor_short_random,7,google/gemma-2-9b-it,11c9b309abf73637e4b6f9a3fa1e92e615547819,6.9375,6.9375,0.0,True,True,5
causal-gen-039,39,relation_statements,140,9,4,easy_padded_tokens,7,google/gemma-2-9b-it,11c9b309abf73637e4b6f9a3fa1e92e615547819,4.875,6.9375,2.0625,True,True,9
causal-gen-039,39,relation_statements,140,9,4,easy_short_tokens,7,google/gemma-2-9b-it,11c9b309abf73637e4b6f9a3fa1e92e615547819,4.875,4.875,0.0,True,True,5
causal-gen-039,39,relation_statements,140,9,4,donor_padded_tokens,7,google/gemma-2-9b-it,11c9b309abf73637e4b6f9a3fa1e92e615547819,4.875,4.875,0.0,True,True,9
causal-gen-039,39,relation_statements,140,9,4,donor_short_tokens,7,google/gemma-2-9b-it,11c9b309abf73637e4b6f9a3fa1e92e615547819,4.875,-8.5625,-13.4375,True,False,5
causal-gen-039,39,relation_statements,140,9,4,easy_padded_random,7,google/gemma-2-9b-it,11c9b309abf73637e4b6f9a3fa1e92e615547819,4.875,2.375,-2.5,True,True,9
causal-gen-039,39,relation_statements,140,9,4,easy_short_random,7,google/gemma-2-9b-it,11c9b309abf73637e4b6f9a3fa1e92e615547819,4.875,4.5,-0.375,True,True,5
causal-gen-039,39,relation_statements,140,9,4,donor_padded_random,7,google/gemma-2-9b-it,11c9b309abf73637e4b6f9a3fa1e92e615547819,4.875,4.875,0.0,True,True,9
causal-gen-039,39,relation_statements,140,9,4,donor_short_random,7,google/gemma-2-9b-it,11c9b309abf73637e4b6f9a3fa1e92e615547819,4.875,4.625,-0.25,True,True,5
causal-gen-040,40,relation_statements,141,0,5,easy_padded_tokens,7,google/gemma-2-9b-it,11c9b309abf73637e4b6f9a3fa1e92e615547819,8.6875,8.875,0.1875,True,True,10
causal-gen-040,40,relation_statements,141,0,5,easy_short_tokens,7,google/gemma-2-9b-it,11c9b309abf73637e4b6f9a3fa1e92e615547819,8.6875,9.3125,0.625,True,True,5
causal-gen-040,40,relation_statements,141,0,5,donor_padded_tokens,7,google/gemma-2-9b-it,11c9b309abf73637e4b6f9a3fa1e92e615547819,8.6875,8.6875,0.0,True,True,10
causal-gen-040,40,relation_statements,141,0,5,donor_short_tokens,7,google/gemma-2-9b-it,11c9b309abf73637e4b6f9a3fa1e92e615547819,8.6875,-2.0,-10.6875,True,False,5
causal-gen-040,40,relation_statements,141,0,5,easy_padded_random,7,google/gemma-2-9b-it,11c9b309abf73637e4b6f9a3fa1e92e615547819,8.6875,8.4375,-0.25,True,True,10
causal-gen-040,40,relation_statements,141,0,5,easy_short_random,7,google/gemma-2-9b-it,11c9b309abf73637e4b6f9a3fa1e92e615547819,8.6875,8.6875,0.0,True,True,5
causal-gen-040,40,relation_statements,141,0,5,donor_padded_random,7,google/gemma-2-9b-it,11c9b309abf73637e4b6f9a3fa1e92e615547819,8.6875,8.6875,0.0,True,True,10
causal-gen-040,40,relation_statements,141,0,5,donor_short_random,7,google/gemma-2-9b-it,11c9b309abf73637e4b6f9a3fa1e92e615547819,8.6875,8.625,-0.0625,True,True,5
causal-gen-041,41,relation_statements,142,1,5,easy_padded_tokens,7,google/gemma-2-9b-it,11c9b309abf73637e4b6f9a3fa1e92e615547819,5.0,6.9375,1.9375,True,True,10
causal-gen-041,41,relation_statements,142,1,5,easy_short_tokens,7,google/gemma-2-9b-it,11c9b309abf73637e4b6f9a3fa1e92e615547819,5.0,5.375,0.375,True,True,5
causal-gen-041,41,relation_statements,142,1,5,donor_padded_tokens,7,google/gemma-2-9b-it,11c9b309abf73637e4b6f9a3fa1e92e615547819,5.0,5.0,0.0,True,True,10
causal-gen-041,41,relation_statements,142,1,5,donor_short_tokens,7,google/gemma-2-9b-it,11c9b309abf73637e4b6f9a3fa1e92e615547819,5.0,-5.125,-10.125,True,False,5
causal-gen-041,41,relation_statements,142,1,5,easy_padded_random,7,google/gemma-2-9b-it,11c9b309abf73637e4b6f9a3fa1e92e615547819,5.0,5.0,0.0,True,True,10
causal-gen-041,41,relation_statements,142,1,5,easy_short_random,7,google/gemma-2-9b-it,11c9b309abf73637e4b6f9a3fa1e92e615547819,5.0,5.0,0.0,True,True,5
causal-gen-041,41,relation_statements,142,1,5,donor_padded_random,7,google/gemma-2-9b-it,11c9b309abf73637e4b6f9a3fa1e92e615547819,5.0,5.0,0.0,True,True,10
causal-gen-041,41,relation_statements,142,1,5,donor_short_random,7,google/gemma-2-9b-it,11c9b309abf73637e4b6f9a3fa1e92e615547819,5.0,5.0,0.0,True,True,5
causal-gen-042,42,relation_statements,143,2,5,easy_padded_tokens,7,google/gemma-2-9b-it,11c9b309abf73637e4b6f9a3fa1e92e615547819,7.5,8.125,0.625,True,True,10
causal-gen-042,42,relation_statements,143,2,5,easy_short_tokens,7,google/gemma-2-9b-it,11c9b309abf73637e4b6f9a3fa1e92e615547819,7.5,6.0,-1.5,True,True,5
causal-gen-042,42,relation_statements,143,2,5,donor_padded_tokens,7,google/gemma-2-9b-it,11c9b309abf73637e4b6f9a3fa1e92e615547819,7.5,7.5,0.0,True,True,10
causal-gen-042,42,relation_statements,143,2,5,donor_short_tokens,7,google/gemma-2-9b-it,11c9b309abf73637e4b6f9a3fa1e92e615547819,7.5,-5.625,-13.125,True,False,5
causal-gen-042,42,relation_statements,143,2,5,easy_padded_random,7,google/gemma-2-9b-it,11c9b309abf73637e4b6f9a3fa1e92e615547819,7.5,7.375,-0.125,True,True,10
causal-gen-042,42,relation_statements,143,2,5,easy_short_random,7,google/gemma-2-9b-it,11c9b309abf73637e4b6f9a3fa1e92e615547819,7.5,7.375,-0.125,True,True,5
causal-gen-042,42,relation_statements,143,2,5,donor_padded_random,7,google/gemma-2-9b-it,11c9b309abf73637e4b6f9a3fa1e92e615547819,7.5,7.5,0.0,True,True,10
causal-gen-042,42,relation_statements,143,2,5,donor_short_random,7,google/gemma-2-9b-it,11c9b309abf73637e4b6f9a3fa1e92e615547819,7.5,7.5,0.0,True,True,5
causal-gen-043,43,relation_statements,144,3,5,easy_padded_tokens,7,google/gemma-2-9b-it,11c9b309abf73637e4b6f9a3fa1e92e615547819,6.6875,7.25,0.5625,True,True,10
causal-gen-043,43,relation_statements,144,3,5,easy_short_tokens,7,google/gemma-2-9b-it,11c9b309abf73637e4b6f9a3fa1e92e615547819,6.6875,4.0,-2.6875,True,True,5
causal-gen-043,43,relation_statements,144,3,5,donor_padded_tokens,7,google/gemma-2-9b-it,11c9b309abf73637e4b6f9a3fa1e92e615547819,6.6875,6.6875,0.0,True,True,10
causal-gen-043,43,relation_statements,144,3,5,donor_short_tokens,7,google/gemma-2-9b-it,11c9b309abf73637e4b6f9a3fa1e92e615547819,6.6875,-5.875,-12.5625,True,False,5
causal-gen-043,43,relation_statements,144,3,5,easy_padded_random,7,google/gemma-2-9b-it,11c9b309abf73637e4b6f9a3fa1e92e615547819,6.6875,5.875,-0.8125,True,True,10
causal-gen-043,43,relation_statements,144,3,5,easy_short_random,7,google/gemma-2-9b-it,11c9b309abf73637e4b6f9a3fa1e92e615547819,6.6875,6.9375,0.25,True,True,5
causal-gen-043,43,relation_statements,144,3,5,donor_padded_random,7,google/gemma-2-9b-it,11c9b309abf73637e4b6f9a3fa1e92e615547819,6.6875,6.5625,-0.125,True,True,10
causal-gen-043,43,relation_statements,144,3,5,donor_short_random,7,google/gemma-2-9b-it,11c9b309abf73637e4b6f9a3fa1e92e615547819,6.6875,6.5625,-0.125,True,True,5
causal-gen-044,44,relation_statements,145,4,5,easy_padded_tokens,7,google/gemma-2-9b-it,11c9b309abf73637e4b6f9a3fa1e92e615547819,6.8125,7.75,0.9375,True,True,10
causal-gen-044,44,relation_statements,145,4,5,easy_short_tokens,7,google/gemma-2-9b-it,11c9b309abf73637e4b6f9a3fa1e92e615547819,6.8125,5.25,-1.5625,True,True,5
causal-gen-044,44,relation_statements,145,4,5,donor_padded_tokens,7,google/gemma-2-9b-it,11c9b309abf73637e4b6f9a3fa1e92e615547819,6.8125,6.8125,0.0,True,True,10
causal-gen-044,44,relation_statements,145,4,5,donor_short_tokens,7,google/gemma-2-9b-it,11c9b309abf73637e4b6f9a3fa1e92e615547819,6.8125,-6.0,-12.8125,True,False,5
causal-gen-044,44,relation_statements,145,4,5,easy_padded_random,7,google/gemma-2-9b-it,11c9b309abf73637e4b6f9a3fa1e92e615547819,6.8125,4.125,-2.6875,True,True,10
causal-gen-044,44,relation_statements,145,4,5,easy_short_random,7,google/gemma-2-9b-it,11c9b309abf73637e4b6f9a3fa1e92e615547819,6.8125,6.5625,-0.25,True,True,5
causal-gen-044,44,relation_statements,145,4,5,donor_padded_random,7,google/gemma-2-9b-it,11c9b309abf73637e4b6f9a3fa1e92e615547819,6.8125,6.6875,-0.125,True,True,10
causal-gen-044,44,relation_statements,145,4,5,donor_short_random,7,google/gemma-2-9b-it,11c9b309abf73637e4b6f9a3fa1e92e615547819,6.8125,6.8125,0.0,True,True,5
causal-gen-045,45,relation_statements,146,5,5,easy_padded_tokens,7,google/gemma-2-9b-it,11c9b309abf73637e4b6f9a3fa1e92e615547819,7.0625,7.9375,0.875,True,True,10
causal-gen-045,45,relation_statements,146,5,5,easy_short_tokens,7,google/gemma-2-9b-it,11c9b309abf73637e4b6f9a3fa1e92e615547819,7.0625,6.5625,-0.5,True,True,5
causal-gen-045,45,relation_statements,146,5,5,donor_padded_tokens,7,google/gemma-2-9b-it,11c9b309abf73637e4b6f9a3fa1e92e615547819,7.0625,7.0625,0.0,True,True,10
causal-gen-045,45,relation_statements,146,5,5,donor_short_tokens,7,google/gemma-2-9b-it,11c9b309abf73637e4b6f9a3fa1e92e615547819,7.0625,-5.75,-12.8125,True,False,5
causal-gen-045,45,relation_statements,146,5,5,easy_padded_random,7,google/gemma-2-9b-it,11c9b309abf73637e4b6f9a3fa1e92e615547819,7.0625,4.875,-2.1875,True,True,10
causal-gen-045,45,relation_statements,146,5,5,easy_short_random,7,google/gemma-2-9b-it,11c9b309abf73637e4b6f9a3fa1e92e615547819,7.0625,6.9375,-0.125,True,True,5
causal-gen-045,45,relation_statements,146,5,5,donor_padded_random,7,google/gemma-2-9b-it,11c9b309abf73637e4b6f9a3fa1e92e615547819,7.0625,7.0,-0.0625,True,True,10
causal-gen-045,45,relation_statements,146,5,5,donor_short_random,7,google/gemma-2-9b-it,11c9b309abf73637e4b6f9a3fa1e92e615547819,7.0625,7.0625,0.0,True,True,5
causal-gen-046,46,relation_statements,147,6,5,easy_padded_tokens,7,google/gemma-2-9b-it,11c9b309abf73637e4b6f9a3fa1e92e615547819,7.25,8.0625,0.8125,True,True,10
causal-gen-046,46,relation_statements,147,6,5,easy_short_tokens,7,google/gemma-2-9b-it,11c9b309abf73637e4b6f9a3fa1e92e615547819,7.25,6.5625,-0.6875,True,True,5
causal-gen-046,46,relation_statements,147,6,5,donor_padded_tokens,7,google/gemma-2-9b-it,11c9b309abf73637e4b6f9a3fa1e92e615547819,7.25,7.25,0.0,True,True,10
causal-gen-046,46,relation_statements,147,6,5,donor_short_tokens,7,google/gemma-2-9b-it,11c9b309abf73637e4b6f9a3fa1e92e615547819,7.25,-6.0,-13.25,True,False,5
causal-gen-046,46,relation_statements,147,6,5,easy_padded_random,7,google/gemma-2-9b-it,11c9b309abf73637e4b6f9a3fa1e92e615547819,7.25,6.9375,-0.3125,True,True,10
causal-gen-046,46,relation_statements,147,6,5,easy_short_random,7,google/gemma-2-9b-it,11c9b309abf73637e4b6f9a3fa1e92e615547819,7.25,7.375,0.125,True,True,5
causal-gen-046,46,relation_statements,147,6,5,donor_padded_random,7,google/gemma-2-9b-it,11c9b309abf73637e4b6f9a3fa1e92e615547819,7.25,7.375,0.125,True,True,10
causal-gen-046,46,relation_statements,147,6,5,donor_short_random,7,google/gemma-2-9b-it,11c9b309abf73637e4b6f9a3fa1e92e615547819,7.25,7.375,0.125,True,True,5
causal-gen-047,47,relation_statements,148,7,5,easy_padded_tokens,7,google/gemma-2-9b-it,11c9b309abf73637e4b6f9a3fa1e92e615547819,6.9375,7.9375,1.0,True,True,10
causal-gen-047,47,relation_statements,148,7,5,easy_short_tokens,7,google/gemma-2-9b-it,11c9b309abf73637e4b6f9a3fa1e92e615547819,6.9375,5.0,-1.9375,True,True,5
causal-gen-047,47,relation_statements,148,7,5,donor_padded_tokens,7,google/gemma-2-9b-it,11c9b309abf73637e4b6f9a3fa1e92e615547819,6.9375,6.9375,0.0,True,True,10
causal-gen-047,47,relation_statements,148,7,5,donor_short_tokens,7,google/gemma-2-9b-it,11c9b309abf73637e4b6f9a3fa1e92e615547819,6.9375,-5.25,-12.1875,True,False,5
causal-gen-047,47,relation_statements,148,7,5,easy_padded_random,7,google/gemma-2-9b-it,11c9b309abf73637e4b6f9a3fa1e92e615547819,6.9375,6.9375,0.0,True,True,10
causal-gen-047,47,relation_statements,148,7,5,easy_short_random,7,google/gemma-2-9b-it,11c9b309abf73637e4b6f9a3fa1e92e615547819,6.9375,6.5625,-0.375,True,True,5
causal-gen-047,47,relation_statements,148,7,5,donor_padded_random,7,google/gemma-2-9b-it,11c9b309abf73637e4b6f9a3fa1e92e615547819,6.9375,6.9375,0.0,True,True,10
causal-gen-047,47,relation_statements,148,7,5,donor_short_random,7,google/gemma-2-9b-it,11c9b309abf73637e4b6f9a3fa1e92e615547819,6.9375,6.9375,0.0,True,True,5
causal-gen-048,48,relation_statements,149,8,5,easy_padded_tokens,7,google/gemma-2-9b-it,11c9b309abf73637e4b6f9a3fa1e92e615547819,6.9375,7.25,0.3125,True,True,10
causal-gen-048,48,relation_statements,149,8,5,easy_short_tokens,7,google/gemma-2-9b-it,11c9b309abf73637e4b6f9a3fa1e92e615547819,6.9375,6.375,-0.5625,True,True,5
causal-gen-048,48,relation_statements,149,8,5,donor_padded_tokens,7,google/gemma-2-9b-it,11c9b309abf73637e4b6f9a3fa1e92e615547819,6.9375,6.9375,0.0,True,True,10
causal-gen-048,48,relation_statements,149,8,5,donor_short_tokens,7,google/gemma-2-9b-it,11c9b309abf73637e4b6f9a3fa1e92e615547819,6.9375,-8.625,-15.5625,True,False,5
causal-gen-048,48,relation_statements,149,8,5,easy_padded_random,7,google/gemma-2-9b-it,11c9b309abf73637e4b6f9a3fa1e92e615547819,6.9375,6.0,-0.9375,True,True,10
causal-gen-048,48,relation_statements,149,8,5,easy_short_random,7,google/gemma-2-9b-it,11c9b309abf73637e4b6f9a3fa1e92e615547819,6.9375,6.8125,-0.125,True,True,5
causal-gen-048,48,relation_statements,149,8,5,donor_padded_random,7,google/gemma-2-9b-it,11c9b309abf73637e4b6f9a3fa1e92e615547819,6.9375,6.9375,0.0,True,True,10
causal-gen-048,48,relation_statements,149,8,5,donor_short_random,7,google/gemma-2-9b-it,11c9b309abf73637e4b6f9a3fa1e92e615547819,6.9375,6.8125,-0.125,True,True,5
causal-gen-049,49,relation_statements,150,9,5,easy_padded_tokens,7,google/gemma-2-9b-it,11c9b309abf73637e4b6f9a3fa1e92e615547819,5.25,7.25,2.0,True,True,10
causal-gen-049,49,relation_statements,150,9,5,easy_short_tokens,7,google/gemma-2-9b-it,11c9b309abf73637e4b6f9a3fa1e92e615547819,5.25,5.625,0.375,True,True,5
causal-gen-049,49,relation_statements,150,9,5,donor_padded_tokens,7,google/gemma-2-9b-it,11c9b309abf73637e4b6f9a3fa1e92e615547819,5.25,5.25,0.0,True,True,10
causal-gen-049,49,relation_statements,150,9,5,donor_short_tokens,7,google/gemma-2-9b-it,11c9b309abf73637e4b6f9a3fa1e92e615547819,5.25,-8.0625,-13.3125,True,False,5
causal-gen-049,49,relation_statements,150,9,5,easy_padded_random,7,google/gemma-2-9b-it,11c9b309abf73637e4b6f9a3fa1e92e615547819,5.25,5.25,0.0,True,True,10
causal-gen-049,49,relation_statements,150,9,5,easy_short_random,7,google/gemma-2-9b-it,11c9b309abf73637e4b6f9a3fa1e92e615547819,5.25,5.25,0.0,True,True,5
causal-gen-049,49,relation_statements,150,9,5,donor_padded_random,7,google/gemma-2-9b-it,11c9b309abf73637e4b6f9a3fa1e92e615547819,5.25,5.125,-0.125,True,True,10
causal-gen-049,49,relation_statements,150,9,5,donor_short_random,7,google/gemma-2-9b-it,11c9b309abf73637e4b6f9a3fa1e92e615547819,5.25,5.25,0.0,True,True,5
causal-gen-050,50,direct_choice,151,0,1,easy_padded_tokens,7,google/gemma-2-9b-it,11c9b309abf73637e4b6f9a3fa1e92e615547819,5.0,7.125,2.125,True,True,6
causal-gen-050,50,direct_choice,151,0,1,easy_short_tokens,7,google/gemma-2-9b-it,11c9b309abf73637e4b6f9a3fa1e92e615547819,5.0,8.4375,3.4375,True,True,5
causal-gen-050,50,direct_choice,151,0,1,donor_padded_tokens,7,google/gemma-2-9b-it,11c9b309abf73637e4b6f9a3fa1e92e615547819,5.0,5.0,0.0,True,True,6
causal-gen-050,50,direct_choice,151,0,1,donor_short_tokens,7,google/gemma-2-9b-it,11c9b309abf73637e4b6f9a3fa1e92e615547819,5.0,-7.8125,-12.8125,True,False,5
causal-gen-050,50,direct_choice,151,0,1,easy_padded_random,7,google/gemma-2-9b-it,11c9b309abf73637e4b6f9a3fa1e92e615547819,5.0,4.875,-0.125,True,True,6
causal-gen-050,50,direct_choice,151,0,1,easy_short_random,7,google/gemma-2-9b-it,11c9b309abf73637e4b6f9a3fa1e92e615547819,5.0,5.0,0.0,True,True,5
causal-gen-050,50,direct_choice,151,0,1,donor_padded_random,7,google/gemma-2-9b-it,11c9b309abf73637e4b6f9a3fa1e92e615547819,5.0,5.0,0.0,True,True,6
causal-gen-050,50,direct_choice,151,0,1,donor_short_random,7,google/gemma-2-9b-it,11c9b309abf73637e4b6f9a3fa1e92e615547819,5.0,5.0,0.0,True,True,5
causal-gen-051,51,direct_choice,152,1,1,easy_padded_tokens,7,google/gemma-2-9b-it,11c9b309abf73637e4b6f9a3fa1e92e615547819,-9.5625,-7.4375,2.125,False,False,6
causal-gen-051,51,direct_choice,152,1,1,easy_short_tokens,7,google/gemma-2-9b-it,11c9b309abf73637e4b6f9a3fa1e92e615547819,-9.5625,-8.375,1.1875,False,False,5
causal-gen-051,51,direct_choice,152,1,1,donor_padded_tokens,7,google/gemma-2-9b-it,11c9b309abf73637e4b6f9a3fa1e92e615547819,-9.5625,-9.5625,0.0,False,False,6
causal-gen-051,51,direct_choice,152,1,1,donor_short_tokens,7,google/gemma-2-9b-it,11c9b309abf73637e4b6f9a3fa1e92e615547819,-9.5625,-7.5625,2.0,False,False,5
causal-gen-051,51,direct_choice,152,1,1,easy_padded_random,7,google/gemma-2-9b-it,11c9b309abf73637e4b6f9a3fa1e92e615547819,-9.5625,-9.875,-0.3125,False,False,6
causal-gen-051,51,direct_choice,152,1,1,easy_short_random,7,google/gemma-2-9b-it,11c9b309abf73637e4b6f9a3fa1e92e615547819,-9.5625,-9.25,0.3125,False,False,5
causal-gen-051,51,direct_choice,152,1,1,donor_padded_random,7,google/gemma-2-9b-it,11c9b309abf73637e4b6f9a3fa1e92e615547819,-9.5625,-9.5625,0.0,False,False,6
causal-gen-051,51,direct_choice,152,1,1,donor_short_random,7,google/gemma-2-9b-it,11c9b309abf73637e4b6f9a3fa1e92e615547819,-9.5625,-9.5625,0.0,False,False,5
causal-gen-052,52,direct_choice,153,2,1,easy_padded_tokens,7,google/gemma-2-9b-it,11c9b309abf73637e4b6f9a3fa1e92e615547819,-7.875,-0.375,7.5,False,False,6
causal-gen-052,52,direct_choice,153,2,1,easy_short_tokens,7,google/gemma-2-9b-it,11c9b309abf73637e4b6f9a3fa1e92e615547819,-7.875,-3.5,4.375,False,False,5
causal-gen-052,52,direct_choice,153,2,1,donor_padded_tokens,7,google/gemma-2-9b-it,11c9b309abf73637e4b6f9a3fa1e92e615547819,-7.875,-7.875,0.0,False,False,6
causal-gen-052,52,direct_choice,153,2,1,donor_short_tokens,7,google/gemma-2-9b-it,11c9b309abf73637e4b6f9a3fa1e92e615547819,-7.875,-8.5,-0.625,False,False,5
causal-gen-052,52,direct_choice,153,2,1,easy_padded_random,7,google/gemma-2-9b-it,11c9b309abf73637e4b6f9a3fa1e92e615547819,-7.875,-7.8125,0.0625,False,False,6
causal-gen-052,52,direct_choice,153,2,1,easy_short_random,7,google/gemma-2-9b-it,11c9b309abf73637e4b6f9a3fa1e92e615547819,-7.875,-7.5625,0.3125,False,False,5
causal-gen-052,52,direct_choice,153,2,1,donor_padded_random,7,google/gemma-2-9b-it,11c9b309abf73637e4b6f9a3fa1e92e615547819,-7.875,-7.8125,0.0625,False,False,6
causal-gen-052,52,direct_choice,153,2,1,donor_short_random,7,google/gemma-2-9b-it,11c9b309abf73637e4b6f9a3fa1e92e615547819,-7.875,-7.8125,0.0625,False,False,5
causal-gen-053,53,direct_choice,154,3,1,easy_padded_tokens,7,google/gemma-2-9b-it,11c9b309abf73637e4b6f9a3fa1e92e615547819,-8.875,-6.25,2.625,False,False,6
causal-gen-053,53,direct_choice,154,3,1,easy_short_tokens,7,google/gemma-2-9b-it,11c9b309abf73637e4b6f9a3fa1e92e615547819,-8.875,-7.125,1.75,False,False,5
causal-gen-053,53,direct_choice,154,3,1,donor_padded_tokens,7,google/gemma-2-9b-it,11c9b309abf73637e4b6f9a3fa1e92e615547819,-8.875,-8.875,0.0,False,False,6
causal-gen-053,53,direct_choice,154,3,1,donor_short_tokens,7,google/gemma-2-9b-it,11c9b309abf73637e4b6f9a3fa1e92e615547819,-8.875,-7.75,1.125,False,False,5
causal-gen-053,53,direct_choice,154,3,1,easy_padded_random,7,google/gemma-2-9b-it,11c9b309abf73637e4b6f9a3fa1e92e615547819,-8.875,-8.8125,0.0625,False,False,6
causal-gen-053,53,direct_choice,154,3,1,easy_short_random,7,google/gemma-2-9b-it,11c9b309abf73637e4b6f9a3fa1e92e615547819,-8.875,-8.9375,-0.0625,False,False,5
causal-gen-053,53,direct_choice,154,3,1,donor_padded_random,7,google/gemma-2-9b-it,11c9b309abf73637e4b6f9a3fa1e92e615547819,-8.875,-8.8125,0.0625,False,False,6
causal-gen-053,53,direct_choice,154,3,1,donor_short_random,7,google/gemma-2-9b-it,11c9b309abf73637e4b6f9a3fa1e92e615547819,-8.875,-8.875,0.0,False,False,5
causal-gen-054,54,direct_choice,155,4,1,easy_padded_tokens,7,google/gemma-2-9b-it,11c9b309abf73637e4b6f9a3fa1e92e615547819,-7.125,3.0,10.125,False,True,6
causal-gen-054,54,direct_choice,155,4,1,easy_short_tokens,7,google/gemma-2-9b-it,11c9b309abf73637e4b6f9a3fa1e92e615547819,-7.125,-3.875,3.25,False,False,5
causal-gen-054,54,direct_choice,155,4,1,donor_padded_tokens,7,google/gemma-2-9b-it,11c9b309abf73637e4b6f9a3fa1e92e615547819,-7.125,-7.125,0.0,False,False,6
causal-gen-054,54,direct_choice,155,4,1,donor_short_tokens,7,google/gemma-2-9b-it,11c9b309abf73637e4b6f9a3fa1e92e615547819,-7.125,-8.25,-1.125,False,False,5
causal-gen-054,54,direct_choice,155,4,1,easy_padded_random,7,google/gemma-2-9b-it,11c9b309abf73637e4b6f9a3fa1e92e615547819,-7.125,-7.25,-0.125,False,False,6
causal-gen-054,54,direct_choice,155,4,1,easy_short_random,7,google/gemma-2-9b-it,11c9b309abf73637e4b6f9a3fa1e92e615547819,-7.125,-6.5625,0.5625,False,False,5
causal-gen-054,54,direct_choice,155,4,1,donor_padded_random,7,google/gemma-2-9b-it,11c9b309abf73637e4b6f9a3fa1e92e615547819,-7.125,-7.125,0.0,False,False,6
causal-gen-054,54,direct_choice,155,4,1,donor_short_random,7,google/gemma-2-9b-it,11c9b309abf73637e4b6f9a3fa1e92e615547819,-7.125,-7.125,0.0,False,False,5
causal-gen-055,55,direct_choice,156,5,1,easy_padded_tokens,7,google/gemma-2-9b-it,11c9b309abf73637e4b6f9a3fa1e92e615547819,-7.5,2.75,10.25,False,True,6
causal-gen-055,55,direct_choice,156,5,1,easy_short_tokens,7,google/gemma-2-9b-it,11c9b309abf73637e4b6f9a3fa1e92e615547819,-7.5,-1.375,6.125,False,False,5
causal-gen-055,55,direct_choice,156,5,1,donor_padded_tokens,7,google/gemma-2-9b-it,11c9b309abf73637e4b6f9a3fa1e92e615547819,-7.5,-7.5,0.0,False,False,6
causal-gen-055,55,direct_choice,156,5,1,donor_short_tokens,7,google/gemma-2-9b-it,11c9b309abf73637e4b6f9a3fa1e92e615547819,-7.5,-8.9375,-1.4375,False,False,5
causal-gen-055,55,direct_choice,156,5,1,easy_padded_random,7,google/gemma-2-9b-it,11c9b309abf73637e4b6f9a3fa1e92e615547819,-7.5,-7.5,0.0,False,False,6
causal-gen-055,55,direct_choice,156,5,1,easy_short_random,7,google/gemma-2-9b-it,11c9b309abf73637e4b6f9a3fa1e92e615547819,-7.5,-7.5,0.0,False,False,5
causal-gen-055,55,direct_choice,156,5,1,donor_padded_random,7,google/gemma-2-9b-it,11c9b309abf73637e4b6f9a3fa1e92e615547819,-7.5,-7.5,0.0,False,False,6
causal-gen-055,55,direct_choice,156,5,1,donor_short_random,7,google/gemma-2-9b-it,11c9b309abf73637e4b6f9a3fa1e92e615547819,-7.5,-7.375,0.125,False,False,5
causal-gen-056,56,direct_choice,157,6,1,easy_padded_tokens,7,google/gemma-2-9b-it,11c9b309abf73637e4b6f9a3fa1e92e615547819,-6.6875,4.5,11.1875,False,True,6
causal-gen-056,56,direct_choice,157,6,1,easy_short_tokens,7,google/gemma-2-9b-it,11c9b309abf73637e4b6f9a3fa1e92e615547819,-6.6875,-3.5,3.1875,False,False,5
causal-gen-056,56,direct_choice,157,6,1,donor_padded_tokens,7,google/gemma-2-9b-it,11c9b309abf73637e4b6f9a3fa1e92e615547819,-6.6875,-6.6875,0.0,False,False,6
causal-gen-056,56,direct_choice,157,6,1,donor_short_tokens,7,google/gemma-2-9b-it,11c9b309abf73637e4b6f9a3fa1e92e615547819,-6.6875,-9.4375,-2.75,False,False,5
causal-gen-056,56,direct_choice,157,6,1,easy_padded_random,7,google/gemma-2-9b-it,11c9b309abf73637e4b6f9a3fa1e92e615547819,-6.6875,-6.5625,0.125,False,False,6
causal-gen-056,56,direct_choice,157,6,1,easy_short_random,7,google/gemma-2-9b-it,11c9b309abf73637e4b6f9a3fa1e92e615547819,-6.6875,-6.5625,0.125,False,False,5
causal-gen-056,56,direct_choice,157,6,1,donor_padded_random,7,google/gemma-2-9b-it,11c9b309abf73637e4b6f9a3fa1e92e615547819,-6.6875,-6.6875,0.0,False,False,6
causal-gen-056,56,direct_choice,157,6,1,donor_short_random,7,google/gemma-2-9b-it,11c9b309abf73637e4b6f9a3fa1e92e615547819,-6.6875,-6.5625,0.125,False,False,5
causal-gen-057,57,direct_choice,158,7,1,easy_padded_tokens,7,google/gemma-2-9b-it,11c9b309abf73637e4b6f9a3fa1e92e615547819,-7.125,2.375,9.5,False,True,6
causal-gen-057,57,direct_choice,158,7,1,easy_short_tokens,7,google/gemma-2-9b-it,11c9b309abf73637e4b6f9a3fa1e92e615547819,-7.125,-5.25,1.875,False,False,5
causal-gen-057,57,direct_choice,158,7,1,donor_padded_tokens,7,google/gemma-2-9b-it,11c9b309abf73637e4b6f9a3fa1e92e615547819,-7.125,-7.125,0.0,False,False,6
causal-gen-057,57,direct_choice,158,7,1,donor_short_tokens,7,google/gemma-2-9b-it,11c9b309abf73637e4b6f9a3fa1e92e615547819,-7.125,-10.0625,-2.9375,False,False,5
causal-gen-057,57,direct_choice,158,7,1,easy_padded_random,7,google/gemma-2-9b-it,11c9b309abf73637e4b6f9a3fa1e92e615547819,-7.125,-7.5625,-0.4375,False,False,6
causal-gen-057,57,direct_choice,158,7,1,easy_short_random,7,google/gemma-2-9b-it,11c9b309abf73637e4b6f9a3fa1e92e615547819,-7.125,-7.75,-0.625,False,False,5
causal-gen-057,57,direct_choice,158,7,1,donor_padded_random,7,google/gemma-2-9b-it,11c9b309abf73637e4b6f9a3fa1e92e615547819,-7.125,-7.25,-0.125,False,False,6
causal-gen-057,57,direct_choice,158,7,1,donor_short_random,7,google/gemma-2-9b-it,11c9b309abf73637e4b6f9a3fa1e92e615547819,-7.125,-7.25,-0.125,False,False,5
causal-gen-058,58,direct_choice,159,8,1,easy_padded_tokens,7,google/gemma-2-9b-it,11c9b309abf73637e4b6f9a3fa1e92e615547819,-6.0,2.625,8.625,False,True,6
causal-gen-058,58,direct_choice,159,8,1,easy_short_tokens,7,google/gemma-2-9b-it,11c9b309abf73637e4b6f9a3fa1e92e615547819,-6.0,-4.125,1.875,False,False,5
causal-gen-058,58,direct_choice,159,8,1,donor_padded_tokens,7,google/gemma-2-9b-it,11c9b309abf73637e4b6f9a3fa1e92e615547819,-6.0,-6.0,0.0,False,False,6
causal-gen-058,58,direct_choice,159,8,1,donor_short_tokens,7,google/gemma-2-9b-it,11c9b309abf73637e4b6f9a3fa1e92e615547819,-6.0,-10.75,-4.75,False,False,5
causal-gen-058,58,direct_choice,159,8,1,easy_padded_random,7,google/gemma-2-9b-it,11c9b309abf73637e4b6f9a3fa1e92e615547819,-6.0,-6.125,-0.125,False,False,6
causal-gen-058,58,direct_choice,159,8,1,easy_short_random,7,google/gemma-2-9b-it,11c9b309abf73637e4b6f9a3fa1e92e615547819,-6.0,-6.125,-0.125,False,False,5
causal-gen-058,58,direct_choice,159,8,1,donor_padded_random,7,google/gemma-2-9b-it,11c9b309abf73637e4b6f9a3fa1e92e615547819,-6.0,-6.0,0.0,False,False,6
causal-gen-058,58,direct_choice,159,8,1,donor_short_random,7,google/gemma-2-9b-it,11c9b309abf73637e4b6f9a3fa1e92e615547819,-6.0,-6.0,0.0,False,False,5
causal-gen-059,59,direct_choice,160,9,1,easy_padded_tokens,7,google/gemma-2-9b-it,11c9b309abf73637e4b6f9a3fa1e92e615547819,-9.6875,-6.0,3.6875,False,False,6
causal-gen-059,59,direct_choice,160,9,1,easy_short_tokens,7,google/gemma-2-9b-it,11c9b309abf73637e4b6f9a3fa1e92e615547819,-9.6875,-8.0,1.6875,False,False,5
causal-gen-059,59,direct_choice,160,9,1,donor_padded_tokens,7,google/gemma-2-9b-it,11c9b309abf73637e4b6f9a3fa1e92e615547819,-9.6875,-9.6875,0.0,False,False,6
causal-gen-059,59,direct_choice,160,9,1,donor_short_tokens,7,google/gemma-2-9b-it,11c9b309abf73637e4b6f9a3fa1e92e615547819,-9.6875,-11.0,-1.3125,False,False,5
causal-gen-059,59,direct_choice,160,9,1,easy_padded_random,7,google/gemma-2-9b-it,11c9b309abf73637e4b6f9a3fa1e92e615547819,-9.6875,-9.8125,-0.125,False,False,6
causal-gen-059,59,direct_choice,160,9,1,easy_short_random,7,google/gemma-2-9b-it,11c9b309abf73637e4b6f9a3fa1e92e615547819,-9.6875,-9.5,0.1875,False,False,5
causal-gen-059,59,direct_choice,160,9,1,donor_padded_random,7,google/gemma-2-9b-it,11c9b309abf73637e4b6f9a3fa1e92e615547819,-9.6875,-9.625,0.0625,False,False,6
causal-gen-059,59,direct_choice,160,9,1,donor_short_random,7,google/gemma-2-9b-it,11c9b309abf73637e4b6f9a3fa1e92e615547819,-9.6875,-9.6875,0.0,False,False,5
causal-gen-060,60,direct_choice,161,0,2,easy_padded_tokens,7,google/gemma-2-9b-it,11c9b309abf73637e4b6f9a3fa1e92e615547819,2.0,3.0,1.0,True,True,7
causal-gen-060,60,direct_choice,161,0,2,easy_short_tokens,7,google/gemma-2-9b-it,11c9b309abf73637e4b6f9a3fa1e92e615547819,2.0,7.25,5.25,True,True,5
causal-gen-060,60,direct_choice,161,0,2,donor_padded_tokens,7,google/gemma-2-9b-it,11c9b309abf73637e4b6f9a3fa1e92e615547819,2.0,2.0,0.0,True,True,7
causal-gen-060,60,direct_choice,161,0,2,donor_short_tokens,7,google/gemma-2-9b-it,11c9b309abf73637e4b6f9a3fa1e92e615547819,2.0,-5.875,-7.875,True,False,5
causal-gen-060,60,direct_choice,161,0,2,easy_padded_random,7,google/gemma-2-9b-it,11c9b309abf73637e4b6f9a3fa1e92e615547819,2.0,1.875,-0.125,True,True,7
causal-gen-060,60,direct_choice,161,0,2,easy_short_random,7,google/gemma-2-9b-it,11c9b309abf73637e4b6f9a3fa1e92e615547819,2.0,2.0,0.0,True,True,5
causal-gen-060,60,direct_choice,161,0,2,donor_padded_random,7,google/gemma-2-9b-it,11c9b309abf73637e4b6f9a3fa1e92e615547819,2.0,2.0,0.0,True,True,7
causal-gen-060,60,direct_choice,161,0,2,donor_short_random,7,google/gemma-2-9b-it,11c9b309abf73637e4b6f9a3fa1e92e615547819,2.0,2.25,0.25,True,True,5
causal-gen-061,61,direct_choice,162,1,2,easy_padded_tokens,7,google/gemma-2-9b-it,11c9b309abf73637e4b6f9a3fa1e92e615547819,-6.9375,-4.0,2.9375,False,False,7
causal-gen-061,61,direct_choice,162,1,2,easy_short_tokens,7,google/gemma-2-9b-it,11c9b309abf73637e4b6f9a3fa1e92e615547819,-6.9375,-4.625,2.3125,False,False,5
causal-gen-061,61,direct_choice,162,1,2,donor_padded_tokens,7,google/gemma-2-9b-it,11c9b309abf73637e4b6f9a3fa1e92e615547819,-6.9375,-6.9375,0.0,False,False,7
causal-gen-061,61,direct_choice,162,1,2,donor_short_tokens,7,google/gemma-2-9b-it,11c9b309abf73637e4b6f9a3fa1e92e615547819,-6.9375,-6.6875,0.25,False,False,5
causal-gen-061,61,direct_choice,162,1,2,easy_padded_random,7,google/gemma-2-9b-it,11c9b309abf73637e4b6f9a3fa1e92e615547819,-6.9375,-6.9375,0.0,False,False,7
causal-gen-061,61,direct_choice,162,1,2,easy_short_random,7,google/gemma-2-9b-it,11c9b309abf73637e4b6f9a3fa1e92e615547819,-6.9375,-6.9375,0.0,False,False,5
causal-gen-061,61,direct_choice,162,1,2,donor_padded_random,7,google/gemma-2-9b-it,11c9b309abf73637e4b6f9a3fa1e92e615547819,-6.9375,-6.9375,0.0,False,False,7
causal-gen-061,61,direct_choice,162,1,2,donor_short_random,7,google/gemma-2-9b-it,11c9b309abf73637e4b6f9a3fa1e92e615547819,-6.9375,-7.0,-0.0625,False,False,5
causal-gen-062,62,direct_choice,163,2,2,easy_padded_tokens,7,google/gemma-2-9b-it,11c9b309abf73637e4b6f9a3fa1e92e615547819,-3.375,4.25,7.625,False,True,7
causal-gen-062,62,direct_choice,163,2,2,easy_short_tokens,7,google/gemma-2-9b-it,11c9b309abf73637e4b6f9a3fa1e92e615547819,-3.375,-1.125,2.25,False,False,5
causal-gen-062,62,direct_choice,163,2,2,donor_padded_tokens,7,google/gemma-2-9b-it,11c9b309abf73637e4b6f9a3fa1e92e615547819,-3.375,-3.375,0.0,False,False,7
causal-gen-062,62,direct_choice,163,2,2,donor_short_tokens,7,google/gemma-2-9b-it,11c9b309abf73637e4b6f9a3fa1e92e615547819,-3.375,-7.25,-3.875,False,False,5
causal-gen-062,62,direct_choice,163,2,2,easy_padded_random,7,google/gemma-2-9b-it,11c9b309abf73637e4b6f9a3fa1e92e615547819,-3.375,-3.875,-0.5,False,False,7
causal-gen-062,62,direct_choice,163,2,2,easy_short_random,7,google/gemma-2-9b-it,11c9b309abf73637e4b6f9a3fa1e92e615547819,-3.375,-3.5,-0.125,False,False,5
causal-gen-062,62,direct_choice,163,2,2,donor_padded_random,7,google/gemma-2-9b-it,11c9b309abf73637e4b6f9a3fa1e92e615547819,-3.375,-3.375,0.0,False,False,7
causal-gen-062,62,direct_choice,163,2,2,donor_short_random,7,google/gemma-2-9b-it,11c9b309abf73637e4b6f9a3fa1e92e615547819,-3.375,-3.5,-0.125,False,False,5
causal-gen-063,63,direct_choice,164,3,2,easy_padded_tokens,7,google/gemma-2-9b-it,11c9b309abf73637e4b6f9a3fa1e92e615547819,-4.75,3.5,8.25,False,True,7
causal-gen-063,63,direct_choice,164,3,2,easy_short_tokens,7,google/gemma-2-9b-it,11c9b309abf73637e4b6f9a3fa1e92e615547819,-4.75,-4.375,0.375,False,False,5
causal-gen-063,63,direct_choice,164,3,2,donor_padded_tokens,7,google/gemma-2-9b-it,11c9b309abf73637e4b6f9a3fa1e92e615547819,-4.75,-4.75,0.0,False,False,7
causal-gen-063,63,direct_choice,164,3,2,donor_short_tokens,7,google/gemma-2-9b-it,11c9b309abf73637e4b6f9a3fa1e92e615547819,-4.75,-7.25,-2.5,False,False,5
causal-gen-063,63,direct_choice,164,3,2,easy_padded_random,7,google/gemma-2-9b-it,11c9b309abf73637e4b6f9a3fa1e92e615547819,-4.75,-4.75,0.0,False,False,7
causal-gen-063,63,direct_choice,164,3,2,easy_short_random,7,google/gemma-2-9b-it,11c9b309abf73637e4b6f9a3fa1e92e615547819,-4.75,-4.75,0.0,False,False,5
causal-gen-063,63,direct_choice,164,3,2,donor_padded_random,7,google/gemma-2-9b-it,11c9b309abf73637e4b6f9a3fa1e92e615547819,-4.75,-4.875,-0.125,False,False,7
causal-gen-063,63,direct_choice,164,3,2,donor_short_random,7,google/gemma-2-9b-it,11c9b309abf73637e4b6f9a3fa1e92e615547819,-4.75,-4.75,0.0,False,False,5
causal-gen-064,64,direct_choice,165,4,2,easy_padded_tokens,7,google/gemma-2-9b-it,11c9b309abf73637e4b6f9a3fa1e92e615547819,-4.625,4.875,9.5,False,True,7
causal-gen-064,64,direct_choice,165,4,2,easy_short_tokens,7,google/gemma-2-9b-it,11c9b309abf73637e4b6f9a3fa1e92e615547819,-4.625,-2.25,2.375,False,False,5
causal-gen-064,64,direct_choice,165,4,2,donor_padded_tokens,7,google/gemma-2-9b-it,11c9b309abf73637e4b6f9a3fa1e92e615547819,-4.625,-4.625,0.0,False,False,7
causal-gen-064,64,direct_choice,165,4,2,donor_short_tokens,7,google/gemma-2-9b-it,11c9b309abf73637e4b6f9a3fa1e92e615547819,-4.625,-7.375,-2.75,False,False,5
causal-gen-064,64,direct_choice,165,4,2,easy_padded_random,7,google/gemma-2-9b-it,11c9b309abf73637e4b6f9a3fa1e92e615547819,-4.625,3.875,8.5,False,True,7
causal-gen-064,64,direct_choice,165,4,2,easy_short_random,7,google/gemma-2-9b-it,11c9b309abf73637e4b6f9a3fa1e92e615547819,-4.625,-4.625,0.0,False,False,5
causal-gen-064,64,direct_choice,165,4,2,donor_padded_random,7,google/gemma-2-9b-it,11c9b309abf73637e4b6f9a3fa1e92e615547819,-4.625,-4.625,0.0,False,False,7
causal-gen-064,64,direct_choice,165,4,2,donor_short_random,7,google/gemma-2-9b-it,11c9b309abf73637e4b6f9a3fa1e92e615547819,-4.625,-4.625,0.0,False,False,5
causal-gen-065,65,direct_choice,166,5,2,easy_padded_tokens,7,google/gemma-2-9b-it,11c9b309abf73637e4b6f9a3fa1e92e615547819,-2.125,5.375,7.5,False,True,7
causal-gen-065,65,direct_choice,166,5,2,easy_short_tokens,7,google/gemma-2-9b-it,11c9b309abf73637e4b6f9a3fa1e92e615547819,-2.125,1.5,3.625,False,True,5
causal-gen-065,65,direct_choice,166,5,2,donor_padded_tokens,7,google/gemma-2-9b-it,11c9b309abf73637e4b6f9a3fa1e92e615547819,-2.125,-2.125,0.0,False,False,7
causal-gen-065,65,direct_choice,166,5,2,donor_short_tokens,7,google/gemma-2-9b-it,11c9b309abf73637e4b6f9a3fa1e92e615547819,-2.125,-7.875,-5.75,False,False,5
causal-gen-065,65,direct_choice,166,5,2,easy_padded_random,7,google/gemma-2-9b-it,11c9b309abf73637e4b6f9a3fa1e92e615547819,-2.125,-2.25,-0.125,False,False,7
causal-gen-065,65,direct_choice,166,5,2,easy_short_random,7,google/gemma-2-9b-it,11c9b309abf73637e4b6f9a3fa1e92e615547819,-2.125,-2.375,-0.25,False,False,5
causal-gen-065,65,direct_choice,166,5,2,donor_padded_random,7,google/gemma-2-9b-it,11c9b309abf73637e4b6f9a3fa1e92e615547819,-2.125,-2.125,0.0,False,False,7
causal-gen-065,65,direct_choice,166,5,2,donor_short_random,7,google/gemma-2-9b-it,11c9b309abf73637e4b6f9a3fa1e92e615547819,-2.125,-2.0,0.125,False,False,5
causal-gen-066,66,direct_choice,167,6,2,easy_padded_tokens,7,google/gemma-2-9b-it,11c9b309abf73637e4b6f9a3fa1e92e615547819,-4.125,4.25,8.375,False,True,7
causal-gen-066,66,direct_choice,167,6,2,easy_short_tokens,7,google/gemma-2-9b-it,11c9b309abf73637e4b6f9a3fa1e92e615547819,-4.125,-3.25,0.875,False,False,5
causal-gen-066,66,direct_choice,167,6,2,donor_padded_tokens,7,google/gemma-2-9b-it,11c9b309abf73637e4b6f9a3fa1e92e615547819,-4.125,-4.125,0.0,False,False,7
causal-gen-066,66,direct_choice,167,6,2,donor_short_tokens,7,google/gemma-2-9b-it,11c9b309abf73637e4b6f9a3fa1e92e615547819,-4.125,-8.125,-4.0,False,False,5
causal-gen-066,66,direct_choice,167,6,2,easy_padded_random,7,google/gemma-2-9b-it,11c9b309abf73637e4b6f9a3fa1e92e615547819,-4.125,-4.625,-0.5,False,False,7
causal-gen-066,66,direct_choice,167,6,2,easy_short_random,7,google/gemma-2-9b-it,11c9b309abf73637e4b6f9a3fa1e92e615547819,-4.125,2.375,6.5,False,True,5
causal-gen-066,66,direct_choice,167,6,2,donor_padded_random,7,google/gemma-2-9b-it,11c9b309abf73637e4b6f9a3fa1e92e615547819,-4.125,-4.125,0.0,False,False,7
causal-gen-066,66,direct_choice,167,6,2,donor_short_random,7,google/gemma-2-9b-it,11c9b309abf73637e4b6f9a3fa1e92e615547819,-4.125,-3.625,0.5,False,False,5
causal-gen-067,67,direct_choice,168,7,2,easy_padded_tokens,7,google/gemma-2-9b-it,11c9b309abf73637e4b6f9a3fa1e92e615547819,-5.125,4.875,10.0,False,True,7
causal-gen-067,67,direct_choice,168,7,2,easy_short_tokens,7,google/gemma-2-9b-it,11c9b309abf73637e4b6f9a3fa1e92e615547819,-5.125,-3.375,1.75,False,False,5
causal-gen-067,67,direct_choice,168,7,2,donor_padded_tokens,7,google/gemma-2-9b-it,11c9b309abf73637e4b6f9a3fa1e92e615547819,-5.125,-5.125,0.0,False,False,7
causal-gen-067,67,direct_choice,168,7,2,donor_short_tokens,7,google/gemma-2-9b-it,11c9b309abf73637e4b6f9a3fa1e92e615547819,-5.125,-9.0,-3.875,False,False,5
causal-gen-067,67,direct_choice,168,7,2,easy_padded_random,7,google/gemma-2-9b-it,11c9b309abf73637e4b6f9a3fa1e92e615547819,-5.125,3.875,9.0,False,True,7
causal-gen-067,67,direct_choice,168,7,2,easy_short_random,7,google/gemma-2-9b-it,11c9b309abf73637e4b6f9a3fa1e92e615547819,-5.125,-5.25,-0.125,False,False,5
causal-gen-067,67,direct_choice,168,7,2,donor_padded_random,7,google/gemma-2-9b-it,11c9b309abf73637e4b6f9a3fa1e92e615547819,-5.125,-0.625,4.5,False,False,7
causal-gen-067,67,direct_choice,168,7,2,donor_short_random,7,google/gemma-2-9b-it,11c9b309abf73637e4b6f9a3fa1e92e615547819,-5.125,-5.25,-0.125,False,False,5
causal-gen-068,68,direct_choice,169,8,2,easy_padded_tokens,7,google/gemma-2-9b-it,11c9b309abf73637e4b6f9a3fa1e92e615547819,-2.0,4.75,6.75,False,True,7
causal-gen-068,68,direct_choice,169,8,2,easy_short_tokens,7,google/gemma-2-9b-it,11c9b309abf73637e4b6f9a3fa1e92e615547819,-2.0,-2.5,-0.5,False,False,5
causal-gen-068,68,direct_choice,169,8,2,donor_padded_tokens,7,google/gemma-2-9b-it,11c9b309abf73637e4b6f9a3fa1e92e615547819,-2.0,-2.0,0.0,False,False,7
causal-gen-068,68,direct_choice,169,8,2,donor_short_tokens,7,google/gemma-2-9b-it,11c9b309abf73637e4b6f9a3fa1e92e615547819,-2.0,-9.8125,-7.8125,False,False,5
causal-gen-068,68,direct_choice,169,8,2,easy_padded_random,7,google/gemma-2-9b-it,11c9b309abf73637e4b6f9a3fa1e92e615547819,-2.0,-2.0,0.0,False,False,7
causal-gen-068,68,direct_choice,169,8,2,easy_short_random,7,google/gemma-2-9b-it,11c9b309abf73637e4b6f9a3fa1e92e615547819,-2.0,-2.0,0.0,False,False,5
causal-gen-068,68,direct_choice,169,8,2,donor_padded_random,7,google/gemma-2-9b-it,11c9b309abf73637e4b6f9a3fa1e92e615547819,-2.0,-2.0,0.0,False,False,7
causal-gen-068,68,direct_choice,169,8,2,donor_short_random,7,google/gemma-2-9b-it,11c9b309abf73637e4b6f9a3fa1e92e615547819,-2.0,-1.75,0.25,False,False,5
causal-gen-069,69,direct_choice,170,9,2,easy_padded_tokens,7,google/gemma-2-9b-it,11c9b309abf73637e4b6f9a3fa1e92e615547819,-6.0,3.875,9.875,False,True,7
causal-gen-069,69,direct_choice,170,9,2,easy_short_tokens,7,google/gemma-2-9b-it,11c9b309abf73637e4b6f9a3fa1e92e615547819,-6.0,-4.875,1.125,False,False,5
causal-gen-069,69,direct_choice,170,9,2,donor_padded_tokens,7,google/gemma-2-9b-it,11c9b309abf73637e4b6f9a3fa1e92e615547819,-6.0,-6.0,0.0,False,False,7
causal-gen-069,69,direct_choice,170,9,2,donor_short_tokens,7,google/gemma-2-9b-it,11c9b309abf73637e4b6f9a3fa1e92e615547819,-6.0,-10.25,-4.25,False,False,5
causal-gen-069,69,direct_choice,170,9,2,easy_padded_random,7,google/gemma-2-9b-it,11c9b309abf73637e4b6f9a3fa1e92e615547819,-6.0,-3.375,2.625,False,False,7
causal-gen-069,69,direct_choice,170,9,2,easy_short_random,7,google/gemma-2-9b-it,11c9b309abf73637e4b6f9a3fa1e92e615547819,-6.0,-6.8125,-0.8125,False,False,5
causal-gen-069,69,direct_choice,170,9,2,donor_padded_random,7,google/gemma-2-9b-it,11c9b309abf73637e4b6f9a3fa1e92e615547819,-6.0,-5.875,0.125,False,False,7
causal-gen-069,69,direct_choice,170,9,2,donor_short_random,7,google/gemma-2-9b-it,11c9b309abf73637e4b6f9a3fa1e92e615547819,-6.0,-6.0,0.0,False,False,5
causal-gen-070,70,direct_choice,171,0,3,easy_padded_tokens,7,google/gemma-2-9b-it,11c9b309abf73637e4b6f9a3fa1e92e615547819,4.25,5.125,0.875,True,True,8
causal-gen-070,70,direct_choice,171,0,3,easy_short_tokens,7,google/gemma-2-9b-it,11c9b309abf73637e4b6f9a3fa1e92e615547819,4.25,7.6875,3.4375,True,True,5
causal-gen-070,70,direct_choice,171,0,3,donor_padded_tokens,7,google/gemma-2-9b-it,11c9b309abf73637e4b6f9a3fa1e92e615547819,4.25,4.25,0.0,True,True,8
causal-gen-070,70,direct_choice,171,0,3,donor_short_tokens,7,google/gemma-2-9b-it,11c9b309abf73637e4b6f9a3fa1e92e615547819,4.25,-6.25,-10.5,True,False,5
causal-gen-070,70,direct_choice,171,0,3,easy_padded_random,7,google/gemma-2-9b-it,11c9b309abf73637e4b6f9a3fa1e92e615547819,4.25,4.125,-0.125,True,True,8
causal-gen-070,70,direct_choice,171,0,3,easy_short_random,7,google/gemma-2-9b-it,11c9b309abf73637e4b6f9a3fa1e92e615547819,4.25,3.625,-0.625,True,True,5
causal-gen-070,70,direct_choice,171,0,3,donor_padded_random,7,google/gemma-2-9b-it,11c9b309abf73637e4b6f9a3fa1e92e615547819,4.25,4.0,-0.25,True,True,8
causal-gen-070,70,direct_choice,171,0,3,donor_short_random,7,google/gemma-2-9b-it,11c9b309abf73637e4b6f9a3fa1e92e615547819,4.25,4.125,-0.125,True,True,5
causal-gen-071,71,direct_choice,172,1,3,easy_padded_tokens,7,google/gemma-2-9b-it,11c9b309abf73637e4b6f9a3fa1e92e615547819,-5.0,2.5,7.5,False,True,8
causal-gen-071,71,direct_choice,172,1,3,easy_short_tokens,7,google/gemma-2-9b-it,11c9b309abf73637e4b6f9a3fa1e92e615547819,-5.0,-2.625,2.375,False,False,5
causal-gen-071,71,direct_choice,172,1,3,donor_padded_tokens,7,google/gemma-2-9b-it,11c9b309abf73637e4b6f9a3fa1e92e615547819,-5.0,-5.0,0.0,False,False,8
causal-gen-071,71,direct_choice,172,1,3,donor_short_tokens,7,google/gemma-2-9b-it,11c9b309abf73637e4b6f9a3fa1e92e615547819,-5.0,-6.375,-1.375,False,False,5
causal-gen-071,71,direct_choice,172,1,3,easy_padded_random,7,google/gemma-2-9b-it,11c9b309abf73637e4b6f9a3fa1e92e615547819,-5.0,-5.0,0.0,False,False,8
causal-gen-071,71,direct_choice,172,1,3,easy_short_random,7,google/gemma-2-9b-it,11c9b309abf73637e4b6f9a3fa1e92e615547819,-5.0,-5.0,0.0,False,False,5
causal-gen-071,71,direct_choice,172,1,3,donor_padded_random,7,google/gemma-2-9b-it,11c9b309abf73637e4b6f9a3fa1e92e615547819,-5.0,-5.0,0.0,False,False,8
causal-gen-071,71,direct_choice,172,1,3,donor_short_random,7,google/gemma-2-9b-it,11c9b309abf73637e4b6f9a3fa1e92e615547819,-5.0,-5.0,0.0,False,False,5
causal-gen-072,72,direct_choice,173,2,3,easy_padded_tokens,7,google/gemma-2-9b-it,11c9b309abf73637e4b6f9a3fa1e92e615547819,0.5,5.125,4.625,True,True,8
causal-gen-072,72,direct_choice,173,2,3,easy_short_tokens,7,google/gemma-2-9b-it,11c9b309abf73637e4b6f9a3fa1e92e615547819,0.5,-1.375,-1.875,True,False,5
causal-gen-072,72,direct_choice,173,2,3,donor_padded_tokens,7,google/gemma-2-9b-it,11c9b309abf73637e4b6f9a3fa1e92e615547819,0.5,0.5,0.0,True,True,8
causal-gen-072,72,direct_choice,173,2,3,donor_short_tokens,7,google/gemma-2-9b-it,11c9b309abf73637e4b6f9a3fa1e92e615547819,0.5,-7.25,-7.75,True,False,5
causal-gen-072,72,direct_choice,173,2,3,easy_padded_random,7,google/gemma-2-9b-it,11c9b309abf73637e4b6f9a3fa1e92e615547819,0.5,4.125,3.625,True,True,8
causal-gen-072,72,direct_choice,173,2,3,easy_short_random,7,google/gemma-2-9b-it,11c9b309abf73637e4b6f9a3fa1e92e615547819,0.5,0.25,-0.25,True,True,5
causal-gen-072,72,direct_choice,173,2,3,donor_padded_random,7,google/gemma-2-9b-it,11c9b309abf73637e4b6f9a3fa1e92e615547819,0.5,0.375,-0.125,True,True,8
causal-gen-072,72,direct_choice,173,2,3,donor_short_random,7,google/gemma-2-9b-it,11c9b309abf73637e4b6f9a3fa1e92e615547819,0.5,0.375,-0.125,True,True,5
causal-gen-073,73,direct_choice,174,3,3,easy_padded_tokens,7,google/gemma-2-9b-it,11c9b309abf73637e4b6f9a3fa1e92e615547819,1.125,5.25,4.125,True,True,8
causal-gen-073,73,direct_choice,174,3,3,easy_short_tokens,7,google/gemma-2-9b-it,11c9b309abf73637e4b6f9a3fa1e92e615547819,1.125,-1.875,-3.0,True,False,5
causal-gen-073,73,direct_choice,174,3,3,donor_padded_tokens,7,google/gemma-2-9b-it,11c9b309abf73637e4b6f9a3fa1e92e615547819,1.125,1.125,0.0,True,True,8
causal-gen-073,73,direct_choice,174,3,3,donor_short_tokens,7,google/gemma-2-9b-it,11c9b309abf73637e4b6f9a3fa1e92e615547819,1.125,-6.9375,-8.0625,True,False,5
causal-gen-073,73,direct_choice,174,3,3,easy_padded_random,7,google/gemma-2-9b-it,11c9b309abf73637e4b6f9a3fa1e92e615547819,1.125,1.25,0.125,True,True,8
causal-gen-073,73,direct_choice,174,3,3,easy_short_random,7,google/gemma-2-9b-it,11c9b309abf73637e4b6f9a3fa1e92e615547819,1.125,1.125,0.0,True,True,5
causal-gen-073,73,direct_choice,174,3,3,donor_padded_random,7,google/gemma-2-9b-it,11c9b309abf73637e4b6f9a3fa1e92e615547819,1.125,1.25,0.125,True,True,8
causal-gen-073,73,direct_choice,174,3,3,donor_short_random,7,google/gemma-2-9b-it,11c9b309abf73637e4b6f9a3fa1e92e615547819,1.125,1.375,0.25,True,True,5
causal-gen-074,74,direct_choice,175,4,3,easy_padded_tokens,7,google/gemma-2-9b-it,11c9b309abf73637e4b6f9a3fa1e92e615547819,0.0,6.8125,6.8125,False,True,8
causal-gen-074,74,direct_choice,175,4,3,easy_short_tokens,7,google/gemma-2-9b-it,11c9b309abf73637e4b6f9a3fa1e92e615547819,0.0,-0.75,-0.75,False,False,5
causal-gen-074,74,direct_choice,175,4,3,donor_padded_tokens,7,google/gemma-2-9b-it,11c9b309abf73637e4b6f9a3fa1e92e615547819,0.0,0.0,0.0,False,False,8
causal-gen-074,74,direct_choice,175,4,3,donor_short_tokens,7,google/gemma-2-9b-it,11c9b309abf73637e4b6f9a3fa1e92e615547819,0.0,-6.8125,-6.8125,False,False,5
causal-gen-074,74,direct_choice,175,4,3,easy_padded_random,7,google/gemma-2-9b-it,11c9b309abf73637e4b6f9a3fa1e92e615547819,0.0,0.0,0.0,False,False,8
causal-gen-074,74,direct_choice,175,4,3,easy_short_random,7,google/gemma-2-9b-it,11c9b309abf73637e4b6f9a3fa1e92e615547819,0.0,0.5,0.5,False,True,5
causal-gen-074,74,direct_choice,175,4,3,donor_padded_random,7,google/gemma-2-9b-it,11c9b309abf73637e4b6f9a3fa1e92e615547819,0.0,0.25,0.25,False,True,8
causal-gen-074,74,direct_choice,175,4,3,donor_short_random,7,google/gemma-2-9b-it,11c9b309abf73637e4b6f9a3fa1e92e615547819,0.0,0.125,0.125,False,True,5
causal-gen-075,75,direct_choice,176,5,3,easy_padded_tokens,7,google/gemma-2-9b-it,11c9b309abf73637e4b6f9a3fa1e92e615547819,-3.125,4.75,7.875,False,True,8
causal-gen-075,75,direct_choice,176,5,3,easy_short_tokens,7,google/gemma-2-9b-it,11c9b309abf73637e4b6f9a3fa1e92e615547819,-3.125,2.125,5.25,False,True,5
causal-gen-075,75,direct_choice,176,5,3,donor_padded_tokens,7,google/gemma-2-9b-it,11c9b309abf73637e4b6f9a3fa1e92e615547819,-3.125,-3.125,0.0,False,False,8
causal-gen-075,75,direct_choice,176,5,3,donor_short_tokens,7,google/gemma-2-9b-it,11c9b309abf73637e4b6f9a3fa1e92e615547819,-3.125,-6.6875,-3.5625,False,False,5
causal-gen-075,75,direct_choice,176,5,3,easy_padded_random,7,google/gemma-2-9b-it,11c9b309abf73637e4b6f9a3fa1e92e615547819,-3.125,-4.75,-1.625,False,False,8
causal-gen-075,75,direct_choice,176,5,3,easy_short_random,7,google/gemma-2-9b-it,11c9b309abf73637e4b6f9a3fa1e92e615547819,-3.125,-3.125,0.0,False,False,5
causal-gen-075,75,direct_choice,176,5,3,donor_padded_random,7,google/gemma-2-9b-it,11c9b309abf73637e4b6f9a3fa1e92e615547819,-3.125,-3.25,-0.125,False,False,8
causal-gen-075,75,direct_choice,176,5,3,donor_short_random,7,google/gemma-2-9b-it,11c9b309abf73637e4b6f9a3fa1e92e615547819,-3.125,-3.25,-0.125,False,False,5
causal-gen-076,76,direct_choice,177,6,3,easy_padded_tokens,7,google/gemma-2-9b-it,11c9b309abf73637e4b6f9a3fa1e92e615547819,3.0,6.5625,3.5625,True,True,8
causal-gen-076,76,direct_choice,177,6,3,easy_short_tokens,7,google/gemma-2-9b-it,11c9b309abf73637e4b6f9a3fa1e92e615547819,3.0,2.375,-0.625,True,True,5
causal-gen-076,76,direct_choice,177,6,3,donor_padded_tokens,7,google/gemma-2-9b-it,11c9b309abf73637e4b6f9a3fa1e92e615547819,3.0,3.0,0.0,True,True,8
causal-gen-076,76,direct_choice,177,6,3,donor_short_tokens,7,google/gemma-2-9b-it,11c9b309abf73637e4b6f9a3fa1e92e615547819,3.0,-7.25,-10.25,True,False,5
causal-gen-076,76,direct_choice,177,6,3,easy_padded_random,7,google/gemma-2-9b-it,11c9b309abf73637e4b6f9a3fa1e92e615547819,3.0,5.375,2.375,True,True,8
causal-gen-076,76,direct_choice,177,6,3,easy_short_random,7,google/gemma-2-9b-it,11c9b309abf73637e4b6f9a3fa1e92e615547819,3.0,-1.625,-4.625,True,False,5
causal-gen-076,76,direct_choice,177,6,3,donor_padded_random,7,google/gemma-2-9b-it,11c9b309abf73637e4b6f9a3fa1e92e615547819,3.0,3.125,0.125,True,True,8
causal-gen-076,76,direct_choice,177,6,3,donor_short_random,7,google/gemma-2-9b-it,11c9b309abf73637e4b6f9a3fa1e92e615547819,3.0,3.25,0.25,True,True,5
causal-gen-077,77,direct_choice,178,7,3,easy_padded_tokens,7,google/gemma-2-9b-it,11c9b309abf73637e4b6f9a3fa1e92e615547819,-0.5,6.0,6.5,False,True,8
causal-gen-077,77,direct_choice,178,7,3,easy_short_tokens,7,google/gemma-2-9b-it,11c9b309abf73637e4b6f9a3fa1e92e615547819,-0.5,-4.5,-4.0,False,False,5
causal-gen-077,77,direct_choice,178,7,3,donor_padded_tokens,7,google/gemma-2-9b-it,11c9b309abf73637e4b6f9a3fa1e92e615547819,-0.5,-0.5,0.0,False,False,8
causal-gen-077,77,direct_choice,178,7,3,donor_short_tokens,7,google/gemma-2-9b-it,11c9b309abf73637e4b6f9a3fa1e92e615547819,-0.5,-7.5,-7.0,False,False,5
causal-gen-077,77,direct_choice,178,7,3,easy_padded_random,7,google/gemma-2-9b-it,11c9b309abf73637e4b6f9a3fa1e92e615547819,-0.5,4.0,4.5,False,True,8
causal-gen-077,77,direct_choice,178,7,3,easy_short_random,7,google/gemma-2-9b-it,11c9b309abf73637e4b6f9a3fa1e92e615547819,-0.5,-4.0,-3.5,False,False,5
causal-gen-077,77,direct_choice,178,7,3,donor_padded_random,7,google/gemma-2-9b-it,11c9b309abf73637e4b6f9a3fa1e92e615547819,-0.5,-0.625,-0.125,False,False,8
causal-gen-077,77,direct_choice,178,7,3,donor_short_random,7,google/gemma-2-9b-it,11c9b309abf73637e4b6f9a3fa1e92e615547819,-0.5,-0.75,-0.25,False,False,5
causal-gen-078,78,direct_choice,179,8,3,easy_padded_tokens,7,google/gemma-2-9b-it,11c9b309abf73637e4b6f9a3fa1e92e615547819,-0.25,4.625,4.875,False,True,8
causal-gen-078,78,direct_choice,179,8,3,easy_short_tokens,7,google/gemma-2-9b-it,11c9b309abf73637e4b6f9a3fa1e92e615547819,-0.25,-4.5,-4.25,False,False,5
causal-gen-078,78,direct_choice,179,8,3,donor_padded_tokens,7,google/gemma-2-9b-it,11c9b309abf73637e4b6f9a3fa1e92e615547819,-0.25,-0.25,0.0,False,False,8
causal-gen-078,78,direct_choice,179,8,3,donor_short_tokens,7,google/gemma-2-9b-it,11c9b309abf73637e4b6f9a3fa1e92e615547819,-0.25,-9.5625,-9.3125,False,False,5
causal-gen-078,78,direct_choice,179,8,3,easy_padded_random,7,google/gemma-2-9b-it,11c9b309abf73637e4b6f9a3fa1e92e615547819,-0.25,4.25,4.5,False,True,8
causal-gen-078,78,direct_choice,179,8,3,easy_short_random,7,google/gemma-2-9b-it,11c9b309abf73637e4b6f9a3fa1e92e615547819,-0.25,-2.0,-1.75,False,False,5
causal-gen-078,78,direct_choice,179,8,3,donor_padded_random,7,google/gemma-2-9b-it,11c9b309abf73637e4b6f9a3fa1e92e615547819,-0.25,0.0,0.25,False,False,8
causal-gen-078,78,direct_choice,179,8,3,donor_short_random,7,google/gemma-2-9b-it,11c9b309abf73637e4b6f9a3fa1e92e615547819,-0.25,-0.25,0.0,False,False,5
causal-gen-079,79,direct_choice,180,9,3,easy_padded_tokens,7,google/gemma-2-9b-it,11c9b309abf73637e4b6f9a3fa1e92e615547819,-2.125,6.0,8.125,False,True,8
causal-gen-079,79,direct_choice,180,9,3,easy_short_tokens,7,google/gemma-2-9b-it,11c9b309abf73637e4b6f9a3fa1e92e615547819,-2.125,0.875,3.0,False,True,5
causal-gen-079,79,direct_choice,180,9,3,donor_padded_tokens,7,google/gemma-2-9b-it,11c9b309abf73637e4b6f9a3fa1e92e615547819,-2.125,-2.125,0.0,False,False,8
causal-gen-079,79,direct_choice,180,9,3,donor_short_tokens,7,google/gemma-2-9b-it,11c9b309abf73637e4b6f9a3fa1e92e615547819,-2.125,-9.625,-7.5,False,False,5
causal-gen-079,79,direct_choice,180,9,3,easy_padded_random,7,google/gemma-2-9b-it,11c9b309abf73637e4b6f9a3fa1e92e615547819,-2.125,2.0,4.125,False,True,8
causal-gen-079,79,direct_choice,180,9,3,easy_short_random,7,google/gemma-2-9b-it,11c9b309abf73637e4b6f9a3fa1e92e615547819,-2.125,-2.125,0.0,False,False,5
causal-gen-079,79,direct_choice,180,9,3,donor_padded_random,7,google/gemma-2-9b-it,11c9b309abf73637e4b6f9a3fa1e92e615547819,-2.125,-2.0,0.125,False,False,8
causal-gen-079,79,direct_choice,180,9,3,donor_short_random,7,google/gemma-2-9b-it,11c9b309abf73637e4b6f9a3fa1e92e615547819,-2.125,-2.125,0.0,False,False,5
causal-gen-080,80,direct_choice,181,0,4,easy_padded_tokens,7,google/gemma-2-9b-it,11c9b309abf73637e4b6f9a3fa1e92e615547819,4.5,5.125,0.625,True,True,9
causal-gen-080,80,direct_choice,181,0,4,easy_short_tokens,7,google/gemma-2-9b-it,11c9b309abf73637e4b6f9a3fa1e92e615547819,4.5,6.875,2.375,True,True,5
causal-gen-080,80,direct_choice,181,0,4,donor_padded_tokens,7,google/gemma-2-9b-it,11c9b309abf73637e4b6f9a3fa1e92e615547819,4.5,4.5,0.0,True,True,9
causal-gen-080,80,direct_choice,181,0,4,donor_short_tokens,7,google/gemma-2-9b-it,11c9b309abf73637e4b6f9a3fa1e92e615547819,4.5,-5.25,-9.75,True,False,5
causal-gen-080,80,direct_choice,181,0,4,easy_padded_random,7,google/gemma-2-9b-it,11c9b309abf73637e4b6f9a3fa1e92e615547819,4.5,1.75,-2.75,True,True,9
causal-gen-080,80,direct_choice,181,0,4,easy_short_random,7,google/gemma-2-9b-it,11c9b309abf73637e4b6f9a3fa1e92e615547819,4.5,4.375,-0.125,True,True,5
causal-gen-080,80,direct_choice,181,0,4,donor_padded_random,7,google/gemma-2-9b-it,11c9b309abf73637e4b6f9a3fa1e92e615547819,4.5,4.375,-0.125,True,True,9
causal-gen-080,80,direct_choice,181,0,4,donor_short_random,7,google/gemma-2-9b-it,11c9b309abf73637e4b6f9a3fa1e92e615547819,4.5,4.5,0.0,True,True,5
causal-gen-081,81,direct_choice,182,1,4,easy_padded_tokens,7,google/gemma-2-9b-it,11c9b309abf73637e4b6f9a3fa1e92e615547819,-4.5,2.875,7.375,False,True,9
causal-gen-081,81,direct_choice,182,1,4,easy_short_tokens,7,google/gemma-2-9b-it,11c9b309abf73637e4b6f9a3fa1e92e615547819,-4.5,-2.5,2.0,False,False,5
causal-gen-081,81,direct_choice,182,1,4,donor_padded_tokens,7,google/gemma-2-9b-it,11c9b309abf73637e4b6f9a3fa1e92e615547819,-4.5,-4.5,0.0,False,False,9
causal-gen-081,81,direct_choice,182,1,4,donor_short_tokens,7,google/gemma-2-9b-it,11c9b309abf73637e4b6f9a3fa1e92e615547819,-4.5,-6.125,-1.625,False,False,5
causal-gen-081,81,direct_choice,182,1,4,easy_padded_random,7,google/gemma-2-9b-it,11c9b309abf73637e4b6f9a3fa1e92e615547819,-4.5,-2.125,2.375,False,False,9
causal-gen-081,81,direct_choice,182,1,4,easy_short_random,7,google/gemma-2-9b-it,11c9b309abf73637e4b6f9a3fa1e92e615547819,-4.5,-4.0,0.5,False,False,5
causal-gen-081,81,direct_choice,182,1,4,donor_padded_random,7,google/gemma-2-9b-it,11c9b309abf73637e4b6f9a3fa1e92e615547819,-4.5,-1.5,3.0,False,False,9
causal-gen-081,81,direct_choice,182,1,4,donor_short_random,7,google/gemma-2-9b-it,11c9b309abf73637e4b6f9a3fa1e92e615547819,-4.5,-4.5,0.0,False,False,5
causal-gen-082,82,direct_choice,183,2,4,easy_padded_tokens,7,google/gemma-2-9b-it,11c9b309abf73637e4b6f9a3fa1e92e615547819,3.625,6.25,2.625,True,True,9
causal-gen-082,82,direct_choice,183,2,4,easy_short_tokens,7,google/gemma-2-9b-it,11c9b309abf73637e4b6f9a3fa1e92e615547819,3.625,2.625,-1.0,True,True,5
causal-gen-082,82,direct_choice,183,2,4,donor_padded_tokens,7,google/gemma-2-9b-it,11c9b309abf73637e4b6f9a3fa1e92e615547819,3.625,3.625,0.0,True,True,9
causal-gen-082,82,direct_choice,183,2,4,donor_short_tokens,7,google/gemma-2-9b-it,11c9b309abf73637e4b6f9a3fa1e92e615547819,3.625,-6.5625,-10.1875,True,False,5
causal-gen-082,82,direct_choice,183,2,4,easy_padded_random,7,google/gemma-2-9b-it,11c9b309abf73637e4b6f9a3fa1e92e615547819,3.625,3.625,0.0,True,True,9
causal-gen-082,82,direct_choice,183,2,4,easy_short_random,7,google/gemma-2-9b-it,11c9b309abf73637e4b6f9a3fa1e92e615547819,3.625,3.625,0.0,True,True,5
causal-gen-082,82,direct_choice,183,2,4,donor_padded_random,7,google/gemma-2-9b-it,11c9b309abf73637e4b6f9a3fa1e92e615547819,3.625,3.75,0.125,True,True,9
causal-gen-082,82,direct_choice,183,2,4,donor_short_random,7,google/gemma-2-9b-it,11c9b309abf73637e4b6f9a3fa1e92e615547819,3.625,3.75,0.125,True,True,5
causal-gen-083,83,direct_choice,184,3,4,easy_padded_tokens,7,google/gemma-2-9b-it,11c9b309abf73637e4b6f9a3fa1e92e615547819,-1.625,5.0,6.625,False,True,9
causal-gen-083,83,direct_choice,184,3,4,easy_short_tokens,7,google/gemma-2-9b-it,11c9b309abf73637e4b6f9a3fa1e92e615547819,-1.625,0.875,2.5,False,True,5
causal-gen-083,83,direct_choice,184,3,4,donor_padded_tokens,7,google/gemma-2-9b-it,11c9b309abf73637e4b6f9a3fa1e92e615547819,-1.625,-1.625,0.0,False,False,9
causal-gen-083,83,direct_choice,184,3,4,donor_short_tokens,7,google/gemma-2-9b-it,11c9b309abf73637e4b6f9a3fa1e92e615547819,-1.625,-6.4375,-4.8125,False,False,5
causal-gen-083,83,direct_choice,184,3,4,easy_padded_random,7,google/gemma-2-9b-it,11c9b309abf73637e4b6f9a3fa1e92e615547819,-1.625,-1.875,-0.25,False,False,9
causal-gen-083,83,direct_choice,184,3,4,easy_short_random,7,google/gemma-2-9b-it,11c9b309abf73637e4b6f9a3fa1e92e615547819,-1.625,-1.625,0.0,False,False,5
causal-gen-083,83,direct_choice,184,3,4,donor_padded_random,7,google/gemma-2-9b-it,11c9b309abf73637e4b6f9a3fa1e92e615547819,-1.625,-1.875,-0.25,False,False,9
causal-gen-083,83,direct_choice,184,3,4,donor_short_random,7,google/gemma-2-9b-it,11c9b309abf73637e4b6f9a3fa1e92e615547819,-1.625,-2.0,-0.375,False,False,5
causal-gen-084,84,direct_choice,185,4,4,easy_padded_tokens,7,google/gemma-2-9b-it,11c9b309abf73637e4b6f9a3fa1e92e615547819,1.875,6.125,4.25,True,True,9
causal-gen-084,84,direct_choice,185,4,4,easy_short_tokens,7,google/gemma-2-9b-it,11c9b309abf73637e4b6f9a3fa1e92e615547819,1.875,1.25,-0.625,True,True,5
causal-gen-084,84,direct_choice,185,4,4,donor_padded_tokens,7,google/gemma-2-9b-it,11c9b309abf73637e4b6f9a3fa1e92e615547819,1.875,1.875,0.0,True,True,9
causal-gen-084,84,direct_choice,185,4,4,donor_short_tokens,7,google/gemma-2-9b-it,11c9b309abf73637e4b6f9a3fa1e92e615547819,1.875,-6.5625,-8.4375,True,False,5
causal-gen-084,84,direct_choice,185,4,4,easy_padded_random,7,google/gemma-2-9b-it,11c9b309abf73637e4b6f9a3fa1e92e615547819,1.875,1.875,0.0,True,True,9
causal-gen-084,84,direct_choice,185,4,4,easy_short_random,7,google/gemma-2-9b-it,11c9b309abf73637e4b6f9a3fa1e92e615547819,1.875,6.1875,4.3125,True,True,5
causal-gen-084,84,direct_choice,185,4,4,donor_padded_random,7,google/gemma-2-9b-it,11c9b309abf73637e4b6f9a3fa1e92e615547819,1.875,2.25,0.375,True,True,9
causal-gen-084,84,direct_choice,185,4,4,donor_short_random,7,google/gemma-2-9b-it,11c9b309abf73637e4b6f9a3fa1e92e615547819,1.875,2.75,0.875,True,True,5
causal-gen-085,85,direct_choice,186,5,4,easy_padded_tokens,7,google/gemma-2-9b-it,11c9b309abf73637e4b6f9a3fa1e92e615547819,-0.75,5.5,6.25,False,True,9
causal-gen-085,85,direct_choice,186,5,4,easy_short_tokens,7,google/gemma-2-9b-it,11c9b309abf73637e4b6f9a3fa1e92e615547819,-0.75,4.0,4.75,False,True,5
causal-gen-085,85,direct_choice,186,5,4,donor_padded_tokens,7,google/gemma-2-9b-it,11c9b309abf73637e4b6f9a3fa1e92e615547819,-0.75,-0.75,0.0,False,False,9
causal-gen-085,85,direct_choice,186,5,4,donor_short_tokens,7,google/gemma-2-9b-it,11c9b309abf73637e4b6f9a3fa1e92e615547819,-0.75,-6.4375,-5.6875,False,False,5
causal-gen-085,85,direct_choice,186,5,4,easy_padded_random,7,google/gemma-2-9b-it,11c9b309abf73637e4b6f9a3fa1e92e615547819,-0.75,-0.5,0.25,False,False,9
causal-gen-085,85,direct_choice,186,5,4,easy_short_random,7,google/gemma-2-9b-it,11c9b309abf73637e4b6f9a3fa1e92e615547819,-0.75,-0.75,0.0,False,False,5
causal-gen-085,85,direct_choice,186,5,4,donor_padded_random,7,google/gemma-2-9b-it,11c9b309abf73637e4b6f9a3fa1e92e615547819,-0.75,-1.125,-0.375,False,False,9
causal-gen-085,85,direct_choice,186,5,4,donor_short_random,7,google/gemma-2-9b-it,11c9b309abf73637e4b6f9a3fa1e92e615547819,-0.75,2.125,2.875,False,True,5
causal-gen-086,86,direct_choice,187,6,4,easy_padded_tokens,7,google/gemma-2-9b-it,11c9b309abf73637e4b6f9a3fa1e92e615547819,-3.125,4.5,7.625,False,True,9
causal-gen-086,86,direct_choice,187,6,4,easy_short_tokens,7,google/gemma-2-9b-it,11c9b309abf73637e4b6f9a3fa1e92e615547819,-3.125,-3.5,-0.375,False,False,5
causal-gen-086,86,direct_choice,187,6,4,donor_padded_tokens,7,google/gemma-2-9b-it,11c9b309abf73637e4b6f9a3fa1e92e615547819,-3.125,-3.125,0.0,False,False,9
causal-gen-086,86,direct_choice,187,6,4,donor_short_tokens,7,google/gemma-2-9b-it,11c9b309abf73637e4b6f9a3fa1e92e615547819,-3.125,-6.8125,-3.6875,False,False,5
causal-gen-086,86,direct_choice,187,6,4,easy_padded_random,7,google/gemma-2-9b-it,11c9b309abf73637e4b6f9a3fa1e92e615547819,-3.125,-1.125,2.0,False,False,9
causal-gen-086,86,direct_choice,187,6,4,easy_short_random,7,google/gemma-2-9b-it,11c9b309abf73637e4b6f9a3fa1e92e615547819,-3.125,-2.875,0.25,False,False,5
causal-gen-086,86,direct_choice,187,6,4,donor_padded_random,7,google/gemma-2-9b-it,11c9b309abf73637e4b6f9a3fa1e92e615547819,-3.125,-2.125,1.0,False,False,9
causal-gen-086,86,direct_choice,187,6,4,donor_short_random,7,google/gemma-2-9b-it,11c9b309abf73637e4b6f9a3fa1e92e615547819,-3.125,-3.0,0.125,False,False,5
causal-gen-087,87,direct_choice,188,7,4,easy_padded_tokens,7,google/gemma-2-9b-it,11c9b309abf73637e4b6f9a3fa1e92e615547819,0.125,5.875,5.75,True,True,9
causal-gen-087,87,direct_choice,188,7,4,easy_short_tokens,7,google/gemma-2-9b-it,11c9b309abf73637e4b6f9a3fa1e92e615547819,0.125,-3.0,-3.125,True,False,5
causal-gen-087,87,direct_choice,188,7,4,donor_padded_tokens,7,google/gemma-2-9b-it,11c9b309abf73637e4b6f9a3fa1e92e615547819,0.125,0.125,0.0,True,True,9
causal-gen-087,87,direct_choice,188,7,4,donor_short_tokens,7,google/gemma-2-9b-it,11c9b309abf73637e4b6f9a3fa1e92e615547819,0.125,-7.375,-7.5,True,False,5
causal-gen-087,87,direct_choice,188,7,4,easy_padded_random,7,google/gemma-2-9b-it,11c9b309abf73637e4b6f9a3fa1e92e615547819,0.125,-1.875,-2.0,True,False,9
causal-gen-087,87,direct_choice,188,7,4,easy_short_random,7,google/gemma-2-9b-it,11c9b309abf73637e4b6f9a3fa1e92e615547819,0.125,0.0,-0.125,True,False,5
causal-gen-087,87,direct_choice,188,7,4,donor_padded_random,7,google/gemma-2-9b-it,11c9b309abf73637e4b6f9a3fa1e92e615547819,0.125,0.125,0.0,True,True,9
causal-gen-087,87,direct_choice,188,7,4,donor_short_random,7,google/gemma-2-9b-it,11c9b309abf73637e4b6f9a3fa1e92e615547819,0.125,0.125,0.0,True,True,5
causal-gen-088,88,direct_choice,189,8,4,easy_padded_tokens,7,google/gemma-2-9b-it,11c9b309abf73637e4b6f9a3fa1e92e615547819,-1.625,4.25,5.875,False,True,9
causal-gen-088,88,direct_choice,189,8,4,easy_short_tokens,7,google/gemma-2-9b-it,11c9b309abf73637e4b6f9a3fa1e92e615547819,-1.625,0.75,2.375,False,True,5
causal-gen-088,88,direct_choice,189,8,4,donor_padded_tokens,7,google/gemma-2-9b-it,11c9b309abf73637e4b6f9a3fa1e92e615547819,-1.625,-1.625,0.0,False,False,9
causal-gen-088,88,direct_choice,189,8,4,donor_short_tokens,7,google/gemma-2-9b-it,11c9b309abf73637e4b6f9a3fa1e92e615547819,-1.625,-9.25,-7.625,False,False,5
causal-gen-088,88,direct_choice,189,8,4,easy_padded_random,7,google/gemma-2-9b-it,11c9b309abf73637e4b6f9a3fa1e92e615547819,-1.625,-1.5,0.125,False,False,9
causal-gen-088,88,direct_choice,189,8,4,easy_short_random,7,google/gemma-2-9b-it,11c9b309abf73637e4b6f9a3fa1e92e615547819,-1.625,-0.875,0.75,False,False,5
causal-gen-088,88,direct_choice,189,8,4,donor_padded_random,7,google/gemma-2-9b-it,11c9b309abf73637e4b6f9a3fa1e92e615547819,-1.625,-1.375,0.25,False,False,9
causal-gen-088,88,direct_choice,189,8,4,donor_short_random,7,google/gemma-2-9b-it,11c9b309abf73637e4b6f9a3fa1e92e615547819,-1.625,-0.125,1.5,False,False,5
causal-gen-089,89,direct_choice,190,9,4,easy_padded_tokens,7,google/gemma-2-9b-it,11c9b309abf73637e4b6f9a3fa1e92e615547819,-4.375,4.25,8.625,False,True,9
causal-gen-089,89,direct_choice,190,9,4,easy_short_tokens,7,google/gemma-2-9b-it,11c9b309abf73637e4b6f9a3fa1e92e615547819,-4.375,-2.875,1.5,False,False,5
causal-gen-089,89,direct_choice,190,9,4,donor_padded_tokens,7,google/gemma-2-9b-it,11c9b309abf73637e4b6f9a3fa1e92e615547819,-4.375,-4.375,0.0,False,False,9
causal-gen-089,89,direct_choice,190,9,4,donor_short_tokens,7,google/gemma-2-9b-it,11c9b309abf73637e4b6f9a3fa1e92e615547819,-4.375,-9.5625,-5.1875,False,False,5
causal-gen-089,89,direct_choice,190,9,4,easy_padded_random,7,google/gemma-2-9b-it,11c9b309abf73637e4b6f9a3fa1e92e615547819,-4.375,-5.875,-1.5,False,False,9
causal-gen-089,89,direct_choice,190,9,4,easy_short_random,7,google/gemma-2-9b-it,11c9b309abf73637e4b6f9a3fa1e92e615547819,-4.375,-4.25,0.125,False,False,5
causal-gen-089,89,direct_choice,190,9,4,donor_padded_random,7,google/gemma-2-9b-it,11c9b309abf73637e4b6f9a3fa1e92e615547819,-4.375,-4.375,0.0,False,False,9
causal-gen-089,89,direct_choice,190,9,4,donor_short_random,7,google/gemma-2-9b-it,11c9b309abf73637e4b6f9a3fa1e92e615547819,-4.375,-4.375,0.0,False,False,5
causal-gen-090,90,direct_choice,191,0,5,easy_padded_tokens,7,google/gemma-2-9b-it,11c9b309abf73637e4b6f9a3fa1e92e615547819,4.875,4.875,0.0,True,True,10
causal-gen-090,90,direct_choice,191,0,5,easy_short_tokens,7,google/gemma-2-9b-it,11c9b309abf73637e4b6f9a3fa1e92e615547819,4.875,7.125,2.25,True,True,5
causal-gen-090,90,direct_choice,191,0,5,donor_padded_tokens,7,google/gemma-2-9b-it,11c9b309abf73637e4b6f9a3fa1e92e615547819,4.875,4.875,0.0,True,True,10
causal-gen-090,90,direct_choice,191,0,5,donor_short_tokens,7,google/gemma-2-9b-it,11c9b309abf73637e4b6f9a3fa1e92e615547819,4.875,-5.125,-10.0,True,False,5
causal-gen-090,90,direct_choice,191,0,5,easy_padded_random,7,google/gemma-2-9b-it,11c9b309abf73637e4b6f9a3fa1e92e615547819,4.875,4.875,0.0,True,True,10
causal-gen-090,90,direct_choice,191,0,5,easy_short_random,7,google/gemma-2-9b-it,11c9b309abf73637e4b6f9a3fa1e92e615547819,4.875,4.875,0.0,True,True,5
causal-gen-090,90,direct_choice,191,0,5,donor_padded_random,7,google/gemma-2-9b-it,11c9b309abf73637e4b6f9a3fa1e92e615547819,4.875,4.875,0.0,True,True,10
causal-gen-090,90,direct_choice,191,0,5,donor_short_random,7,google/gemma-2-9b-it,11c9b309abf73637e4b6f9a3fa1e92e615547819,4.875,4.875,0.0,True,True,5
causal-gen-091,91,direct_choice,192,1,5,easy_padded_tokens,7,google/gemma-2-9b-it,11c9b309abf73637e4b6f9a3fa1e92e615547819,-5.625,1.75,7.375,False,True,10
causal-gen-091,91,direct_choice,192,1,5,easy_short_tokens,7,google/gemma-2-9b-it,11c9b309abf73637e4b6f9a3fa1e92e615547819,-5.625,-4.375,1.25,False,False,5
causal-gen-091,91,direct_choice,192,1,5,donor_padded_tokens,7,google/gemma-2-9b-it,11c9b309abf73637e4b6f9a3fa1e92e615547819,-5.625,-5.625,0.0,False,False,10
causal-gen-091,91,direct_choice,192,1,5,donor_short_tokens,7,google/gemma-2-9b-it,11c9b309abf73637e4b6f9a3fa1e92e615547819,-5.625,-6.0625,-0.4375,False,False,5
causal-gen-091,91,direct_choice,192,1,5,easy_padded_random,7,google/gemma-2-9b-it,11c9b309abf73637e4b6f9a3fa1e92e615547819,-5.625,1.75,7.375,False,True,10
causal-gen-091,91,direct_choice,192,1,5,easy_short_random,7,google/gemma-2-9b-it,11c9b309abf73637e4b6f9a3fa1e92e615547819,-5.625,-5.625,0.0,False,False,5
causal-gen-091,91,direct_choice,192,1,5,donor_padded_random,7,google/gemma-2-9b-it,11c9b309abf73637e4b6f9a3fa1e92e615547819,-5.625,-4.375,1.25,False,False,10
causal-gen-091,91,direct_choice,192,1,5,donor_short_random,7,google/gemma-2-9b-it,11c9b309abf73637e4b6f9a3fa1e92e615547819,-5.625,-5.625,0.0,False,False,5
causal-gen-092,92,direct_choice,193,2,5,easy_padded_tokens,7,google/gemma-2-9b-it,11c9b309abf73637e4b6f9a3fa1e92e615547819,3.5,6.0,2.5,True,True,10
causal-gen-092,92,direct_choice,193,2,5,easy_short_tokens,7,google/gemma-2-9b-it,11c9b309abf73637e4b6f9a3fa1e92e615547819,3.5,1.625,-1.875,True,True,5
causal-gen-092,92,direct_choice,193,2,5,donor_padded_tokens,7,google/gemma-2-9b-it,11c9b309abf73637e4b6f9a3fa1e92e615547819,3.5,3.5,0.0,True,True,10
causal-gen-092,92,direct_choice,193,2,5,donor_short_tokens,7,google/gemma-2-9b-it,11c9b309abf73637e4b6f9a3fa1e92e615547819,3.5,-6.5625,-10.0625,True,False,5
causal-gen-092,92,direct_choice,193,2,5,easy_padded_random,7,google/gemma-2-9b-it,11c9b309abf73637e4b6f9a3fa1e92e615547819,3.5,4.0,0.5,True,True,10
causal-gen-092,92,direct_choice,193,2,5,easy_short_random,7,google/gemma-2-9b-it,11c9b309abf73637e4b6f9a3fa1e92e615547819,3.5,3.5,0.0,True,True,5
causal-gen-092,92,direct_choice,193,2,5,donor_padded_random,7,google/gemma-2-9b-it,11c9b309abf73637e4b6f9a3fa1e92e615547819,3.5,3.625,0.125,True,True,10
causal-gen-092,92,direct_choice,193,2,5,donor_short_random,7,google/gemma-2-9b-it,11c9b309abf73637e4b6f9a3fa1e92e615547819,3.5,3.5,0.0,True,True,5
causal-gen-093,93,direct_choice,194,3,5,easy_padded_tokens,7,google/gemma-2-9b-it,11c9b309abf73637e4b6f9a3fa1e92e615547819,1.125,5.0,3.875,True,True,10
causal-gen-093,93,direct_choice,194,3,5,easy_short_tokens,7,google/gemma-2-9b-it,11c9b309abf73637e4b6f9a3fa1e92e615547819,1.125,-1.5,-2.625,True,False,5
causal-gen-093,93,direct_choice,194,3,5,donor_padded_tokens,7,google/gemma-2-9b-it,11c9b309abf73637e4b6f9a3fa1e92e615547819,1.125,1.125,0.0,True,True,10
causal-gen-093,93,direct_choice,194,3,5,donor_short_tokens,7,google/gemma-2-9b-it,11c9b309abf73637e4b6f9a3fa1e92e615547819,1.125,-6.4375,-7.5625,True,False,5
causal-gen-093,93,direct_choice,194,3,5,easy_padded_random,7,google/gemma-2-9b-it,11c9b309abf73637e4b6f9a3fa1e92e615547819,1.125,1.25,0.125,True,True,10
causal-gen-093,93,direct_choice,194,3,5,easy_short_random,7,google/gemma-2-9b-it,11c9b309abf73637e4b6f9a3fa1e92e615547819,1.125,1.25,0.125,True,True,5
causal-gen-093,93,direct_choice,194,3,5,donor_padded_random,7,google/gemma-2-9b-it,11c9b309abf73637e4b6f9a3fa1e92e615547819,1.125,1.625,0.5,True,True,10
causal-gen-093,93,direct_choice,194,3,5,donor_short_random,7,google/gemma-2-9b-it,11c9b309abf73637e4b6f9a3fa1e92e615547819,1.125,1.25,0.125,True,True,5
causal-gen-094,94,direct_choice,195,4,5,easy_padded_tokens,7,google/gemma-2-9b-it,11c9b309abf73637e4b6f9a3fa1e92e615547819,4.0,7.0,3.0,True,True,10
causal-gen-094,94,direct_choice,195,4,5,easy_short_tokens,7,google/gemma-2-9b-it,11c9b309abf73637e4b6f9a3fa1e92e615547819,4.0,4.25,0.25,True,True,5
causal-gen-094,94,direct_choice,195,4,5,donor_padded_tokens,7,google/gemma-2-9b-it,11c9b309abf73637e4b6f9a3fa1e92e615547819,4.0,4.0,0.0,True,True,10
causal-gen-094,94,direct_choice,195,4,5,donor_short_tokens,7,google/gemma-2-9b-it,11c9b309abf73637e4b6f9a3fa1e92e615547819,4.0,-6.875,-10.875,True,False,5
causal-gen-094,94,direct_choice,195,4,5,easy_padded_random,7,google/gemma-2-9b-it,11c9b309abf73637e4b6f9a3fa1e92e615547819,4.0,-0.625,-4.625,True,False,10
causal-gen-094,94,direct_choice,195,4,5,easy_short_random,7,google/gemma-2-9b-it,11c9b309abf73637e4b6f9a3fa1e92e615547819,4.0,3.875,-0.125,True,True,5
causal-gen-094,94,direct_choice,195,4,5,donor_padded_random,7,google/gemma-2-9b-it,11c9b309abf73637e4b6f9a3fa1e92e615547819,4.0,3.875,-0.125,True,True,10
causal-gen-094,94,direct_choice,195,4,5,donor_short_random,7,google/gemma-2-9b-it,11c9b309abf73637e4b6f9a3fa1e92e615547819,4.0,3.875,-0.125,True,True,5
causal-gen-095,95,direct_choice,196,5,5,easy_padded_tokens,7,google/gemma-2-9b-it,11c9b309abf73637e4b6f9a3fa1e92e615547819,-1.75,5.25,7.0,False,True,10
causal-gen-095,95,direct_choice,196,5,5,easy_short_tokens,7,google/gemma-2-9b-it,11c9b309abf73637e4b6f9a3fa1e92e615547819,-1.75,3.75,5.5,False,True,5
causal-gen-095,95,direct_choice,196,5,5,donor_padded_tokens,7,google/gemma-2-9b-it,11c9b309abf73637e4b6f9a3fa1e92e615547819,-1.75,-1.75,0.0,False,False,10
causal-gen-095,95,direct_choice,196,5,5,donor_short_tokens,7,google/gemma-2-9b-it,11c9b309abf73637e4b6f9a3fa1e92e615547819,-1.75,-6.3125,-4.5625,False,False,5
causal-gen-095,95,direct_choice,196,5,5,easy_padded_random,7,google/gemma-2-9b-it,11c9b309abf73637e4b6f9a3fa1e92e615547819,-1.75,-0.875,0.875,False,False,10
causal-gen-095,95,direct_choice,196,5,5,easy_short_random,7,google/gemma-2-9b-it,11c9b309abf73637e4b6f9a3fa1e92e615547819,-1.75,-1.875,-0.125,False,False,5
causal-gen-095,95,direct_choice,196,5,5,donor_padded_random,7,google/gemma-2-9b-it,11c9b309abf73637e4b6f9a3fa1e92e615547819,-1.75,-1.875,-0.125,False,False,10
causal-gen-095,95,direct_choice,196,5,5,donor_short_random,7,google/gemma-2-9b-it,11c9b309abf73637e4b6f9a3fa1e92e615547819,-1.75,-2.0,-0.25,False,False,5
causal-gen-096,96,direct_choice,197,6,5,easy_padded_tokens,7,google/gemma-2-9b-it,11c9b309abf73637e4b6f9a3fa1e92e615547819,2.625,6.5625,3.9375,True,True,10
causal-gen-096,96,direct_choice,197,6,5,easy_short_tokens,7,google/gemma-2-9b-it,11c9b309abf73637e4b6f9a3fa1e92e615547819,2.625,4.0,1.375,True,True,5
causal-gen-096,96,direct_choice,197,6,5,donor_padded_tokens,7,google/gemma-2-9b-it,11c9b309abf73637e4b6f9a3fa1e92e615547819,2.625,2.625,0.0,True,True,10
causal-gen-096,96,direct_choice,197,6,5,donor_short_tokens,7,google/gemma-2-9b-it,11c9b309abf73637e4b6f9a3fa1e92e615547819,2.625,-6.875,-9.5,True,False,5
causal-gen-096,96,direct_choice,197,6,5,easy_padded_random,7,google/gemma-2-9b-it,11c9b309abf73637e4b6f9a3fa1e92e615547819,2.625,2.625,0.0,True,True,10
causal-gen-096,96,direct_choice,197,6,5,easy_short_random,7,google/gemma-2-9b-it,11c9b309abf73637e4b6f9a3fa1e92e615547819,2.625,2.5,-0.125,True,True,5
causal-gen-096,96,direct_choice,197,6,5,donor_padded_random,7,google/gemma-2-9b-it,11c9b309abf73637e4b6f9a3fa1e92e615547819,2.625,2.625,0.0,True,True,10
causal-gen-096,96,direct_choice,197,6,5,donor_short_random,7,google/gemma-2-9b-it,11c9b309abf73637e4b6f9a3fa1e92e615547819,2.625,2.75,0.125,True,True,5
causal-gen-097,97,direct_choice,198,7,5,easy_padded_tokens,7,google/gemma-2-9b-it,11c9b309abf73637e4b6f9a3fa1e92e615547819,1.625,6.8125,5.1875,True,True,10
causal-gen-097,97,direct_choice,198,7,5,easy_short_tokens,7,google/gemma-2-9b-it,11c9b309abf73637e4b6f9a3fa1e92e615547819,1.625,3.25,1.625,True,True,5
causal-gen-097,97,direct_choice,198,7,5,donor_padded_tokens,7,google/gemma-2-9b-it,11c9b309abf73637e4b6f9a3fa1e92e615547819,1.625,1.625,0.0,True,True,10
causal-gen-097,97,direct_choice,198,7,5,donor_short_tokens,7,google/gemma-2-9b-it,11c9b309abf73637e4b6f9a3fa1e92e615547819,1.625,-8.125,-9.75,True,False,5
causal-gen-097,97,direct_choice,198,7,5,easy_padded_random,7,google/gemma-2-9b-it,11c9b309abf73637e4b6f9a3fa1e92e615547819,1.625,-2.625,-4.25,True,False,10
causal-gen-097,97,direct_choice,198,7,5,easy_short_random,7,google/gemma-2-9b-it,11c9b309abf73637e4b6f9a3fa1e92e615547819,1.625,2.625,1.0,True,True,5
causal-gen-097,97,direct_choice,198,7,5,donor_padded_random,7,google/gemma-2-9b-it,11c9b309abf73637e4b6f9a3fa1e92e615547819,1.625,1.625,0.0,True,True,10
causal-gen-097,97,direct_choice,198,7,5,donor_short_random,7,google/gemma-2-9b-it,11c9b309abf73637e4b6f9a3fa1e92e615547819,1.625,1.75,0.125,True,True,5
causal-gen-098,98,direct_choice,199,8,5,easy_padded_tokens,7,google/gemma-2-9b-it,11c9b309abf73637e4b6f9a3fa1e92e615547819,0.125,4.75,4.625,True,True,10
causal-gen-098,98,direct_choice,199,8,5,easy_short_tokens,7,google/gemma-2-9b-it,11c9b309abf73637e4b6f9a3fa1e92e615547819,0.125,3.5,3.375,True,True,5
causal-gen-098,98,direct_choice,199,8,5,donor_padded_tokens,7,google/gemma-2-9b-it,11c9b309abf73637e4b6f9a3fa1e92e615547819,0.125,0.125,0.0,True,True,10
causal-gen-098,98,direct_choice,199,8,5,donor_short_tokens,7,google/gemma-2-9b-it,11c9b309abf73637e4b6f9a3fa1e92e615547819,0.125,-10.1875,-10.3125,True,False,5
causal-gen-098,98,direct_choice,199,8,5,easy_padded_random,7,google/gemma-2-9b-it,11c9b309abf73637e4b6f9a3fa1e92e615547819,0.125,5.9375,5.8125,True,True,10
causal-gen-098,98,direct_choice,199,8,5,easy_short_random,7,google/gemma-2-9b-it,11c9b309abf73637e4b6f9a3fa1e92e615547819,0.125,0.125,0.0,True,True,5
causal-gen-098,98,direct_choice,199,8,5,donor_padded_random,7,google/gemma-2-9b-it,11c9b309abf73637e4b6f9a3fa1e92e615547819,0.125,3.125,3.0,True,True,10
causal-gen-098,98,direct_choice,199,8,5,donor_short_random,7,google/gemma-2-9b-it,11c9b309abf73637e4b6f9a3fa1e92e615547819,0.125,0.25,0.125,True,True,5
causal-gen-099,99,direct_choice,200,9,5,easy_padded_tokens,7,google/gemma-2-9b-it,11c9b309abf73637e4b6f9a3fa1e92e615547819,-5.375,3.375,8.75,False,True,10
causal-gen-099,99,direct_choice,200,9,5,easy_short_tokens,7,google/gemma-2-9b-it,11c9b309abf73637e4b6f9a3fa1e92e615547819,-5.375,-5.625,-0.25,False,False,5
causal-gen-099,99,direct_choice,200,9,5,donor_padded_tokens,7,google/gemma-2-9b-it,11c9b309abf73637e4b6f9a3fa1e92e615547819,-5.375,-5.375,0.0,False,False,10
causal-gen-099,99,direct_choice,200,9,5,donor_short_tokens,7,google/gemma-2-9b-it,11c9b309abf73637e4b6f9a3fa1e92e615547819,-5.375,-9.8125,-4.4375,False,False,5
causal-gen-099,99,direct_choice,200,9,5,easy_padded_random,7,google/gemma-2-9b-it,11c9b309abf73637e4b6f9a3fa1e92e615547819,-5.375,-6.0,-0.625,False,False,10
causal-gen-099,99,direct_choice,200,9,5,easy_short_random,7,google/gemma-2-9b-it,11c9b309abf73637e4b6f9a3fa1e92e615547819,-5.375,-5.625,-0.25,False,False,5
causal-gen-099,99,direct_choice,200,9,5,donor_padded_random,7,google/gemma-2-9b-it,11c9b309abf73637e4b6f9a3fa1e92e615547819,-5.375,-5.5,-0.125,False,False,10
causal-gen-099,99,direct_choice,200,9,5,donor_short_random,7,google/gemma-2-9b-it,11c9b309abf73637e4b6f9a3fa1e92e615547819,-5.375,-3.0,2.375,False,False,5
